ISO-10303-21;
HEADER;
FILE_DESCRIPTION(('Open CASCADE Model'),'2;1');
FILE_NAME('Open CASCADE Shape Model','2026-10-08T06:35:16',('Author'),(
    'Open CASCADE'),'Open CASCADE STEP processor 7.9','Open CASCADE 7.9'
  ,'Unknown');
FILE_SCHEMA(('AUTOMOTIVE_DESIGN { 1 0 10303 214 1 1 1 1 }'));
ENDSEC;
DATA;
#1 = APPLICATION_PROTOCOL_DEFINITION('international standard',
  'automotive_design',2000,#2);
#2 = APPLICATION_CONTEXT(
  'core data for automotive mechanical design processes');
#3 = SHAPE_DEFINITION_REPRESENTATION(#4,#10);
#4 = PRODUCT_DEFINITION_SHAPE('','',#5);
#5 = PRODUCT_DEFINITION('design','',#6,#9);
#6 = PRODUCT_DEFINITION_FORMATION('','',#7);
#7 = PRODUCT('Open CASCADE STEP translator 7.9 9',
  'Open CASCADE STEP translator 7.9 9','',(#8));
#8 = PRODUCT_CONTEXT('',#2,'mechanical');
#9 = PRODUCT_DEFINITION_CONTEXT('part definition',#2,'design');
#10 = ADVANCED_BREP_SHAPE_REPRESENTATION('',(#11,#15),#2579);
#11 = AXIS2_PLACEMENT_3D('',#12,#13,#14);
#12 = CARTESIAN_POINT('',(0.,0.,0.));
#13 = DIRECTION('',(0.,0.,1.));
#14 = DIRECTION('',(1.,0.,-0.));
#15 = MANIFOLD_SOLID_BREP('',#16);
#16 = CLOSED_SHELL('',(#17,#1113,#1117,#1194,#1243,#1293,#1297,#1324,
    #1400,#1449,#1498,#1525,#1601,#1650,#1699,#1726,#1802,#1851,#1900,
    #1927,#2003,#2052,#2101,#2128,#2204,#2253,#2302,#2329,#2405,#2454,
    #2503,#2530,#2537,#2544,#2551,#2558,#2565,#2572));
#17 = ADVANCED_FACE('',(#18,#309,#443,#577,#711,#845,#979),#31,.T.);
#18 = FACE_BOUND('',#19,.F.);
#19 = EDGE_LOOP('',(#20,#54,#77,#109,#141,#173,#196,#223,#224,#251,#283,
    #308));
#20 = ORIENTED_EDGE('',*,*,#21,.F.);
#21 = EDGE_CURVE('',#22,#22,#24,.T.);
#22 = VERTEX_POINT('',#23);
#23 = CARTESIAN_POINT('',(22.,0.,64.));
#24 = SURFACE_CURVE('',#25,(#30,#42),.PCURVE_S1.);
#25 = CIRCLE('',#26,22.);
#26 = AXIS2_PLACEMENT_3D('',#27,#28,#29);
#27 = CARTESIAN_POINT('',(0.,0.,64.));
#28 = DIRECTION('',(0.,0.,1.));
#29 = DIRECTION('',(1.,0.,0.));
#30 = PCURVE('',#31,#36);
#31 = CYLINDRICAL_SURFACE('',#32,22.);
#32 = AXIS2_PLACEMENT_3D('',#33,#34,#35);
#33 = CARTESIAN_POINT('',(0.,0.,64.));
#34 = DIRECTION('',(-0.,-0.,-1.));
#35 = DIRECTION('',(1.,0.,0.));
#36 = DEFINITIONAL_REPRESENTATION('',(#37),#41);
#37 = LINE('',#38,#39);
#38 = CARTESIAN_POINT('',(-0.,0.));
#39 = VECTOR('',#40,1.);
#40 = DIRECTION('',(-1.,0.));
#41 = ( GEOMETRIC_REPRESENTATION_CONTEXT(2) 
PARAMETRIC_REPRESENTATION_CONTEXT() REPRESENTATION_CONTEXT('2D SPACE',''
  ) );
#42 = PCURVE('',#43,#48);
#43 = PLANE('',#44);
#44 = AXIS2_PLACEMENT_3D('',#45,#46,#47);
#45 = CARTESIAN_POINT('',(-1.491752871861E-15,-8.980743193747E-16,64.));
#46 = DIRECTION('',(0.,0.,1.));
#47 = DIRECTION('',(1.,0.,-0.));
#48 = DEFINITIONAL_REPRESENTATION('',(#49),#53);
#49 = CIRCLE('',#50,22.);
#50 = AXIS2_PLACEMENT_2D('',#51,#52);
#51 = CARTESIAN_POINT('',(1.491752871861E-15,8.980743193747E-16));
#52 = DIRECTION('',(1.,0.));
#53 = ( GEOMETRIC_REPRESENTATION_CONTEXT(2) 
PARAMETRIC_REPRESENTATION_CONTEXT() REPRESENTATION_CONTEXT('2D SPACE',''
  ) );
#54 = ORIENTED_EDGE('',*,*,#55,.T.);
#55 = EDGE_CURVE('',#22,#56,#58,.T.);
#56 = VERTEX_POINT('',#57);
#57 = CARTESIAN_POINT('',(22.,0.,73.320821596638));
#58 = SEAM_CURVE('',#59,(#63,#70),.PCURVE_S1.);
#59 = LINE('',#60,#61);
#60 = CARTESIAN_POINT('',(22.,0.,64.));
#61 = VECTOR('',#62,1.);
#62 = DIRECTION('',(0.,0.,1.));
#63 = PCURVE('',#31,#64);
#64 = DEFINITIONAL_REPRESENTATION('',(#65),#69);
#65 = LINE('',#66,#67);
#66 = CARTESIAN_POINT('',(-6.28318530718,0.));
#67 = VECTOR('',#68,1.);
#68 = DIRECTION('',(-0.,-1.));
#69 = ( GEOMETRIC_REPRESENTATION_CONTEXT(2) 
PARAMETRIC_REPRESENTATION_CONTEXT() REPRESENTATION_CONTEXT('2D SPACE',''
  ) );
#70 = PCURVE('',#31,#71);
#71 = DEFINITIONAL_REPRESENTATION('',(#72),#76);
#72 = LINE('',#73,#74);
#73 = CARTESIAN_POINT('',(-0.,0.));
#74 = VECTOR('',#75,1.);
#75 = DIRECTION('',(-0.,-1.));
#76 = ( GEOMETRIC_REPRESENTATION_CONTEXT(2) 
PARAMETRIC_REPRESENTATION_CONTEXT() REPRESENTATION_CONTEXT('2D SPACE',''
  ) );
#77 = ORIENTED_EDGE('',*,*,#78,.T.);
#78 = EDGE_CURVE('',#56,#79,#81,.T.);
#79 = VERTEX_POINT('',#80);
#80 = CARTESIAN_POINT('',(20.429782370641,8.162352129641,78.421225281942
    ));
#81 = SURFACE_CURVE('',#82,(#87,#97),.PCURVE_S1.);
#82 = ELLIPSE('',#83,25.941924873966,22.);
#83 = AXIS2_PLACEMENT_3D('',#84,#85,#86);
#84 = CARTESIAN_POINT('',(0.,0.,73.320821596638));
#85 = DIRECTION('',(0.,-0.529919264233,0.848048096156));
#86 = DIRECTION('',(0.,-0.848048096156,-0.529919264233));
#87 = PCURVE('',#31,#88);
#88 = DEFINITIONAL_REPRESENTATION('',(#89),#96);
#89 = B_SPLINE_CURVE_WITH_KNOTS('',5,(#90,#91,#92,#93,#94,#95),
  .UNSPECIFIED.,.F.,.F.,(6,6),(1.570796326795,2.026842443698),
  .PIECEWISE_BEZIER_KNOTS.);
#90 = CARTESIAN_POINT('',(0.,-9.320821596638));
#91 = CARTESIAN_POINT('',(-9.120922338069E-02,-10.57468625928));
#92 = CARTESIAN_POINT('',(-0.182418446761,-11.82855167578));
#93 = CARTESIAN_POINT('',(-0.273627670142,-13.06068183913));
#94 = CARTESIAN_POINT('',(-0.364836893523,-14.24935925057));
#95 = CARTESIAN_POINT('',(-0.456046116903,-15.37507995756));
#96 = ( GEOMETRIC_REPRESENTATION_CONTEXT(2) 
PARAMETRIC_REPRESENTATION_CONTEXT() REPRESENTATION_CONTEXT('2D SPACE',''
  ) );
#97 = PCURVE('',#98,#103);
#98 = PLANE('',#99);
#99 = AXIS2_PLACEMENT_3D('',#100,#101,#102);
#100 = CARTESIAN_POINT('',(18.,-7.102513601175,68.882678525745));
#101 = DIRECTION('',(0.,-0.529919264233,0.848048096156));
#102 = DIRECTION('',(1.,0.,0.));
#103 = DEFINITIONAL_REPRESENTATION('',(#104),#108);
#104 = ELLIPSE('',#105,25.941924873966,22.);
#105 = AXIS2_PLACEMENT_2D('',#106,#107);
#106 = CARTESIAN_POINT('',(-18.,8.375130648091));
#107 = DIRECTION('',(0.,-1.));
#108 = ( GEOMETRIC_REPRESENTATION_CONTEXT(2) 
PARAMETRIC_REPRESENTATION_CONTEXT() REPRESENTATION_CONTEXT('2D SPACE',''
  ) );
#109 = ORIENTED_EDGE('',*,*,#110,.F.);
#110 = EDGE_CURVE('',#111,#79,#113,.T.);
#111 = VERTEX_POINT('',#112);
#112 = CARTESIAN_POINT('',(20.821966778984,7.102513601175,
    80.117321474255));
#113 = SURFACE_CURVE('',#114,(#119,#129),.PCURVE_S1.);
#114 = ELLIPSE('',#115,41.515758125597,22.);
#115 = AXIS2_PLACEMENT_3D('',#116,#117,#118);
#116 = CARTESIAN_POINT('',(0.,0.,91.483719233199));
#117 = DIRECTION('',(0.,0.848048096156,0.529919264233));
#118 = DIRECTION('',(0.,0.529919264233,-0.848048096156));
#119 = PCURVE('',#31,#120);
#120 = DEFINITIONAL_REPRESENTATION('',(#121),#128);
#121 = B_SPLINE_CURVE_WITH_KNOTS('',5,(#122,#123,#124,#125,#126,#127),
  .UNSPECIFIED.,.F.,.F.,(6,6),(5.036033614471,5.097684981596),
  .PIECEWISE_BEZIER_KNOTS.);
#122 = CARTESIAN_POINT('',(-0.323644634086,-16.28693109348));
#123 = CARTESIAN_POINT('',(-0.335974907511,-15.87535290016));
#124 = CARTESIAN_POINT('',(-0.348305180936,-15.46590259543));
#125 = CARTESIAN_POINT('',(-0.360635454361,-15.05871054306));
#126 = CARTESIAN_POINT('',(-0.372965727786,-14.65390575829));
#127 = CARTESIAN_POINT('',(-0.385296001211,-14.25161566271));
#128 = ( GEOMETRIC_REPRESENTATION_CONTEXT(2) 
PARAMETRIC_REPRESENTATION_CONTEXT() REPRESENTATION_CONTEXT('2D SPACE',''
  ) );
#129 = PCURVE('',#130,#135);
#130 = PLANE('',#131);
#131 = AXIS2_PLACEMENT_3D('',#132,#133,#134);
#132 = CARTESIAN_POINT('',(18.,8.162352129641,78.421225281942));
#133 = DIRECTION('',(0.,0.848048096156,0.529919264233));
#134 = DIRECTION('',(0.,-0.529919264233,0.848048096156));
#135 = DEFINITIONAL_REPRESENTATION('',(#136),#140);
#136 = ELLIPSE('',#137,41.515758125597,22.);
#137 = AXIS2_PLACEMENT_2D('',#138,#139);
#138 = CARTESIAN_POINT('',(15.403010761369,-18.));
#139 = DIRECTION('',(-1.,0.));
#140 = ( GEOMETRIC_REPRESENTATION_CONTEXT(2) 
PARAMETRIC_REPRESENTATION_CONTEXT() REPRESENTATION_CONTEXT('2D SPACE',''
  ) );
#141 = ORIENTED_EDGE('',*,*,#142,.F.);
#142 = EDGE_CURVE('',#143,#111,#145,.T.);
#143 = VERTEX_POINT('',#144);
#144 = CARTESIAN_POINT('',(22.,0.,75.679178403362));
#145 = SURFACE_CURVE('',#146,(#151,#161),.PCURVE_S1.);
#146 = ELLIPSE('',#147,25.941924873966,22.);
#147 = AXIS2_PLACEMENT_3D('',#148,#149,#150);
#148 = CARTESIAN_POINT('',(0.,0.,75.679178403362));
#149 = DIRECTION('',(0.,-0.529919264233,0.848048096156));
#150 = DIRECTION('',(0.,-0.848048096156,-0.529919264233));
#151 = PCURVE('',#31,#152);
#152 = DEFINITIONAL_REPRESENTATION('',(#153),#160);
#153 = B_SPLINE_CURVE_WITH_KNOTS('',5,(#154,#155,#156,#157,#158,#159),
  .UNSPECIFIED.,.F.,.F.,(6,6),(1.570796326795,1.973847976969),
  .PIECEWISE_BEZIER_KNOTS.);
#154 = CARTESIAN_POINT('',(0.,-11.67917840336));
#155 = CARTESIAN_POINT('',(-8.06103300349E-02,-12.78733874645));
#156 = CARTESIAN_POINT('',(-0.16122066007,-13.89549940771));
#157 = CARTESIAN_POINT('',(-0.241830990105,-14.98865664781));
#158 = CARTESIAN_POINT('',(-0.32244132014,-16.05181453619));
#159 = CARTESIAN_POINT('',(-0.403051650174,-17.07117614987));
#160 = ( GEOMETRIC_REPRESENTATION_CONTEXT(2) 
PARAMETRIC_REPRESENTATION_CONTEXT() REPRESENTATION_CONTEXT('2D SPACE',''
  ) );
#161 = PCURVE('',#162,#167);
#162 = PLANE('',#163);
#163 = AXIS2_PLACEMENT_3D('',#164,#165,#166);
#164 = CARTESIAN_POINT('',(18.,-8.162352129641,70.578774718058));
#165 = DIRECTION('',(0.,-0.529919264233,0.848048096156));
#166 = DIRECTION('',(1.,0.,0.));
#167 = DEFINITIONAL_REPRESENTATION('',(#168),#172);
#168 = ELLIPSE('',#169,25.941924873966,22.);
#169 = AXIS2_PLACEMENT_2D('',#170,#171);
#170 = CARTESIAN_POINT('',(-18.,9.624869351909));
#171 = DIRECTION('',(0.,-1.));
#172 = ( GEOMETRIC_REPRESENTATION_CONTEXT(2) 
PARAMETRIC_REPRESENTATION_CONTEXT() REPRESENTATION_CONTEXT('2D SPACE',''
  ) );
#173 = ORIENTED_EDGE('',*,*,#174,.T.);
#174 = EDGE_CURVE('',#143,#175,#177,.T.);
#175 = VERTEX_POINT('',#176);
#176 = CARTESIAN_POINT('',(22.,0.,85.));
#177 = SEAM_CURVE('',#178,(#182,#189),.PCURVE_S1.);
#178 = LINE('',#179,#180);
#179 = CARTESIAN_POINT('',(22.,0.,64.));
#180 = VECTOR('',#181,1.);
#181 = DIRECTION('',(0.,0.,1.));
#182 = PCURVE('',#31,#183);
#183 = DEFINITIONAL_REPRESENTATION('',(#184),#188);
#184 = LINE('',#185,#186);
#185 = CARTESIAN_POINT('',(-6.28318530718,0.));
#186 = VECTOR('',#187,1.);
#187 = DIRECTION('',(-0.,-1.));
#188 = ( GEOMETRIC_REPRESENTATION_CONTEXT(2) 
PARAMETRIC_REPRESENTATION_CONTEXT() REPRESENTATION_CONTEXT('2D SPACE',''
  ) );
#189 = PCURVE('',#31,#190);
#190 = DEFINITIONAL_REPRESENTATION('',(#191),#195);
#191 = LINE('',#192,#193);
#192 = CARTESIAN_POINT('',(-0.,0.));
#193 = VECTOR('',#194,1.);
#194 = DIRECTION('',(-0.,-1.));
#195 = ( GEOMETRIC_REPRESENTATION_CONTEXT(2) 
PARAMETRIC_REPRESENTATION_CONTEXT() REPRESENTATION_CONTEXT('2D SPACE',''
  ) );
#196 = ORIENTED_EDGE('',*,*,#197,.T.);
#197 = EDGE_CURVE('',#175,#175,#198,.T.);
#198 = SURFACE_CURVE('',#199,(#204,#211),.PCURVE_S1.);
#199 = CIRCLE('',#200,22.);
#200 = AXIS2_PLACEMENT_3D('',#201,#202,#203);
#201 = CARTESIAN_POINT('',(0.,0.,85.));
#202 = DIRECTION('',(0.,0.,1.));
#203 = DIRECTION('',(1.,0.,0.));
#204 = PCURVE('',#31,#205);
#205 = DEFINITIONAL_REPRESENTATION('',(#206),#210);
#206 = LINE('',#207,#208);
#207 = CARTESIAN_POINT('',(-0.,-21.));
#208 = VECTOR('',#209,1.);
#209 = DIRECTION('',(-1.,0.));
#210 = ( GEOMETRIC_REPRESENTATION_CONTEXT(2) 
PARAMETRIC_REPRESENTATION_CONTEXT() REPRESENTATION_CONTEXT('2D SPACE',''
  ) );
#211 = PCURVE('',#212,#217);
#212 = PLANE('',#213);
#213 = AXIS2_PLACEMENT_3D('',#214,#215,#216);
#214 = CARTESIAN_POINT('',(-1.491752871861E-15,-8.980743193747E-16,85.)
  );
#215 = DIRECTION('',(0.,0.,1.));
#216 = DIRECTION('',(1.,0.,-0.));
#217 = DEFINITIONAL_REPRESENTATION('',(#218),#222);
#218 = CIRCLE('',#219,22.);
#219 = AXIS2_PLACEMENT_2D('',#220,#221);
#220 = CARTESIAN_POINT('',(1.491752871861E-15,8.980743193747E-16));
#221 = DIRECTION('',(1.,0.));
#222 = ( GEOMETRIC_REPRESENTATION_CONTEXT(2) 
PARAMETRIC_REPRESENTATION_CONTEXT() REPRESENTATION_CONTEXT('2D SPACE',''
  ) );
#223 = ORIENTED_EDGE('',*,*,#174,.F.);
#224 = ORIENTED_EDGE('',*,*,#225,.F.);
#225 = EDGE_CURVE('',#226,#143,#228,.T.);
#226 = VERTEX_POINT('',#227);
#227 = CARTESIAN_POINT('',(20.429782370641,-8.162352129641,
    70.578774718058));
#228 = SURFACE_CURVE('',#229,(#234,#244),.PCURVE_S1.);
#229 = ELLIPSE('',#230,25.941924873966,22.);
#230 = AXIS2_PLACEMENT_3D('',#231,#232,#233);
#231 = CARTESIAN_POINT('',(0.,0.,75.679178403362));
#232 = DIRECTION('',(0.,-0.529919264233,0.848048096156));
#233 = DIRECTION('',(0.,-0.848048096156,-0.529919264233));
#234 = PCURVE('',#31,#235);
#235 = DEFINITIONAL_REPRESENTATION('',(#236),#243);
#236 = B_SPLINE_CURVE_WITH_KNOTS('',5,(#237,#238,#239,#240,#241,#242),
  .UNSPECIFIED.,.F.,.F.,(6,6),(1.114750209891,1.570796326795),
  .PIECEWISE_BEZIER_KNOTS.);
#237 = CARTESIAN_POINT('',(-5.827139190276,-5.624920042438));
#238 = CARTESIAN_POINT('',(-5.918348413657,-6.750640749428));
#239 = CARTESIAN_POINT('',(-6.009557637038,-7.939318160862));
#240 = CARTESIAN_POINT('',(-6.100766860418,-9.17144832422));
#241 = CARTESIAN_POINT('',(-6.191976083799,-10.42531374071));
#242 = CARTESIAN_POINT('',(-6.28318530718,-11.67917840336));
#243 = ( GEOMETRIC_REPRESENTATION_CONTEXT(2) 
PARAMETRIC_REPRESENTATION_CONTEXT() REPRESENTATION_CONTEXT('2D SPACE',''
  ) );
#244 = PCURVE('',#162,#245);
#245 = DEFINITIONAL_REPRESENTATION('',(#246),#250);
#246 = ELLIPSE('',#247,25.941924873966,22.);
#247 = AXIS2_PLACEMENT_2D('',#248,#249);
#248 = CARTESIAN_POINT('',(-18.,9.624869351909));
#249 = DIRECTION('',(0.,-1.));
#250 = ( GEOMETRIC_REPRESENTATION_CONTEXT(2) 
PARAMETRIC_REPRESENTATION_CONTEXT() REPRESENTATION_CONTEXT('2D SPACE',''
  ) );
#251 = ORIENTED_EDGE('',*,*,#252,.T.);
#252 = EDGE_CURVE('',#226,#253,#255,.T.);
#253 = VERTEX_POINT('',#254);
#254 = CARTESIAN_POINT('',(20.821966778984,-7.102513601175,
    68.882678525745));
#255 = SURFACE_CURVE('',#256,(#261,#271),.PCURVE_S1.);
#256 = ELLIPSE('',#257,41.515758125597,22.);
#257 = AXIS2_PLACEMENT_3D('',#258,#259,#260);
#258 = CARTESIAN_POINT('',(0.,0.,57.516280766801));
#259 = DIRECTION('',(0.,0.848048096156,0.529919264233));
#260 = DIRECTION('',(0.,0.529919264233,-0.848048096156));
#261 = PCURVE('',#31,#262);
#262 = DEFINITIONAL_REPRESENTATION('',(#263),#270);
#263 = B_SPLINE_CURVE_WITH_KNOTS('',5,(#264,#265,#266,#267,#268,#269),
  .UNSPECIFIED.,.F.,.F.,(6,6),(4.327092979174,4.388744346299),
  .PIECEWISE_BEZIER_KNOTS.);
#264 = CARTESIAN_POINT('',(-5.897889305968,-6.748384337289));
#265 = CARTESIAN_POINT('',(-5.910219579393,-6.346094241709));
#266 = CARTESIAN_POINT('',(-5.922549852819,-5.941289456935));
#267 = CARTESIAN_POINT('',(-5.934880126244,-5.534097404569));
#268 = CARTESIAN_POINT('',(-5.947210399669,-5.124647099832));
#269 = CARTESIAN_POINT('',(-5.959540673094,-4.713068906513));
#270 = ( GEOMETRIC_REPRESENTATION_CONTEXT(2) 
PARAMETRIC_REPRESENTATION_CONTEXT() REPRESENTATION_CONTEXT('2D SPACE',''
  ) );
#271 = PCURVE('',#272,#277);
#272 = PLANE('',#273);
#273 = AXIS2_PLACEMENT_3D('',#274,#275,#276);
#274 = CARTESIAN_POINT('',(18.,-7.102513601175,68.882678525745));
#275 = DIRECTION('',(0.,0.848048096156,0.529919264233));
#276 = DIRECTION('',(0.,-0.529919264233,0.848048096156));
#277 = DEFINITIONAL_REPRESENTATION('',(#278),#282);
#278 = ELLIPSE('',#279,41.515758125597,22.);
#279 = AXIS2_PLACEMENT_2D('',#280,#281);
#280 = CARTESIAN_POINT('',(-13.40301076136,-18.));
#281 = DIRECTION('',(-1.,0.));
#282 = ( GEOMETRIC_REPRESENTATION_CONTEXT(2) 
PARAMETRIC_REPRESENTATION_CONTEXT() REPRESENTATION_CONTEXT('2D SPACE',''
  ) );
#283 = ORIENTED_EDGE('',*,*,#284,.T.);
#284 = EDGE_CURVE('',#253,#56,#285,.T.);
#285 = SURFACE_CURVE('',#286,(#291,#301),.PCURVE_S1.);
#286 = ELLIPSE('',#287,25.941924873966,22.);
#287 = AXIS2_PLACEMENT_3D('',#288,#289,#290);
#288 = CARTESIAN_POINT('',(0.,0.,73.320821596638));
#289 = DIRECTION('',(0.,-0.529919264233,0.848048096156));
#290 = DIRECTION('',(0.,-0.848048096156,-0.529919264233));
#291 = PCURVE('',#31,#292);
#292 = DEFINITIONAL_REPRESENTATION('',(#293),#300);
#293 = B_SPLINE_CURVE_WITH_KNOTS('',5,(#294,#295,#296,#297,#298,#299),
  .UNSPECIFIED.,.F.,.F.,(6,6),(1.16774467662,1.570796326795),
  .PIECEWISE_BEZIER_KNOTS.);
#294 = CARTESIAN_POINT('',(-5.880133657005,-3.928823850125));
#295 = CARTESIAN_POINT('',(-5.96074398704,-4.948185463803));
#296 = CARTESIAN_POINT('',(-6.041354317075,-6.011343352185));
#297 = CARTESIAN_POINT('',(-6.12196464711,-7.104500592289));
#298 = CARTESIAN_POINT('',(-6.202574977145,-8.212661253544));
#299 = CARTESIAN_POINT('',(-6.28318530718,-9.320821596638));
#300 = ( GEOMETRIC_REPRESENTATION_CONTEXT(2) 
PARAMETRIC_REPRESENTATION_CONTEXT() REPRESENTATION_CONTEXT('2D SPACE',''
  ) );
#301 = PCURVE('',#98,#302);
#302 = DEFINITIONAL_REPRESENTATION('',(#303),#307);
#303 = ELLIPSE('',#304,25.941924873966,22.);
#304 = AXIS2_PLACEMENT_2D('',#305,#306);
#305 = CARTESIAN_POINT('',(-18.,8.375130648091));
#306 = DIRECTION('',(0.,-1.));
#307 = ( GEOMETRIC_REPRESENTATION_CONTEXT(2) 
PARAMETRIC_REPRESENTATION_CONTEXT() REPRESENTATION_CONTEXT('2D SPACE',''
  ) );
#308 = ORIENTED_EDGE('',*,*,#55,.F.);
#309 = FACE_BOUND('',#310,.F.);
#310 = EDGE_LOOP('',(#311,#347,#379,#413));
#311 = ORIENTED_EDGE('',*,*,#312,.F.);
#312 = EDGE_CURVE('',#313,#315,#317,.T.);
#313 = VERTEX_POINT('',#314);
#314 = CARTESIAN_POINT('',(-14.86508603196,16.218175521995,
    70.578774718058));
#315 = VERTEX_POINT('',#316);
#316 = CARTESIAN_POINT('',(-21.84160899477,2.635169163335,
    80.117321474255));
#317 = SURFACE_CURVE('',#318,(#323,#335),.PCURVE_S1.);
#318 = ELLIPSE('',#319,25.941924873966,22.);
#319 = AXIS2_PLACEMENT_3D('',#320,#321,#322);
#320 = CARTESIAN_POINT('',(0.,0.,75.679178403362));
#321 = DIRECTION('',(0.229923351796,0.477440759576,0.848048096156));
#322 = DIRECTION('',(0.367954278912,0.764064933121,-0.529919264233));
#323 = PCURVE('',#31,#324);
#324 = DEFINITIONAL_REPRESENTATION('',(#325),#334);
#325 = B_SPLINE_CURVE_WITH_KNOTS('',7,(#326,#327,#328,#329,#330,#331,
    #332,#333),.UNSPECIFIED.,.F.,.F.,(8,8),(1.114750209891,
    1.973847976969),.PIECEWISE_BEZIER_KNOTS.);
#326 = CARTESIAN_POINT('',(-2.236747586174,-5.624920042438));
#327 = CARTESIAN_POINT('',(-2.359475838613,-7.139654298287));
#328 = CARTESIAN_POINT('',(-2.482204091053,-8.760777591022));
#329 = CARTESIAN_POINT('',(-2.604932343492,-10.45102489716));
#330 = CARTESIAN_POINT('',(-2.727660595934,-12.16920570691));
#331 = CARTESIAN_POINT('',(-2.850388848372,-13.87249330455));
#332 = CARTESIAN_POINT('',(-2.973117100812,-15.51921042294));
#333 = CARTESIAN_POINT('',(-3.095845353251,-17.07117614987));
#334 = ( GEOMETRIC_REPRESENTATION_CONTEXT(2) 
PARAMETRIC_REPRESENTATION_CONTEXT() REPRESENTATION_CONTEXT('2D SPACE',''
  ) );
#335 = PCURVE('',#336,#341);
#336 = PLANE('',#337);
#337 = AXIS2_PLACEMENT_3D('',#338,#339,#340);
#338 = CARTESIAN_POINT('',(-12.67592776024,15.16393246178,
    70.578774718058));
#339 = DIRECTION('',(0.229923351796,0.477440759576,0.848048096156));
#340 = DIRECTION('',(-0.900968867902,0.433883739118,0.));
#341 = DEFINITIONAL_REPRESENTATION('',(#342),#346);
#342 = ELLIPSE('',#343,25.941924873966,22.);
#343 = AXIS2_PLACEMENT_2D('',#344,#345);
#344 = CARTESIAN_POINT('',(-18.,9.624869351909));
#345 = DIRECTION('',(-5.551115123126E-17,-1.));
#346 = ( GEOMETRIC_REPRESENTATION_CONTEXT(2) 
PARAMETRIC_REPRESENTATION_CONTEXT() REPRESENTATION_CONTEXT('2D SPACE',''
  ) );
#347 = ORIENTED_EDGE('',*,*,#348,.T.);
#348 = EDGE_CURVE('',#313,#349,#351,.T.);
#349 = VERTEX_POINT('',#350);
#350 = CARTESIAN_POINT('',(-15.67827867795,15.433456440359,
    68.882678525745));
#351 = SURFACE_CURVE('',#352,(#357,#367),.PCURVE_S1.);
#352 = ELLIPSE('',#353,41.515758125597,22.);
#353 = AXIS2_PLACEMENT_3D('',#354,#355,#356);
#354 = CARTESIAN_POINT('',(0.,0.,57.516280766801));
#355 = DIRECTION('',(-0.367954278912,-0.764064933121,0.529919264233));
#356 = DIRECTION('',(-0.229923351796,-0.477440759576,-0.848048096156));
#357 = PCURVE('',#31,#358);
#358 = DEFINITIONAL_REPRESENTATION('',(#359),#366);
#359 = B_SPLINE_CURVE_WITH_KNOTS('',5,(#360,#361,#362,#363,#364,#365),
  .UNSPECIFIED.,.F.,.F.,(6,6),(4.327092979174,4.388744346299),
  .PIECEWISE_BEZIER_KNOTS.);
#360 = CARTESIAN_POINT('',(-2.307497701866,-6.748384337289));
#361 = CARTESIAN_POINT('',(-2.319827975291,-6.346094241709));
#362 = CARTESIAN_POINT('',(-2.332158248716,-5.941289456935));
#363 = CARTESIAN_POINT('',(-2.344488522141,-5.534097404569));
#364 = CARTESIAN_POINT('',(-2.356818795566,-5.124647099832));
#365 = CARTESIAN_POINT('',(-2.369149068991,-4.713068906513));
#366 = ( GEOMETRIC_REPRESENTATION_CONTEXT(2) 
PARAMETRIC_REPRESENTATION_CONTEXT() REPRESENTATION_CONTEXT('2D SPACE',''
  ) );
#367 = PCURVE('',#368,#373);
#368 = PLANE('',#369);
#369 = AXIS2_PLACEMENT_3D('',#370,#371,#372);
#370 = CARTESIAN_POINT('',(-13.13577446383,14.209050942628,
    68.882678525745));
#371 = DIRECTION('',(-0.367954278912,-0.764064933121,0.529919264233));
#372 = DIRECTION('',(0.229923351796,0.477440759576,0.848048096156));
#373 = DEFINITIONAL_REPRESENTATION('',(#374),#378);
#374 = ELLIPSE('',#375,41.515758125597,22.);
#375 = AXIS2_PLACEMENT_2D('',#376,#377);
#376 = CARTESIAN_POINT('',(-13.40301076136,-18.));
#377 = DIRECTION('',(-1.,-2.775557561563E-17));
#378 = ( GEOMETRIC_REPRESENTATION_CONTEXT(2) 
PARAMETRIC_REPRESENTATION_CONTEXT() REPRESENTATION_CONTEXT('2D SPACE',''
  ) );
#379 = ORIENTED_EDGE('',*,*,#380,.T.);
#380 = EDGE_CURVE('',#349,#381,#383,.T.);
#381 = VERTEX_POINT('',#382);
#382 = CARTESIAN_POINT('',(-21.94810975597,1.510125206668,
    78.421225281942));
#383 = SURFACE_CURVE('',#384,(#389,#401),.PCURVE_S1.);
#384 = ELLIPSE('',#385,25.941924873966,22.);
#385 = AXIS2_PLACEMENT_3D('',#386,#387,#388);
#386 = CARTESIAN_POINT('',(0.,0.,73.320821596638));
#387 = DIRECTION('',(0.229923351796,0.477440759576,0.848048096156));
#388 = DIRECTION('',(0.367954278912,0.764064933121,-0.529919264233));
#389 = PCURVE('',#31,#390);
#390 = DEFINITIONAL_REPRESENTATION('',(#391),#400);
#391 = B_SPLINE_CURVE_WITH_KNOTS('',7,(#392,#393,#394,#395,#396,#397,
    #398,#399),.UNSPECIFIED.,.F.,.F.,(8,8),(1.16774467662,2.026842443698
    ),.PIECEWISE_BEZIER_KNOTS.);
#392 = CARTESIAN_POINT('',(-2.289742052902,-3.928823850125));
#393 = CARTESIAN_POINT('',(-2.412470305342,-5.480789577057));
#394 = CARTESIAN_POINT('',(-2.535198557782,-7.127506695451));
#395 = CARTESIAN_POINT('',(-2.65792681022,-8.830794293084));
#396 = CARTESIAN_POINT('',(-2.780655062662,-10.54897510284));
#397 = CARTESIAN_POINT('',(-2.903383315101,-12.23922240897));
#398 = CARTESIAN_POINT('',(-3.026111567541,-13.86034570171));
#399 = CARTESIAN_POINT('',(-3.14883981998,-15.37507995756));
#400 = ( GEOMETRIC_REPRESENTATION_CONTEXT(2) 
PARAMETRIC_REPRESENTATION_CONTEXT() REPRESENTATION_CONTEXT('2D SPACE',''
  ) );
#401 = PCURVE('',#402,#407);
#402 = PLANE('',#403);
#403 = AXIS2_PLACEMENT_3D('',#404,#405,#406);
#404 = CARTESIAN_POINT('',(-13.13577446383,14.209050942628,
    68.882678525745));
#405 = DIRECTION('',(0.229923351796,0.477440759576,0.848048096156));
#406 = DIRECTION('',(-0.900968867902,0.433883739118,0.));
#407 = DEFINITIONAL_REPRESENTATION('',(#408),#412);
#408 = ELLIPSE('',#409,25.941924873966,22.);
#409 = AXIS2_PLACEMENT_2D('',#410,#411);
#410 = CARTESIAN_POINT('',(-18.,8.375130648091));
#411 = DIRECTION('',(-5.551115123126E-17,-1.));
#412 = ( GEOMETRIC_REPRESENTATION_CONTEXT(2) 
PARAMETRIC_REPRESENTATION_CONTEXT() REPRESENTATION_CONTEXT('2D SPACE',''
  ) );
#413 = ORIENTED_EDGE('',*,*,#414,.F.);
#414 = EDGE_CURVE('',#315,#381,#415,.T.);
#415 = SURFACE_CURVE('',#416,(#421,#431),.PCURVE_S1.);
#416 = ELLIPSE('',#417,41.515758125597,22.);
#417 = AXIS2_PLACEMENT_3D('',#418,#419,#420);
#418 = CARTESIAN_POINT('',(0.,0.,91.483719233199));
#419 = DIRECTION('',(-0.367954278912,-0.764064933121,0.529919264233));
#420 = DIRECTION('',(-0.229923351796,-0.477440759576,-0.848048096156));
#421 = PCURVE('',#31,#422);
#422 = DEFINITIONAL_REPRESENTATION('',(#423),#430);
#423 = B_SPLINE_CURVE_WITH_KNOTS('',5,(#424,#425,#426,#427,#428,#429),
  .UNSPECIFIED.,.F.,.F.,(6,6),(5.036033614471,5.097684981596),
  .PIECEWISE_BEZIER_KNOTS.);
#424 = CARTESIAN_POINT('',(-3.016438337163,-16.28693109348));
#425 = CARTESIAN_POINT('',(-3.028768610588,-15.87535290016));
#426 = CARTESIAN_POINT('',(-3.041098884013,-15.46590259543));
#427 = CARTESIAN_POINT('',(-3.053429157438,-15.05871054306));
#428 = CARTESIAN_POINT('',(-3.065759430863,-14.65390575829));
#429 = CARTESIAN_POINT('',(-3.078089704288,-14.25161566271));
#430 = ( GEOMETRIC_REPRESENTATION_CONTEXT(2) 
PARAMETRIC_REPRESENTATION_CONTEXT() REPRESENTATION_CONTEXT('2D SPACE',''
  ) );
#431 = PCURVE('',#432,#437);
#432 = PLANE('',#433);
#433 = AXIS2_PLACEMENT_3D('',#434,#435,#436);
#434 = CARTESIAN_POINT('',(-19.75895148424,0.455882146452,
    78.421225281942));
#435 = DIRECTION('',(-0.367954278912,-0.764064933121,0.529919264233));
#436 = DIRECTION('',(0.229923351796,0.477440759576,0.848048096156));
#437 = DEFINITIONAL_REPRESENTATION('',(#438),#442);
#438 = ELLIPSE('',#439,41.515758125597,22.);
#439 = AXIS2_PLACEMENT_2D('',#440,#441);
#440 = CARTESIAN_POINT('',(15.403010761369,-18.));
#441 = DIRECTION('',(-1.,-2.775557561563E-17));
#442 = ( GEOMETRIC_REPRESENTATION_CONTEXT(2) 
PARAMETRIC_REPRESENTATION_CONTEXT() REPRESENTATION_CONTEXT('2D SPACE',''
  ) );
#443 = FACE_BOUND('',#444,.F.);
#444 = EDGE_LOOP('',(#445,#481,#513,#547));
#445 = ORIENTED_EDGE('',*,*,#446,.F.);
#446 = EDGE_CURVE('',#447,#449,#451,.T.);
#447 = VERTEX_POINT('',#448);
#448 = CARTESIAN_POINT('',(19.119344828231,10.883503725326,
    70.578774718058));
#449 = VERTEX_POINT('',#450);
#450 = CARTESIAN_POINT('',(7.429315203282,20.707613952609,
    80.117321474255));
#451 = SURFACE_CURVE('',#452,(#457,#469),.PCURVE_S1.);
#452 = ELLIPSE('',#453,25.941924873966,22.);
#453 = AXIS2_PLACEMENT_3D('',#454,#455,#456);
#454 = CARTESIAN_POINT('',(0.,0.,75.679178403362));
#455 = DIRECTION('',(0.414307563944,-0.330399257058,0.848048096156));
#456 = DIRECTION('',(0.663030700222,-0.528749339439,-0.529919264233));
#457 = PCURVE('',#31,#458);
#458 = DEFINITIONAL_REPRESENTATION('',(#459),#468);
#459 = B_SPLINE_CURVE_WITH_KNOTS('',7,(#460,#461,#462,#463,#464,#465,
    #466,#467),.UNSPECIFIED.,.F.,.F.,(8,8),(1.114750209891,
    1.973847976969),.PIECEWISE_BEZIER_KNOTS.);
#460 = CARTESIAN_POINT('',(-0.441551784122,-5.624920042438));
#461 = CARTESIAN_POINT('',(-0.564280036562,-7.139654298287));
#462 = CARTESIAN_POINT('',(-0.687008289002,-8.760777591022));
#463 = CARTESIAN_POINT('',(-0.809736541441,-10.45102489716));
#464 = CARTESIAN_POINT('',(-0.932464793881,-12.16920570691));
#465 = CARTESIAN_POINT('',(-1.055193046321,-13.87249330455));
#466 = CARTESIAN_POINT('',(-1.17792129876,-15.51921042294));
#467 = CARTESIAN_POINT('',(-1.3006495512,-17.07117614987));
#468 = ( GEOMETRIC_REPRESENTATION_CONTEXT(2) 
PARAMETRIC_REPRESENTATION_CONTEXT() REPRESENTATION_CONTEXT('2D SPACE',''
  ) );
#469 = PCURVE('',#470,#475);
#470 = PLANE('',#471);
#471 = AXIS2_PLACEMENT_3D('',#472,#473,#474);
#472 = CARTESIAN_POINT('',(17.604400299401,8.983823372413,
    70.578774718058));
#473 = DIRECTION('',(0.414307563944,-0.330399257058,0.848048096156));
#474 = DIRECTION('',(0.623489801859,0.781831482468,0.));
#475 = DEFINITIONAL_REPRESENTATION('',(#476),#480);
#476 = ELLIPSE('',#477,25.941924873966,22.);
#477 = AXIS2_PLACEMENT_2D('',#478,#479);
#478 = CARTESIAN_POINT('',(-18.,9.624869351909));
#479 = DIRECTION('',(-1.110223024625E-16,-1.));
#480 = ( GEOMETRIC_REPRESENTATION_CONTEXT(2) 
PARAMETRIC_REPRESENTATION_CONTEXT() REPRESENTATION_CONTEXT('2D SPACE',''
  ) );
#481 = ORIENTED_EDGE('',*,*,#482,.T.);
#482 = EDGE_CURVE('',#447,#483,#485,.T.);
#483 = VERTEX_POINT('',#484);
#484 = CARTESIAN_POINT('',(18.535252679394,11.850924356818,
    68.882678525745));
#485 = SURFACE_CURVE('',#486,(#491,#501),.PCURVE_S1.);
#486 = ELLIPSE('',#487,41.515758125597,22.);
#487 = AXIS2_PLACEMENT_3D('',#488,#489,#490);
#488 = CARTESIAN_POINT('',(0.,0.,57.516280766801));
#489 = DIRECTION('',(-0.663030700222,0.528749339439,0.529919264233));
#490 = DIRECTION('',(-0.414307563944,0.330399257058,-0.848048096156));
#491 = PCURVE('',#31,#492);
#492 = DEFINITIONAL_REPRESENTATION('',(#493),#500);
#493 = B_SPLINE_CURVE_WITH_KNOTS('',5,(#494,#495,#496,#497,#498,#499),
  .UNSPECIFIED.,.F.,.F.,(6,6),(4.327092979174,4.388744346299),
  .PIECEWISE_BEZIER_KNOTS.);
#494 = CARTESIAN_POINT('',(-0.512301899814,-6.748384337289));
#495 = CARTESIAN_POINT('',(-0.52463217324,-6.346094241709));
#496 = CARTESIAN_POINT('',(-0.536962446665,-5.941289456935));
#497 = CARTESIAN_POINT('',(-0.54929272009,-5.534097404569));
#498 = CARTESIAN_POINT('',(-0.561622993515,-5.124647099832));
#499 = CARTESIAN_POINT('',(-0.57395326694,-4.713068906513));
#500 = ( GEOMETRIC_REPRESENTATION_CONTEXT(2) 
PARAMETRIC_REPRESENTATION_CONTEXT() REPRESENTATION_CONTEXT('2D SPACE',''
  ) );
#501 = PCURVE('',#502,#507);
#502 = PLANE('',#503);
#503 = AXIS2_PLACEMENT_3D('',#504,#505,#506);
#504 = CARTESIAN_POINT('',(16.775785171513,9.644621886529,
    68.882678525745));
#505 = DIRECTION('',(-0.663030700222,0.528749339439,0.529919264233));
#506 = DIRECTION('',(0.414307563944,-0.330399257058,0.848048096156));
#507 = DEFINITIONAL_REPRESENTATION('',(#508),#512);
#508 = ELLIPSE('',#509,41.515758125597,22.);
#509 = AXIS2_PLACEMENT_2D('',#510,#511);
#510 = CARTESIAN_POINT('',(-13.40301076136,-18.));
#511 = DIRECTION('',(-1.,5.551115123126E-17));
#512 = ( GEOMETRIC_REPRESENTATION_CONTEXT(2) 
PARAMETRIC_REPRESENTATION_CONTEXT() REPRESENTATION_CONTEXT('2D SPACE',''
  ) );
#513 = ORIENTED_EDGE('',*,*,#514,.T.);
#514 = EDGE_CURVE('',#483,#515,#517,.T.);
#515 = VERTEX_POINT('',#516);
#516 = CARTESIAN_POINT('',(6.356177096345,21.061790349348,
    78.421225281942));
#517 = SURFACE_CURVE('',#518,(#523,#535),.PCURVE_S1.);
#518 = ELLIPSE('',#519,25.941924873966,22.);
#519 = AXIS2_PLACEMENT_3D('',#520,#521,#522);
#520 = CARTESIAN_POINT('',(0.,0.,73.320821596638));
#521 = DIRECTION('',(0.414307563944,-0.330399257058,0.848048096156));
#522 = DIRECTION('',(0.663030700222,-0.528749339439,-0.529919264233));
#523 = PCURVE('',#31,#524);
#524 = DEFINITIONAL_REPRESENTATION('',(#525),#534);
#525 = B_SPLINE_CURVE_WITH_KNOTS('',7,(#526,#527,#528,#529,#530,#531,
    #532,#533),.UNSPECIFIED.,.F.,.F.,(8,8),(1.16774467662,2.026842443698
    ),.PIECEWISE_BEZIER_KNOTS.);
#526 = CARTESIAN_POINT('',(-0.494546250851,-3.928823850125));
#527 = CARTESIAN_POINT('',(-0.617274503291,-5.480789577057));
#528 = CARTESIAN_POINT('',(-0.740002755731,-7.12750669545));
#529 = CARTESIAN_POINT('',(-0.86273100817,-8.830794293083));
#530 = CARTESIAN_POINT('',(-0.98545926061,-10.54897510283));
#531 = CARTESIAN_POINT('',(-1.10818751305,-12.23922240897));
#532 = CARTESIAN_POINT('',(-1.230915765489,-13.86034570171));
#533 = CARTESIAN_POINT('',(-1.353644017929,-15.37507995756));
#534 = ( GEOMETRIC_REPRESENTATION_CONTEXT(2) 
PARAMETRIC_REPRESENTATION_CONTEXT() REPRESENTATION_CONTEXT('2D SPACE',''
  ) );
#535 = PCURVE('',#536,#541);
#536 = PLANE('',#537);
#537 = AXIS2_PLACEMENT_3D('',#538,#539,#540);
#538 = CARTESIAN_POINT('',(16.775785171513,9.644621886529,
    68.882678525745));
#539 = DIRECTION('',(0.414307563944,-0.330399257058,0.848048096156));
#540 = DIRECTION('',(0.623489801859,0.781831482468,0.));
#541 = DEFINITIONAL_REPRESENTATION('',(#542),#546);
#542 = ELLIPSE('',#543,25.941924873966,22.);
#543 = AXIS2_PLACEMENT_2D('',#544,#545);
#544 = CARTESIAN_POINT('',(-18.,8.375130648091));
#545 = DIRECTION('',(-1.110223024625E-16,-1.));
#546 = ( GEOMETRIC_REPRESENTATION_CONTEXT(2) 
PARAMETRIC_REPRESENTATION_CONTEXT() REPRESENTATION_CONTEXT('2D SPACE',''
  ) );
#547 = ORIENTED_EDGE('',*,*,#548,.F.);
#548 = EDGE_CURVE('',#449,#515,#549,.T.);
#549 = SURFACE_CURVE('',#550,(#555,#565),.PCURVE_S1.);
#550 = ELLIPSE('',#551,41.515758125597,22.);
#551 = AXIS2_PLACEMENT_3D('',#552,#553,#554);
#552 = CARTESIAN_POINT('',(0.,0.,91.483719233199));
#553 = DIRECTION('',(-0.663030700222,0.528749339439,0.529919264233));
#554 = DIRECTION('',(-0.414307563944,0.330399257058,-0.848048096156));
#555 = PCURVE('',#31,#556);
#556 = DEFINITIONAL_REPRESENTATION('',(#557),#564);
#557 = B_SPLINE_CURVE_WITH_KNOTS('',5,(#558,#559,#560,#561,#562,#563),
  .UNSPECIFIED.,.F.,.F.,(6,6),(5.036033614471,5.097684981596),
  .PIECEWISE_BEZIER_KNOTS.);
#558 = CARTESIAN_POINT('',(-1.221242535112,-16.28693109348));
#559 = CARTESIAN_POINT('',(-1.233572808537,-15.87535290016));
#560 = CARTESIAN_POINT('',(-1.245903081962,-15.46590259543));
#561 = CARTESIAN_POINT('',(-1.258233355387,-15.05871054306));
#562 = CARTESIAN_POINT('',(-1.270563628812,-14.65390575829));
#563 = CARTESIAN_POINT('',(-1.282893902237,-14.25161566271));
#564 = ( GEOMETRIC_REPRESENTATION_CONTEXT(2) 
PARAMETRIC_REPRESENTATION_CONTEXT() REPRESENTATION_CONTEXT('2D SPACE',''
  ) );
#565 = PCURVE('',#566,#571);
#566 = PLANE('',#567);
#567 = AXIS2_PLACEMENT_3D('',#568,#569,#570);
#568 = CARTESIAN_POINT('',(4.841232567514,19.162109996436,
    78.421225281942));
#569 = DIRECTION('',(-0.663030700222,0.528749339439,0.529919264233));
#570 = DIRECTION('',(0.414307563944,-0.330399257058,0.848048096156));
#571 = DEFINITIONAL_REPRESENTATION('',(#572),#576);
#572 = ELLIPSE('',#573,41.515758125597,22.);
#573 = AXIS2_PLACEMENT_2D('',#574,#575);
#574 = CARTESIAN_POINT('',(15.403010761369,-18.));
#575 = DIRECTION('',(-1.,5.551115123126E-17));
#576 = ( GEOMETRIC_REPRESENTATION_CONTEXT(2) 
PARAMETRIC_REPRESENTATION_CONTEXT() REPRESENTATION_CONTEXT('2D SPACE',''
  ) );
#577 = FACE_BOUND('',#578,.F.);
#578 = EDGE_LOOP('',(#579,#615,#647,#681));
#579 = ORIENTED_EDGE('',*,*,#580,.F.);
#580 = EDGE_CURVE('',#581,#583,#585,.T.);
#581 = VERTEX_POINT('',#582);
#582 = CARTESIAN_POINT('',(3.411650666605,21.733859292106,
    70.578774718058));
#583 = VERTEX_POINT('',#584);
#584 = CARTESIAN_POINT('',(-11.5577622509,18.719458639384,
    80.117321474255));
#585 = SURFACE_CURVE('',#586,(#591,#603),.PCURVE_S1.);
#586 = ELLIPSE('',#587,25.941924873966,22.);
#587 = AXIS2_PLACEMENT_3D('',#588,#589,#590);
#588 = CARTESIAN_POINT('',(0.,0.,75.679178403362));
#589 = DIRECTION('',(0.516633081904,0.117918129599,0.848048096156));
#590 = DIRECTION('',(0.826785759816,0.188708454397,-0.529919264233));
#591 = PCURVE('',#31,#592);
#592 = DEFINITIONAL_REPRESENTATION('',(#593),#602);
#593 = B_SPLINE_CURVE_WITH_KNOTS('',7,(#594,#595,#596,#597,#598,#599,
    #600,#601),.UNSPECIFIED.,.F.,.F.,(8,8),(1.114750209891,
    1.973847976969),.PIECEWISE_BEZIER_KNOTS.);
#594 = CARTESIAN_POINT('',(-1.339149685148,-5.624920042438));
#595 = CARTESIAN_POINT('',(-1.461877937588,-7.139654298287));
#596 = CARTESIAN_POINT('',(-1.584606190027,-8.760777591023));
#597 = CARTESIAN_POINT('',(-1.707334442467,-10.45102489716));
#598 = CARTESIAN_POINT('',(-1.830062694907,-12.16920570691));
#599 = CARTESIAN_POINT('',(-1.952790947346,-13.87249330455));
#600 = CARTESIAN_POINT('',(-2.075519199786,-15.51921042294));
#601 = CARTESIAN_POINT('',(-2.198247452226,-17.07117614987));
#602 = ( GEOMETRIC_REPRESENTATION_CONTEXT(2) 
PARAMETRIC_REPRESENTATION_CONTEXT() REPRESENTATION_CONTEXT('2D SPACE',''
  ) );
#603 = PCURVE('',#604,#609);
#604 = PLANE('',#605);
#605 = AXIS2_PLACEMENT_3D('',#606,#607,#608);
#606 = CARTESIAN_POINT('',(3.95232810903,19.364996638441,70.578774718058
    ));
#607 = DIRECTION('',(0.516633081904,0.117918129599,0.848048096156));
#608 = DIRECTION('',(-0.222520933956,0.974927912182,0.));
#609 = DEFINITIONAL_REPRESENTATION('',(#610),#614);
#610 = ELLIPSE('',#611,25.941924873966,22.);
#611 = AXIS2_PLACEMENT_2D('',#612,#613);
#612 = CARTESIAN_POINT('',(-18.,9.624869351909));
#613 = DIRECTION('',(-2.775557561563E-17,-1.));
#614 = ( GEOMETRIC_REPRESENTATION_CONTEXT(2) 
PARAMETRIC_REPRESENTATION_CONTEXT() REPRESENTATION_CONTEXT('2D SPACE',''
  ) );
#615 = ORIENTED_EDGE('',*,*,#616,.T.);
#616 = EDGE_CURVE('',#581,#617,#619,.T.);
#617 = VERTEX_POINT('',#618);
#618 = CARTESIAN_POINT('',(2.291115261969,21.880374559325,
    68.882678525745));
#619 = SURFACE_CURVE('',#620,(#625,#635),.PCURVE_S1.);
#620 = ELLIPSE('',#621,41.515758125597,22.);
#621 = AXIS2_PLACEMENT_3D('',#622,#623,#624);
#622 = CARTESIAN_POINT('',(0.,0.,57.516280766801));
#623 = DIRECTION('',(-0.826785759816,-0.188708454397,0.529919264233));
#624 = DIRECTION('',(-0.516633081904,-0.117918129599,-0.848048096156));
#625 = PCURVE('',#31,#626);
#626 = DEFINITIONAL_REPRESENTATION('',(#627),#634);
#627 = B_SPLINE_CURVE_WITH_KNOTS('',5,(#628,#629,#630,#631,#632,#633),
  .UNSPECIFIED.,.F.,.F.,(6,6),(4.327092979174,4.388744346299),
  .PIECEWISE_BEZIER_KNOTS.);
#628 = CARTESIAN_POINT('',(-1.40989980084,-6.748384337289));
#629 = CARTESIAN_POINT('',(-1.422230074265,-6.346094241709));
#630 = CARTESIAN_POINT('',(-1.43456034769,-5.941289456935));
#631 = CARTESIAN_POINT('',(-1.446890621115,-5.534097404569));
#632 = CARTESIAN_POINT('',(-1.45922089454,-5.124647099832));
#633 = CARTESIAN_POINT('',(-1.471551167965,-4.713068906513));
#634 = ( GEOMETRIC_REPRESENTATION_CONTEXT(2) 
PARAMETRIC_REPRESENTATION_CONTEXT() REPRESENTATION_CONTEXT('2D SPACE',''
  ) );
#635 = PCURVE('',#636,#641);
#636 = PLANE('',#637);
#637 = AXIS2_PLACEMENT_3D('',#638,#639,#640);
#638 = CARTESIAN_POINT('',(2.919061945223,19.129160379244,
    68.882678525745));
#639 = DIRECTION('',(-0.826785759816,-0.188708454397,0.529919264233));
#640 = DIRECTION('',(0.516633081904,0.117918129599,0.848048096156));
#641 = DEFINITIONAL_REPRESENTATION('',(#642),#646);
#642 = ELLIPSE('',#643,41.515758125597,22.);
#643 = AXIS2_PLACEMENT_2D('',#644,#645);
#644 = CARTESIAN_POINT('',(-13.40301076136,-18.));
#645 = DIRECTION('',(-1.,1.387778780781E-17));
#646 = ( GEOMETRIC_REPRESENTATION_CONTEXT(2) 
PARAMETRIC_REPRESENTATION_CONTEXT() REPRESENTATION_CONTEXT('2D SPACE',''
  ) );
#647 = ORIENTED_EDGE('',*,*,#648,.T.);
#648 = EDGE_CURVE('',#617,#649,#651,.T.);
#649 = VERTEX_POINT('',#650);
#650 = CARTESIAN_POINT('',(-12.50375917388,18.10127085377,
    78.421225281942));
#651 = SURFACE_CURVE('',#652,(#657,#669),.PCURVE_S1.);
#652 = ELLIPSE('',#653,25.941924873966,22.);
#653 = AXIS2_PLACEMENT_3D('',#654,#655,#656);
#654 = CARTESIAN_POINT('',(0.,0.,73.320821596638));
#655 = DIRECTION('',(0.516633081904,0.117918129599,0.848048096156));
#656 = DIRECTION('',(0.826785759816,0.188708454397,-0.529919264233));
#657 = PCURVE('',#31,#658);
#658 = DEFINITIONAL_REPRESENTATION('',(#659),#668);
#659 = B_SPLINE_CURVE_WITH_KNOTS('',7,(#660,#661,#662,#663,#664,#665,
    #666,#667),.UNSPECIFIED.,.F.,.F.,(8,8),(1.16774467662,2.026842443698
    ),.PIECEWISE_BEZIER_KNOTS.);
#660 = CARTESIAN_POINT('',(-1.392144151877,-3.928823850125));
#661 = CARTESIAN_POINT('',(-1.514872404317,-5.480789577057));
#662 = CARTESIAN_POINT('',(-1.637600656756,-7.12750669545));
#663 = CARTESIAN_POINT('',(-1.760328909196,-8.830794293084));
#664 = CARTESIAN_POINT('',(-1.883057161636,-10.54897510283));
#665 = CARTESIAN_POINT('',(-2.005785414075,-12.23922240897));
#666 = CARTESIAN_POINT('',(-2.128513666515,-13.86034570171));
#667 = CARTESIAN_POINT('',(-2.251241918955,-15.37507995756));
#668 = ( GEOMETRIC_REPRESENTATION_CONTEXT(2) 
PARAMETRIC_REPRESENTATION_CONTEXT() REPRESENTATION_CONTEXT('2D SPACE',''
  ) );
#669 = PCURVE('',#670,#675);
#670 = PLANE('',#671);
#671 = AXIS2_PLACEMENT_3D('',#672,#673,#674);
#672 = CARTESIAN_POINT('',(2.919061945223,19.129160379244,
    68.882678525745));
#673 = DIRECTION('',(0.516633081904,0.117918129599,0.848048096156));
#674 = DIRECTION('',(-0.222520933956,0.974927912182,0.));
#675 = DEFINITIONAL_REPRESENTATION('',(#676),#680);
#676 = ELLIPSE('',#677,25.941924873966,22.);
#677 = AXIS2_PLACEMENT_2D('',#678,#679);
#678 = CARTESIAN_POINT('',(-18.,8.375130648091));
#679 = DIRECTION('',(-2.775557561563E-17,-1.));
#680 = ( GEOMETRIC_REPRESENTATION_CONTEXT(2) 
PARAMETRIC_REPRESENTATION_CONTEXT() REPRESENTATION_CONTEXT('2D SPACE',''
  ) );
#681 = ORIENTED_EDGE('',*,*,#682,.F.);
#682 = EDGE_CURVE('',#583,#649,#683,.T.);
#683 = SURFACE_CURVE('',#684,(#689,#699),.PCURVE_S1.);
#684 = ELLIPSE('',#685,41.515758125597,22.);
#685 = AXIS2_PLACEMENT_3D('',#686,#687,#688);
#686 = CARTESIAN_POINT('',(0.,0.,91.483719233199));
#687 = DIRECTION('',(-0.826785759816,-0.188708454397,0.529919264233));
#688 = DIRECTION('',(-0.516633081904,-0.117918129599,-0.848048096156));
#689 = PCURVE('',#31,#690);
#690 = DEFINITIONAL_REPRESENTATION('',(#691),#698);
#691 = B_SPLINE_CURVE_WITH_KNOTS('',5,(#692,#693,#694,#695,#696,#697),
  .UNSPECIFIED.,.F.,.F.,(6,6),(5.036033614471,5.097684981596),
  .PIECEWISE_BEZIER_KNOTS.);
#692 = CARTESIAN_POINT('',(-2.118840436137,-16.28693109348));
#693 = CARTESIAN_POINT('',(-2.131170709562,-15.87535290016));
#694 = CARTESIAN_POINT('',(-2.143500982987,-15.46590259543));
#695 = CARTESIAN_POINT('',(-2.155831256412,-15.05871054306));
#696 = CARTESIAN_POINT('',(-2.168161529837,-14.65390575829));
#697 = CARTESIAN_POINT('',(-2.180491803262,-14.25161566271));
#698 = ( GEOMETRIC_REPRESENTATION_CONTEXT(2) 
PARAMETRIC_REPRESENTATION_CONTEXT() REPRESENTATION_CONTEXT('2D SPACE',''
  ) );
#699 = PCURVE('',#700,#705);
#700 = PLANE('',#701);
#701 = AXIS2_PLACEMENT_3D('',#702,#703,#704);
#702 = CARTESIAN_POINT('',(-11.96308173145,15.732408200105,
    78.421225281942));
#703 = DIRECTION('',(-0.826785759816,-0.188708454397,0.529919264233));
#704 = DIRECTION('',(0.516633081904,0.117918129599,0.848048096156));
#705 = DEFINITIONAL_REPRESENTATION('',(#706),#710);
#706 = ELLIPSE('',#707,41.515758125597,22.);
#707 = AXIS2_PLACEMENT_2D('',#708,#709);
#708 = CARTESIAN_POINT('',(15.403010761369,-18.));
#709 = DIRECTION('',(-1.,1.387778780781E-17));
#710 = ( GEOMETRIC_REPRESENTATION_CONTEXT(2) 
PARAMETRIC_REPRESENTATION_CONTEXT() REPRESENTATION_CONTEXT('2D SPACE',''
  ) );
#711 = FACE_BOUND('',#712,.F.);
#712 = EDGE_LOOP('',(#713,#749,#781,#815));
#713 = ORIENTED_EDGE('',*,*,#714,.F.);
#714 = EDGE_CURVE('',#715,#717,#719,.T.);
#715 = VERTEX_POINT('',#716);
#716 = CARTESIAN_POINT('',(-21.94810975597,-1.510125206668,
    70.578774718058));
#717 = VERTEX_POINT('',#718);
#718 = CARTESIAN_POINT('',(-15.67827867795,-15.43345644035,
    80.117321474255));
#719 = SURFACE_CURVE('',#720,(#725,#737),.PCURVE_S1.);
#720 = ELLIPSE('',#721,25.941924873966,22.);
#721 = AXIS2_PLACEMENT_3D('',#722,#723,#724);
#722 = CARTESIAN_POINT('',(0.,0.,75.679178403362));
#723 = DIRECTION('',(-0.229923351796,0.477440759576,0.848048096156));
#724 = DIRECTION('',(-0.367954278912,0.764064933121,-0.529919264233));
#725 = PCURVE('',#31,#726);
#726 = DEFINITIONAL_REPRESENTATION('',(#727),#736);
#727 = B_SPLINE_CURVE_WITH_KNOTS('',7,(#728,#729,#730,#731,#732,#733,
    #734,#735),.UNSPECIFIED.,.F.,.F.,(8,8),(1.114750209891,
    1.973847976969),.PIECEWISE_BEZIER_KNOTS.);
#728 = CARTESIAN_POINT('',(-3.134345487199,-5.624920042438));
#729 = CARTESIAN_POINT('',(-3.257073739639,-7.139654298287));
#730 = CARTESIAN_POINT('',(-3.379801992078,-8.760777591022));
#731 = CARTESIAN_POINT('',(-3.502530244521,-10.45102489716));
#732 = CARTESIAN_POINT('',(-3.625258496957,-12.16920570691));
#733 = CARTESIAN_POINT('',(-3.747986749398,-13.87249330455));
#734 = CARTESIAN_POINT('',(-3.870715001837,-15.51921042294));
#735 = CARTESIAN_POINT('',(-3.993443254277,-17.07117614987));
#736 = ( GEOMETRIC_REPRESENTATION_CONTEXT(2) 
PARAMETRIC_REPRESENTATION_CONTEXT() REPRESENTATION_CONTEXT('2D SPACE',''
  ) );
#737 = PCURVE('',#738,#743);
#738 = PLANE('',#739);
#739 = AXIS2_PLACEMENT_3D('',#740,#741,#742);
#740 = CARTESIAN_POINT('',(-19.75895148424,-0.455882146452,
    70.578774718058));
#741 = DIRECTION('',(-0.229923351796,0.477440759576,0.848048096156));
#742 = DIRECTION('',(-0.900968867902,-0.433883739118,0.));
#743 = DEFINITIONAL_REPRESENTATION('',(#744),#748);
#744 = ELLIPSE('',#745,25.941924873966,22.);
#745 = AXIS2_PLACEMENT_2D('',#746,#747);
#746 = CARTESIAN_POINT('',(-18.,9.624869351909));
#747 = DIRECTION('',(-5.551115123126E-17,-1.));
#748 = ( GEOMETRIC_REPRESENTATION_CONTEXT(2) 
PARAMETRIC_REPRESENTATION_CONTEXT() REPRESENTATION_CONTEXT('2D SPACE',''
  ) );
#749 = ORIENTED_EDGE('',*,*,#750,.T.);
#750 = EDGE_CURVE('',#715,#751,#753,.T.);
#751 = VERTEX_POINT('',#752);
#752 = CARTESIAN_POINT('',(-21.84160899477,-2.635169163335,
    68.882678525745));
#753 = SURFACE_CURVE('',#754,(#759,#769),.PCURVE_S1.);
#754 = ELLIPSE('',#755,41.515758125597,22.);
#755 = AXIS2_PLACEMENT_3D('',#756,#757,#758);
#756 = CARTESIAN_POINT('',(0.,0.,57.516280766801));
#757 = DIRECTION('',(0.367954278912,-0.764064933121,0.529919264233));
#758 = DIRECTION('',(0.229923351796,-0.477440759576,-0.848048096156));
#759 = PCURVE('',#31,#760);
#760 = DEFINITIONAL_REPRESENTATION('',(#761),#768);
#761 = B_SPLINE_CURVE_WITH_KNOTS('',5,(#762,#763,#764,#765,#766,#767),
  .UNSPECIFIED.,.F.,.F.,(6,6),(4.327092979174,4.388744346299),
  .PIECEWISE_BEZIER_KNOTS.);
#762 = CARTESIAN_POINT('',(-3.205095602891,-6.748384337289));
#763 = CARTESIAN_POINT('',(-3.217425876317,-6.346094241709));
#764 = CARTESIAN_POINT('',(-3.229756149742,-5.941289456935));
#765 = CARTESIAN_POINT('',(-3.242086423167,-5.534097404569));
#766 = CARTESIAN_POINT('',(-3.254416696592,-5.124647099832));
#767 = CARTESIAN_POINT('',(-3.266746970017,-4.713068906513));
#768 = ( GEOMETRIC_REPRESENTATION_CONTEXT(2) 
PARAMETRIC_REPRESENTATION_CONTEXT() REPRESENTATION_CONTEXT('2D SPACE',''
  ) );
#769 = PCURVE('',#770,#775);
#770 = PLANE('',#771);
#771 = AXIS2_PLACEMENT_3D('',#772,#773,#774);
#772 = CARTESIAN_POINT('',(-19.29910478065,-1.410763665604,
    68.882678525745));
#773 = DIRECTION('',(0.367954278912,-0.764064933121,0.529919264233));
#774 = DIRECTION('',(-0.229923351796,0.477440759576,0.848048096156));
#775 = DEFINITIONAL_REPRESENTATION('',(#776),#780);
#776 = ELLIPSE('',#777,41.515758125597,22.);
#777 = AXIS2_PLACEMENT_2D('',#778,#779);
#778 = CARTESIAN_POINT('',(-13.40301076136,-18.));
#779 = DIRECTION('',(-1.,-2.775557561563E-17));
#780 = ( GEOMETRIC_REPRESENTATION_CONTEXT(2) 
PARAMETRIC_REPRESENTATION_CONTEXT() REPRESENTATION_CONTEXT('2D SPACE',''
  ) );
#781 = ORIENTED_EDGE('',*,*,#782,.T.);
#782 = EDGE_CURVE('',#751,#783,#785,.T.);
#783 = VERTEX_POINT('',#784);
#784 = CARTESIAN_POINT('',(-14.86508603196,-16.21817552199,
    78.421225281942));
#785 = SURFACE_CURVE('',#786,(#791,#803),.PCURVE_S1.);
#786 = ELLIPSE('',#787,25.941924873966,22.);
#787 = AXIS2_PLACEMENT_3D('',#788,#789,#790);
#788 = CARTESIAN_POINT('',(0.,0.,73.320821596638));
#789 = DIRECTION('',(-0.229923351796,0.477440759576,0.848048096156));
#790 = DIRECTION('',(-0.367954278912,0.764064933121,-0.529919264233));
#791 = PCURVE('',#31,#792);
#792 = DEFINITIONAL_REPRESENTATION('',(#793),#802);
#793 = B_SPLINE_CURVE_WITH_KNOTS('',7,(#794,#795,#796,#797,#798,#799,
    #800,#801),.UNSPECIFIED.,.F.,.F.,(8,8),(1.16774467662,2.026842443698
    ),.PIECEWISE_BEZIER_KNOTS.);
#794 = CARTESIAN_POINT('',(-3.187339953928,-3.928823850125));
#795 = CARTESIAN_POINT('',(-3.310068206368,-5.480789577057));
#796 = CARTESIAN_POINT('',(-3.432796458808,-7.12750669545));
#797 = CARTESIAN_POINT('',(-3.555524711246,-8.830794293084));
#798 = CARTESIAN_POINT('',(-3.678252963687,-10.54897510283));
#799 = CARTESIAN_POINT('',(-3.800981216126,-12.23922240897));
#800 = CARTESIAN_POINT('',(-3.923709468566,-13.86034570171));
#801 = CARTESIAN_POINT('',(-4.046437721006,-15.37507995756));
#802 = ( GEOMETRIC_REPRESENTATION_CONTEXT(2) 
PARAMETRIC_REPRESENTATION_CONTEXT() REPRESENTATION_CONTEXT('2D SPACE',''
  ) );
#803 = PCURVE('',#804,#809);
#804 = PLANE('',#805);
#805 = AXIS2_PLACEMENT_3D('',#806,#807,#808);
#806 = CARTESIAN_POINT('',(-19.29910478065,-1.410763665604,
    68.882678525745));
#807 = DIRECTION('',(-0.229923351796,0.477440759576,0.848048096156));
#808 = DIRECTION('',(-0.900968867902,-0.433883739118,0.));
#809 = DEFINITIONAL_REPRESENTATION('',(#810),#814);
#810 = ELLIPSE('',#811,25.941924873966,22.);
#811 = AXIS2_PLACEMENT_2D('',#812,#813);
#812 = CARTESIAN_POINT('',(-18.,8.375130648091));
#813 = DIRECTION('',(-5.551115123126E-17,-1.));
#814 = ( GEOMETRIC_REPRESENTATION_CONTEXT(2) 
PARAMETRIC_REPRESENTATION_CONTEXT() REPRESENTATION_CONTEXT('2D SPACE',''
  ) );
#815 = ORIENTED_EDGE('',*,*,#816,.F.);
#816 = EDGE_CURVE('',#717,#783,#817,.T.);
#817 = SURFACE_CURVE('',#818,(#823,#833),.PCURVE_S1.);
#818 = ELLIPSE('',#819,41.515758125597,22.);
#819 = AXIS2_PLACEMENT_3D('',#820,#821,#822);
#820 = CARTESIAN_POINT('',(0.,0.,91.483719233199));
#821 = DIRECTION('',(0.367954278912,-0.764064933121,0.529919264233));
#822 = DIRECTION('',(0.229923351796,-0.477440759576,-0.848048096156));
#823 = PCURVE('',#31,#824);
#824 = DEFINITIONAL_REPRESENTATION('',(#825),#832);
#825 = B_SPLINE_CURVE_WITH_KNOTS('',5,(#826,#827,#828,#829,#830,#831),
  .UNSPECIFIED.,.F.,.F.,(6,6),(5.036033614471,5.097684981596),
  .PIECEWISE_BEZIER_KNOTS.);
#826 = CARTESIAN_POINT('',(-3.914036238189,-16.28693109348));
#827 = CARTESIAN_POINT('',(-3.926366511614,-15.87535290016));
#828 = CARTESIAN_POINT('',(-3.938696785039,-15.46590259543));
#829 = CARTESIAN_POINT('',(-3.951027058464,-15.05871054306));
#830 = CARTESIAN_POINT('',(-3.963357331889,-14.65390575829));
#831 = CARTESIAN_POINT('',(-3.975687605314,-14.25161566271));
#832 = ( GEOMETRIC_REPRESENTATION_CONTEXT(2) 
PARAMETRIC_REPRESENTATION_CONTEXT() REPRESENTATION_CONTEXT('2D SPACE',''
  ) );
#833 = PCURVE('',#834,#839);
#834 = PLANE('',#835);
#835 = AXIS2_PLACEMENT_3D('',#836,#837,#838);
#836 = CARTESIAN_POINT('',(-12.67592776024,-15.16393246178,
    78.421225281942));
#837 = DIRECTION('',(0.367954278912,-0.764064933121,0.529919264233));
#838 = DIRECTION('',(-0.229923351796,0.477440759576,0.848048096156));
#839 = DEFINITIONAL_REPRESENTATION('',(#840),#844);
#840 = ELLIPSE('',#841,41.515758125597,22.);
#841 = AXIS2_PLACEMENT_2D('',#842,#843);
#842 = CARTESIAN_POINT('',(15.403010761369,-18.));
#843 = DIRECTION('',(-1.,-2.775557561563E-17));
#844 = ( GEOMETRIC_REPRESENTATION_CONTEXT(2) 
PARAMETRIC_REPRESENTATION_CONTEXT() REPRESENTATION_CONTEXT('2D SPACE',''
  ) );
#845 = FACE_BOUND('',#846,.F.);
#846 = EDGE_LOOP('',(#847,#883,#915,#949));
#847 = ORIENTED_EDGE('',*,*,#848,.F.);
#848 = EDGE_CURVE('',#849,#851,#853,.T.);
#849 = VERTEX_POINT('',#850);
#850 = CARTESIAN_POINT('',(-12.50375917388,-18.10127085377,
    70.578774718058));
#851 = VERTEX_POINT('',#852);
#852 = CARTESIAN_POINT('',(2.291115261969,-21.88037455932,
    80.117321474255));
#853 = SURFACE_CURVE('',#854,(#859,#871),.PCURVE_S1.);
#854 = ELLIPSE('',#855,25.941924873966,22.);
#855 = AXIS2_PLACEMENT_3D('',#856,#857,#858);
#856 = CARTESIAN_POINT('',(0.,0.,75.679178403362));
#857 = DIRECTION('',(-0.516633081904,0.117918129599,0.848048096156));
#858 = DIRECTION('',(-0.826785759816,0.188708454397,-0.529919264233));
#859 = PCURVE('',#31,#860);
#860 = DEFINITIONAL_REPRESENTATION('',(#861),#870);
#861 = B_SPLINE_CURVE_WITH_KNOTS('',7,(#862,#863,#864,#865,#866,#867,
    #868,#869),.UNSPECIFIED.,.F.,.F.,(8,8),(1.114750209891,
    1.973847976969),.PIECEWISE_BEZIER_KNOTS.);
#862 = CARTESIAN_POINT('',(-4.031943388225,-5.624920042438));
#863 = CARTESIAN_POINT('',(-4.154671640665,-7.139654298287));
#864 = CARTESIAN_POINT('',(-4.277399893103,-8.760777591022));
#865 = CARTESIAN_POINT('',(-4.400128145544,-10.45102489716));
#866 = CARTESIAN_POINT('',(-4.522856397981,-12.16920570691));
#867 = CARTESIAN_POINT('',(-4.645584650424,-13.87249330455));
#868 = CARTESIAN_POINT('',(-4.768312902863,-15.51921042294));
#869 = CARTESIAN_POINT('',(-4.891041155303,-17.07117614987));
#870 = ( GEOMETRIC_REPRESENTATION_CONTEXT(2) 
PARAMETRIC_REPRESENTATION_CONTEXT() REPRESENTATION_CONTEXT('2D SPACE',''
  ) );
#871 = PCURVE('',#872,#877);
#872 = PLANE('',#873);
#873 = AXIS2_PLACEMENT_3D('',#874,#875,#876);
#874 = CARTESIAN_POINT('',(-11.96308173145,-15.7324082001,
    70.578774718058));
#875 = DIRECTION('',(-0.516633081904,0.117918129599,0.848048096156));
#876 = DIRECTION('',(-0.222520933956,-0.974927912182,0.));
#877 = DEFINITIONAL_REPRESENTATION('',(#878),#882);
#878 = ELLIPSE('',#879,25.941924873966,22.);
#879 = AXIS2_PLACEMENT_2D('',#880,#881);
#880 = CARTESIAN_POINT('',(-18.,9.624869351909));
#881 = DIRECTION('',(-2.775557561563E-17,-1.));
#882 = ( GEOMETRIC_REPRESENTATION_CONTEXT(2) 
PARAMETRIC_REPRESENTATION_CONTEXT() REPRESENTATION_CONTEXT('2D SPACE',''
  ) );
#883 = ORIENTED_EDGE('',*,*,#884,.T.);
#884 = EDGE_CURVE('',#849,#885,#887,.T.);
#885 = VERTEX_POINT('',#886);
#886 = CARTESIAN_POINT('',(-11.5577622509,-18.71945863938,
    68.882678525745));
#887 = SURFACE_CURVE('',#888,(#893,#903),.PCURVE_S1.);
#888 = ELLIPSE('',#889,41.515758125597,22.);
#889 = AXIS2_PLACEMENT_3D('',#890,#891,#892);
#890 = CARTESIAN_POINT('',(0.,0.,57.516280766801));
#891 = DIRECTION('',(0.826785759816,-0.188708454397,0.529919264233));
#892 = DIRECTION('',(0.516633081904,-0.117918129599,-0.848048096156));
#893 = PCURVE('',#31,#894);
#894 = DEFINITIONAL_REPRESENTATION('',(#895),#902);
#895 = B_SPLINE_CURVE_WITH_KNOTS('',5,(#896,#897,#898,#899,#900,#901),
  .UNSPECIFIED.,.F.,.F.,(6,6),(4.327092979174,4.388744346299),
  .PIECEWISE_BEZIER_KNOTS.);
#896 = CARTESIAN_POINT('',(-4.102693503917,-6.748384337289));
#897 = CARTESIAN_POINT('',(-4.115023777342,-6.346094241709));
#898 = CARTESIAN_POINT('',(-4.127354050767,-5.941289456935));
#899 = CARTESIAN_POINT('',(-4.139684324192,-5.534097404569));
#900 = CARTESIAN_POINT('',(-4.152014597617,-5.124647099832));
#901 = CARTESIAN_POINT('',(-4.164344871042,-4.713068906513));
#902 = ( GEOMETRIC_REPRESENTATION_CONTEXT(2) 
PARAMETRIC_REPRESENTATION_CONTEXT() REPRESENTATION_CONTEXT('2D SPACE',''
  ) );
#903 = PCURVE('',#904,#909);
#904 = PLANE('',#905);
#905 = AXIS2_PLACEMENT_3D('',#906,#907,#908);
#906 = CARTESIAN_POINT('',(-10.92981556765,-15.9682444593,
    68.882678525745));
#907 = DIRECTION('',(0.826785759816,-0.188708454397,0.529919264233));
#908 = DIRECTION('',(-0.516633081904,0.117918129599,0.848048096156));
#909 = DEFINITIONAL_REPRESENTATION('',(#910),#914);
#910 = ELLIPSE('',#911,41.515758125597,22.);
#911 = AXIS2_PLACEMENT_2D('',#912,#913);
#912 = CARTESIAN_POINT('',(-13.40301076136,-18.));
#913 = DIRECTION('',(-1.,1.387778780781E-17));
#914 = ( GEOMETRIC_REPRESENTATION_CONTEXT(2) 
PARAMETRIC_REPRESENTATION_CONTEXT() REPRESENTATION_CONTEXT('2D SPACE',''
  ) );
#915 = ORIENTED_EDGE('',*,*,#916,.T.);
#916 = EDGE_CURVE('',#885,#917,#919,.T.);
#917 = VERTEX_POINT('',#918);
#918 = CARTESIAN_POINT('',(3.411650666605,-21.7338592921,78.421225281942
    ));
#919 = SURFACE_CURVE('',#920,(#925,#937),.PCURVE_S1.);
#920 = ELLIPSE('',#921,25.941924873966,22.);
#921 = AXIS2_PLACEMENT_3D('',#922,#923,#924);
#922 = CARTESIAN_POINT('',(0.,0.,73.320821596638));
#923 = DIRECTION('',(-0.516633081904,0.117918129599,0.848048096156));
#924 = DIRECTION('',(-0.826785759816,0.188708454397,-0.529919264233));
#925 = PCURVE('',#31,#926);
#926 = DEFINITIONAL_REPRESENTATION('',(#927),#936);
#927 = B_SPLINE_CURVE_WITH_KNOTS('',7,(#928,#929,#930,#931,#932,#933,
    #934,#935),.UNSPECIFIED.,.F.,.F.,(8,8),(1.16774467662,2.026842443698
    ),.PIECEWISE_BEZIER_KNOTS.);
#928 = CARTESIAN_POINT('',(-4.084937854954,-3.928823850125));
#929 = CARTESIAN_POINT('',(-4.207666107393,-5.480789577057));
#930 = CARTESIAN_POINT('',(-4.330394359833,-7.12750669545));
#931 = CARTESIAN_POINT('',(-4.453122612273,-8.830794293083));
#932 = CARTESIAN_POINT('',(-4.575850864713,-10.54897510283));
#933 = CARTESIAN_POINT('',(-4.698579117152,-12.23922240897));
#934 = CARTESIAN_POINT('',(-4.821307369592,-13.86034570171));
#935 = CARTESIAN_POINT('',(-4.944035622032,-15.37507995756));
#936 = ( GEOMETRIC_REPRESENTATION_CONTEXT(2) 
PARAMETRIC_REPRESENTATION_CONTEXT() REPRESENTATION_CONTEXT('2D SPACE',''
  ) );
#937 = PCURVE('',#938,#943);
#938 = PLANE('',#939);
#939 = AXIS2_PLACEMENT_3D('',#940,#941,#942);
#940 = CARTESIAN_POINT('',(-10.92981556765,-15.9682444593,
    68.882678525745));
#941 = DIRECTION('',(-0.516633081904,0.117918129599,0.848048096156));
#942 = DIRECTION('',(-0.222520933956,-0.974927912182,0.));
#943 = DEFINITIONAL_REPRESENTATION('',(#944),#948);
#944 = ELLIPSE('',#945,25.941924873966,22.);
#945 = AXIS2_PLACEMENT_2D('',#946,#947);
#946 = CARTESIAN_POINT('',(-18.,8.375130648091));
#947 = DIRECTION('',(-2.775557561563E-17,-1.));
#948 = ( GEOMETRIC_REPRESENTATION_CONTEXT(2) 
PARAMETRIC_REPRESENTATION_CONTEXT() REPRESENTATION_CONTEXT('2D SPACE',''
  ) );
#949 = ORIENTED_EDGE('',*,*,#950,.F.);
#950 = EDGE_CURVE('',#851,#917,#951,.T.);
#951 = SURFACE_CURVE('',#952,(#957,#967),.PCURVE_S1.);
#952 = ELLIPSE('',#953,41.515758125597,22.);
#953 = AXIS2_PLACEMENT_3D('',#954,#955,#956);
#954 = CARTESIAN_POINT('',(0.,0.,91.483719233199));
#955 = DIRECTION('',(0.826785759816,-0.188708454397,0.529919264233));
#956 = DIRECTION('',(0.516633081904,-0.117918129599,-0.848048096156));
#957 = PCURVE('',#31,#958);
#958 = DEFINITIONAL_REPRESENTATION('',(#959),#966);
#959 = B_SPLINE_CURVE_WITH_KNOTS('',5,(#960,#961,#962,#963,#964,#965),
  .UNSPECIFIED.,.F.,.F.,(6,6),(5.036033614471,5.097684981596),
  .PIECEWISE_BEZIER_KNOTS.);
#960 = CARTESIAN_POINT('',(-4.811634139214,-16.28693109348));
#961 = CARTESIAN_POINT('',(-4.823964412639,-15.87535290016));
#962 = CARTESIAN_POINT('',(-4.836294686064,-15.46590259543));
#963 = CARTESIAN_POINT('',(-4.848624959489,-15.05871054306));
#964 = CARTESIAN_POINT('',(-4.860955232914,-14.65390575829));
#965 = CARTESIAN_POINT('',(-4.873285506339,-14.25161566271));
#966 = ( GEOMETRIC_REPRESENTATION_CONTEXT(2) 
PARAMETRIC_REPRESENTATION_CONTEXT() REPRESENTATION_CONTEXT('2D SPACE',''
  ) );
#967 = PCURVE('',#968,#973);
#968 = PLANE('',#969);
#969 = AXIS2_PLACEMENT_3D('',#970,#971,#972);
#970 = CARTESIAN_POINT('',(3.95232810903,-19.36499663844,78.421225281942
    ));
#971 = DIRECTION('',(0.826785759816,-0.188708454397,0.529919264233));
#972 = DIRECTION('',(-0.516633081904,0.117918129599,0.848048096156));
#973 = DEFINITIONAL_REPRESENTATION('',(#974),#978);
#974 = ELLIPSE('',#975,41.515758125597,22.);
#975 = AXIS2_PLACEMENT_2D('',#976,#977);
#976 = CARTESIAN_POINT('',(15.403010761369,-18.));
#977 = DIRECTION('',(-1.,1.387778780781E-17));
#978 = ( GEOMETRIC_REPRESENTATION_CONTEXT(2) 
PARAMETRIC_REPRESENTATION_CONTEXT() REPRESENTATION_CONTEXT('2D SPACE',''
  ) );
#979 = FACE_BOUND('',#980,.F.);
#980 = EDGE_LOOP('',(#981,#1017,#1049,#1083));
#981 = ORIENTED_EDGE('',*,*,#982,.F.);
#982 = EDGE_CURVE('',#983,#985,#987,.T.);
#983 = VERTEX_POINT('',#984);
#984 = CARTESIAN_POINT('',(6.356177096345,-21.06179034934,
    70.578774718058));
#985 = VERTEX_POINT('',#986);
#986 = CARTESIAN_POINT('',(18.535252679394,-11.85092435681,
    80.117321474255));
#987 = SURFACE_CURVE('',#988,(#993,#1005),.PCURVE_S1.);
#988 = ELLIPSE('',#989,25.941924873966,22.);
#989 = AXIS2_PLACEMENT_3D('',#990,#991,#992);
#990 = CARTESIAN_POINT('',(0.,0.,75.679178403362));
#991 = DIRECTION('',(-0.414307563944,-0.330399257058,0.848048096156));
#992 = DIRECTION('',(-0.663030700222,-0.528749339439,-0.529919264233));
#993 = PCURVE('',#31,#994);
#994 = DEFINITIONAL_REPRESENTATION('',(#995),#1004);
#995 = B_SPLINE_CURVE_WITH_KNOTS('',7,(#996,#997,#998,#999,#1000,#1001,
    #1002,#1003),.UNSPECIFIED.,.F.,.F.,(8,8),(1.114750209891,
    1.973847976969),.PIECEWISE_BEZIER_KNOTS.);
#996 = CARTESIAN_POINT('',(-4.92954128925,-5.624920042438));
#997 = CARTESIAN_POINT('',(-5.05226954169,-7.139654298287));
#998 = CARTESIAN_POINT('',(-5.17499779413,-8.760777591023));
#999 = CARTESIAN_POINT('',(-5.29772604657,-10.45102489716));
#1000 = CARTESIAN_POINT('',(-5.420454299009,-12.16920570691));
#1001 = CARTESIAN_POINT('',(-5.543182551449,-13.87249330455));
#1002 = CARTESIAN_POINT('',(-5.665910803889,-15.51921042294));
#1003 = CARTESIAN_POINT('',(-5.788639056328,-17.07117614987));
#1004 = ( GEOMETRIC_REPRESENTATION_CONTEXT(2) 
PARAMETRIC_REPRESENTATION_CONTEXT() REPRESENTATION_CONTEXT('2D SPACE',''
  ) );
#1005 = PCURVE('',#1006,#1011);
#1006 = PLANE('',#1007);
#1007 = AXIS2_PLACEMENT_3D('',#1008,#1009,#1010);
#1008 = CARTESIAN_POINT('',(4.841232567514,-19.16210999643,
    70.578774718058));
#1009 = DIRECTION('',(-0.414307563944,-0.330399257058,0.848048096156));
#1010 = DIRECTION('',(0.623489801859,-0.781831482468,0.));
#1011 = DEFINITIONAL_REPRESENTATION('',(#1012),#1016);
#1012 = ELLIPSE('',#1013,25.941924873966,22.);
#1013 = AXIS2_PLACEMENT_2D('',#1014,#1015);
#1014 = CARTESIAN_POINT('',(-18.,9.624869351909));
#1015 = DIRECTION('',(5.551115123126E-17,-1.));
#1016 = ( GEOMETRIC_REPRESENTATION_CONTEXT(2) 
PARAMETRIC_REPRESENTATION_CONTEXT() REPRESENTATION_CONTEXT('2D SPACE',''
  ) );
#1017 = ORIENTED_EDGE('',*,*,#1018,.T.);
#1018 = EDGE_CURVE('',#983,#1019,#1021,.T.);
#1019 = VERTEX_POINT('',#1020);
#1020 = CARTESIAN_POINT('',(7.429315203282,-20.7076139526,
    68.882678525745));
#1021 = SURFACE_CURVE('',#1022,(#1027,#1037),.PCURVE_S1.);
#1022 = ELLIPSE('',#1023,41.515758125597,22.);
#1023 = AXIS2_PLACEMENT_3D('',#1024,#1025,#1026);
#1024 = CARTESIAN_POINT('',(0.,0.,57.516280766801));
#1025 = DIRECTION('',(0.663030700222,0.528749339439,0.529919264233));
#1026 = DIRECTION('',(0.414307563944,0.330399257058,-0.848048096156));
#1027 = PCURVE('',#31,#1028);
#1028 = DEFINITIONAL_REPRESENTATION('',(#1029),#1036);
#1029 = B_SPLINE_CURVE_WITH_KNOTS('',5,(#1030,#1031,#1032,#1033,#1034,
    #1035),.UNSPECIFIED.,.F.,.F.,(6,6),(4.327092979174,4.388744346299),
  .PIECEWISE_BEZIER_KNOTS.);
#1030 = CARTESIAN_POINT('',(-5.000291404943,-6.748384337289));
#1031 = CARTESIAN_POINT('',(-5.012621678368,-6.346094241709));
#1032 = CARTESIAN_POINT('',(-5.024951951793,-5.941289456935));
#1033 = CARTESIAN_POINT('',(-5.037282225218,-5.534097404569));
#1034 = CARTESIAN_POINT('',(-5.049612498643,-5.124647099832));
#1035 = CARTESIAN_POINT('',(-5.061942772068,-4.713068906513));
#1036 = ( GEOMETRIC_REPRESENTATION_CONTEXT(2) 
PARAMETRIC_REPRESENTATION_CONTEXT() REPRESENTATION_CONTEXT('2D SPACE',''
  ) );
#1037 = PCURVE('',#1038,#1043);
#1038 = PLANE('',#1039);
#1039 = AXIS2_PLACEMENT_3D('',#1040,#1041,#1042);
#1040 = CARTESIAN_POINT('',(5.669847695401,-18.50131148232,
    68.882678525745));
#1041 = DIRECTION('',(0.663030700222,0.528749339439,0.529919264233));
#1042 = DIRECTION('',(-0.414307563944,-0.330399257058,0.848048096156));
#1043 = DEFINITIONAL_REPRESENTATION('',(#1044),#1048);
#1044 = ELLIPSE('',#1045,41.515758125597,22.);
#1045 = AXIS2_PLACEMENT_2D('',#1046,#1047);
#1046 = CARTESIAN_POINT('',(-13.40301076136,-18.));
#1047 = DIRECTION('',(-1.,5.551115123126E-17));
#1048 = ( GEOMETRIC_REPRESENTATION_CONTEXT(2) 
PARAMETRIC_REPRESENTATION_CONTEXT() REPRESENTATION_CONTEXT('2D SPACE',''
  ) );
#1049 = ORIENTED_EDGE('',*,*,#1050,.T.);
#1050 = EDGE_CURVE('',#1019,#1051,#1053,.T.);
#1051 = VERTEX_POINT('',#1052);
#1052 = CARTESIAN_POINT('',(19.119344828231,-10.88350372532,
    78.421225281942));
#1053 = SURFACE_CURVE('',#1054,(#1059,#1071),.PCURVE_S1.);
#1054 = ELLIPSE('',#1055,25.941924873966,22.);
#1055 = AXIS2_PLACEMENT_3D('',#1056,#1057,#1058);
#1056 = CARTESIAN_POINT('',(0.,0.,73.320821596638));
#1057 = DIRECTION('',(-0.414307563944,-0.330399257058,0.848048096156));
#1058 = DIRECTION('',(-0.663030700222,-0.528749339439,-0.529919264233));
#1059 = PCURVE('',#31,#1060);
#1060 = DEFINITIONAL_REPRESENTATION('',(#1061),#1070);
#1061 = B_SPLINE_CURVE_WITH_KNOTS('',7,(#1062,#1063,#1064,#1065,#1066,
    #1067,#1068,#1069),.UNSPECIFIED.,.F.,.F.,(8,8),(1.16774467662,
    2.026842443698),.PIECEWISE_BEZIER_KNOTS.);
#1062 = CARTESIAN_POINT('',(-4.982535755979,-3.928823850125));
#1063 = CARTESIAN_POINT('',(-5.105264008419,-5.480789577057));
#1064 = CARTESIAN_POINT('',(-5.22799226086,-7.12750669545));
#1065 = CARTESIAN_POINT('',(-5.350720513296,-8.830794293084));
#1066 = CARTESIAN_POINT('',(-5.47344876574,-10.54897510284));
#1067 = CARTESIAN_POINT('',(-5.596177018177,-12.23922240897));
#1068 = CARTESIAN_POINT('',(-5.718905270618,-13.86034570171));
#1069 = CARTESIAN_POINT('',(-5.841633523057,-15.37507995756));
#1070 = ( GEOMETRIC_REPRESENTATION_CONTEXT(2) 
PARAMETRIC_REPRESENTATION_CONTEXT() REPRESENTATION_CONTEXT('2D SPACE',''
  ) );
#1071 = PCURVE('',#1072,#1077);
#1072 = PLANE('',#1073);
#1073 = AXIS2_PLACEMENT_3D('',#1074,#1075,#1076);
#1074 = CARTESIAN_POINT('',(5.669847695401,-18.50131148232,
    68.882678525745));
#1075 = DIRECTION('',(-0.414307563944,-0.330399257058,0.848048096156));
#1076 = DIRECTION('',(0.623489801859,-0.781831482468,0.));
#1077 = DEFINITIONAL_REPRESENTATION('',(#1078),#1082);
#1078 = ELLIPSE('',#1079,25.941924873966,22.);
#1079 = AXIS2_PLACEMENT_2D('',#1080,#1081);
#1080 = CARTESIAN_POINT('',(-18.,8.375130648091));
#1081 = DIRECTION('',(5.551115123126E-17,-1.));
#1082 = ( GEOMETRIC_REPRESENTATION_CONTEXT(2) 
PARAMETRIC_REPRESENTATION_CONTEXT() REPRESENTATION_CONTEXT('2D SPACE',''
  ) );
#1083 = ORIENTED_EDGE('',*,*,#1084,.F.);
#1084 = EDGE_CURVE('',#985,#1051,#1085,.T.);
#1085 = SURFACE_CURVE('',#1086,(#1091,#1101),.PCURVE_S1.);
#1086 = ELLIPSE('',#1087,41.515758125597,22.);
#1087 = AXIS2_PLACEMENT_3D('',#1088,#1089,#1090);
#1088 = CARTESIAN_POINT('',(0.,0.,91.483719233199));
#1089 = DIRECTION('',(0.663030700222,0.528749339439,0.529919264233));
#1090 = DIRECTION('',(0.414307563944,0.330399257058,-0.848048096156));
#1091 = PCURVE('',#31,#1092);
#1092 = DEFINITIONAL_REPRESENTATION('',(#1093),#1100);
#1093 = B_SPLINE_CURVE_WITH_KNOTS('',5,(#1094,#1095,#1096,#1097,#1098,
    #1099),.UNSPECIFIED.,.F.,.F.,(6,6),(5.036033614471,5.097684981596),
  .PIECEWISE_BEZIER_KNOTS.);
#1094 = CARTESIAN_POINT('',(-5.70923204024,-16.28693109348));
#1095 = CARTESIAN_POINT('',(-5.721562313665,-15.87535290016));
#1096 = CARTESIAN_POINT('',(-5.73389258709,-15.46590259543));
#1097 = CARTESIAN_POINT('',(-5.746222860515,-15.05871054306));
#1098 = CARTESIAN_POINT('',(-5.75855313394,-14.65390575829));
#1099 = CARTESIAN_POINT('',(-5.770883407365,-14.25161566271));
#1100 = ( GEOMETRIC_REPRESENTATION_CONTEXT(2) 
PARAMETRIC_REPRESENTATION_CONTEXT() REPRESENTATION_CONTEXT('2D SPACE',''
  ) );
#1101 = PCURVE('',#1102,#1107);
#1102 = PLANE('',#1103);
#1103 = AXIS2_PLACEMENT_3D('',#1104,#1105,#1106);
#1104 = CARTESIAN_POINT('',(17.604400299401,-8.983823372413,
    78.421225281942));
#1105 = DIRECTION('',(0.663030700222,0.528749339439,0.529919264233));
#1106 = DIRECTION('',(-0.414307563944,-0.330399257058,0.848048096156));
#1107 = DEFINITIONAL_REPRESENTATION('',(#1108),#1112);
#1108 = ELLIPSE('',#1109,41.515758125597,22.);
#1109 = AXIS2_PLACEMENT_2D('',#1110,#1111);
#1110 = CARTESIAN_POINT('',(15.403010761369,-18.));
#1111 = DIRECTION('',(-1.,5.551115123126E-17));
#1112 = ( GEOMETRIC_REPRESENTATION_CONTEXT(2) 
PARAMETRIC_REPRESENTATION_CONTEXT() REPRESENTATION_CONTEXT('2D SPACE',''
  ) );
#1113 = ADVANCED_FACE('',(#1114),#43,.F.);
#1114 = FACE_BOUND('',#1115,.F.);
#1115 = EDGE_LOOP('',(#1116));
#1116 = ORIENTED_EDGE('',*,*,#21,.T.);
#1117 = ADVANCED_FACE('',(#1118),#98,.F.);
#1118 = FACE_BOUND('',#1119,.F.);
#1119 = EDGE_LOOP('',(#1120,#1143,#1144,#1145,#1168));
#1120 = ORIENTED_EDGE('',*,*,#1121,.F.);
#1121 = EDGE_CURVE('',#79,#1122,#1124,.T.);
#1122 = VERTEX_POINT('',#1123);
#1123 = CARTESIAN_POINT('',(66.,8.162352129641,78.421225281942));
#1124 = SURFACE_CURVE('',#1125,(#1129,#1136),.PCURVE_S1.);
#1125 = LINE('',#1126,#1127);
#1126 = CARTESIAN_POINT('',(18.,8.162352129641,78.421225281942));
#1127 = VECTOR('',#1128,1.);
#1128 = DIRECTION('',(1.,0.,0.));
#1129 = PCURVE('',#98,#1130);
#1130 = DEFINITIONAL_REPRESENTATION('',(#1131),#1135);
#1131 = LINE('',#1132,#1133);
#1132 = CARTESIAN_POINT('',(0.,18.));
#1133 = VECTOR('',#1134,1.);
#1134 = DIRECTION('',(1.,0.));
#1135 = ( GEOMETRIC_REPRESENTATION_CONTEXT(2) 
PARAMETRIC_REPRESENTATION_CONTEXT() REPRESENTATION_CONTEXT('2D SPACE',''
  ) );
#1136 = PCURVE('',#130,#1137);
#1137 = DEFINITIONAL_REPRESENTATION('',(#1138),#1142);
#1138 = LINE('',#1139,#1140);
#1139 = CARTESIAN_POINT('',(0.,0.));
#1140 = VECTOR('',#1141,1.);
#1141 = DIRECTION('',(0.,1.));
#1142 = ( GEOMETRIC_REPRESENTATION_CONTEXT(2) 
PARAMETRIC_REPRESENTATION_CONTEXT() REPRESENTATION_CONTEXT('2D SPACE',''
  ) );
#1143 = ORIENTED_EDGE('',*,*,#78,.F.);
#1144 = ORIENTED_EDGE('',*,*,#284,.F.);
#1145 = ORIENTED_EDGE('',*,*,#1146,.T.);
#1146 = EDGE_CURVE('',#253,#1147,#1149,.T.);
#1147 = VERTEX_POINT('',#1148);
#1148 = CARTESIAN_POINT('',(66.,-7.102513601175,68.882678525745));
#1149 = SURFACE_CURVE('',#1150,(#1154,#1161),.PCURVE_S1.);
#1150 = LINE('',#1151,#1152);
#1151 = CARTESIAN_POINT('',(18.,-7.102513601175,68.882678525745));
#1152 = VECTOR('',#1153,1.);
#1153 = DIRECTION('',(1.,0.,0.));
#1154 = PCURVE('',#98,#1155);
#1155 = DEFINITIONAL_REPRESENTATION('',(#1156),#1160);
#1156 = LINE('',#1157,#1158);
#1157 = CARTESIAN_POINT('',(0.,0.));
#1158 = VECTOR('',#1159,1.);
#1159 = DIRECTION('',(1.,0.));
#1160 = ( GEOMETRIC_REPRESENTATION_CONTEXT(2) 
PARAMETRIC_REPRESENTATION_CONTEXT() REPRESENTATION_CONTEXT('2D SPACE',''
  ) );
#1161 = PCURVE('',#272,#1162);
#1162 = DEFINITIONAL_REPRESENTATION('',(#1163),#1167);
#1163 = LINE('',#1164,#1165);
#1164 = CARTESIAN_POINT('',(0.,0.));
#1165 = VECTOR('',#1166,1.);
#1166 = DIRECTION('',(0.,1.));
#1167 = ( GEOMETRIC_REPRESENTATION_CONTEXT(2) 
PARAMETRIC_REPRESENTATION_CONTEXT() REPRESENTATION_CONTEXT('2D SPACE',''
  ) );
#1168 = ORIENTED_EDGE('',*,*,#1169,.T.);
#1169 = EDGE_CURVE('',#1147,#1122,#1170,.T.);
#1170 = SURFACE_CURVE('',#1171,(#1175,#1182),.PCURVE_S1.);
#1171 = LINE('',#1172,#1173);
#1172 = CARTESIAN_POINT('',(66.,-7.102513601175,68.882678525745));
#1173 = VECTOR('',#1174,1.);
#1174 = DIRECTION('',(0.,0.848048096156,0.529919264233));
#1175 = PCURVE('',#98,#1176);
#1176 = DEFINITIONAL_REPRESENTATION('',(#1177),#1181);
#1177 = LINE('',#1178,#1179);
#1178 = CARTESIAN_POINT('',(48.,0.));
#1179 = VECTOR('',#1180,1.);
#1180 = DIRECTION('',(0.,1.));
#1181 = ( GEOMETRIC_REPRESENTATION_CONTEXT(2) 
PARAMETRIC_REPRESENTATION_CONTEXT() REPRESENTATION_CONTEXT('2D SPACE',''
  ) );
#1182 = PCURVE('',#1183,#1188);
#1183 = PLANE('',#1184);
#1184 = AXIS2_PLACEMENT_3D('',#1185,#1186,#1187);
#1185 = CARTESIAN_POINT('',(66.,-7.102513601175,68.882678525745));
#1186 = DIRECTION('',(1.,0.,0.));
#1187 = DIRECTION('',(0.,-0.529919264233,0.848048096156));
#1188 = DEFINITIONAL_REPRESENTATION('',(#1189),#1193);
#1189 = LINE('',#1190,#1191);
#1190 = CARTESIAN_POINT('',(0.,0.));
#1191 = VECTOR('',#1192,1.);
#1192 = DIRECTION('',(0.,-1.));
#1193 = ( GEOMETRIC_REPRESENTATION_CONTEXT(2) 
PARAMETRIC_REPRESENTATION_CONTEXT() REPRESENTATION_CONTEXT('2D SPACE',''
  ) );
#1194 = ADVANCED_FACE('',(#1195),#272,.F.);
#1195 = FACE_BOUND('',#1196,.F.);
#1196 = EDGE_LOOP('',(#1197,#1198,#1199,#1222));
#1197 = ORIENTED_EDGE('',*,*,#1146,.F.);
#1198 = ORIENTED_EDGE('',*,*,#252,.F.);
#1199 = ORIENTED_EDGE('',*,*,#1200,.T.);
#1200 = EDGE_CURVE('',#226,#1201,#1203,.T.);
#1201 = VERTEX_POINT('',#1202);
#1202 = CARTESIAN_POINT('',(66.,-8.162352129641,70.578774718058));
#1203 = SURFACE_CURVE('',#1204,(#1208,#1215),.PCURVE_S1.);
#1204 = LINE('',#1205,#1206);
#1205 = CARTESIAN_POINT('',(18.,-8.162352129641,70.578774718058));
#1206 = VECTOR('',#1207,1.);
#1207 = DIRECTION('',(1.,0.,0.));
#1208 = PCURVE('',#272,#1209);
#1209 = DEFINITIONAL_REPRESENTATION('',(#1210),#1214);
#1210 = LINE('',#1211,#1212);
#1211 = CARTESIAN_POINT('',(2.,0.));
#1212 = VECTOR('',#1213,1.);
#1213 = DIRECTION('',(0.,1.));
#1214 = ( GEOMETRIC_REPRESENTATION_CONTEXT(2) 
PARAMETRIC_REPRESENTATION_CONTEXT() REPRESENTATION_CONTEXT('2D SPACE',''
  ) );
#1215 = PCURVE('',#162,#1216);
#1216 = DEFINITIONAL_REPRESENTATION('',(#1217),#1221);
#1217 = LINE('',#1218,#1219);
#1218 = CARTESIAN_POINT('',(0.,0.));
#1219 = VECTOR('',#1220,1.);
#1220 = DIRECTION('',(1.,0.));
#1221 = ( GEOMETRIC_REPRESENTATION_CONTEXT(2) 
PARAMETRIC_REPRESENTATION_CONTEXT() REPRESENTATION_CONTEXT('2D SPACE',''
  ) );
#1222 = ORIENTED_EDGE('',*,*,#1223,.F.);
#1223 = EDGE_CURVE('',#1147,#1201,#1224,.T.);
#1224 = SURFACE_CURVE('',#1225,(#1229,#1236),.PCURVE_S1.);
#1225 = LINE('',#1226,#1227);
#1226 = CARTESIAN_POINT('',(66.,-7.102513601175,68.882678525745));
#1227 = VECTOR('',#1228,1.);
#1228 = DIRECTION('',(0.,-0.529919264233,0.848048096156));
#1229 = PCURVE('',#272,#1230);
#1230 = DEFINITIONAL_REPRESENTATION('',(#1231),#1235);
#1231 = LINE('',#1232,#1233);
#1232 = CARTESIAN_POINT('',(0.,48.));
#1233 = VECTOR('',#1234,1.);
#1234 = DIRECTION('',(1.,0.));
#1235 = ( GEOMETRIC_REPRESENTATION_CONTEXT(2) 
PARAMETRIC_REPRESENTATION_CONTEXT() REPRESENTATION_CONTEXT('2D SPACE',''
  ) );
#1236 = PCURVE('',#1183,#1237);
#1237 = DEFINITIONAL_REPRESENTATION('',(#1238),#1242);
#1238 = LINE('',#1239,#1240);
#1239 = CARTESIAN_POINT('',(0.,0.));
#1240 = VECTOR('',#1241,1.);
#1241 = DIRECTION('',(1.,0.));
#1242 = ( GEOMETRIC_REPRESENTATION_CONTEXT(2) 
PARAMETRIC_REPRESENTATION_CONTEXT() REPRESENTATION_CONTEXT('2D SPACE',''
  ) );
#1243 = ADVANCED_FACE('',(#1244),#162,.T.);
#1244 = FACE_BOUND('',#1245,.T.);
#1245 = EDGE_LOOP('',(#1246,#1269,#1270,#1271,#1272));
#1246 = ORIENTED_EDGE('',*,*,#1247,.F.);
#1247 = EDGE_CURVE('',#111,#1248,#1250,.T.);
#1248 = VERTEX_POINT('',#1249);
#1249 = CARTESIAN_POINT('',(66.,7.102513601175,80.117321474255));
#1250 = SURFACE_CURVE('',#1251,(#1255,#1262),.PCURVE_S1.);
#1251 = LINE('',#1252,#1253);
#1252 = CARTESIAN_POINT('',(18.,7.102513601175,80.117321474255));
#1253 = VECTOR('',#1254,1.);
#1254 = DIRECTION('',(1.,0.,0.));
#1255 = PCURVE('',#162,#1256);
#1256 = DEFINITIONAL_REPRESENTATION('',(#1257),#1261);
#1257 = LINE('',#1258,#1259);
#1258 = CARTESIAN_POINT('',(0.,18.));
#1259 = VECTOR('',#1260,1.);
#1260 = DIRECTION('',(1.,0.));
#1261 = ( GEOMETRIC_REPRESENTATION_CONTEXT(2) 
PARAMETRIC_REPRESENTATION_CONTEXT() REPRESENTATION_CONTEXT('2D SPACE',''
  ) );
#1262 = PCURVE('',#130,#1263);
#1263 = DEFINITIONAL_REPRESENTATION('',(#1264),#1268);
#1264 = LINE('',#1265,#1266);
#1265 = CARTESIAN_POINT('',(2.,0.));
#1266 = VECTOR('',#1267,1.);
#1267 = DIRECTION('',(0.,1.));
#1268 = ( GEOMETRIC_REPRESENTATION_CONTEXT(2) 
PARAMETRIC_REPRESENTATION_CONTEXT() REPRESENTATION_CONTEXT('2D SPACE',''
  ) );
#1269 = ORIENTED_EDGE('',*,*,#142,.F.);
#1270 = ORIENTED_EDGE('',*,*,#225,.F.);
#1271 = ORIENTED_EDGE('',*,*,#1200,.T.);
#1272 = ORIENTED_EDGE('',*,*,#1273,.T.);
#1273 = EDGE_CURVE('',#1201,#1248,#1274,.T.);
#1274 = SURFACE_CURVE('',#1275,(#1279,#1286),.PCURVE_S1.);
#1275 = LINE('',#1276,#1277);
#1276 = CARTESIAN_POINT('',(66.,-8.162352129641,70.578774718058));
#1277 = VECTOR('',#1278,1.);
#1278 = DIRECTION('',(0.,0.848048096156,0.529919264233));
#1279 = PCURVE('',#162,#1280);
#1280 = DEFINITIONAL_REPRESENTATION('',(#1281),#1285);
#1281 = LINE('',#1282,#1283);
#1282 = CARTESIAN_POINT('',(48.,0.));
#1283 = VECTOR('',#1284,1.);
#1284 = DIRECTION('',(0.,1.));
#1285 = ( GEOMETRIC_REPRESENTATION_CONTEXT(2) 
PARAMETRIC_REPRESENTATION_CONTEXT() REPRESENTATION_CONTEXT('2D SPACE',''
  ) );
#1286 = PCURVE('',#1183,#1287);
#1287 = DEFINITIONAL_REPRESENTATION('',(#1288),#1292);
#1288 = LINE('',#1289,#1290);
#1289 = CARTESIAN_POINT('',(2.,-2.775557561563E-15));
#1290 = VECTOR('',#1291,1.);
#1291 = DIRECTION('',(0.,-1.));
#1292 = ( GEOMETRIC_REPRESENTATION_CONTEXT(2) 
PARAMETRIC_REPRESENTATION_CONTEXT() REPRESENTATION_CONTEXT('2D SPACE',''
  ) );
#1293 = ADVANCED_FACE('',(#1294),#212,.T.);
#1294 = FACE_BOUND('',#1295,.T.);
#1295 = EDGE_LOOP('',(#1296));
#1296 = ORIENTED_EDGE('',*,*,#197,.T.);
#1297 = ADVANCED_FACE('',(#1298),#130,.T.);
#1298 = FACE_BOUND('',#1299,.T.);
#1299 = EDGE_LOOP('',(#1300,#1301,#1302,#1303));
#1300 = ORIENTED_EDGE('',*,*,#1121,.F.);
#1301 = ORIENTED_EDGE('',*,*,#110,.F.);
#1302 = ORIENTED_EDGE('',*,*,#1247,.T.);
#1303 = ORIENTED_EDGE('',*,*,#1304,.F.);
#1304 = EDGE_CURVE('',#1122,#1248,#1305,.T.);
#1305 = SURFACE_CURVE('',#1306,(#1310,#1317),.PCURVE_S1.);
#1306 = LINE('',#1307,#1308);
#1307 = CARTESIAN_POINT('',(66.,8.162352129641,78.421225281942));
#1308 = VECTOR('',#1309,1.);
#1309 = DIRECTION('',(0.,-0.529919264233,0.848048096156));
#1310 = PCURVE('',#130,#1311);
#1311 = DEFINITIONAL_REPRESENTATION('',(#1312),#1316);
#1312 = LINE('',#1313,#1314);
#1313 = CARTESIAN_POINT('',(0.,48.));
#1314 = VECTOR('',#1315,1.);
#1315 = DIRECTION('',(1.,0.));
#1316 = ( GEOMETRIC_REPRESENTATION_CONTEXT(2) 
PARAMETRIC_REPRESENTATION_CONTEXT() REPRESENTATION_CONTEXT('2D SPACE',''
  ) );
#1317 = PCURVE('',#1183,#1318);
#1318 = DEFINITIONAL_REPRESENTATION('',(#1319),#1323);
#1319 = LINE('',#1320,#1321);
#1320 = CARTESIAN_POINT('',(0.,-18.));
#1321 = VECTOR('',#1322,1.);
#1322 = DIRECTION('',(1.,0.));
#1323 = ( GEOMETRIC_REPRESENTATION_CONTEXT(2) 
PARAMETRIC_REPRESENTATION_CONTEXT() REPRESENTATION_CONTEXT('2D SPACE',''
  ) );
#1324 = ADVANCED_FACE('',(#1325),#336,.T.);
#1325 = FACE_BOUND('',#1326,.T.);
#1326 = EDGE_LOOP('',(#1327,#1350,#1351,#1374));
#1327 = ORIENTED_EDGE('',*,*,#1328,.F.);
#1328 = EDGE_CURVE('',#315,#1329,#1331,.T.);
#1329 = VERTEX_POINT('',#1330);
#1330 = CARTESIAN_POINT('',(-62.54561043997,22.237183143247,
    80.117321474255));
#1331 = SURFACE_CURVE('',#1332,(#1336,#1343),.PCURVE_S1.);
#1332 = LINE('',#1333,#1334);
#1333 = CARTESIAN_POINT('',(-19.29910478065,1.410763665604,
    80.117321474255));
#1334 = VECTOR('',#1335,1.);
#1335 = DIRECTION('',(-0.900968867902,0.433883739118,0.));
#1336 = PCURVE('',#336,#1337);
#1337 = DEFINITIONAL_REPRESENTATION('',(#1338),#1342);
#1338 = LINE('',#1339,#1340);
#1339 = CARTESIAN_POINT('',(0.,18.));
#1340 = VECTOR('',#1341,1.);
#1341 = DIRECTION('',(1.,1.247327305747E-17));
#1342 = ( GEOMETRIC_REPRESENTATION_CONTEXT(2) 
PARAMETRIC_REPRESENTATION_CONTEXT() REPRESENTATION_CONTEXT('2D SPACE',''
  ) );
#1343 = PCURVE('',#432,#1344);
#1344 = DEFINITIONAL_REPRESENTATION('',(#1345),#1349);
#1345 = LINE('',#1346,#1347);
#1346 = CARTESIAN_POINT('',(2.,-1.443289932013E-15));
#1347 = VECTOR('',#1348,1.);
#1348 = DIRECTION('',(-2.775557561563E-17,1.));
#1349 = ( GEOMETRIC_REPRESENTATION_CONTEXT(2) 
PARAMETRIC_REPRESENTATION_CONTEXT() REPRESENTATION_CONTEXT('2D SPACE',''
  ) );
#1350 = ORIENTED_EDGE('',*,*,#312,.F.);
#1351 = ORIENTED_EDGE('',*,*,#1352,.T.);
#1352 = EDGE_CURVE('',#313,#1353,#1355,.T.);
#1353 = VERTEX_POINT('',#1354);
#1354 = CARTESIAN_POINT('',(-55.92243341955,35.990351939422,
    70.578774718058));
#1355 = SURFACE_CURVE('',#1356,(#1360,#1367),.PCURVE_S1.);
#1356 = LINE('',#1357,#1358);
#1357 = CARTESIAN_POINT('',(-12.67592776024,15.16393246178,
    70.578774718058));
#1358 = VECTOR('',#1359,1.);
#1359 = DIRECTION('',(-0.900968867902,0.433883739118,0.));
#1360 = PCURVE('',#336,#1361);
#1361 = DEFINITIONAL_REPRESENTATION('',(#1362),#1366);
#1362 = LINE('',#1363,#1364);
#1363 = CARTESIAN_POINT('',(0.,0.));
#1364 = VECTOR('',#1365,1.);
#1365 = DIRECTION('',(1.,1.247327305747E-17));
#1366 = ( GEOMETRIC_REPRESENTATION_CONTEXT(2) 
PARAMETRIC_REPRESENTATION_CONTEXT() REPRESENTATION_CONTEXT('2D SPACE',''
  ) );
#1367 = PCURVE('',#368,#1368);
#1368 = DEFINITIONAL_REPRESENTATION('',(#1369),#1373);
#1369 = LINE('',#1370,#1371);
#1370 = CARTESIAN_POINT('',(2.,-1.33226762955E-15));
#1371 = VECTOR('',#1372,1.);
#1372 = DIRECTION('',(-2.775557561563E-17,1.));
#1373 = ( GEOMETRIC_REPRESENTATION_CONTEXT(2) 
PARAMETRIC_REPRESENTATION_CONTEXT() REPRESENTATION_CONTEXT('2D SPACE',''
  ) );
#1374 = ORIENTED_EDGE('',*,*,#1375,.T.);
#1375 = EDGE_CURVE('',#1353,#1329,#1376,.T.);
#1376 = SURFACE_CURVE('',#1377,(#1381,#1388),.PCURVE_S1.);
#1377 = LINE('',#1378,#1379);
#1378 = CARTESIAN_POINT('',(-55.92243341955,35.990351939422,
    70.578774718058));
#1379 = VECTOR('',#1380,1.);
#1380 = DIRECTION('',(-0.367954278912,-0.764064933121,0.529919264233));
#1381 = PCURVE('',#336,#1382);
#1382 = DEFINITIONAL_REPRESENTATION('',(#1383),#1387);
#1383 = LINE('',#1384,#1385);
#1384 = CARTESIAN_POINT('',(48.,1.7763568394E-15));
#1385 = VECTOR('',#1386,1.);
#1386 = DIRECTION('',(0.,1.));
#1387 = ( GEOMETRIC_REPRESENTATION_CONTEXT(2) 
PARAMETRIC_REPRESENTATION_CONTEXT() REPRESENTATION_CONTEXT('2D SPACE',''
  ) );
#1388 = PCURVE('',#1389,#1394);
#1389 = PLANE('',#1390);
#1390 = AXIS2_PLACEMENT_3D('',#1391,#1392,#1393);
#1391 = CARTESIAN_POINT('',(-56.38228012314,35.035470420271,
    68.882678525745));
#1392 = DIRECTION('',(-0.900968867902,0.433883739118,0.));
#1393 = DIRECTION('',(0.229923351796,0.477440759576,0.848048096156));
#1394 = DEFINITIONAL_REPRESENTATION('',(#1395),#1399);
#1395 = LINE('',#1396,#1397);
#1396 = CARTESIAN_POINT('',(2.,-6.217248937901E-15));
#1397 = VECTOR('',#1398,1.);
#1398 = DIRECTION('',(5.551115123126E-17,-1.));
#1399 = ( GEOMETRIC_REPRESENTATION_CONTEXT(2) 
PARAMETRIC_REPRESENTATION_CONTEXT() REPRESENTATION_CONTEXT('2D SPACE',''
  ) );
#1400 = ADVANCED_FACE('',(#1401),#368,.F.);
#1401 = FACE_BOUND('',#1402,.F.);
#1402 = EDGE_LOOP('',(#1403,#1426,#1427,#1428));
#1403 = ORIENTED_EDGE('',*,*,#1404,.F.);
#1404 = EDGE_CURVE('',#349,#1405,#1407,.T.);
#1405 = VERTEX_POINT('',#1406);
#1406 = CARTESIAN_POINT('',(-56.38228012314,35.035470420271,
    68.882678525745));
#1407 = SURFACE_CURVE('',#1408,(#1412,#1419),.PCURVE_S1.);
#1408 = LINE('',#1409,#1410);
#1409 = CARTESIAN_POINT('',(-13.13577446383,14.209050942628,
    68.882678525745));
#1410 = VECTOR('',#1411,1.);
#1411 = DIRECTION('',(-0.900968867902,0.433883739118,0.));
#1412 = PCURVE('',#368,#1413);
#1413 = DEFINITIONAL_REPRESENTATION('',(#1414),#1418);
#1414 = LINE('',#1415,#1416);
#1415 = CARTESIAN_POINT('',(0.,0.));
#1416 = VECTOR('',#1417,1.);
#1417 = DIRECTION('',(-2.775557561563E-17,1.));
#1418 = ( GEOMETRIC_REPRESENTATION_CONTEXT(2) 
PARAMETRIC_REPRESENTATION_CONTEXT() REPRESENTATION_CONTEXT('2D SPACE',''
  ) );
#1419 = PCURVE('',#402,#1420);
#1420 = DEFINITIONAL_REPRESENTATION('',(#1421),#1425);
#1421 = LINE('',#1422,#1423);
#1422 = CARTESIAN_POINT('',(0.,0.));
#1423 = VECTOR('',#1424,1.);
#1424 = DIRECTION('',(1.,1.247327305747E-17));
#1425 = ( GEOMETRIC_REPRESENTATION_CONTEXT(2) 
PARAMETRIC_REPRESENTATION_CONTEXT() REPRESENTATION_CONTEXT('2D SPACE',''
  ) );
#1426 = ORIENTED_EDGE('',*,*,#348,.F.);
#1427 = ORIENTED_EDGE('',*,*,#1352,.T.);
#1428 = ORIENTED_EDGE('',*,*,#1429,.F.);
#1429 = EDGE_CURVE('',#1405,#1353,#1430,.T.);
#1430 = SURFACE_CURVE('',#1431,(#1435,#1442),.PCURVE_S1.);
#1431 = LINE('',#1432,#1433);
#1432 = CARTESIAN_POINT('',(-56.38228012314,35.035470420271,
    68.882678525745));
#1433 = VECTOR('',#1434,1.);
#1434 = DIRECTION('',(0.229923351796,0.477440759576,0.848048096156));
#1435 = PCURVE('',#368,#1436);
#1436 = DEFINITIONAL_REPRESENTATION('',(#1437),#1441);
#1437 = LINE('',#1438,#1439);
#1438 = CARTESIAN_POINT('',(1.7763568394E-15,48.));
#1439 = VECTOR('',#1440,1.);
#1440 = DIRECTION('',(1.,0.));
#1441 = ( GEOMETRIC_REPRESENTATION_CONTEXT(2) 
PARAMETRIC_REPRESENTATION_CONTEXT() REPRESENTATION_CONTEXT('2D SPACE',''
  ) );
#1442 = PCURVE('',#1389,#1443);
#1443 = DEFINITIONAL_REPRESENTATION('',(#1444),#1448);
#1444 = LINE('',#1445,#1446);
#1445 = CARTESIAN_POINT('',(0.,0.));
#1446 = VECTOR('',#1447,1.);
#1447 = DIRECTION('',(1.,-1.110223024625E-16));
#1448 = ( GEOMETRIC_REPRESENTATION_CONTEXT(2) 
PARAMETRIC_REPRESENTATION_CONTEXT() REPRESENTATION_CONTEXT('2D SPACE',''
  ) );
#1449 = ADVANCED_FACE('',(#1450),#432,.T.);
#1450 = FACE_BOUND('',#1451,.T.);
#1451 = EDGE_LOOP('',(#1452,#1475,#1476,#1477));
#1452 = ORIENTED_EDGE('',*,*,#1453,.F.);
#1453 = EDGE_CURVE('',#381,#1454,#1456,.T.);
#1454 = VERTEX_POINT('',#1455);
#1455 = CARTESIAN_POINT('',(-63.00545714356,21.282301624095,
    78.421225281942));
#1456 = SURFACE_CURVE('',#1457,(#1461,#1468),.PCURVE_S1.);
#1457 = LINE('',#1458,#1459);
#1458 = CARTESIAN_POINT('',(-19.75895148424,0.455882146452,
    78.421225281942));
#1459 = VECTOR('',#1460,1.);
#1460 = DIRECTION('',(-0.900968867902,0.433883739118,0.));
#1461 = PCURVE('',#432,#1462);
#1462 = DEFINITIONAL_REPRESENTATION('',(#1463),#1467);
#1463 = LINE('',#1464,#1465);
#1464 = CARTESIAN_POINT('',(0.,0.));
#1465 = VECTOR('',#1466,1.);
#1466 = DIRECTION('',(-2.775557561563E-17,1.));
#1467 = ( GEOMETRIC_REPRESENTATION_CONTEXT(2) 
PARAMETRIC_REPRESENTATION_CONTEXT() REPRESENTATION_CONTEXT('2D SPACE',''
  ) );
#1468 = PCURVE('',#402,#1469);
#1469 = DEFINITIONAL_REPRESENTATION('',(#1470),#1474);
#1470 = LINE('',#1471,#1472);
#1471 = CARTESIAN_POINT('',(8.881784197001E-16,18.));
#1472 = VECTOR('',#1473,1.);
#1473 = DIRECTION('',(1.,1.247327305747E-17));
#1474 = ( GEOMETRIC_REPRESENTATION_CONTEXT(2) 
PARAMETRIC_REPRESENTATION_CONTEXT() REPRESENTATION_CONTEXT('2D SPACE',''
  ) );
#1475 = ORIENTED_EDGE('',*,*,#414,.F.);
#1476 = ORIENTED_EDGE('',*,*,#1328,.T.);
#1477 = ORIENTED_EDGE('',*,*,#1478,.F.);
#1478 = EDGE_CURVE('',#1454,#1329,#1479,.T.);
#1479 = SURFACE_CURVE('',#1480,(#1484,#1491),.PCURVE_S1.);
#1480 = LINE('',#1481,#1482);
#1481 = CARTESIAN_POINT('',(-63.00545714356,21.282301624095,
    78.421225281942));
#1482 = VECTOR('',#1483,1.);
#1483 = DIRECTION('',(0.229923351796,0.477440759576,0.848048096156));
#1484 = PCURVE('',#432,#1485);
#1485 = DEFINITIONAL_REPRESENTATION('',(#1486),#1490);
#1486 = LINE('',#1487,#1488);
#1487 = CARTESIAN_POINT('',(0.,48.));
#1488 = VECTOR('',#1489,1.);
#1489 = DIRECTION('',(1.,0.));
#1490 = ( GEOMETRIC_REPRESENTATION_CONTEXT(2) 
PARAMETRIC_REPRESENTATION_CONTEXT() REPRESENTATION_CONTEXT('2D SPACE',''
  ) );
#1491 = PCURVE('',#1389,#1492);
#1492 = DEFINITIONAL_REPRESENTATION('',(#1493),#1497);
#1493 = LINE('',#1494,#1495);
#1494 = CARTESIAN_POINT('',(-1.7763568394E-15,-18.));
#1495 = VECTOR('',#1496,1.);
#1496 = DIRECTION('',(1.,-1.110223024625E-16));
#1497 = ( GEOMETRIC_REPRESENTATION_CONTEXT(2) 
PARAMETRIC_REPRESENTATION_CONTEXT() REPRESENTATION_CONTEXT('2D SPACE',''
  ) );
#1498 = ADVANCED_FACE('',(#1499),#402,.F.);
#1499 = FACE_BOUND('',#1500,.F.);
#1500 = EDGE_LOOP('',(#1501,#1502,#1503,#1504));
#1501 = ORIENTED_EDGE('',*,*,#1453,.F.);
#1502 = ORIENTED_EDGE('',*,*,#380,.F.);
#1503 = ORIENTED_EDGE('',*,*,#1404,.T.);
#1504 = ORIENTED_EDGE('',*,*,#1505,.T.);
#1505 = EDGE_CURVE('',#1405,#1454,#1506,.T.);
#1506 = SURFACE_CURVE('',#1507,(#1511,#1518),.PCURVE_S1.);
#1507 = LINE('',#1508,#1509);
#1508 = CARTESIAN_POINT('',(-56.38228012314,35.035470420271,
    68.882678525745));
#1509 = VECTOR('',#1510,1.);
#1510 = DIRECTION('',(-0.367954278912,-0.764064933121,0.529919264233));
#1511 = PCURVE('',#402,#1512);
#1512 = DEFINITIONAL_REPRESENTATION('',(#1513),#1517);
#1513 = LINE('',#1514,#1515);
#1514 = CARTESIAN_POINT('',(48.,-1.7763568394E-15));
#1515 = VECTOR('',#1516,1.);
#1516 = DIRECTION('',(0.,1.));
#1517 = ( GEOMETRIC_REPRESENTATION_CONTEXT(2) 
PARAMETRIC_REPRESENTATION_CONTEXT() REPRESENTATION_CONTEXT('2D SPACE',''
  ) );
#1518 = PCURVE('',#1389,#1519);
#1519 = DEFINITIONAL_REPRESENTATION('',(#1520),#1524);
#1520 = LINE('',#1521,#1522);
#1521 = CARTESIAN_POINT('',(0.,0.));
#1522 = VECTOR('',#1523,1.);
#1523 = DIRECTION('',(5.551115123126E-17,-1.));
#1524 = ( GEOMETRIC_REPRESENTATION_CONTEXT(2) 
PARAMETRIC_REPRESENTATION_CONTEXT() REPRESENTATION_CONTEXT('2D SPACE',''
  ) );
#1525 = ADVANCED_FACE('',(#1526),#470,.T.);
#1526 = FACE_BOUND('',#1527,.T.);
#1527 = EDGE_LOOP('',(#1528,#1551,#1552,#1575));
#1528 = ORIENTED_EDGE('',*,*,#1529,.F.);
#1529 = EDGE_CURVE('',#449,#1530,#1532,.T.);
#1530 = VERTEX_POINT('',#1531);
#1531 = CARTESIAN_POINT('',(35.597358184621,56.029222640785,
    80.117321474255));
#1532 = SURFACE_CURVE('',#1533,(#1537,#1544),.PCURVE_S1.);
#1533 = LINE('',#1534,#1535);
#1534 = CARTESIAN_POINT('',(5.669847695401,18.50131148232,
    80.117321474255));
#1535 = VECTOR('',#1536,1.);
#1536 = DIRECTION('',(0.623489801859,0.781831482468,0.));
#1537 = PCURVE('',#470,#1538);
#1538 = DEFINITIONAL_REPRESENTATION('',(#1539),#1543);
#1539 = LINE('',#1540,#1541);
#1540 = CARTESIAN_POINT('',(0.,18.));
#1541 = VECTOR('',#1542,1.);
#1542 = DIRECTION('',(1.,0.));
#1543 = ( GEOMETRIC_REPRESENTATION_CONTEXT(2) 
PARAMETRIC_REPRESENTATION_CONTEXT() REPRESENTATION_CONTEXT('2D SPACE',''
  ) );
#1544 = PCURVE('',#566,#1545);
#1545 = DEFINITIONAL_REPRESENTATION('',(#1546),#1550);
#1546 = LINE('',#1547,#1548);
#1547 = CARTESIAN_POINT('',(2.,-1.33226762955E-15));
#1548 = VECTOR('',#1549,1.);
#1549 = DIRECTION('',(0.,1.));
#1550 = ( GEOMETRIC_REPRESENTATION_CONTEXT(2) 
PARAMETRIC_REPRESENTATION_CONTEXT() REPRESENTATION_CONTEXT('2D SPACE',''
  ) );
#1551 = ORIENTED_EDGE('',*,*,#446,.F.);
#1552 = ORIENTED_EDGE('',*,*,#1553,.T.);
#1553 = EDGE_CURVE('',#447,#1554,#1556,.T.);
#1554 = VERTEX_POINT('',#1555);
#1555 = CARTESIAN_POINT('',(47.53191078862,46.511734530879,
    70.578774718058));
#1556 = SURFACE_CURVE('',#1557,(#1561,#1568),.PCURVE_S1.);
#1557 = LINE('',#1558,#1559);
#1558 = CARTESIAN_POINT('',(17.604400299401,8.983823372413,
    70.578774718058));
#1559 = VECTOR('',#1560,1.);
#1560 = DIRECTION('',(0.623489801859,0.781831482468,0.));
#1561 = PCURVE('',#470,#1562);
#1562 = DEFINITIONAL_REPRESENTATION('',(#1563),#1567);
#1563 = LINE('',#1564,#1565);
#1564 = CARTESIAN_POINT('',(0.,0.));
#1565 = VECTOR('',#1566,1.);
#1566 = DIRECTION('',(1.,0.));
#1567 = ( GEOMETRIC_REPRESENTATION_CONTEXT(2) 
PARAMETRIC_REPRESENTATION_CONTEXT() REPRESENTATION_CONTEXT('2D SPACE',''
  ) );
#1568 = PCURVE('',#502,#1569);
#1569 = DEFINITIONAL_REPRESENTATION('',(#1570),#1574);
#1570 = LINE('',#1571,#1572);
#1571 = CARTESIAN_POINT('',(2.,5.551115123126E-16));
#1572 = VECTOR('',#1573,1.);
#1573 = DIRECTION('',(0.,1.));
#1574 = ( GEOMETRIC_REPRESENTATION_CONTEXT(2) 
PARAMETRIC_REPRESENTATION_CONTEXT() REPRESENTATION_CONTEXT('2D SPACE',''
  ) );
#1575 = ORIENTED_EDGE('',*,*,#1576,.T.);
#1576 = EDGE_CURVE('',#1554,#1530,#1577,.T.);
#1577 = SURFACE_CURVE('',#1578,(#1582,#1589),.PCURVE_S1.);
#1578 = LINE('',#1579,#1580);
#1579 = CARTESIAN_POINT('',(47.53191078862,46.511734530879,
    70.578774718058));
#1580 = VECTOR('',#1581,1.);
#1581 = DIRECTION('',(-0.663030700222,0.528749339439,0.529919264233));
#1582 = PCURVE('',#470,#1583);
#1583 = DEFINITIONAL_REPRESENTATION('',(#1584),#1588);
#1584 = LINE('',#1585,#1586);
#1585 = CARTESIAN_POINT('',(48.,0.));
#1586 = VECTOR('',#1587,1.);
#1587 = DIRECTION('',(0.,1.));
#1588 = ( GEOMETRIC_REPRESENTATION_CONTEXT(2) 
PARAMETRIC_REPRESENTATION_CONTEXT() REPRESENTATION_CONTEXT('2D SPACE',''
  ) );
#1589 = PCURVE('',#1590,#1595);
#1590 = PLANE('',#1591);
#1591 = AXIS2_PLACEMENT_3D('',#1592,#1593,#1594);
#1592 = CARTESIAN_POINT('',(46.703295660732,47.172533044995,
    68.882678525745));
#1593 = DIRECTION('',(0.623489801859,0.781831482468,0.));
#1594 = DIRECTION('',(0.414307563944,-0.330399257058,0.848048096156));
#1595 = DEFINITIONAL_REPRESENTATION('',(#1596),#1600);
#1596 = LINE('',#1597,#1598);
#1597 = CARTESIAN_POINT('',(2.,-4.551914400963E-15));
#1598 = VECTOR('',#1599,1.);
#1599 = DIRECTION('',(0.,-1.));
#1600 = ( GEOMETRIC_REPRESENTATION_CONTEXT(2) 
PARAMETRIC_REPRESENTATION_CONTEXT() REPRESENTATION_CONTEXT('2D SPACE',''
  ) );
#1601 = ADVANCED_FACE('',(#1602),#502,.F.);
#1602 = FACE_BOUND('',#1603,.F.);
#1603 = EDGE_LOOP('',(#1604,#1627,#1628,#1629));
#1604 = ORIENTED_EDGE('',*,*,#1605,.F.);
#1605 = EDGE_CURVE('',#483,#1606,#1608,.T.);
#1606 = VERTEX_POINT('',#1607);
#1607 = CARTESIAN_POINT('',(46.703295660732,47.172533044995,
    68.882678525745));
#1608 = SURFACE_CURVE('',#1609,(#1613,#1620),.PCURVE_S1.);
#1609 = LINE('',#1610,#1611);
#1610 = CARTESIAN_POINT('',(16.775785171513,9.644621886529,
    68.882678525745));
#1611 = VECTOR('',#1612,1.);
#1612 = DIRECTION('',(0.623489801859,0.781831482468,0.));
#1613 = PCURVE('',#502,#1614);
#1614 = DEFINITIONAL_REPRESENTATION('',(#1615),#1619);
#1615 = LINE('',#1616,#1617);
#1616 = CARTESIAN_POINT('',(0.,0.));
#1617 = VECTOR('',#1618,1.);
#1618 = DIRECTION('',(0.,1.));
#1619 = ( GEOMETRIC_REPRESENTATION_CONTEXT(2) 
PARAMETRIC_REPRESENTATION_CONTEXT() REPRESENTATION_CONTEXT('2D SPACE',''
  ) );
#1620 = PCURVE('',#536,#1621);
#1621 = DEFINITIONAL_REPRESENTATION('',(#1622),#1626);
#1622 = LINE('',#1623,#1624);
#1623 = CARTESIAN_POINT('',(0.,0.));
#1624 = VECTOR('',#1625,1.);
#1625 = DIRECTION('',(1.,0.));
#1626 = ( GEOMETRIC_REPRESENTATION_CONTEXT(2) 
PARAMETRIC_REPRESENTATION_CONTEXT() REPRESENTATION_CONTEXT('2D SPACE',''
  ) );
#1627 = ORIENTED_EDGE('',*,*,#482,.F.);
#1628 = ORIENTED_EDGE('',*,*,#1553,.T.);
#1629 = ORIENTED_EDGE('',*,*,#1630,.F.);
#1630 = EDGE_CURVE('',#1606,#1554,#1631,.T.);
#1631 = SURFACE_CURVE('',#1632,(#1636,#1643),.PCURVE_S1.);
#1632 = LINE('',#1633,#1634);
#1633 = CARTESIAN_POINT('',(46.703295660732,47.172533044995,
    68.882678525745));
#1634 = VECTOR('',#1635,1.);
#1635 = DIRECTION('',(0.414307563944,-0.330399257058,0.848048096156));
#1636 = PCURVE('',#502,#1637);
#1637 = DEFINITIONAL_REPRESENTATION('',(#1638),#1642);
#1638 = LINE('',#1639,#1640);
#1639 = CARTESIAN_POINT('',(1.7763568394E-15,48.));
#1640 = VECTOR('',#1641,1.);
#1641 = DIRECTION('',(1.,0.));
#1642 = ( GEOMETRIC_REPRESENTATION_CONTEXT(2) 
PARAMETRIC_REPRESENTATION_CONTEXT() REPRESENTATION_CONTEXT('2D SPACE',''
  ) );
#1643 = PCURVE('',#1590,#1644);
#1644 = DEFINITIONAL_REPRESENTATION('',(#1645),#1649);
#1645 = LINE('',#1646,#1647);
#1646 = CARTESIAN_POINT('',(0.,0.));
#1647 = VECTOR('',#1648,1.);
#1648 = DIRECTION('',(1.,0.));
#1649 = ( GEOMETRIC_REPRESENTATION_CONTEXT(2) 
PARAMETRIC_REPRESENTATION_CONTEXT() REPRESENTATION_CONTEXT('2D SPACE',''
  ) );
#1650 = ADVANCED_FACE('',(#1651),#566,.T.);
#1651 = FACE_BOUND('',#1652,.T.);
#1652 = EDGE_LOOP('',(#1653,#1676,#1677,#1678));
#1653 = ORIENTED_EDGE('',*,*,#1654,.F.);
#1654 = EDGE_CURVE('',#515,#1655,#1657,.T.);
#1655 = VERTEX_POINT('',#1656);
#1656 = CARTESIAN_POINT('',(34.768743056733,56.690021154901,
    78.421225281942));
#1657 = SURFACE_CURVE('',#1658,(#1662,#1669),.PCURVE_S1.);
#1658 = LINE('',#1659,#1660);
#1659 = CARTESIAN_POINT('',(4.841232567514,19.162109996436,
    78.421225281942));
#1660 = VECTOR('',#1661,1.);
#1661 = DIRECTION('',(0.623489801859,0.781831482468,0.));
#1662 = PCURVE('',#566,#1663);
#1663 = DEFINITIONAL_REPRESENTATION('',(#1664),#1668);
#1664 = LINE('',#1665,#1666);
#1665 = CARTESIAN_POINT('',(0.,0.));
#1666 = VECTOR('',#1667,1.);
#1667 = DIRECTION('',(0.,1.));
#1668 = ( GEOMETRIC_REPRESENTATION_CONTEXT(2) 
PARAMETRIC_REPRESENTATION_CONTEXT() REPRESENTATION_CONTEXT('2D SPACE',''
  ) );
#1669 = PCURVE('',#536,#1670);
#1670 = DEFINITIONAL_REPRESENTATION('',(#1671),#1675);
#1671 = LINE('',#1672,#1673);
#1672 = CARTESIAN_POINT('',(8.881784197001E-16,18.));
#1673 = VECTOR('',#1674,1.);
#1674 = DIRECTION('',(1.,0.));
#1675 = ( GEOMETRIC_REPRESENTATION_CONTEXT(2) 
PARAMETRIC_REPRESENTATION_CONTEXT() REPRESENTATION_CONTEXT('2D SPACE',''
  ) );
#1676 = ORIENTED_EDGE('',*,*,#548,.F.);
#1677 = ORIENTED_EDGE('',*,*,#1529,.T.);
#1678 = ORIENTED_EDGE('',*,*,#1679,.F.);
#1679 = EDGE_CURVE('',#1655,#1530,#1680,.T.);
#1680 = SURFACE_CURVE('',#1681,(#1685,#1692),.PCURVE_S1.);
#1681 = LINE('',#1682,#1683);
#1682 = CARTESIAN_POINT('',(34.768743056733,56.690021154901,
    78.421225281942));
#1683 = VECTOR('',#1684,1.);
#1684 = DIRECTION('',(0.414307563944,-0.330399257058,0.848048096156));
#1685 = PCURVE('',#566,#1686);
#1686 = DEFINITIONAL_REPRESENTATION('',(#1687),#1691);
#1687 = LINE('',#1688,#1689);
#1688 = CARTESIAN_POINT('',(3.552713678801E-15,48.));
#1689 = VECTOR('',#1690,1.);
#1690 = DIRECTION('',(1.,0.));
#1691 = ( GEOMETRIC_REPRESENTATION_CONTEXT(2) 
PARAMETRIC_REPRESENTATION_CONTEXT() REPRESENTATION_CONTEXT('2D SPACE',''
  ) );
#1692 = PCURVE('',#1590,#1693);
#1693 = DEFINITIONAL_REPRESENTATION('',(#1694),#1698);
#1694 = LINE('',#1695,#1696);
#1695 = CARTESIAN_POINT('',(3.552713678801E-15,-18.));
#1696 = VECTOR('',#1697,1.);
#1697 = DIRECTION('',(1.,0.));
#1698 = ( GEOMETRIC_REPRESENTATION_CONTEXT(2) 
PARAMETRIC_REPRESENTATION_CONTEXT() REPRESENTATION_CONTEXT('2D SPACE',''
  ) );
#1699 = ADVANCED_FACE('',(#1700),#536,.F.);
#1700 = FACE_BOUND('',#1701,.F.);
#1701 = EDGE_LOOP('',(#1702,#1703,#1704,#1705));
#1702 = ORIENTED_EDGE('',*,*,#1654,.F.);
#1703 = ORIENTED_EDGE('',*,*,#514,.F.);
#1704 = ORIENTED_EDGE('',*,*,#1605,.T.);
#1705 = ORIENTED_EDGE('',*,*,#1706,.T.);
#1706 = EDGE_CURVE('',#1606,#1655,#1707,.T.);
#1707 = SURFACE_CURVE('',#1708,(#1712,#1719),.PCURVE_S1.);
#1708 = LINE('',#1709,#1710);
#1709 = CARTESIAN_POINT('',(46.703295660732,47.172533044995,
    68.882678525745));
#1710 = VECTOR('',#1711,1.);
#1711 = DIRECTION('',(-0.663030700222,0.528749339439,0.529919264233));
#1712 = PCURVE('',#536,#1713);
#1713 = DEFINITIONAL_REPRESENTATION('',(#1714),#1718);
#1714 = LINE('',#1715,#1716);
#1715 = CARTESIAN_POINT('',(48.,0.));
#1716 = VECTOR('',#1717,1.);
#1717 = DIRECTION('',(0.,1.));
#1718 = ( GEOMETRIC_REPRESENTATION_CONTEXT(2) 
PARAMETRIC_REPRESENTATION_CONTEXT() REPRESENTATION_CONTEXT('2D SPACE',''
  ) );
#1719 = PCURVE('',#1590,#1720);
#1720 = DEFINITIONAL_REPRESENTATION('',(#1721),#1725);
#1721 = LINE('',#1722,#1723);
#1722 = CARTESIAN_POINT('',(0.,0.));
#1723 = VECTOR('',#1724,1.);
#1724 = DIRECTION('',(0.,-1.));
#1725 = ( GEOMETRIC_REPRESENTATION_CONTEXT(2) 
PARAMETRIC_REPRESENTATION_CONTEXT() REPRESENTATION_CONTEXT('2D SPACE',''
  ) );
#1726 = ADVANCED_FACE('',(#1727),#604,.T.);
#1727 = FACE_BOUND('',#1728,.T.);
#1728 = EDGE_LOOP('',(#1729,#1752,#1753,#1776));
#1729 = ORIENTED_EDGE('',*,*,#1730,.F.);
#1730 = EDGE_CURVE('',#583,#1731,#1733,.T.);
#1731 = VERTEX_POINT('',#1732);
#1732 = CARTESIAN_POINT('',(-21.61082039755,62.76478424403,
    80.117321474255));
#1733 = SURFACE_CURVE('',#1734,(#1738,#1745),.PCURVE_S1.);
#1734 = LINE('',#1735,#1736);
#1735 = CARTESIAN_POINT('',(-10.92981556765,15.968244459302,
    80.117321474255));
#1736 = VECTOR('',#1737,1.);
#1737 = DIRECTION('',(-0.222520933956,0.974927912182,0.));
#1738 = PCURVE('',#604,#1739);
#1739 = DEFINITIONAL_REPRESENTATION('',(#1740),#1744);
#1740 = LINE('',#1741,#1742);
#1741 = CARTESIAN_POINT('',(-4.440892098501E-16,18.));
#1742 = VECTOR('',#1743,1.);
#1743 = DIRECTION('',(1.,2.775557561563E-17));
#1744 = ( GEOMETRIC_REPRESENTATION_CONTEXT(2) 
PARAMETRIC_REPRESENTATION_CONTEXT() REPRESENTATION_CONTEXT('2D SPACE',''
  ) );
#1745 = PCURVE('',#700,#1746);
#1746 = DEFINITIONAL_REPRESENTATION('',(#1747),#1751);
#1747 = LINE('',#1748,#1749);
#1748 = CARTESIAN_POINT('',(2.,-1.110223024625E-15));
#1749 = VECTOR('',#1750,1.);
#1750 = DIRECTION('',(1.404514750348E-18,1.));
#1751 = ( GEOMETRIC_REPRESENTATION_CONTEXT(2) 
PARAMETRIC_REPRESENTATION_CONTEXT() REPRESENTATION_CONTEXT('2D SPACE',''
  ) );
#1752 = ORIENTED_EDGE('',*,*,#580,.F.);
#1753 = ORIENTED_EDGE('',*,*,#1754,.T.);
#1754 = EDGE_CURVE('',#581,#1755,#1757,.T.);
#1755 = VERTEX_POINT('',#1756);
#1756 = CARTESIAN_POINT('',(-6.728676720873,66.161536423168,
    70.578774718058));
#1757 = SURFACE_CURVE('',#1758,(#1762,#1769),.PCURVE_S1.);
#1758 = LINE('',#1759,#1760);
#1759 = CARTESIAN_POINT('',(3.95232810903,19.364996638441,
    70.578774718058));
#1760 = VECTOR('',#1761,1.);
#1761 = DIRECTION('',(-0.222520933956,0.974927912182,0.));
#1762 = PCURVE('',#604,#1763);
#1763 = DEFINITIONAL_REPRESENTATION('',(#1764),#1768);
#1764 = LINE('',#1765,#1766);
#1765 = CARTESIAN_POINT('',(0.,0.));
#1766 = VECTOR('',#1767,1.);
#1767 = DIRECTION('',(1.,2.775557561563E-17));
#1768 = ( GEOMETRIC_REPRESENTATION_CONTEXT(2) 
PARAMETRIC_REPRESENTATION_CONTEXT() REPRESENTATION_CONTEXT('2D SPACE',''
  ) );
#1769 = PCURVE('',#636,#1770);
#1770 = DEFINITIONAL_REPRESENTATION('',(#1771),#1775);
#1771 = LINE('',#1772,#1773);
#1772 = CARTESIAN_POINT('',(2.,-1.304512053935E-15));
#1773 = VECTOR('',#1774,1.);
#1774 = DIRECTION('',(1.404514750348E-18,1.));
#1775 = ( GEOMETRIC_REPRESENTATION_CONTEXT(2) 
PARAMETRIC_REPRESENTATION_CONTEXT() REPRESENTATION_CONTEXT('2D SPACE',''
  ) );
#1776 = ORIENTED_EDGE('',*,*,#1777,.T.);
#1777 = EDGE_CURVE('',#1755,#1731,#1778,.T.);
#1778 = SURFACE_CURVE('',#1779,(#1783,#1790),.PCURVE_S1.);
#1779 = LINE('',#1780,#1781);
#1780 = CARTESIAN_POINT('',(-6.728676720873,66.161536423168,
    70.578774718058));
#1781 = VECTOR('',#1782,1.);
#1782 = DIRECTION('',(-0.826785759816,-0.188708454397,0.529919264233));
#1783 = PCURVE('',#604,#1784);
#1784 = DEFINITIONAL_REPRESENTATION('',(#1785),#1789);
#1785 = LINE('',#1786,#1787);
#1786 = CARTESIAN_POINT('',(48.,-1.7763568394E-15));
#1787 = VECTOR('',#1788,1.);
#1788 = DIRECTION('',(2.775557561563E-17,1.));
#1789 = ( GEOMETRIC_REPRESENTATION_CONTEXT(2) 
PARAMETRIC_REPRESENTATION_CONTEXT() REPRESENTATION_CONTEXT('2D SPACE',''
  ) );
#1790 = PCURVE('',#1791,#1796);
#1791 = PLANE('',#1792);
#1792 = AXIS2_PLACEMENT_3D('',#1793,#1794,#1795);
#1793 = CARTESIAN_POINT('',(-7.761942884681,65.925700163971,
    68.882678525745));
#1794 = DIRECTION('',(-0.222520933956,0.974927912182,0.));
#1795 = DIRECTION('',(0.516633081904,0.117918129599,0.848048096156));
#1796 = DEFINITIONAL_REPRESENTATION('',(#1797),#1801);
#1797 = LINE('',#1798,#1799);
#1798 = CARTESIAN_POINT('',(2.,-2.442490654175E-15));
#1799 = VECTOR('',#1800,1.);
#1800 = DIRECTION('',(0.,-1.));
#1801 = ( GEOMETRIC_REPRESENTATION_CONTEXT(2) 
PARAMETRIC_REPRESENTATION_CONTEXT() REPRESENTATION_CONTEXT('2D SPACE',''
  ) );
#1802 = ADVANCED_FACE('',(#1803),#636,.F.);
#1803 = FACE_BOUND('',#1804,.F.);
#1804 = EDGE_LOOP('',(#1805,#1828,#1829,#1830));
#1805 = ORIENTED_EDGE('',*,*,#1806,.F.);
#1806 = EDGE_CURVE('',#617,#1807,#1809,.T.);
#1807 = VERTEX_POINT('',#1808);
#1808 = CARTESIAN_POINT('',(-7.761942884681,65.925700163971,
    68.882678525745));
#1809 = SURFACE_CURVE('',#1810,(#1814,#1821),.PCURVE_S1.);
#1810 = LINE('',#1811,#1812);
#1811 = CARTESIAN_POINT('',(2.919061945223,19.129160379244,
    68.882678525745));
#1812 = VECTOR('',#1813,1.);
#1813 = DIRECTION('',(-0.222520933956,0.974927912182,0.));
#1814 = PCURVE('',#636,#1815);
#1815 = DEFINITIONAL_REPRESENTATION('',(#1816),#1820);
#1816 = LINE('',#1817,#1818);
#1817 = CARTESIAN_POINT('',(0.,0.));
#1818 = VECTOR('',#1819,1.);
#1819 = DIRECTION('',(1.404514750348E-18,1.));
#1820 = ( GEOMETRIC_REPRESENTATION_CONTEXT(2) 
PARAMETRIC_REPRESENTATION_CONTEXT() REPRESENTATION_CONTEXT('2D SPACE',''
  ) );
#1821 = PCURVE('',#670,#1822);
#1822 = DEFINITIONAL_REPRESENTATION('',(#1823),#1827);
#1823 = LINE('',#1824,#1825);
#1824 = CARTESIAN_POINT('',(0.,0.));
#1825 = VECTOR('',#1826,1.);
#1826 = DIRECTION('',(1.,2.775557561563E-17));
#1827 = ( GEOMETRIC_REPRESENTATION_CONTEXT(2) 
PARAMETRIC_REPRESENTATION_CONTEXT() REPRESENTATION_CONTEXT('2D SPACE',''
  ) );
#1828 = ORIENTED_EDGE('',*,*,#616,.F.);
#1829 = ORIENTED_EDGE('',*,*,#1754,.T.);
#1830 = ORIENTED_EDGE('',*,*,#1831,.F.);
#1831 = EDGE_CURVE('',#1807,#1755,#1832,.T.);
#1832 = SURFACE_CURVE('',#1833,(#1837,#1844),.PCURVE_S1.);
#1833 = LINE('',#1834,#1835);
#1834 = CARTESIAN_POINT('',(-7.761942884681,65.925700163971,
    68.882678525745));
#1835 = VECTOR('',#1836,1.);
#1836 = DIRECTION('',(0.516633081904,0.117918129599,0.848048096156));
#1837 = PCURVE('',#636,#1838);
#1838 = DEFINITIONAL_REPRESENTATION('',(#1839),#1843);
#1839 = LINE('',#1840,#1841);
#1840 = CARTESIAN_POINT('',(0.,48.));
#1841 = VECTOR('',#1842,1.);
#1842 = DIRECTION('',(1.,0.));
#1843 = ( GEOMETRIC_REPRESENTATION_CONTEXT(2) 
PARAMETRIC_REPRESENTATION_CONTEXT() REPRESENTATION_CONTEXT('2D SPACE',''
  ) );
#1844 = PCURVE('',#1791,#1845);
#1845 = DEFINITIONAL_REPRESENTATION('',(#1846),#1850);
#1846 = LINE('',#1847,#1848);
#1847 = CARTESIAN_POINT('',(0.,0.));
#1848 = VECTOR('',#1849,1.);
#1849 = DIRECTION('',(1.,0.));
#1850 = ( GEOMETRIC_REPRESENTATION_CONTEXT(2) 
PARAMETRIC_REPRESENTATION_CONTEXT() REPRESENTATION_CONTEXT('2D SPACE',''
  ) );
#1851 = ADVANCED_FACE('',(#1852),#700,.T.);
#1852 = FACE_BOUND('',#1853,.T.);
#1853 = EDGE_LOOP('',(#1854,#1877,#1878,#1879));
#1854 = ORIENTED_EDGE('',*,*,#1855,.F.);
#1855 = EDGE_CURVE('',#649,#1856,#1858,.T.);
#1856 = VERTEX_POINT('',#1857);
#1857 = CARTESIAN_POINT('',(-22.64408656136,62.528947984832,
    78.421225281942));
#1858 = SURFACE_CURVE('',#1859,(#1863,#1870),.PCURVE_S1.);
#1859 = LINE('',#1860,#1861);
#1860 = CARTESIAN_POINT('',(-11.96308173145,15.732408200105,
    78.421225281942));
#1861 = VECTOR('',#1862,1.);
#1862 = DIRECTION('',(-0.222520933956,0.974927912182,0.));
#1863 = PCURVE('',#700,#1864);
#1864 = DEFINITIONAL_REPRESENTATION('',(#1865),#1869);
#1865 = LINE('',#1866,#1867);
#1866 = CARTESIAN_POINT('',(0.,0.));
#1867 = VECTOR('',#1868,1.);
#1868 = DIRECTION('',(1.404514750348E-18,1.));
#1869 = ( GEOMETRIC_REPRESENTATION_CONTEXT(2) 
PARAMETRIC_REPRESENTATION_CONTEXT() REPRESENTATION_CONTEXT('2D SPACE',''
  ) );
#1870 = PCURVE('',#670,#1871);
#1871 = DEFINITIONAL_REPRESENTATION('',(#1872),#1876);
#1872 = LINE('',#1873,#1874);
#1873 = CARTESIAN_POINT('',(-4.440892098501E-16,18.));
#1874 = VECTOR('',#1875,1.);
#1875 = DIRECTION('',(1.,2.775557561563E-17));
#1876 = ( GEOMETRIC_REPRESENTATION_CONTEXT(2) 
PARAMETRIC_REPRESENTATION_CONTEXT() REPRESENTATION_CONTEXT('2D SPACE',''
  ) );
#1877 = ORIENTED_EDGE('',*,*,#682,.F.);
#1878 = ORIENTED_EDGE('',*,*,#1730,.T.);
#1879 = ORIENTED_EDGE('',*,*,#1880,.F.);
#1880 = EDGE_CURVE('',#1856,#1731,#1881,.T.);
#1881 = SURFACE_CURVE('',#1882,(#1886,#1893),.PCURVE_S1.);
#1882 = LINE('',#1883,#1884);
#1883 = CARTESIAN_POINT('',(-22.64408656136,62.528947984832,
    78.421225281942));
#1884 = VECTOR('',#1885,1.);
#1885 = DIRECTION('',(0.516633081904,0.117918129599,0.848048096156));
#1886 = PCURVE('',#700,#1887);
#1887 = DEFINITIONAL_REPRESENTATION('',(#1888),#1892);
#1888 = LINE('',#1889,#1890);
#1889 = CARTESIAN_POINT('',(-8.881784197001E-16,48.));
#1890 = VECTOR('',#1891,1.);
#1891 = DIRECTION('',(1.,0.));
#1892 = ( GEOMETRIC_REPRESENTATION_CONTEXT(2) 
PARAMETRIC_REPRESENTATION_CONTEXT() REPRESENTATION_CONTEXT('2D SPACE',''
  ) );
#1893 = PCURVE('',#1791,#1894);
#1894 = DEFINITIONAL_REPRESENTATION('',(#1895),#1899);
#1895 = LINE('',#1896,#1897);
#1896 = CARTESIAN_POINT('',(0.,-18.));
#1897 = VECTOR('',#1898,1.);
#1898 = DIRECTION('',(1.,0.));
#1899 = ( GEOMETRIC_REPRESENTATION_CONTEXT(2) 
PARAMETRIC_REPRESENTATION_CONTEXT() REPRESENTATION_CONTEXT('2D SPACE',''
  ) );
#1900 = ADVANCED_FACE('',(#1901),#670,.F.);
#1901 = FACE_BOUND('',#1902,.F.);
#1902 = EDGE_LOOP('',(#1903,#1904,#1905,#1906));
#1903 = ORIENTED_EDGE('',*,*,#1855,.F.);
#1904 = ORIENTED_EDGE('',*,*,#648,.F.);
#1905 = ORIENTED_EDGE('',*,*,#1806,.T.);
#1906 = ORIENTED_EDGE('',*,*,#1907,.T.);
#1907 = EDGE_CURVE('',#1807,#1856,#1908,.T.);
#1908 = SURFACE_CURVE('',#1909,(#1913,#1920),.PCURVE_S1.);
#1909 = LINE('',#1910,#1911);
#1910 = CARTESIAN_POINT('',(-7.761942884681,65.925700163971,
    68.882678525745));
#1911 = VECTOR('',#1912,1.);
#1912 = DIRECTION('',(-0.826785759816,-0.188708454397,0.529919264233));
#1913 = PCURVE('',#670,#1914);
#1914 = DEFINITIONAL_REPRESENTATION('',(#1915),#1919);
#1915 = LINE('',#1916,#1917);
#1916 = CARTESIAN_POINT('',(48.,1.7763568394E-15));
#1917 = VECTOR('',#1918,1.);
#1918 = DIRECTION('',(2.775557561563E-17,1.));
#1919 = ( GEOMETRIC_REPRESENTATION_CONTEXT(2) 
PARAMETRIC_REPRESENTATION_CONTEXT() REPRESENTATION_CONTEXT('2D SPACE',''
  ) );
#1920 = PCURVE('',#1791,#1921);
#1921 = DEFINITIONAL_REPRESENTATION('',(#1922),#1926);
#1922 = LINE('',#1923,#1924);
#1923 = CARTESIAN_POINT('',(0.,0.));
#1924 = VECTOR('',#1925,1.);
#1925 = DIRECTION('',(0.,-1.));
#1926 = ( GEOMETRIC_REPRESENTATION_CONTEXT(2) 
PARAMETRIC_REPRESENTATION_CONTEXT() REPRESENTATION_CONTEXT('2D SPACE',''
  ) );
#1927 = ADVANCED_FACE('',(#1928),#738,.T.);
#1928 = FACE_BOUND('',#1929,.T.);
#1929 = EDGE_LOOP('',(#1930,#1953,#1954,#1977));
#1930 = ORIENTED_EDGE('',*,*,#1931,.F.);
#1931 = EDGE_CURVE('',#717,#1932,#1934,.T.);
#1932 = VERTEX_POINT('',#1933);
#1933 = CARTESIAN_POINT('',(-56.38228012314,-35.03547042027,
    80.117321474255));
#1934 = SURFACE_CURVE('',#1935,(#1939,#1946),.PCURVE_S1.);
#1935 = LINE('',#1936,#1937);
#1936 = CARTESIAN_POINT('',(-13.13577446383,-14.20905094262,
    80.117321474255));
#1937 = VECTOR('',#1938,1.);
#1938 = DIRECTION('',(-0.900968867902,-0.433883739118,0.));
#1939 = PCURVE('',#738,#1940);
#1940 = DEFINITIONAL_REPRESENTATION('',(#1941),#1945);
#1941 = LINE('',#1942,#1943);
#1942 = CARTESIAN_POINT('',(8.881784197001E-16,18.));
#1943 = VECTOR('',#1944,1.);
#1944 = DIRECTION('',(1.,-5.551115123126E-17));
#1945 = ( GEOMETRIC_REPRESENTATION_CONTEXT(2) 
PARAMETRIC_REPRESENTATION_CONTEXT() REPRESENTATION_CONTEXT('2D SPACE',''
  ) );
#1946 = PCURVE('',#834,#1947);
#1947 = DEFINITIONAL_REPRESENTATION('',(#1948),#1952);
#1948 = LINE('',#1949,#1950);
#1949 = CARTESIAN_POINT('',(2.,-8.326672684689E-16));
#1950 = VECTOR('',#1951,1.);
#1951 = DIRECTION('',(-2.809029500695E-18,1.));
#1952 = ( GEOMETRIC_REPRESENTATION_CONTEXT(2) 
PARAMETRIC_REPRESENTATION_CONTEXT() REPRESENTATION_CONTEXT('2D SPACE',''
  ) );
#1953 = ORIENTED_EDGE('',*,*,#714,.F.);
#1954 = ORIENTED_EDGE('',*,*,#1955,.T.);
#1955 = EDGE_CURVE('',#715,#1956,#1958,.T.);
#1956 = VERTEX_POINT('',#1957);
#1957 = CARTESIAN_POINT('',(-63.00545714356,-21.28230162409,
    70.578774718058));
#1958 = SURFACE_CURVE('',#1959,(#1963,#1970),.PCURVE_S1.);
#1959 = LINE('',#1960,#1961);
#1960 = CARTESIAN_POINT('',(-19.75895148424,-0.455882146452,
    70.578774718058));
#1961 = VECTOR('',#1962,1.);
#1962 = DIRECTION('',(-0.900968867902,-0.433883739118,0.));
#1963 = PCURVE('',#738,#1964);
#1964 = DEFINITIONAL_REPRESENTATION('',(#1965),#1969);
#1965 = LINE('',#1966,#1967);
#1966 = CARTESIAN_POINT('',(0.,0.));
#1967 = VECTOR('',#1968,1.);
#1968 = DIRECTION('',(1.,-5.551115123126E-17));
#1969 = ( GEOMETRIC_REPRESENTATION_CONTEXT(2) 
PARAMETRIC_REPRESENTATION_CONTEXT() REPRESENTATION_CONTEXT('2D SPACE',''
  ) );
#1970 = PCURVE('',#770,#1971);
#1971 = DEFINITIONAL_REPRESENTATION('',(#1972),#1976);
#1972 = LINE('',#1973,#1974);
#1973 = CARTESIAN_POINT('',(2.,-2.053912595557E-15));
#1974 = VECTOR('',#1975,1.);
#1975 = DIRECTION('',(-2.809029500695E-18,1.));
#1976 = ( GEOMETRIC_REPRESENTATION_CONTEXT(2) 
PARAMETRIC_REPRESENTATION_CONTEXT() REPRESENTATION_CONTEXT('2D SPACE',''
  ) );
#1977 = ORIENTED_EDGE('',*,*,#1978,.T.);
#1978 = EDGE_CURVE('',#1956,#1932,#1979,.T.);
#1979 = SURFACE_CURVE('',#1980,(#1984,#1991),.PCURVE_S1.);
#1980 = LINE('',#1981,#1982);
#1981 = CARTESIAN_POINT('',(-63.00545714356,-21.28230162409,
    70.578774718058));
#1982 = VECTOR('',#1983,1.);
#1983 = DIRECTION('',(0.367954278912,-0.764064933121,0.529919264233));
#1984 = PCURVE('',#738,#1985);
#1985 = DEFINITIONAL_REPRESENTATION('',(#1986),#1990);
#1986 = LINE('',#1987,#1988);
#1987 = CARTESIAN_POINT('',(48.,-1.7763568394E-15));
#1988 = VECTOR('',#1989,1.);
#1989 = DIRECTION('',(-5.551115123126E-17,1.));
#1990 = ( GEOMETRIC_REPRESENTATION_CONTEXT(2) 
PARAMETRIC_REPRESENTATION_CONTEXT() REPRESENTATION_CONTEXT('2D SPACE',''
  ) );
#1991 = PCURVE('',#1992,#1997);
#1992 = PLANE('',#1993);
#1993 = AXIS2_PLACEMENT_3D('',#1994,#1995,#1996);
#1994 = CARTESIAN_POINT('',(-62.54561043997,-22.23718314324,
    68.882678525745));
#1995 = DIRECTION('',(-0.900968867902,-0.433883739118,0.));
#1996 = DIRECTION('',(-0.229923351796,0.477440759576,0.848048096156));
#1997 = DEFINITIONAL_REPRESENTATION('',(#1998),#2002);
#1998 = LINE('',#1999,#2000);
#1999 = CARTESIAN_POINT('',(2.,-8.881784197001E-16));
#2000 = VECTOR('',#2001,1.);
#2001 = DIRECTION('',(1.665334536938E-16,-1.));
#2002 = ( GEOMETRIC_REPRESENTATION_CONTEXT(2) 
PARAMETRIC_REPRESENTATION_CONTEXT() REPRESENTATION_CONTEXT('2D SPACE',''
  ) );
#2003 = ADVANCED_FACE('',(#2004),#770,.F.);
#2004 = FACE_BOUND('',#2005,.F.);
#2005 = EDGE_LOOP('',(#2006,#2029,#2030,#2031));
#2006 = ORIENTED_EDGE('',*,*,#2007,.F.);
#2007 = EDGE_CURVE('',#751,#2008,#2010,.T.);
#2008 = VERTEX_POINT('',#2009);
#2009 = CARTESIAN_POINT('',(-62.54561043997,-22.23718314324,
    68.882678525745));
#2010 = SURFACE_CURVE('',#2011,(#2015,#2022),.PCURVE_S1.);
#2011 = LINE('',#2012,#2013);
#2012 = CARTESIAN_POINT('',(-19.29910478065,-1.410763665604,
    68.882678525745));
#2013 = VECTOR('',#2014,1.);
#2014 = DIRECTION('',(-0.900968867902,-0.433883739118,0.));
#2015 = PCURVE('',#770,#2016);
#2016 = DEFINITIONAL_REPRESENTATION('',(#2017),#2021);
#2017 = LINE('',#2018,#2019);
#2018 = CARTESIAN_POINT('',(0.,0.));
#2019 = VECTOR('',#2020,1.);
#2020 = DIRECTION('',(-2.809029500695E-18,1.));
#2021 = ( GEOMETRIC_REPRESENTATION_CONTEXT(2) 
PARAMETRIC_REPRESENTATION_CONTEXT() REPRESENTATION_CONTEXT('2D SPACE',''
  ) );
#2022 = PCURVE('',#804,#2023);
#2023 = DEFINITIONAL_REPRESENTATION('',(#2024),#2028);
#2024 = LINE('',#2025,#2026);
#2025 = CARTESIAN_POINT('',(0.,0.));
#2026 = VECTOR('',#2027,1.);
#2027 = DIRECTION('',(1.,-5.551115123126E-17));
#2028 = ( GEOMETRIC_REPRESENTATION_CONTEXT(2) 
PARAMETRIC_REPRESENTATION_CONTEXT() REPRESENTATION_CONTEXT('2D SPACE',''
  ) );
#2029 = ORIENTED_EDGE('',*,*,#750,.F.);
#2030 = ORIENTED_EDGE('',*,*,#1955,.T.);
#2031 = ORIENTED_EDGE('',*,*,#2032,.F.);
#2032 = EDGE_CURVE('',#2008,#1956,#2033,.T.);
#2033 = SURFACE_CURVE('',#2034,(#2038,#2045),.PCURVE_S1.);
#2034 = LINE('',#2035,#2036);
#2035 = CARTESIAN_POINT('',(-62.54561043997,-22.23718314324,
    68.882678525745));
#2036 = VECTOR('',#2037,1.);
#2037 = DIRECTION('',(-0.229923351796,0.477440759576,0.848048096156));
#2038 = PCURVE('',#770,#2039);
#2039 = DEFINITIONAL_REPRESENTATION('',(#2040),#2044);
#2040 = LINE('',#2041,#2042);
#2041 = CARTESIAN_POINT('',(-1.7763568394E-15,48.));
#2042 = VECTOR('',#2043,1.);
#2043 = DIRECTION('',(1.,0.));
#2044 = ( GEOMETRIC_REPRESENTATION_CONTEXT(2) 
PARAMETRIC_REPRESENTATION_CONTEXT() REPRESENTATION_CONTEXT('2D SPACE',''
  ) );
#2045 = PCURVE('',#1992,#2046);
#2046 = DEFINITIONAL_REPRESENTATION('',(#2047),#2051);
#2047 = LINE('',#2048,#2049);
#2048 = CARTESIAN_POINT('',(0.,0.));
#2049 = VECTOR('',#2050,1.);
#2050 = DIRECTION('',(1.,-1.665334536938E-16));
#2051 = ( GEOMETRIC_REPRESENTATION_CONTEXT(2) 
PARAMETRIC_REPRESENTATION_CONTEXT() REPRESENTATION_CONTEXT('2D SPACE',''
  ) );
#2052 = ADVANCED_FACE('',(#2053),#834,.T.);
#2053 = FACE_BOUND('',#2054,.T.);
#2054 = EDGE_LOOP('',(#2055,#2078,#2079,#2080));
#2055 = ORIENTED_EDGE('',*,*,#2056,.F.);
#2056 = EDGE_CURVE('',#783,#2057,#2059,.T.);
#2057 = VERTEX_POINT('',#2058);
#2058 = CARTESIAN_POINT('',(-55.92243341955,-35.99035193942,
    78.421225281942));
#2059 = SURFACE_CURVE('',#2060,(#2064,#2071),.PCURVE_S1.);
#2060 = LINE('',#2061,#2062);
#2061 = CARTESIAN_POINT('',(-12.67592776024,-15.16393246178,
    78.421225281942));
#2062 = VECTOR('',#2063,1.);
#2063 = DIRECTION('',(-0.900968867902,-0.433883739118,0.));
#2064 = PCURVE('',#834,#2065);
#2065 = DEFINITIONAL_REPRESENTATION('',(#2066),#2070);
#2066 = LINE('',#2067,#2068);
#2067 = CARTESIAN_POINT('',(0.,0.));
#2068 = VECTOR('',#2069,1.);
#2069 = DIRECTION('',(-2.809029500695E-18,1.));
#2070 = ( GEOMETRIC_REPRESENTATION_CONTEXT(2) 
PARAMETRIC_REPRESENTATION_CONTEXT() REPRESENTATION_CONTEXT('2D SPACE',''
  ) );
#2071 = PCURVE('',#804,#2072);
#2072 = DEFINITIONAL_REPRESENTATION('',(#2073),#2077);
#2073 = LINE('',#2074,#2075);
#2074 = CARTESIAN_POINT('',(8.881784197001E-16,18.));
#2075 = VECTOR('',#2076,1.);
#2076 = DIRECTION('',(1.,-5.551115123126E-17));
#2077 = ( GEOMETRIC_REPRESENTATION_CONTEXT(2) 
PARAMETRIC_REPRESENTATION_CONTEXT() REPRESENTATION_CONTEXT('2D SPACE',''
  ) );
#2078 = ORIENTED_EDGE('',*,*,#816,.F.);
#2079 = ORIENTED_EDGE('',*,*,#1931,.T.);
#2080 = ORIENTED_EDGE('',*,*,#2081,.F.);
#2081 = EDGE_CURVE('',#2057,#1932,#2082,.T.);
#2082 = SURFACE_CURVE('',#2083,(#2087,#2094),.PCURVE_S1.);
#2083 = LINE('',#2084,#2085);
#2084 = CARTESIAN_POINT('',(-55.92243341955,-35.99035193942,
    78.421225281942));
#2085 = VECTOR('',#2086,1.);
#2086 = DIRECTION('',(-0.229923351796,0.477440759576,0.848048096156));
#2087 = PCURVE('',#834,#2088);
#2088 = DEFINITIONAL_REPRESENTATION('',(#2089),#2093);
#2089 = LINE('',#2090,#2091);
#2090 = CARTESIAN_POINT('',(0.,48.));
#2091 = VECTOR('',#2092,1.);
#2092 = DIRECTION('',(1.,0.));
#2093 = ( GEOMETRIC_REPRESENTATION_CONTEXT(2) 
PARAMETRIC_REPRESENTATION_CONTEXT() REPRESENTATION_CONTEXT('2D SPACE',''
  ) );
#2094 = PCURVE('',#1992,#2095);
#2095 = DEFINITIONAL_REPRESENTATION('',(#2096),#2100);
#2096 = LINE('',#2097,#2098);
#2097 = CARTESIAN_POINT('',(1.7763568394E-15,-18.));
#2098 = VECTOR('',#2099,1.);
#2099 = DIRECTION('',(1.,-1.665334536938E-16));
#2100 = ( GEOMETRIC_REPRESENTATION_CONTEXT(2) 
PARAMETRIC_REPRESENTATION_CONTEXT() REPRESENTATION_CONTEXT('2D SPACE',''
  ) );
#2101 = ADVANCED_FACE('',(#2102),#804,.F.);
#2102 = FACE_BOUND('',#2103,.F.);
#2103 = EDGE_LOOP('',(#2104,#2105,#2106,#2107));
#2104 = ORIENTED_EDGE('',*,*,#2056,.F.);
#2105 = ORIENTED_EDGE('',*,*,#782,.F.);
#2106 = ORIENTED_EDGE('',*,*,#2007,.T.);
#2107 = ORIENTED_EDGE('',*,*,#2108,.T.);
#2108 = EDGE_CURVE('',#2008,#2057,#2109,.T.);
#2109 = SURFACE_CURVE('',#2110,(#2114,#2121),.PCURVE_S1.);
#2110 = LINE('',#2111,#2112);
#2111 = CARTESIAN_POINT('',(-62.54561043997,-22.23718314324,
    68.882678525745));
#2112 = VECTOR('',#2113,1.);
#2113 = DIRECTION('',(0.367954278912,-0.764064933121,0.529919264233));
#2114 = PCURVE('',#804,#2115);
#2115 = DEFINITIONAL_REPRESENTATION('',(#2116),#2120);
#2116 = LINE('',#2117,#2118);
#2117 = CARTESIAN_POINT('',(48.,0.));
#2118 = VECTOR('',#2119,1.);
#2119 = DIRECTION('',(-5.551115123126E-17,1.));
#2120 = ( GEOMETRIC_REPRESENTATION_CONTEXT(2) 
PARAMETRIC_REPRESENTATION_CONTEXT() REPRESENTATION_CONTEXT('2D SPACE',''
  ) );
#2121 = PCURVE('',#1992,#2122);
#2122 = DEFINITIONAL_REPRESENTATION('',(#2123),#2127);
#2123 = LINE('',#2124,#2125);
#2124 = CARTESIAN_POINT('',(0.,0.));
#2125 = VECTOR('',#2126,1.);
#2126 = DIRECTION('',(1.665334536938E-16,-1.));
#2127 = ( GEOMETRIC_REPRESENTATION_CONTEXT(2) 
PARAMETRIC_REPRESENTATION_CONTEXT() REPRESENTATION_CONTEXT('2D SPACE',''
  ) );
#2128 = ADVANCED_FACE('',(#2129),#872,.T.);
#2129 = FACE_BOUND('',#2130,.T.);
#2130 = EDGE_LOOP('',(#2131,#2154,#2155,#2178));
#2131 = ORIENTED_EDGE('',*,*,#2132,.F.);
#2132 = EDGE_CURVE('',#851,#2133,#2135,.T.);
#2133 = VERTEX_POINT('',#2134);
#2134 = CARTESIAN_POINT('',(-7.761942884681,-65.92570016397,
    80.117321474255));
#2135 = SURFACE_CURVE('',#2136,(#2140,#2147),.PCURVE_S1.);
#2136 = LINE('',#2137,#2138);
#2137 = CARTESIAN_POINT('',(2.919061945223,-19.12916037924,
    80.117321474255));
#2138 = VECTOR('',#2139,1.);
#2139 = DIRECTION('',(-0.222520933956,-0.974927912182,0.));
#2140 = PCURVE('',#872,#2141);
#2141 = DEFINITIONAL_REPRESENTATION('',(#2142),#2146);
#2142 = LINE('',#2143,#2144);
#2143 = CARTESIAN_POINT('',(1.33226762955E-15,18.));
#2144 = VECTOR('',#2145,1.);
#2145 = DIRECTION('',(1.,2.775557561563E-17));
#2146 = ( GEOMETRIC_REPRESENTATION_CONTEXT(2) 
PARAMETRIC_REPRESENTATION_CONTEXT() REPRESENTATION_CONTEXT('2D SPACE',''
  ) );
#2147 = PCURVE('',#968,#2148);
#2148 = DEFINITIONAL_REPRESENTATION('',(#2149),#2153);
#2149 = LINE('',#2150,#2151);
#2150 = CARTESIAN_POINT('',(2.,5.828670879282E-16));
#2151 = VECTOR('',#2152,1.);
#2152 = DIRECTION('',(1.404514750348E-18,1.));
#2153 = ( GEOMETRIC_REPRESENTATION_CONTEXT(2) 
PARAMETRIC_REPRESENTATION_CONTEXT() REPRESENTATION_CONTEXT('2D SPACE',''
  ) );
#2154 = ORIENTED_EDGE('',*,*,#848,.F.);
#2155 = ORIENTED_EDGE('',*,*,#2156,.T.);
#2156 = EDGE_CURVE('',#849,#2157,#2159,.T.);
#2157 = VERTEX_POINT('',#2158);
#2158 = CARTESIAN_POINT('',(-22.64408656136,-62.52894798483,
    70.578774718058));
#2159 = SURFACE_CURVE('',#2160,(#2164,#2171),.PCURVE_S1.);
#2160 = LINE('',#2161,#2162);
#2161 = CARTESIAN_POINT('',(-11.96308173145,-15.7324082001,
    70.578774718058));
#2162 = VECTOR('',#2163,1.);
#2163 = DIRECTION('',(-0.222520933956,-0.974927912182,0.));
#2164 = PCURVE('',#872,#2165);
#2165 = DEFINITIONAL_REPRESENTATION('',(#2166),#2170);
#2166 = LINE('',#2167,#2168);
#2167 = CARTESIAN_POINT('',(0.,0.));
#2168 = VECTOR('',#2169,1.);
#2169 = DIRECTION('',(1.,2.775557561563E-17));
#2170 = ( GEOMETRIC_REPRESENTATION_CONTEXT(2) 
PARAMETRIC_REPRESENTATION_CONTEXT() REPRESENTATION_CONTEXT('2D SPACE',''
  ) );
#2171 = PCURVE('',#904,#2172);
#2172 = DEFINITIONAL_REPRESENTATION('',(#2173),#2177);
#2173 = LINE('',#2174,#2175);
#2174 = CARTESIAN_POINT('',(2.,8.049116928532E-16));
#2175 = VECTOR('',#2176,1.);
#2176 = DIRECTION('',(1.404514750348E-18,1.));
#2177 = ( GEOMETRIC_REPRESENTATION_CONTEXT(2) 
PARAMETRIC_REPRESENTATION_CONTEXT() REPRESENTATION_CONTEXT('2D SPACE',''
  ) );
#2178 = ORIENTED_EDGE('',*,*,#2179,.T.);
#2179 = EDGE_CURVE('',#2157,#2133,#2180,.T.);
#2180 = SURFACE_CURVE('',#2181,(#2185,#2192),.PCURVE_S1.);
#2181 = LINE('',#2182,#2183);
#2182 = CARTESIAN_POINT('',(-22.64408656136,-62.52894798483,
    70.578774718058));
#2183 = VECTOR('',#2184,1.);
#2184 = DIRECTION('',(0.826785759816,-0.188708454397,0.529919264233));
#2185 = PCURVE('',#872,#2186);
#2186 = DEFINITIONAL_REPRESENTATION('',(#2187),#2191);
#2187 = LINE('',#2188,#2189);
#2188 = CARTESIAN_POINT('',(48.,1.7763568394E-15));
#2189 = VECTOR('',#2190,1.);
#2190 = DIRECTION('',(0.,1.));
#2191 = ( GEOMETRIC_REPRESENTATION_CONTEXT(2) 
PARAMETRIC_REPRESENTATION_CONTEXT() REPRESENTATION_CONTEXT('2D SPACE',''
  ) );
#2192 = PCURVE('',#2193,#2198);
#2193 = PLANE('',#2194);
#2194 = AXIS2_PLACEMENT_3D('',#2195,#2196,#2197);
#2195 = CARTESIAN_POINT('',(-21.61082039755,-62.76478424403,
    68.882678525745));
#2196 = DIRECTION('',(-0.222520933956,-0.974927912182,0.));
#2197 = DIRECTION('',(-0.516633081904,0.117918129599,0.848048096156));
#2198 = DEFINITIONAL_REPRESENTATION('',(#2199),#2203);
#2199 = LINE('',#2200,#2201);
#2200 = CARTESIAN_POINT('',(2.,-4.107825191113E-15));
#2201 = VECTOR('',#2202,1.);
#2202 = DIRECTION('',(1.110223024625E-16,-1.));
#2203 = ( GEOMETRIC_REPRESENTATION_CONTEXT(2) 
PARAMETRIC_REPRESENTATION_CONTEXT() REPRESENTATION_CONTEXT('2D SPACE',''
  ) );
#2204 = ADVANCED_FACE('',(#2205),#904,.F.);
#2205 = FACE_BOUND('',#2206,.F.);
#2206 = EDGE_LOOP('',(#2207,#2230,#2231,#2232));
#2207 = ORIENTED_EDGE('',*,*,#2208,.F.);
#2208 = EDGE_CURVE('',#885,#2209,#2211,.T.);
#2209 = VERTEX_POINT('',#2210);
#2210 = CARTESIAN_POINT('',(-21.61082039755,-62.76478424403,
    68.882678525745));
#2211 = SURFACE_CURVE('',#2212,(#2216,#2223),.PCURVE_S1.);
#2212 = LINE('',#2213,#2214);
#2213 = CARTESIAN_POINT('',(-10.92981556765,-15.9682444593,
    68.882678525745));
#2214 = VECTOR('',#2215,1.);
#2215 = DIRECTION('',(-0.222520933956,-0.974927912182,0.));
#2216 = PCURVE('',#904,#2217);
#2217 = DEFINITIONAL_REPRESENTATION('',(#2218),#2222);
#2218 = LINE('',#2219,#2220);
#2219 = CARTESIAN_POINT('',(0.,0.));
#2220 = VECTOR('',#2221,1.);
#2221 = DIRECTION('',(1.404514750348E-18,1.));
#2222 = ( GEOMETRIC_REPRESENTATION_CONTEXT(2) 
PARAMETRIC_REPRESENTATION_CONTEXT() REPRESENTATION_CONTEXT('2D SPACE',''
  ) );
#2223 = PCURVE('',#938,#2224);
#2224 = DEFINITIONAL_REPRESENTATION('',(#2225),#2229);
#2225 = LINE('',#2226,#2227);
#2226 = CARTESIAN_POINT('',(0.,0.));
#2227 = VECTOR('',#2228,1.);
#2228 = DIRECTION('',(1.,2.775557561563E-17));
#2229 = ( GEOMETRIC_REPRESENTATION_CONTEXT(2) 
PARAMETRIC_REPRESENTATION_CONTEXT() REPRESENTATION_CONTEXT('2D SPACE',''
  ) );
#2230 = ORIENTED_EDGE('',*,*,#884,.F.);
#2231 = ORIENTED_EDGE('',*,*,#2156,.T.);
#2232 = ORIENTED_EDGE('',*,*,#2233,.F.);
#2233 = EDGE_CURVE('',#2209,#2157,#2234,.T.);
#2234 = SURFACE_CURVE('',#2235,(#2239,#2246),.PCURVE_S1.);
#2235 = LINE('',#2236,#2237);
#2236 = CARTESIAN_POINT('',(-21.61082039755,-62.76478424403,
    68.882678525745));
#2237 = VECTOR('',#2238,1.);
#2238 = DIRECTION('',(-0.516633081904,0.117918129599,0.848048096156));
#2239 = PCURVE('',#904,#2240);
#2240 = DEFINITIONAL_REPRESENTATION('',(#2241),#2245);
#2241 = LINE('',#2242,#2243);
#2242 = CARTESIAN_POINT('',(-8.881784197001E-16,48.));
#2243 = VECTOR('',#2244,1.);
#2244 = DIRECTION('',(1.,1.387778780781E-17));
#2245 = ( GEOMETRIC_REPRESENTATION_CONTEXT(2) 
PARAMETRIC_REPRESENTATION_CONTEXT() REPRESENTATION_CONTEXT('2D SPACE',''
  ) );
#2246 = PCURVE('',#2193,#2247);
#2247 = DEFINITIONAL_REPRESENTATION('',(#2248),#2252);
#2248 = LINE('',#2249,#2250);
#2249 = CARTESIAN_POINT('',(0.,0.));
#2250 = VECTOR('',#2251,1.);
#2251 = DIRECTION('',(1.,-1.110223024625E-16));
#2252 = ( GEOMETRIC_REPRESENTATION_CONTEXT(2) 
PARAMETRIC_REPRESENTATION_CONTEXT() REPRESENTATION_CONTEXT('2D SPACE',''
  ) );
#2253 = ADVANCED_FACE('',(#2254),#968,.T.);
#2254 = FACE_BOUND('',#2255,.T.);
#2255 = EDGE_LOOP('',(#2256,#2279,#2280,#2281));
#2256 = ORIENTED_EDGE('',*,*,#2257,.F.);
#2257 = EDGE_CURVE('',#917,#2258,#2260,.T.);
#2258 = VERTEX_POINT('',#2259);
#2259 = CARTESIAN_POINT('',(-6.728676720873,-66.16153642316,
    78.421225281942));
#2260 = SURFACE_CURVE('',#2261,(#2265,#2272),.PCURVE_S1.);
#2261 = LINE('',#2262,#2263);
#2262 = CARTESIAN_POINT('',(3.95232810903,-19.36499663844,
    78.421225281942));
#2263 = VECTOR('',#2264,1.);
#2264 = DIRECTION('',(-0.222520933956,-0.974927912182,0.));
#2265 = PCURVE('',#968,#2266);
#2266 = DEFINITIONAL_REPRESENTATION('',(#2267),#2271);
#2267 = LINE('',#2268,#2269);
#2268 = CARTESIAN_POINT('',(0.,0.));
#2269 = VECTOR('',#2270,1.);
#2270 = DIRECTION('',(1.404514750348E-18,1.));
#2271 = ( GEOMETRIC_REPRESENTATION_CONTEXT(2) 
PARAMETRIC_REPRESENTATION_CONTEXT() REPRESENTATION_CONTEXT('2D SPACE',''
  ) );
#2272 = PCURVE('',#938,#2273);
#2273 = DEFINITIONAL_REPRESENTATION('',(#2274),#2278);
#2274 = LINE('',#2275,#2276);
#2275 = CARTESIAN_POINT('',(1.33226762955E-15,18.));
#2276 = VECTOR('',#2277,1.);
#2277 = DIRECTION('',(1.,2.775557561563E-17));
#2278 = ( GEOMETRIC_REPRESENTATION_CONTEXT(2) 
PARAMETRIC_REPRESENTATION_CONTEXT() REPRESENTATION_CONTEXT('2D SPACE',''
  ) );
#2279 = ORIENTED_EDGE('',*,*,#950,.F.);
#2280 = ORIENTED_EDGE('',*,*,#2132,.T.);
#2281 = ORIENTED_EDGE('',*,*,#2282,.F.);
#2282 = EDGE_CURVE('',#2258,#2133,#2283,.T.);
#2283 = SURFACE_CURVE('',#2284,(#2288,#2295),.PCURVE_S1.);
#2284 = LINE('',#2285,#2286);
#2285 = CARTESIAN_POINT('',(-6.728676720873,-66.16153642316,
    78.421225281942));
#2286 = VECTOR('',#2287,1.);
#2287 = DIRECTION('',(-0.516633081904,0.117918129599,0.848048096156));
#2288 = PCURVE('',#968,#2289);
#2289 = DEFINITIONAL_REPRESENTATION('',(#2290),#2294);
#2290 = LINE('',#2291,#2292);
#2291 = CARTESIAN_POINT('',(0.,48.));
#2292 = VECTOR('',#2293,1.);
#2293 = DIRECTION('',(1.,1.387778780781E-17));
#2294 = ( GEOMETRIC_REPRESENTATION_CONTEXT(2) 
PARAMETRIC_REPRESENTATION_CONTEXT() REPRESENTATION_CONTEXT('2D SPACE',''
  ) );
#2295 = PCURVE('',#2193,#2296);
#2296 = DEFINITIONAL_REPRESENTATION('',(#2297),#2301);
#2297 = LINE('',#2298,#2299);
#2298 = CARTESIAN_POINT('',(0.,-18.));
#2299 = VECTOR('',#2300,1.);
#2300 = DIRECTION('',(1.,-1.110223024625E-16));
#2301 = ( GEOMETRIC_REPRESENTATION_CONTEXT(2) 
PARAMETRIC_REPRESENTATION_CONTEXT() REPRESENTATION_CONTEXT('2D SPACE',''
  ) );
#2302 = ADVANCED_FACE('',(#2303),#938,.F.);
#2303 = FACE_BOUND('',#2304,.F.);
#2304 = EDGE_LOOP('',(#2305,#2306,#2307,#2308));
#2305 = ORIENTED_EDGE('',*,*,#2257,.F.);
#2306 = ORIENTED_EDGE('',*,*,#916,.F.);
#2307 = ORIENTED_EDGE('',*,*,#2208,.T.);
#2308 = ORIENTED_EDGE('',*,*,#2309,.T.);
#2309 = EDGE_CURVE('',#2209,#2258,#2310,.T.);
#2310 = SURFACE_CURVE('',#2311,(#2315,#2322),.PCURVE_S1.);
#2311 = LINE('',#2312,#2313);
#2312 = CARTESIAN_POINT('',(-21.61082039755,-62.76478424403,
    68.882678525745));
#2313 = VECTOR('',#2314,1.);
#2314 = DIRECTION('',(0.826785759816,-0.188708454397,0.529919264233));
#2315 = PCURVE('',#938,#2316);
#2316 = DEFINITIONAL_REPRESENTATION('',(#2317),#2321);
#2317 = LINE('',#2318,#2319);
#2318 = CARTESIAN_POINT('',(48.,1.7763568394E-15));
#2319 = VECTOR('',#2320,1.);
#2320 = DIRECTION('',(0.,1.));
#2321 = ( GEOMETRIC_REPRESENTATION_CONTEXT(2) 
PARAMETRIC_REPRESENTATION_CONTEXT() REPRESENTATION_CONTEXT('2D SPACE',''
  ) );
#2322 = PCURVE('',#2193,#2323);
#2323 = DEFINITIONAL_REPRESENTATION('',(#2324),#2328);
#2324 = LINE('',#2325,#2326);
#2325 = CARTESIAN_POINT('',(0.,0.));
#2326 = VECTOR('',#2327,1.);
#2327 = DIRECTION('',(1.110223024625E-16,-1.));
#2328 = ( GEOMETRIC_REPRESENTATION_CONTEXT(2) 
PARAMETRIC_REPRESENTATION_CONTEXT() REPRESENTATION_CONTEXT('2D SPACE',''
  ) );
#2329 = ADVANCED_FACE('',(#2330),#1006,.T.);
#2330 = FACE_BOUND('',#2331,.T.);
#2331 = EDGE_LOOP('',(#2332,#2355,#2356,#2379));
#2332 = ORIENTED_EDGE('',*,*,#2333,.F.);
#2333 = EDGE_CURVE('',#985,#2334,#2336,.T.);
#2334 = VERTEX_POINT('',#2335);
#2335 = CARTESIAN_POINT('',(46.703295660732,-47.17253304499,
    80.117321474255));
#2336 = SURFACE_CURVE('',#2337,(#2341,#2348),.PCURVE_S1.);
#2337 = LINE('',#2338,#2339);
#2338 = CARTESIAN_POINT('',(16.775785171513,-9.644621886529,
    80.117321474255));
#2339 = VECTOR('',#2340,1.);
#2340 = DIRECTION('',(0.623489801859,-0.781831482468,0.));
#2341 = PCURVE('',#1006,#2342);
#2342 = DEFINITIONAL_REPRESENTATION('',(#2343),#2347);
#2343 = LINE('',#2344,#2345);
#2344 = CARTESIAN_POINT('',(1.7763568394E-15,18.));
#2345 = VECTOR('',#2346,1.);
#2346 = DIRECTION('',(1.,3.056460511632E-17));
#2347 = ( GEOMETRIC_REPRESENTATION_CONTEXT(2) 
PARAMETRIC_REPRESENTATION_CONTEXT() REPRESENTATION_CONTEXT('2D SPACE',''
  ) );
#2348 = PCURVE('',#1102,#2349);
#2349 = DEFINITIONAL_REPRESENTATION('',(#2350),#2354);
#2350 = LINE('',#2351,#2352);
#2351 = CARTESIAN_POINT('',(2.,-3.330669073875E-16));
#2352 = VECTOR('',#2353,1.);
#2353 = DIRECTION('',(3.056460511632E-17,1.));
#2354 = ( GEOMETRIC_REPRESENTATION_CONTEXT(2) 
PARAMETRIC_REPRESENTATION_CONTEXT() REPRESENTATION_CONTEXT('2D SPACE',''
  ) );
#2355 = ORIENTED_EDGE('',*,*,#982,.F.);
#2356 = ORIENTED_EDGE('',*,*,#2357,.T.);
#2357 = EDGE_CURVE('',#983,#2358,#2360,.T.);
#2358 = VERTEX_POINT('',#2359);
#2359 = CARTESIAN_POINT('',(34.768743056733,-56.6900211549,
    70.578774718058));
#2360 = SURFACE_CURVE('',#2361,(#2365,#2372),.PCURVE_S1.);
#2361 = LINE('',#2362,#2363);
#2362 = CARTESIAN_POINT('',(4.841232567514,-19.16210999643,
    70.578774718058));
#2363 = VECTOR('',#2364,1.);
#2364 = DIRECTION('',(0.623489801859,-0.781831482468,0.));
#2365 = PCURVE('',#1006,#2366);
#2366 = DEFINITIONAL_REPRESENTATION('',(#2367),#2371);
#2367 = LINE('',#2368,#2369);
#2368 = CARTESIAN_POINT('',(0.,0.));
#2369 = VECTOR('',#2370,1.);
#2370 = DIRECTION('',(1.,3.056460511632E-17));
#2371 = ( GEOMETRIC_REPRESENTATION_CONTEXT(2) 
PARAMETRIC_REPRESENTATION_CONTEXT() REPRESENTATION_CONTEXT('2D SPACE',''
  ) );
#2372 = PCURVE('',#1038,#2373);
#2373 = DEFINITIONAL_REPRESENTATION('',(#2374),#2378);
#2374 = LINE('',#2375,#2376);
#2375 = CARTESIAN_POINT('',(2.,-1.665334536938E-15));
#2376 = VECTOR('',#2377,1.);
#2377 = DIRECTION('',(3.056460511632E-17,1.));
#2378 = ( GEOMETRIC_REPRESENTATION_CONTEXT(2) 
PARAMETRIC_REPRESENTATION_CONTEXT() REPRESENTATION_CONTEXT('2D SPACE',''
  ) );
#2379 = ORIENTED_EDGE('',*,*,#2380,.T.);
#2380 = EDGE_CURVE('',#2358,#2334,#2381,.T.);
#2381 = SURFACE_CURVE('',#2382,(#2386,#2393),.PCURVE_S1.);
#2382 = LINE('',#2383,#2384);
#2383 = CARTESIAN_POINT('',(34.768743056733,-56.6900211549,
    70.578774718058));
#2384 = VECTOR('',#2385,1.);
#2385 = DIRECTION('',(0.663030700222,0.528749339439,0.529919264233));
#2386 = PCURVE('',#1006,#2387);
#2387 = DEFINITIONAL_REPRESENTATION('',(#2388),#2392);
#2388 = LINE('',#2389,#2390);
#2389 = CARTESIAN_POINT('',(48.,0.));
#2390 = VECTOR('',#2391,1.);
#2391 = DIRECTION('',(5.551115123126E-17,1.));
#2392 = ( GEOMETRIC_REPRESENTATION_CONTEXT(2) 
PARAMETRIC_REPRESENTATION_CONTEXT() REPRESENTATION_CONTEXT('2D SPACE',''
  ) );
#2393 = PCURVE('',#2394,#2399);
#2394 = PLANE('',#2395);
#2395 = AXIS2_PLACEMENT_3D('',#2396,#2397,#2398);
#2396 = CARTESIAN_POINT('',(35.597358184621,-56.02922264078,
    68.882678525745));
#2397 = DIRECTION('',(0.623489801859,-0.781831482468,0.));
#2398 = DIRECTION('',(-0.414307563944,-0.330399257058,0.848048096156));
#2399 = DEFINITIONAL_REPRESENTATION('',(#2400),#2404);
#2400 = LINE('',#2401,#2402);
#2401 = CARTESIAN_POINT('',(2.,1.110223024625E-16));
#2402 = VECTOR('',#2403,1.);
#2403 = DIRECTION('',(0.,-1.));
#2404 = ( GEOMETRIC_REPRESENTATION_CONTEXT(2) 
PARAMETRIC_REPRESENTATION_CONTEXT() REPRESENTATION_CONTEXT('2D SPACE',''
  ) );
#2405 = ADVANCED_FACE('',(#2406),#1102,.T.);
#2406 = FACE_BOUND('',#2407,.T.);
#2407 = EDGE_LOOP('',(#2408,#2431,#2432,#2433));
#2408 = ORIENTED_EDGE('',*,*,#2409,.F.);
#2409 = EDGE_CURVE('',#1051,#2410,#2412,.T.);
#2410 = VERTEX_POINT('',#2411);
#2411 = CARTESIAN_POINT('',(47.53191078862,-46.51173453087,
    78.421225281942));
#2412 = SURFACE_CURVE('',#2413,(#2417,#2424),.PCURVE_S1.);
#2413 = LINE('',#2414,#2415);
#2414 = CARTESIAN_POINT('',(17.604400299401,-8.983823372413,
    78.421225281942));
#2415 = VECTOR('',#2416,1.);
#2416 = DIRECTION('',(0.623489801859,-0.781831482468,0.));
#2417 = PCURVE('',#1102,#2418);
#2418 = DEFINITIONAL_REPRESENTATION('',(#2419),#2423);
#2419 = LINE('',#2420,#2421);
#2420 = CARTESIAN_POINT('',(0.,0.));
#2421 = VECTOR('',#2422,1.);
#2422 = DIRECTION('',(3.056460511632E-17,1.));
#2423 = ( GEOMETRIC_REPRESENTATION_CONTEXT(2) 
PARAMETRIC_REPRESENTATION_CONTEXT() REPRESENTATION_CONTEXT('2D SPACE',''
  ) );
#2424 = PCURVE('',#1072,#2425);
#2425 = DEFINITIONAL_REPRESENTATION('',(#2426),#2430);
#2426 = LINE('',#2427,#2428);
#2427 = CARTESIAN_POINT('',(8.881784197001E-16,18.));
#2428 = VECTOR('',#2429,1.);
#2429 = DIRECTION('',(1.,3.056460511632E-17));
#2430 = ( GEOMETRIC_REPRESENTATION_CONTEXT(2) 
PARAMETRIC_REPRESENTATION_CONTEXT() REPRESENTATION_CONTEXT('2D SPACE',''
  ) );
#2431 = ORIENTED_EDGE('',*,*,#1084,.F.);
#2432 = ORIENTED_EDGE('',*,*,#2333,.T.);
#2433 = ORIENTED_EDGE('',*,*,#2434,.F.);
#2434 = EDGE_CURVE('',#2410,#2334,#2435,.T.);
#2435 = SURFACE_CURVE('',#2436,(#2440,#2447),.PCURVE_S1.);
#2436 = LINE('',#2437,#2438);
#2437 = CARTESIAN_POINT('',(47.53191078862,-46.51173453087,
    78.421225281942));
#2438 = VECTOR('',#2439,1.);
#2439 = DIRECTION('',(-0.414307563944,-0.330399257058,0.848048096156));
#2440 = PCURVE('',#1102,#2441);
#2441 = DEFINITIONAL_REPRESENTATION('',(#2442),#2446);
#2442 = LINE('',#2443,#2444);
#2443 = CARTESIAN_POINT('',(5.329070518201E-15,48.));
#2444 = VECTOR('',#2445,1.);
#2445 = DIRECTION('',(1.,5.551115123126E-17));
#2446 = ( GEOMETRIC_REPRESENTATION_CONTEXT(2) 
PARAMETRIC_REPRESENTATION_CONTEXT() REPRESENTATION_CONTEXT('2D SPACE',''
  ) );
#2447 = PCURVE('',#2394,#2448);
#2448 = DEFINITIONAL_REPRESENTATION('',(#2449),#2453);
#2449 = LINE('',#2450,#2451);
#2450 = CARTESIAN_POINT('',(-1.7763568394E-15,-18.));
#2451 = VECTOR('',#2452,1.);
#2452 = DIRECTION('',(1.,0.));
#2453 = ( GEOMETRIC_REPRESENTATION_CONTEXT(2) 
PARAMETRIC_REPRESENTATION_CONTEXT() REPRESENTATION_CONTEXT('2D SPACE',''
  ) );
#2454 = ADVANCED_FACE('',(#2455),#1072,.F.);
#2455 = FACE_BOUND('',#2456,.F.);
#2456 = EDGE_LOOP('',(#2457,#2458,#2459,#2482));
#2457 = ORIENTED_EDGE('',*,*,#2409,.F.);
#2458 = ORIENTED_EDGE('',*,*,#1050,.F.);
#2459 = ORIENTED_EDGE('',*,*,#2460,.T.);
#2460 = EDGE_CURVE('',#1019,#2461,#2463,.T.);
#2461 = VERTEX_POINT('',#2462);
#2462 = CARTESIAN_POINT('',(35.597358184621,-56.02922264078,
    68.882678525745));
#2463 = SURFACE_CURVE('',#2464,(#2468,#2475),.PCURVE_S1.);
#2464 = LINE('',#2465,#2466);
#2465 = CARTESIAN_POINT('',(5.669847695401,-18.50131148232,
    68.882678525745));
#2466 = VECTOR('',#2467,1.);
#2467 = DIRECTION('',(0.623489801859,-0.781831482468,0.));
#2468 = PCURVE('',#1072,#2469);
#2469 = DEFINITIONAL_REPRESENTATION('',(#2470),#2474);
#2470 = LINE('',#2471,#2472);
#2471 = CARTESIAN_POINT('',(0.,0.));
#2472 = VECTOR('',#2473,1.);
#2473 = DIRECTION('',(1.,3.056460511632E-17));
#2474 = ( GEOMETRIC_REPRESENTATION_CONTEXT(2) 
PARAMETRIC_REPRESENTATION_CONTEXT() REPRESENTATION_CONTEXT('2D SPACE',''
  ) );
#2475 = PCURVE('',#1038,#2476);
#2476 = DEFINITIONAL_REPRESENTATION('',(#2477),#2481);
#2477 = LINE('',#2478,#2479);
#2478 = CARTESIAN_POINT('',(0.,0.));
#2479 = VECTOR('',#2480,1.);
#2480 = DIRECTION('',(3.056460511632E-17,1.));
#2481 = ( GEOMETRIC_REPRESENTATION_CONTEXT(2) 
PARAMETRIC_REPRESENTATION_CONTEXT() REPRESENTATION_CONTEXT('2D SPACE',''
  ) );
#2482 = ORIENTED_EDGE('',*,*,#2483,.T.);
#2483 = EDGE_CURVE('',#2461,#2410,#2484,.T.);
#2484 = SURFACE_CURVE('',#2485,(#2489,#2496),.PCURVE_S1.);
#2485 = LINE('',#2486,#2487);
#2486 = CARTESIAN_POINT('',(35.597358184621,-56.02922264078,
    68.882678525745));
#2487 = VECTOR('',#2488,1.);
#2488 = DIRECTION('',(0.663030700222,0.528749339439,0.529919264233));
#2489 = PCURVE('',#1072,#2490);
#2490 = DEFINITIONAL_REPRESENTATION('',(#2491),#2495);
#2491 = LINE('',#2492,#2493);
#2492 = CARTESIAN_POINT('',(48.,7.105427357601E-15));
#2493 = VECTOR('',#2494,1.);
#2494 = DIRECTION('',(5.551115123126E-17,1.));
#2495 = ( GEOMETRIC_REPRESENTATION_CONTEXT(2) 
PARAMETRIC_REPRESENTATION_CONTEXT() REPRESENTATION_CONTEXT('2D SPACE',''
  ) );
#2496 = PCURVE('',#2394,#2497);
#2497 = DEFINITIONAL_REPRESENTATION('',(#2498),#2502);
#2498 = LINE('',#2499,#2500);
#2499 = CARTESIAN_POINT('',(0.,-0.));
#2500 = VECTOR('',#2501,1.);
#2501 = DIRECTION('',(0.,-1.));
#2502 = ( GEOMETRIC_REPRESENTATION_CONTEXT(2) 
PARAMETRIC_REPRESENTATION_CONTEXT() REPRESENTATION_CONTEXT('2D SPACE',''
  ) );
#2503 = ADVANCED_FACE('',(#2504),#1038,.F.);
#2504 = FACE_BOUND('',#2505,.F.);
#2505 = EDGE_LOOP('',(#2506,#2507,#2508,#2509));
#2506 = ORIENTED_EDGE('',*,*,#2460,.F.);
#2507 = ORIENTED_EDGE('',*,*,#1018,.F.);
#2508 = ORIENTED_EDGE('',*,*,#2357,.T.);
#2509 = ORIENTED_EDGE('',*,*,#2510,.F.);
#2510 = EDGE_CURVE('',#2461,#2358,#2511,.T.);
#2511 = SURFACE_CURVE('',#2512,(#2516,#2523),.PCURVE_S1.);
#2512 = LINE('',#2513,#2514);
#2513 = CARTESIAN_POINT('',(35.597358184621,-56.02922264078,
    68.882678525745));
#2514 = VECTOR('',#2515,1.);
#2515 = DIRECTION('',(-0.414307563944,-0.330399257058,0.848048096156));
#2516 = PCURVE('',#1038,#2517);
#2517 = DEFINITIONAL_REPRESENTATION('',(#2518),#2522);
#2518 = LINE('',#2519,#2520);
#2519 = CARTESIAN_POINT('',(5.329070518201E-15,48.));
#2520 = VECTOR('',#2521,1.);
#2521 = DIRECTION('',(1.,5.551115123126E-17));
#2522 = ( GEOMETRIC_REPRESENTATION_CONTEXT(2) 
PARAMETRIC_REPRESENTATION_CONTEXT() REPRESENTATION_CONTEXT('2D SPACE',''
  ) );
#2523 = PCURVE('',#2394,#2524);
#2524 = DEFINITIONAL_REPRESENTATION('',(#2525),#2529);
#2525 = LINE('',#2526,#2527);
#2526 = CARTESIAN_POINT('',(0.,-0.));
#2527 = VECTOR('',#2528,1.);
#2528 = DIRECTION('',(1.,0.));
#2529 = ( GEOMETRIC_REPRESENTATION_CONTEXT(2) 
PARAMETRIC_REPRESENTATION_CONTEXT() REPRESENTATION_CONTEXT('2D SPACE',''
  ) );
#2530 = ADVANCED_FACE('',(#2531),#1183,.T.);
#2531 = FACE_BOUND('',#2532,.T.);
#2532 = EDGE_LOOP('',(#2533,#2534,#2535,#2536));
#2533 = ORIENTED_EDGE('',*,*,#1223,.F.);
#2534 = ORIENTED_EDGE('',*,*,#1169,.T.);
#2535 = ORIENTED_EDGE('',*,*,#1304,.T.);
#2536 = ORIENTED_EDGE('',*,*,#1273,.F.);
#2537 = ADVANCED_FACE('',(#2538),#1389,.T.);
#2538 = FACE_BOUND('',#2539,.T.);
#2539 = EDGE_LOOP('',(#2540,#2541,#2542,#2543));
#2540 = ORIENTED_EDGE('',*,*,#1429,.F.);
#2541 = ORIENTED_EDGE('',*,*,#1505,.T.);
#2542 = ORIENTED_EDGE('',*,*,#1478,.T.);
#2543 = ORIENTED_EDGE('',*,*,#1375,.F.);
#2544 = ADVANCED_FACE('',(#2545),#1590,.T.);
#2545 = FACE_BOUND('',#2546,.T.);
#2546 = EDGE_LOOP('',(#2547,#2548,#2549,#2550));
#2547 = ORIENTED_EDGE('',*,*,#1630,.F.);
#2548 = ORIENTED_EDGE('',*,*,#1706,.T.);
#2549 = ORIENTED_EDGE('',*,*,#1679,.T.);
#2550 = ORIENTED_EDGE('',*,*,#1576,.F.);
#2551 = ADVANCED_FACE('',(#2552),#1791,.T.);
#2552 = FACE_BOUND('',#2553,.T.);
#2553 = EDGE_LOOP('',(#2554,#2555,#2556,#2557));
#2554 = ORIENTED_EDGE('',*,*,#1831,.F.);
#2555 = ORIENTED_EDGE('',*,*,#1907,.T.);
#2556 = ORIENTED_EDGE('',*,*,#1880,.T.);
#2557 = ORIENTED_EDGE('',*,*,#1777,.F.);
#2558 = ADVANCED_FACE('',(#2559),#1992,.T.);
#2559 = FACE_BOUND('',#2560,.T.);
#2560 = EDGE_LOOP('',(#2561,#2562,#2563,#2564));
#2561 = ORIENTED_EDGE('',*,*,#2032,.F.);
#2562 = ORIENTED_EDGE('',*,*,#2108,.T.);
#2563 = ORIENTED_EDGE('',*,*,#2081,.T.);
#2564 = ORIENTED_EDGE('',*,*,#1978,.F.);
#2565 = ADVANCED_FACE('',(#2566),#2193,.T.);
#2566 = FACE_BOUND('',#2567,.T.);
#2567 = EDGE_LOOP('',(#2568,#2569,#2570,#2571));
#2568 = ORIENTED_EDGE('',*,*,#2233,.F.);
#2569 = ORIENTED_EDGE('',*,*,#2309,.T.);
#2570 = ORIENTED_EDGE('',*,*,#2282,.T.);
#2571 = ORIENTED_EDGE('',*,*,#2179,.F.);
#2572 = ADVANCED_FACE('',(#2573),#2394,.T.);
#2573 = FACE_BOUND('',#2574,.T.);
#2574 = EDGE_LOOP('',(#2575,#2576,#2577,#2578));
#2575 = ORIENTED_EDGE('',*,*,#2510,.F.);
#2576 = ORIENTED_EDGE('',*,*,#2483,.T.);
#2577 = ORIENTED_EDGE('',*,*,#2434,.T.);
#2578 = ORIENTED_EDGE('',*,*,#2380,.F.);
#2579 = ( GEOMETRIC_REPRESENTATION_CONTEXT(3) 
GLOBAL_UNCERTAINTY_ASSIGNED_CONTEXT((#2583)) 
GLOBAL_UNIT_ASSIGNED_CONTEXT((#2580,#2581,#2582)) REPRESENTATION_CONTEXT
('Context #1','3D Context with UNIT and UNCERTAINTY') );
#2580 = ( LENGTH_UNIT() NAMED_UNIT(*) SI_UNIT(.MILLI.,.METRE.) );
#2581 = ( NAMED_UNIT(*) PLANE_ANGLE_UNIT() SI_UNIT($,.RADIAN.) );
#2582 = ( NAMED_UNIT(*) SI_UNIT($,.STERADIAN.) SOLID_ANGLE_UNIT() );
#2583 = UNCERTAINTY_MEASURE_WITH_UNIT(LENGTH_MEASURE(1.E-07),#2580,
  'distance_accuracy_value','confusion accuracy');
#2584 = PRODUCT_RELATED_PRODUCT_CATEGORY('part',$,(#7));
ENDSEC;
END-ISO-10303-21;
