ISO-10303-21;
HEADER;
FILE_DESCRIPTION(('Open CASCADE Model'),'2;1');
FILE_NAME('Open CASCADE Shape Model','2026-10-09T07:40:41',('Author'),(
    'Open CASCADE'),'Open CASCADE STEP processor 7.9','Open CASCADE 7.9'
  ,'Unknown');
FILE_SCHEMA(('AUTOMOTIVE_DESIGN { 1 0 10303 214 1 1 1 1 }'));
ENDSEC;
DATA;
#1 = APPLICATION_PROTOCOL_DEFINITION('international standard',
  'automotive_design',2000,#2);
#2 = APPLICATION_CONTEXT(
  'core data for automotive mechanical design processes');
#3 = SHAPE_DEFINITION_REPRESENTATION(#4,#10);
#4 = PRODUCT_DEFINITION_SHAPE('','',#5);
#5 = PRODUCT_DEFINITION('design','',#6,#9);
#6 = PRODUCT_DEFINITION_FORMATION('','',#7);
#7 = PRODUCT('Open CASCADE STEP translator 7.9 10',
  'Open CASCADE STEP translator 7.9 10','',(#8));
#8 = PRODUCT_CONTEXT('',#2,'mechanical');
#9 = PRODUCT_DEFINITION_CONTEXT('part definition',#2,'design');
#10 = SHAPE_REPRESENTATION('',(#11,#15,#19,#23),#27);
#11 = AXIS2_PLACEMENT_3D('',#12,#13,#14);
#12 = CARTESIAN_POINT('',(0.,0.,0.));
#13 = DIRECTION('',(0.,0.,1.));
#14 = DIRECTION('',(1.,0.,-0.));
#15 = AXIS2_PLACEMENT_3D('',#16,#17,#18);
#16 = CARTESIAN_POINT('',(0.,0.,0.));
#17 = DIRECTION('',(0.,0.,1.));
#18 = DIRECTION('',(1.,0.,-0.));
#19 = AXIS2_PLACEMENT_3D('',#20,#21,#22);
#20 = CARTESIAN_POINT('',(0.,0.,0.));
#21 = DIRECTION('',(0.,0.,1.));
#22 = DIRECTION('',(1.,0.,-0.));
#23 = AXIS2_PLACEMENT_3D('',#24,#25,#26);
#24 = CARTESIAN_POINT('',(0.,0.,0.));
#25 = DIRECTION('',(0.,0.,1.));
#26 = DIRECTION('',(1.,0.,-0.));
#27 = ( GEOMETRIC_REPRESENTATION_CONTEXT(3) 
GLOBAL_UNCERTAINTY_ASSIGNED_CONTEXT((#31)) GLOBAL_UNIT_ASSIGNED_CONTEXT(
(#28,#29,#30)) REPRESENTATION_CONTEXT('Context #1',
  '3D Context with UNIT and UNCERTAINTY') );
#28 = ( LENGTH_UNIT() NAMED_UNIT(*) SI_UNIT(.MILLI.,.METRE.) );
#29 = ( NAMED_UNIT(*) PLANE_ANGLE_UNIT() SI_UNIT($,.RADIAN.) );
#30 = ( NAMED_UNIT(*) SI_UNIT($,.STERADIAN.) SOLID_ANGLE_UNIT() );
#31 = UNCERTAINTY_MEASURE_WITH_UNIT(LENGTH_MEASURE(1.E-07),#28,
  'distance_accuracy_value','confusion accuracy');
#32 = PRODUCT_RELATED_PRODUCT_CATEGORY('part',$,(#7));
#33 = SHAPE_DEFINITION_REPRESENTATION(#34,#40);
#34 = PRODUCT_DEFINITION_SHAPE('','',#35);
#35 = PRODUCT_DEFINITION('design','',#36,#39);
#36 = PRODUCT_DEFINITION_FORMATION('','',#37);
#37 = PRODUCT('Open CASCADE STEP translator 7.9 10.1',
  'Open CASCADE STEP translator 7.9 10.1','',(#38));
#38 = PRODUCT_CONTEXT('',#2,'mechanical');
#39 = PRODUCT_DEFINITION_CONTEXT('part definition',#2,'design');
#40 = ADVANCED_BREP_SHAPE_REPRESENTATION('',(#11,#41),#1381);
#41 = MANIFOLD_SOLID_BREP('',#42);
#42 = CLOSED_SHELL('',(#43,#163,#613,#663,#717,#1052,#1079,#1106,#1132,
    #1158,#1185,#1212,#1239,#1266,#1293,#1320,#1347,#1354));
#43 = ADVANCED_FACE('',(#44),#58,.F.);
#44 = FACE_BOUND('',#45,.F.);
#45 = EDGE_LOOP('',(#46,#81,#109,#137));
#46 = ORIENTED_EDGE('',*,*,#47,.F.);
#47 = EDGE_CURVE('',#48,#50,#52,.T.);
#48 = VERTEX_POINT('',#49);
#49 = CARTESIAN_POINT('',(150.,-35.,-35.));
#50 = VERTEX_POINT('',#51);
#51 = CARTESIAN_POINT('',(150.,35.,-35.));
#52 = SURFACE_CURVE('',#53,(#57,#69),.PCURVE_S1.);
#53 = LINE('',#54,#55);
#54 = CARTESIAN_POINT('',(150.,-40.,-35.));
#55 = VECTOR('',#56,1.);
#56 = DIRECTION('',(0.,1.,0.));
#57 = PCURVE('',#58,#63);
#58 = PLANE('',#59);
#59 = AXIS2_PLACEMENT_3D('',#60,#61,#62);
#60 = CARTESIAN_POINT('',(150.,-40.,-50.));
#61 = DIRECTION('',(1.,0.,0.));
#62 = DIRECTION('',(0.,0.,1.));
#63 = DEFINITIONAL_REPRESENTATION('',(#64),#68);
#64 = LINE('',#65,#66);
#65 = CARTESIAN_POINT('',(15.,0.));
#66 = VECTOR('',#67,1.);
#67 = DIRECTION('',(0.,-1.));
#68 = ( GEOMETRIC_REPRESENTATION_CONTEXT(2) 
PARAMETRIC_REPRESENTATION_CONTEXT() REPRESENTATION_CONTEXT('2D SPACE',''
  ) );
#69 = PCURVE('',#70,#75);
#70 = PLANE('',#71);
#71 = AXIS2_PLACEMENT_3D('',#72,#73,#74);
#72 = CARTESIAN_POINT('',(150.,-40.,-35.));
#73 = DIRECTION('',(0.,0.,1.));
#74 = DIRECTION('',(1.,0.,0.));
#75 = DEFINITIONAL_REPRESENTATION('',(#76),#80);
#76 = LINE('',#77,#78);
#77 = CARTESIAN_POINT('',(0.,0.));
#78 = VECTOR('',#79,1.);
#79 = DIRECTION('',(0.,1.));
#80 = ( GEOMETRIC_REPRESENTATION_CONTEXT(2) 
PARAMETRIC_REPRESENTATION_CONTEXT() REPRESENTATION_CONTEXT('2D SPACE',''
  ) );
#81 = ORIENTED_EDGE('',*,*,#82,.F.);
#82 = EDGE_CURVE('',#83,#48,#85,.T.);
#83 = VERTEX_POINT('',#84);
#84 = CARTESIAN_POINT('',(150.,-35.,-50.));
#85 = SURFACE_CURVE('',#86,(#90,#97),.PCURVE_S1.);
#86 = LINE('',#87,#88);
#87 = CARTESIAN_POINT('',(150.,-35.,-50.));
#88 = VECTOR('',#89,1.);
#89 = DIRECTION('',(0.,0.,1.));
#90 = PCURVE('',#58,#91);
#91 = DEFINITIONAL_REPRESENTATION('',(#92),#96);
#92 = LINE('',#93,#94);
#93 = CARTESIAN_POINT('',(0.,-5.));
#94 = VECTOR('',#95,1.);
#95 = DIRECTION('',(1.,0.));
#96 = ( GEOMETRIC_REPRESENTATION_CONTEXT(2) 
PARAMETRIC_REPRESENTATION_CONTEXT() REPRESENTATION_CONTEXT('2D SPACE',''
  ) );
#97 = PCURVE('',#98,#103);
#98 = CYLINDRICAL_SURFACE('',#99,5.);
#99 = AXIS2_PLACEMENT_3D('',#100,#101,#102);
#100 = CARTESIAN_POINT('',(155.,-35.,-50.));
#101 = DIRECTION('',(0.,0.,1.));
#102 = DIRECTION('',(-1.,-0.,0.));
#103 = DEFINITIONAL_REPRESENTATION('',(#104),#108);
#104 = LINE('',#105,#106);
#105 = CARTESIAN_POINT('',(0.,0.));
#106 = VECTOR('',#107,1.);
#107 = DIRECTION('',(0.,1.));
#108 = ( GEOMETRIC_REPRESENTATION_CONTEXT(2) 
PARAMETRIC_REPRESENTATION_CONTEXT() REPRESENTATION_CONTEXT('2D SPACE',''
  ) );
#109 = ORIENTED_EDGE('',*,*,#110,.T.);
#110 = EDGE_CURVE('',#83,#111,#113,.T.);
#111 = VERTEX_POINT('',#112);
#112 = CARTESIAN_POINT('',(150.,35.,-50.));
#113 = SURFACE_CURVE('',#114,(#118,#125),.PCURVE_S1.);
#114 = LINE('',#115,#116);
#115 = CARTESIAN_POINT('',(150.,-40.,-50.));
#116 = VECTOR('',#117,1.);
#117 = DIRECTION('',(0.,1.,0.));
#118 = PCURVE('',#58,#119);
#119 = DEFINITIONAL_REPRESENTATION('',(#120),#124);
#120 = LINE('',#121,#122);
#121 = CARTESIAN_POINT('',(0.,0.));
#122 = VECTOR('',#123,1.);
#123 = DIRECTION('',(0.,-1.));
#124 = ( GEOMETRIC_REPRESENTATION_CONTEXT(2) 
PARAMETRIC_REPRESENTATION_CONTEXT() REPRESENTATION_CONTEXT('2D SPACE',''
  ) );
#125 = PCURVE('',#126,#131);
#126 = PLANE('',#127);
#127 = AXIS2_PLACEMENT_3D('',#128,#129,#130);
#128 = CARTESIAN_POINT('',(150.,-40.,-50.));
#129 = DIRECTION('',(0.,0.,1.));
#130 = DIRECTION('',(1.,0.,0.));
#131 = DEFINITIONAL_REPRESENTATION('',(#132),#136);
#132 = LINE('',#133,#134);
#133 = CARTESIAN_POINT('',(0.,0.));
#134 = VECTOR('',#135,1.);
#135 = DIRECTION('',(0.,1.));
#136 = ( GEOMETRIC_REPRESENTATION_CONTEXT(2) 
PARAMETRIC_REPRESENTATION_CONTEXT() REPRESENTATION_CONTEXT('2D SPACE',''
  ) );
#137 = ORIENTED_EDGE('',*,*,#138,.T.);
#138 = EDGE_CURVE('',#111,#50,#139,.T.);
#139 = SURFACE_CURVE('',#140,(#144,#151),.PCURVE_S1.);
#140 = LINE('',#141,#142);
#141 = CARTESIAN_POINT('',(150.,35.,-50.));
#142 = VECTOR('',#143,1.);
#143 = DIRECTION('',(0.,0.,1.));
#144 = PCURVE('',#58,#145);
#145 = DEFINITIONAL_REPRESENTATION('',(#146),#150);
#146 = LINE('',#147,#148);
#147 = CARTESIAN_POINT('',(0.,-75.));
#148 = VECTOR('',#149,1.);
#149 = DIRECTION('',(1.,0.));
#150 = ( GEOMETRIC_REPRESENTATION_CONTEXT(2) 
PARAMETRIC_REPRESENTATION_CONTEXT() REPRESENTATION_CONTEXT('2D SPACE',''
  ) );
#151 = PCURVE('',#152,#157);
#152 = CYLINDRICAL_SURFACE('',#153,5.);
#153 = AXIS2_PLACEMENT_3D('',#154,#155,#156);
#154 = CARTESIAN_POINT('',(155.,35.,-50.));
#155 = DIRECTION('',(0.,0.,1.));
#156 = DIRECTION('',(-1.,-0.,0.));
#157 = DEFINITIONAL_REPRESENTATION('',(#158),#162);
#158 = LINE('',#159,#160);
#159 = CARTESIAN_POINT('',(-0.,0.));
#160 = VECTOR('',#161,1.);
#161 = DIRECTION('',(-0.,1.));
#162 = ( GEOMETRIC_REPRESENTATION_CONTEXT(2) 
PARAMETRIC_REPRESENTATION_CONTEXT() REPRESENTATION_CONTEXT('2D SPACE',''
  ) );
#163 = ADVANCED_FACE('',(#164,#543,#578),#70,.T.);
#164 = FACE_BOUND('',#165,.T.);
#165 = EDGE_LOOP('',(#166,#167,#191,#219,#252,#281,#309,#342,#370,#399,
    #427,#460,#489,#517));
#166 = ORIENTED_EDGE('',*,*,#47,.F.);
#167 = ORIENTED_EDGE('',*,*,#168,.T.);
#168 = EDGE_CURVE('',#48,#169,#171,.T.);
#169 = VERTEX_POINT('',#170);
#170 = CARTESIAN_POINT('',(155.,-40.,-35.));
#171 = SURFACE_CURVE('',#172,(#177,#184),.PCURVE_S1.);
#172 = CIRCLE('',#173,5.);
#173 = AXIS2_PLACEMENT_3D('',#174,#175,#176);
#174 = CARTESIAN_POINT('',(155.,-35.,-35.));
#175 = DIRECTION('',(0.,0.,1.));
#176 = DIRECTION('',(0.,-1.,0.));
#177 = PCURVE('',#70,#178);
#178 = DEFINITIONAL_REPRESENTATION('',(#179),#183);
#179 = CIRCLE('',#180,5.);
#180 = AXIS2_PLACEMENT_2D('',#181,#182);
#181 = CARTESIAN_POINT('',(5.,5.));
#182 = DIRECTION('',(0.,-1.));
#183 = ( GEOMETRIC_REPRESENTATION_CONTEXT(2) 
PARAMETRIC_REPRESENTATION_CONTEXT() REPRESENTATION_CONTEXT('2D SPACE',''
  ) );
#184 = PCURVE('',#98,#185);
#185 = DEFINITIONAL_REPRESENTATION('',(#186),#190);
#186 = LINE('',#187,#188);
#187 = CARTESIAN_POINT('',(-4.712388980385,15.));
#188 = VECTOR('',#189,1.);
#189 = DIRECTION('',(1.,0.));
#190 = ( GEOMETRIC_REPRESENTATION_CONTEXT(2) 
PARAMETRIC_REPRESENTATION_CONTEXT() REPRESENTATION_CONTEXT('2D SPACE',''
  ) );
#191 = ORIENTED_EDGE('',*,*,#192,.T.);
#192 = EDGE_CURVE('',#169,#193,#195,.T.);
#193 = VERTEX_POINT('',#194);
#194 = CARTESIAN_POINT('',(225.,-40.,-35.));
#195 = SURFACE_CURVE('',#196,(#200,#207),.PCURVE_S1.);
#196 = LINE('',#197,#198);
#197 = CARTESIAN_POINT('',(150.,-40.,-35.));
#198 = VECTOR('',#199,1.);
#199 = DIRECTION('',(1.,0.,0.));
#200 = PCURVE('',#70,#201);
#201 = DEFINITIONAL_REPRESENTATION('',(#202),#206);
#202 = LINE('',#203,#204);
#203 = CARTESIAN_POINT('',(0.,0.));
#204 = VECTOR('',#205,1.);
#205 = DIRECTION('',(1.,0.));
#206 = ( GEOMETRIC_REPRESENTATION_CONTEXT(2) 
PARAMETRIC_REPRESENTATION_CONTEXT() REPRESENTATION_CONTEXT('2D SPACE',''
  ) );
#207 = PCURVE('',#208,#213);
#208 = PLANE('',#209);
#209 = AXIS2_PLACEMENT_3D('',#210,#211,#212);
#210 = CARTESIAN_POINT('',(150.,-40.,-50.));
#211 = DIRECTION('',(0.,1.,0.));
#212 = DIRECTION('',(0.,0.,1.));
#213 = DEFINITIONAL_REPRESENTATION('',(#214),#218);
#214 = LINE('',#215,#216);
#215 = CARTESIAN_POINT('',(15.,0.));
#216 = VECTOR('',#217,1.);
#217 = DIRECTION('',(0.,1.));
#218 = ( GEOMETRIC_REPRESENTATION_CONTEXT(2) 
PARAMETRIC_REPRESENTATION_CONTEXT() REPRESENTATION_CONTEXT('2D SPACE',''
  ) );
#219 = ORIENTED_EDGE('',*,*,#220,.F.);
#220 = EDGE_CURVE('',#221,#193,#223,.T.);
#221 = VERTEX_POINT('',#222);
#222 = CARTESIAN_POINT('',(230.,-35.,-35.));
#223 = SURFACE_CURVE('',#224,(#229,#240),.PCURVE_S1.);
#224 = CIRCLE('',#225,5.);
#225 = AXIS2_PLACEMENT_3D('',#226,#227,#228);
#226 = CARTESIAN_POINT('',(225.,-35.,-35.));
#227 = DIRECTION('',(-0.,-0.,-1.));
#228 = DIRECTION('',(0.,-1.,0.));
#229 = PCURVE('',#70,#230);
#230 = DEFINITIONAL_REPRESENTATION('',(#231),#239);
#231 = ( BOUNDED_CURVE() B_SPLINE_CURVE(2,(#232,#233,#234,#235,#236,#237
,#238),.UNSPECIFIED.,.T.,.F.) B_SPLINE_CURVE_WITH_KNOTS((1,2,2,2,2,1),(
    -2.094395102393,0.,2.094395102393,4.188790204786,6.28318530718,
8.377580409573),.UNSPECIFIED.) CURVE() GEOMETRIC_REPRESENTATION_ITEM() 
RATIONAL_B_SPLINE_CURVE((1.,0.5,1.,0.5,1.,0.5,1.)) REPRESENTATION_ITEM(
  '') );
#232 = CARTESIAN_POINT('',(75.,0.));
#233 = CARTESIAN_POINT('',(66.339745962156,0.));
#234 = CARTESIAN_POINT('',(70.669872981078,7.5));
#235 = CARTESIAN_POINT('',(75.,15.));
#236 = CARTESIAN_POINT('',(79.330127018922,7.5));
#237 = CARTESIAN_POINT('',(83.660254037844,7.993605777301E-15));
#238 = CARTESIAN_POINT('',(75.,0.));
#239 = ( GEOMETRIC_REPRESENTATION_CONTEXT(2) 
PARAMETRIC_REPRESENTATION_CONTEXT() REPRESENTATION_CONTEXT('2D SPACE',''
  ) );
#240 = PCURVE('',#241,#246);
#241 = CYLINDRICAL_SURFACE('',#242,5.);
#242 = AXIS2_PLACEMENT_3D('',#243,#244,#245);
#243 = CARTESIAN_POINT('',(225.,-35.,-50.));
#244 = DIRECTION('',(0.,0.,1.));
#245 = DIRECTION('',(1.,0.,-0.));
#246 = DEFINITIONAL_REPRESENTATION('',(#247),#251);
#247 = LINE('',#248,#249);
#248 = CARTESIAN_POINT('',(4.712388980385,15.));
#249 = VECTOR('',#250,1.);
#250 = DIRECTION('',(-1.,0.));
#251 = ( GEOMETRIC_REPRESENTATION_CONTEXT(2) 
PARAMETRIC_REPRESENTATION_CONTEXT() REPRESENTATION_CONTEXT('2D SPACE',''
  ) );
#252 = ORIENTED_EDGE('',*,*,#253,.T.);
#253 = EDGE_CURVE('',#221,#254,#256,.T.);
#254 = VERTEX_POINT('',#255);
#255 = CARTESIAN_POINT('',(235.,-40.,-35.));
#256 = SURFACE_CURVE('',#257,(#262,#269),.PCURVE_S1.);
#257 = CIRCLE('',#258,5.);
#258 = AXIS2_PLACEMENT_3D('',#259,#260,#261);
#259 = CARTESIAN_POINT('',(235.,-35.,-35.));
#260 = DIRECTION('',(0.,0.,1.));
#261 = DIRECTION('',(0.,-1.,0.));
#262 = PCURVE('',#70,#263);
#263 = DEFINITIONAL_REPRESENTATION('',(#264),#268);
#264 = CIRCLE('',#265,5.);
#265 = AXIS2_PLACEMENT_2D('',#266,#267);
#266 = CARTESIAN_POINT('',(85.,5.));
#267 = DIRECTION('',(0.,-1.));
#268 = ( GEOMETRIC_REPRESENTATION_CONTEXT(2) 
PARAMETRIC_REPRESENTATION_CONTEXT() REPRESENTATION_CONTEXT('2D SPACE',''
  ) );
#269 = PCURVE('',#270,#275);
#270 = CYLINDRICAL_SURFACE('',#271,5.);
#271 = AXIS2_PLACEMENT_3D('',#272,#273,#274);
#272 = CARTESIAN_POINT('',(235.,-35.,-50.));
#273 = DIRECTION('',(0.,0.,1.));
#274 = DIRECTION('',(-1.,-0.,0.));
#275 = DEFINITIONAL_REPRESENTATION('',(#276),#280);
#276 = LINE('',#277,#278);
#277 = CARTESIAN_POINT('',(-4.712388980385,15.));
#278 = VECTOR('',#279,1.);
#279 = DIRECTION('',(1.,0.));
#280 = ( GEOMETRIC_REPRESENTATION_CONTEXT(2) 
PARAMETRIC_REPRESENTATION_CONTEXT() REPRESENTATION_CONTEXT('2D SPACE',''
  ) );
#281 = ORIENTED_EDGE('',*,*,#282,.T.);
#282 = EDGE_CURVE('',#254,#283,#285,.T.);
#283 = VERTEX_POINT('',#284);
#284 = CARTESIAN_POINT('',(305.,-40.,-35.));
#285 = SURFACE_CURVE('',#286,(#290,#297),.PCURVE_S1.);
#286 = LINE('',#287,#288);
#287 = CARTESIAN_POINT('',(230.,-40.,-35.));
#288 = VECTOR('',#289,1.);
#289 = DIRECTION('',(1.,0.,0.));
#290 = PCURVE('',#70,#291);
#291 = DEFINITIONAL_REPRESENTATION('',(#292),#296);
#292 = LINE('',#293,#294);
#293 = CARTESIAN_POINT('',(80.,0.));
#294 = VECTOR('',#295,1.);
#295 = DIRECTION('',(1.,0.));
#296 = ( GEOMETRIC_REPRESENTATION_CONTEXT(2) 
PARAMETRIC_REPRESENTATION_CONTEXT() REPRESENTATION_CONTEXT('2D SPACE',''
  ) );
#297 = PCURVE('',#298,#303);
#298 = PLANE('',#299);
#299 = AXIS2_PLACEMENT_3D('',#300,#301,#302);
#300 = CARTESIAN_POINT('',(230.,-40.,-50.));
#301 = DIRECTION('',(0.,1.,0.));
#302 = DIRECTION('',(0.,0.,1.));
#303 = DEFINITIONAL_REPRESENTATION('',(#304),#308);
#304 = LINE('',#305,#306);
#305 = CARTESIAN_POINT('',(15.,0.));
#306 = VECTOR('',#307,1.);
#307 = DIRECTION('',(0.,1.));
#308 = ( GEOMETRIC_REPRESENTATION_CONTEXT(2) 
PARAMETRIC_REPRESENTATION_CONTEXT() REPRESENTATION_CONTEXT('2D SPACE',''
  ) );
#309 = ORIENTED_EDGE('',*,*,#310,.F.);
#310 = EDGE_CURVE('',#311,#283,#313,.T.);
#311 = VERTEX_POINT('',#312);
#312 = CARTESIAN_POINT('',(310.,-35.,-35.));
#313 = SURFACE_CURVE('',#314,(#319,#330),.PCURVE_S1.);
#314 = CIRCLE('',#315,5.);
#315 = AXIS2_PLACEMENT_3D('',#316,#317,#318);
#316 = CARTESIAN_POINT('',(305.,-35.,-35.));
#317 = DIRECTION('',(-0.,-0.,-1.));
#318 = DIRECTION('',(0.,-1.,0.));
#319 = PCURVE('',#70,#320);
#320 = DEFINITIONAL_REPRESENTATION('',(#321),#329);
#321 = ( BOUNDED_CURVE() B_SPLINE_CURVE(2,(#322,#323,#324,#325,#326,#327
,#328),.UNSPECIFIED.,.T.,.F.) B_SPLINE_CURVE_WITH_KNOTS((1,2,2,2,2,1),(
    -2.094395102393,0.,2.094395102393,4.188790204786,6.28318530718,
8.377580409573),.UNSPECIFIED.) CURVE() GEOMETRIC_REPRESENTATION_ITEM() 
RATIONAL_B_SPLINE_CURVE((1.,0.5,1.,0.5,1.,0.5,1.)) REPRESENTATION_ITEM(
  '') );
#322 = CARTESIAN_POINT('',(155.,0.));
#323 = CARTESIAN_POINT('',(146.33974596215,0.));
#324 = CARTESIAN_POINT('',(150.66987298107,7.5));
#325 = CARTESIAN_POINT('',(155.,15.));
#326 = CARTESIAN_POINT('',(159.33012701892,7.5));
#327 = CARTESIAN_POINT('',(163.66025403784,7.993605777301E-15));
#328 = CARTESIAN_POINT('',(155.,0.));
#329 = ( GEOMETRIC_REPRESENTATION_CONTEXT(2) 
PARAMETRIC_REPRESENTATION_CONTEXT() REPRESENTATION_CONTEXT('2D SPACE',''
  ) );
#330 = PCURVE('',#331,#336);
#331 = CYLINDRICAL_SURFACE('',#332,5.);
#332 = AXIS2_PLACEMENT_3D('',#333,#334,#335);
#333 = CARTESIAN_POINT('',(305.,-35.,-50.));
#334 = DIRECTION('',(0.,0.,1.));
#335 = DIRECTION('',(1.,0.,-0.));
#336 = DEFINITIONAL_REPRESENTATION('',(#337),#341);
#337 = LINE('',#338,#339);
#338 = CARTESIAN_POINT('',(4.712388980385,15.));
#339 = VECTOR('',#340,1.);
#340 = DIRECTION('',(-1.,0.));
#341 = ( GEOMETRIC_REPRESENTATION_CONTEXT(2) 
PARAMETRIC_REPRESENTATION_CONTEXT() REPRESENTATION_CONTEXT('2D SPACE',''
  ) );
#342 = ORIENTED_EDGE('',*,*,#343,.T.);
#343 = EDGE_CURVE('',#311,#344,#346,.T.);
#344 = VERTEX_POINT('',#345);
#345 = CARTESIAN_POINT('',(310.,35.,-35.));
#346 = SURFACE_CURVE('',#347,(#351,#358),.PCURVE_S1.);
#347 = LINE('',#348,#349);
#348 = CARTESIAN_POINT('',(310.,-40.,-35.));
#349 = VECTOR('',#350,1.);
#350 = DIRECTION('',(0.,1.,0.));
#351 = PCURVE('',#70,#352);
#352 = DEFINITIONAL_REPRESENTATION('',(#353),#357);
#353 = LINE('',#354,#355);
#354 = CARTESIAN_POINT('',(160.,0.));
#355 = VECTOR('',#356,1.);
#356 = DIRECTION('',(0.,1.));
#357 = ( GEOMETRIC_REPRESENTATION_CONTEXT(2) 
PARAMETRIC_REPRESENTATION_CONTEXT() REPRESENTATION_CONTEXT('2D SPACE',''
  ) );
#358 = PCURVE('',#359,#364);
#359 = PLANE('',#360);
#360 = AXIS2_PLACEMENT_3D('',#361,#362,#363);
#361 = CARTESIAN_POINT('',(310.,-40.,-50.));
#362 = DIRECTION('',(1.,0.,0.));
#363 = DIRECTION('',(0.,0.,1.));
#364 = DEFINITIONAL_REPRESENTATION('',(#365),#369);
#365 = LINE('',#366,#367);
#366 = CARTESIAN_POINT('',(15.,0.));
#367 = VECTOR('',#368,1.);
#368 = DIRECTION('',(0.,-1.));
#369 = ( GEOMETRIC_REPRESENTATION_CONTEXT(2) 
PARAMETRIC_REPRESENTATION_CONTEXT() REPRESENTATION_CONTEXT('2D SPACE',''
  ) );
#370 = ORIENTED_EDGE('',*,*,#371,.T.);
#371 = EDGE_CURVE('',#344,#372,#374,.T.);
#372 = VERTEX_POINT('',#373);
#373 = CARTESIAN_POINT('',(305.,40.,-35.));
#374 = SURFACE_CURVE('',#375,(#380,#387),.PCURVE_S1.);
#375 = CIRCLE('',#376,5.);
#376 = AXIS2_PLACEMENT_3D('',#377,#378,#379);
#377 = CARTESIAN_POINT('',(305.,35.,-35.));
#378 = DIRECTION('',(0.,0.,1.));
#379 = DIRECTION('',(0.,-1.,0.));
#380 = PCURVE('',#70,#381);
#381 = DEFINITIONAL_REPRESENTATION('',(#382),#386);
#382 = CIRCLE('',#383,5.);
#383 = AXIS2_PLACEMENT_2D('',#384,#385);
#384 = CARTESIAN_POINT('',(155.,75.));
#385 = DIRECTION('',(0.,-1.));
#386 = ( GEOMETRIC_REPRESENTATION_CONTEXT(2) 
PARAMETRIC_REPRESENTATION_CONTEXT() REPRESENTATION_CONTEXT('2D SPACE',''
  ) );
#387 = PCURVE('',#388,#393);
#388 = CYLINDRICAL_SURFACE('',#389,5.);
#389 = AXIS2_PLACEMENT_3D('',#390,#391,#392);
#390 = CARTESIAN_POINT('',(305.,35.,-50.));
#391 = DIRECTION('',(0.,0.,1.));
#392 = DIRECTION('',(1.,0.,-0.));
#393 = DEFINITIONAL_REPRESENTATION('',(#394),#398);
#394 = LINE('',#395,#396);
#395 = CARTESIAN_POINT('',(-1.570796326795,15.));
#396 = VECTOR('',#397,1.);
#397 = DIRECTION('',(1.,0.));
#398 = ( GEOMETRIC_REPRESENTATION_CONTEXT(2) 
PARAMETRIC_REPRESENTATION_CONTEXT() REPRESENTATION_CONTEXT('2D SPACE',''
  ) );
#399 = ORIENTED_EDGE('',*,*,#400,.F.);
#400 = EDGE_CURVE('',#401,#372,#403,.T.);
#401 = VERTEX_POINT('',#402);
#402 = CARTESIAN_POINT('',(235.,40.,-35.));
#403 = SURFACE_CURVE('',#404,(#408,#415),.PCURVE_S1.);
#404 = LINE('',#405,#406);
#405 = CARTESIAN_POINT('',(230.,40.,-35.));
#406 = VECTOR('',#407,1.);
#407 = DIRECTION('',(1.,0.,0.));
#408 = PCURVE('',#70,#409);
#409 = DEFINITIONAL_REPRESENTATION('',(#410),#414);
#410 = LINE('',#411,#412);
#411 = CARTESIAN_POINT('',(80.,80.));
#412 = VECTOR('',#413,1.);
#413 = DIRECTION('',(1.,0.));
#414 = ( GEOMETRIC_REPRESENTATION_CONTEXT(2) 
PARAMETRIC_REPRESENTATION_CONTEXT() REPRESENTATION_CONTEXT('2D SPACE',''
  ) );
#415 = PCURVE('',#416,#421);
#416 = PLANE('',#417);
#417 = AXIS2_PLACEMENT_3D('',#418,#419,#420);
#418 = CARTESIAN_POINT('',(230.,40.,-50.));
#419 = DIRECTION('',(0.,1.,0.));
#420 = DIRECTION('',(0.,0.,1.));
#421 = DEFINITIONAL_REPRESENTATION('',(#422),#426);
#422 = LINE('',#423,#424);
#423 = CARTESIAN_POINT('',(15.,0.));
#424 = VECTOR('',#425,1.);
#425 = DIRECTION('',(0.,1.));
#426 = ( GEOMETRIC_REPRESENTATION_CONTEXT(2) 
PARAMETRIC_REPRESENTATION_CONTEXT() REPRESENTATION_CONTEXT('2D SPACE',''
  ) );
#427 = ORIENTED_EDGE('',*,*,#428,.F.);
#428 = EDGE_CURVE('',#429,#401,#431,.T.);
#429 = VERTEX_POINT('',#430);
#430 = CARTESIAN_POINT('',(230.,35.,-35.));
#431 = SURFACE_CURVE('',#432,(#437,#448),.PCURVE_S1.);
#432 = CIRCLE('',#433,5.);
#433 = AXIS2_PLACEMENT_3D('',#434,#435,#436);
#434 = CARTESIAN_POINT('',(235.,35.,-35.));
#435 = DIRECTION('',(-0.,-0.,-1.));
#436 = DIRECTION('',(0.,-1.,0.));
#437 = PCURVE('',#70,#438);
#438 = DEFINITIONAL_REPRESENTATION('',(#439),#447);
#439 = ( BOUNDED_CURVE() B_SPLINE_CURVE(2,(#440,#441,#442,#443,#444,#445
,#446),.UNSPECIFIED.,.T.,.F.) B_SPLINE_CURVE_WITH_KNOTS((1,2,2,2,2,1),(
    -2.094395102393,0.,2.094395102393,4.188790204786,6.28318530718,
8.377580409573),.UNSPECIFIED.) CURVE() GEOMETRIC_REPRESENTATION_ITEM() 
RATIONAL_B_SPLINE_CURVE((1.,0.5,1.,0.5,1.,0.5,1.)) REPRESENTATION_ITEM(
  '') );
#440 = CARTESIAN_POINT('',(85.,70.));
#441 = CARTESIAN_POINT('',(76.339745962156,70.));
#442 = CARTESIAN_POINT('',(80.669872981078,77.5));
#443 = CARTESIAN_POINT('',(85.,85.));
#444 = CARTESIAN_POINT('',(89.330127018922,77.5));
#445 = CARTESIAN_POINT('',(93.660254037844,70.));
#446 = CARTESIAN_POINT('',(85.,70.));
#447 = ( GEOMETRIC_REPRESENTATION_CONTEXT(2) 
PARAMETRIC_REPRESENTATION_CONTEXT() REPRESENTATION_CONTEXT('2D SPACE',''
  ) );
#448 = PCURVE('',#449,#454);
#449 = CYLINDRICAL_SURFACE('',#450,5.);
#450 = AXIS2_PLACEMENT_3D('',#451,#452,#453);
#451 = CARTESIAN_POINT('',(235.,35.,-50.));
#452 = DIRECTION('',(0.,0.,1.));
#453 = DIRECTION('',(-1.,-0.,0.));
#454 = DEFINITIONAL_REPRESENTATION('',(#455),#459);
#455 = LINE('',#456,#457);
#456 = CARTESIAN_POINT('',(1.570796326795,15.));
#457 = VECTOR('',#458,1.);
#458 = DIRECTION('',(-1.,0.));
#459 = ( GEOMETRIC_REPRESENTATION_CONTEXT(2) 
PARAMETRIC_REPRESENTATION_CONTEXT() REPRESENTATION_CONTEXT('2D SPACE',''
  ) );
#460 = ORIENTED_EDGE('',*,*,#461,.T.);
#461 = EDGE_CURVE('',#429,#462,#464,.T.);
#462 = VERTEX_POINT('',#463);
#463 = CARTESIAN_POINT('',(225.,40.,-35.));
#464 = SURFACE_CURVE('',#465,(#470,#477),.PCURVE_S1.);
#465 = CIRCLE('',#466,5.);
#466 = AXIS2_PLACEMENT_3D('',#467,#468,#469);
#467 = CARTESIAN_POINT('',(225.,35.,-35.));
#468 = DIRECTION('',(0.,0.,1.));
#469 = DIRECTION('',(0.,-1.,0.));
#470 = PCURVE('',#70,#471);
#471 = DEFINITIONAL_REPRESENTATION('',(#472),#476);
#472 = CIRCLE('',#473,5.);
#473 = AXIS2_PLACEMENT_2D('',#474,#475);
#474 = CARTESIAN_POINT('',(75.,75.));
#475 = DIRECTION('',(0.,-1.));
#476 = ( GEOMETRIC_REPRESENTATION_CONTEXT(2) 
PARAMETRIC_REPRESENTATION_CONTEXT() REPRESENTATION_CONTEXT('2D SPACE',''
  ) );
#477 = PCURVE('',#478,#483);
#478 = CYLINDRICAL_SURFACE('',#479,5.);
#479 = AXIS2_PLACEMENT_3D('',#480,#481,#482);
#480 = CARTESIAN_POINT('',(225.,35.,-50.));
#481 = DIRECTION('',(0.,0.,1.));
#482 = DIRECTION('',(1.,0.,-0.));
#483 = DEFINITIONAL_REPRESENTATION('',(#484),#488);
#484 = LINE('',#485,#486);
#485 = CARTESIAN_POINT('',(-1.570796326795,15.));
#486 = VECTOR('',#487,1.);
#487 = DIRECTION('',(1.,0.));
#488 = ( GEOMETRIC_REPRESENTATION_CONTEXT(2) 
PARAMETRIC_REPRESENTATION_CONTEXT() REPRESENTATION_CONTEXT('2D SPACE',''
  ) );
#489 = ORIENTED_EDGE('',*,*,#490,.F.);
#490 = EDGE_CURVE('',#491,#462,#493,.T.);
#491 = VERTEX_POINT('',#492);
#492 = CARTESIAN_POINT('',(155.,40.,-35.));
#493 = SURFACE_CURVE('',#494,(#498,#505),.PCURVE_S1.);
#494 = LINE('',#495,#496);
#495 = CARTESIAN_POINT('',(150.,40.,-35.));
#496 = VECTOR('',#497,1.);
#497 = DIRECTION('',(1.,0.,0.));
#498 = PCURVE('',#70,#499);
#499 = DEFINITIONAL_REPRESENTATION('',(#500),#504);
#500 = LINE('',#501,#502);
#501 = CARTESIAN_POINT('',(0.,80.));
#502 = VECTOR('',#503,1.);
#503 = DIRECTION('',(1.,0.));
#504 = ( GEOMETRIC_REPRESENTATION_CONTEXT(2) 
PARAMETRIC_REPRESENTATION_CONTEXT() REPRESENTATION_CONTEXT('2D SPACE',''
  ) );
#505 = PCURVE('',#506,#511);
#506 = PLANE('',#507);
#507 = AXIS2_PLACEMENT_3D('',#508,#509,#510);
#508 = CARTESIAN_POINT('',(150.,40.,-50.));
#509 = DIRECTION('',(0.,1.,0.));
#510 = DIRECTION('',(0.,0.,1.));
#511 = DEFINITIONAL_REPRESENTATION('',(#512),#516);
#512 = LINE('',#513,#514);
#513 = CARTESIAN_POINT('',(15.,0.));
#514 = VECTOR('',#515,1.);
#515 = DIRECTION('',(0.,1.));
#516 = ( GEOMETRIC_REPRESENTATION_CONTEXT(2) 
PARAMETRIC_REPRESENTATION_CONTEXT() REPRESENTATION_CONTEXT('2D SPACE',''
  ) );
#517 = ORIENTED_EDGE('',*,*,#518,.F.);
#518 = EDGE_CURVE('',#50,#491,#519,.T.);
#519 = SURFACE_CURVE('',#520,(#525,#536),.PCURVE_S1.);
#520 = CIRCLE('',#521,5.);
#521 = AXIS2_PLACEMENT_3D('',#522,#523,#524);
#522 = CARTESIAN_POINT('',(155.,35.,-35.));
#523 = DIRECTION('',(-0.,-0.,-1.));
#524 = DIRECTION('',(0.,-1.,0.));
#525 = PCURVE('',#70,#526);
#526 = DEFINITIONAL_REPRESENTATION('',(#527),#535);
#527 = ( BOUNDED_CURVE() B_SPLINE_CURVE(2,(#528,#529,#530,#531,#532,#533
,#534),.UNSPECIFIED.,.T.,.F.) B_SPLINE_CURVE_WITH_KNOTS((1,2,2,2,2,1),(
    -2.094395102393,0.,2.094395102393,4.188790204786,6.28318530718,
8.377580409573),.UNSPECIFIED.) CURVE() GEOMETRIC_REPRESENTATION_ITEM() 
RATIONAL_B_SPLINE_CURVE((1.,0.5,1.,0.5,1.,0.5,1.)) REPRESENTATION_ITEM(
  '') );
#528 = CARTESIAN_POINT('',(5.,70.));
#529 = CARTESIAN_POINT('',(-3.660254037844,70.));
#530 = CARTESIAN_POINT('',(0.669872981078,77.5));
#531 = CARTESIAN_POINT('',(5.,85.));
#532 = CARTESIAN_POINT('',(9.330127018922,77.5));
#533 = CARTESIAN_POINT('',(13.660254037844,70.));
#534 = CARTESIAN_POINT('',(5.,70.));
#535 = ( GEOMETRIC_REPRESENTATION_CONTEXT(2) 
PARAMETRIC_REPRESENTATION_CONTEXT() REPRESENTATION_CONTEXT('2D SPACE',''
  ) );
#536 = PCURVE('',#152,#537);
#537 = DEFINITIONAL_REPRESENTATION('',(#538),#542);
#538 = LINE('',#539,#540);
#539 = CARTESIAN_POINT('',(1.570796326795,15.));
#540 = VECTOR('',#541,1.);
#541 = DIRECTION('',(-1.,0.));
#542 = ( GEOMETRIC_REPRESENTATION_CONTEXT(2) 
PARAMETRIC_REPRESENTATION_CONTEXT() REPRESENTATION_CONTEXT('2D SPACE',''
  ) );
#543 = FACE_BOUND('',#544,.T.);
#544 = EDGE_LOOP('',(#545));
#545 = ORIENTED_EDGE('',*,*,#546,.T.);
#546 = EDGE_CURVE('',#547,#547,#549,.T.);
#547 = VERTEX_POINT('',#548);
#548 = CARTESIAN_POINT('',(228.,0.,-35.));
#549 = SURFACE_CURVE('',#550,(#555,#566),.PCURVE_S1.);
#550 = CIRCLE('',#551,38.);
#551 = AXIS2_PLACEMENT_3D('',#552,#553,#554);
#552 = CARTESIAN_POINT('',(190.,0.,-35.));
#553 = DIRECTION('',(0.,0.,-1.));
#554 = DIRECTION('',(1.,0.,0.));
#555 = PCURVE('',#70,#556);
#556 = DEFINITIONAL_REPRESENTATION('',(#557),#565);
#557 = ( BOUNDED_CURVE() B_SPLINE_CURVE(2,(#558,#559,#560,#561,#562,#563
,#564),.UNSPECIFIED.,.T.,.F.) B_SPLINE_CURVE_WITH_KNOTS((1,2,2,2,2,1),(
    -2.094395102393,0.,2.094395102393,4.188790204786,6.28318530718,
8.377580409573),.UNSPECIFIED.) CURVE() GEOMETRIC_REPRESENTATION_ITEM() 
RATIONAL_B_SPLINE_CURVE((1.,0.5,1.,0.5,1.,0.5,1.)) REPRESENTATION_ITEM(
  '') );
#558 = CARTESIAN_POINT('',(78.,40.));
#559 = CARTESIAN_POINT('',(78.,-25.81793068761));
#560 = CARTESIAN_POINT('',(21.,7.091034656191));
#561 = CARTESIAN_POINT('',(-36.,40.));
#562 = CARTESIAN_POINT('',(21.,72.908965343809));
#563 = CARTESIAN_POINT('',(78.,105.81793068761));
#564 = CARTESIAN_POINT('',(78.,40.));
#565 = ( GEOMETRIC_REPRESENTATION_CONTEXT(2) 
PARAMETRIC_REPRESENTATION_CONTEXT() REPRESENTATION_CONTEXT('2D SPACE',''
  ) );
#566 = PCURVE('',#567,#572);
#567 = CYLINDRICAL_SURFACE('',#568,38.);
#568 = AXIS2_PLACEMENT_3D('',#569,#570,#571);
#569 = CARTESIAN_POINT('',(190.,0.,-51.));
#570 = DIRECTION('',(-0.,-0.,-1.));
#571 = DIRECTION('',(1.,0.,0.));
#572 = DEFINITIONAL_REPRESENTATION('',(#573),#577);
#573 = LINE('',#574,#575);
#574 = CARTESIAN_POINT('',(-6.28318530718,-16.));
#575 = VECTOR('',#576,1.);
#576 = DIRECTION('',(1.,-0.));
#577 = ( GEOMETRIC_REPRESENTATION_CONTEXT(2) 
PARAMETRIC_REPRESENTATION_CONTEXT() REPRESENTATION_CONTEXT('2D SPACE',''
  ) );
#578 = FACE_BOUND('',#579,.T.);
#579 = EDGE_LOOP('',(#580));
#580 = ORIENTED_EDGE('',*,*,#581,.T.);
#581 = EDGE_CURVE('',#582,#582,#584,.T.);
#582 = VERTEX_POINT('',#583);
#583 = CARTESIAN_POINT('',(308.,0.,-35.));
#584 = SURFACE_CURVE('',#585,(#590,#601),.PCURVE_S1.);
#585 = CIRCLE('',#586,38.);
#586 = AXIS2_PLACEMENT_3D('',#587,#588,#589);
#587 = CARTESIAN_POINT('',(270.,0.,-35.));
#588 = DIRECTION('',(0.,0.,-1.));
#589 = DIRECTION('',(1.,0.,0.));
#590 = PCURVE('',#70,#591);
#591 = DEFINITIONAL_REPRESENTATION('',(#592),#600);
#592 = ( BOUNDED_CURVE() B_SPLINE_CURVE(2,(#593,#594,#595,#596,#597,#598
,#599),.UNSPECIFIED.,.T.,.F.) B_SPLINE_CURVE_WITH_KNOTS((1,2,2,2,2,1),(
    -2.094395102393,0.,2.094395102393,4.188790204786,6.28318530718,
8.377580409573),.UNSPECIFIED.) CURVE() GEOMETRIC_REPRESENTATION_ITEM() 
RATIONAL_B_SPLINE_CURVE((1.,0.5,1.,0.5,1.,0.5,1.)) REPRESENTATION_ITEM(
  '') );
#593 = CARTESIAN_POINT('',(158.,40.));
#594 = CARTESIAN_POINT('',(158.,-25.81793068761));
#595 = CARTESIAN_POINT('',(101.,7.091034656191));
#596 = CARTESIAN_POINT('',(44.,40.));
#597 = CARTESIAN_POINT('',(101.,72.908965343809));
#598 = CARTESIAN_POINT('',(158.,105.81793068761));
#599 = CARTESIAN_POINT('',(158.,40.));
#600 = ( GEOMETRIC_REPRESENTATION_CONTEXT(2) 
PARAMETRIC_REPRESENTATION_CONTEXT() REPRESENTATION_CONTEXT('2D SPACE',''
  ) );
#601 = PCURVE('',#602,#607);
#602 = CYLINDRICAL_SURFACE('',#603,38.);
#603 = AXIS2_PLACEMENT_3D('',#604,#605,#606);
#604 = CARTESIAN_POINT('',(270.,0.,-51.));
#605 = DIRECTION('',(-0.,-0.,-1.));
#606 = DIRECTION('',(1.,0.,0.));
#607 = DEFINITIONAL_REPRESENTATION('',(#608),#612);
#608 = LINE('',#609,#610);
#609 = CARTESIAN_POINT('',(-6.28318530718,-16.));
#610 = VECTOR('',#611,1.);
#611 = DIRECTION('',(1.,-0.));
#612 = ( GEOMETRIC_REPRESENTATION_CONTEXT(2) 
PARAMETRIC_REPRESENTATION_CONTEXT() REPRESENTATION_CONTEXT('2D SPACE',''
  ) );
#613 = ADVANCED_FACE('',(#614),#98,.T.);
#614 = FACE_BOUND('',#615,.T.);
#615 = EDGE_LOOP('',(#616,#640,#661,#662));
#616 = ORIENTED_EDGE('',*,*,#617,.T.);
#617 = EDGE_CURVE('',#83,#618,#620,.T.);
#618 = VERTEX_POINT('',#619);
#619 = CARTESIAN_POINT('',(155.,-40.,-50.));
#620 = SURFACE_CURVE('',#621,(#626,#633),.PCURVE_S1.);
#621 = CIRCLE('',#622,5.);
#622 = AXIS2_PLACEMENT_3D('',#623,#624,#625);
#623 = CARTESIAN_POINT('',(155.,-35.,-50.));
#624 = DIRECTION('',(0.,0.,1.));
#625 = DIRECTION('',(0.,-1.,0.));
#626 = PCURVE('',#98,#627);
#627 = DEFINITIONAL_REPRESENTATION('',(#628),#632);
#628 = LINE('',#629,#630);
#629 = CARTESIAN_POINT('',(-4.712388980385,0.));
#630 = VECTOR('',#631,1.);
#631 = DIRECTION('',(1.,0.));
#632 = ( GEOMETRIC_REPRESENTATION_CONTEXT(2) 
PARAMETRIC_REPRESENTATION_CONTEXT() REPRESENTATION_CONTEXT('2D SPACE',''
  ) );
#633 = PCURVE('',#126,#634);
#634 = DEFINITIONAL_REPRESENTATION('',(#635),#639);
#635 = CIRCLE('',#636,5.);
#636 = AXIS2_PLACEMENT_2D('',#637,#638);
#637 = CARTESIAN_POINT('',(5.,5.));
#638 = DIRECTION('',(0.,-1.));
#639 = ( GEOMETRIC_REPRESENTATION_CONTEXT(2) 
PARAMETRIC_REPRESENTATION_CONTEXT() REPRESENTATION_CONTEXT('2D SPACE',''
  ) );
#640 = ORIENTED_EDGE('',*,*,#641,.T.);
#641 = EDGE_CURVE('',#618,#169,#642,.T.);
#642 = SURFACE_CURVE('',#643,(#647,#654),.PCURVE_S1.);
#643 = LINE('',#644,#645);
#644 = CARTESIAN_POINT('',(155.,-40.,-50.));
#645 = VECTOR('',#646,1.);
#646 = DIRECTION('',(0.,0.,1.));
#647 = PCURVE('',#98,#648);
#648 = DEFINITIONAL_REPRESENTATION('',(#649),#653);
#649 = LINE('',#650,#651);
#650 = CARTESIAN_POINT('',(1.570796326795,0.));
#651 = VECTOR('',#652,1.);
#652 = DIRECTION('',(0.,1.));
#653 = ( GEOMETRIC_REPRESENTATION_CONTEXT(2) 
PARAMETRIC_REPRESENTATION_CONTEXT() REPRESENTATION_CONTEXT('2D SPACE',''
  ) );
#654 = PCURVE('',#208,#655);
#655 = DEFINITIONAL_REPRESENTATION('',(#656),#660);
#656 = LINE('',#657,#658);
#657 = CARTESIAN_POINT('',(0.,5.));
#658 = VECTOR('',#659,1.);
#659 = DIRECTION('',(1.,0.));
#660 = ( GEOMETRIC_REPRESENTATION_CONTEXT(2) 
PARAMETRIC_REPRESENTATION_CONTEXT() REPRESENTATION_CONTEXT('2D SPACE',''
  ) );
#661 = ORIENTED_EDGE('',*,*,#168,.F.);
#662 = ORIENTED_EDGE('',*,*,#82,.F.);
#663 = ADVANCED_FACE('',(#664),#152,.T.);
#664 = FACE_BOUND('',#665,.F.);
#665 = EDGE_LOOP('',(#666,#694,#715,#716));
#666 = ORIENTED_EDGE('',*,*,#667,.T.);
#667 = EDGE_CURVE('',#111,#668,#670,.T.);
#668 = VERTEX_POINT('',#669);
#669 = CARTESIAN_POINT('',(155.,40.,-50.));
#670 = SURFACE_CURVE('',#671,(#676,#683),.PCURVE_S1.);
#671 = CIRCLE('',#672,5.);
#672 = AXIS2_PLACEMENT_3D('',#673,#674,#675);
#673 = CARTESIAN_POINT('',(155.,35.,-50.));
#674 = DIRECTION('',(-0.,-0.,-1.));
#675 = DIRECTION('',(0.,-1.,0.));
#676 = PCURVE('',#152,#677);
#677 = DEFINITIONAL_REPRESENTATION('',(#678),#682);
#678 = LINE('',#679,#680);
#679 = CARTESIAN_POINT('',(1.570796326795,-0.));
#680 = VECTOR('',#681,1.);
#681 = DIRECTION('',(-1.,0.));
#682 = ( GEOMETRIC_REPRESENTATION_CONTEXT(2) 
PARAMETRIC_REPRESENTATION_CONTEXT() REPRESENTATION_CONTEXT('2D SPACE',''
  ) );
#683 = PCURVE('',#126,#684);
#684 = DEFINITIONAL_REPRESENTATION('',(#685),#693);
#685 = ( BOUNDED_CURVE() B_SPLINE_CURVE(2,(#686,#687,#688,#689,#690,#691
,#692),.UNSPECIFIED.,.T.,.F.) B_SPLINE_CURVE_WITH_KNOTS((1,2,2,2,2,1),(
    -2.094395102393,0.,2.094395102393,4.188790204786,6.28318530718,
8.377580409573),.UNSPECIFIED.) CURVE() GEOMETRIC_REPRESENTATION_ITEM() 
RATIONAL_B_SPLINE_CURVE((1.,0.5,1.,0.5,1.,0.5,1.)) REPRESENTATION_ITEM(
  '') );
#686 = CARTESIAN_POINT('',(5.,70.));
#687 = CARTESIAN_POINT('',(-3.660254037844,70.));
#688 = CARTESIAN_POINT('',(0.669872981078,77.5));
#689 = CARTESIAN_POINT('',(5.,85.));
#690 = CARTESIAN_POINT('',(9.330127018922,77.5));
#691 = CARTESIAN_POINT('',(13.660254037844,70.));
#692 = CARTESIAN_POINT('',(5.,70.));
#693 = ( GEOMETRIC_REPRESENTATION_CONTEXT(2) 
PARAMETRIC_REPRESENTATION_CONTEXT() REPRESENTATION_CONTEXT('2D SPACE',''
  ) );
#694 = ORIENTED_EDGE('',*,*,#695,.T.);
#695 = EDGE_CURVE('',#668,#491,#696,.T.);
#696 = SURFACE_CURVE('',#697,(#701,#708),.PCURVE_S1.);
#697 = LINE('',#698,#699);
#698 = CARTESIAN_POINT('',(155.,40.,-50.));
#699 = VECTOR('',#700,1.);
#700 = DIRECTION('',(0.,0.,1.));
#701 = PCURVE('',#152,#702);
#702 = DEFINITIONAL_REPRESENTATION('',(#703),#707);
#703 = LINE('',#704,#705);
#704 = CARTESIAN_POINT('',(-1.570796326795,0.));
#705 = VECTOR('',#706,1.);
#706 = DIRECTION('',(-0.,1.));
#707 = ( GEOMETRIC_REPRESENTATION_CONTEXT(2) 
PARAMETRIC_REPRESENTATION_CONTEXT() REPRESENTATION_CONTEXT('2D SPACE',''
  ) );
#708 = PCURVE('',#506,#709);
#709 = DEFINITIONAL_REPRESENTATION('',(#710),#714);
#710 = LINE('',#711,#712);
#711 = CARTESIAN_POINT('',(0.,5.));
#712 = VECTOR('',#713,1.);
#713 = DIRECTION('',(1.,0.));
#714 = ( GEOMETRIC_REPRESENTATION_CONTEXT(2) 
PARAMETRIC_REPRESENTATION_CONTEXT() REPRESENTATION_CONTEXT('2D SPACE',''
  ) );
#715 = ORIENTED_EDGE('',*,*,#518,.F.);
#716 = ORIENTED_EDGE('',*,*,#138,.F.);
#717 = ADVANCED_FACE('',(#718,#992,#1022),#126,.F.);
#718 = FACE_BOUND('',#719,.F.);
#719 = EDGE_LOOP('',(#720,#721,#722,#745,#773,#797,#820,#848,#871,#895,
    #918,#946,#970,#991));
#720 = ORIENTED_EDGE('',*,*,#110,.F.);
#721 = ORIENTED_EDGE('',*,*,#617,.T.);
#722 = ORIENTED_EDGE('',*,*,#723,.T.);
#723 = EDGE_CURVE('',#618,#724,#726,.T.);
#724 = VERTEX_POINT('',#725);
#725 = CARTESIAN_POINT('',(225.,-40.,-50.));
#726 = SURFACE_CURVE('',#727,(#731,#738),.PCURVE_S1.);
#727 = LINE('',#728,#729);
#728 = CARTESIAN_POINT('',(150.,-40.,-50.));
#729 = VECTOR('',#730,1.);
#730 = DIRECTION('',(1.,0.,0.));
#731 = PCURVE('',#126,#732);
#732 = DEFINITIONAL_REPRESENTATION('',(#733),#737);
#733 = LINE('',#734,#735);
#734 = CARTESIAN_POINT('',(0.,0.));
#735 = VECTOR('',#736,1.);
#736 = DIRECTION('',(1.,0.));
#737 = ( GEOMETRIC_REPRESENTATION_CONTEXT(2) 
PARAMETRIC_REPRESENTATION_CONTEXT() REPRESENTATION_CONTEXT('2D SPACE',''
  ) );
#738 = PCURVE('',#208,#739);
#739 = DEFINITIONAL_REPRESENTATION('',(#740),#744);
#740 = LINE('',#741,#742);
#741 = CARTESIAN_POINT('',(0.,0.));
#742 = VECTOR('',#743,1.);
#743 = DIRECTION('',(0.,1.));
#744 = ( GEOMETRIC_REPRESENTATION_CONTEXT(2) 
PARAMETRIC_REPRESENTATION_CONTEXT() REPRESENTATION_CONTEXT('2D SPACE',''
  ) );
#745 = ORIENTED_EDGE('',*,*,#746,.F.);
#746 = EDGE_CURVE('',#747,#724,#749,.T.);
#747 = VERTEX_POINT('',#748);
#748 = CARTESIAN_POINT('',(230.,-35.,-50.));
#749 = SURFACE_CURVE('',#750,(#755,#766),.PCURVE_S1.);
#750 = CIRCLE('',#751,5.);
#751 = AXIS2_PLACEMENT_3D('',#752,#753,#754);
#752 = CARTESIAN_POINT('',(225.,-35.,-50.));
#753 = DIRECTION('',(-0.,-0.,-1.));
#754 = DIRECTION('',(0.,-1.,0.));
#755 = PCURVE('',#126,#756);
#756 = DEFINITIONAL_REPRESENTATION('',(#757),#765);
#757 = ( BOUNDED_CURVE() B_SPLINE_CURVE(2,(#758,#759,#760,#761,#762,#763
,#764),.UNSPECIFIED.,.T.,.F.) B_SPLINE_CURVE_WITH_KNOTS((1,2,2,2,2,1),(
    -2.094395102393,0.,2.094395102393,4.188790204786,6.28318530718,
8.377580409573),.UNSPECIFIED.) CURVE() GEOMETRIC_REPRESENTATION_ITEM() 
RATIONAL_B_SPLINE_CURVE((1.,0.5,1.,0.5,1.,0.5,1.)) REPRESENTATION_ITEM(
  '') );
#758 = CARTESIAN_POINT('',(75.,0.));
#759 = CARTESIAN_POINT('',(66.339745962156,0.));
#760 = CARTESIAN_POINT('',(70.669872981078,7.5));
#761 = CARTESIAN_POINT('',(75.,15.));
#762 = CARTESIAN_POINT('',(79.330127018922,7.5));
#763 = CARTESIAN_POINT('',(83.660254037844,7.993605777301E-15));
#764 = CARTESIAN_POINT('',(75.,0.));
#765 = ( GEOMETRIC_REPRESENTATION_CONTEXT(2) 
PARAMETRIC_REPRESENTATION_CONTEXT() REPRESENTATION_CONTEXT('2D SPACE',''
  ) );
#766 = PCURVE('',#241,#767);
#767 = DEFINITIONAL_REPRESENTATION('',(#768),#772);
#768 = LINE('',#769,#770);
#769 = CARTESIAN_POINT('',(4.712388980385,-0.));
#770 = VECTOR('',#771,1.);
#771 = DIRECTION('',(-1.,0.));
#772 = ( GEOMETRIC_REPRESENTATION_CONTEXT(2) 
PARAMETRIC_REPRESENTATION_CONTEXT() REPRESENTATION_CONTEXT('2D SPACE',''
  ) );
#773 = ORIENTED_EDGE('',*,*,#774,.T.);
#774 = EDGE_CURVE('',#747,#775,#777,.T.);
#775 = VERTEX_POINT('',#776);
#776 = CARTESIAN_POINT('',(235.,-40.,-50.));
#777 = SURFACE_CURVE('',#778,(#783,#790),.PCURVE_S1.);
#778 = CIRCLE('',#779,5.);
#779 = AXIS2_PLACEMENT_3D('',#780,#781,#782);
#780 = CARTESIAN_POINT('',(235.,-35.,-50.));
#781 = DIRECTION('',(0.,0.,1.));
#782 = DIRECTION('',(0.,-1.,0.));
#783 = PCURVE('',#126,#784);
#784 = DEFINITIONAL_REPRESENTATION('',(#785),#789);
#785 = CIRCLE('',#786,5.);
#786 = AXIS2_PLACEMENT_2D('',#787,#788);
#787 = CARTESIAN_POINT('',(85.,5.));
#788 = DIRECTION('',(0.,-1.));
#789 = ( GEOMETRIC_REPRESENTATION_CONTEXT(2) 
PARAMETRIC_REPRESENTATION_CONTEXT() REPRESENTATION_CONTEXT('2D SPACE',''
  ) );
#790 = PCURVE('',#270,#791);
#791 = DEFINITIONAL_REPRESENTATION('',(#792),#796);
#792 = LINE('',#793,#794);
#793 = CARTESIAN_POINT('',(-4.712388980385,0.));
#794 = VECTOR('',#795,1.);
#795 = DIRECTION('',(1.,0.));
#796 = ( GEOMETRIC_REPRESENTATION_CONTEXT(2) 
PARAMETRIC_REPRESENTATION_CONTEXT() REPRESENTATION_CONTEXT('2D SPACE',''
  ) );
#797 = ORIENTED_EDGE('',*,*,#798,.T.);
#798 = EDGE_CURVE('',#775,#799,#801,.T.);
#799 = VERTEX_POINT('',#800);
#800 = CARTESIAN_POINT('',(305.,-40.,-50.));
#801 = SURFACE_CURVE('',#802,(#806,#813),.PCURVE_S1.);
#802 = LINE('',#803,#804);
#803 = CARTESIAN_POINT('',(230.,-40.,-50.));
#804 = VECTOR('',#805,1.);
#805 = DIRECTION('',(1.,0.,0.));
#806 = PCURVE('',#126,#807);
#807 = DEFINITIONAL_REPRESENTATION('',(#808),#812);
#808 = LINE('',#809,#810);
#809 = CARTESIAN_POINT('',(80.,0.));
#810 = VECTOR('',#811,1.);
#811 = DIRECTION('',(1.,0.));
#812 = ( GEOMETRIC_REPRESENTATION_CONTEXT(2) 
PARAMETRIC_REPRESENTATION_CONTEXT() REPRESENTATION_CONTEXT('2D SPACE',''
  ) );
#813 = PCURVE('',#298,#814);
#814 = DEFINITIONAL_REPRESENTATION('',(#815),#819);
#815 = LINE('',#816,#817);
#816 = CARTESIAN_POINT('',(0.,0.));
#817 = VECTOR('',#818,1.);
#818 = DIRECTION('',(0.,1.));
#819 = ( GEOMETRIC_REPRESENTATION_CONTEXT(2) 
PARAMETRIC_REPRESENTATION_CONTEXT() REPRESENTATION_CONTEXT('2D SPACE',''
  ) );
#820 = ORIENTED_EDGE('',*,*,#821,.F.);
#821 = EDGE_CURVE('',#822,#799,#824,.T.);
#822 = VERTEX_POINT('',#823);
#823 = CARTESIAN_POINT('',(310.,-35.,-50.));
#824 = SURFACE_CURVE('',#825,(#830,#841),.PCURVE_S1.);
#825 = CIRCLE('',#826,5.);
#826 = AXIS2_PLACEMENT_3D('',#827,#828,#829);
#827 = CARTESIAN_POINT('',(305.,-35.,-50.));
#828 = DIRECTION('',(-0.,-0.,-1.));
#829 = DIRECTION('',(0.,-1.,0.));
#830 = PCURVE('',#126,#831);
#831 = DEFINITIONAL_REPRESENTATION('',(#832),#840);
#832 = ( BOUNDED_CURVE() B_SPLINE_CURVE(2,(#833,#834,#835,#836,#837,#838
,#839),.UNSPECIFIED.,.T.,.F.) B_SPLINE_CURVE_WITH_KNOTS((1,2,2,2,2,1),(
    -2.094395102393,0.,2.094395102393,4.188790204786,6.28318530718,
8.377580409573),.UNSPECIFIED.) CURVE() GEOMETRIC_REPRESENTATION_ITEM() 
RATIONAL_B_SPLINE_CURVE((1.,0.5,1.,0.5,1.,0.5,1.)) REPRESENTATION_ITEM(
  '') );
#833 = CARTESIAN_POINT('',(155.,0.));
#834 = CARTESIAN_POINT('',(146.33974596215,0.));
#835 = CARTESIAN_POINT('',(150.66987298107,7.5));
#836 = CARTESIAN_POINT('',(155.,15.));
#837 = CARTESIAN_POINT('',(159.33012701892,7.5));
#838 = CARTESIAN_POINT('',(163.66025403784,7.993605777301E-15));
#839 = CARTESIAN_POINT('',(155.,0.));
#840 = ( GEOMETRIC_REPRESENTATION_CONTEXT(2) 
PARAMETRIC_REPRESENTATION_CONTEXT() REPRESENTATION_CONTEXT('2D SPACE',''
  ) );
#841 = PCURVE('',#331,#842);
#842 = DEFINITIONAL_REPRESENTATION('',(#843),#847);
#843 = LINE('',#844,#845);
#844 = CARTESIAN_POINT('',(4.712388980385,-0.));
#845 = VECTOR('',#846,1.);
#846 = DIRECTION('',(-1.,0.));
#847 = ( GEOMETRIC_REPRESENTATION_CONTEXT(2) 
PARAMETRIC_REPRESENTATION_CONTEXT() REPRESENTATION_CONTEXT('2D SPACE',''
  ) );
#848 = ORIENTED_EDGE('',*,*,#849,.T.);
#849 = EDGE_CURVE('',#822,#850,#852,.T.);
#850 = VERTEX_POINT('',#851);
#851 = CARTESIAN_POINT('',(310.,35.,-50.));
#852 = SURFACE_CURVE('',#853,(#857,#864),.PCURVE_S1.);
#853 = LINE('',#854,#855);
#854 = CARTESIAN_POINT('',(310.,-40.,-50.));
#855 = VECTOR('',#856,1.);
#856 = DIRECTION('',(0.,1.,0.));
#857 = PCURVE('',#126,#858);
#858 = DEFINITIONAL_REPRESENTATION('',(#859),#863);
#859 = LINE('',#860,#861);
#860 = CARTESIAN_POINT('',(160.,0.));
#861 = VECTOR('',#862,1.);
#862 = DIRECTION('',(0.,1.));
#863 = ( GEOMETRIC_REPRESENTATION_CONTEXT(2) 
PARAMETRIC_REPRESENTATION_CONTEXT() REPRESENTATION_CONTEXT('2D SPACE',''
  ) );
#864 = PCURVE('',#359,#865);
#865 = DEFINITIONAL_REPRESENTATION('',(#866),#870);
#866 = LINE('',#867,#868);
#867 = CARTESIAN_POINT('',(0.,0.));
#868 = VECTOR('',#869,1.);
#869 = DIRECTION('',(0.,-1.));
#870 = ( GEOMETRIC_REPRESENTATION_CONTEXT(2) 
PARAMETRIC_REPRESENTATION_CONTEXT() REPRESENTATION_CONTEXT('2D SPACE',''
  ) );
#871 = ORIENTED_EDGE('',*,*,#872,.T.);
#872 = EDGE_CURVE('',#850,#873,#875,.T.);
#873 = VERTEX_POINT('',#874);
#874 = CARTESIAN_POINT('',(305.,40.,-50.));
#875 = SURFACE_CURVE('',#876,(#881,#888),.PCURVE_S1.);
#876 = CIRCLE('',#877,5.);
#877 = AXIS2_PLACEMENT_3D('',#878,#879,#880);
#878 = CARTESIAN_POINT('',(305.,35.,-50.));
#879 = DIRECTION('',(0.,0.,1.));
#880 = DIRECTION('',(0.,-1.,0.));
#881 = PCURVE('',#126,#882);
#882 = DEFINITIONAL_REPRESENTATION('',(#883),#887);
#883 = CIRCLE('',#884,5.);
#884 = AXIS2_PLACEMENT_2D('',#885,#886);
#885 = CARTESIAN_POINT('',(155.,75.));
#886 = DIRECTION('',(0.,-1.));
#887 = ( GEOMETRIC_REPRESENTATION_CONTEXT(2) 
PARAMETRIC_REPRESENTATION_CONTEXT() REPRESENTATION_CONTEXT('2D SPACE',''
  ) );
#888 = PCURVE('',#388,#889);
#889 = DEFINITIONAL_REPRESENTATION('',(#890),#894);
#890 = LINE('',#891,#892);
#891 = CARTESIAN_POINT('',(-1.570796326795,0.));
#892 = VECTOR('',#893,1.);
#893 = DIRECTION('',(1.,0.));
#894 = ( GEOMETRIC_REPRESENTATION_CONTEXT(2) 
PARAMETRIC_REPRESENTATION_CONTEXT() REPRESENTATION_CONTEXT('2D SPACE',''
  ) );
#895 = ORIENTED_EDGE('',*,*,#896,.F.);
#896 = EDGE_CURVE('',#897,#873,#899,.T.);
#897 = VERTEX_POINT('',#898);
#898 = CARTESIAN_POINT('',(235.,40.,-50.));
#899 = SURFACE_CURVE('',#900,(#904,#911),.PCURVE_S1.);
#900 = LINE('',#901,#902);
#901 = CARTESIAN_POINT('',(230.,40.,-50.));
#902 = VECTOR('',#903,1.);
#903 = DIRECTION('',(1.,0.,0.));
#904 = PCURVE('',#126,#905);
#905 = DEFINITIONAL_REPRESENTATION('',(#906),#910);
#906 = LINE('',#907,#908);
#907 = CARTESIAN_POINT('',(80.,80.));
#908 = VECTOR('',#909,1.);
#909 = DIRECTION('',(1.,0.));
#910 = ( GEOMETRIC_REPRESENTATION_CONTEXT(2) 
PARAMETRIC_REPRESENTATION_CONTEXT() REPRESENTATION_CONTEXT('2D SPACE',''
  ) );
#911 = PCURVE('',#416,#912);
#912 = DEFINITIONAL_REPRESENTATION('',(#913),#917);
#913 = LINE('',#914,#915);
#914 = CARTESIAN_POINT('',(0.,0.));
#915 = VECTOR('',#916,1.);
#916 = DIRECTION('',(0.,1.));
#917 = ( GEOMETRIC_REPRESENTATION_CONTEXT(2) 
PARAMETRIC_REPRESENTATION_CONTEXT() REPRESENTATION_CONTEXT('2D SPACE',''
  ) );
#918 = ORIENTED_EDGE('',*,*,#919,.F.);
#919 = EDGE_CURVE('',#920,#897,#922,.T.);
#920 = VERTEX_POINT('',#921);
#921 = CARTESIAN_POINT('',(230.,35.,-50.));
#922 = SURFACE_CURVE('',#923,(#928,#939),.PCURVE_S1.);
#923 = CIRCLE('',#924,5.);
#924 = AXIS2_PLACEMENT_3D('',#925,#926,#927);
#925 = CARTESIAN_POINT('',(235.,35.,-50.));
#926 = DIRECTION('',(-0.,-0.,-1.));
#927 = DIRECTION('',(0.,-1.,0.));
#928 = PCURVE('',#126,#929);
#929 = DEFINITIONAL_REPRESENTATION('',(#930),#938);
#930 = ( BOUNDED_CURVE() B_SPLINE_CURVE(2,(#931,#932,#933,#934,#935,#936
,#937),.UNSPECIFIED.,.T.,.F.) B_SPLINE_CURVE_WITH_KNOTS((1,2,2,2,2,1),(
    -2.094395102393,0.,2.094395102393,4.188790204786,6.28318530718,
8.377580409573),.UNSPECIFIED.) CURVE() GEOMETRIC_REPRESENTATION_ITEM() 
RATIONAL_B_SPLINE_CURVE((1.,0.5,1.,0.5,1.,0.5,1.)) REPRESENTATION_ITEM(
  '') );
#931 = CARTESIAN_POINT('',(85.,70.));
#932 = CARTESIAN_POINT('',(76.339745962156,70.));
#933 = CARTESIAN_POINT('',(80.669872981078,77.5));
#934 = CARTESIAN_POINT('',(85.,85.));
#935 = CARTESIAN_POINT('',(89.330127018922,77.5));
#936 = CARTESIAN_POINT('',(93.660254037844,70.));
#937 = CARTESIAN_POINT('',(85.,70.));
#938 = ( GEOMETRIC_REPRESENTATION_CONTEXT(2) 
PARAMETRIC_REPRESENTATION_CONTEXT() REPRESENTATION_CONTEXT('2D SPACE',''
  ) );
#939 = PCURVE('',#449,#940);
#940 = DEFINITIONAL_REPRESENTATION('',(#941),#945);
#941 = LINE('',#942,#943);
#942 = CARTESIAN_POINT('',(1.570796326795,-0.));
#943 = VECTOR('',#944,1.);
#944 = DIRECTION('',(-1.,0.));
#945 = ( GEOMETRIC_REPRESENTATION_CONTEXT(2) 
PARAMETRIC_REPRESENTATION_CONTEXT() REPRESENTATION_CONTEXT('2D SPACE',''
  ) );
#946 = ORIENTED_EDGE('',*,*,#947,.T.);
#947 = EDGE_CURVE('',#920,#948,#950,.T.);
#948 = VERTEX_POINT('',#949);
#949 = CARTESIAN_POINT('',(225.,40.,-50.));
#950 = SURFACE_CURVE('',#951,(#956,#963),.PCURVE_S1.);
#951 = CIRCLE('',#952,5.);
#952 = AXIS2_PLACEMENT_3D('',#953,#954,#955);
#953 = CARTESIAN_POINT('',(225.,35.,-50.));
#954 = DIRECTION('',(0.,0.,1.));
#955 = DIRECTION('',(0.,-1.,0.));
#956 = PCURVE('',#126,#957);
#957 = DEFINITIONAL_REPRESENTATION('',(#958),#962);
#958 = CIRCLE('',#959,5.);
#959 = AXIS2_PLACEMENT_2D('',#960,#961);
#960 = CARTESIAN_POINT('',(75.,75.));
#961 = DIRECTION('',(0.,-1.));
#962 = ( GEOMETRIC_REPRESENTATION_CONTEXT(2) 
PARAMETRIC_REPRESENTATION_CONTEXT() REPRESENTATION_CONTEXT('2D SPACE',''
  ) );
#963 = PCURVE('',#478,#964);
#964 = DEFINITIONAL_REPRESENTATION('',(#965),#969);
#965 = LINE('',#966,#967);
#966 = CARTESIAN_POINT('',(-1.570796326795,0.));
#967 = VECTOR('',#968,1.);
#968 = DIRECTION('',(1.,0.));
#969 = ( GEOMETRIC_REPRESENTATION_CONTEXT(2) 
PARAMETRIC_REPRESENTATION_CONTEXT() REPRESENTATION_CONTEXT('2D SPACE',''
  ) );
#970 = ORIENTED_EDGE('',*,*,#971,.F.);
#971 = EDGE_CURVE('',#668,#948,#972,.T.);
#972 = SURFACE_CURVE('',#973,(#977,#984),.PCURVE_S1.);
#973 = LINE('',#974,#975);
#974 = CARTESIAN_POINT('',(150.,40.,-50.));
#975 = VECTOR('',#976,1.);
#976 = DIRECTION('',(1.,0.,0.));
#977 = PCURVE('',#126,#978);
#978 = DEFINITIONAL_REPRESENTATION('',(#979),#983);
#979 = LINE('',#980,#981);
#980 = CARTESIAN_POINT('',(0.,80.));
#981 = VECTOR('',#982,1.);
#982 = DIRECTION('',(1.,0.));
#983 = ( GEOMETRIC_REPRESENTATION_CONTEXT(2) 
PARAMETRIC_REPRESENTATION_CONTEXT() REPRESENTATION_CONTEXT('2D SPACE',''
  ) );
#984 = PCURVE('',#506,#985);
#985 = DEFINITIONAL_REPRESENTATION('',(#986),#990);
#986 = LINE('',#987,#988);
#987 = CARTESIAN_POINT('',(0.,0.));
#988 = VECTOR('',#989,1.);
#989 = DIRECTION('',(0.,1.));
#990 = ( GEOMETRIC_REPRESENTATION_CONTEXT(2) 
PARAMETRIC_REPRESENTATION_CONTEXT() REPRESENTATION_CONTEXT('2D SPACE',''
  ) );
#991 = ORIENTED_EDGE('',*,*,#667,.F.);
#992 = FACE_BOUND('',#993,.F.);
#993 = EDGE_LOOP('',(#994));
#994 = ORIENTED_EDGE('',*,*,#995,.T.);
#995 = EDGE_CURVE('',#996,#996,#998,.T.);
#996 = VERTEX_POINT('',#997);
#997 = CARTESIAN_POINT('',(228.,0.,-50.));
#998 = SURFACE_CURVE('',#999,(#1004,#1015),.PCURVE_S1.);
#999 = CIRCLE('',#1000,38.);
#1000 = AXIS2_PLACEMENT_3D('',#1001,#1002,#1003);
#1001 = CARTESIAN_POINT('',(190.,0.,-50.));
#1002 = DIRECTION('',(0.,0.,-1.));
#1003 = DIRECTION('',(1.,0.,0.));
#1004 = PCURVE('',#126,#1005);
#1005 = DEFINITIONAL_REPRESENTATION('',(#1006),#1014);
#1006 = ( BOUNDED_CURVE() B_SPLINE_CURVE(2,(#1007,#1008,#1009,#1010,
#1011,#1012,#1013),.UNSPECIFIED.,.T.,.F.) B_SPLINE_CURVE_WITH_KNOTS((1,2
    ,2,2,2,1),(-2.094395102393,0.,2.094395102393,4.188790204786,
6.28318530718,8.377580409573),.UNSPECIFIED.) CURVE() 
GEOMETRIC_REPRESENTATION_ITEM() RATIONAL_B_SPLINE_CURVE((1.,0.5,1.,0.5,
1.,0.5,1.)) REPRESENTATION_ITEM('') );
#1007 = CARTESIAN_POINT('',(78.,40.));
#1008 = CARTESIAN_POINT('',(78.,-25.81793068761));
#1009 = CARTESIAN_POINT('',(21.,7.091034656191));
#1010 = CARTESIAN_POINT('',(-36.,40.));
#1011 = CARTESIAN_POINT('',(21.,72.908965343809));
#1012 = CARTESIAN_POINT('',(78.,105.81793068761));
#1013 = CARTESIAN_POINT('',(78.,40.));
#1014 = ( GEOMETRIC_REPRESENTATION_CONTEXT(2) 
PARAMETRIC_REPRESENTATION_CONTEXT() REPRESENTATION_CONTEXT('2D SPACE',''
  ) );
#1015 = PCURVE('',#567,#1016);
#1016 = DEFINITIONAL_REPRESENTATION('',(#1017),#1021);
#1017 = LINE('',#1018,#1019);
#1018 = CARTESIAN_POINT('',(-6.28318530718,-1.));
#1019 = VECTOR('',#1020,1.);
#1020 = DIRECTION('',(1.,-0.));
#1021 = ( GEOMETRIC_REPRESENTATION_CONTEXT(2) 
PARAMETRIC_REPRESENTATION_CONTEXT() REPRESENTATION_CONTEXT('2D SPACE',''
  ) );
#1022 = FACE_BOUND('',#1023,.F.);
#1023 = EDGE_LOOP('',(#1024));
#1024 = ORIENTED_EDGE('',*,*,#1025,.T.);
#1025 = EDGE_CURVE('',#1026,#1026,#1028,.T.);
#1026 = VERTEX_POINT('',#1027);
#1027 = CARTESIAN_POINT('',(308.,0.,-50.));
#1028 = SURFACE_CURVE('',#1029,(#1034,#1045),.PCURVE_S1.);
#1029 = CIRCLE('',#1030,38.);
#1030 = AXIS2_PLACEMENT_3D('',#1031,#1032,#1033);
#1031 = CARTESIAN_POINT('',(270.,0.,-50.));
#1032 = DIRECTION('',(0.,0.,-1.));
#1033 = DIRECTION('',(1.,0.,0.));
#1034 = PCURVE('',#126,#1035);
#1035 = DEFINITIONAL_REPRESENTATION('',(#1036),#1044);
#1036 = ( BOUNDED_CURVE() B_SPLINE_CURVE(2,(#1037,#1038,#1039,#1040,
#1041,#1042,#1043),.UNSPECIFIED.,.T.,.F.) B_SPLINE_CURVE_WITH_KNOTS((1,2
    ,2,2,2,1),(-2.094395102393,0.,2.094395102393,4.188790204786,
6.28318530718,8.377580409573),.UNSPECIFIED.) CURVE() 
GEOMETRIC_REPRESENTATION_ITEM() RATIONAL_B_SPLINE_CURVE((1.,0.5,1.,0.5,
1.,0.5,1.)) REPRESENTATION_ITEM('') );
#1037 = CARTESIAN_POINT('',(158.,40.));
#1038 = CARTESIAN_POINT('',(158.,-25.81793068761));
#1039 = CARTESIAN_POINT('',(101.,7.091034656191));
#1040 = CARTESIAN_POINT('',(44.,40.));
#1041 = CARTESIAN_POINT('',(101.,72.908965343809));
#1042 = CARTESIAN_POINT('',(158.,105.81793068761));
#1043 = CARTESIAN_POINT('',(158.,40.));
#1044 = ( GEOMETRIC_REPRESENTATION_CONTEXT(2) 
PARAMETRIC_REPRESENTATION_CONTEXT() REPRESENTATION_CONTEXT('2D SPACE',''
  ) );
#1045 = PCURVE('',#602,#1046);
#1046 = DEFINITIONAL_REPRESENTATION('',(#1047),#1051);
#1047 = LINE('',#1048,#1049);
#1048 = CARTESIAN_POINT('',(-6.28318530718,-1.));
#1049 = VECTOR('',#1050,1.);
#1050 = DIRECTION('',(1.,-0.));
#1051 = ( GEOMETRIC_REPRESENTATION_CONTEXT(2) 
PARAMETRIC_REPRESENTATION_CONTEXT() REPRESENTATION_CONTEXT('2D SPACE',''
  ) );
#1052 = ADVANCED_FACE('',(#1053),#208,.F.);
#1053 = FACE_BOUND('',#1054,.F.);
#1054 = EDGE_LOOP('',(#1055,#1056,#1057,#1058));
#1055 = ORIENTED_EDGE('',*,*,#723,.F.);
#1056 = ORIENTED_EDGE('',*,*,#641,.T.);
#1057 = ORIENTED_EDGE('',*,*,#192,.T.);
#1058 = ORIENTED_EDGE('',*,*,#1059,.F.);
#1059 = EDGE_CURVE('',#724,#193,#1060,.T.);
#1060 = SURFACE_CURVE('',#1061,(#1065,#1072),.PCURVE_S1.);
#1061 = LINE('',#1062,#1063);
#1062 = CARTESIAN_POINT('',(225.,-40.,-50.));
#1063 = VECTOR('',#1064,1.);
#1064 = DIRECTION('',(0.,0.,1.));
#1065 = PCURVE('',#208,#1066);
#1066 = DEFINITIONAL_REPRESENTATION('',(#1067),#1071);
#1067 = LINE('',#1068,#1069);
#1068 = CARTESIAN_POINT('',(0.,75.));
#1069 = VECTOR('',#1070,1.);
#1070 = DIRECTION('',(1.,0.));
#1071 = ( GEOMETRIC_REPRESENTATION_CONTEXT(2) 
PARAMETRIC_REPRESENTATION_CONTEXT() REPRESENTATION_CONTEXT('2D SPACE',''
  ) );
#1072 = PCURVE('',#241,#1073);
#1073 = DEFINITIONAL_REPRESENTATION('',(#1074),#1078);
#1074 = LINE('',#1075,#1076);
#1075 = CARTESIAN_POINT('',(-1.570796326795,0.));
#1076 = VECTOR('',#1077,1.);
#1077 = DIRECTION('',(-0.,1.));
#1078 = ( GEOMETRIC_REPRESENTATION_CONTEXT(2) 
PARAMETRIC_REPRESENTATION_CONTEXT() REPRESENTATION_CONTEXT('2D SPACE',''
  ) );
#1079 = ADVANCED_FACE('',(#1080),#506,.T.);
#1080 = FACE_BOUND('',#1081,.T.);
#1081 = EDGE_LOOP('',(#1082,#1083,#1084,#1085));
#1082 = ORIENTED_EDGE('',*,*,#971,.F.);
#1083 = ORIENTED_EDGE('',*,*,#695,.T.);
#1084 = ORIENTED_EDGE('',*,*,#490,.T.);
#1085 = ORIENTED_EDGE('',*,*,#1086,.F.);
#1086 = EDGE_CURVE('',#948,#462,#1087,.T.);
#1087 = SURFACE_CURVE('',#1088,(#1092,#1099),.PCURVE_S1.);
#1088 = LINE('',#1089,#1090);
#1089 = CARTESIAN_POINT('',(225.,40.,-50.));
#1090 = VECTOR('',#1091,1.);
#1091 = DIRECTION('',(0.,0.,1.));
#1092 = PCURVE('',#506,#1093);
#1093 = DEFINITIONAL_REPRESENTATION('',(#1094),#1098);
#1094 = LINE('',#1095,#1096);
#1095 = CARTESIAN_POINT('',(0.,75.));
#1096 = VECTOR('',#1097,1.);
#1097 = DIRECTION('',(1.,0.));
#1098 = ( GEOMETRIC_REPRESENTATION_CONTEXT(2) 
PARAMETRIC_REPRESENTATION_CONTEXT() REPRESENTATION_CONTEXT('2D SPACE',''
  ) );
#1099 = PCURVE('',#478,#1100);
#1100 = DEFINITIONAL_REPRESENTATION('',(#1101),#1105);
#1101 = LINE('',#1102,#1103);
#1102 = CARTESIAN_POINT('',(1.570796326795,0.));
#1103 = VECTOR('',#1104,1.);
#1104 = DIRECTION('',(0.,1.));
#1105 = ( GEOMETRIC_REPRESENTATION_CONTEXT(2) 
PARAMETRIC_REPRESENTATION_CONTEXT() REPRESENTATION_CONTEXT('2D SPACE',''
  ) );
#1106 = ADVANCED_FACE('',(#1107),#241,.T.);
#1107 = FACE_BOUND('',#1108,.F.);
#1108 = EDGE_LOOP('',(#1109,#1110,#1111,#1112));
#1109 = ORIENTED_EDGE('',*,*,#746,.T.);
#1110 = ORIENTED_EDGE('',*,*,#1059,.T.);
#1111 = ORIENTED_EDGE('',*,*,#220,.F.);
#1112 = ORIENTED_EDGE('',*,*,#1113,.F.);
#1113 = EDGE_CURVE('',#747,#221,#1114,.T.);
#1114 = SURFACE_CURVE('',#1115,(#1119,#1126),.PCURVE_S1.);
#1115 = LINE('',#1116,#1117);
#1116 = CARTESIAN_POINT('',(230.,-35.,-50.));
#1117 = VECTOR('',#1118,1.);
#1118 = DIRECTION('',(0.,0.,1.));
#1119 = PCURVE('',#241,#1120);
#1120 = DEFINITIONAL_REPRESENTATION('',(#1121),#1125);
#1121 = LINE('',#1122,#1123);
#1122 = CARTESIAN_POINT('',(-0.,0.));
#1123 = VECTOR('',#1124,1.);
#1124 = DIRECTION('',(-0.,1.));
#1125 = ( GEOMETRIC_REPRESENTATION_CONTEXT(2) 
PARAMETRIC_REPRESENTATION_CONTEXT() REPRESENTATION_CONTEXT('2D SPACE',''
  ) );
#1126 = PCURVE('',#270,#1127);
#1127 = DEFINITIONAL_REPRESENTATION('',(#1128),#1131);
#1128 = B_SPLINE_CURVE_WITH_KNOTS('',1,(#1129,#1130),.UNSPECIFIED.,.F.,
  .F.,(2,2),(0.,15.),.PIECEWISE_BEZIER_KNOTS.);
#1129 = CARTESIAN_POINT('',(0.,0.));
#1130 = CARTESIAN_POINT('',(0.,15.));
#1131 = ( GEOMETRIC_REPRESENTATION_CONTEXT(2) 
PARAMETRIC_REPRESENTATION_CONTEXT() REPRESENTATION_CONTEXT('2D SPACE',''
  ) );
#1132 = ADVANCED_FACE('',(#1133),#478,.T.);
#1133 = FACE_BOUND('',#1134,.T.);
#1134 = EDGE_LOOP('',(#1135,#1136,#1137,#1138));
#1135 = ORIENTED_EDGE('',*,*,#947,.T.);
#1136 = ORIENTED_EDGE('',*,*,#1086,.T.);
#1137 = ORIENTED_EDGE('',*,*,#461,.F.);
#1138 = ORIENTED_EDGE('',*,*,#1139,.F.);
#1139 = EDGE_CURVE('',#920,#429,#1140,.T.);
#1140 = SURFACE_CURVE('',#1141,(#1145,#1152),.PCURVE_S1.);
#1141 = LINE('',#1142,#1143);
#1142 = CARTESIAN_POINT('',(230.,35.,-50.));
#1143 = VECTOR('',#1144,1.);
#1144 = DIRECTION('',(0.,0.,1.));
#1145 = PCURVE('',#478,#1146);
#1146 = DEFINITIONAL_REPRESENTATION('',(#1147),#1151);
#1147 = LINE('',#1148,#1149);
#1148 = CARTESIAN_POINT('',(0.,0.));
#1149 = VECTOR('',#1150,1.);
#1150 = DIRECTION('',(0.,1.));
#1151 = ( GEOMETRIC_REPRESENTATION_CONTEXT(2) 
PARAMETRIC_REPRESENTATION_CONTEXT() REPRESENTATION_CONTEXT('2D SPACE',''
  ) );
#1152 = PCURVE('',#449,#1153);
#1153 = DEFINITIONAL_REPRESENTATION('',(#1154),#1157);
#1154 = B_SPLINE_CURVE_WITH_KNOTS('',1,(#1155,#1156),.UNSPECIFIED.,.F.,
  .F.,(2,2),(0.,15.),.PIECEWISE_BEZIER_KNOTS.);
#1155 = CARTESIAN_POINT('',(0.,0.));
#1156 = CARTESIAN_POINT('',(0.,15.));
#1157 = ( GEOMETRIC_REPRESENTATION_CONTEXT(2) 
PARAMETRIC_REPRESENTATION_CONTEXT() REPRESENTATION_CONTEXT('2D SPACE',''
  ) );
#1158 = ADVANCED_FACE('',(#1159),#567,.F.);
#1159 = FACE_BOUND('',#1160,.T.);
#1160 = EDGE_LOOP('',(#1161,#1162,#1183,#1184));
#1161 = ORIENTED_EDGE('',*,*,#995,.T.);
#1162 = ORIENTED_EDGE('',*,*,#1163,.T.);
#1163 = EDGE_CURVE('',#996,#547,#1164,.T.);
#1164 = SEAM_CURVE('',#1165,(#1169,#1176),.PCURVE_S1.);
#1165 = LINE('',#1166,#1167);
#1166 = CARTESIAN_POINT('',(228.,0.,-51.));
#1167 = VECTOR('',#1168,1.);
#1168 = DIRECTION('',(0.,0.,1.));
#1169 = PCURVE('',#567,#1170);
#1170 = DEFINITIONAL_REPRESENTATION('',(#1171),#1175);
#1171 = LINE('',#1172,#1173);
#1172 = CARTESIAN_POINT('',(-6.28318530718,0.));
#1173 = VECTOR('',#1174,1.);
#1174 = DIRECTION('',(-0.,-1.));
#1175 = ( GEOMETRIC_REPRESENTATION_CONTEXT(2) 
PARAMETRIC_REPRESENTATION_CONTEXT() REPRESENTATION_CONTEXT('2D SPACE',''
  ) );
#1176 = PCURVE('',#567,#1177);
#1177 = DEFINITIONAL_REPRESENTATION('',(#1178),#1182);
#1178 = LINE('',#1179,#1180);
#1179 = CARTESIAN_POINT('',(-0.,0.));
#1180 = VECTOR('',#1181,1.);
#1181 = DIRECTION('',(-0.,-1.));
#1182 = ( GEOMETRIC_REPRESENTATION_CONTEXT(2) 
PARAMETRIC_REPRESENTATION_CONTEXT() REPRESENTATION_CONTEXT('2D SPACE',''
  ) );
#1183 = ORIENTED_EDGE('',*,*,#546,.F.);
#1184 = ORIENTED_EDGE('',*,*,#1163,.F.);
#1185 = ADVANCED_FACE('',(#1186),#270,.T.);
#1186 = FACE_BOUND('',#1187,.T.);
#1187 = EDGE_LOOP('',(#1188,#1189,#1210,#1211));
#1188 = ORIENTED_EDGE('',*,*,#774,.T.);
#1189 = ORIENTED_EDGE('',*,*,#1190,.T.);
#1190 = EDGE_CURVE('',#775,#254,#1191,.T.);
#1191 = SURFACE_CURVE('',#1192,(#1196,#1203),.PCURVE_S1.);
#1192 = LINE('',#1193,#1194);
#1193 = CARTESIAN_POINT('',(235.,-40.,-50.));
#1194 = VECTOR('',#1195,1.);
#1195 = DIRECTION('',(0.,0.,1.));
#1196 = PCURVE('',#270,#1197);
#1197 = DEFINITIONAL_REPRESENTATION('',(#1198),#1202);
#1198 = LINE('',#1199,#1200);
#1199 = CARTESIAN_POINT('',(1.570796326795,0.));
#1200 = VECTOR('',#1201,1.);
#1201 = DIRECTION('',(0.,1.));
#1202 = ( GEOMETRIC_REPRESENTATION_CONTEXT(2) 
PARAMETRIC_REPRESENTATION_CONTEXT() REPRESENTATION_CONTEXT('2D SPACE',''
  ) );
#1203 = PCURVE('',#298,#1204);
#1204 = DEFINITIONAL_REPRESENTATION('',(#1205),#1209);
#1205 = LINE('',#1206,#1207);
#1206 = CARTESIAN_POINT('',(0.,5.));
#1207 = VECTOR('',#1208,1.);
#1208 = DIRECTION('',(1.,0.));
#1209 = ( GEOMETRIC_REPRESENTATION_CONTEXT(2) 
PARAMETRIC_REPRESENTATION_CONTEXT() REPRESENTATION_CONTEXT('2D SPACE',''
  ) );
#1210 = ORIENTED_EDGE('',*,*,#253,.F.);
#1211 = ORIENTED_EDGE('',*,*,#1113,.F.);
#1212 = ADVANCED_FACE('',(#1213),#449,.T.);
#1213 = FACE_BOUND('',#1214,.F.);
#1214 = EDGE_LOOP('',(#1215,#1216,#1237,#1238));
#1215 = ORIENTED_EDGE('',*,*,#919,.T.);
#1216 = ORIENTED_EDGE('',*,*,#1217,.T.);
#1217 = EDGE_CURVE('',#897,#401,#1218,.T.);
#1218 = SURFACE_CURVE('',#1219,(#1223,#1230),.PCURVE_S1.);
#1219 = LINE('',#1220,#1221);
#1220 = CARTESIAN_POINT('',(235.,40.,-50.));
#1221 = VECTOR('',#1222,1.);
#1222 = DIRECTION('',(0.,0.,1.));
#1223 = PCURVE('',#449,#1224);
#1224 = DEFINITIONAL_REPRESENTATION('',(#1225),#1229);
#1225 = LINE('',#1226,#1227);
#1226 = CARTESIAN_POINT('',(-1.570796326795,0.));
#1227 = VECTOR('',#1228,1.);
#1228 = DIRECTION('',(-0.,1.));
#1229 = ( GEOMETRIC_REPRESENTATION_CONTEXT(2) 
PARAMETRIC_REPRESENTATION_CONTEXT() REPRESENTATION_CONTEXT('2D SPACE',''
  ) );
#1230 = PCURVE('',#416,#1231);
#1231 = DEFINITIONAL_REPRESENTATION('',(#1232),#1236);
#1232 = LINE('',#1233,#1234);
#1233 = CARTESIAN_POINT('',(0.,5.));
#1234 = VECTOR('',#1235,1.);
#1235 = DIRECTION('',(1.,0.));
#1236 = ( GEOMETRIC_REPRESENTATION_CONTEXT(2) 
PARAMETRIC_REPRESENTATION_CONTEXT() REPRESENTATION_CONTEXT('2D SPACE',''
  ) );
#1237 = ORIENTED_EDGE('',*,*,#428,.F.);
#1238 = ORIENTED_EDGE('',*,*,#1139,.F.);
#1239 = ADVANCED_FACE('',(#1240),#298,.F.);
#1240 = FACE_BOUND('',#1241,.F.);
#1241 = EDGE_LOOP('',(#1242,#1243,#1244,#1245));
#1242 = ORIENTED_EDGE('',*,*,#798,.F.);
#1243 = ORIENTED_EDGE('',*,*,#1190,.T.);
#1244 = ORIENTED_EDGE('',*,*,#282,.T.);
#1245 = ORIENTED_EDGE('',*,*,#1246,.F.);
#1246 = EDGE_CURVE('',#799,#283,#1247,.T.);
#1247 = SURFACE_CURVE('',#1248,(#1252,#1259),.PCURVE_S1.);
#1248 = LINE('',#1249,#1250);
#1249 = CARTESIAN_POINT('',(305.,-40.,-50.));
#1250 = VECTOR('',#1251,1.);
#1251 = DIRECTION('',(0.,0.,1.));
#1252 = PCURVE('',#298,#1253);
#1253 = DEFINITIONAL_REPRESENTATION('',(#1254),#1258);
#1254 = LINE('',#1255,#1256);
#1255 = CARTESIAN_POINT('',(0.,75.));
#1256 = VECTOR('',#1257,1.);
#1257 = DIRECTION('',(1.,0.));
#1258 = ( GEOMETRIC_REPRESENTATION_CONTEXT(2) 
PARAMETRIC_REPRESENTATION_CONTEXT() REPRESENTATION_CONTEXT('2D SPACE',''
  ) );
#1259 = PCURVE('',#331,#1260);
#1260 = DEFINITIONAL_REPRESENTATION('',(#1261),#1265);
#1261 = LINE('',#1262,#1263);
#1262 = CARTESIAN_POINT('',(-1.570796326795,0.));
#1263 = VECTOR('',#1264,1.);
#1264 = DIRECTION('',(-0.,1.));
#1265 = ( GEOMETRIC_REPRESENTATION_CONTEXT(2) 
PARAMETRIC_REPRESENTATION_CONTEXT() REPRESENTATION_CONTEXT('2D SPACE',''
  ) );
#1266 = ADVANCED_FACE('',(#1267),#416,.T.);
#1267 = FACE_BOUND('',#1268,.T.);
#1268 = EDGE_LOOP('',(#1269,#1270,#1271,#1272));
#1269 = ORIENTED_EDGE('',*,*,#896,.F.);
#1270 = ORIENTED_EDGE('',*,*,#1217,.T.);
#1271 = ORIENTED_EDGE('',*,*,#400,.T.);
#1272 = ORIENTED_EDGE('',*,*,#1273,.F.);
#1273 = EDGE_CURVE('',#873,#372,#1274,.T.);
#1274 = SURFACE_CURVE('',#1275,(#1279,#1286),.PCURVE_S1.);
#1275 = LINE('',#1276,#1277);
#1276 = CARTESIAN_POINT('',(305.,40.,-50.));
#1277 = VECTOR('',#1278,1.);
#1278 = DIRECTION('',(0.,0.,1.));
#1279 = PCURVE('',#416,#1280);
#1280 = DEFINITIONAL_REPRESENTATION('',(#1281),#1285);
#1281 = LINE('',#1282,#1283);
#1282 = CARTESIAN_POINT('',(0.,75.));
#1283 = VECTOR('',#1284,1.);
#1284 = DIRECTION('',(1.,0.));
#1285 = ( GEOMETRIC_REPRESENTATION_CONTEXT(2) 
PARAMETRIC_REPRESENTATION_CONTEXT() REPRESENTATION_CONTEXT('2D SPACE',''
  ) );
#1286 = PCURVE('',#388,#1287);
#1287 = DEFINITIONAL_REPRESENTATION('',(#1288),#1292);
#1288 = LINE('',#1289,#1290);
#1289 = CARTESIAN_POINT('',(1.570796326795,0.));
#1290 = VECTOR('',#1291,1.);
#1291 = DIRECTION('',(0.,1.));
#1292 = ( GEOMETRIC_REPRESENTATION_CONTEXT(2) 
PARAMETRIC_REPRESENTATION_CONTEXT() REPRESENTATION_CONTEXT('2D SPACE',''
  ) );
#1293 = ADVANCED_FACE('',(#1294),#331,.T.);
#1294 = FACE_BOUND('',#1295,.F.);
#1295 = EDGE_LOOP('',(#1296,#1297,#1298,#1299));
#1296 = ORIENTED_EDGE('',*,*,#821,.T.);
#1297 = ORIENTED_EDGE('',*,*,#1246,.T.);
#1298 = ORIENTED_EDGE('',*,*,#310,.F.);
#1299 = ORIENTED_EDGE('',*,*,#1300,.F.);
#1300 = EDGE_CURVE('',#822,#311,#1301,.T.);
#1301 = SURFACE_CURVE('',#1302,(#1306,#1313),.PCURVE_S1.);
#1302 = LINE('',#1303,#1304);
#1303 = CARTESIAN_POINT('',(310.,-35.,-50.));
#1304 = VECTOR('',#1305,1.);
#1305 = DIRECTION('',(0.,0.,1.));
#1306 = PCURVE('',#331,#1307);
#1307 = DEFINITIONAL_REPRESENTATION('',(#1308),#1312);
#1308 = LINE('',#1309,#1310);
#1309 = CARTESIAN_POINT('',(-0.,0.));
#1310 = VECTOR('',#1311,1.);
#1311 = DIRECTION('',(-0.,1.));
#1312 = ( GEOMETRIC_REPRESENTATION_CONTEXT(2) 
PARAMETRIC_REPRESENTATION_CONTEXT() REPRESENTATION_CONTEXT('2D SPACE',''
  ) );
#1313 = PCURVE('',#359,#1314);
#1314 = DEFINITIONAL_REPRESENTATION('',(#1315),#1319);
#1315 = LINE('',#1316,#1317);
#1316 = CARTESIAN_POINT('',(0.,-5.));
#1317 = VECTOR('',#1318,1.);
#1318 = DIRECTION('',(1.,0.));
#1319 = ( GEOMETRIC_REPRESENTATION_CONTEXT(2) 
PARAMETRIC_REPRESENTATION_CONTEXT() REPRESENTATION_CONTEXT('2D SPACE',''
  ) );
#1320 = ADVANCED_FACE('',(#1321),#388,.T.);
#1321 = FACE_BOUND('',#1322,.T.);
#1322 = EDGE_LOOP('',(#1323,#1324,#1325,#1326));
#1323 = ORIENTED_EDGE('',*,*,#872,.T.);
#1324 = ORIENTED_EDGE('',*,*,#1273,.T.);
#1325 = ORIENTED_EDGE('',*,*,#371,.F.);
#1326 = ORIENTED_EDGE('',*,*,#1327,.F.);
#1327 = EDGE_CURVE('',#850,#344,#1328,.T.);
#1328 = SURFACE_CURVE('',#1329,(#1333,#1340),.PCURVE_S1.);
#1329 = LINE('',#1330,#1331);
#1330 = CARTESIAN_POINT('',(310.,35.,-50.));
#1331 = VECTOR('',#1332,1.);
#1332 = DIRECTION('',(0.,0.,1.));
#1333 = PCURVE('',#388,#1334);
#1334 = DEFINITIONAL_REPRESENTATION('',(#1335),#1339);
#1335 = LINE('',#1336,#1337);
#1336 = CARTESIAN_POINT('',(0.,0.));
#1337 = VECTOR('',#1338,1.);
#1338 = DIRECTION('',(0.,1.));
#1339 = ( GEOMETRIC_REPRESENTATION_CONTEXT(2) 
PARAMETRIC_REPRESENTATION_CONTEXT() REPRESENTATION_CONTEXT('2D SPACE',''
  ) );
#1340 = PCURVE('',#359,#1341);
#1341 = DEFINITIONAL_REPRESENTATION('',(#1342),#1346);
#1342 = LINE('',#1343,#1344);
#1343 = CARTESIAN_POINT('',(0.,-75.));
#1344 = VECTOR('',#1345,1.);
#1345 = DIRECTION('',(1.,0.));
#1346 = ( GEOMETRIC_REPRESENTATION_CONTEXT(2) 
PARAMETRIC_REPRESENTATION_CONTEXT() REPRESENTATION_CONTEXT('2D SPACE',''
  ) );
#1347 = ADVANCED_FACE('',(#1348),#359,.T.);
#1348 = FACE_BOUND('',#1349,.T.);
#1349 = EDGE_LOOP('',(#1350,#1351,#1352,#1353));
#1350 = ORIENTED_EDGE('',*,*,#343,.F.);
#1351 = ORIENTED_EDGE('',*,*,#1300,.F.);
#1352 = ORIENTED_EDGE('',*,*,#849,.T.);
#1353 = ORIENTED_EDGE('',*,*,#1327,.T.);
#1354 = ADVANCED_FACE('',(#1355),#602,.F.);
#1355 = FACE_BOUND('',#1356,.T.);
#1356 = EDGE_LOOP('',(#1357,#1358,#1379,#1380));
#1357 = ORIENTED_EDGE('',*,*,#1025,.T.);
#1358 = ORIENTED_EDGE('',*,*,#1359,.T.);
#1359 = EDGE_CURVE('',#1026,#582,#1360,.T.);
#1360 = SEAM_CURVE('',#1361,(#1365,#1372),.PCURVE_S1.);
#1361 = LINE('',#1362,#1363);
#1362 = CARTESIAN_POINT('',(308.,0.,-51.));
#1363 = VECTOR('',#1364,1.);
#1364 = DIRECTION('',(0.,0.,1.));
#1365 = PCURVE('',#602,#1366);
#1366 = DEFINITIONAL_REPRESENTATION('',(#1367),#1371);
#1367 = LINE('',#1368,#1369);
#1368 = CARTESIAN_POINT('',(-6.28318530718,0.));
#1369 = VECTOR('',#1370,1.);
#1370 = DIRECTION('',(-0.,-1.));
#1371 = ( GEOMETRIC_REPRESENTATION_CONTEXT(2) 
PARAMETRIC_REPRESENTATION_CONTEXT() REPRESENTATION_CONTEXT('2D SPACE',''
  ) );
#1372 = PCURVE('',#602,#1373);
#1373 = DEFINITIONAL_REPRESENTATION('',(#1374),#1378);
#1374 = LINE('',#1375,#1376);
#1375 = CARTESIAN_POINT('',(-0.,0.));
#1376 = VECTOR('',#1377,1.);
#1377 = DIRECTION('',(-0.,-1.));
#1378 = ( GEOMETRIC_REPRESENTATION_CONTEXT(2) 
PARAMETRIC_REPRESENTATION_CONTEXT() REPRESENTATION_CONTEXT('2D SPACE',''
  ) );
#1379 = ORIENTED_EDGE('',*,*,#581,.F.);
#1380 = ORIENTED_EDGE('',*,*,#1359,.F.);
#1381 = ( GEOMETRIC_REPRESENTATION_CONTEXT(3) 
GLOBAL_UNCERTAINTY_ASSIGNED_CONTEXT((#1385)) 
GLOBAL_UNIT_ASSIGNED_CONTEXT((#1382,#1383,#1384)) REPRESENTATION_CONTEXT
('Context #1','3D Context with UNIT and UNCERTAINTY') );
#1382 = ( LENGTH_UNIT() NAMED_UNIT(*) SI_UNIT(.MILLI.,.METRE.) );
#1383 = ( NAMED_UNIT(*) PLANE_ANGLE_UNIT() SI_UNIT($,.RADIAN.) );
#1384 = ( NAMED_UNIT(*) SI_UNIT($,.STERADIAN.) SOLID_ANGLE_UNIT() );
#1385 = UNCERTAINTY_MEASURE_WITH_UNIT(LENGTH_MEASURE(1.E-07),#1382,
  'distance_accuracy_value','confusion accuracy');
#1386 = CONTEXT_DEPENDENT_SHAPE_REPRESENTATION(#1387,#1389);
#1387 = ( REPRESENTATION_RELATIONSHIP('','',#40,#10) 
REPRESENTATION_RELATIONSHIP_WITH_TRANSFORMATION(#1388) 
SHAPE_REPRESENTATION_RELATIONSHIP() );
#1388 = ITEM_DEFINED_TRANSFORMATION('','',#11,#15);
#1389 = PRODUCT_DEFINITION_SHAPE('Placement','Placement of an item',
  #1390);
#1390 = NEXT_ASSEMBLY_USAGE_OCCURRENCE('13','','',#5,#35,$);
#1391 = PRODUCT_RELATED_PRODUCT_CATEGORY('part',$,(#37));
#1392 = SHAPE_DEFINITION_REPRESENTATION(#1393,#1399);
#1393 = PRODUCT_DEFINITION_SHAPE('','',#1394);
#1394 = PRODUCT_DEFINITION('design','',#1395,#1398);
#1395 = PRODUCT_DEFINITION_FORMATION('','',#1396);
#1396 = PRODUCT('Open CASCADE STEP translator 7.9 10.2',
  'Open CASCADE STEP translator 7.9 10.2','',(#1397));
#1397 = PRODUCT_CONTEXT('',#2,'mechanical');
#1398 = PRODUCT_DEFINITION_CONTEXT('part definition',#2,'design');
#1399 = ADVANCED_BREP_SHAPE_REPRESENTATION('',(#11,#1400),#3952);
#1400 = MANIFOLD_SOLID_BREP('',#1401);
#1401 = CLOSED_SHELL('',(#1402,#2486,#2490,#2567,#2616,#2666,#2670,#2697
    ,#2773,#2822,#2871,#2898,#2974,#3023,#3072,#3099,#3175,#3224,#3273,
    #3300,#3376,#3425,#3474,#3501,#3577,#3626,#3675,#3702,#3778,#3827,
    #3876,#3903,#3910,#3917,#3924,#3931,#3938,#3945));
#1402 = ADVANCED_FACE('',(#1403,#1694,#1826,#1958,#2090,#2222,#2354),
  #1416,.T.);
#1403 = FACE_BOUND('',#1404,.F.);
#1404 = EDGE_LOOP('',(#1405,#1439,#1462,#1494,#1526,#1558,#1581,#1608,
    #1609,#1636,#1668,#1693));
#1405 = ORIENTED_EDGE('',*,*,#1406,.F.);
#1406 = EDGE_CURVE('',#1407,#1407,#1409,.T.);
#1407 = VERTEX_POINT('',#1408);
#1408 = CARTESIAN_POINT('',(204.,0.,-49.));
#1409 = SURFACE_CURVE('',#1410,(#1415,#1427),.PCURVE_S1.);
#1410 = CIRCLE('',#1411,14.);
#1411 = AXIS2_PLACEMENT_3D('',#1412,#1413,#1414);
#1412 = CARTESIAN_POINT('',(190.,0.,-49.));
#1413 = DIRECTION('',(0.,0.,1.));
#1414 = DIRECTION('',(1.,0.,0.));
#1415 = PCURVE('',#1416,#1421);
#1416 = CYLINDRICAL_SURFACE('',#1417,14.);
#1417 = AXIS2_PLACEMENT_3D('',#1418,#1419,#1420);
#1418 = CARTESIAN_POINT('',(190.,0.,-49.));
#1419 = DIRECTION('',(-0.,-0.,-1.));
#1420 = DIRECTION('',(1.,0.,0.));
#1421 = DEFINITIONAL_REPRESENTATION('',(#1422),#1426);
#1422 = LINE('',#1423,#1424);
#1423 = CARTESIAN_POINT('',(-0.,0.));
#1424 = VECTOR('',#1425,1.);
#1425 = DIRECTION('',(-1.,0.));
#1426 = ( GEOMETRIC_REPRESENTATION_CONTEXT(2) 
PARAMETRIC_REPRESENTATION_CONTEXT() REPRESENTATION_CONTEXT('2D SPACE',''
  ) );
#1427 = PCURVE('',#1428,#1433);
#1428 = PLANE('',#1429);
#1429 = AXIS2_PLACEMENT_3D('',#1430,#1431,#1432);
#1430 = CARTESIAN_POINT('',(190.,9.912868833001E-16,-49.));
#1431 = DIRECTION('',(0.,0.,1.));
#1432 = DIRECTION('',(1.,0.,-0.));
#1433 = DEFINITIONAL_REPRESENTATION('',(#1434),#1438);
#1434 = CIRCLE('',#1435,14.);
#1435 = AXIS2_PLACEMENT_2D('',#1436,#1437);
#1436 = CARTESIAN_POINT('',(0.,-9.912868833001E-16));
#1437 = DIRECTION('',(1.,0.));
#1438 = ( GEOMETRIC_REPRESENTATION_CONTEXT(2) 
PARAMETRIC_REPRESENTATION_CONTEXT() REPRESENTATION_CONTEXT('2D SPACE',''
  ) );
#1439 = ORIENTED_EDGE('',*,*,#1440,.T.);
#1440 = EDGE_CURVE('',#1407,#1441,#1443,.T.);
#1441 = VERTEX_POINT('',#1442);
#1442 = CARTESIAN_POINT('',(204.,0.,-44.15470053837));
#1443 = SEAM_CURVE('',#1444,(#1448,#1455),.PCURVE_S1.);
#1444 = LINE('',#1445,#1446);
#1445 = CARTESIAN_POINT('',(204.,0.,-49.));
#1446 = VECTOR('',#1447,1.);
#1447 = DIRECTION('',(0.,0.,1.));
#1448 = PCURVE('',#1416,#1449);
#1449 = DEFINITIONAL_REPRESENTATION('',(#1450),#1454);
#1450 = LINE('',#1451,#1452);
#1451 = CARTESIAN_POINT('',(-6.28318530718,0.));
#1452 = VECTOR('',#1453,1.);
#1453 = DIRECTION('',(-0.,-1.));
#1454 = ( GEOMETRIC_REPRESENTATION_CONTEXT(2) 
PARAMETRIC_REPRESENTATION_CONTEXT() REPRESENTATION_CONTEXT('2D SPACE',''
  ) );
#1455 = PCURVE('',#1416,#1456);
#1456 = DEFINITIONAL_REPRESENTATION('',(#1457),#1461);
#1457 = LINE('',#1458,#1459);
#1458 = CARTESIAN_POINT('',(-0.,0.));
#1459 = VECTOR('',#1460,1.);
#1460 = DIRECTION('',(-0.,-1.));
#1461 = ( GEOMETRIC_REPRESENTATION_CONTEXT(2) 
PARAMETRIC_REPRESENTATION_CONTEXT() REPRESENTATION_CONTEXT('2D SPACE',''
  ) );
#1462 = ORIENTED_EDGE('',*,*,#1463,.T.);
#1463 = EDGE_CURVE('',#1441,#1464,#1466,.T.);
#1464 = VERTEX_POINT('',#1465);
#1465 = CARTESIAN_POINT('',(203.14039089909,4.830127018922,
    -41.36602540378));
#1466 = SURFACE_CURVE('',#1467,(#1472,#1482),.PCURVE_S1.);
#1467 = ELLIPSE('',#1468,16.16580753731,14.);
#1468 = AXIS2_PLACEMENT_3D('',#1469,#1470,#1471);
#1469 = CARTESIAN_POINT('',(190.,0.,-44.15470053837));
#1470 = DIRECTION('',(0.,-0.5,0.866025403784));
#1471 = DIRECTION('',(0.,-0.866025403784,-0.5));
#1472 = PCURVE('',#1416,#1473);
#1473 = DEFINITIONAL_REPRESENTATION('',(#1474),#1481);
#1474 = B_SPLINE_CURVE_WITH_KNOTS('',5,(#1475,#1476,#1477,#1478,#1479,
    #1480),.UNSPECIFIED.,.F.,.F.,(6,6),(1.570796326795,1.989819172984),
  .PIECEWISE_BEZIER_KNOTS.);
#1475 = CARTESIAN_POINT('',(0.,-4.845299461621));
#1476 = CARTESIAN_POINT('',(-8.38045692379E-02,-5.522683730144));
#1477 = CARTESIAN_POINT('',(-0.167609138476,-6.200068244072));
#1478 = CARTESIAN_POINT('',(-0.251413707714,-6.867540222326));
#1479 = CARTESIAN_POINT('',(-0.335218276952,-7.515192907457));
#1480 = CARTESIAN_POINT('',(-0.419022846189,-8.133974596216));
#1481 = ( GEOMETRIC_REPRESENTATION_CONTEXT(2) 
PARAMETRIC_REPRESENTATION_CONTEXT() REPRESENTATION_CONTEXT('2D SPACE',''
  ) );
#1482 = PCURVE('',#1483,#1488);
#1483 = PLANE('',#1484);
#1484 = AXIS2_PLACEMENT_3D('',#1485,#1486,#1487);
#1485 = CARTESIAN_POINT('',(202.,-3.830127018922,-46.36602540378));
#1486 = DIRECTION('',(0.,-0.5,0.866025403784));
#1487 = DIRECTION('',(1.,0.,0.));
#1488 = DEFINITIONAL_REPRESENTATION('',(#1489),#1493);
#1489 = ELLIPSE('',#1490,16.16580753731,14.);
#1490 = AXIS2_PLACEMENT_2D('',#1491,#1492);
#1491 = CARTESIAN_POINT('',(-12.,4.42264973081));
#1492 = DIRECTION('',(0.,-1.));
#1493 = ( GEOMETRIC_REPRESENTATION_CONTEXT(2) 
PARAMETRIC_REPRESENTATION_CONTEXT() REPRESENTATION_CONTEXT('2D SPACE',''
  ) );
#1494 = ORIENTED_EDGE('',*,*,#1495,.F.);
#1495 = EDGE_CURVE('',#1496,#1464,#1498,.T.);
#1496 = VERTEX_POINT('',#1497);
#1497 = CARTESIAN_POINT('',(203.46588753179,3.830127018922,
    -39.63397459621));
#1498 = SURFACE_CURVE('',#1499,(#1504,#1514),.PCURVE_S1.);
#1499 = ELLIPSE('',#1500,28.,14.);
#1500 = AXIS2_PLACEMENT_3D('',#1501,#1502,#1503);
#1501 = CARTESIAN_POINT('',(190.,0.,-33.));
#1502 = DIRECTION('',(0.,0.866025403784,0.5));
#1503 = DIRECTION('',(0.,0.5,-0.866025403784));
#1504 = PCURVE('',#1416,#1505);
#1505 = DEFINITIONAL_REPRESENTATION('',(#1506),#1513);
#1506 = B_SPLINE_CURVE_WITH_KNOTS('',5,(#1507,#1508,#1509,#1510,#1511,
    #1512),.UNSPECIFIED.,.F.,.F.,(6,6),(4.982084156807,5.072258303219),
  .PIECEWISE_BEZIER_KNOTS.);
#1507 = CARTESIAN_POINT('',(-0.269695176422,-9.539230484541));
#1508 = CARTESIAN_POINT('',(-0.287730005705,-9.117717339728));
#1509 = CARTESIAN_POINT('',(-0.305764834987,-8.698830942323));
#1510 = CARTESIAN_POINT('',(-0.323799664269,-8.282856916626));
#1511 = CARTESIAN_POINT('',(-0.341834493552,-7.870077323614));
#1512 = CARTESIAN_POINT('',(-0.359869322834,-7.460769515459));
#1513 = ( GEOMETRIC_REPRESENTATION_CONTEXT(2) 
PARAMETRIC_REPRESENTATION_CONTEXT() REPRESENTATION_CONTEXT('2D SPACE',''
  ) );
#1514 = PCURVE('',#1515,#1520);
#1515 = PLANE('',#1516);
#1516 = AXIS2_PLACEMENT_3D('',#1517,#1518,#1519);
#1517 = CARTESIAN_POINT('',(202.,4.830127018922,-41.36602540378));
#1518 = DIRECTION('',(0.,0.866025403784,0.5));
#1519 = DIRECTION('',(0.,-0.5,0.866025403784));
#1520 = DEFINITIONAL_REPRESENTATION('',(#1521),#1525);
#1521 = ELLIPSE('',#1522,28.,14.);
#1522 = AXIS2_PLACEMENT_2D('',#1523,#1524);
#1523 = CARTESIAN_POINT('',(9.660254037844,-12.));
#1524 = DIRECTION('',(-1.,0.));
#1525 = ( GEOMETRIC_REPRESENTATION_CONTEXT(2) 
PARAMETRIC_REPRESENTATION_CONTEXT() REPRESENTATION_CONTEXT('2D SPACE',''
  ) );
#1526 = ORIENTED_EDGE('',*,*,#1527,.F.);
#1527 = EDGE_CURVE('',#1528,#1496,#1530,.T.);
#1528 = VERTEX_POINT('',#1529);
#1529 = CARTESIAN_POINT('',(204.,0.,-41.84529946162));
#1530 = SURFACE_CURVE('',#1531,(#1536,#1546),.PCURVE_S1.);
#1531 = ELLIPSE('',#1532,16.16580753731,14.);
#1532 = AXIS2_PLACEMENT_3D('',#1533,#1534,#1535);
#1533 = CARTESIAN_POINT('',(190.,0.,-41.84529946162));
#1534 = DIRECTION('',(0.,-0.5,0.866025403784));
#1535 = DIRECTION('',(0.,-0.866025403784,-0.5));
#1536 = PCURVE('',#1416,#1537);
#1537 = DEFINITIONAL_REPRESENTATION('',(#1538),#1545);
#1538 = B_SPLINE_CURVE_WITH_KNOTS('',5,(#1539,#1540,#1541,#1542,#1543,
    #1544),.UNSPECIFIED.,.F.,.F.,(6,6),(1.570796326795,1.912868004327),
  .PIECEWISE_BEZIER_KNOTS.);
#1539 = CARTESIAN_POINT('',(0.,-7.154700538379));
#1540 = CARTESIAN_POINT('',(-6.841433550638E-02,-7.707687028674));
#1541 = CARTESIAN_POINT('',(-0.136828671013,-8.260673578424));
#1542 = CARTESIAN_POINT('',(-0.205243006519,-8.808267602515));
#1543 = CARTESIAN_POINT('',(-0.273657342026,-9.345077974591));
#1544 = CARTESIAN_POINT('',(-0.342071677532,-9.866025403784));
#1545 = ( GEOMETRIC_REPRESENTATION_CONTEXT(2) 
PARAMETRIC_REPRESENTATION_CONTEXT() REPRESENTATION_CONTEXT('2D SPACE',''
  ) );
#1546 = PCURVE('',#1547,#1552);
#1547 = PLANE('',#1548);
#1548 = AXIS2_PLACEMENT_3D('',#1549,#1550,#1551);
#1549 = CARTESIAN_POINT('',(202.,-4.830127018922,-44.63397459621));
#1550 = DIRECTION('',(0.,-0.5,0.866025403784));
#1551 = DIRECTION('',(1.,0.,0.));
#1552 = DEFINITIONAL_REPRESENTATION('',(#1553),#1557);
#1553 = ELLIPSE('',#1554,16.16580753731,14.);
#1554 = AXIS2_PLACEMENT_2D('',#1555,#1556);
#1555 = CARTESIAN_POINT('',(-12.,5.57735026919));
#1556 = DIRECTION('',(0.,-1.));
#1557 = ( GEOMETRIC_REPRESENTATION_CONTEXT(2) 
PARAMETRIC_REPRESENTATION_CONTEXT() REPRESENTATION_CONTEXT('2D SPACE',''
  ) );
#1558 = ORIENTED_EDGE('',*,*,#1559,.T.);
#1559 = EDGE_CURVE('',#1528,#1560,#1562,.T.);
#1560 = VERTEX_POINT('',#1561);
#1561 = CARTESIAN_POINT('',(204.,0.,-36.));
#1562 = SEAM_CURVE('',#1563,(#1567,#1574),.PCURVE_S1.);
#1563 = LINE('',#1564,#1565);
#1564 = CARTESIAN_POINT('',(204.,0.,-49.));
#1565 = VECTOR('',#1566,1.);
#1566 = DIRECTION('',(0.,0.,1.));
#1567 = PCURVE('',#1416,#1568);
#1568 = DEFINITIONAL_REPRESENTATION('',(#1569),#1573);
#1569 = LINE('',#1570,#1571);
#1570 = CARTESIAN_POINT('',(-6.28318530718,0.));
#1571 = VECTOR('',#1572,1.);
#1572 = DIRECTION('',(-0.,-1.));
#1573 = ( GEOMETRIC_REPRESENTATION_CONTEXT(2) 
PARAMETRIC_REPRESENTATION_CONTEXT() REPRESENTATION_CONTEXT('2D SPACE',''
  ) );
#1574 = PCURVE('',#1416,#1575);
#1575 = DEFINITIONAL_REPRESENTATION('',(#1576),#1580);
#1576 = LINE('',#1577,#1578);
#1577 = CARTESIAN_POINT('',(-0.,0.));
#1578 = VECTOR('',#1579,1.);
#1579 = DIRECTION('',(-0.,-1.));
#1580 = ( GEOMETRIC_REPRESENTATION_CONTEXT(2) 
PARAMETRIC_REPRESENTATION_CONTEXT() REPRESENTATION_CONTEXT('2D SPACE',''
  ) );
#1581 = ORIENTED_EDGE('',*,*,#1582,.T.);
#1582 = EDGE_CURVE('',#1560,#1560,#1583,.T.);
#1583 = SURFACE_CURVE('',#1584,(#1589,#1596),.PCURVE_S1.);
#1584 = CIRCLE('',#1585,14.);
#1585 = AXIS2_PLACEMENT_3D('',#1586,#1587,#1588);
#1586 = CARTESIAN_POINT('',(190.,0.,-36.));
#1587 = DIRECTION('',(0.,0.,1.));
#1588 = DIRECTION('',(1.,0.,0.));
#1589 = PCURVE('',#1416,#1590);
#1590 = DEFINITIONAL_REPRESENTATION('',(#1591),#1595);
#1591 = LINE('',#1592,#1593);
#1592 = CARTESIAN_POINT('',(-0.,-13.));
#1593 = VECTOR('',#1594,1.);
#1594 = DIRECTION('',(-1.,0.));
#1595 = ( GEOMETRIC_REPRESENTATION_CONTEXT(2) 
PARAMETRIC_REPRESENTATION_CONTEXT() REPRESENTATION_CONTEXT('2D SPACE',''
  ) );
#1596 = PCURVE('',#1597,#1602);
#1597 = PLANE('',#1598);
#1598 = AXIS2_PLACEMENT_3D('',#1599,#1600,#1601);
#1599 = CARTESIAN_POINT('',(190.,9.912868833001E-16,-36.));
#1600 = DIRECTION('',(0.,0.,1.));
#1601 = DIRECTION('',(1.,0.,-0.));
#1602 = DEFINITIONAL_REPRESENTATION('',(#1603),#1607);
#1603 = CIRCLE('',#1604,14.);
#1604 = AXIS2_PLACEMENT_2D('',#1605,#1606);
#1605 = CARTESIAN_POINT('',(0.,-9.912868833001E-16));
#1606 = DIRECTION('',(1.,0.));
#1607 = ( GEOMETRIC_REPRESENTATION_CONTEXT(2) 
PARAMETRIC_REPRESENTATION_CONTEXT() REPRESENTATION_CONTEXT('2D SPACE',''
  ) );
#1608 = ORIENTED_EDGE('',*,*,#1559,.F.);
#1609 = ORIENTED_EDGE('',*,*,#1610,.F.);
#1610 = EDGE_CURVE('',#1611,#1528,#1613,.T.);
#1611 = VERTEX_POINT('',#1612);
#1612 = CARTESIAN_POINT('',(203.14039089909,-4.830127018922,
    -44.63397459621));
#1613 = SURFACE_CURVE('',#1614,(#1619,#1629),.PCURVE_S1.);
#1614 = ELLIPSE('',#1615,16.16580753731,14.);
#1615 = AXIS2_PLACEMENT_3D('',#1616,#1617,#1618);
#1616 = CARTESIAN_POINT('',(190.,0.,-41.84529946162));
#1617 = DIRECTION('',(0.,-0.5,0.866025403784));
#1618 = DIRECTION('',(0.,-0.866025403784,-0.5));
#1619 = PCURVE('',#1416,#1620);
#1620 = DEFINITIONAL_REPRESENTATION('',(#1621),#1628);
#1621 = B_SPLINE_CURVE_WITH_KNOTS('',5,(#1622,#1623,#1624,#1625,#1626,
    #1627),.UNSPECIFIED.,.F.,.F.,(6,6),(1.151773480605,1.570796326795),
  .PIECEWISE_BEZIER_KNOTS.);
#1622 = CARTESIAN_POINT('',(-5.86416246099,-3.866025403784));
#1623 = CARTESIAN_POINT('',(-5.947967030228,-4.484807092543));
#1624 = CARTESIAN_POINT('',(-6.031771599466,-5.132459777674));
#1625 = CARTESIAN_POINT('',(-6.115576168704,-5.799931755928));
#1626 = CARTESIAN_POINT('',(-6.199380737942,-6.477316269856));
#1627 = CARTESIAN_POINT('',(-6.28318530718,-7.154700538379));
#1628 = ( GEOMETRIC_REPRESENTATION_CONTEXT(2) 
PARAMETRIC_REPRESENTATION_CONTEXT() REPRESENTATION_CONTEXT('2D SPACE',''
  ) );
#1629 = PCURVE('',#1547,#1630);
#1630 = DEFINITIONAL_REPRESENTATION('',(#1631),#1635);
#1631 = ELLIPSE('',#1632,16.16580753731,14.);
#1632 = AXIS2_PLACEMENT_2D('',#1633,#1634);
#1633 = CARTESIAN_POINT('',(-12.,5.57735026919));
#1634 = DIRECTION('',(0.,-1.));
#1635 = ( GEOMETRIC_REPRESENTATION_CONTEXT(2) 
PARAMETRIC_REPRESENTATION_CONTEXT() REPRESENTATION_CONTEXT('2D SPACE',''
  ) );
#1636 = ORIENTED_EDGE('',*,*,#1637,.T.);
#1637 = EDGE_CURVE('',#1611,#1638,#1640,.T.);
#1638 = VERTEX_POINT('',#1639);
#1639 = CARTESIAN_POINT('',(203.46588753179,-3.830127018922,
    -46.36602540378));
#1640 = SURFACE_CURVE('',#1641,(#1646,#1656),.PCURVE_S1.);
#1641 = ELLIPSE('',#1642,28.,14.);
#1642 = AXIS2_PLACEMENT_3D('',#1643,#1644,#1645);
#1643 = CARTESIAN_POINT('',(190.,0.,-53.));
#1644 = DIRECTION('',(0.,0.866025403784,0.5));
#1645 = DIRECTION('',(0.,0.5,-0.866025403784));
#1646 = PCURVE('',#1416,#1647);
#1647 = DEFINITIONAL_REPRESENTATION('',(#1648),#1655);
#1648 = B_SPLINE_CURVE_WITH_KNOTS('',5,(#1649,#1650,#1651,#1652,#1653,
    #1654),.UNSPECIFIED.,.F.,.F.,(6,6),(4.352519657551,4.442693803962),
  .PIECEWISE_BEZIER_KNOTS.);
#1649 = CARTESIAN_POINT('',(-5.923315984346,-4.539230484541));
#1650 = CARTESIAN_POINT('',(-5.941350813628,-4.129922676386));
#1651 = CARTESIAN_POINT('',(-5.95938564291,-3.717143083374));
#1652 = CARTESIAN_POINT('',(-5.977420472193,-3.301169057677));
#1653 = CARTESIAN_POINT('',(-5.995455301475,-2.882282660272));
#1654 = CARTESIAN_POINT('',(-6.013490130757,-2.460769515459));
#1655 = ( GEOMETRIC_REPRESENTATION_CONTEXT(2) 
PARAMETRIC_REPRESENTATION_CONTEXT() REPRESENTATION_CONTEXT('2D SPACE',''
  ) );
#1656 = PCURVE('',#1657,#1662);
#1657 = PLANE('',#1658);
#1658 = AXIS2_PLACEMENT_3D('',#1659,#1660,#1661);
#1659 = CARTESIAN_POINT('',(202.,-3.830127018922,-46.36602540378));
#1660 = DIRECTION('',(0.,0.866025403784,0.5));
#1661 = DIRECTION('',(0.,-0.5,0.866025403784));
#1662 = DEFINITIONAL_REPRESENTATION('',(#1663),#1667);
#1663 = ELLIPSE('',#1664,28.,14.);
#1664 = AXIS2_PLACEMENT_2D('',#1665,#1666);
#1665 = CARTESIAN_POINT('',(-7.660254037844,-12.));
#1666 = DIRECTION('',(-1.,0.));
#1667 = ( GEOMETRIC_REPRESENTATION_CONTEXT(2) 
PARAMETRIC_REPRESENTATION_CONTEXT() REPRESENTATION_CONTEXT('2D SPACE',''
  ) );
#1668 = ORIENTED_EDGE('',*,*,#1669,.T.);
#1669 = EDGE_CURVE('',#1638,#1441,#1670,.T.);
#1670 = SURFACE_CURVE('',#1671,(#1676,#1686),.PCURVE_S1.);
#1671 = ELLIPSE('',#1672,16.16580753731,14.);
#1672 = AXIS2_PLACEMENT_3D('',#1673,#1674,#1675);
#1673 = CARTESIAN_POINT('',(190.,0.,-44.15470053837));
#1674 = DIRECTION('',(0.,-0.5,0.866025403784));
#1675 = DIRECTION('',(0.,-0.866025403784,-0.5));
#1676 = PCURVE('',#1416,#1677);
#1677 = DEFINITIONAL_REPRESENTATION('',(#1678),#1685);
#1678 = B_SPLINE_CURVE_WITH_KNOTS('',5,(#1679,#1680,#1681,#1682,#1683,
    #1684),.UNSPECIFIED.,.F.,.F.,(6,6),(1.228724649263,1.570796326795),
  .PIECEWISE_BEZIER_KNOTS.);
#1679 = CARTESIAN_POINT('',(-5.941113629648,-2.133974596216));
#1680 = CARTESIAN_POINT('',(-6.009527965154,-2.654922025409));
#1681 = CARTESIAN_POINT('',(-6.07794230066,-3.191732397485));
#1682 = CARTESIAN_POINT('',(-6.146356636167,-3.739326421576));
#1683 = CARTESIAN_POINT('',(-6.214770971673,-4.292312971326));
#1684 = CARTESIAN_POINT('',(-6.28318530718,-4.845299461621));
#1685 = ( GEOMETRIC_REPRESENTATION_CONTEXT(2) 
PARAMETRIC_REPRESENTATION_CONTEXT() REPRESENTATION_CONTEXT('2D SPACE',''
  ) );
#1686 = PCURVE('',#1483,#1687);
#1687 = DEFINITIONAL_REPRESENTATION('',(#1688),#1692);
#1688 = ELLIPSE('',#1689,16.16580753731,14.);
#1689 = AXIS2_PLACEMENT_2D('',#1690,#1691);
#1690 = CARTESIAN_POINT('',(-12.,4.42264973081));
#1691 = DIRECTION('',(0.,-1.));
#1692 = ( GEOMETRIC_REPRESENTATION_CONTEXT(2) 
PARAMETRIC_REPRESENTATION_CONTEXT() REPRESENTATION_CONTEXT('2D SPACE',''
  ) );
#1693 = ORIENTED_EDGE('',*,*,#1440,.F.);
#1694 = FACE_BOUND('',#1695,.F.);
#1695 = EDGE_LOOP('',(#1696,#1731,#1763,#1796));
#1696 = ORIENTED_EDGE('',*,*,#1697,.F.);
#1697 = EDGE_CURVE('',#1698,#1700,#1702,.T.);
#1698 = VERTEX_POINT('',#1699);
#1699 = CARTESIAN_POINT('',(180.25663045922,10.05319600883,
    -44.63397459621));
#1700 = VERTEX_POINT('',#1701);
#1701 = CARTESIAN_POINT('',(176.20582472291,2.39180442867,
    -39.63397459621));
#1702 = SURFACE_CURVE('',#1703,(#1708,#1719),.PCURVE_S1.);
#1703 = ELLIPSE('',#1704,16.16580753731,14.);
#1704 = AXIS2_PLACEMENT_3D('',#1705,#1706,#1707);
#1705 = CARTESIAN_POINT('',(190.,0.,-41.84529946162));
#1706 = DIRECTION('',(0.216941869559,0.450484433951,0.866025403784));
#1707 = DIRECTION('',(0.375754340365,0.780261927622,-0.5));
#1708 = PCURVE('',#1416,#1709);
#1709 = DEFINITIONAL_REPRESENTATION('',(#1710),#1718);
#1710 = B_SPLINE_CURVE_WITH_KNOTS('',6,(#1711,#1712,#1713,#1714,#1715,
    #1716,#1717),.UNSPECIFIED.,.F.,.F.,(7,7),(1.151773480605,
    1.912868004327),.PIECEWISE_BEZIER_KNOTS.);
#1711 = CARTESIAN_POINT('',(-2.273770856887,-3.866025403784));
#1712 = CARTESIAN_POINT('',(-2.400619944174,-4.802631762635));
#1713 = CARTESIAN_POINT('',(-2.527469031461,-5.802737224434));
#1714 = CARTESIAN_POINT('',(-2.654318118748,-6.839224586997));
#1715 = CARTESIAN_POINT('',(-2.781167206035,-7.881865513947));
#1716 = CARTESIAN_POINT('',(-2.908016293322,-8.900121029671));
#1717 = CARTESIAN_POINT('',(-3.034865380609,-9.866025403784));
#1718 = ( GEOMETRIC_REPRESENTATION_CONTEXT(2) 
PARAMETRIC_REPRESENTATION_CONTEXT() REPRESENTATION_CONTEXT('2D SPACE',''
  ) );
#1719 = PCURVE('',#1720,#1725);
#1720 = PLANE('',#1721);
#1721 = AXIS2_PLACEMENT_3D('',#1722,#1723,#1724);
#1722 = CARTESIAN_POINT('',(181.28408715655,9.558398941474,
    -44.63397459621));
#1723 = DIRECTION('',(0.216941869559,0.450484433951,0.866025403784));
#1724 = DIRECTION('',(-0.900968867902,0.433883739118,0.));
#1725 = DEFINITIONAL_REPRESENTATION('',(#1726),#1730);
#1726 = ELLIPSE('',#1727,16.16580753731,14.);
#1727 = AXIS2_PLACEMENT_2D('',#1728,#1729);
#1728 = CARTESIAN_POINT('',(-12.,5.57735026919));
#1729 = DIRECTION('',(0.,-1.));
#1730 = ( GEOMETRIC_REPRESENTATION_CONTEXT(2) 
PARAMETRIC_REPRESENTATION_CONTEXT() REPRESENTATION_CONTEXT('2D SPACE',''
  ) );
#1731 = ORIENTED_EDGE('',*,*,#1732,.T.);
#1732 = EDGE_CURVE('',#1698,#1733,#1735,.T.);
#1733 = VERTEX_POINT('',#1734);
#1734 = CARTESIAN_POINT('',(179.52948438744,9.293454836992,
    -46.36602540378));
#1735 = SURFACE_CURVE('',#1736,(#1741,#1751),.PCURVE_S1.);
#1736 = ELLIPSE('',#1737,28.,14.);
#1737 = AXIS2_PLACEMENT_3D('',#1738,#1739,#1740);
#1738 = CARTESIAN_POINT('',(190.,0.,-53.));
#1739 = DIRECTION('',(-0.375754340365,-0.780261927622,0.5));
#1740 = DIRECTION('',(-0.216941869559,-0.450484433951,-0.866025403784));
#1741 = PCURVE('',#1416,#1742);
#1742 = DEFINITIONAL_REPRESENTATION('',(#1743),#1750);
#1743 = B_SPLINE_CURVE_WITH_KNOTS('',5,(#1744,#1745,#1746,#1747,#1748,
    #1749),.UNSPECIFIED.,.F.,.F.,(6,6),(4.352519657551,4.442693803962),
  .PIECEWISE_BEZIER_KNOTS.);
#1744 = CARTESIAN_POINT('',(-2.332924380243,-4.539230484541));
#1745 = CARTESIAN_POINT('',(-2.350959209525,-4.129922676386));
#1746 = CARTESIAN_POINT('',(-2.368994038808,-3.717143083374));
#1747 = CARTESIAN_POINT('',(-2.38702886809,-3.301169057677));
#1748 = CARTESIAN_POINT('',(-2.405063697372,-2.882282660272));
#1749 = CARTESIAN_POINT('',(-2.423098526655,-2.460769515459));
#1750 = ( GEOMETRIC_REPRESENTATION_CONTEXT(2) 
PARAMETRIC_REPRESENTATION_CONTEXT() REPRESENTATION_CONTEXT('2D SPACE',''
  ) );
#1751 = PCURVE('',#1752,#1757);
#1752 = PLANE('',#1753);
#1753 = AXIS2_PLACEMENT_3D('',#1754,#1755,#1756);
#1754 = CARTESIAN_POINT('',(180.85020341743,8.657430073571,
    -46.36602540378));
#1755 = DIRECTION('',(-0.375754340365,-0.780261927622,0.5));
#1756 = DIRECTION('',(0.216941869559,0.450484433951,0.866025403784));
#1757 = DEFINITIONAL_REPRESENTATION('',(#1758),#1762);
#1758 = ELLIPSE('',#1759,28.,14.);
#1759 = AXIS2_PLACEMENT_2D('',#1760,#1761);
#1760 = CARTESIAN_POINT('',(-7.660254037844,-12.));
#1761 = DIRECTION('',(-1.,0.));
#1762 = ( GEOMETRIC_REPRESENTATION_CONTEXT(2) 
PARAMETRIC_REPRESENTATION_CONTEXT() REPRESENTATION_CONTEXT('2D SPACE',''
  ) );
#1763 = ORIENTED_EDGE('',*,*,#1764,.T.);
#1764 = EDGE_CURVE('',#1733,#1765,#1767,.T.);
#1765 = VERTEX_POINT('',#1766);
#1766 = CARTESIAN_POINT('',(176.06520331646,1.349607864703,
    -41.36602540378));
#1767 = SURFACE_CURVE('',#1768,(#1773,#1784),.PCURVE_S1.);
#1768 = ELLIPSE('',#1769,16.16580753731,14.);
#1769 = AXIS2_PLACEMENT_3D('',#1770,#1771,#1772);
#1770 = CARTESIAN_POINT('',(190.,0.,-44.15470053837));
#1771 = DIRECTION('',(0.216941869559,0.450484433951,0.866025403784));
#1772 = DIRECTION('',(0.375754340365,0.780261927622,-0.5));
#1773 = PCURVE('',#1416,#1774);
#1774 = DEFINITIONAL_REPRESENTATION('',(#1775),#1783);
#1775 = B_SPLINE_CURVE_WITH_KNOTS('',6,(#1776,#1777,#1778,#1779,#1780,
    #1781,#1782),.UNSPECIFIED.,.F.,.F.,(7,7),(1.228724649263,
    1.989819172984),.PIECEWISE_BEZIER_KNOTS.);
#1776 = CARTESIAN_POINT('',(-2.350722025545,-2.133974596215));
#1777 = CARTESIAN_POINT('',(-2.477571112832,-3.099878970329));
#1778 = CARTESIAN_POINT('',(-2.604420200119,-4.118134486053));
#1779 = CARTESIAN_POINT('',(-2.731269287406,-5.160775413002));
#1780 = CARTESIAN_POINT('',(-2.858118374693,-6.197262775566));
#1781 = CARTESIAN_POINT('',(-2.98496746198,-7.197368237365));
#1782 = CARTESIAN_POINT('',(-3.111816549266,-8.133974596216));
#1783 = ( GEOMETRIC_REPRESENTATION_CONTEXT(2) 
PARAMETRIC_REPRESENTATION_CONTEXT() REPRESENTATION_CONTEXT('2D SPACE',''
  ) );
#1784 = PCURVE('',#1785,#1790);
#1785 = PLANE('',#1786);
#1786 = AXIS2_PLACEMENT_3D('',#1787,#1788,#1789);
#1787 = CARTESIAN_POINT('',(180.85020341743,8.657430073571,
    -46.36602540378));
#1788 = DIRECTION('',(0.216941869559,0.450484433951,0.866025403784));
#1789 = DIRECTION('',(-0.900968867902,0.433883739118,0.));
#1790 = DEFINITIONAL_REPRESENTATION('',(#1791),#1795);
#1791 = ELLIPSE('',#1792,16.16580753731,14.);
#1792 = AXIS2_PLACEMENT_2D('',#1793,#1794);
#1793 = CARTESIAN_POINT('',(-12.,4.42264973081));
#1794 = DIRECTION('',(0.,-1.));
#1795 = ( GEOMETRIC_REPRESENTATION_CONTEXT(2) 
PARAMETRIC_REPRESENTATION_CONTEXT() REPRESENTATION_CONTEXT('2D SPACE',''
  ) );
#1796 = ORIENTED_EDGE('',*,*,#1797,.F.);
#1797 = EDGE_CURVE('',#1700,#1765,#1798,.T.);
#1798 = SURFACE_CURVE('',#1799,(#1804,#1814),.PCURVE_S1.);
#1799 = ELLIPSE('',#1800,28.,14.);
#1800 = AXIS2_PLACEMENT_3D('',#1801,#1802,#1803);
#1801 = CARTESIAN_POINT('',(190.,0.,-33.));
#1802 = DIRECTION('',(-0.375754340365,-0.780261927622,0.5));
#1803 = DIRECTION('',(-0.216941869559,-0.450484433951,-0.866025403784));
#1804 = PCURVE('',#1416,#1805);
#1805 = DEFINITIONAL_REPRESENTATION('',(#1806),#1813);
#1806 = B_SPLINE_CURVE_WITH_KNOTS('',5,(#1807,#1808,#1809,#1810,#1811,
    #1812),.UNSPECIFIED.,.F.,.F.,(6,6),(4.982084156807,5.072258303219),
  .PIECEWISE_BEZIER_KNOTS.);
#1807 = CARTESIAN_POINT('',(-2.962488879499,-9.539230484541));
#1808 = CARTESIAN_POINT('',(-2.980523708782,-9.117717339728));
#1809 = CARTESIAN_POINT('',(-2.998558538064,-8.698830942323));
#1810 = CARTESIAN_POINT('',(-3.016593367346,-8.282856916626));
#1811 = CARTESIAN_POINT('',(-3.034628196629,-7.870077323614));
#1812 = CARTESIAN_POINT('',(-3.052663025911,-7.460769515459));
#1813 = ( GEOMETRIC_REPRESENTATION_CONTEXT(2) 
PARAMETRIC_REPRESENTATION_CONTEXT() REPRESENTATION_CONTEXT('2D SPACE',''
  ) );
#1814 = PCURVE('',#1815,#1820);
#1815 = PLANE('',#1816);
#1816 = AXIS2_PLACEMENT_3D('',#1817,#1818,#1819);
#1817 = CARTESIAN_POINT('',(177.09266001378,0.854810797347,
    -41.36602540378));
#1818 = DIRECTION('',(-0.375754340365,-0.780261927622,0.5));
#1819 = DIRECTION('',(0.216941869559,0.450484433951,0.866025403784));
#1820 = DEFINITIONAL_REPRESENTATION('',(#1821),#1825);
#1821 = ELLIPSE('',#1822,28.,14.);
#1822 = AXIS2_PLACEMENT_2D('',#1823,#1824);
#1823 = CARTESIAN_POINT('',(9.660254037844,-12.));
#1824 = DIRECTION('',(-1.,0.));
#1825 = ( GEOMETRIC_REPRESENTATION_CONTEXT(2) 
PARAMETRIC_REPRESENTATION_CONTEXT() REPRESENTATION_CONTEXT('2D SPACE',''
  ) );
#1826 = FACE_BOUND('',#1827,.F.);
#1827 = EDGE_LOOP('',(#1828,#1863,#1895,#1928));
#1828 = ORIENTED_EDGE('',*,*,#1829,.F.);
#1829 = EDGE_CURVE('',#1830,#1832,#1834,.T.);
#1830 = VERTEX_POINT('',#1831);
#1831 = CARTESIAN_POINT('',(194.41655435031,-13.28510623483,
    -44.63397459621));
#1832 = VERTEX_POINT('',#1833);
#1833 = CARTESIAN_POINT('',(201.39035743429,-8.140009675608,
    -39.63397459621));
#1834 = SURFACE_CURVE('',#1835,(#1840,#1851),.PCURVE_S1.);
#1835 = ELLIPSE('',#1836,16.16580753731,14.);
#1836 = AXIS2_PLACEMENT_3D('',#1837,#1838,#1839);
#1837 = CARTESIAN_POINT('',(190.,0.,-41.84529946162));
#1838 = DIRECTION('',(-0.390915741234,-0.311744900929,0.866025403784));
#1839 = DIRECTION('',(-0.677085925296,-0.53995800741,-0.5));
#1840 = PCURVE('',#1416,#1841);
#1841 = DEFINITIONAL_REPRESENTATION('',(#1842),#1850);
#1842 = B_SPLINE_CURVE_WITH_KNOTS('',6,(#1843,#1844,#1845,#1846,#1847,
    #1848,#1849),.UNSPECIFIED.,.F.,.F.,(7,7),(1.151773480605,
    1.912868004327),.PIECEWISE_BEZIER_KNOTS.);
#1843 = CARTESIAN_POINT('',(-4.966564559964,-3.866025403784));
#1844 = CARTESIAN_POINT('',(-5.093413647251,-4.802631762635));
#1845 = CARTESIAN_POINT('',(-5.220262734538,-5.802737224434));
#1846 = CARTESIAN_POINT('',(-5.347111821825,-6.839224586997));
#1847 = CARTESIAN_POINT('',(-5.473960909112,-7.881865513947));
#1848 = CARTESIAN_POINT('',(-5.600809996399,-8.900121029671));
#1849 = CARTESIAN_POINT('',(-5.727659083686,-9.866025403784));
#1850 = ( GEOMETRIC_REPRESENTATION_CONTEXT(2) 
PARAMETRIC_REPRESENTATION_CONTEXT() REPRESENTATION_CONTEXT('2D SPACE',''
  ) );
#1851 = PCURVE('',#1852,#1857);
#1852 = PLANE('',#1853);
#1853 = AXIS2_PLACEMENT_3D('',#1854,#1855,#1856);
#1854 = CARTESIAN_POINT('',(193.70553225459,-12.39351272759,
    -44.63397459621));
#1855 = DIRECTION('',(-0.390915741234,-0.311744900929,0.866025403784));
#1856 = DIRECTION('',(0.623489801859,-0.781831482468,0.));
#1857 = DEFINITIONAL_REPRESENTATION('',(#1858),#1862);
#1858 = ELLIPSE('',#1859,16.16580753731,14.);
#1859 = AXIS2_PLACEMENT_2D('',#1860,#1861);
#1860 = CARTESIAN_POINT('',(-12.,5.57735026919));
#1861 = DIRECTION('',(0.,-1.));
#1862 = ( GEOMETRIC_REPRESENTATION_CONTEXT(2) 
PARAMETRIC_REPRESENTATION_CONTEXT() REPRESENTATION_CONTEXT('2D SPACE',''
  ) );
#1863 = ORIENTED_EDGE('',*,*,#1864,.T.);
#1864 = EDGE_CURVE('',#1830,#1865,#1867,.T.);
#1865 = VERTEX_POINT('',#1866);
#1866 = CARTESIAN_POINT('',(195.4013296638,-12.91609994785,
    -46.36602540378));
#1867 = SURFACE_CURVE('',#1868,(#1873,#1883),.PCURVE_S1.);
#1868 = ELLIPSE('',#1869,28.,14.);
#1869 = AXIS2_PLACEMENT_3D('',#1870,#1871,#1872);
#1870 = CARTESIAN_POINT('',(190.,0.,-53.));
#1871 = DIRECTION('',(0.677085925296,0.53995800741,0.5));
#1872 = DIRECTION('',(0.390915741234,0.311744900929,-0.866025403784));
#1873 = PCURVE('',#1416,#1874);
#1874 = DEFINITIONAL_REPRESENTATION('',(#1875),#1882);
#1875 = B_SPLINE_CURVE_WITH_KNOTS('',5,(#1876,#1877,#1878,#1879,#1880,
    #1881),.UNSPECIFIED.,.F.,.F.,(6,6),(4.352519657551,4.442693803962),
  .PIECEWISE_BEZIER_KNOTS.);
#1876 = CARTESIAN_POINT('',(-5.02571808332,-4.539230484541));
#1877 = CARTESIAN_POINT('',(-5.043752912602,-4.129922676386));
#1878 = CARTESIAN_POINT('',(-5.061787741885,-3.717143083374));
#1879 = CARTESIAN_POINT('',(-5.079822571167,-3.301169057677));
#1880 = CARTESIAN_POINT('',(-5.097857400449,-2.882282660272));
#1881 = CARTESIAN_POINT('',(-5.115892229732,-2.460769515458));
#1882 = ( GEOMETRIC_REPRESENTATION_CONTEXT(2) 
PARAMETRIC_REPRESENTATION_CONTEXT() REPRESENTATION_CONTEXT('2D SPACE',''
  ) );
#1883 = PCURVE('',#1884,#1889);
#1884 = PLANE('',#1885);
#1885 = AXIS2_PLACEMENT_3D('',#1886,#1887,#1888);
#1886 = CARTESIAN_POINT('',(194.48736373706,-11.77002292573,
    -46.36602540378));
#1887 = DIRECTION('',(0.677085925296,0.53995800741,0.5));
#1888 = DIRECTION('',(-0.390915741234,-0.311744900929,0.866025403784));
#1889 = DEFINITIONAL_REPRESENTATION('',(#1890),#1894);
#1890 = ELLIPSE('',#1891,28.,14.);
#1891 = AXIS2_PLACEMENT_2D('',#1892,#1893);
#1892 = CARTESIAN_POINT('',(-7.660254037844,-12.));
#1893 = DIRECTION('',(-1.,0.));
#1894 = ( GEOMETRIC_REPRESENTATION_CONTEXT(2) 
PARAMETRIC_REPRESENTATION_CONTEXT() REPRESENTATION_CONTEXT('2D SPACE',''
  ) );
#1895 = ORIENTED_EDGE('',*,*,#1896,.T.);
#1896 = EDGE_CURVE('',#1865,#1897,#1899,.T.);
#1897 = VERTEX_POINT('',#1898);
#1898 = CARTESIAN_POINT('',(201.96924508573,-7.26203635887,
    -41.36602540378));
#1899 = SURFACE_CURVE('',#1900,(#1905,#1916),.PCURVE_S1.);
#1900 = ELLIPSE('',#1901,16.16580753731,14.);
#1901 = AXIS2_PLACEMENT_3D('',#1902,#1903,#1904);
#1902 = CARTESIAN_POINT('',(190.,0.,-44.15470053837));
#1903 = DIRECTION('',(-0.390915741234,-0.311744900929,0.866025403784));
#1904 = DIRECTION('',(-0.677085925296,-0.53995800741,-0.5));
#1905 = PCURVE('',#1416,#1906);
#1906 = DEFINITIONAL_REPRESENTATION('',(#1907),#1915);
#1907 = B_SPLINE_CURVE_WITH_KNOTS('',6,(#1908,#1909,#1910,#1911,#1912,
    #1913,#1914),.UNSPECIFIED.,.F.,.F.,(7,7),(1.228724649263,
    1.989819172984),.PIECEWISE_BEZIER_KNOTS.);
#1908 = CARTESIAN_POINT('',(-5.043515728622,-2.133974596216));
#1909 = CARTESIAN_POINT('',(-5.170364815909,-3.099878970329));
#1910 = CARTESIAN_POINT('',(-5.297213903196,-4.118134486054));
#1911 = CARTESIAN_POINT('',(-5.424062990483,-5.160775413002));
#1912 = CARTESIAN_POINT('',(-5.55091207777,-6.197262775566));
#1913 = CARTESIAN_POINT('',(-5.677761165057,-7.197368237365));
#1914 = CARTESIAN_POINT('',(-5.804610252343,-8.133974596215));
#1915 = ( GEOMETRIC_REPRESENTATION_CONTEXT(2) 
PARAMETRIC_REPRESENTATION_CONTEXT() REPRESENTATION_CONTEXT('2D SPACE',''
  ) );
#1916 = PCURVE('',#1917,#1922);
#1917 = PLANE('',#1918);
#1918 = AXIS2_PLACEMENT_3D('',#1919,#1920,#1921);
#1919 = CARTESIAN_POINT('',(194.48736373706,-11.77002292573,
    -46.36602540378));
#1920 = DIRECTION('',(-0.390915741234,-0.311744900929,0.866025403784));
#1921 = DIRECTION('',(0.623489801859,-0.781831482468,0.));
#1922 = DEFINITIONAL_REPRESENTATION('',(#1923),#1927);
#1923 = ELLIPSE('',#1924,16.16580753731,14.);
#1924 = AXIS2_PLACEMENT_2D('',#1925,#1926);
#1925 = CARTESIAN_POINT('',(-12.,4.42264973081));
#1926 = DIRECTION('',(0.,-1.));
#1927 = ( GEOMETRIC_REPRESENTATION_CONTEXT(2) 
PARAMETRIC_REPRESENTATION_CONTEXT() REPRESENTATION_CONTEXT('2D SPACE',''
  ) );
#1928 = ORIENTED_EDGE('',*,*,#1929,.F.);
#1929 = EDGE_CURVE('',#1832,#1897,#1930,.T.);
#1930 = SURFACE_CURVE('',#1931,(#1936,#1946),.PCURVE_S1.);
#1931 = ELLIPSE('',#1932,28.,14.);
#1932 = AXIS2_PLACEMENT_3D('',#1933,#1934,#1935);
#1933 = CARTESIAN_POINT('',(190.,0.,-33.));
#1934 = DIRECTION('',(0.677085925296,0.53995800741,0.5));
#1935 = DIRECTION('',(0.390915741234,0.311744900929,-0.866025403784));
#1936 = PCURVE('',#1416,#1937);
#1937 = DEFINITIONAL_REPRESENTATION('',(#1938),#1945);
#1938 = B_SPLINE_CURVE_WITH_KNOTS('',5,(#1939,#1940,#1941,#1942,#1943,
    #1944),.UNSPECIFIED.,.F.,.F.,(6,6),(4.982084156807,5.072258303219),
  .PIECEWISE_BEZIER_KNOTS.);
#1939 = CARTESIAN_POINT('',(-5.655282582576,-9.539230484541));
#1940 = CARTESIAN_POINT('',(-5.673317411859,-9.117717339728));
#1941 = CARTESIAN_POINT('',(-5.691352241141,-8.698830942322));
#1942 = CARTESIAN_POINT('',(-5.709387070423,-8.282856916626));
#1943 = CARTESIAN_POINT('',(-5.727421899706,-7.870077323614));
#1944 = CARTESIAN_POINT('',(-5.745456728988,-7.460769515459));
#1945 = ( GEOMETRIC_REPRESENTATION_CONTEXT(2) 
PARAMETRIC_REPRESENTATION_CONTEXT() REPRESENTATION_CONTEXT('2D SPACE',''
  ) );
#1946 = PCURVE('',#1947,#1952);
#1947 = PLANE('',#1948);
#1948 = AXIS2_PLACEMENT_3D('',#1949,#1950,#1951);
#1949 = CARTESIAN_POINT('',(201.25822299001,-6.370442851636,
    -41.36602540378));
#1950 = DIRECTION('',(0.677085925296,0.53995800741,0.5));
#1951 = DIRECTION('',(-0.390915741234,-0.311744900929,0.866025403784));
#1952 = DEFINITIONAL_REPRESENTATION('',(#1953),#1957);
#1953 = ELLIPSE('',#1954,28.,14.);
#1954 = AXIS2_PLACEMENT_2D('',#1955,#1956);
#1955 = CARTESIAN_POINT('',(9.660254037844,-12.));
#1956 = DIRECTION('',(-1.,0.));
#1957 = ( GEOMETRIC_REPRESENTATION_CONTEXT(2) 
PARAMETRIC_REPRESENTATION_CONTEXT() REPRESENTATION_CONTEXT('2D SPACE',''
  ) );
#1958 = FACE_BOUND('',#1959,.F.);
#1959 = EDGE_LOOP('',(#1960,#1995,#2027,#2060));
#1960 = ORIENTED_EDGE('',*,*,#1961,.F.);
#1961 = EDGE_CURVE('',#1962,#1964,#1966,.T.);
#1962 = VERTEX_POINT('',#1963);
#1963 = CARTESIAN_POINT('',(201.96924508573,7.26203635887,
    -44.63397459621));
#1964 = VERTEX_POINT('',#1965);
#1965 = CARTESIAN_POINT('',(195.4013296638,12.916099947852,
    -39.63397459621));
#1966 = SURFACE_CURVE('',#1967,(#1972,#1983),.PCURVE_S1.);
#1967 = ELLIPSE('',#1968,16.16580753731,14.);
#1968 = AXIS2_PLACEMENT_3D('',#1969,#1970,#1971);
#1969 = CARTESIAN_POINT('',(190.,0.,-41.84529946162));
#1970 = DIRECTION('',(0.390915741234,-0.311744900929,0.866025403784));
#1971 = DIRECTION('',(0.677085925296,-0.53995800741,-0.5));
#1972 = PCURVE('',#1416,#1973);
#1973 = DEFINITIONAL_REPRESENTATION('',(#1974),#1982);
#1974 = B_SPLINE_CURVE_WITH_KNOTS('',6,(#1975,#1976,#1977,#1978,#1979,
    #1980,#1981),.UNSPECIFIED.,.F.,.F.,(7,7),(1.151773480605,
    1.912868004327),.PIECEWISE_BEZIER_KNOTS.);
#1975 = CARTESIAN_POINT('',(-0.478575054836,-3.866025403785));
#1976 = CARTESIAN_POINT('',(-0.605424142123,-4.802631762635));
#1977 = CARTESIAN_POINT('',(-0.73227322941,-5.802737224434));
#1978 = CARTESIAN_POINT('',(-0.859122316697,-6.839224586997));
#1979 = CARTESIAN_POINT('',(-0.985971403984,-7.881865513947));
#1980 = CARTESIAN_POINT('',(-1.112820491271,-8.900121029671));
#1981 = CARTESIAN_POINT('',(-1.239669578558,-9.866025403784));
#1982 = ( GEOMETRIC_REPRESENTATION_CONTEXT(2) 
PARAMETRIC_REPRESENTATION_CONTEXT() REPRESENTATION_CONTEXT('2D SPACE',''
  ) );
#1983 = PCURVE('',#1984,#1989);
#1984 = PLANE('',#1985);
#1985 = AXIS2_PLACEMENT_3D('',#1986,#1987,#1988);
#1986 = CARTESIAN_POINT('',(201.25822299001,6.370442851636,
    -44.63397459621));
#1987 = DIRECTION('',(0.390915741234,-0.311744900929,0.866025403784));
#1988 = DIRECTION('',(0.623489801859,0.781831482468,0.));
#1989 = DEFINITIONAL_REPRESENTATION('',(#1990),#1994);
#1990 = ELLIPSE('',#1991,16.16580753731,14.);
#1991 = AXIS2_PLACEMENT_2D('',#1992,#1993);
#1992 = CARTESIAN_POINT('',(-12.,5.57735026919));
#1993 = DIRECTION('',(5.551115123126E-17,-1.));
#1994 = ( GEOMETRIC_REPRESENTATION_CONTEXT(2) 
PARAMETRIC_REPRESENTATION_CONTEXT() REPRESENTATION_CONTEXT('2D SPACE',''
  ) );
#1995 = ORIENTED_EDGE('',*,*,#1996,.T.);
#1996 = EDGE_CURVE('',#1962,#1997,#1999,.T.);
#1997 = VERTEX_POINT('',#1998);
#1998 = CARTESIAN_POINT('',(201.39035743429,8.140009675608,
    -46.36602540378));
#1999 = SURFACE_CURVE('',#2000,(#2005,#2015),.PCURVE_S1.);
#2000 = ELLIPSE('',#2001,28.,14.);
#2001 = AXIS2_PLACEMENT_3D('',#2002,#2003,#2004);
#2002 = CARTESIAN_POINT('',(190.,0.,-53.));
#2003 = DIRECTION('',(-0.677085925296,0.53995800741,0.5));
#2004 = DIRECTION('',(-0.390915741234,0.311744900929,-0.866025403784));
#2005 = PCURVE('',#1416,#2006);
#2006 = DEFINITIONAL_REPRESENTATION('',(#2007),#2014);
#2007 = B_SPLINE_CURVE_WITH_KNOTS('',5,(#2008,#2009,#2010,#2011,#2012,
    #2013),.UNSPECIFIED.,.F.,.F.,(6,6),(4.352519657551,4.442693803962),
  .PIECEWISE_BEZIER_KNOTS.);
#2008 = CARTESIAN_POINT('',(-0.537728578192,-4.539230484541));
#2009 = CARTESIAN_POINT('',(-0.555763407474,-4.129922676386));
#2010 = CARTESIAN_POINT('',(-0.573798236756,-3.717143083374));
#2011 = CARTESIAN_POINT('',(-0.591833066039,-3.301169057678));
#2012 = CARTESIAN_POINT('',(-0.609867895321,-2.882282660272));
#2013 = CARTESIAN_POINT('',(-0.627902724603,-2.460769515459));
#2014 = ( GEOMETRIC_REPRESENTATION_CONTEXT(2) 
PARAMETRIC_REPRESENTATION_CONTEXT() REPRESENTATION_CONTEXT('2D SPACE',''
  ) );
#2015 = PCURVE('',#2016,#2021);
#2016 = PLANE('',#2017);
#2017 = AXIS2_PLACEMENT_3D('',#2018,#2019,#2020);
#2018 = CARTESIAN_POINT('',(200.47639150755,6.993932653495,
    -46.36602540378));
#2019 = DIRECTION('',(-0.677085925296,0.53995800741,0.5));
#2020 = DIRECTION('',(0.390915741234,-0.311744900929,0.866025403784));
#2021 = DEFINITIONAL_REPRESENTATION('',(#2022),#2026);
#2022 = ELLIPSE('',#2023,28.,14.);
#2023 = AXIS2_PLACEMENT_2D('',#2024,#2025);
#2024 = CARTESIAN_POINT('',(-7.660254037844,-12.));
#2025 = DIRECTION('',(-1.,0.));
#2026 = ( GEOMETRIC_REPRESENTATION_CONTEXT(2) 
PARAMETRIC_REPRESENTATION_CONTEXT() REPRESENTATION_CONTEXT('2D SPACE',''
  ) );
#2027 = ORIENTED_EDGE('',*,*,#2028,.T.);
#2028 = EDGE_CURVE('',#1997,#2029,#2031,.T.);
#2029 = VERTEX_POINT('',#2030);
#2030 = CARTESIAN_POINT('',(194.41655435031,13.285106234831,
    -41.36602540378));
#2031 = SURFACE_CURVE('',#2032,(#2037,#2048),.PCURVE_S1.);
#2032 = ELLIPSE('',#2033,16.16580753731,14.);
#2033 = AXIS2_PLACEMENT_3D('',#2034,#2035,#2036);
#2034 = CARTESIAN_POINT('',(190.,0.,-44.15470053837));
#2035 = DIRECTION('',(0.390915741234,-0.311744900929,0.866025403784));
#2036 = DIRECTION('',(0.677085925296,-0.53995800741,-0.5));
#2037 = PCURVE('',#1416,#2038);
#2038 = DEFINITIONAL_REPRESENTATION('',(#2039),#2047);
#2039 = B_SPLINE_CURVE_WITH_KNOTS('',6,(#2040,#2041,#2042,#2043,#2044,
    #2045,#2046),.UNSPECIFIED.,.F.,.F.,(7,7),(1.228724649263,
    1.989819172984),.PIECEWISE_BEZIER_KNOTS.);
#2040 = CARTESIAN_POINT('',(-0.555526223494,-2.133974596215));
#2041 = CARTESIAN_POINT('',(-0.682375310781,-3.099878970329));
#2042 = CARTESIAN_POINT('',(-0.809224398068,-4.118134486053));
#2043 = CARTESIAN_POINT('',(-0.936073485354,-5.160775413002));
#2044 = CARTESIAN_POINT('',(-1.062922572641,-6.197262775566));
#2045 = CARTESIAN_POINT('',(-1.189771659928,-7.197368237365));
#2046 = CARTESIAN_POINT('',(-1.316620747215,-8.133974596216));
#2047 = ( GEOMETRIC_REPRESENTATION_CONTEXT(2) 
PARAMETRIC_REPRESENTATION_CONTEXT() REPRESENTATION_CONTEXT('2D SPACE',''
  ) );
#2048 = PCURVE('',#2049,#2054);
#2049 = PLANE('',#2050);
#2050 = AXIS2_PLACEMENT_3D('',#2051,#2052,#2053);
#2051 = CARTESIAN_POINT('',(200.47639150755,6.993932653495,
    -46.36602540378));
#2052 = DIRECTION('',(0.390915741234,-0.311744900929,0.866025403784));
#2053 = DIRECTION('',(0.623489801859,0.781831482468,0.));
#2054 = DEFINITIONAL_REPRESENTATION('',(#2055),#2059);
#2055 = ELLIPSE('',#2056,16.16580753731,14.);
#2056 = AXIS2_PLACEMENT_2D('',#2057,#2058);
#2057 = CARTESIAN_POINT('',(-12.,4.42264973081));
#2058 = DIRECTION('',(5.551115123126E-17,-1.));
#2059 = ( GEOMETRIC_REPRESENTATION_CONTEXT(2) 
PARAMETRIC_REPRESENTATION_CONTEXT() REPRESENTATION_CONTEXT('2D SPACE',''
  ) );
#2060 = ORIENTED_EDGE('',*,*,#2061,.F.);
#2061 = EDGE_CURVE('',#1964,#2029,#2062,.T.);
#2062 = SURFACE_CURVE('',#2063,(#2068,#2078),.PCURVE_S1.);
#2063 = ELLIPSE('',#2064,28.,14.);
#2064 = AXIS2_PLACEMENT_3D('',#2065,#2066,#2067);
#2065 = CARTESIAN_POINT('',(190.,0.,-33.));
#2066 = DIRECTION('',(-0.677085925296,0.53995800741,0.5));
#2067 = DIRECTION('',(-0.390915741234,0.311744900929,-0.866025403784));
#2068 = PCURVE('',#1416,#2069);
#2069 = DEFINITIONAL_REPRESENTATION('',(#2070),#2077);
#2070 = B_SPLINE_CURVE_WITH_KNOTS('',5,(#2071,#2072,#2073,#2074,#2075,
    #2076),.UNSPECIFIED.,.F.,.F.,(6,6),(4.982084156807,5.072258303219),
  .PIECEWISE_BEZIER_KNOTS.);
#2071 = CARTESIAN_POINT('',(-1.167293077448,-9.539230484542));
#2072 = CARTESIAN_POINT('',(-1.18532790673,-9.117717339728));
#2073 = CARTESIAN_POINT('',(-1.203362736013,-8.698830942323));
#2074 = CARTESIAN_POINT('',(-1.221397565295,-8.282856916626));
#2075 = CARTESIAN_POINT('',(-1.239432394577,-7.870077323614));
#2076 = CARTESIAN_POINT('',(-1.25746722386,-7.460769515459));
#2077 = ( GEOMETRIC_REPRESENTATION_CONTEXT(2) 
PARAMETRIC_REPRESENTATION_CONTEXT() REPRESENTATION_CONTEXT('2D SPACE',''
  ) );
#2078 = PCURVE('',#2079,#2084);
#2079 = PLANE('',#2080);
#2080 = AXIS2_PLACEMENT_3D('',#2081,#2082,#2083);
#2081 = CARTESIAN_POINT('',(193.70553225459,12.393512727597,
    -41.36602540378));
#2082 = DIRECTION('',(-0.677085925296,0.53995800741,0.5));
#2083 = DIRECTION('',(0.390915741234,-0.311744900929,0.866025403784));
#2084 = DEFINITIONAL_REPRESENTATION('',(#2085),#2089);
#2085 = ELLIPSE('',#2086,28.,14.);
#2086 = AXIS2_PLACEMENT_2D('',#2087,#2088);
#2087 = CARTESIAN_POINT('',(9.660254037844,-12.));
#2088 = DIRECTION('',(-1.,0.));
#2089 = ( GEOMETRIC_REPRESENTATION_CONTEXT(2) 
PARAMETRIC_REPRESENTATION_CONTEXT() REPRESENTATION_CONTEXT('2D SPACE',''
  ) );
#2090 = FACE_BOUND('',#2091,.F.);
#2091 = EDGE_LOOP('',(#2092,#2127,#2159,#2192));
#2092 = ORIENTED_EDGE('',*,*,#2093,.F.);
#2093 = EDGE_CURVE('',#2094,#2096,#2098,.T.);
#2094 = VERTEX_POINT('',#2095);
#2095 = CARTESIAN_POINT('',(191.78501359471,13.885738239888,
    -44.63397459621));
#2096 = VERTEX_POINT('',#2097);
#2097 = CARTESIAN_POINT('',(183.26946039192,12.275986175625,
    -39.63397459621));
#2098 = SURFACE_CURVE('',#2099,(#2104,#2115),.PCURVE_S1.);
#2099 = ELLIPSE('',#2100,16.16580753731,14.);
#2100 = AXIS2_PLACEMENT_3D('',#2101,#2102,#2103);
#2101 = CARTESIAN_POINT('',(190.,0.,-41.84529946162));
#2102 = DIRECTION('',(0.487463956091,0.111260466978,0.866025403784));
#2103 = DIRECTION('',(0.844312338808,0.19270878168,-0.5));
#2104 = PCURVE('',#1416,#2105);
#2105 = DEFINITIONAL_REPRESENTATION('',(#2106),#2114);
#2106 = B_SPLINE_CURVE_WITH_KNOTS('',6,(#2107,#2108,#2109,#2110,#2111,
    #2112,#2113),.UNSPECIFIED.,.F.,.F.,(7,7),(1.151773480605,
    1.912868004327),.PIECEWISE_BEZIER_KNOTS.);
#2107 = CARTESIAN_POINT('',(-1.376172955862,-3.866025403784));
#2108 = CARTESIAN_POINT('',(-1.503022043149,-4.802631762635));
#2109 = CARTESIAN_POINT('',(-1.629871130436,-5.802737224434));
#2110 = CARTESIAN_POINT('',(-1.756720217722,-6.839224586997));
#2111 = CARTESIAN_POINT('',(-1.883569305009,-7.881865513947));
#2112 = CARTESIAN_POINT('',(-2.010418392296,-8.900121029671));
#2113 = CARTESIAN_POINT('',(-2.137267479583,-9.866025403784));
#2114 = ( GEOMETRIC_REPRESENTATION_CONTEXT(2) 
PARAMETRIC_REPRESENTATION_CONTEXT() REPRESENTATION_CONTEXT('2D SPACE',''
  ) );
#2115 = PCURVE('',#2116,#2121);
#2116 = PLANE('',#2117);
#2117 = AXIS2_PLACEMENT_3D('',#2118,#2119,#2120);
#2118 = CARTESIAN_POINT('',(192.03877444265,12.77393932156,
    -44.63397459621));
#2119 = DIRECTION('',(0.487463956091,0.111260466978,0.866025403784));
#2120 = DIRECTION('',(-0.222520933956,0.974927912182,0.));
#2121 = DEFINITIONAL_REPRESENTATION('',(#2122),#2126);
#2122 = ELLIPSE('',#2123,16.16580753731,14.);
#2123 = AXIS2_PLACEMENT_2D('',#2124,#2125);
#2124 = CARTESIAN_POINT('',(-12.,5.57735026919));
#2125 = DIRECTION('',(-2.775557561563E-17,-1.));
#2126 = ( GEOMETRIC_REPRESENTATION_CONTEXT(2) 
PARAMETRIC_REPRESENTATION_CONTEXT() REPRESENTATION_CONTEXT('2D SPACE',''
  ) );
#2127 = ORIENTED_EDGE('',*,*,#2128,.T.);
#2128 = EDGE_CURVE('',#2094,#2129,#2131,.T.);
#2129 = VERTEX_POINT('',#2130);
#2130 = CARTESIAN_POINT('',(190.73765586782,13.980553058469,
    -46.36602540378));
#2131 = SURFACE_CURVE('',#2132,(#2137,#2147),.PCURVE_S1.);
#2132 = ELLIPSE('',#2133,28.,14.);
#2133 = AXIS2_PLACEMENT_3D('',#2134,#2135,#2136);
#2134 = CARTESIAN_POINT('',(190.,0.,-53.));
#2135 = DIRECTION('',(-0.844312338808,-0.19270878168,0.5));
#2136 = DIRECTION('',(-0.487463956091,-0.111260466978,-0.866025403784));
#2137 = PCURVE('',#1416,#2138);
#2138 = DEFINITIONAL_REPRESENTATION('',(#2139),#2146);
#2139 = B_SPLINE_CURVE_WITH_KNOTS('',5,(#2140,#2141,#2142,#2143,#2144,
    #2145),.UNSPECIFIED.,.F.,.F.,(6,6),(4.352519657551,4.442693803962),
  .PIECEWISE_BEZIER_KNOTS.);
#2140 = CARTESIAN_POINT('',(-1.435326479217,-4.539230484541));
#2141 = CARTESIAN_POINT('',(-1.4533613085,-4.129922676386));
#2142 = CARTESIAN_POINT('',(-1.471396137782,-3.717143083374));
#2143 = CARTESIAN_POINT('',(-1.489430967064,-3.301169057677));
#2144 = CARTESIAN_POINT('',(-1.507465796347,-2.882282660272));
#2145 = CARTESIAN_POINT('',(-1.525500625629,-2.460769515459));
#2146 = ( GEOMETRIC_REPRESENTATION_CONTEXT(2) 
PARAMETRIC_REPRESENTATION_CONTEXT() REPRESENTATION_CONTEXT('2D SPACE',''
  ) );
#2147 = PCURVE('',#2148,#2153);
#2148 = PLANE('',#2149);
#2149 = AXIS2_PLACEMENT_3D('',#2150,#2151,#2152);
#2150 = CARTESIAN_POINT('',(191.06384653047,12.551418387604,
    -46.36602540378));
#2151 = DIRECTION('',(-0.844312338808,-0.19270878168,0.5));
#2152 = DIRECTION('',(0.487463956091,0.111260466978,0.866025403784));
#2153 = DEFINITIONAL_REPRESENTATION('',(#2154),#2158);
#2154 = ELLIPSE('',#2155,28.,14.);
#2155 = AXIS2_PLACEMENT_2D('',#2156,#2157);
#2156 = CARTESIAN_POINT('',(-7.660254037844,-12.));
#2157 = DIRECTION('',(-1.,1.387778780781E-17));
#2158 = ( GEOMETRIC_REPRESENTATION_CONTEXT(2) 
PARAMETRIC_REPRESENTATION_CONTEXT() REPRESENTATION_CONTEXT('2D SPACE',''
  ) );
#2159 = ORIENTED_EDGE('',*,*,#2160,.T.);
#2160 = EDGE_CURVE('',#2129,#2161,#2163,.T.);
#2161 = VERTEX_POINT('',#2162);
#2162 = CARTESIAN_POINT('',(182.36696229445,11.736129489132,
    -41.36602540378));
#2163 = SURFACE_CURVE('',#2164,(#2169,#2180),.PCURVE_S1.);
#2164 = ELLIPSE('',#2165,16.16580753731,14.);
#2165 = AXIS2_PLACEMENT_3D('',#2166,#2167,#2168);
#2166 = CARTESIAN_POINT('',(190.,0.,-44.15470053837));
#2167 = DIRECTION('',(0.487463956091,0.111260466978,0.866025403784));
#2168 = DIRECTION('',(0.844312338808,0.19270878168,-0.5));
#2169 = PCURVE('',#1416,#2170);
#2170 = DEFINITIONAL_REPRESENTATION('',(#2171),#2179);
#2171 = B_SPLINE_CURVE_WITH_KNOTS('',6,(#2172,#2173,#2174,#2175,#2176,
    #2177,#2178),.UNSPECIFIED.,.F.,.F.,(7,7),(1.228724649263,
    1.989819172984),.PIECEWISE_BEZIER_KNOTS.);
#2172 = CARTESIAN_POINT('',(-1.453124124519,-2.133974596216));
#2173 = CARTESIAN_POINT('',(-1.579973211806,-3.099878970329));
#2174 = CARTESIAN_POINT('',(-1.706822299093,-4.118134486053));
#2175 = CARTESIAN_POINT('',(-1.83367138638,-5.160775413002));
#2176 = CARTESIAN_POINT('',(-1.960520473667,-6.197262775566));
#2177 = CARTESIAN_POINT('',(-2.087369560954,-7.197368237365));
#2178 = CARTESIAN_POINT('',(-2.214218648241,-8.133974596216));
#2179 = ( GEOMETRIC_REPRESENTATION_CONTEXT(2) 
PARAMETRIC_REPRESENTATION_CONTEXT() REPRESENTATION_CONTEXT('2D SPACE',''
  ) );
#2180 = PCURVE('',#2181,#2186);
#2181 = PLANE('',#2182);
#2182 = AXIS2_PLACEMENT_3D('',#2183,#2184,#2185);
#2183 = CARTESIAN_POINT('',(191.06384653047,12.551418387604,
    -46.36602540378));
#2184 = DIRECTION('',(0.487463956091,0.111260466978,0.866025403784));
#2185 = DIRECTION('',(-0.222520933956,0.974927912182,0.));
#2186 = DEFINITIONAL_REPRESENTATION('',(#2187),#2191);
#2187 = ELLIPSE('',#2188,16.16580753731,14.);
#2188 = AXIS2_PLACEMENT_2D('',#2189,#2190);
#2189 = CARTESIAN_POINT('',(-12.,4.42264973081));
#2190 = DIRECTION('',(-2.775557561563E-17,-1.));
#2191 = ( GEOMETRIC_REPRESENTATION_CONTEXT(2) 
PARAMETRIC_REPRESENTATION_CONTEXT() REPRESENTATION_CONTEXT('2D SPACE',''
  ) );
#2192 = ORIENTED_EDGE('',*,*,#2193,.F.);
#2193 = EDGE_CURVE('',#2096,#2161,#2194,.T.);
#2194 = SURFACE_CURVE('',#2195,(#2200,#2210),.PCURVE_S1.);
#2195 = ELLIPSE('',#2196,28.,14.);
#2196 = AXIS2_PLACEMENT_3D('',#2197,#2198,#2199);
#2197 = CARTESIAN_POINT('',(190.,0.,-33.));
#2198 = DIRECTION('',(-0.844312338808,-0.19270878168,0.5));
#2199 = DIRECTION('',(-0.487463956091,-0.111260466978,-0.866025403784));
#2200 = PCURVE('',#1416,#2201);
#2201 = DEFINITIONAL_REPRESENTATION('',(#2202),#2209);
#2202 = B_SPLINE_CURVE_WITH_KNOTS('',5,(#2203,#2204,#2205,#2206,#2207,
    #2208),.UNSPECIFIED.,.F.,.F.,(6,6),(4.982084156807,5.072258303219),
  .PIECEWISE_BEZIER_KNOTS.);
#2203 = CARTESIAN_POINT('',(-2.064890978474,-9.539230484541));
#2204 = CARTESIAN_POINT('',(-2.082925807756,-9.117717339728));
#2205 = CARTESIAN_POINT('',(-2.100960637038,-8.698830942323));
#2206 = CARTESIAN_POINT('',(-2.118995466321,-8.282856916626));
#2207 = CARTESIAN_POINT('',(-2.137030295603,-7.870077323614));
#2208 = CARTESIAN_POINT('',(-2.155065124885,-7.460769515459));
#2209 = ( GEOMETRIC_REPRESENTATION_CONTEXT(2) 
PARAMETRIC_REPRESENTATION_CONTEXT() REPRESENTATION_CONTEXT('2D SPACE',''
  ) );
#2210 = PCURVE('',#2211,#2216);
#2211 = PLANE('',#2212);
#2212 = AXIS2_PLACEMENT_3D('',#2213,#2214,#2215);
#2213 = CARTESIAN_POINT('',(182.62072314239,10.624330570804,
    -41.36602540378));
#2214 = DIRECTION('',(-0.844312338808,-0.19270878168,0.5));
#2215 = DIRECTION('',(0.487463956091,0.111260466978,0.866025403784));
#2216 = DEFINITIONAL_REPRESENTATION('',(#2217),#2221);
#2217 = ELLIPSE('',#2218,28.,14.);
#2218 = AXIS2_PLACEMENT_2D('',#2219,#2220);
#2219 = CARTESIAN_POINT('',(9.660254037844,-12.));
#2220 = DIRECTION('',(-1.,1.387778780781E-17));
#2221 = ( GEOMETRIC_REPRESENTATION_CONTEXT(2) 
PARAMETRIC_REPRESENTATION_CONTEXT() REPRESENTATION_CONTEXT('2D SPACE',''
  ) );
#2222 = FACE_BOUND('',#2223,.F.);
#2223 = EDGE_LOOP('',(#2224,#2259,#2291,#2324));
#2224 = ORIENTED_EDGE('',*,*,#2225,.F.);
#2225 = EDGE_CURVE('',#2226,#2228,#2230,.T.);
#2226 = VERTEX_POINT('',#2227);
#2227 = CARTESIAN_POINT('',(176.06520331646,-1.349607864703,
    -44.63397459621));
#2228 = VERTEX_POINT('',#2229);
#2229 = CARTESIAN_POINT('',(179.52948438744,-9.293454836992,
    -39.63397459621));
#2230 = SURFACE_CURVE('',#2231,(#2236,#2247),.PCURVE_S1.);
#2231 = ELLIPSE('',#2232,16.16580753731,14.);
#2232 = AXIS2_PLACEMENT_3D('',#2233,#2234,#2235);
#2233 = CARTESIAN_POINT('',(190.,0.,-41.84529946162));
#2234 = DIRECTION('',(-0.216941869559,0.450484433951,0.866025403784));
#2235 = DIRECTION('',(-0.375754340365,0.780261927622,-0.5));
#2236 = PCURVE('',#1416,#2237);
#2237 = DEFINITIONAL_REPRESENTATION('',(#2238),#2246);
#2238 = B_SPLINE_CURVE_WITH_KNOTS('',6,(#2239,#2240,#2241,#2242,#2243,
    #2244,#2245),.UNSPECIFIED.,.F.,.F.,(7,7),(1.151773480605,
    1.912868004327),.PIECEWISE_BEZIER_KNOTS.);
#2239 = CARTESIAN_POINT('',(-3.171368757913,-3.866025403784));
#2240 = CARTESIAN_POINT('',(-3.2982178452,-4.802631762635));
#2241 = CARTESIAN_POINT('',(-3.425066932487,-5.802737224434));
#2242 = CARTESIAN_POINT('',(-3.551916019774,-6.839224586997));
#2243 = CARTESIAN_POINT('',(-3.678765107061,-7.881865513947));
#2244 = CARTESIAN_POINT('',(-3.805614194348,-8.900121029671));
#2245 = CARTESIAN_POINT('',(-3.932463281635,-9.866025403785));
#2246 = ( GEOMETRIC_REPRESENTATION_CONTEXT(2) 
PARAMETRIC_REPRESENTATION_CONTEXT() REPRESENTATION_CONTEXT('2D SPACE',''
  ) );
#2247 = PCURVE('',#2248,#2253);
#2248 = PLANE('',#2249);
#2249 = AXIS2_PLACEMENT_3D('',#2250,#2251,#2252);
#2250 = CARTESIAN_POINT('',(177.09266001378,-0.854810797347,
    -44.63397459621));
#2251 = DIRECTION('',(-0.216941869559,0.450484433951,0.866025403784));
#2252 = DIRECTION('',(-0.900968867902,-0.433883739118,0.));
#2253 = DEFINITIONAL_REPRESENTATION('',(#2254),#2258);
#2254 = ELLIPSE('',#2255,16.16580753731,14.);
#2255 = AXIS2_PLACEMENT_2D('',#2256,#2257);
#2256 = CARTESIAN_POINT('',(-12.,5.57735026919));
#2257 = DIRECTION('',(-5.551115123126E-17,-1.));
#2258 = ( GEOMETRIC_REPRESENTATION_CONTEXT(2) 
PARAMETRIC_REPRESENTATION_CONTEXT() REPRESENTATION_CONTEXT('2D SPACE',''
  ) );
#2259 = ORIENTED_EDGE('',*,*,#2260,.T.);
#2260 = EDGE_CURVE('',#2226,#2261,#2263,.T.);
#2261 = VERTEX_POINT('',#2262);
#2262 = CARTESIAN_POINT('',(176.20582472291,-2.39180442867,
    -46.36602540378));
#2263 = SURFACE_CURVE('',#2264,(#2269,#2279),.PCURVE_S1.);
#2264 = ELLIPSE('',#2265,28.,14.);
#2265 = AXIS2_PLACEMENT_3D('',#2266,#2267,#2268);
#2266 = CARTESIAN_POINT('',(190.,0.,-53.));
#2267 = DIRECTION('',(0.375754340365,-0.780261927622,0.5));
#2268 = DIRECTION('',(0.216941869559,-0.450484433951,-0.866025403784));
#2269 = PCURVE('',#1416,#2270);
#2270 = DEFINITIONAL_REPRESENTATION('',(#2271),#2278);
#2271 = B_SPLINE_CURVE_WITH_KNOTS('',5,(#2272,#2273,#2274,#2275,#2276,
    #2277),.UNSPECIFIED.,.F.,.F.,(6,6),(4.352519657551,4.442693803962),
  .PIECEWISE_BEZIER_KNOTS.);
#2272 = CARTESIAN_POINT('',(-3.230522281269,-4.539230484541));
#2273 = CARTESIAN_POINT('',(-3.248557110551,-4.129922676386));
#2274 = CARTESIAN_POINT('',(-3.266591939833,-3.717143083374));
#2275 = CARTESIAN_POINT('',(-3.284626769116,-3.301169057677));
#2276 = CARTESIAN_POINT('',(-3.302661598398,-2.882282660272));
#2277 = CARTESIAN_POINT('',(-3.32069642768,-2.460769515459));
#2278 = ( GEOMETRIC_REPRESENTATION_CONTEXT(2) 
PARAMETRIC_REPRESENTATION_CONTEXT() REPRESENTATION_CONTEXT('2D SPACE',''
  ) );
#2279 = PCURVE('',#2280,#2285);
#2280 = PLANE('',#2281);
#2281 = AXIS2_PLACEMENT_3D('',#2282,#2283,#2284);
#2282 = CARTESIAN_POINT('',(177.5265437529,-1.75577966525,
    -46.36602540378));
#2283 = DIRECTION('',(0.375754340365,-0.780261927622,0.5));
#2284 = DIRECTION('',(-0.216941869559,0.450484433951,0.866025403784));
#2285 = DEFINITIONAL_REPRESENTATION('',(#2286),#2290);
#2286 = ELLIPSE('',#2287,28.,14.);
#2287 = AXIS2_PLACEMENT_2D('',#2288,#2289);
#2288 = CARTESIAN_POINT('',(-7.660254037844,-12.));
#2289 = DIRECTION('',(-1.,2.775557561563E-17));
#2290 = ( GEOMETRIC_REPRESENTATION_CONTEXT(2) 
PARAMETRIC_REPRESENTATION_CONTEXT() REPRESENTATION_CONTEXT('2D SPACE',''
  ) );
#2291 = ORIENTED_EDGE('',*,*,#2292,.T.);
#2292 = EDGE_CURVE('',#2261,#2293,#2295,.T.);
#2293 = VERTEX_POINT('',#2294);
#2294 = CARTESIAN_POINT('',(180.25663045922,-10.05319600883,
    -41.36602540378));
#2295 = SURFACE_CURVE('',#2296,(#2301,#2312),.PCURVE_S1.);
#2296 = ELLIPSE('',#2297,16.16580753731,14.);
#2297 = AXIS2_PLACEMENT_3D('',#2298,#2299,#2300);
#2298 = CARTESIAN_POINT('',(190.,0.,-44.15470053837));
#2299 = DIRECTION('',(-0.216941869559,0.450484433951,0.866025403784));
#2300 = DIRECTION('',(-0.375754340365,0.780261927622,-0.5));
#2301 = PCURVE('',#1416,#2302);
#2302 = DEFINITIONAL_REPRESENTATION('',(#2303),#2311);
#2303 = B_SPLINE_CURVE_WITH_KNOTS('',6,(#2304,#2305,#2306,#2307,#2308,
    #2309,#2310),.UNSPECIFIED.,.F.,.F.,(7,7),(1.228724649263,
    1.989819172984),.PIECEWISE_BEZIER_KNOTS.);
#2304 = CARTESIAN_POINT('',(-3.248319926571,-2.133974596216));
#2305 = CARTESIAN_POINT('',(-3.375169013858,-3.099878970329));
#2306 = CARTESIAN_POINT('',(-3.502018101145,-4.118134486054));
#2307 = CARTESIAN_POINT('',(-3.628867188431,-5.160775413002));
#2308 = CARTESIAN_POINT('',(-3.755716275718,-6.197262775566));
#2309 = CARTESIAN_POINT('',(-3.882565363005,-7.197368237365));
#2310 = CARTESIAN_POINT('',(-4.009414450292,-8.133974596216));
#2311 = ( GEOMETRIC_REPRESENTATION_CONTEXT(2) 
PARAMETRIC_REPRESENTATION_CONTEXT() REPRESENTATION_CONTEXT('2D SPACE',''
  ) );
#2312 = PCURVE('',#2313,#2318);
#2313 = PLANE('',#2314);
#2314 = AXIS2_PLACEMENT_3D('',#2315,#2316,#2317);
#2315 = CARTESIAN_POINT('',(177.5265437529,-1.75577966525,
    -46.36602540378));
#2316 = DIRECTION('',(-0.216941869559,0.450484433951,0.866025403784));
#2317 = DIRECTION('',(-0.900968867902,-0.433883739118,0.));
#2318 = DEFINITIONAL_REPRESENTATION('',(#2319),#2323);
#2319 = ELLIPSE('',#2320,16.16580753731,14.);
#2320 = AXIS2_PLACEMENT_2D('',#2321,#2322);
#2321 = CARTESIAN_POINT('',(-12.,4.42264973081));
#2322 = DIRECTION('',(-5.551115123126E-17,-1.));
#2323 = ( GEOMETRIC_REPRESENTATION_CONTEXT(2) 
PARAMETRIC_REPRESENTATION_CONTEXT() REPRESENTATION_CONTEXT('2D SPACE',''
  ) );
#2324 = ORIENTED_EDGE('',*,*,#2325,.F.);
#2325 = EDGE_CURVE('',#2228,#2293,#2326,.T.);
#2326 = SURFACE_CURVE('',#2327,(#2332,#2342),.PCURVE_S1.);
#2327 = ELLIPSE('',#2328,28.,14.);
#2328 = AXIS2_PLACEMENT_3D('',#2329,#2330,#2331);
#2329 = CARTESIAN_POINT('',(190.,0.,-33.));
#2330 = DIRECTION('',(0.375754340365,-0.780261927622,0.5));
#2331 = DIRECTION('',(0.216941869559,-0.450484433951,-0.866025403784));
#2332 = PCURVE('',#1416,#2333);
#2333 = DEFINITIONAL_REPRESENTATION('',(#2334),#2341);
#2334 = B_SPLINE_CURVE_WITH_KNOTS('',5,(#2335,#2336,#2337,#2338,#2339,
    #2340),.UNSPECIFIED.,.F.,.F.,(6,6),(4.982084156807,5.072258303219),
  .PIECEWISE_BEZIER_KNOTS.);
#2335 = CARTESIAN_POINT('',(-3.860086780525,-9.539230484541));
#2336 = CARTESIAN_POINT('',(-3.878121609807,-9.117717339728));
#2337 = CARTESIAN_POINT('',(-3.89615643909,-8.698830942323));
#2338 = CARTESIAN_POINT('',(-3.914191268372,-8.282856916626));
#2339 = CARTESIAN_POINT('',(-3.932226097654,-7.870077323614));
#2340 = CARTESIAN_POINT('',(-3.950260926937,-7.460769515459));
#2341 = ( GEOMETRIC_REPRESENTATION_CONTEXT(2) 
PARAMETRIC_REPRESENTATION_CONTEXT() REPRESENTATION_CONTEXT('2D SPACE',''
  ) );
#2342 = PCURVE('',#2343,#2348);
#2343 = PLANE('',#2344);
#2344 = AXIS2_PLACEMENT_3D('',#2345,#2346,#2347);
#2345 = CARTESIAN_POINT('',(181.28408715655,-9.558398941474,
    -41.36602540378));
#2346 = DIRECTION('',(0.375754340365,-0.780261927622,0.5));
#2347 = DIRECTION('',(-0.216941869559,0.450484433951,0.866025403784));
#2348 = DEFINITIONAL_REPRESENTATION('',(#2349),#2353);
#2349 = ELLIPSE('',#2350,28.,14.);
#2350 = AXIS2_PLACEMENT_2D('',#2351,#2352);
#2351 = CARTESIAN_POINT('',(9.660254037844,-12.));
#2352 = DIRECTION('',(-1.,2.775557561563E-17));
#2353 = ( GEOMETRIC_REPRESENTATION_CONTEXT(2) 
PARAMETRIC_REPRESENTATION_CONTEXT() REPRESENTATION_CONTEXT('2D SPACE',''
  ) );
#2354 = FACE_BOUND('',#2355,.F.);
#2355 = EDGE_LOOP('',(#2356,#2391,#2423,#2456));
#2356 = ORIENTED_EDGE('',*,*,#2357,.F.);
#2357 = EDGE_CURVE('',#2358,#2360,#2362,.T.);
#2358 = VERTEX_POINT('',#2359);
#2359 = CARTESIAN_POINT('',(182.36696229445,-11.73612948913,
    -44.63397459621));
#2360 = VERTEX_POINT('',#2361);
#2361 = CARTESIAN_POINT('',(190.73765586782,-13.98055305846,
    -39.63397459621));
#2362 = SURFACE_CURVE('',#2363,(#2368,#2379),.PCURVE_S1.);
#2363 = ELLIPSE('',#2364,16.16580753731,14.);
#2364 = AXIS2_PLACEMENT_3D('',#2365,#2366,#2367);
#2365 = CARTESIAN_POINT('',(190.,0.,-41.84529946162));
#2366 = DIRECTION('',(-0.487463956091,0.111260466978,0.866025403784));
#2367 = DIRECTION('',(-0.844312338808,0.19270878168,-0.5));
#2368 = PCURVE('',#1416,#2369);
#2369 = DEFINITIONAL_REPRESENTATION('',(#2370),#2378);
#2370 = B_SPLINE_CURVE_WITH_KNOTS('',6,(#2371,#2372,#2373,#2374,#2375,
    #2376,#2377),.UNSPECIFIED.,.F.,.F.,(7,7),(1.151773480605,
    1.912868004327),.PIECEWISE_BEZIER_KNOTS.);
#2371 = CARTESIAN_POINT('',(-4.068966658939,-3.866025403784));
#2372 = CARTESIAN_POINT('',(-4.195815746226,-4.802631762635));
#2373 = CARTESIAN_POINT('',(-4.322664833513,-5.802737224434));
#2374 = CARTESIAN_POINT('',(-4.449513920799,-6.839224586997));
#2375 = CARTESIAN_POINT('',(-4.576363008086,-7.881865513947));
#2376 = CARTESIAN_POINT('',(-4.703212095373,-8.900121029671));
#2377 = CARTESIAN_POINT('',(-4.83006118266,-9.866025403784));
#2378 = ( GEOMETRIC_REPRESENTATION_CONTEXT(2) 
PARAMETRIC_REPRESENTATION_CONTEXT() REPRESENTATION_CONTEXT('2D SPACE',''
  ) );
#2379 = PCURVE('',#2380,#2385);
#2380 = PLANE('',#2381);
#2381 = AXIS2_PLACEMENT_3D('',#2382,#2383,#2384);
#2382 = CARTESIAN_POINT('',(182.62072314239,-10.6243305708,
    -44.63397459621));
#2383 = DIRECTION('',(-0.487463956091,0.111260466978,0.866025403784));
#2384 = DIRECTION('',(-0.222520933956,-0.974927912182,0.));
#2385 = DEFINITIONAL_REPRESENTATION('',(#2386),#2390);
#2386 = ELLIPSE('',#2387,16.16580753731,14.);
#2387 = AXIS2_PLACEMENT_2D('',#2388,#2389);
#2388 = CARTESIAN_POINT('',(-12.,5.57735026919));
#2389 = DIRECTION('',(2.775557561563E-17,-1.));
#2390 = ( GEOMETRIC_REPRESENTATION_CONTEXT(2) 
PARAMETRIC_REPRESENTATION_CONTEXT() REPRESENTATION_CONTEXT('2D SPACE',''
  ) );
#2391 = ORIENTED_EDGE('',*,*,#2392,.T.);
#2392 = EDGE_CURVE('',#2358,#2393,#2395,.T.);
#2393 = VERTEX_POINT('',#2394);
#2394 = CARTESIAN_POINT('',(183.26946039192,-12.27598617562,
    -46.36602540378));
#2395 = SURFACE_CURVE('',#2396,(#2401,#2411),.PCURVE_S1.);
#2396 = ELLIPSE('',#2397,28.,14.);
#2397 = AXIS2_PLACEMENT_3D('',#2398,#2399,#2400);
#2398 = CARTESIAN_POINT('',(190.,0.,-53.));
#2399 = DIRECTION('',(0.844312338808,-0.19270878168,0.5));
#2400 = DIRECTION('',(0.487463956091,-0.111260466978,-0.866025403784));
#2401 = PCURVE('',#1416,#2402);
#2402 = DEFINITIONAL_REPRESENTATION('',(#2403),#2410);
#2403 = B_SPLINE_CURVE_WITH_KNOTS('',5,(#2404,#2405,#2406,#2407,#2408,
    #2409),.UNSPECIFIED.,.F.,.F.,(6,6),(4.352519657551,4.442693803962),
  .PIECEWISE_BEZIER_KNOTS.);
#2404 = CARTESIAN_POINT('',(-4.128120182294,-4.539230484541));
#2405 = CARTESIAN_POINT('',(-4.146155011577,-4.129922676386));
#2406 = CARTESIAN_POINT('',(-4.164189840859,-3.717143083374));
#2407 = CARTESIAN_POINT('',(-4.182224670141,-3.301169057677));
#2408 = CARTESIAN_POINT('',(-4.200259499424,-2.882282660272));
#2409 = CARTESIAN_POINT('',(-4.218294328706,-2.460769515459));
#2410 = ( GEOMETRIC_REPRESENTATION_CONTEXT(2) 
PARAMETRIC_REPRESENTATION_CONTEXT() REPRESENTATION_CONTEXT('2D SPACE',''
  ) );
#2411 = PCURVE('',#2412,#2417);
#2412 = PLANE('',#2413);
#2413 = AXIS2_PLACEMENT_3D('',#2414,#2415,#2416);
#2414 = CARTESIAN_POINT('',(183.59565105457,-10.84685150476,
    -46.36602540378));
#2415 = DIRECTION('',(0.844312338808,-0.19270878168,0.5));
#2416 = DIRECTION('',(-0.487463956091,0.111260466978,0.866025403784));
#2417 = DEFINITIONAL_REPRESENTATION('',(#2418),#2422);
#2418 = ELLIPSE('',#2419,28.,14.);
#2419 = AXIS2_PLACEMENT_2D('',#2420,#2421);
#2420 = CARTESIAN_POINT('',(-7.660254037844,-12.));
#2421 = DIRECTION('',(-1.,0.));
#2422 = ( GEOMETRIC_REPRESENTATION_CONTEXT(2) 
PARAMETRIC_REPRESENTATION_CONTEXT() REPRESENTATION_CONTEXT('2D SPACE',''
  ) );
#2423 = ORIENTED_EDGE('',*,*,#2424,.T.);
#2424 = EDGE_CURVE('',#2393,#2425,#2427,.T.);
#2425 = VERTEX_POINT('',#2426);
#2426 = CARTESIAN_POINT('',(191.78501359471,-13.88573823988,
    -41.36602540378));
#2427 = SURFACE_CURVE('',#2428,(#2433,#2444),.PCURVE_S1.);
#2428 = ELLIPSE('',#2429,16.16580753731,14.);
#2429 = AXIS2_PLACEMENT_3D('',#2430,#2431,#2432);
#2430 = CARTESIAN_POINT('',(190.,0.,-44.15470053837));
#2431 = DIRECTION('',(-0.487463956091,0.111260466978,0.866025403784));
#2432 = DIRECTION('',(-0.844312338808,0.19270878168,-0.5));
#2433 = PCURVE('',#1416,#2434);
#2434 = DEFINITIONAL_REPRESENTATION('',(#2435),#2443);
#2435 = B_SPLINE_CURVE_WITH_KNOTS('',6,(#2436,#2437,#2438,#2439,#2440,
    #2441,#2442),.UNSPECIFIED.,.F.,.F.,(7,7),(1.228724649263,
    1.989819172984),.PIECEWISE_BEZIER_KNOTS.);
#2436 = CARTESIAN_POINT('',(-4.145917827596,-2.133974596215));
#2437 = CARTESIAN_POINT('',(-4.272766914883,-3.099878970329));
#2438 = CARTESIAN_POINT('',(-4.39961600217,-4.118134486053));
#2439 = CARTESIAN_POINT('',(-4.526465089457,-5.160775413003));
#2440 = CARTESIAN_POINT('',(-4.653314176744,-6.197262775566));
#2441 = CARTESIAN_POINT('',(-4.780163264031,-7.197368237365));
#2442 = CARTESIAN_POINT('',(-4.907012351318,-8.133974596216));
#2443 = ( GEOMETRIC_REPRESENTATION_CONTEXT(2) 
PARAMETRIC_REPRESENTATION_CONTEXT() REPRESENTATION_CONTEXT('2D SPACE',''
  ) );
#2444 = PCURVE('',#2445,#2450);
#2445 = PLANE('',#2446);
#2446 = AXIS2_PLACEMENT_3D('',#2447,#2448,#2449);
#2447 = CARTESIAN_POINT('',(183.59565105457,-10.84685150476,
    -46.36602540378));
#2448 = DIRECTION('',(-0.487463956091,0.111260466978,0.866025403784));
#2449 = DIRECTION('',(-0.222520933956,-0.974927912182,0.));
#2450 = DEFINITIONAL_REPRESENTATION('',(#2451),#2455);
#2451 = ELLIPSE('',#2452,16.16580753731,14.);
#2452 = AXIS2_PLACEMENT_2D('',#2453,#2454);
#2453 = CARTESIAN_POINT('',(-12.,4.42264973081));
#2454 = DIRECTION('',(2.775557561563E-17,-1.));
#2455 = ( GEOMETRIC_REPRESENTATION_CONTEXT(2) 
PARAMETRIC_REPRESENTATION_CONTEXT() REPRESENTATION_CONTEXT('2D SPACE',''
  ) );
#2456 = ORIENTED_EDGE('',*,*,#2457,.F.);
#2457 = EDGE_CURVE('',#2360,#2425,#2458,.T.);
#2458 = SURFACE_CURVE('',#2459,(#2464,#2474),.PCURVE_S1.);
#2459 = ELLIPSE('',#2460,28.,14.);
#2460 = AXIS2_PLACEMENT_3D('',#2461,#2462,#2463);
#2461 = CARTESIAN_POINT('',(190.,0.,-33.));
#2462 = DIRECTION('',(0.844312338808,-0.19270878168,0.5));
#2463 = DIRECTION('',(0.487463956091,-0.111260466978,-0.866025403784));
#2464 = PCURVE('',#1416,#2465);
#2465 = DEFINITIONAL_REPRESENTATION('',(#2466),#2473);
#2466 = B_SPLINE_CURVE_WITH_KNOTS('',5,(#2467,#2468,#2469,#2470,#2471,
    #2472),.UNSPECIFIED.,.F.,.F.,(6,6),(4.982084156807,5.072258303219),
  .PIECEWISE_BEZIER_KNOTS.);
#2467 = CARTESIAN_POINT('',(-4.757684681551,-9.539230484541));
#2468 = CARTESIAN_POINT('',(-4.775719510833,-9.117717339728));
#2469 = CARTESIAN_POINT('',(-4.793754340115,-8.698830942323));
#2470 = CARTESIAN_POINT('',(-4.811789169398,-8.282856916626));
#2471 = CARTESIAN_POINT('',(-4.82982399868,-7.870077323614));
#2472 = CARTESIAN_POINT('',(-4.847858827962,-7.460769515459));
#2473 = ( GEOMETRIC_REPRESENTATION_CONTEXT(2) 
PARAMETRIC_REPRESENTATION_CONTEXT() REPRESENTATION_CONTEXT('2D SPACE',''
  ) );
#2474 = PCURVE('',#2475,#2480);
#2475 = PLANE('',#2476);
#2476 = AXIS2_PLACEMENT_3D('',#2477,#2478,#2479);
#2477 = CARTESIAN_POINT('',(192.03877444265,-12.77393932156,
    -41.36602540378));
#2478 = DIRECTION('',(0.844312338808,-0.19270878168,0.5));
#2479 = DIRECTION('',(-0.487463956091,0.111260466978,0.866025403784));
#2480 = DEFINITIONAL_REPRESENTATION('',(#2481),#2485);
#2481 = ELLIPSE('',#2482,28.,14.);
#2482 = AXIS2_PLACEMENT_2D('',#2483,#2484);
#2483 = CARTESIAN_POINT('',(9.660254037844,-12.));
#2484 = DIRECTION('',(-1.,0.));
#2485 = ( GEOMETRIC_REPRESENTATION_CONTEXT(2) 
PARAMETRIC_REPRESENTATION_CONTEXT() REPRESENTATION_CONTEXT('2D SPACE',''
  ) );
#2486 = ADVANCED_FACE('',(#2487),#1428,.F.);
#2487 = FACE_BOUND('',#2488,.F.);
#2488 = EDGE_LOOP('',(#2489));
#2489 = ORIENTED_EDGE('',*,*,#1406,.T.);
#2490 = ADVANCED_FACE('',(#2491),#1483,.F.);
#2491 = FACE_BOUND('',#2492,.F.);
#2492 = EDGE_LOOP('',(#2493,#2516,#2517,#2518,#2541));
#2493 = ORIENTED_EDGE('',*,*,#2494,.F.);
#2494 = EDGE_CURVE('',#1464,#2495,#2497,.T.);
#2495 = VERTEX_POINT('',#2496);
#2496 = CARTESIAN_POINT('',(227.,4.830127018922,-41.36602540378));
#2497 = SURFACE_CURVE('',#2498,(#2502,#2509),.PCURVE_S1.);
#2498 = LINE('',#2499,#2500);
#2499 = CARTESIAN_POINT('',(202.,4.830127018922,-41.36602540378));
#2500 = VECTOR('',#2501,1.);
#2501 = DIRECTION('',(1.,0.,0.));
#2502 = PCURVE('',#1483,#2503);
#2503 = DEFINITIONAL_REPRESENTATION('',(#2504),#2508);
#2504 = LINE('',#2505,#2506);
#2505 = CARTESIAN_POINT('',(0.,10.));
#2506 = VECTOR('',#2507,1.);
#2507 = DIRECTION('',(1.,0.));
#2508 = ( GEOMETRIC_REPRESENTATION_CONTEXT(2) 
PARAMETRIC_REPRESENTATION_CONTEXT() REPRESENTATION_CONTEXT('2D SPACE',''
  ) );
#2509 = PCURVE('',#1515,#2510);
#2510 = DEFINITIONAL_REPRESENTATION('',(#2511),#2515);
#2511 = LINE('',#2512,#2513);
#2512 = CARTESIAN_POINT('',(0.,0.));
#2513 = VECTOR('',#2514,1.);
#2514 = DIRECTION('',(0.,1.));
#2515 = ( GEOMETRIC_REPRESENTATION_CONTEXT(2) 
PARAMETRIC_REPRESENTATION_CONTEXT() REPRESENTATION_CONTEXT('2D SPACE',''
  ) );
#2516 = ORIENTED_EDGE('',*,*,#1463,.F.);
#2517 = ORIENTED_EDGE('',*,*,#1669,.F.);
#2518 = ORIENTED_EDGE('',*,*,#2519,.T.);
#2519 = EDGE_CURVE('',#1638,#2520,#2522,.T.);
#2520 = VERTEX_POINT('',#2521);
#2521 = CARTESIAN_POINT('',(227.,-3.830127018922,-46.36602540378));
#2522 = SURFACE_CURVE('',#2523,(#2527,#2534),.PCURVE_S1.);
#2523 = LINE('',#2524,#2525);
#2524 = CARTESIAN_POINT('',(202.,-3.830127018922,-46.36602540378));
#2525 = VECTOR('',#2526,1.);
#2526 = DIRECTION('',(1.,0.,0.));
#2527 = PCURVE('',#1483,#2528);
#2528 = DEFINITIONAL_REPRESENTATION('',(#2529),#2533);
#2529 = LINE('',#2530,#2531);
#2530 = CARTESIAN_POINT('',(0.,0.));
#2531 = VECTOR('',#2532,1.);
#2532 = DIRECTION('',(1.,0.));
#2533 = ( GEOMETRIC_REPRESENTATION_CONTEXT(2) 
PARAMETRIC_REPRESENTATION_CONTEXT() REPRESENTATION_CONTEXT('2D SPACE',''
  ) );
#2534 = PCURVE('',#1657,#2535);
#2535 = DEFINITIONAL_REPRESENTATION('',(#2536),#2540);
#2536 = LINE('',#2537,#2538);
#2537 = CARTESIAN_POINT('',(0.,0.));
#2538 = VECTOR('',#2539,1.);
#2539 = DIRECTION('',(0.,1.));
#2540 = ( GEOMETRIC_REPRESENTATION_CONTEXT(2) 
PARAMETRIC_REPRESENTATION_CONTEXT() REPRESENTATION_CONTEXT('2D SPACE',''
  ) );
#2541 = ORIENTED_EDGE('',*,*,#2542,.T.);
#2542 = EDGE_CURVE('',#2520,#2495,#2543,.T.);
#2543 = SURFACE_CURVE('',#2544,(#2548,#2555),.PCURVE_S1.);
#2544 = LINE('',#2545,#2546);
#2545 = CARTESIAN_POINT('',(227.,-3.830127018922,-46.36602540378));
#2546 = VECTOR('',#2547,1.);
#2547 = DIRECTION('',(0.,0.866025403784,0.5));
#2548 = PCURVE('',#1483,#2549);
#2549 = DEFINITIONAL_REPRESENTATION('',(#2550),#2554);
#2550 = LINE('',#2551,#2552);
#2551 = CARTESIAN_POINT('',(25.,0.));
#2552 = VECTOR('',#2553,1.);
#2553 = DIRECTION('',(0.,1.));
#2554 = ( GEOMETRIC_REPRESENTATION_CONTEXT(2) 
PARAMETRIC_REPRESENTATION_CONTEXT() REPRESENTATION_CONTEXT('2D SPACE',''
  ) );
#2555 = PCURVE('',#2556,#2561);
#2556 = PLANE('',#2557);
#2557 = AXIS2_PLACEMENT_3D('',#2558,#2559,#2560);
#2558 = CARTESIAN_POINT('',(227.,-3.830127018922,-46.36602540378));
#2559 = DIRECTION('',(1.,0.,0.));
#2560 = DIRECTION('',(0.,-0.5,0.866025403784));
#2561 = DEFINITIONAL_REPRESENTATION('',(#2562),#2566);
#2562 = LINE('',#2563,#2564);
#2563 = CARTESIAN_POINT('',(0.,0.));
#2564 = VECTOR('',#2565,1.);
#2565 = DIRECTION('',(0.,-1.));
#2566 = ( GEOMETRIC_REPRESENTATION_CONTEXT(2) 
PARAMETRIC_REPRESENTATION_CONTEXT() REPRESENTATION_CONTEXT('2D SPACE',''
  ) );
#2567 = ADVANCED_FACE('',(#2568),#1657,.F.);
#2568 = FACE_BOUND('',#2569,.F.);
#2569 = EDGE_LOOP('',(#2570,#2571,#2572,#2595));
#2570 = ORIENTED_EDGE('',*,*,#2519,.F.);
#2571 = ORIENTED_EDGE('',*,*,#1637,.F.);
#2572 = ORIENTED_EDGE('',*,*,#2573,.T.);
#2573 = EDGE_CURVE('',#1611,#2574,#2576,.T.);
#2574 = VERTEX_POINT('',#2575);
#2575 = CARTESIAN_POINT('',(227.,-4.830127018922,-44.63397459621));
#2576 = SURFACE_CURVE('',#2577,(#2581,#2588),.PCURVE_S1.);
#2577 = LINE('',#2578,#2579);
#2578 = CARTESIAN_POINT('',(202.,-4.830127018922,-44.63397459621));
#2579 = VECTOR('',#2580,1.);
#2580 = DIRECTION('',(1.,0.,0.));
#2581 = PCURVE('',#1657,#2582);
#2582 = DEFINITIONAL_REPRESENTATION('',(#2583),#2587);
#2583 = LINE('',#2584,#2585);
#2584 = CARTESIAN_POINT('',(2.,0.));
#2585 = VECTOR('',#2586,1.);
#2586 = DIRECTION('',(0.,1.));
#2587 = ( GEOMETRIC_REPRESENTATION_CONTEXT(2) 
PARAMETRIC_REPRESENTATION_CONTEXT() REPRESENTATION_CONTEXT('2D SPACE',''
  ) );
#2588 = PCURVE('',#1547,#2589);
#2589 = DEFINITIONAL_REPRESENTATION('',(#2590),#2594);
#2590 = LINE('',#2591,#2592);
#2591 = CARTESIAN_POINT('',(0.,0.));
#2592 = VECTOR('',#2593,1.);
#2593 = DIRECTION('',(1.,0.));
#2594 = ( GEOMETRIC_REPRESENTATION_CONTEXT(2) 
PARAMETRIC_REPRESENTATION_CONTEXT() REPRESENTATION_CONTEXT('2D SPACE',''
  ) );
#2595 = ORIENTED_EDGE('',*,*,#2596,.F.);
#2596 = EDGE_CURVE('',#2520,#2574,#2597,.T.);
#2597 = SURFACE_CURVE('',#2598,(#2602,#2609),.PCURVE_S1.);
#2598 = LINE('',#2599,#2600);
#2599 = CARTESIAN_POINT('',(227.,-3.830127018922,-46.36602540378));
#2600 = VECTOR('',#2601,1.);
#2601 = DIRECTION('',(0.,-0.5,0.866025403784));
#2602 = PCURVE('',#1657,#2603);
#2603 = DEFINITIONAL_REPRESENTATION('',(#2604),#2608);
#2604 = LINE('',#2605,#2606);
#2605 = CARTESIAN_POINT('',(0.,25.));
#2606 = VECTOR('',#2607,1.);
#2607 = DIRECTION('',(1.,0.));
#2608 = ( GEOMETRIC_REPRESENTATION_CONTEXT(2) 
PARAMETRIC_REPRESENTATION_CONTEXT() REPRESENTATION_CONTEXT('2D SPACE',''
  ) );
#2609 = PCURVE('',#2556,#2610);
#2610 = DEFINITIONAL_REPRESENTATION('',(#2611),#2615);
#2611 = LINE('',#2612,#2613);
#2612 = CARTESIAN_POINT('',(0.,0.));
#2613 = VECTOR('',#2614,1.);
#2614 = DIRECTION('',(1.,0.));
#2615 = ( GEOMETRIC_REPRESENTATION_CONTEXT(2) 
PARAMETRIC_REPRESENTATION_CONTEXT() REPRESENTATION_CONTEXT('2D SPACE',''
  ) );
#2616 = ADVANCED_FACE('',(#2617),#1547,.T.);
#2617 = FACE_BOUND('',#2618,.T.);
#2618 = EDGE_LOOP('',(#2619,#2642,#2643,#2644,#2645));
#2619 = ORIENTED_EDGE('',*,*,#2620,.F.);
#2620 = EDGE_CURVE('',#1496,#2621,#2623,.T.);
#2621 = VERTEX_POINT('',#2622);
#2622 = CARTESIAN_POINT('',(227.,3.830127018922,-39.63397459621));
#2623 = SURFACE_CURVE('',#2624,(#2628,#2635),.PCURVE_S1.);
#2624 = LINE('',#2625,#2626);
#2625 = CARTESIAN_POINT('',(202.,3.830127018922,-39.63397459621));
#2626 = VECTOR('',#2627,1.);
#2627 = DIRECTION('',(1.,0.,0.));
#2628 = PCURVE('',#1547,#2629);
#2629 = DEFINITIONAL_REPRESENTATION('',(#2630),#2634);
#2630 = LINE('',#2631,#2632);
#2631 = CARTESIAN_POINT('',(0.,10.));
#2632 = VECTOR('',#2633,1.);
#2633 = DIRECTION('',(1.,0.));
#2634 = ( GEOMETRIC_REPRESENTATION_CONTEXT(2) 
PARAMETRIC_REPRESENTATION_CONTEXT() REPRESENTATION_CONTEXT('2D SPACE',''
  ) );
#2635 = PCURVE('',#1515,#2636);
#2636 = DEFINITIONAL_REPRESENTATION('',(#2637),#2641);
#2637 = LINE('',#2638,#2639);
#2638 = CARTESIAN_POINT('',(2.,0.));
#2639 = VECTOR('',#2640,1.);
#2640 = DIRECTION('',(0.,1.));
#2641 = ( GEOMETRIC_REPRESENTATION_CONTEXT(2) 
PARAMETRIC_REPRESENTATION_CONTEXT() REPRESENTATION_CONTEXT('2D SPACE',''
  ) );
#2642 = ORIENTED_EDGE('',*,*,#1527,.F.);
#2643 = ORIENTED_EDGE('',*,*,#1610,.F.);
#2644 = ORIENTED_EDGE('',*,*,#2573,.T.);
#2645 = ORIENTED_EDGE('',*,*,#2646,.T.);
#2646 = EDGE_CURVE('',#2574,#2621,#2647,.T.);
#2647 = SURFACE_CURVE('',#2648,(#2652,#2659),.PCURVE_S1.);
#2648 = LINE('',#2649,#2650);
#2649 = CARTESIAN_POINT('',(227.,-4.830127018922,-44.63397459621));
#2650 = VECTOR('',#2651,1.);
#2651 = DIRECTION('',(0.,0.866025403784,0.5));
#2652 = PCURVE('',#1547,#2653);
#2653 = DEFINITIONAL_REPRESENTATION('',(#2654),#2658);
#2654 = LINE('',#2655,#2656);
#2655 = CARTESIAN_POINT('',(25.,0.));
#2656 = VECTOR('',#2657,1.);
#2657 = DIRECTION('',(0.,1.));
#2658 = ( GEOMETRIC_REPRESENTATION_CONTEXT(2) 
PARAMETRIC_REPRESENTATION_CONTEXT() REPRESENTATION_CONTEXT('2D SPACE',''
  ) );
#2659 = PCURVE('',#2556,#2660);
#2660 = DEFINITIONAL_REPRESENTATION('',(#2661),#2665);
#2661 = LINE('',#2662,#2663);
#2662 = CARTESIAN_POINT('',(2.,-2.22044604925E-15));
#2663 = VECTOR('',#2664,1.);
#2664 = DIRECTION('',(0.,-1.));
#2665 = ( GEOMETRIC_REPRESENTATION_CONTEXT(2) 
PARAMETRIC_REPRESENTATION_CONTEXT() REPRESENTATION_CONTEXT('2D SPACE',''
  ) );
#2666 = ADVANCED_FACE('',(#2667),#1597,.T.);
#2667 = FACE_BOUND('',#2668,.T.);
#2668 = EDGE_LOOP('',(#2669));
#2669 = ORIENTED_EDGE('',*,*,#1582,.T.);
#2670 = ADVANCED_FACE('',(#2671),#1515,.T.);
#2671 = FACE_BOUND('',#2672,.T.);
#2672 = EDGE_LOOP('',(#2673,#2674,#2675,#2676));
#2673 = ORIENTED_EDGE('',*,*,#2494,.F.);
#2674 = ORIENTED_EDGE('',*,*,#1495,.F.);
#2675 = ORIENTED_EDGE('',*,*,#2620,.T.);
#2676 = ORIENTED_EDGE('',*,*,#2677,.F.);
#2677 = EDGE_CURVE('',#2495,#2621,#2678,.T.);
#2678 = SURFACE_CURVE('',#2679,(#2683,#2690),.PCURVE_S1.);
#2679 = LINE('',#2680,#2681);
#2680 = CARTESIAN_POINT('',(227.,4.830127018922,-41.36602540378));
#2681 = VECTOR('',#2682,1.);
#2682 = DIRECTION('',(0.,-0.5,0.866025403784));
#2683 = PCURVE('',#1515,#2684);
#2684 = DEFINITIONAL_REPRESENTATION('',(#2685),#2689);
#2685 = LINE('',#2686,#2687);
#2686 = CARTESIAN_POINT('',(0.,25.));
#2687 = VECTOR('',#2688,1.);
#2688 = DIRECTION('',(1.,0.));
#2689 = ( GEOMETRIC_REPRESENTATION_CONTEXT(2) 
PARAMETRIC_REPRESENTATION_CONTEXT() REPRESENTATION_CONTEXT('2D SPACE',''
  ) );
#2690 = PCURVE('',#2556,#2691);
#2691 = DEFINITIONAL_REPRESENTATION('',(#2692),#2696);
#2692 = LINE('',#2693,#2694);
#2693 = CARTESIAN_POINT('',(0.,-10.));
#2694 = VECTOR('',#2695,1.);
#2695 = DIRECTION('',(1.,0.));
#2696 = ( GEOMETRIC_REPRESENTATION_CONTEXT(2) 
PARAMETRIC_REPRESENTATION_CONTEXT() REPRESENTATION_CONTEXT('2D SPACE',''
  ) );
#2697 = ADVANCED_FACE('',(#2698),#1720,.T.);
#2698 = FACE_BOUND('',#2699,.T.);
#2699 = EDGE_LOOP('',(#2700,#2723,#2724,#2747));
#2700 = ORIENTED_EDGE('',*,*,#2701,.F.);
#2701 = EDGE_CURVE('',#1700,#2702,#2704,.T.);
#2702 = VERTEX_POINT('',#2703);
#2703 = CARTESIAN_POINT('',(155.00232205534,12.602873143189,
    -39.63397459621));
#2704 = SURFACE_CURVE('',#2705,(#2709,#2716),.PCURVE_S1.);
#2705 = LINE('',#2706,#2707);
#2706 = CARTESIAN_POINT('',(177.5265437529,1.75577966525,-39.63397459621
    ));
#2707 = VECTOR('',#2708,1.);
#2708 = DIRECTION('',(-0.900968867902,0.433883739118,0.));
#2709 = PCURVE('',#1720,#2710);
#2710 = DEFINITIONAL_REPRESENTATION('',(#2711),#2715);
#2711 = LINE('',#2712,#2713);
#2712 = CARTESIAN_POINT('',(-8.437694987151E-15,10.));
#2713 = VECTOR('',#2714,1.);
#2714 = DIRECTION('',(1.,0.));
#2715 = ( GEOMETRIC_REPRESENTATION_CONTEXT(2) 
PARAMETRIC_REPRESENTATION_CONTEXT() REPRESENTATION_CONTEXT('2D SPACE',''
  ) );
#2716 = PCURVE('',#1815,#2717);
#2717 = DEFINITIONAL_REPRESENTATION('',(#2718),#2722);
#2718 = LINE('',#2719,#2720);
#2719 = CARTESIAN_POINT('',(2.,-2.386979502944E-15));
#2720 = VECTOR('',#2721,1.);
#2721 = DIRECTION('',(0.,1.));
#2722 = ( GEOMETRIC_REPRESENTATION_CONTEXT(2) 
PARAMETRIC_REPRESENTATION_CONTEXT() REPRESENTATION_CONTEXT('2D SPACE',''
  ) );
#2723 = ORIENTED_EDGE('',*,*,#1697,.F.);
#2724 = ORIENTED_EDGE('',*,*,#2725,.T.);
#2725 = EDGE_CURVE('',#1698,#2726,#2728,.T.);
#2726 = VERTEX_POINT('',#2727);
#2727 = CARTESIAN_POINT('',(158.75986545899,20.405492419413,
    -44.63397459621));
#2728 = SURFACE_CURVE('',#2729,(#2733,#2740),.PCURVE_S1.);
#2729 = LINE('',#2730,#2731);
#2730 = CARTESIAN_POINT('',(181.28408715655,9.558398941474,
    -44.63397459621));
#2731 = VECTOR('',#2732,1.);
#2732 = DIRECTION('',(-0.900968867902,0.433883739118,0.));
#2733 = PCURVE('',#1720,#2734);
#2734 = DEFINITIONAL_REPRESENTATION('',(#2735),#2739);
#2735 = LINE('',#2736,#2737);
#2736 = CARTESIAN_POINT('',(0.,0.));
#2737 = VECTOR('',#2738,1.);
#2738 = DIRECTION('',(1.,0.));
#2739 = ( GEOMETRIC_REPRESENTATION_CONTEXT(2) 
PARAMETRIC_REPRESENTATION_CONTEXT() REPRESENTATION_CONTEXT('2D SPACE',''
  ) );
#2740 = PCURVE('',#1752,#2741);
#2741 = DEFINITIONAL_REPRESENTATION('',(#2742),#2746);
#2742 = LINE('',#2743,#2744);
#2743 = CARTESIAN_POINT('',(2.,-2.275957200482E-15));
#2744 = VECTOR('',#2745,1.);
#2745 = DIRECTION('',(0.,1.));
#2746 = ( GEOMETRIC_REPRESENTATION_CONTEXT(2) 
PARAMETRIC_REPRESENTATION_CONTEXT() REPRESENTATION_CONTEXT('2D SPACE',''
  ) );
#2747 = ORIENTED_EDGE('',*,*,#2748,.T.);
#2748 = EDGE_CURVE('',#2726,#2702,#2749,.T.);
#2749 = SURFACE_CURVE('',#2750,(#2754,#2761),.PCURVE_S1.);
#2750 = LINE('',#2751,#2752);
#2751 = CARTESIAN_POINT('',(158.75986545899,20.405492419413,
    -44.63397459621));
#2752 = VECTOR('',#2753,1.);
#2753 = DIRECTION('',(-0.375754340365,-0.780261927622,0.5));
#2754 = PCURVE('',#1720,#2755);
#2755 = DEFINITIONAL_REPRESENTATION('',(#2756),#2760);
#2756 = LINE('',#2757,#2758);
#2757 = CARTESIAN_POINT('',(25.,0.));
#2758 = VECTOR('',#2759,1.);
#2759 = DIRECTION('',(0.,1.));
#2760 = ( GEOMETRIC_REPRESENTATION_CONTEXT(2) 
PARAMETRIC_REPRESENTATION_CONTEXT() REPRESENTATION_CONTEXT('2D SPACE',''
  ) );
#2761 = PCURVE('',#2762,#2767);
#2762 = PLANE('',#2763);
#2763 = AXIS2_PLACEMENT_3D('',#2764,#2765,#2766);
#2764 = CARTESIAN_POINT('',(158.32598171987,19.50452355151,
    -46.36602540378));
#2765 = DIRECTION('',(-0.900968867902,0.433883739118,0.));
#2766 = DIRECTION('',(0.216941869559,0.450484433951,0.866025403784));
#2767 = DEFINITIONAL_REPRESENTATION('',(#2768),#2772);
#2768 = LINE('',#2769,#2770);
#2769 = CARTESIAN_POINT('',(2.,3.330669073875E-16));
#2770 = VECTOR('',#2771,1.);
#2771 = DIRECTION('',(0.,-1.));
#2772 = ( GEOMETRIC_REPRESENTATION_CONTEXT(2) 
PARAMETRIC_REPRESENTATION_CONTEXT() REPRESENTATION_CONTEXT('2D SPACE',''
  ) );
#2773 = ADVANCED_FACE('',(#2774),#1752,.F.);
#2774 = FACE_BOUND('',#2775,.F.);
#2775 = EDGE_LOOP('',(#2776,#2799,#2800,#2801));
#2776 = ORIENTED_EDGE('',*,*,#2777,.F.);
#2777 = EDGE_CURVE('',#1733,#2778,#2780,.T.);
#2778 = VERTEX_POINT('',#2779);
#2779 = CARTESIAN_POINT('',(158.32598171987,19.50452355151,
    -46.36602540378));
#2780 = SURFACE_CURVE('',#2781,(#2785,#2792),.PCURVE_S1.);
#2781 = LINE('',#2782,#2783);
#2782 = CARTESIAN_POINT('',(180.85020341743,8.657430073571,
    -46.36602540378));
#2783 = VECTOR('',#2784,1.);
#2784 = DIRECTION('',(-0.900968867902,0.433883739118,0.));
#2785 = PCURVE('',#1752,#2786);
#2786 = DEFINITIONAL_REPRESENTATION('',(#2787),#2791);
#2787 = LINE('',#2788,#2789);
#2788 = CARTESIAN_POINT('',(0.,0.));
#2789 = VECTOR('',#2790,1.);
#2790 = DIRECTION('',(0.,1.));
#2791 = ( GEOMETRIC_REPRESENTATION_CONTEXT(2) 
PARAMETRIC_REPRESENTATION_CONTEXT() REPRESENTATION_CONTEXT('2D SPACE',''
  ) );
#2792 = PCURVE('',#1785,#2793);
#2793 = DEFINITIONAL_REPRESENTATION('',(#2794),#2798);
#2794 = LINE('',#2795,#2796);
#2795 = CARTESIAN_POINT('',(0.,0.));
#2796 = VECTOR('',#2797,1.);
#2797 = DIRECTION('',(1.,0.));
#2798 = ( GEOMETRIC_REPRESENTATION_CONTEXT(2) 
PARAMETRIC_REPRESENTATION_CONTEXT() REPRESENTATION_CONTEXT('2D SPACE',''
  ) );
#2799 = ORIENTED_EDGE('',*,*,#1732,.F.);
#2800 = ORIENTED_EDGE('',*,*,#2725,.T.);
#2801 = ORIENTED_EDGE('',*,*,#2802,.F.);
#2802 = EDGE_CURVE('',#2778,#2726,#2803,.T.);
#2803 = SURFACE_CURVE('',#2804,(#2808,#2815),.PCURVE_S1.);
#2804 = LINE('',#2805,#2806);
#2805 = CARTESIAN_POINT('',(158.32598171987,19.50452355151,
    -46.36602540378));
#2806 = VECTOR('',#2807,1.);
#2807 = DIRECTION('',(0.216941869559,0.450484433951,0.866025403784));
#2808 = PCURVE('',#1752,#2809);
#2809 = DEFINITIONAL_REPRESENTATION('',(#2810),#2814);
#2810 = LINE('',#2811,#2812);
#2811 = CARTESIAN_POINT('',(-8.881784197001E-16,25.));
#2812 = VECTOR('',#2813,1.);
#2813 = DIRECTION('',(1.,0.));
#2814 = ( GEOMETRIC_REPRESENTATION_CONTEXT(2) 
PARAMETRIC_REPRESENTATION_CONTEXT() REPRESENTATION_CONTEXT('2D SPACE',''
  ) );
#2815 = PCURVE('',#2762,#2816);
#2816 = DEFINITIONAL_REPRESENTATION('',(#2817),#2821);
#2817 = LINE('',#2818,#2819);
#2818 = CARTESIAN_POINT('',(0.,0.));
#2819 = VECTOR('',#2820,1.);
#2820 = DIRECTION('',(1.,0.));
#2821 = ( GEOMETRIC_REPRESENTATION_CONTEXT(2) 
PARAMETRIC_REPRESENTATION_CONTEXT() REPRESENTATION_CONTEXT('2D SPACE',''
  ) );
#2822 = ADVANCED_FACE('',(#2823),#1815,.T.);
#2823 = FACE_BOUND('',#2824,.T.);
#2824 = EDGE_LOOP('',(#2825,#2848,#2849,#2850));
#2825 = ORIENTED_EDGE('',*,*,#2826,.F.);
#2826 = EDGE_CURVE('',#1765,#2827,#2829,.T.);
#2827 = VERTEX_POINT('',#2828);
#2828 = CARTESIAN_POINT('',(154.56843831622,11.701904275286,
    -41.36602540378));
#2829 = SURFACE_CURVE('',#2830,(#2834,#2841),.PCURVE_S1.);
#2830 = LINE('',#2831,#2832);
#2831 = CARTESIAN_POINT('',(177.09266001378,0.854810797347,
    -41.36602540378));
#2832 = VECTOR('',#2833,1.);
#2833 = DIRECTION('',(-0.900968867902,0.433883739118,0.));
#2834 = PCURVE('',#1815,#2835);
#2835 = DEFINITIONAL_REPRESENTATION('',(#2836),#2840);
#2836 = LINE('',#2837,#2838);
#2837 = CARTESIAN_POINT('',(0.,0.));
#2838 = VECTOR('',#2839,1.);
#2839 = DIRECTION('',(0.,1.));
#2840 = ( GEOMETRIC_REPRESENTATION_CONTEXT(2) 
PARAMETRIC_REPRESENTATION_CONTEXT() REPRESENTATION_CONTEXT('2D SPACE',''
  ) );
#2841 = PCURVE('',#1785,#2842);
#2842 = DEFINITIONAL_REPRESENTATION('',(#2843),#2847);
#2843 = LINE('',#2844,#2845);
#2844 = CARTESIAN_POINT('',(-8.437694987151E-15,10.));
#2845 = VECTOR('',#2846,1.);
#2846 = DIRECTION('',(1.,0.));
#2847 = ( GEOMETRIC_REPRESENTATION_CONTEXT(2) 
PARAMETRIC_REPRESENTATION_CONTEXT() REPRESENTATION_CONTEXT('2D SPACE',''
  ) );
#2848 = ORIENTED_EDGE('',*,*,#1797,.F.);
#2849 = ORIENTED_EDGE('',*,*,#2701,.T.);
#2850 = ORIENTED_EDGE('',*,*,#2851,.F.);
#2851 = EDGE_CURVE('',#2827,#2702,#2852,.T.);
#2852 = SURFACE_CURVE('',#2853,(#2857,#2864),.PCURVE_S1.);
#2853 = LINE('',#2854,#2855);
#2854 = CARTESIAN_POINT('',(154.56843831622,11.701904275286,
    -41.36602540378));
#2855 = VECTOR('',#2856,1.);
#2856 = DIRECTION('',(0.216941869559,0.450484433951,0.866025403784));
#2857 = PCURVE('',#1815,#2858);
#2858 = DEFINITIONAL_REPRESENTATION('',(#2859),#2863);
#2859 = LINE('',#2860,#2861);
#2860 = CARTESIAN_POINT('',(-8.881784197001E-16,25.));
#2861 = VECTOR('',#2862,1.);
#2862 = DIRECTION('',(1.,0.));
#2863 = ( GEOMETRIC_REPRESENTATION_CONTEXT(2) 
PARAMETRIC_REPRESENTATION_CONTEXT() REPRESENTATION_CONTEXT('2D SPACE',''
  ) );
#2864 = PCURVE('',#2762,#2865);
#2865 = DEFINITIONAL_REPRESENTATION('',(#2866),#2870);
#2866 = LINE('',#2867,#2868);
#2867 = CARTESIAN_POINT('',(6.217248937901E-15,-10.));
#2868 = VECTOR('',#2869,1.);
#2869 = DIRECTION('',(1.,0.));
#2870 = ( GEOMETRIC_REPRESENTATION_CONTEXT(2) 
PARAMETRIC_REPRESENTATION_CONTEXT() REPRESENTATION_CONTEXT('2D SPACE',''
  ) );
#2871 = ADVANCED_FACE('',(#2872),#1785,.F.);
#2872 = FACE_BOUND('',#2873,.F.);
#2873 = EDGE_LOOP('',(#2874,#2875,#2876,#2877));
#2874 = ORIENTED_EDGE('',*,*,#2826,.F.);
#2875 = ORIENTED_EDGE('',*,*,#1764,.F.);
#2876 = ORIENTED_EDGE('',*,*,#2777,.T.);
#2877 = ORIENTED_EDGE('',*,*,#2878,.T.);
#2878 = EDGE_CURVE('',#2778,#2827,#2879,.T.);
#2879 = SURFACE_CURVE('',#2880,(#2884,#2891),.PCURVE_S1.);
#2880 = LINE('',#2881,#2882);
#2881 = CARTESIAN_POINT('',(158.32598171987,19.50452355151,
    -46.36602540378));
#2882 = VECTOR('',#2883,1.);
#2883 = DIRECTION('',(-0.375754340365,-0.780261927622,0.5));
#2884 = PCURVE('',#1785,#2885);
#2885 = DEFINITIONAL_REPRESENTATION('',(#2886),#2890);
#2886 = LINE('',#2887,#2888);
#2887 = CARTESIAN_POINT('',(25.,0.));
#2888 = VECTOR('',#2889,1.);
#2889 = DIRECTION('',(0.,1.));
#2890 = ( GEOMETRIC_REPRESENTATION_CONTEXT(2) 
PARAMETRIC_REPRESENTATION_CONTEXT() REPRESENTATION_CONTEXT('2D SPACE',''
  ) );
#2891 = PCURVE('',#2762,#2892);
#2892 = DEFINITIONAL_REPRESENTATION('',(#2893),#2897);
#2893 = LINE('',#2894,#2895);
#2894 = CARTESIAN_POINT('',(0.,0.));
#2895 = VECTOR('',#2896,1.);
#2896 = DIRECTION('',(0.,-1.));
#2897 = ( GEOMETRIC_REPRESENTATION_CONTEXT(2) 
PARAMETRIC_REPRESENTATION_CONTEXT() REPRESENTATION_CONTEXT('2D SPACE',''
  ) );
#2898 = ADVANCED_FACE('',(#2899),#1852,.T.);
#2899 = FACE_BOUND('',#2900,.T.);
#2900 = EDGE_LOOP('',(#2901,#2924,#2925,#2948));
#2901 = ORIENTED_EDGE('',*,*,#2902,.F.);
#2902 = EDGE_CURVE('',#1832,#2903,#2905,.T.);
#2903 = VERTEX_POINT('',#2904);
#2904 = CARTESIAN_POINT('',(216.06363655401,-26.53971971519,
    -39.63397459621));
#2905 = SURFACE_CURVE('',#2906,(#2910,#2917),.PCURVE_S1.);
#2906 = LINE('',#2907,#2908);
#2907 = CARTESIAN_POINT('',(200.47639150755,-6.993932653495,
    -39.63397459621));
#2908 = VECTOR('',#2909,1.);
#2909 = DIRECTION('',(0.623489801859,-0.781831482468,0.));
#2910 = PCURVE('',#1852,#2911);
#2911 = DEFINITIONAL_REPRESENTATION('',(#2912),#2916);
#2912 = LINE('',#2913,#2914);
#2913 = CARTESIAN_POINT('',(1.7763568394E-15,10.));
#2914 = VECTOR('',#2915,1.);
#2915 = DIRECTION('',(1.,1.20185167899E-17));
#2916 = ( GEOMETRIC_REPRESENTATION_CONTEXT(2) 
PARAMETRIC_REPRESENTATION_CONTEXT() REPRESENTATION_CONTEXT('2D SPACE',''
  ) );
#2917 = PCURVE('',#1947,#2918);
#2918 = DEFINITIONAL_REPRESENTATION('',(#2919),#2923);
#2919 = LINE('',#2920,#2921);
#2920 = CARTESIAN_POINT('',(2.,1.149080830487E-14));
#2921 = VECTOR('',#2922,1.);
#2922 = DIRECTION('',(-2.775557561563E-17,1.));
#2923 = ( GEOMETRIC_REPRESENTATION_CONTEXT(2) 
PARAMETRIC_REPRESENTATION_CONTEXT() REPRESENTATION_CONTEXT('2D SPACE',''
  ) );
#2924 = ORIENTED_EDGE('',*,*,#1829,.F.);
#2925 = ORIENTED_EDGE('',*,*,#2926,.T.);
#2926 = EDGE_CURVE('',#1830,#2927,#2929,.T.);
#2927 = VERTEX_POINT('',#2928);
#2928 = CARTESIAN_POINT('',(209.29277730106,-31.93929978929,
    -44.63397459621));
#2929 = SURFACE_CURVE('',#2930,(#2934,#2941),.PCURVE_S1.);
#2930 = LINE('',#2931,#2932);
#2931 = CARTESIAN_POINT('',(193.70553225459,-12.39351272759,
    -44.63397459621));
#2932 = VECTOR('',#2933,1.);
#2933 = DIRECTION('',(0.623489801859,-0.781831482468,0.));
#2934 = PCURVE('',#1852,#2935);
#2935 = DEFINITIONAL_REPRESENTATION('',(#2936),#2940);
#2936 = LINE('',#2937,#2938);
#2937 = CARTESIAN_POINT('',(0.,0.));
#2938 = VECTOR('',#2939,1.);
#2939 = DIRECTION('',(1.,1.20185167899E-17));
#2940 = ( GEOMETRIC_REPRESENTATION_CONTEXT(2) 
PARAMETRIC_REPRESENTATION_CONTEXT() REPRESENTATION_CONTEXT('2D SPACE',''
  ) );
#2941 = PCURVE('',#1884,#2942);
#2942 = DEFINITIONAL_REPRESENTATION('',(#2943),#2947);
#2943 = LINE('',#2944,#2945);
#2944 = CARTESIAN_POINT('',(2.,1.221245327088E-14));
#2945 = VECTOR('',#2946,1.);
#2946 = DIRECTION('',(-2.775557561563E-17,1.));
#2947 = ( GEOMETRIC_REPRESENTATION_CONTEXT(2) 
PARAMETRIC_REPRESENTATION_CONTEXT() REPRESENTATION_CONTEXT('2D SPACE',''
  ) );
#2948 = ORIENTED_EDGE('',*,*,#2949,.T.);
#2949 = EDGE_CURVE('',#2927,#2903,#2950,.T.);
#2950 = SURFACE_CURVE('',#2951,(#2955,#2962),.PCURVE_S1.);
#2951 = LINE('',#2952,#2953);
#2952 = CARTESIAN_POINT('',(209.29277730106,-31.93929978929,
    -44.63397459621));
#2953 = VECTOR('',#2954,1.);
#2954 = DIRECTION('',(0.677085925296,0.53995800741,0.5));
#2955 = PCURVE('',#1852,#2956);
#2956 = DEFINITIONAL_REPRESENTATION('',(#2957),#2961);
#2957 = LINE('',#2958,#2959);
#2958 = CARTESIAN_POINT('',(25.,2.13162820728E-14));
#2959 = VECTOR('',#2960,1.);
#2960 = DIRECTION('',(0.,1.));
#2961 = ( GEOMETRIC_REPRESENTATION_CONTEXT(2) 
PARAMETRIC_REPRESENTATION_CONTEXT() REPRESENTATION_CONTEXT('2D SPACE',''
  ) );
#2962 = PCURVE('',#2963,#2968);
#2963 = PLANE('',#2964);
#2964 = AXIS2_PLACEMENT_3D('',#2965,#2966,#2967);
#2965 = CARTESIAN_POINT('',(210.07460878352,-31.31580998743,
    -46.36602540378));
#2966 = DIRECTION('',(0.623489801859,-0.781831482468,0.));
#2967 = DIRECTION('',(-0.390915741234,-0.311744900929,0.866025403784));
#2968 = DEFINITIONAL_REPRESENTATION('',(#2969),#2973);
#2969 = LINE('',#2970,#2971);
#2970 = CARTESIAN_POINT('',(2.,-8.881784197001E-15));
#2971 = VECTOR('',#2972,1.);
#2972 = DIRECTION('',(0.,-1.));
#2973 = ( GEOMETRIC_REPRESENTATION_CONTEXT(2) 
PARAMETRIC_REPRESENTATION_CONTEXT() REPRESENTATION_CONTEXT('2D SPACE',''
  ) );
#2974 = ADVANCED_FACE('',(#2975),#1947,.T.);
#2975 = FACE_BOUND('',#2976,.T.);
#2976 = EDGE_LOOP('',(#2977,#3000,#3001,#3002));
#2977 = ORIENTED_EDGE('',*,*,#2978,.F.);
#2978 = EDGE_CURVE('',#1897,#2979,#2981,.T.);
#2979 = VERTEX_POINT('',#2980);
#2980 = CARTESIAN_POINT('',(216.84546803648,-25.91622991333,
    -41.36602540378));
#2981 = SURFACE_CURVE('',#2982,(#2986,#2993),.PCURVE_S1.);
#2982 = LINE('',#2983,#2984);
#2983 = CARTESIAN_POINT('',(201.25822299001,-6.370442851636,
    -41.36602540378));
#2984 = VECTOR('',#2985,1.);
#2985 = DIRECTION('',(0.623489801859,-0.781831482468,0.));
#2986 = PCURVE('',#1947,#2987);
#2987 = DEFINITIONAL_REPRESENTATION('',(#2988),#2992);
#2988 = LINE('',#2989,#2990);
#2989 = CARTESIAN_POINT('',(0.,0.));
#2990 = VECTOR('',#2991,1.);
#2991 = DIRECTION('',(-2.775557561563E-17,1.));
#2992 = ( GEOMETRIC_REPRESENTATION_CONTEXT(2) 
PARAMETRIC_REPRESENTATION_CONTEXT() REPRESENTATION_CONTEXT('2D SPACE',''
  ) );
#2993 = PCURVE('',#1917,#2994);
#2994 = DEFINITIONAL_REPRESENTATION('',(#2995),#2999);
#2995 = LINE('',#2996,#2997);
#2996 = CARTESIAN_POINT('',(1.7763568394E-15,10.));
#2997 = VECTOR('',#2998,1.);
#2998 = DIRECTION('',(1.,1.20185167899E-17));
#2999 = ( GEOMETRIC_REPRESENTATION_CONTEXT(2) 
PARAMETRIC_REPRESENTATION_CONTEXT() REPRESENTATION_CONTEXT('2D SPACE',''
  ) );
#3000 = ORIENTED_EDGE('',*,*,#1929,.F.);
#3001 = ORIENTED_EDGE('',*,*,#2902,.T.);
#3002 = ORIENTED_EDGE('',*,*,#3003,.F.);
#3003 = EDGE_CURVE('',#2979,#2903,#3004,.T.);
#3004 = SURFACE_CURVE('',#3005,(#3009,#3016),.PCURVE_S1.);
#3005 = LINE('',#3006,#3007);
#3006 = CARTESIAN_POINT('',(216.84546803648,-25.91622991333,
    -41.36602540378));
#3007 = VECTOR('',#3008,1.);
#3008 = DIRECTION('',(-0.390915741234,-0.311744900929,0.866025403784));
#3009 = PCURVE('',#1947,#3010);
#3010 = DEFINITIONAL_REPRESENTATION('',(#3011),#3015);
#3011 = LINE('',#3012,#3013);
#3012 = CARTESIAN_POINT('',(-1.503526479343E-14,25.));
#3013 = VECTOR('',#3014,1.);
#3014 = DIRECTION('',(1.,-2.775557561563E-17));
#3015 = ( GEOMETRIC_REPRESENTATION_CONTEXT(2) 
PARAMETRIC_REPRESENTATION_CONTEXT() REPRESENTATION_CONTEXT('2D SPACE',''
  ) );
#3016 = PCURVE('',#2963,#3017);
#3017 = DEFINITIONAL_REPRESENTATION('',(#3018),#3022);
#3018 = LINE('',#3019,#3020);
#3019 = CARTESIAN_POINT('',(8.881784197001E-16,-10.));
#3020 = VECTOR('',#3021,1.);
#3021 = DIRECTION('',(1.,0.));
#3022 = ( GEOMETRIC_REPRESENTATION_CONTEXT(2) 
PARAMETRIC_REPRESENTATION_CONTEXT() REPRESENTATION_CONTEXT('2D SPACE',''
  ) );
#3023 = ADVANCED_FACE('',(#3024),#1917,.F.);
#3024 = FACE_BOUND('',#3025,.F.);
#3025 = EDGE_LOOP('',(#3026,#3027,#3028,#3051));
#3026 = ORIENTED_EDGE('',*,*,#2978,.F.);
#3027 = ORIENTED_EDGE('',*,*,#1896,.F.);
#3028 = ORIENTED_EDGE('',*,*,#3029,.T.);
#3029 = EDGE_CURVE('',#1865,#3030,#3032,.T.);
#3030 = VERTEX_POINT('',#3031);
#3031 = CARTESIAN_POINT('',(210.07460878352,-31.31580998743,
    -46.36602540378));
#3032 = SURFACE_CURVE('',#3033,(#3037,#3044),.PCURVE_S1.);
#3033 = LINE('',#3034,#3035);
#3034 = CARTESIAN_POINT('',(194.48736373706,-11.77002292573,
    -46.36602540378));
#3035 = VECTOR('',#3036,1.);
#3036 = DIRECTION('',(0.623489801859,-0.781831482468,0.));
#3037 = PCURVE('',#1917,#3038);
#3038 = DEFINITIONAL_REPRESENTATION('',(#3039),#3043);
#3039 = LINE('',#3040,#3041);
#3040 = CARTESIAN_POINT('',(0.,0.));
#3041 = VECTOR('',#3042,1.);
#3042 = DIRECTION('',(1.,1.20185167899E-17));
#3043 = ( GEOMETRIC_REPRESENTATION_CONTEXT(2) 
PARAMETRIC_REPRESENTATION_CONTEXT() REPRESENTATION_CONTEXT('2D SPACE',''
  ) );
#3044 = PCURVE('',#1884,#3045);
#3045 = DEFINITIONAL_REPRESENTATION('',(#3046),#3050);
#3046 = LINE('',#3047,#3048);
#3047 = CARTESIAN_POINT('',(0.,0.));
#3048 = VECTOR('',#3049,1.);
#3049 = DIRECTION('',(-2.775557561563E-17,1.));
#3050 = ( GEOMETRIC_REPRESENTATION_CONTEXT(2) 
PARAMETRIC_REPRESENTATION_CONTEXT() REPRESENTATION_CONTEXT('2D SPACE',''
  ) );
#3051 = ORIENTED_EDGE('',*,*,#3052,.T.);
#3052 = EDGE_CURVE('',#3030,#2979,#3053,.T.);
#3053 = SURFACE_CURVE('',#3054,(#3058,#3065),.PCURVE_S1.);
#3054 = LINE('',#3055,#3056);
#3055 = CARTESIAN_POINT('',(210.07460878352,-31.31580998743,
    -46.36602540378));
#3056 = VECTOR('',#3057,1.);
#3057 = DIRECTION('',(0.677085925296,0.53995800741,0.5));
#3058 = PCURVE('',#1917,#3059);
#3059 = DEFINITIONAL_REPRESENTATION('',(#3060),#3064);
#3060 = LINE('',#3061,#3062);
#3061 = CARTESIAN_POINT('',(25.,2.13162820728E-14));
#3062 = VECTOR('',#3063,1.);
#3063 = DIRECTION('',(0.,1.));
#3064 = ( GEOMETRIC_REPRESENTATION_CONTEXT(2) 
PARAMETRIC_REPRESENTATION_CONTEXT() REPRESENTATION_CONTEXT('2D SPACE',''
  ) );
#3065 = PCURVE('',#2963,#3066);
#3066 = DEFINITIONAL_REPRESENTATION('',(#3067),#3071);
#3067 = LINE('',#3068,#3069);
#3068 = CARTESIAN_POINT('',(0.,-0.));
#3069 = VECTOR('',#3070,1.);
#3070 = DIRECTION('',(0.,-1.));
#3071 = ( GEOMETRIC_REPRESENTATION_CONTEXT(2) 
PARAMETRIC_REPRESENTATION_CONTEXT() REPRESENTATION_CONTEXT('2D SPACE',''
  ) );
#3072 = ADVANCED_FACE('',(#3073),#1884,.F.);
#3073 = FACE_BOUND('',#3074,.F.);
#3074 = EDGE_LOOP('',(#3075,#3076,#3077,#3078));
#3075 = ORIENTED_EDGE('',*,*,#3029,.F.);
#3076 = ORIENTED_EDGE('',*,*,#1864,.F.);
#3077 = ORIENTED_EDGE('',*,*,#2926,.T.);
#3078 = ORIENTED_EDGE('',*,*,#3079,.F.);
#3079 = EDGE_CURVE('',#3030,#2927,#3080,.T.);
#3080 = SURFACE_CURVE('',#3081,(#3085,#3092),.PCURVE_S1.);
#3081 = LINE('',#3082,#3083);
#3082 = CARTESIAN_POINT('',(210.07460878352,-31.31580998743,
    -46.36602540378));
#3083 = VECTOR('',#3084,1.);
#3084 = DIRECTION('',(-0.390915741234,-0.311744900929,0.866025403784));
#3085 = PCURVE('',#1884,#3086);
#3086 = DEFINITIONAL_REPRESENTATION('',(#3087),#3091);
#3087 = LINE('',#3088,#3089);
#3088 = CARTESIAN_POINT('',(-1.503526479343E-14,25.));
#3089 = VECTOR('',#3090,1.);
#3090 = DIRECTION('',(1.,-2.775557561563E-17));
#3091 = ( GEOMETRIC_REPRESENTATION_CONTEXT(2) 
PARAMETRIC_REPRESENTATION_CONTEXT() REPRESENTATION_CONTEXT('2D SPACE',''
  ) );
#3092 = PCURVE('',#2963,#3093);
#3093 = DEFINITIONAL_REPRESENTATION('',(#3094),#3098);
#3094 = LINE('',#3095,#3096);
#3095 = CARTESIAN_POINT('',(0.,-0.));
#3096 = VECTOR('',#3097,1.);
#3097 = DIRECTION('',(1.,0.));
#3098 = ( GEOMETRIC_REPRESENTATION_CONTEXT(2) 
PARAMETRIC_REPRESENTATION_CONTEXT() REPRESENTATION_CONTEXT('2D SPACE',''
  ) );
#3099 = ADVANCED_FACE('',(#3100),#1984,.T.);
#3100 = FACE_BOUND('',#3101,.T.);
#3101 = EDGE_LOOP('',(#3102,#3125,#3126,#3149));
#3102 = ORIENTED_EDGE('',*,*,#3103,.F.);
#3103 = EDGE_CURVE('',#1964,#3104,#3106,.T.);
#3104 = VERTEX_POINT('',#3105);
#3105 = CARTESIAN_POINT('',(210.07460878352,31.315809987439,
    -39.63397459621));
#3106 = SURFACE_CURVE('',#3107,(#3111,#3118),.PCURVE_S1.);
#3107 = LINE('',#3108,#3109);
#3108 = CARTESIAN_POINT('',(194.48736373706,11.770022925738,
    -39.63397459621));
#3109 = VECTOR('',#3110,1.);
#3110 = DIRECTION('',(0.623489801859,0.781831482468,0.));
#3111 = PCURVE('',#1984,#3112);
#3112 = DEFINITIONAL_REPRESENTATION('',(#3113),#3117);
#3113 = LINE('',#3114,#3115);
#3114 = CARTESIAN_POINT('',(-2.48689957516E-14,10.));
#3115 = VECTOR('',#3116,1.);
#3116 = DIRECTION('',(1.,-5.551115123126E-17));
#3117 = ( GEOMETRIC_REPRESENTATION_CONTEXT(2) 
PARAMETRIC_REPRESENTATION_CONTEXT() REPRESENTATION_CONTEXT('2D SPACE',''
  ) );
#3118 = PCURVE('',#2079,#3119);
#3119 = DEFINITIONAL_REPRESENTATION('',(#3120),#3124);
#3120 = LINE('',#3121,#3122);
#3121 = CARTESIAN_POINT('',(2.,-1.199040866595E-14));
#3122 = VECTOR('',#3123,1.);
#3123 = DIRECTION('',(2.403703357979E-17,1.));
#3124 = ( GEOMETRIC_REPRESENTATION_CONTEXT(2) 
PARAMETRIC_REPRESENTATION_CONTEXT() REPRESENTATION_CONTEXT('2D SPACE',''
  ) );
#3125 = ORIENTED_EDGE('',*,*,#1961,.F.);
#3126 = ORIENTED_EDGE('',*,*,#3127,.T.);
#3127 = EDGE_CURVE('',#1962,#3128,#3130,.T.);
#3128 = VERTEX_POINT('',#3129);
#3129 = CARTESIAN_POINT('',(216.84546803648,25.916229913337,
    -44.63397459621));
#3130 = SURFACE_CURVE('',#3131,(#3135,#3142),.PCURVE_S1.);
#3131 = LINE('',#3132,#3133);
#3132 = CARTESIAN_POINT('',(201.25822299001,6.370442851636,
    -44.63397459621));
#3133 = VECTOR('',#3134,1.);
#3134 = DIRECTION('',(0.623489801859,0.781831482468,0.));
#3135 = PCURVE('',#1984,#3136);
#3136 = DEFINITIONAL_REPRESENTATION('',(#3137),#3141);
#3137 = LINE('',#3138,#3139);
#3138 = CARTESIAN_POINT('',(0.,0.));
#3139 = VECTOR('',#3140,1.);
#3140 = DIRECTION('',(1.,-5.551115123126E-17));
#3141 = ( GEOMETRIC_REPRESENTATION_CONTEXT(2) 
PARAMETRIC_REPRESENTATION_CONTEXT() REPRESENTATION_CONTEXT('2D SPACE',''
  ) );
#3142 = PCURVE('',#2016,#3143);
#3143 = DEFINITIONAL_REPRESENTATION('',(#3144),#3148);
#3144 = LINE('',#3145,#3146);
#3145 = CARTESIAN_POINT('',(2.,1.476596622751E-14));
#3146 = VECTOR('',#3147,1.);
#3147 = DIRECTION('',(2.403703357979E-17,1.));
#3148 = ( GEOMETRIC_REPRESENTATION_CONTEXT(2) 
PARAMETRIC_REPRESENTATION_CONTEXT() REPRESENTATION_CONTEXT('2D SPACE',''
  ) );
#3149 = ORIENTED_EDGE('',*,*,#3150,.T.);
#3150 = EDGE_CURVE('',#3128,#3104,#3151,.T.);
#3151 = SURFACE_CURVE('',#3152,(#3156,#3163),.PCURVE_S1.);
#3152 = LINE('',#3153,#3154);
#3153 = CARTESIAN_POINT('',(216.84546803648,25.916229913337,
    -44.63397459621));
#3154 = VECTOR('',#3155,1.);
#3155 = DIRECTION('',(-0.677085925296,0.53995800741,0.5));
#3156 = PCURVE('',#1984,#3157);
#3157 = DEFINITIONAL_REPRESENTATION('',(#3158),#3162);
#3158 = LINE('',#3159,#3160);
#3159 = CARTESIAN_POINT('',(25.,2.13162820728E-14));
#3160 = VECTOR('',#3161,1.);
#3161 = DIRECTION('',(-5.551115123126E-17,1.));
#3162 = ( GEOMETRIC_REPRESENTATION_CONTEXT(2) 
PARAMETRIC_REPRESENTATION_CONTEXT() REPRESENTATION_CONTEXT('2D SPACE',''
  ) );
#3163 = PCURVE('',#3164,#3169);
#3164 = PLANE('',#3165);
#3165 = AXIS2_PLACEMENT_3D('',#3166,#3167,#3168);
#3166 = CARTESIAN_POINT('',(216.06363655401,26.539719715196,
    -46.36602540378));
#3167 = DIRECTION('',(0.623489801859,0.781831482468,0.));
#3168 = DIRECTION('',(0.390915741234,-0.311744900929,0.866025403784));
#3169 = DEFINITIONAL_REPRESENTATION('',(#3170),#3174);
#3170 = LINE('',#3171,#3172);
#3171 = CARTESIAN_POINT('',(2.,-8.992806499464E-15));
#3172 = VECTOR('',#3173,1.);
#3173 = DIRECTION('',(0.,-1.));
#3174 = ( GEOMETRIC_REPRESENTATION_CONTEXT(2) 
PARAMETRIC_REPRESENTATION_CONTEXT() REPRESENTATION_CONTEXT('2D SPACE',''
  ) );
#3175 = ADVANCED_FACE('',(#3176),#2016,.F.);
#3176 = FACE_BOUND('',#3177,.F.);
#3177 = EDGE_LOOP('',(#3178,#3201,#3202,#3203));
#3178 = ORIENTED_EDGE('',*,*,#3179,.F.);
#3179 = EDGE_CURVE('',#1997,#3180,#3182,.T.);
#3180 = VERTEX_POINT('',#3181);
#3181 = CARTESIAN_POINT('',(216.06363655401,26.539719715196,
    -46.36602540378));
#3182 = SURFACE_CURVE('',#3183,(#3187,#3194),.PCURVE_S1.);
#3183 = LINE('',#3184,#3185);
#3184 = CARTESIAN_POINT('',(200.47639150755,6.993932653495,
    -46.36602540378));
#3185 = VECTOR('',#3186,1.);
#3186 = DIRECTION('',(0.623489801859,0.781831482468,0.));
#3187 = PCURVE('',#2016,#3188);
#3188 = DEFINITIONAL_REPRESENTATION('',(#3189),#3193);
#3189 = LINE('',#3190,#3191);
#3190 = CARTESIAN_POINT('',(0.,0.));
#3191 = VECTOR('',#3192,1.);
#3192 = DIRECTION('',(2.403703357979E-17,1.));
#3193 = ( GEOMETRIC_REPRESENTATION_CONTEXT(2) 
PARAMETRIC_REPRESENTATION_CONTEXT() REPRESENTATION_CONTEXT('2D SPACE',''
  ) );
#3194 = PCURVE('',#2049,#3195);
#3195 = DEFINITIONAL_REPRESENTATION('',(#3196),#3200);
#3196 = LINE('',#3197,#3198);
#3197 = CARTESIAN_POINT('',(0.,0.));
#3198 = VECTOR('',#3199,1.);
#3199 = DIRECTION('',(1.,-5.551115123126E-17));
#3200 = ( GEOMETRIC_REPRESENTATION_CONTEXT(2) 
PARAMETRIC_REPRESENTATION_CONTEXT() REPRESENTATION_CONTEXT('2D SPACE',''
  ) );
#3201 = ORIENTED_EDGE('',*,*,#1996,.F.);
#3202 = ORIENTED_EDGE('',*,*,#3127,.T.);
#3203 = ORIENTED_EDGE('',*,*,#3204,.F.);
#3204 = EDGE_CURVE('',#3180,#3128,#3205,.T.);
#3205 = SURFACE_CURVE('',#3206,(#3210,#3217),.PCURVE_S1.);
#3206 = LINE('',#3207,#3208);
#3207 = CARTESIAN_POINT('',(216.06363655401,26.539719715196,
    -46.36602540378));
#3208 = VECTOR('',#3209,1.);
#3209 = DIRECTION('',(0.390915741234,-0.311744900929,0.866025403784));
#3210 = PCURVE('',#2016,#3211);
#3211 = DEFINITIONAL_REPRESENTATION('',(#3212),#3216);
#3212 = LINE('',#3213,#3214);
#3213 = CARTESIAN_POINT('',(0.,25.));
#3214 = VECTOR('',#3215,1.);
#3215 = DIRECTION('',(1.,0.));
#3216 = ( GEOMETRIC_REPRESENTATION_CONTEXT(2) 
PARAMETRIC_REPRESENTATION_CONTEXT() REPRESENTATION_CONTEXT('2D SPACE',''
  ) );
#3217 = PCURVE('',#3164,#3218);
#3218 = DEFINITIONAL_REPRESENTATION('',(#3219),#3223);
#3219 = LINE('',#3220,#3221);
#3220 = CARTESIAN_POINT('',(0.,0.));
#3221 = VECTOR('',#3222,1.);
#3222 = DIRECTION('',(1.,0.));
#3223 = ( GEOMETRIC_REPRESENTATION_CONTEXT(2) 
PARAMETRIC_REPRESENTATION_CONTEXT() REPRESENTATION_CONTEXT('2D SPACE',''
  ) );
#3224 = ADVANCED_FACE('',(#3225),#2079,.T.);
#3225 = FACE_BOUND('',#3226,.T.);
#3226 = EDGE_LOOP('',(#3227,#3250,#3251,#3252));
#3227 = ORIENTED_EDGE('',*,*,#3228,.F.);
#3228 = EDGE_CURVE('',#2029,#3229,#3231,.T.);
#3229 = VERTEX_POINT('',#3230);
#3230 = CARTESIAN_POINT('',(209.29277730106,31.939299789297,
    -41.36602540378));
#3231 = SURFACE_CURVE('',#3232,(#3236,#3243),.PCURVE_S1.);
#3232 = LINE('',#3233,#3234);
#3233 = CARTESIAN_POINT('',(193.70553225459,12.393512727597,
    -41.36602540378));
#3234 = VECTOR('',#3235,1.);
#3235 = DIRECTION('',(0.623489801859,0.781831482468,0.));
#3236 = PCURVE('',#2079,#3237);
#3237 = DEFINITIONAL_REPRESENTATION('',(#3238),#3242);
#3238 = LINE('',#3239,#3240);
#3239 = CARTESIAN_POINT('',(0.,0.));
#3240 = VECTOR('',#3241,1.);
#3241 = DIRECTION('',(2.403703357979E-17,1.));
#3242 = ( GEOMETRIC_REPRESENTATION_CONTEXT(2) 
PARAMETRIC_REPRESENTATION_CONTEXT() REPRESENTATION_CONTEXT('2D SPACE',''
  ) );
#3243 = PCURVE('',#2049,#3244);
#3244 = DEFINITIONAL_REPRESENTATION('',(#3245),#3249);
#3245 = LINE('',#3246,#3247);
#3246 = CARTESIAN_POINT('',(-4.440892098501E-15,10.));
#3247 = VECTOR('',#3248,1.);
#3248 = DIRECTION('',(1.,-5.551115123126E-17));
#3249 = ( GEOMETRIC_REPRESENTATION_CONTEXT(2) 
PARAMETRIC_REPRESENTATION_CONTEXT() REPRESENTATION_CONTEXT('2D SPACE',''
  ) );
#3250 = ORIENTED_EDGE('',*,*,#2061,.F.);
#3251 = ORIENTED_EDGE('',*,*,#3103,.T.);
#3252 = ORIENTED_EDGE('',*,*,#3253,.F.);
#3253 = EDGE_CURVE('',#3229,#3104,#3254,.T.);
#3254 = SURFACE_CURVE('',#3255,(#3259,#3266),.PCURVE_S1.);
#3255 = LINE('',#3256,#3257);
#3256 = CARTESIAN_POINT('',(209.29277730106,31.939299789297,
    -41.36602540378));
#3257 = VECTOR('',#3258,1.);
#3258 = DIRECTION('',(0.390915741234,-0.311744900929,0.866025403784));
#3259 = PCURVE('',#2079,#3260);
#3260 = DEFINITIONAL_REPRESENTATION('',(#3261),#3265);
#3261 = LINE('',#3262,#3263);
#3262 = CARTESIAN_POINT('',(0.,25.));
#3263 = VECTOR('',#3264,1.);
#3264 = DIRECTION('',(1.,0.));
#3265 = ( GEOMETRIC_REPRESENTATION_CONTEXT(2) 
PARAMETRIC_REPRESENTATION_CONTEXT() REPRESENTATION_CONTEXT('2D SPACE',''
  ) );
#3266 = PCURVE('',#3164,#3267);
#3267 = DEFINITIONAL_REPRESENTATION('',(#3268),#3272);
#3268 = LINE('',#3269,#3270);
#3269 = CARTESIAN_POINT('',(-8.881784197001E-16,-10.));
#3270 = VECTOR('',#3271,1.);
#3271 = DIRECTION('',(1.,0.));
#3272 = ( GEOMETRIC_REPRESENTATION_CONTEXT(2) 
PARAMETRIC_REPRESENTATION_CONTEXT() REPRESENTATION_CONTEXT('2D SPACE',''
  ) );
#3273 = ADVANCED_FACE('',(#3274),#2049,.F.);
#3274 = FACE_BOUND('',#3275,.F.);
#3275 = EDGE_LOOP('',(#3276,#3277,#3278,#3279));
#3276 = ORIENTED_EDGE('',*,*,#3228,.F.);
#3277 = ORIENTED_EDGE('',*,*,#2028,.F.);
#3278 = ORIENTED_EDGE('',*,*,#3179,.T.);
#3279 = ORIENTED_EDGE('',*,*,#3280,.T.);
#3280 = EDGE_CURVE('',#3180,#3229,#3281,.T.);
#3281 = SURFACE_CURVE('',#3282,(#3286,#3293),.PCURVE_S1.);
#3282 = LINE('',#3283,#3284);
#3283 = CARTESIAN_POINT('',(216.06363655401,26.539719715196,
    -46.36602540378));
#3284 = VECTOR('',#3285,1.);
#3285 = DIRECTION('',(-0.677085925296,0.53995800741,0.5));
#3286 = PCURVE('',#2049,#3287);
#3287 = DEFINITIONAL_REPRESENTATION('',(#3288),#3292);
#3288 = LINE('',#3289,#3290);
#3289 = CARTESIAN_POINT('',(25.,0.));
#3290 = VECTOR('',#3291,1.);
#3291 = DIRECTION('',(-5.551115123126E-17,1.));
#3292 = ( GEOMETRIC_REPRESENTATION_CONTEXT(2) 
PARAMETRIC_REPRESENTATION_CONTEXT() REPRESENTATION_CONTEXT('2D SPACE',''
  ) );
#3293 = PCURVE('',#3164,#3294);
#3294 = DEFINITIONAL_REPRESENTATION('',(#3295),#3299);
#3295 = LINE('',#3296,#3297);
#3296 = CARTESIAN_POINT('',(0.,0.));
#3297 = VECTOR('',#3298,1.);
#3298 = DIRECTION('',(0.,-1.));
#3299 = ( GEOMETRIC_REPRESENTATION_CONTEXT(2) 
PARAMETRIC_REPRESENTATION_CONTEXT() REPRESENTATION_CONTEXT('2D SPACE',''
  ) );
#3300 = ADVANCED_FACE('',(#3301),#2116,.T.);
#3301 = FACE_BOUND('',#3302,.T.);
#3302 = EDGE_LOOP('',(#3303,#3326,#3327,#3350));
#3303 = ORIENTED_EDGE('',*,*,#3304,.F.);
#3304 = EDGE_CURVE('',#2096,#3305,#3307,.T.);
#3305 = VERTEX_POINT('',#3306);
#3306 = CARTESIAN_POINT('',(178.03262770566,35.220049309306,
    -39.63397459621));
#3307 = SURFACE_CURVE('',#3308,(#3312,#3319),.PCURVE_S1.);
#3308 = LINE('',#3309,#3310);
#3309 = CARTESIAN_POINT('',(183.59565105457,10.84685150476,
    -39.63397459621));
#3310 = VECTOR('',#3311,1.);
#3311 = DIRECTION('',(-0.222520933956,0.974927912182,0.));
#3312 = PCURVE('',#2116,#3313);
#3313 = DEFINITIONAL_REPRESENTATION('',(#3314),#3318);
#3314 = LINE('',#3315,#3316);
#3315 = CARTESIAN_POINT('',(-1.354472090043E-14,10.));
#3316 = VECTOR('',#3317,1.);
#3317 = DIRECTION('',(1.,0.));
#3318 = ( GEOMETRIC_REPRESENTATION_CONTEXT(2) 
PARAMETRIC_REPRESENTATION_CONTEXT() REPRESENTATION_CONTEXT('2D SPACE',''
  ) );
#3319 = PCURVE('',#2211,#3320);
#3320 = DEFINITIONAL_REPRESENTATION('',(#3321),#3325);
#3321 = LINE('',#3322,#3323);
#3322 = CARTESIAN_POINT('',(2.,-1.584843367652E-14));
#3323 = VECTOR('',#3324,1.);
#3324 = DIRECTION('',(0.,1.));
#3325 = ( GEOMETRIC_REPRESENTATION_CONTEXT(2) 
PARAMETRIC_REPRESENTATION_CONTEXT() REPRESENTATION_CONTEXT('2D SPACE',''
  ) );
#3326 = ORIENTED_EDGE('',*,*,#2093,.F.);
#3327 = ORIENTED_EDGE('',*,*,#3328,.T.);
#3328 = EDGE_CURVE('',#2094,#3329,#3331,.T.);
#3329 = VERTEX_POINT('',#3330);
#3330 = CARTESIAN_POINT('',(186.47575109374,37.147137126106,
    -44.63397459621));
#3331 = SURFACE_CURVE('',#3332,(#3336,#3343),.PCURVE_S1.);
#3332 = LINE('',#3333,#3334);
#3333 = CARTESIAN_POINT('',(192.03877444265,12.77393932156,
    -44.63397459621));
#3334 = VECTOR('',#3335,1.);
#3335 = DIRECTION('',(-0.222520933956,0.974927912182,0.));
#3336 = PCURVE('',#2116,#3337);
#3337 = DEFINITIONAL_REPRESENTATION('',(#3338),#3342);
#3338 = LINE('',#3339,#3340);
#3339 = CARTESIAN_POINT('',(0.,0.));
#3340 = VECTOR('',#3341,1.);
#3341 = DIRECTION('',(1.,0.));
#3342 = ( GEOMETRIC_REPRESENTATION_CONTEXT(2) 
PARAMETRIC_REPRESENTATION_CONTEXT() REPRESENTATION_CONTEXT('2D SPACE',''
  ) );
#3343 = PCURVE('',#2148,#3344);
#3344 = DEFINITIONAL_REPRESENTATION('',(#3345),#3349);
#3345 = LINE('',#3346,#3347);
#3346 = CARTESIAN_POINT('',(2.,-4.329869796038E-15));
#3347 = VECTOR('',#3348,1.);
#3348 = DIRECTION('',(0.,1.));
#3349 = ( GEOMETRIC_REPRESENTATION_CONTEXT(2) 
PARAMETRIC_REPRESENTATION_CONTEXT() REPRESENTATION_CONTEXT('2D SPACE',''
  ) );
#3350 = ORIENTED_EDGE('',*,*,#3351,.T.);
#3351 = EDGE_CURVE('',#3329,#3305,#3352,.T.);
#3352 = SURFACE_CURVE('',#3353,(#3357,#3364),.PCURVE_S1.);
#3353 = LINE('',#3354,#3355);
#3354 = CARTESIAN_POINT('',(186.47575109374,37.147137126106,
    -44.63397459621));
#3355 = VECTOR('',#3356,1.);
#3356 = DIRECTION('',(-0.844312338808,-0.19270878168,0.5));
#3357 = PCURVE('',#2116,#3358);
#3358 = DEFINITIONAL_REPRESENTATION('',(#3359),#3363);
#3359 = LINE('',#3360,#3361);
#3360 = CARTESIAN_POINT('',(25.,-7.993605777301E-15));
#3361 = VECTOR('',#3362,1.);
#3362 = DIRECTION('',(0.,1.));
#3363 = ( GEOMETRIC_REPRESENTATION_CONTEXT(2) 
PARAMETRIC_REPRESENTATION_CONTEXT() REPRESENTATION_CONTEXT('2D SPACE',''
  ) );
#3364 = PCURVE('',#3365,#3370);
#3365 = PLANE('',#3366);
#3366 = AXIS2_PLACEMENT_3D('',#3367,#3368,#3369);
#3367 = CARTESIAN_POINT('',(185.50082318156,36.924616192149,
    -46.36602540378));
#3368 = DIRECTION('',(-0.222520933956,0.974927912182,0.));
#3369 = DIRECTION('',(0.487463956091,0.111260466978,0.866025403784));
#3370 = DEFINITIONAL_REPRESENTATION('',(#3371),#3375);
#3371 = LINE('',#3372,#3373);
#3372 = CARTESIAN_POINT('',(2.,-1.276756478319E-14));
#3373 = VECTOR('',#3374,1.);
#3374 = DIRECTION('',(0.,-1.));
#3375 = ( GEOMETRIC_REPRESENTATION_CONTEXT(2) 
PARAMETRIC_REPRESENTATION_CONTEXT() REPRESENTATION_CONTEXT('2D SPACE',''
  ) );
#3376 = ADVANCED_FACE('',(#3377),#2148,.F.);
#3377 = FACE_BOUND('',#3378,.F.);
#3378 = EDGE_LOOP('',(#3379,#3402,#3403,#3404));
#3379 = ORIENTED_EDGE('',*,*,#3380,.F.);
#3380 = EDGE_CURVE('',#2129,#3381,#3383,.T.);
#3381 = VERTEX_POINT('',#3382);
#3382 = CARTESIAN_POINT('',(185.50082318156,36.924616192149,
    -46.36602540378));
#3383 = SURFACE_CURVE('',#3384,(#3388,#3395),.PCURVE_S1.);
#3384 = LINE('',#3385,#3386);
#3385 = CARTESIAN_POINT('',(191.06384653047,12.551418387604,
    -46.36602540378));
#3386 = VECTOR('',#3387,1.);
#3387 = DIRECTION('',(-0.222520933956,0.974927912182,0.));
#3388 = PCURVE('',#2148,#3389);
#3389 = DEFINITIONAL_REPRESENTATION('',(#3390),#3394);
#3390 = LINE('',#3391,#3392);
#3391 = CARTESIAN_POINT('',(0.,0.));
#3392 = VECTOR('',#3393,1.);
#3393 = DIRECTION('',(0.,1.));
#3394 = ( GEOMETRIC_REPRESENTATION_CONTEXT(2) 
PARAMETRIC_REPRESENTATION_CONTEXT() REPRESENTATION_CONTEXT('2D SPACE',''
  ) );
#3395 = PCURVE('',#2181,#3396);
#3396 = DEFINITIONAL_REPRESENTATION('',(#3397),#3401);
#3397 = LINE('',#3398,#3399);
#3398 = CARTESIAN_POINT('',(0.,0.));
#3399 = VECTOR('',#3400,1.);
#3400 = DIRECTION('',(1.,0.));
#3401 = ( GEOMETRIC_REPRESENTATION_CONTEXT(2) 
PARAMETRIC_REPRESENTATION_CONTEXT() REPRESENTATION_CONTEXT('2D SPACE',''
  ) );
#3402 = ORIENTED_EDGE('',*,*,#2128,.F.);
#3403 = ORIENTED_EDGE('',*,*,#3328,.T.);
#3404 = ORIENTED_EDGE('',*,*,#3405,.F.);
#3405 = EDGE_CURVE('',#3381,#3329,#3406,.T.);
#3406 = SURFACE_CURVE('',#3407,(#3411,#3418),.PCURVE_S1.);
#3407 = LINE('',#3408,#3409);
#3408 = CARTESIAN_POINT('',(185.50082318156,36.924616192149,
    -46.36602540378));
#3409 = VECTOR('',#3410,1.);
#3410 = DIRECTION('',(0.487463956091,0.111260466978,0.866025403784));
#3411 = PCURVE('',#2148,#3412);
#3412 = DEFINITIONAL_REPRESENTATION('',(#3413),#3417);
#3413 = LINE('',#3414,#3415);
#3414 = CARTESIAN_POINT('',(1.015028348508E-14,25.));
#3415 = VECTOR('',#3416,1.);
#3416 = DIRECTION('',(1.,0.));
#3417 = ( GEOMETRIC_REPRESENTATION_CONTEXT(2) 
PARAMETRIC_REPRESENTATION_CONTEXT() REPRESENTATION_CONTEXT('2D SPACE',''
  ) );
#3418 = PCURVE('',#3365,#3419);
#3419 = DEFINITIONAL_REPRESENTATION('',(#3420),#3424);
#3420 = LINE('',#3421,#3422);
#3421 = CARTESIAN_POINT('',(0.,0.));
#3422 = VECTOR('',#3423,1.);
#3423 = DIRECTION('',(1.,0.));
#3424 = ( GEOMETRIC_REPRESENTATION_CONTEXT(2) 
PARAMETRIC_REPRESENTATION_CONTEXT() REPRESENTATION_CONTEXT('2D SPACE',''
  ) );
#3425 = ADVANCED_FACE('',(#3426),#2211,.T.);
#3426 = FACE_BOUND('',#3427,.T.);
#3427 = EDGE_LOOP('',(#3428,#3451,#3452,#3453));
#3428 = ORIENTED_EDGE('',*,*,#3429,.F.);
#3429 = EDGE_CURVE('',#2161,#3430,#3432,.T.);
#3430 = VERTEX_POINT('',#3431);
#3431 = CARTESIAN_POINT('',(177.05769979348,34.997528375349,
    -41.36602540378));
#3432 = SURFACE_CURVE('',#3433,(#3437,#3444),.PCURVE_S1.);
#3433 = LINE('',#3434,#3435);
#3434 = CARTESIAN_POINT('',(182.62072314239,10.624330570804,
    -41.36602540378));
#3435 = VECTOR('',#3436,1.);
#3436 = DIRECTION('',(-0.222520933956,0.974927912182,0.));
#3437 = PCURVE('',#2211,#3438);
#3438 = DEFINITIONAL_REPRESENTATION('',(#3439),#3443);
#3439 = LINE('',#3440,#3441);
#3440 = CARTESIAN_POINT('',(0.,0.));
#3441 = VECTOR('',#3442,1.);
#3442 = DIRECTION('',(0.,1.));
#3443 = ( GEOMETRIC_REPRESENTATION_CONTEXT(2) 
PARAMETRIC_REPRESENTATION_CONTEXT() REPRESENTATION_CONTEXT('2D SPACE',''
  ) );
#3444 = PCURVE('',#2181,#3445);
#3445 = DEFINITIONAL_REPRESENTATION('',(#3446),#3450);
#3446 = LINE('',#3447,#3448);
#3447 = CARTESIAN_POINT('',(-5.329070518201E-15,10.));
#3448 = VECTOR('',#3449,1.);
#3449 = DIRECTION('',(1.,0.));
#3450 = ( GEOMETRIC_REPRESENTATION_CONTEXT(2) 
PARAMETRIC_REPRESENTATION_CONTEXT() REPRESENTATION_CONTEXT('2D SPACE',''
  ) );
#3451 = ORIENTED_EDGE('',*,*,#2193,.F.);
#3452 = ORIENTED_EDGE('',*,*,#3304,.T.);
#3453 = ORIENTED_EDGE('',*,*,#3454,.F.);
#3454 = EDGE_CURVE('',#3430,#3305,#3455,.T.);
#3455 = SURFACE_CURVE('',#3456,(#3460,#3467),.PCURVE_S1.);
#3456 = LINE('',#3457,#3458);
#3457 = CARTESIAN_POINT('',(177.05769979348,34.997528375349,
    -41.36602540378));
#3458 = VECTOR('',#3459,1.);
#3459 = DIRECTION('',(0.487463956091,0.111260466978,0.866025403784));
#3460 = PCURVE('',#2211,#3461);
#3461 = DEFINITIONAL_REPRESENTATION('',(#3462),#3466);
#3462 = LINE('',#3463,#3464);
#3463 = CARTESIAN_POINT('',(1.015028348508E-14,25.));
#3464 = VECTOR('',#3465,1.);
#3465 = DIRECTION('',(1.,0.));
#3466 = ( GEOMETRIC_REPRESENTATION_CONTEXT(2) 
PARAMETRIC_REPRESENTATION_CONTEXT() REPRESENTATION_CONTEXT('2D SPACE',''
  ) );
#3467 = PCURVE('',#3365,#3468);
#3468 = DEFINITIONAL_REPRESENTATION('',(#3469),#3473);
#3469 = LINE('',#3470,#3471);
#3470 = CARTESIAN_POINT('',(-1.7763568394E-15,-10.));
#3471 = VECTOR('',#3472,1.);
#3472 = DIRECTION('',(1.,0.));
#3473 = ( GEOMETRIC_REPRESENTATION_CONTEXT(2) 
PARAMETRIC_REPRESENTATION_CONTEXT() REPRESENTATION_CONTEXT('2D SPACE',''
  ) );
#3474 = ADVANCED_FACE('',(#3475),#2181,.F.);
#3475 = FACE_BOUND('',#3476,.F.);
#3476 = EDGE_LOOP('',(#3477,#3478,#3479,#3480));
#3477 = ORIENTED_EDGE('',*,*,#3429,.F.);
#3478 = ORIENTED_EDGE('',*,*,#2160,.F.);
#3479 = ORIENTED_EDGE('',*,*,#3380,.T.);
#3480 = ORIENTED_EDGE('',*,*,#3481,.T.);
#3481 = EDGE_CURVE('',#3381,#3430,#3482,.T.);
#3482 = SURFACE_CURVE('',#3483,(#3487,#3494),.PCURVE_S1.);
#3483 = LINE('',#3484,#3485);
#3484 = CARTESIAN_POINT('',(185.50082318156,36.924616192149,
    -46.36602540378));
#3485 = VECTOR('',#3486,1.);
#3486 = DIRECTION('',(-0.844312338808,-0.19270878168,0.5));
#3487 = PCURVE('',#2181,#3488);
#3488 = DEFINITIONAL_REPRESENTATION('',(#3489),#3493);
#3489 = LINE('',#3490,#3491);
#3490 = CARTESIAN_POINT('',(25.,-7.993605777301E-15));
#3491 = VECTOR('',#3492,1.);
#3492 = DIRECTION('',(0.,1.));
#3493 = ( GEOMETRIC_REPRESENTATION_CONTEXT(2) 
PARAMETRIC_REPRESENTATION_CONTEXT() REPRESENTATION_CONTEXT('2D SPACE',''
  ) );
#3494 = PCURVE('',#3365,#3495);
#3495 = DEFINITIONAL_REPRESENTATION('',(#3496),#3500);
#3496 = LINE('',#3497,#3498);
#3497 = CARTESIAN_POINT('',(0.,0.));
#3498 = VECTOR('',#3499,1.);
#3499 = DIRECTION('',(0.,-1.));
#3500 = ( GEOMETRIC_REPRESENTATION_CONTEXT(2) 
PARAMETRIC_REPRESENTATION_CONTEXT() REPRESENTATION_CONTEXT('2D SPACE',''
  ) );
#3501 = ADVANCED_FACE('',(#3502),#2248,.T.);
#3502 = FACE_BOUND('',#3503,.T.);
#3503 = EDGE_LOOP('',(#3504,#3527,#3528,#3551));
#3504 = ORIENTED_EDGE('',*,*,#3505,.F.);
#3505 = EDGE_CURVE('',#2228,#3506,#3508,.T.);
#3506 = VERTEX_POINT('',#3507);
#3507 = CARTESIAN_POINT('',(158.32598171987,-19.50452355151,
    -39.63397459621));
#3508 = SURFACE_CURVE('',#3509,(#3513,#3520),.PCURVE_S1.);
#3509 = LINE('',#3510,#3511);
#3510 = CARTESIAN_POINT('',(180.85020341743,-8.657430073571,
    -39.63397459621));
#3511 = VECTOR('',#3512,1.);
#3512 = DIRECTION('',(-0.900968867902,-0.433883739118,0.));
#3513 = PCURVE('',#2248,#3514);
#3514 = DEFINITIONAL_REPRESENTATION('',(#3515),#3519);
#3515 = LINE('',#3516,#3517);
#3516 = CARTESIAN_POINT('',(6.661338147751E-15,10.));
#3517 = VECTOR('',#3518,1.);
#3518 = DIRECTION('',(1.,6.752966802116E-17));
#3519 = ( GEOMETRIC_REPRESENTATION_CONTEXT(2) 
PARAMETRIC_REPRESENTATION_CONTEXT() REPRESENTATION_CONTEXT('2D SPACE',''
  ) );
#3520 = PCURVE('',#2343,#3521);
#3521 = DEFINITIONAL_REPRESENTATION('',(#3522),#3526);
#3522 = LINE('',#3523,#3524);
#3523 = CARTESIAN_POINT('',(2.,2.498001805407E-15));
#3524 = VECTOR('',#3525,1.);
#3525 = DIRECTION('',(-2.403703357979E-17,1.));
#3526 = ( GEOMETRIC_REPRESENTATION_CONTEXT(2) 
PARAMETRIC_REPRESENTATION_CONTEXT() REPRESENTATION_CONTEXT('2D SPACE',''
  ) );
#3527 = ORIENTED_EDGE('',*,*,#2225,.F.);
#3528 = ORIENTED_EDGE('',*,*,#3529,.T.);
#3529 = EDGE_CURVE('',#2226,#3530,#3532,.T.);
#3530 = VERTEX_POINT('',#3531);
#3531 = CARTESIAN_POINT('',(154.56843831622,-11.70190427528,
    -44.63397459621));
#3532 = SURFACE_CURVE('',#3533,(#3537,#3544),.PCURVE_S1.);
#3533 = LINE('',#3534,#3535);
#3534 = CARTESIAN_POINT('',(177.09266001378,-0.854810797347,
    -44.63397459621));
#3535 = VECTOR('',#3536,1.);
#3536 = DIRECTION('',(-0.900968867902,-0.433883739118,0.));
#3537 = PCURVE('',#2248,#3538);
#3538 = DEFINITIONAL_REPRESENTATION('',(#3539),#3543);
#3539 = LINE('',#3540,#3541);
#3540 = CARTESIAN_POINT('',(0.,0.));
#3541 = VECTOR('',#3542,1.);
#3542 = DIRECTION('',(1.,6.752966802116E-17));
#3543 = ( GEOMETRIC_REPRESENTATION_CONTEXT(2) 
PARAMETRIC_REPRESENTATION_CONTEXT() REPRESENTATION_CONTEXT('2D SPACE',''
  ) );
#3544 = PCURVE('',#2280,#3545);
#3545 = DEFINITIONAL_REPRESENTATION('',(#3546),#3550);
#3546 = LINE('',#3547,#3548);
#3547 = CARTESIAN_POINT('',(2.,2.553512956638E-15));
#3548 = VECTOR('',#3549,1.);
#3549 = DIRECTION('',(-2.403703357979E-17,1.));
#3550 = ( GEOMETRIC_REPRESENTATION_CONTEXT(2) 
PARAMETRIC_REPRESENTATION_CONTEXT() REPRESENTATION_CONTEXT('2D SPACE',''
  ) );
#3551 = ORIENTED_EDGE('',*,*,#3552,.T.);
#3552 = EDGE_CURVE('',#3530,#3506,#3553,.T.);
#3553 = SURFACE_CURVE('',#3554,(#3558,#3565),.PCURVE_S1.);
#3554 = LINE('',#3555,#3556);
#3555 = CARTESIAN_POINT('',(154.56843831622,-11.70190427528,
    -44.63397459621));
#3556 = VECTOR('',#3557,1.);
#3557 = DIRECTION('',(0.375754340365,-0.780261927622,0.5));
#3558 = PCURVE('',#2248,#3559);
#3559 = DEFINITIONAL_REPRESENTATION('',(#3560),#3564);
#3560 = LINE('',#3561,#3562);
#3561 = CARTESIAN_POINT('',(25.,-1.06581410364E-14));
#3562 = VECTOR('',#3563,1.);
#3563 = DIRECTION('',(5.551115123126E-17,1.));
#3564 = ( GEOMETRIC_REPRESENTATION_CONTEXT(2) 
PARAMETRIC_REPRESENTATION_CONTEXT() REPRESENTATION_CONTEXT('2D SPACE',''
  ) );
#3565 = PCURVE('',#3566,#3571);
#3566 = PLANE('',#3567);
#3567 = AXIS2_PLACEMENT_3D('',#3568,#3569,#3570);
#3568 = CARTESIAN_POINT('',(155.00232205534,-12.60287314318,
    -46.36602540378));
#3569 = DIRECTION('',(-0.900968867902,-0.433883739118,0.));
#3570 = DIRECTION('',(-0.216941869559,0.450484433951,0.866025403784));
#3571 = DEFINITIONAL_REPRESENTATION('',(#3572),#3576);
#3572 = LINE('',#3573,#3574);
#3573 = CARTESIAN_POINT('',(2.,1.665334536938E-15));
#3574 = VECTOR('',#3575,1.);
#3575 = DIRECTION('',(1.110223024625E-16,-1.));
#3576 = ( GEOMETRIC_REPRESENTATION_CONTEXT(2) 
PARAMETRIC_REPRESENTATION_CONTEXT() REPRESENTATION_CONTEXT('2D SPACE',''
  ) );
#3577 = ADVANCED_FACE('',(#3578),#2280,.F.);
#3578 = FACE_BOUND('',#3579,.F.);
#3579 = EDGE_LOOP('',(#3580,#3603,#3604,#3605));
#3580 = ORIENTED_EDGE('',*,*,#3581,.F.);
#3581 = EDGE_CURVE('',#2261,#3582,#3584,.T.);
#3582 = VERTEX_POINT('',#3583);
#3583 = CARTESIAN_POINT('',(155.00232205534,-12.60287314318,
    -46.36602540378));
#3584 = SURFACE_CURVE('',#3585,(#3589,#3596),.PCURVE_S1.);
#3585 = LINE('',#3586,#3587);
#3586 = CARTESIAN_POINT('',(177.5265437529,-1.75577966525,
    -46.36602540378));
#3587 = VECTOR('',#3588,1.);
#3588 = DIRECTION('',(-0.900968867902,-0.433883739118,0.));
#3589 = PCURVE('',#2280,#3590);
#3590 = DEFINITIONAL_REPRESENTATION('',(#3591),#3595);
#3591 = LINE('',#3592,#3593);
#3592 = CARTESIAN_POINT('',(0.,0.));
#3593 = VECTOR('',#3594,1.);
#3594 = DIRECTION('',(-2.403703357979E-17,1.));
#3595 = ( GEOMETRIC_REPRESENTATION_CONTEXT(2) 
PARAMETRIC_REPRESENTATION_CONTEXT() REPRESENTATION_CONTEXT('2D SPACE',''
  ) );
#3596 = PCURVE('',#2313,#3597);
#3597 = DEFINITIONAL_REPRESENTATION('',(#3598),#3602);
#3598 = LINE('',#3599,#3600);
#3599 = CARTESIAN_POINT('',(0.,0.));
#3600 = VECTOR('',#3601,1.);
#3601 = DIRECTION('',(1.,6.752966802116E-17));
#3602 = ( GEOMETRIC_REPRESENTATION_CONTEXT(2) 
PARAMETRIC_REPRESENTATION_CONTEXT() REPRESENTATION_CONTEXT('2D SPACE',''
  ) );
#3603 = ORIENTED_EDGE('',*,*,#2260,.F.);
#3604 = ORIENTED_EDGE('',*,*,#3529,.T.);
#3605 = ORIENTED_EDGE('',*,*,#3606,.F.);
#3606 = EDGE_CURVE('',#3582,#3530,#3607,.T.);
#3607 = SURFACE_CURVE('',#3608,(#3612,#3619),.PCURVE_S1.);
#3608 = LINE('',#3609,#3610);
#3609 = CARTESIAN_POINT('',(155.00232205534,-12.60287314318,
    -46.36602540378));
#3610 = VECTOR('',#3611,1.);
#3611 = DIRECTION('',(-0.216941869559,0.450484433951,0.866025403784));
#3612 = PCURVE('',#2280,#3613);
#3613 = DEFINITIONAL_REPRESENTATION('',(#3614),#3618);
#3614 = LINE('',#3615,#3616);
#3615 = CARTESIAN_POINT('',(1.7763568394E-15,25.));
#3616 = VECTOR('',#3617,1.);
#3617 = DIRECTION('',(1.,0.));
#3618 = ( GEOMETRIC_REPRESENTATION_CONTEXT(2) 
PARAMETRIC_REPRESENTATION_CONTEXT() REPRESENTATION_CONTEXT('2D SPACE',''
  ) );
#3619 = PCURVE('',#3566,#3620);
#3620 = DEFINITIONAL_REPRESENTATION('',(#3621),#3625);
#3621 = LINE('',#3622,#3623);
#3622 = CARTESIAN_POINT('',(0.,0.));
#3623 = VECTOR('',#3624,1.);
#3624 = DIRECTION('',(1.,-1.110223024625E-16));
#3625 = ( GEOMETRIC_REPRESENTATION_CONTEXT(2) 
PARAMETRIC_REPRESENTATION_CONTEXT() REPRESENTATION_CONTEXT('2D SPACE',''
  ) );
#3626 = ADVANCED_FACE('',(#3627),#2343,.T.);
#3627 = FACE_BOUND('',#3628,.T.);
#3628 = EDGE_LOOP('',(#3629,#3652,#3653,#3654));
#3629 = ORIENTED_EDGE('',*,*,#3630,.F.);
#3630 = EDGE_CURVE('',#2293,#3631,#3633,.T.);
#3631 = VERTEX_POINT('',#3632);
#3632 = CARTESIAN_POINT('',(158.75986545899,-20.40549241941,
    -41.36602540378));
#3633 = SURFACE_CURVE('',#3634,(#3638,#3645),.PCURVE_S1.);
#3634 = LINE('',#3635,#3636);
#3635 = CARTESIAN_POINT('',(181.28408715655,-9.558398941474,
    -41.36602540378));
#3636 = VECTOR('',#3637,1.);
#3637 = DIRECTION('',(-0.900968867902,-0.433883739118,0.));
#3638 = PCURVE('',#2343,#3639);
#3639 = DEFINITIONAL_REPRESENTATION('',(#3640),#3644);
#3640 = LINE('',#3641,#3642);
#3641 = CARTESIAN_POINT('',(0.,0.));
#3642 = VECTOR('',#3643,1.);
#3643 = DIRECTION('',(-2.403703357979E-17,1.));
#3644 = ( GEOMETRIC_REPRESENTATION_CONTEXT(2) 
PARAMETRIC_REPRESENTATION_CONTEXT() REPRESENTATION_CONTEXT('2D SPACE',''
  ) );
#3645 = PCURVE('',#2313,#3646);
#3646 = DEFINITIONAL_REPRESENTATION('',(#3647),#3651);
#3647 = LINE('',#3648,#3649);
#3648 = CARTESIAN_POINT('',(6.661338147751E-15,10.));
#3649 = VECTOR('',#3650,1.);
#3650 = DIRECTION('',(1.,6.752966802116E-17));
#3651 = ( GEOMETRIC_REPRESENTATION_CONTEXT(2) 
PARAMETRIC_REPRESENTATION_CONTEXT() REPRESENTATION_CONTEXT('2D SPACE',''
  ) );
#3652 = ORIENTED_EDGE('',*,*,#2325,.F.);
#3653 = ORIENTED_EDGE('',*,*,#3505,.T.);
#3654 = ORIENTED_EDGE('',*,*,#3655,.F.);
#3655 = EDGE_CURVE('',#3631,#3506,#3656,.T.);
#3656 = SURFACE_CURVE('',#3657,(#3661,#3668),.PCURVE_S1.);
#3657 = LINE('',#3658,#3659);
#3658 = CARTESIAN_POINT('',(158.75986545899,-20.40549241941,
    -41.36602540378));
#3659 = VECTOR('',#3660,1.);
#3660 = DIRECTION('',(-0.216941869559,0.450484433951,0.866025403784));
#3661 = PCURVE('',#2343,#3662);
#3662 = DEFINITIONAL_REPRESENTATION('',(#3663),#3667);
#3663 = LINE('',#3664,#3665);
#3664 = CARTESIAN_POINT('',(8.881784197001E-16,25.));
#3665 = VECTOR('',#3666,1.);
#3666 = DIRECTION('',(1.,0.));
#3667 = ( GEOMETRIC_REPRESENTATION_CONTEXT(2) 
PARAMETRIC_REPRESENTATION_CONTEXT() REPRESENTATION_CONTEXT('2D SPACE',''
  ) );
#3668 = PCURVE('',#3566,#3669);
#3669 = DEFINITIONAL_REPRESENTATION('',(#3670),#3674);
#3670 = LINE('',#3671,#3672);
#3671 = CARTESIAN_POINT('',(6.217248937901E-15,-10.));
#3672 = VECTOR('',#3673,1.);
#3673 = DIRECTION('',(1.,-1.110223024625E-16));
#3674 = ( GEOMETRIC_REPRESENTATION_CONTEXT(2) 
PARAMETRIC_REPRESENTATION_CONTEXT() REPRESENTATION_CONTEXT('2D SPACE',''
  ) );
#3675 = ADVANCED_FACE('',(#3676),#2313,.F.);
#3676 = FACE_BOUND('',#3677,.F.);
#3677 = EDGE_LOOP('',(#3678,#3679,#3680,#3681));
#3678 = ORIENTED_EDGE('',*,*,#3630,.F.);
#3679 = ORIENTED_EDGE('',*,*,#2292,.F.);
#3680 = ORIENTED_EDGE('',*,*,#3581,.T.);
#3681 = ORIENTED_EDGE('',*,*,#3682,.T.);
#3682 = EDGE_CURVE('',#3582,#3631,#3683,.T.);
#3683 = SURFACE_CURVE('',#3684,(#3688,#3695),.PCURVE_S1.);
#3684 = LINE('',#3685,#3686);
#3685 = CARTESIAN_POINT('',(155.00232205534,-12.60287314318,
    -46.36602540378));
#3686 = VECTOR('',#3687,1.);
#3687 = DIRECTION('',(0.375754340365,-0.780261927622,0.5));
#3688 = PCURVE('',#2313,#3689);
#3689 = DEFINITIONAL_REPRESENTATION('',(#3690),#3694);
#3690 = LINE('',#3691,#3692);
#3691 = CARTESIAN_POINT('',(25.,-1.06581410364E-14));
#3692 = VECTOR('',#3693,1.);
#3693 = DIRECTION('',(5.551115123126E-17,1.));
#3694 = ( GEOMETRIC_REPRESENTATION_CONTEXT(2) 
PARAMETRIC_REPRESENTATION_CONTEXT() REPRESENTATION_CONTEXT('2D SPACE',''
  ) );
#3695 = PCURVE('',#3566,#3696);
#3696 = DEFINITIONAL_REPRESENTATION('',(#3697),#3701);
#3697 = LINE('',#3698,#3699);
#3698 = CARTESIAN_POINT('',(0.,0.));
#3699 = VECTOR('',#3700,1.);
#3700 = DIRECTION('',(1.110223024625E-16,-1.));
#3701 = ( GEOMETRIC_REPRESENTATION_CONTEXT(2) 
PARAMETRIC_REPRESENTATION_CONTEXT() REPRESENTATION_CONTEXT('2D SPACE',''
  ) );
#3702 = ADVANCED_FACE('',(#3703),#2380,.T.);
#3703 = FACE_BOUND('',#3704,.T.);
#3704 = EDGE_LOOP('',(#3705,#3728,#3729,#3752));
#3705 = ORIENTED_EDGE('',*,*,#3706,.F.);
#3706 = EDGE_CURVE('',#2360,#3707,#3709,.T.);
#3707 = VERTEX_POINT('',#3708);
#3708 = CARTESIAN_POINT('',(185.50082318156,-36.92461619214,
    -39.63397459621));
#3709 = SURFACE_CURVE('',#3710,(#3714,#3721),.PCURVE_S1.);
#3710 = LINE('',#3711,#3712);
#3711 = CARTESIAN_POINT('',(191.06384653047,-12.5514183876,
    -39.63397459621));
#3712 = VECTOR('',#3713,1.);
#3713 = DIRECTION('',(-0.222520933956,-0.974927912182,0.));
#3714 = PCURVE('',#2380,#3715);
#3715 = DEFINITIONAL_REPRESENTATION('',(#3716),#3720);
#3716 = LINE('',#3717,#3718);
#3717 = CARTESIAN_POINT('',(1.132427485118E-14,10.));
#3718 = VECTOR('',#3719,1.);
#3719 = DIRECTION('',(1.,0.));
#3720 = ( GEOMETRIC_REPRESENTATION_CONTEXT(2) 
PARAMETRIC_REPRESENTATION_CONTEXT() REPRESENTATION_CONTEXT('2D SPACE',''
  ) );
#3721 = PCURVE('',#2475,#3722);
#3722 = DEFINITIONAL_REPRESENTATION('',(#3723),#3727);
#3723 = LINE('',#3724,#3725);
#3724 = CARTESIAN_POINT('',(2.,3.663735981263E-15));
#3725 = VECTOR('',#3726,1.);
#3726 = DIRECTION('',(0.,1.));
#3727 = ( GEOMETRIC_REPRESENTATION_CONTEXT(2) 
PARAMETRIC_REPRESENTATION_CONTEXT() REPRESENTATION_CONTEXT('2D SPACE',''
  ) );
#3728 = ORIENTED_EDGE('',*,*,#2357,.F.);
#3729 = ORIENTED_EDGE('',*,*,#3730,.T.);
#3730 = EDGE_CURVE('',#2358,#3731,#3733,.T.);
#3731 = VERTEX_POINT('',#3732);
#3732 = CARTESIAN_POINT('',(177.05769979348,-34.99752837534,
    -44.63397459621));
#3733 = SURFACE_CURVE('',#3734,(#3738,#3745),.PCURVE_S1.);
#3734 = LINE('',#3735,#3736);
#3735 = CARTESIAN_POINT('',(182.62072314239,-10.6243305708,
    -44.63397459621));
#3736 = VECTOR('',#3737,1.);
#3737 = DIRECTION('',(-0.222520933956,-0.974927912182,0.));
#3738 = PCURVE('',#2380,#3739);
#3739 = DEFINITIONAL_REPRESENTATION('',(#3740),#3744);
#3740 = LINE('',#3741,#3742);
#3741 = CARTESIAN_POINT('',(0.,0.));
#3742 = VECTOR('',#3743,1.);
#3743 = DIRECTION('',(1.,0.));
#3744 = ( GEOMETRIC_REPRESENTATION_CONTEXT(2) 
PARAMETRIC_REPRESENTATION_CONTEXT() REPRESENTATION_CONTEXT('2D SPACE',''
  ) );
#3745 = PCURVE('',#2412,#3746);
#3746 = DEFINITIONAL_REPRESENTATION('',(#3747),#3751);
#3747 = LINE('',#3748,#3749);
#3748 = CARTESIAN_POINT('',(2.,3.663735981263E-15));
#3749 = VECTOR('',#3750,1.);
#3750 = DIRECTION('',(0.,1.));
#3751 = ( GEOMETRIC_REPRESENTATION_CONTEXT(2) 
PARAMETRIC_REPRESENTATION_CONTEXT() REPRESENTATION_CONTEXT('2D SPACE',''
  ) );
#3752 = ORIENTED_EDGE('',*,*,#3753,.T.);
#3753 = EDGE_CURVE('',#3731,#3707,#3754,.T.);
#3754 = SURFACE_CURVE('',#3755,(#3759,#3766),.PCURVE_S1.);
#3755 = LINE('',#3756,#3757);
#3756 = CARTESIAN_POINT('',(177.05769979348,-34.99752837534,
    -44.63397459621));
#3757 = VECTOR('',#3758,1.);
#3758 = DIRECTION('',(0.844312338808,-0.19270878168,0.5));
#3759 = PCURVE('',#2380,#3760);
#3760 = DEFINITIONAL_REPRESENTATION('',(#3761),#3765);
#3761 = LINE('',#3762,#3763);
#3762 = CARTESIAN_POINT('',(25.,-7.105427357601E-15));
#3763 = VECTOR('',#3764,1.);
#3764 = DIRECTION('',(0.,1.));
#3765 = ( GEOMETRIC_REPRESENTATION_CONTEXT(2) 
PARAMETRIC_REPRESENTATION_CONTEXT() REPRESENTATION_CONTEXT('2D SPACE',''
  ) );
#3766 = PCURVE('',#3767,#3772);
#3767 = PLANE('',#3768);
#3768 = AXIS2_PLACEMENT_3D('',#3769,#3770,#3771);
#3769 = CARTESIAN_POINT('',(178.03262770566,-35.2200493093,
    -46.36602540378));
#3770 = DIRECTION('',(-0.222520933956,-0.974927912182,0.));
#3771 = DIRECTION('',(-0.487463956091,0.111260466978,0.866025403784));
#3772 = DEFINITIONAL_REPRESENTATION('',(#3773),#3777);
#3773 = LINE('',#3774,#3775);
#3774 = CARTESIAN_POINT('',(2.,-1.276756478319E-14));
#3775 = VECTOR('',#3776,1.);
#3776 = DIRECTION('',(0.,-1.));
#3777 = ( GEOMETRIC_REPRESENTATION_CONTEXT(2) 
PARAMETRIC_REPRESENTATION_CONTEXT() REPRESENTATION_CONTEXT('2D SPACE',''
  ) );
#3778 = ADVANCED_FACE('',(#3779),#2412,.F.);
#3779 = FACE_BOUND('',#3780,.F.);
#3780 = EDGE_LOOP('',(#3781,#3804,#3805,#3806));
#3781 = ORIENTED_EDGE('',*,*,#3782,.F.);
#3782 = EDGE_CURVE('',#2393,#3783,#3785,.T.);
#3783 = VERTEX_POINT('',#3784);
#3784 = CARTESIAN_POINT('',(178.03262770566,-35.2200493093,
    -46.36602540378));
#3785 = SURFACE_CURVE('',#3786,(#3790,#3797),.PCURVE_S1.);
#3786 = LINE('',#3787,#3788);
#3787 = CARTESIAN_POINT('',(183.59565105457,-10.84685150476,
    -46.36602540378));
#3788 = VECTOR('',#3789,1.);
#3789 = DIRECTION('',(-0.222520933956,-0.974927912182,0.));
#3790 = PCURVE('',#2412,#3791);
#3791 = DEFINITIONAL_REPRESENTATION('',(#3792),#3796);
#3792 = LINE('',#3793,#3794);
#3793 = CARTESIAN_POINT('',(0.,0.));
#3794 = VECTOR('',#3795,1.);
#3795 = DIRECTION('',(0.,1.));
#3796 = ( GEOMETRIC_REPRESENTATION_CONTEXT(2) 
PARAMETRIC_REPRESENTATION_CONTEXT() REPRESENTATION_CONTEXT('2D SPACE',''
  ) );
#3797 = PCURVE('',#2445,#3798);
#3798 = DEFINITIONAL_REPRESENTATION('',(#3799),#3803);
#3799 = LINE('',#3800,#3801);
#3800 = CARTESIAN_POINT('',(0.,0.));
#3801 = VECTOR('',#3802,1.);
#3802 = DIRECTION('',(1.,0.));
#3803 = ( GEOMETRIC_REPRESENTATION_CONTEXT(2) 
PARAMETRIC_REPRESENTATION_CONTEXT() REPRESENTATION_CONTEXT('2D SPACE',''
  ) );
#3804 = ORIENTED_EDGE('',*,*,#2392,.F.);
#3805 = ORIENTED_EDGE('',*,*,#3730,.T.);
#3806 = ORIENTED_EDGE('',*,*,#3807,.F.);
#3807 = EDGE_CURVE('',#3783,#3731,#3808,.T.);
#3808 = SURFACE_CURVE('',#3809,(#3813,#3820),.PCURVE_S1.);
#3809 = LINE('',#3810,#3811);
#3810 = CARTESIAN_POINT('',(178.03262770566,-35.2200493093,
    -46.36602540378));
#3811 = VECTOR('',#3812,1.);
#3812 = DIRECTION('',(-0.487463956091,0.111260466978,0.866025403784));
#3813 = PCURVE('',#2412,#3814);
#3814 = DEFINITIONAL_REPRESENTATION('',(#3815),#3819);
#3815 = LINE('',#3816,#3817);
#3816 = CARTESIAN_POINT('',(3.996802888651E-15,25.));
#3817 = VECTOR('',#3818,1.);
#3818 = DIRECTION('',(1.,0.));
#3819 = ( GEOMETRIC_REPRESENTATION_CONTEXT(2) 
PARAMETRIC_REPRESENTATION_CONTEXT() REPRESENTATION_CONTEXT('2D SPACE',''
  ) );
#3820 = PCURVE('',#3767,#3821);
#3821 = DEFINITIONAL_REPRESENTATION('',(#3822),#3826);
#3822 = LINE('',#3823,#3824);
#3823 = CARTESIAN_POINT('',(0.,0.));
#3824 = VECTOR('',#3825,1.);
#3825 = DIRECTION('',(1.,0.));
#3826 = ( GEOMETRIC_REPRESENTATION_CONTEXT(2) 
PARAMETRIC_REPRESENTATION_CONTEXT() REPRESENTATION_CONTEXT('2D SPACE',''
  ) );
#3827 = ADVANCED_FACE('',(#3828),#2475,.T.);
#3828 = FACE_BOUND('',#3829,.T.);
#3829 = EDGE_LOOP('',(#3830,#3853,#3854,#3855));
#3830 = ORIENTED_EDGE('',*,*,#3831,.F.);
#3831 = EDGE_CURVE('',#2425,#3832,#3834,.T.);
#3832 = VERTEX_POINT('',#3833);
#3833 = CARTESIAN_POINT('',(186.47575109374,-37.1471371261,
    -41.36602540378));
#3834 = SURFACE_CURVE('',#3835,(#3839,#3846),.PCURVE_S1.);
#3835 = LINE('',#3836,#3837);
#3836 = CARTESIAN_POINT('',(192.03877444265,-12.77393932156,
    -41.36602540378));
#3837 = VECTOR('',#3838,1.);
#3838 = DIRECTION('',(-0.222520933956,-0.974927912182,0.));
#3839 = PCURVE('',#2475,#3840);
#3840 = DEFINITIONAL_REPRESENTATION('',(#3841),#3845);
#3841 = LINE('',#3842,#3843);
#3842 = CARTESIAN_POINT('',(0.,0.));
#3843 = VECTOR('',#3844,1.);
#3844 = DIRECTION('',(0.,1.));
#3845 = ( GEOMETRIC_REPRESENTATION_CONTEXT(2) 
PARAMETRIC_REPRESENTATION_CONTEXT() REPRESENTATION_CONTEXT('2D SPACE',''
  ) );
#3846 = PCURVE('',#2445,#3847);
#3847 = DEFINITIONAL_REPRESENTATION('',(#3848),#3852);
#3848 = LINE('',#3849,#3850);
#3849 = CARTESIAN_POINT('',(1.132427485118E-14,10.));
#3850 = VECTOR('',#3851,1.);
#3851 = DIRECTION('',(1.,0.));
#3852 = ( GEOMETRIC_REPRESENTATION_CONTEXT(2) 
PARAMETRIC_REPRESENTATION_CONTEXT() REPRESENTATION_CONTEXT('2D SPACE',''
  ) );
#3853 = ORIENTED_EDGE('',*,*,#2457,.F.);
#3854 = ORIENTED_EDGE('',*,*,#3706,.T.);
#3855 = ORIENTED_EDGE('',*,*,#3856,.F.);
#3856 = EDGE_CURVE('',#3832,#3707,#3857,.T.);
#3857 = SURFACE_CURVE('',#3858,(#3862,#3869),.PCURVE_S1.);
#3858 = LINE('',#3859,#3860);
#3859 = CARTESIAN_POINT('',(186.47575109374,-37.1471371261,
    -41.36602540378));
#3860 = VECTOR('',#3861,1.);
#3861 = DIRECTION('',(-0.487463956091,0.111260466978,0.866025403784));
#3862 = PCURVE('',#2475,#3863);
#3863 = DEFINITIONAL_REPRESENTATION('',(#3864),#3868);
#3864 = LINE('',#3865,#3866);
#3865 = CARTESIAN_POINT('',(-2.156677707777E-15,25.));
#3866 = VECTOR('',#3867,1.);
#3867 = DIRECTION('',(1.,0.));
#3868 = ( GEOMETRIC_REPRESENTATION_CONTEXT(2) 
PARAMETRIC_REPRESENTATION_CONTEXT() REPRESENTATION_CONTEXT('2D SPACE',''
  ) );
#3869 = PCURVE('',#3767,#3870);
#3870 = DEFINITIONAL_REPRESENTATION('',(#3871),#3875);
#3871 = LINE('',#3872,#3873);
#3872 = CARTESIAN_POINT('',(-1.50990331349E-14,-10.));
#3873 = VECTOR('',#3874,1.);
#3874 = DIRECTION('',(1.,0.));
#3875 = ( GEOMETRIC_REPRESENTATION_CONTEXT(2) 
PARAMETRIC_REPRESENTATION_CONTEXT() REPRESENTATION_CONTEXT('2D SPACE',''
  ) );
#3876 = ADVANCED_FACE('',(#3877),#2445,.F.);
#3877 = FACE_BOUND('',#3878,.F.);
#3878 = EDGE_LOOP('',(#3879,#3880,#3881,#3882));
#3879 = ORIENTED_EDGE('',*,*,#3831,.F.);
#3880 = ORIENTED_EDGE('',*,*,#2424,.F.);
#3881 = ORIENTED_EDGE('',*,*,#3782,.T.);
#3882 = ORIENTED_EDGE('',*,*,#3883,.T.);
#3883 = EDGE_CURVE('',#3783,#3832,#3884,.T.);
#3884 = SURFACE_CURVE('',#3885,(#3889,#3896),.PCURVE_S1.);
#3885 = LINE('',#3886,#3887);
#3886 = CARTESIAN_POINT('',(178.03262770566,-35.2200493093,
    -46.36602540378));
#3887 = VECTOR('',#3888,1.);
#3888 = DIRECTION('',(0.844312338808,-0.19270878168,0.5));
#3889 = PCURVE('',#2445,#3890);
#3890 = DEFINITIONAL_REPRESENTATION('',(#3891),#3895);
#3891 = LINE('',#3892,#3893);
#3892 = CARTESIAN_POINT('',(25.,-7.105427357601E-15));
#3893 = VECTOR('',#3894,1.);
#3894 = DIRECTION('',(0.,1.));
#3895 = ( GEOMETRIC_REPRESENTATION_CONTEXT(2) 
PARAMETRIC_REPRESENTATION_CONTEXT() REPRESENTATION_CONTEXT('2D SPACE',''
  ) );
#3896 = PCURVE('',#3767,#3897);
#3897 = DEFINITIONAL_REPRESENTATION('',(#3898),#3902);
#3898 = LINE('',#3899,#3900);
#3899 = CARTESIAN_POINT('',(0.,0.));
#3900 = VECTOR('',#3901,1.);
#3901 = DIRECTION('',(0.,-1.));
#3902 = ( GEOMETRIC_REPRESENTATION_CONTEXT(2) 
PARAMETRIC_REPRESENTATION_CONTEXT() REPRESENTATION_CONTEXT('2D SPACE',''
  ) );
#3903 = ADVANCED_FACE('',(#3904),#2556,.T.);
#3904 = FACE_BOUND('',#3905,.T.);
#3905 = EDGE_LOOP('',(#3906,#3907,#3908,#3909));
#3906 = ORIENTED_EDGE('',*,*,#2596,.F.);
#3907 = ORIENTED_EDGE('',*,*,#2542,.T.);
#3908 = ORIENTED_EDGE('',*,*,#2677,.T.);
#3909 = ORIENTED_EDGE('',*,*,#2646,.F.);
#3910 = ADVANCED_FACE('',(#3911),#2762,.T.);
#3911 = FACE_BOUND('',#3912,.T.);
#3912 = EDGE_LOOP('',(#3913,#3914,#3915,#3916));
#3913 = ORIENTED_EDGE('',*,*,#2802,.F.);
#3914 = ORIENTED_EDGE('',*,*,#2878,.T.);
#3915 = ORIENTED_EDGE('',*,*,#2851,.T.);
#3916 = ORIENTED_EDGE('',*,*,#2748,.F.);
#3917 = ADVANCED_FACE('',(#3918),#2963,.T.);
#3918 = FACE_BOUND('',#3919,.T.);
#3919 = EDGE_LOOP('',(#3920,#3921,#3922,#3923));
#3920 = ORIENTED_EDGE('',*,*,#3079,.F.);
#3921 = ORIENTED_EDGE('',*,*,#3052,.T.);
#3922 = ORIENTED_EDGE('',*,*,#3003,.T.);
#3923 = ORIENTED_EDGE('',*,*,#2949,.F.);
#3924 = ADVANCED_FACE('',(#3925),#3164,.T.);
#3925 = FACE_BOUND('',#3926,.T.);
#3926 = EDGE_LOOP('',(#3927,#3928,#3929,#3930));
#3927 = ORIENTED_EDGE('',*,*,#3204,.F.);
#3928 = ORIENTED_EDGE('',*,*,#3280,.T.);
#3929 = ORIENTED_EDGE('',*,*,#3253,.T.);
#3930 = ORIENTED_EDGE('',*,*,#3150,.F.);
#3931 = ADVANCED_FACE('',(#3932),#3365,.T.);
#3932 = FACE_BOUND('',#3933,.T.);
#3933 = EDGE_LOOP('',(#3934,#3935,#3936,#3937));
#3934 = ORIENTED_EDGE('',*,*,#3405,.F.);
#3935 = ORIENTED_EDGE('',*,*,#3481,.T.);
#3936 = ORIENTED_EDGE('',*,*,#3454,.T.);
#3937 = ORIENTED_EDGE('',*,*,#3351,.F.);
#3938 = ADVANCED_FACE('',(#3939),#3566,.T.);
#3939 = FACE_BOUND('',#3940,.T.);
#3940 = EDGE_LOOP('',(#3941,#3942,#3943,#3944));
#3941 = ORIENTED_EDGE('',*,*,#3606,.F.);
#3942 = ORIENTED_EDGE('',*,*,#3682,.T.);
#3943 = ORIENTED_EDGE('',*,*,#3655,.T.);
#3944 = ORIENTED_EDGE('',*,*,#3552,.F.);
#3945 = ADVANCED_FACE('',(#3946),#3767,.T.);
#3946 = FACE_BOUND('',#3947,.T.);
#3947 = EDGE_LOOP('',(#3948,#3949,#3950,#3951));
#3948 = ORIENTED_EDGE('',*,*,#3807,.F.);
#3949 = ORIENTED_EDGE('',*,*,#3883,.T.);
#3950 = ORIENTED_EDGE('',*,*,#3856,.T.);
#3951 = ORIENTED_EDGE('',*,*,#3753,.F.);
#3952 = ( GEOMETRIC_REPRESENTATION_CONTEXT(3) 
GLOBAL_UNCERTAINTY_ASSIGNED_CONTEXT((#3956)) 
GLOBAL_UNIT_ASSIGNED_CONTEXT((#3953,#3954,#3955)) REPRESENTATION_CONTEXT
('Context #1','3D Context with UNIT and UNCERTAINTY') );
#3953 = ( LENGTH_UNIT() NAMED_UNIT(*) SI_UNIT(.MILLI.,.METRE.) );
#3954 = ( NAMED_UNIT(*) PLANE_ANGLE_UNIT() SI_UNIT($,.RADIAN.) );
#3955 = ( NAMED_UNIT(*) SI_UNIT($,.STERADIAN.) SOLID_ANGLE_UNIT() );
#3956 = UNCERTAINTY_MEASURE_WITH_UNIT(LENGTH_MEASURE(1.E-07),#3953,
  'distance_accuracy_value','confusion accuracy');
#3957 = CONTEXT_DEPENDENT_SHAPE_REPRESENTATION(#3958,#3960);
#3958 = ( REPRESENTATION_RELATIONSHIP('','',#1399,#10) 
REPRESENTATION_RELATIONSHIP_WITH_TRANSFORMATION(#3959) 
SHAPE_REPRESENTATION_RELATIONSHIP() );
#3959 = ITEM_DEFINED_TRANSFORMATION('','',#11,#19);
#3960 = PRODUCT_DEFINITION_SHAPE('Placement','Placement of an item',
  #3961);
#3961 = NEXT_ASSEMBLY_USAGE_OCCURRENCE('14','','',#5,#1394,$);
#3962 = PRODUCT_RELATED_PRODUCT_CATEGORY('part',$,(#1396));
#3963 = SHAPE_DEFINITION_REPRESENTATION(#3964,#3970);
#3964 = PRODUCT_DEFINITION_SHAPE('','',#3965);
#3965 = PRODUCT_DEFINITION('design','',#3966,#3969);
#3966 = PRODUCT_DEFINITION_FORMATION('','',#3967);
#3967 = PRODUCT('Open CASCADE STEP translator 7.9 10.3',
  'Open CASCADE STEP translator 7.9 10.3','',(#3968));
#3968 = PRODUCT_CONTEXT('',#2,'mechanical');
#3969 = PRODUCT_DEFINITION_CONTEXT('part definition',#2,'design');
#3970 = ADVANCED_BREP_SHAPE_REPRESENTATION('',(#11,#3971),#6523);
#3971 = MANIFOLD_SOLID_BREP('',#3972);
#3972 = CLOSED_SHELL('',(#3973,#5057,#5061,#5138,#5187,#5237,#5241,#5268
    ,#5344,#5393,#5442,#5469,#5545,#5594,#5643,#5670,#5746,#5795,#5844,
    #5871,#5947,#5996,#6045,#6072,#6148,#6197,#6246,#6273,#6349,#6398,
    #6447,#6474,#6481,#6488,#6495,#6502,#6509,#6516));
#3973 = ADVANCED_FACE('',(#3974,#4265,#4397,#4529,#4661,#4793,#4925),
  #3987,.T.);
#3974 = FACE_BOUND('',#3975,.F.);
#3975 = EDGE_LOOP('',(#3976,#4010,#4033,#4065,#4097,#4129,#4152,#4179,
    #4180,#4207,#4239,#4264));
#3976 = ORIENTED_EDGE('',*,*,#3977,.F.);
#3977 = EDGE_CURVE('',#3978,#3978,#3980,.T.);
#3978 = VERTEX_POINT('',#3979);
#3979 = CARTESIAN_POINT('',(284.,0.,-49.));
#3980 = SURFACE_CURVE('',#3981,(#3986,#3998),.PCURVE_S1.);
#3981 = CIRCLE('',#3982,14.);
#3982 = AXIS2_PLACEMENT_3D('',#3983,#3984,#3985);
#3983 = CARTESIAN_POINT('',(270.,0.,-49.));
#3984 = DIRECTION('',(0.,0.,1.));
#3985 = DIRECTION('',(1.,0.,0.));
#3986 = PCURVE('',#3987,#3992);
#3987 = CYLINDRICAL_SURFACE('',#3988,14.);
#3988 = AXIS2_PLACEMENT_3D('',#3989,#3990,#3991);
#3989 = CARTESIAN_POINT('',(270.,0.,-49.));
#3990 = DIRECTION('',(-0.,-0.,-1.));
#3991 = DIRECTION('',(1.,0.,0.));
#3992 = DEFINITIONAL_REPRESENTATION('',(#3993),#3997);
#3993 = LINE('',#3994,#3995);
#3994 = CARTESIAN_POINT('',(-0.,0.));
#3995 = VECTOR('',#3996,1.);
#3996 = DIRECTION('',(-1.,0.));
#3997 = ( GEOMETRIC_REPRESENTATION_CONTEXT(2) 
PARAMETRIC_REPRESENTATION_CONTEXT() REPRESENTATION_CONTEXT('2D SPACE',''
  ) );
#3998 = PCURVE('',#3999,#4004);
#3999 = PLANE('',#4000);
#4000 = AXIS2_PLACEMENT_3D('',#4001,#4002,#4003);
#4001 = CARTESIAN_POINT('',(270.,9.912868833001E-16,-49.));
#4002 = DIRECTION('',(0.,0.,1.));
#4003 = DIRECTION('',(1.,0.,-0.));
#4004 = DEFINITIONAL_REPRESENTATION('',(#4005),#4009);
#4005 = CIRCLE('',#4006,14.);
#4006 = AXIS2_PLACEMENT_2D('',#4007,#4008);
#4007 = CARTESIAN_POINT('',(-5.684341886081E-14,-9.912868833001E-16));
#4008 = DIRECTION('',(1.,0.));
#4009 = ( GEOMETRIC_REPRESENTATION_CONTEXT(2) 
PARAMETRIC_REPRESENTATION_CONTEXT() REPRESENTATION_CONTEXT('2D SPACE',''
  ) );
#4010 = ORIENTED_EDGE('',*,*,#4011,.T.);
#4011 = EDGE_CURVE('',#3978,#4012,#4014,.T.);
#4012 = VERTEX_POINT('',#4013);
#4013 = CARTESIAN_POINT('',(284.,0.,-44.15470053837));
#4014 = SEAM_CURVE('',#4015,(#4019,#4026),.PCURVE_S1.);
#4015 = LINE('',#4016,#4017);
#4016 = CARTESIAN_POINT('',(284.,0.,-49.));
#4017 = VECTOR('',#4018,1.);
#4018 = DIRECTION('',(0.,0.,1.));
#4019 = PCURVE('',#3987,#4020);
#4020 = DEFINITIONAL_REPRESENTATION('',(#4021),#4025);
#4021 = LINE('',#4022,#4023);
#4022 = CARTESIAN_POINT('',(-6.28318530718,0.));
#4023 = VECTOR('',#4024,1.);
#4024 = DIRECTION('',(-0.,-1.));
#4025 = ( GEOMETRIC_REPRESENTATION_CONTEXT(2) 
PARAMETRIC_REPRESENTATION_CONTEXT() REPRESENTATION_CONTEXT('2D SPACE',''
  ) );
#4026 = PCURVE('',#3987,#4027);
#4027 = DEFINITIONAL_REPRESENTATION('',(#4028),#4032);
#4028 = LINE('',#4029,#4030);
#4029 = CARTESIAN_POINT('',(-0.,0.));
#4030 = VECTOR('',#4031,1.);
#4031 = DIRECTION('',(-0.,-1.));
#4032 = ( GEOMETRIC_REPRESENTATION_CONTEXT(2) 
PARAMETRIC_REPRESENTATION_CONTEXT() REPRESENTATION_CONTEXT('2D SPACE',''
  ) );
#4033 = ORIENTED_EDGE('',*,*,#4034,.T.);
#4034 = EDGE_CURVE('',#4012,#4035,#4037,.T.);
#4035 = VERTEX_POINT('',#4036);
#4036 = CARTESIAN_POINT('',(283.14039089909,4.830127018922,
    -41.36602540378));
#4037 = SURFACE_CURVE('',#4038,(#4043,#4053),.PCURVE_S1.);
#4038 = ELLIPSE('',#4039,16.16580753731,14.);
#4039 = AXIS2_PLACEMENT_3D('',#4040,#4041,#4042);
#4040 = CARTESIAN_POINT('',(270.,0.,-44.15470053837));
#4041 = DIRECTION('',(0.,-0.5,0.866025403784));
#4042 = DIRECTION('',(0.,-0.866025403784,-0.5));
#4043 = PCURVE('',#3987,#4044);
#4044 = DEFINITIONAL_REPRESENTATION('',(#4045),#4052);
#4045 = B_SPLINE_CURVE_WITH_KNOTS('',5,(#4046,#4047,#4048,#4049,#4050,
    #4051),.UNSPECIFIED.,.F.,.F.,(6,6),(1.570796326795,1.989819172984),
  .PIECEWISE_BEZIER_KNOTS.);
#4046 = CARTESIAN_POINT('',(0.,-4.845299461621));
#4047 = CARTESIAN_POINT('',(-8.380456923789E-02,-5.522683730144));
#4048 = CARTESIAN_POINT('',(-0.167609138476,-6.200068244072));
#4049 = CARTESIAN_POINT('',(-0.251413707714,-6.867540222326));
#4050 = CARTESIAN_POINT('',(-0.335218276952,-7.515192907456));
#4051 = CARTESIAN_POINT('',(-0.419022846189,-8.133974596215));
#4052 = ( GEOMETRIC_REPRESENTATION_CONTEXT(2) 
PARAMETRIC_REPRESENTATION_CONTEXT() REPRESENTATION_CONTEXT('2D SPACE',''
  ) );
#4053 = PCURVE('',#4054,#4059);
#4054 = PLANE('',#4055);
#4055 = AXIS2_PLACEMENT_3D('',#4056,#4057,#4058);
#4056 = CARTESIAN_POINT('',(282.,-3.830127018922,-46.36602540378));
#4057 = DIRECTION('',(0.,-0.5,0.866025403784));
#4058 = DIRECTION('',(1.,0.,0.));
#4059 = DEFINITIONAL_REPRESENTATION('',(#4060),#4064);
#4060 = ELLIPSE('',#4061,16.16580753731,14.);
#4061 = AXIS2_PLACEMENT_2D('',#4062,#4063);
#4062 = CARTESIAN_POINT('',(-12.,4.42264973081));
#4063 = DIRECTION('',(0.,-1.));
#4064 = ( GEOMETRIC_REPRESENTATION_CONTEXT(2) 
PARAMETRIC_REPRESENTATION_CONTEXT() REPRESENTATION_CONTEXT('2D SPACE',''
  ) );
#4065 = ORIENTED_EDGE('',*,*,#4066,.F.);
#4066 = EDGE_CURVE('',#4067,#4035,#4069,.T.);
#4067 = VERTEX_POINT('',#4068);
#4068 = CARTESIAN_POINT('',(283.46588753179,3.830127018922,
    -39.63397459621));
#4069 = SURFACE_CURVE('',#4070,(#4075,#4085),.PCURVE_S1.);
#4070 = ELLIPSE('',#4071,28.,14.);
#4071 = AXIS2_PLACEMENT_3D('',#4072,#4073,#4074);
#4072 = CARTESIAN_POINT('',(270.,0.,-33.));
#4073 = DIRECTION('',(0.,0.866025403784,0.5));
#4074 = DIRECTION('',(0.,0.5,-0.866025403784));
#4075 = PCURVE('',#3987,#4076);
#4076 = DEFINITIONAL_REPRESENTATION('',(#4077),#4084);
#4077 = B_SPLINE_CURVE_WITH_KNOTS('',5,(#4078,#4079,#4080,#4081,#4082,
    #4083),.UNSPECIFIED.,.F.,.F.,(6,6),(4.982084156807,5.072258303219),
  .PIECEWISE_BEZIER_KNOTS.);
#4078 = CARTESIAN_POINT('',(-0.269695176422,-9.539230484541));
#4079 = CARTESIAN_POINT('',(-0.287730005705,-9.117717339728));
#4080 = CARTESIAN_POINT('',(-0.305764834987,-8.698830942323));
#4081 = CARTESIAN_POINT('',(-0.323799664269,-8.282856916626));
#4082 = CARTESIAN_POINT('',(-0.341834493552,-7.870077323614));
#4083 = CARTESIAN_POINT('',(-0.359869322834,-7.460769515459));
#4084 = ( GEOMETRIC_REPRESENTATION_CONTEXT(2) 
PARAMETRIC_REPRESENTATION_CONTEXT() REPRESENTATION_CONTEXT('2D SPACE',''
  ) );
#4085 = PCURVE('',#4086,#4091);
#4086 = PLANE('',#4087);
#4087 = AXIS2_PLACEMENT_3D('',#4088,#4089,#4090);
#4088 = CARTESIAN_POINT('',(282.,4.830127018922,-41.36602540378));
#4089 = DIRECTION('',(0.,0.866025403784,0.5));
#4090 = DIRECTION('',(0.,-0.5,0.866025403784));
#4091 = DEFINITIONAL_REPRESENTATION('',(#4092),#4096);
#4092 = ELLIPSE('',#4093,28.,14.);
#4093 = AXIS2_PLACEMENT_2D('',#4094,#4095);
#4094 = CARTESIAN_POINT('',(9.660254037844,-12.));
#4095 = DIRECTION('',(-1.,0.));
#4096 = ( GEOMETRIC_REPRESENTATION_CONTEXT(2) 
PARAMETRIC_REPRESENTATION_CONTEXT() REPRESENTATION_CONTEXT('2D SPACE',''
  ) );
#4097 = ORIENTED_EDGE('',*,*,#4098,.F.);
#4098 = EDGE_CURVE('',#4099,#4067,#4101,.T.);
#4099 = VERTEX_POINT('',#4100);
#4100 = CARTESIAN_POINT('',(284.,0.,-41.84529946162));
#4101 = SURFACE_CURVE('',#4102,(#4107,#4117),.PCURVE_S1.);
#4102 = ELLIPSE('',#4103,16.16580753731,14.);
#4103 = AXIS2_PLACEMENT_3D('',#4104,#4105,#4106);
#4104 = CARTESIAN_POINT('',(270.,0.,-41.84529946162));
#4105 = DIRECTION('',(0.,-0.5,0.866025403784));
#4106 = DIRECTION('',(0.,-0.866025403784,-0.5));
#4107 = PCURVE('',#3987,#4108);
#4108 = DEFINITIONAL_REPRESENTATION('',(#4109),#4116);
#4109 = B_SPLINE_CURVE_WITH_KNOTS('',5,(#4110,#4111,#4112,#4113,#4114,
    #4115),.UNSPECIFIED.,.F.,.F.,(6,6),(1.570796326795,1.912868004327),
  .PIECEWISE_BEZIER_KNOTS.);
#4110 = CARTESIAN_POINT('',(0.,-7.154700538379));
#4111 = CARTESIAN_POINT('',(-6.841433550638E-02,-7.707687028674));
#4112 = CARTESIAN_POINT('',(-0.136828671013,-8.260673578424));
#4113 = CARTESIAN_POINT('',(-0.205243006519,-8.808267602515));
#4114 = CARTESIAN_POINT('',(-0.273657342026,-9.345077974591));
#4115 = CARTESIAN_POINT('',(-0.342071677532,-9.866025403785));
#4116 = ( GEOMETRIC_REPRESENTATION_CONTEXT(2) 
PARAMETRIC_REPRESENTATION_CONTEXT() REPRESENTATION_CONTEXT('2D SPACE',''
  ) );
#4117 = PCURVE('',#4118,#4123);
#4118 = PLANE('',#4119);
#4119 = AXIS2_PLACEMENT_3D('',#4120,#4121,#4122);
#4120 = CARTESIAN_POINT('',(282.,-4.830127018922,-44.63397459621));
#4121 = DIRECTION('',(0.,-0.5,0.866025403784));
#4122 = DIRECTION('',(1.,0.,0.));
#4123 = DEFINITIONAL_REPRESENTATION('',(#4124),#4128);
#4124 = ELLIPSE('',#4125,16.16580753731,14.);
#4125 = AXIS2_PLACEMENT_2D('',#4126,#4127);
#4126 = CARTESIAN_POINT('',(-12.,5.57735026919));
#4127 = DIRECTION('',(0.,-1.));
#4128 = ( GEOMETRIC_REPRESENTATION_CONTEXT(2) 
PARAMETRIC_REPRESENTATION_CONTEXT() REPRESENTATION_CONTEXT('2D SPACE',''
  ) );
#4129 = ORIENTED_EDGE('',*,*,#4130,.T.);
#4130 = EDGE_CURVE('',#4099,#4131,#4133,.T.);
#4131 = VERTEX_POINT('',#4132);
#4132 = CARTESIAN_POINT('',(284.,0.,-36.));
#4133 = SEAM_CURVE('',#4134,(#4138,#4145),.PCURVE_S1.);
#4134 = LINE('',#4135,#4136);
#4135 = CARTESIAN_POINT('',(284.,0.,-49.));
#4136 = VECTOR('',#4137,1.);
#4137 = DIRECTION('',(0.,0.,1.));
#4138 = PCURVE('',#3987,#4139);
#4139 = DEFINITIONAL_REPRESENTATION('',(#4140),#4144);
#4140 = LINE('',#4141,#4142);
#4141 = CARTESIAN_POINT('',(-6.28318530718,0.));
#4142 = VECTOR('',#4143,1.);
#4143 = DIRECTION('',(-0.,-1.));
#4144 = ( GEOMETRIC_REPRESENTATION_CONTEXT(2) 
PARAMETRIC_REPRESENTATION_CONTEXT() REPRESENTATION_CONTEXT('2D SPACE',''
  ) );
#4145 = PCURVE('',#3987,#4146);
#4146 = DEFINITIONAL_REPRESENTATION('',(#4147),#4151);
#4147 = LINE('',#4148,#4149);
#4148 = CARTESIAN_POINT('',(-0.,0.));
#4149 = VECTOR('',#4150,1.);
#4150 = DIRECTION('',(-0.,-1.));
#4151 = ( GEOMETRIC_REPRESENTATION_CONTEXT(2) 
PARAMETRIC_REPRESENTATION_CONTEXT() REPRESENTATION_CONTEXT('2D SPACE',''
  ) );
#4152 = ORIENTED_EDGE('',*,*,#4153,.T.);
#4153 = EDGE_CURVE('',#4131,#4131,#4154,.T.);
#4154 = SURFACE_CURVE('',#4155,(#4160,#4167),.PCURVE_S1.);
#4155 = CIRCLE('',#4156,14.);
#4156 = AXIS2_PLACEMENT_3D('',#4157,#4158,#4159);
#4157 = CARTESIAN_POINT('',(270.,0.,-36.));
#4158 = DIRECTION('',(0.,0.,1.));
#4159 = DIRECTION('',(1.,0.,0.));
#4160 = PCURVE('',#3987,#4161);
#4161 = DEFINITIONAL_REPRESENTATION('',(#4162),#4166);
#4162 = LINE('',#4163,#4164);
#4163 = CARTESIAN_POINT('',(-0.,-13.));
#4164 = VECTOR('',#4165,1.);
#4165 = DIRECTION('',(-1.,0.));
#4166 = ( GEOMETRIC_REPRESENTATION_CONTEXT(2) 
PARAMETRIC_REPRESENTATION_CONTEXT() REPRESENTATION_CONTEXT('2D SPACE',''
  ) );
#4167 = PCURVE('',#4168,#4173);
#4168 = PLANE('',#4169);
#4169 = AXIS2_PLACEMENT_3D('',#4170,#4171,#4172);
#4170 = CARTESIAN_POINT('',(270.,9.912868833001E-16,-36.));
#4171 = DIRECTION('',(0.,0.,1.));
#4172 = DIRECTION('',(1.,0.,-0.));
#4173 = DEFINITIONAL_REPRESENTATION('',(#4174),#4178);
#4174 = CIRCLE('',#4175,14.);
#4175 = AXIS2_PLACEMENT_2D('',#4176,#4177);
#4176 = CARTESIAN_POINT('',(-5.684341886081E-14,-9.912868833001E-16));
#4177 = DIRECTION('',(1.,0.));
#4178 = ( GEOMETRIC_REPRESENTATION_CONTEXT(2) 
PARAMETRIC_REPRESENTATION_CONTEXT() REPRESENTATION_CONTEXT('2D SPACE',''
  ) );
#4179 = ORIENTED_EDGE('',*,*,#4130,.F.);
#4180 = ORIENTED_EDGE('',*,*,#4181,.F.);
#4181 = EDGE_CURVE('',#4182,#4099,#4184,.T.);
#4182 = VERTEX_POINT('',#4183);
#4183 = CARTESIAN_POINT('',(283.14039089909,-4.830127018922,
    -44.63397459621));
#4184 = SURFACE_CURVE('',#4185,(#4190,#4200),.PCURVE_S1.);
#4185 = ELLIPSE('',#4186,16.16580753731,14.);
#4186 = AXIS2_PLACEMENT_3D('',#4187,#4188,#4189);
#4187 = CARTESIAN_POINT('',(270.,0.,-41.84529946162));
#4188 = DIRECTION('',(0.,-0.5,0.866025403784));
#4189 = DIRECTION('',(0.,-0.866025403784,-0.5));
#4190 = PCURVE('',#3987,#4191);
#4191 = DEFINITIONAL_REPRESENTATION('',(#4192),#4199);
#4192 = B_SPLINE_CURVE_WITH_KNOTS('',5,(#4193,#4194,#4195,#4196,#4197,
    #4198),.UNSPECIFIED.,.F.,.F.,(6,6),(1.151773480605,1.570796326795),
  .PIECEWISE_BEZIER_KNOTS.);
#4193 = CARTESIAN_POINT('',(-5.86416246099,-3.866025403785));
#4194 = CARTESIAN_POINT('',(-5.947967030228,-4.484807092544));
#4195 = CARTESIAN_POINT('',(-6.031771599466,-5.132459777674));
#4196 = CARTESIAN_POINT('',(-6.115576168704,-5.799931755928));
#4197 = CARTESIAN_POINT('',(-6.199380737942,-6.477316269856));
#4198 = CARTESIAN_POINT('',(-6.28318530718,-7.154700538379));
#4199 = ( GEOMETRIC_REPRESENTATION_CONTEXT(2) 
PARAMETRIC_REPRESENTATION_CONTEXT() REPRESENTATION_CONTEXT('2D SPACE',''
  ) );
#4200 = PCURVE('',#4118,#4201);
#4201 = DEFINITIONAL_REPRESENTATION('',(#4202),#4206);
#4202 = ELLIPSE('',#4203,16.16580753731,14.);
#4203 = AXIS2_PLACEMENT_2D('',#4204,#4205);
#4204 = CARTESIAN_POINT('',(-12.,5.57735026919));
#4205 = DIRECTION('',(0.,-1.));
#4206 = ( GEOMETRIC_REPRESENTATION_CONTEXT(2) 
PARAMETRIC_REPRESENTATION_CONTEXT() REPRESENTATION_CONTEXT('2D SPACE',''
  ) );
#4207 = ORIENTED_EDGE('',*,*,#4208,.T.);
#4208 = EDGE_CURVE('',#4182,#4209,#4211,.T.);
#4209 = VERTEX_POINT('',#4210);
#4210 = CARTESIAN_POINT('',(283.46588753179,-3.830127018922,
    -46.36602540378));
#4211 = SURFACE_CURVE('',#4212,(#4217,#4227),.PCURVE_S1.);
#4212 = ELLIPSE('',#4213,28.,14.);
#4213 = AXIS2_PLACEMENT_3D('',#4214,#4215,#4216);
#4214 = CARTESIAN_POINT('',(270.,0.,-53.));
#4215 = DIRECTION('',(0.,0.866025403784,0.5));
#4216 = DIRECTION('',(0.,0.5,-0.866025403784));
#4217 = PCURVE('',#3987,#4218);
#4218 = DEFINITIONAL_REPRESENTATION('',(#4219),#4226);
#4219 = B_SPLINE_CURVE_WITH_KNOTS('',5,(#4220,#4221,#4222,#4223,#4224,
    #4225),.UNSPECIFIED.,.F.,.F.,(6,6),(4.352519657551,4.442693803962),
  .PIECEWISE_BEZIER_KNOTS.);
#4220 = CARTESIAN_POINT('',(-5.923315984346,-4.539230484541));
#4221 = CARTESIAN_POINT('',(-5.941350813628,-4.129922676386));
#4222 = CARTESIAN_POINT('',(-5.95938564291,-3.717143083374));
#4223 = CARTESIAN_POINT('',(-5.977420472193,-3.301169057677));
#4224 = CARTESIAN_POINT('',(-5.995455301475,-2.882282660272));
#4225 = CARTESIAN_POINT('',(-6.013490130757,-2.460769515459));
#4226 = ( GEOMETRIC_REPRESENTATION_CONTEXT(2) 
PARAMETRIC_REPRESENTATION_CONTEXT() REPRESENTATION_CONTEXT('2D SPACE',''
  ) );
#4227 = PCURVE('',#4228,#4233);
#4228 = PLANE('',#4229);
#4229 = AXIS2_PLACEMENT_3D('',#4230,#4231,#4232);
#4230 = CARTESIAN_POINT('',(282.,-3.830127018922,-46.36602540378));
#4231 = DIRECTION('',(0.,0.866025403784,0.5));
#4232 = DIRECTION('',(0.,-0.5,0.866025403784));
#4233 = DEFINITIONAL_REPRESENTATION('',(#4234),#4238);
#4234 = ELLIPSE('',#4235,28.,14.);
#4235 = AXIS2_PLACEMENT_2D('',#4236,#4237);
#4236 = CARTESIAN_POINT('',(-7.660254037844,-12.));
#4237 = DIRECTION('',(-1.,0.));
#4238 = ( GEOMETRIC_REPRESENTATION_CONTEXT(2) 
PARAMETRIC_REPRESENTATION_CONTEXT() REPRESENTATION_CONTEXT('2D SPACE',''
  ) );
#4239 = ORIENTED_EDGE('',*,*,#4240,.T.);
#4240 = EDGE_CURVE('',#4209,#4012,#4241,.T.);
#4241 = SURFACE_CURVE('',#4242,(#4247,#4257),.PCURVE_S1.);
#4242 = ELLIPSE('',#4243,16.16580753731,14.);
#4243 = AXIS2_PLACEMENT_3D('',#4244,#4245,#4246);
#4244 = CARTESIAN_POINT('',(270.,0.,-44.15470053837));
#4245 = DIRECTION('',(0.,-0.5,0.866025403784));
#4246 = DIRECTION('',(0.,-0.866025403784,-0.5));
#4247 = PCURVE('',#3987,#4248);
#4248 = DEFINITIONAL_REPRESENTATION('',(#4249),#4256);
#4249 = B_SPLINE_CURVE_WITH_KNOTS('',5,(#4250,#4251,#4252,#4253,#4254,
    #4255),.UNSPECIFIED.,.F.,.F.,(6,6),(1.228724649263,1.570796326795),
  .PIECEWISE_BEZIER_KNOTS.);
#4250 = CARTESIAN_POINT('',(-5.941113629648,-2.133974596215));
#4251 = CARTESIAN_POINT('',(-6.009527965154,-2.654922025409));
#4252 = CARTESIAN_POINT('',(-6.07794230066,-3.191732397485));
#4253 = CARTESIAN_POINT('',(-6.146356636167,-3.739326421576));
#4254 = CARTESIAN_POINT('',(-6.214770971673,-4.292312971326));
#4255 = CARTESIAN_POINT('',(-6.28318530718,-4.845299461621));
#4256 = ( GEOMETRIC_REPRESENTATION_CONTEXT(2) 
PARAMETRIC_REPRESENTATION_CONTEXT() REPRESENTATION_CONTEXT('2D SPACE',''
  ) );
#4257 = PCURVE('',#4054,#4258);
#4258 = DEFINITIONAL_REPRESENTATION('',(#4259),#4263);
#4259 = ELLIPSE('',#4260,16.16580753731,14.);
#4260 = AXIS2_PLACEMENT_2D('',#4261,#4262);
#4261 = CARTESIAN_POINT('',(-12.,4.42264973081));
#4262 = DIRECTION('',(0.,-1.));
#4263 = ( GEOMETRIC_REPRESENTATION_CONTEXT(2) 
PARAMETRIC_REPRESENTATION_CONTEXT() REPRESENTATION_CONTEXT('2D SPACE',''
  ) );
#4264 = ORIENTED_EDGE('',*,*,#4011,.F.);
#4265 = FACE_BOUND('',#4266,.F.);
#4266 = EDGE_LOOP('',(#4267,#4302,#4334,#4367));
#4267 = ORIENTED_EDGE('',*,*,#4268,.F.);
#4268 = EDGE_CURVE('',#4269,#4271,#4273,.T.);
#4269 = VERTEX_POINT('',#4270);
#4270 = CARTESIAN_POINT('',(256.06520331646,-1.349607864703,
    -44.63397459621));
#4271 = VERTEX_POINT('',#4272);
#4272 = CARTESIAN_POINT('',(259.52948438744,-9.293454836992,
    -39.63397459621));
#4273 = SURFACE_CURVE('',#4274,(#4279,#4290),.PCURVE_S1.);
#4274 = ELLIPSE('',#4275,16.16580753731,14.);
#4275 = AXIS2_PLACEMENT_3D('',#4276,#4277,#4278);
#4276 = CARTESIAN_POINT('',(270.,0.,-41.84529946162));
#4277 = DIRECTION('',(-0.216941869559,0.450484433951,0.866025403784));
#4278 = DIRECTION('',(-0.375754340365,0.780261927622,-0.5));
#4279 = PCURVE('',#3987,#4280);
#4280 = DEFINITIONAL_REPRESENTATION('',(#4281),#4289);
#4281 = B_SPLINE_CURVE_WITH_KNOTS('',6,(#4282,#4283,#4284,#4285,#4286,
    #4287,#4288),.UNSPECIFIED.,.F.,.F.,(7,7),(1.151773480605,
    1.912868004327),.PIECEWISE_BEZIER_KNOTS.);
#4282 = CARTESIAN_POINT('',(-3.171368757913,-3.866025403784));
#4283 = CARTESIAN_POINT('',(-3.2982178452,-4.802631762635));
#4284 = CARTESIAN_POINT('',(-3.425066932487,-5.802737224434));
#4285 = CARTESIAN_POINT('',(-3.551916019774,-6.839224586997));
#4286 = CARTESIAN_POINT('',(-3.678765107061,-7.881865513947));
#4287 = CARTESIAN_POINT('',(-3.805614194348,-8.900121029671));
#4288 = CARTESIAN_POINT('',(-3.932463281635,-9.866025403785));
#4289 = ( GEOMETRIC_REPRESENTATION_CONTEXT(2) 
PARAMETRIC_REPRESENTATION_CONTEXT() REPRESENTATION_CONTEXT('2D SPACE',''
  ) );
#4290 = PCURVE('',#4291,#4296);
#4291 = PLANE('',#4292);
#4292 = AXIS2_PLACEMENT_3D('',#4293,#4294,#4295);
#4293 = CARTESIAN_POINT('',(257.09266001378,-0.854810797347,
    -44.63397459621));
#4294 = DIRECTION('',(-0.216941869559,0.450484433951,0.866025403784));
#4295 = DIRECTION('',(-0.900968867902,-0.433883739118,0.));
#4296 = DEFINITIONAL_REPRESENTATION('',(#4297),#4301);
#4297 = ELLIPSE('',#4298,16.16580753731,14.);
#4298 = AXIS2_PLACEMENT_2D('',#4299,#4300);
#4299 = CARTESIAN_POINT('',(-12.,5.57735026919));
#4300 = DIRECTION('',(-5.551115123126E-17,-1.));
#4301 = ( GEOMETRIC_REPRESENTATION_CONTEXT(2) 
PARAMETRIC_REPRESENTATION_CONTEXT() REPRESENTATION_CONTEXT('2D SPACE',''
  ) );
#4302 = ORIENTED_EDGE('',*,*,#4303,.T.);
#4303 = EDGE_CURVE('',#4269,#4304,#4306,.T.);
#4304 = VERTEX_POINT('',#4305);
#4305 = CARTESIAN_POINT('',(256.20582472291,-2.391804428671,
    -46.36602540378));
#4306 = SURFACE_CURVE('',#4307,(#4312,#4322),.PCURVE_S1.);
#4307 = ELLIPSE('',#4308,28.,14.);
#4308 = AXIS2_PLACEMENT_3D('',#4309,#4310,#4311);
#4309 = CARTESIAN_POINT('',(270.,0.,-53.));
#4310 = DIRECTION('',(0.375754340365,-0.780261927622,0.5));
#4311 = DIRECTION('',(0.216941869559,-0.450484433951,-0.866025403784));
#4312 = PCURVE('',#3987,#4313);
#4313 = DEFINITIONAL_REPRESENTATION('',(#4314),#4321);
#4314 = B_SPLINE_CURVE_WITH_KNOTS('',5,(#4315,#4316,#4317,#4318,#4319,
    #4320),.UNSPECIFIED.,.F.,.F.,(6,6),(4.352519657551,4.442693803962),
  .PIECEWISE_BEZIER_KNOTS.);
#4315 = CARTESIAN_POINT('',(-3.230522281269,-4.539230484541));
#4316 = CARTESIAN_POINT('',(-3.248557110551,-4.129922676386));
#4317 = CARTESIAN_POINT('',(-3.266591939833,-3.717143083374));
#4318 = CARTESIAN_POINT('',(-3.284626769116,-3.301169057677));
#4319 = CARTESIAN_POINT('',(-3.302661598398,-2.882282660272));
#4320 = CARTESIAN_POINT('',(-3.32069642768,-2.460769515459));
#4321 = ( GEOMETRIC_REPRESENTATION_CONTEXT(2) 
PARAMETRIC_REPRESENTATION_CONTEXT() REPRESENTATION_CONTEXT('2D SPACE',''
  ) );
#4322 = PCURVE('',#4323,#4328);
#4323 = PLANE('',#4324);
#4324 = AXIS2_PLACEMENT_3D('',#4325,#4326,#4327);
#4325 = CARTESIAN_POINT('',(257.5265437529,-1.75577966525,
    -46.36602540378));
#4326 = DIRECTION('',(0.375754340365,-0.780261927622,0.5));
#4327 = DIRECTION('',(-0.216941869559,0.450484433951,0.866025403784));
#4328 = DEFINITIONAL_REPRESENTATION('',(#4329),#4333);
#4329 = ELLIPSE('',#4330,28.,14.);
#4330 = AXIS2_PLACEMENT_2D('',#4331,#4332);
#4331 = CARTESIAN_POINT('',(-7.660254037844,-12.));
#4332 = DIRECTION('',(-1.,2.775557561563E-17));
#4333 = ( GEOMETRIC_REPRESENTATION_CONTEXT(2) 
PARAMETRIC_REPRESENTATION_CONTEXT() REPRESENTATION_CONTEXT('2D SPACE',''
  ) );
#4334 = ORIENTED_EDGE('',*,*,#4335,.T.);
#4335 = EDGE_CURVE('',#4304,#4336,#4338,.T.);
#4336 = VERTEX_POINT('',#4337);
#4337 = CARTESIAN_POINT('',(260.25663045922,-10.05319600883,
    -41.36602540378));
#4338 = SURFACE_CURVE('',#4339,(#4344,#4355),.PCURVE_S1.);
#4339 = ELLIPSE('',#4340,16.16580753731,14.);
#4340 = AXIS2_PLACEMENT_3D('',#4341,#4342,#4343);
#4341 = CARTESIAN_POINT('',(270.,0.,-44.15470053837));
#4342 = DIRECTION('',(-0.216941869559,0.450484433951,0.866025403784));
#4343 = DIRECTION('',(-0.375754340365,0.780261927622,-0.5));
#4344 = PCURVE('',#3987,#4345);
#4345 = DEFINITIONAL_REPRESENTATION('',(#4346),#4354);
#4346 = B_SPLINE_CURVE_WITH_KNOTS('',6,(#4347,#4348,#4349,#4350,#4351,
    #4352,#4353),.UNSPECIFIED.,.F.,.F.,(7,7),(1.228724649263,
    1.989819172984),.PIECEWISE_BEZIER_KNOTS.);
#4347 = CARTESIAN_POINT('',(-3.248319926571,-2.133974596215));
#4348 = CARTESIAN_POINT('',(-3.375169013858,-3.099878970329));
#4349 = CARTESIAN_POINT('',(-3.502018101145,-4.118134486053));
#4350 = CARTESIAN_POINT('',(-3.628867188431,-5.160775413002));
#4351 = CARTESIAN_POINT('',(-3.755716275718,-6.197262775566));
#4352 = CARTESIAN_POINT('',(-3.882565363005,-7.197368237365));
#4353 = CARTESIAN_POINT('',(-4.009414450292,-8.133974596216));
#4354 = ( GEOMETRIC_REPRESENTATION_CONTEXT(2) 
PARAMETRIC_REPRESENTATION_CONTEXT() REPRESENTATION_CONTEXT('2D SPACE',''
  ) );
#4355 = PCURVE('',#4356,#4361);
#4356 = PLANE('',#4357);
#4357 = AXIS2_PLACEMENT_3D('',#4358,#4359,#4360);
#4358 = CARTESIAN_POINT('',(257.5265437529,-1.75577966525,
    -46.36602540378));
#4359 = DIRECTION('',(-0.216941869559,0.450484433951,0.866025403784));
#4360 = DIRECTION('',(-0.900968867902,-0.433883739118,0.));
#4361 = DEFINITIONAL_REPRESENTATION('',(#4362),#4366);
#4362 = ELLIPSE('',#4363,16.16580753731,14.);
#4363 = AXIS2_PLACEMENT_2D('',#4364,#4365);
#4364 = CARTESIAN_POINT('',(-12.,4.42264973081));
#4365 = DIRECTION('',(-5.551115123126E-17,-1.));
#4366 = ( GEOMETRIC_REPRESENTATION_CONTEXT(2) 
PARAMETRIC_REPRESENTATION_CONTEXT() REPRESENTATION_CONTEXT('2D SPACE',''
  ) );
#4367 = ORIENTED_EDGE('',*,*,#4368,.F.);
#4368 = EDGE_CURVE('',#4271,#4336,#4369,.T.);
#4369 = SURFACE_CURVE('',#4370,(#4375,#4385),.PCURVE_S1.);
#4370 = ELLIPSE('',#4371,28.,14.);
#4371 = AXIS2_PLACEMENT_3D('',#4372,#4373,#4374);
#4372 = CARTESIAN_POINT('',(270.,0.,-33.));
#4373 = DIRECTION('',(0.375754340365,-0.780261927622,0.5));
#4374 = DIRECTION('',(0.216941869559,-0.450484433951,-0.866025403784));
#4375 = PCURVE('',#3987,#4376);
#4376 = DEFINITIONAL_REPRESENTATION('',(#4377),#4384);
#4377 = B_SPLINE_CURVE_WITH_KNOTS('',5,(#4378,#4379,#4380,#4381,#4382,
    #4383),.UNSPECIFIED.,.F.,.F.,(6,6),(4.982084156807,5.072258303219),
  .PIECEWISE_BEZIER_KNOTS.);
#4378 = CARTESIAN_POINT('',(-3.860086780525,-9.539230484541));
#4379 = CARTESIAN_POINT('',(-3.878121609807,-9.117717339728));
#4380 = CARTESIAN_POINT('',(-3.89615643909,-8.698830942323));
#4381 = CARTESIAN_POINT('',(-3.914191268372,-8.282856916626));
#4382 = CARTESIAN_POINT('',(-3.932226097654,-7.870077323614));
#4383 = CARTESIAN_POINT('',(-3.950260926937,-7.460769515459));
#4384 = ( GEOMETRIC_REPRESENTATION_CONTEXT(2) 
PARAMETRIC_REPRESENTATION_CONTEXT() REPRESENTATION_CONTEXT('2D SPACE',''
  ) );
#4385 = PCURVE('',#4386,#4391);
#4386 = PLANE('',#4387);
#4387 = AXIS2_PLACEMENT_3D('',#4388,#4389,#4390);
#4388 = CARTESIAN_POINT('',(261.28408715655,-9.558398941474,
    -41.36602540378));
#4389 = DIRECTION('',(0.375754340365,-0.780261927622,0.5));
#4390 = DIRECTION('',(-0.216941869559,0.450484433951,0.866025403784));
#4391 = DEFINITIONAL_REPRESENTATION('',(#4392),#4396);
#4392 = ELLIPSE('',#4393,28.,14.);
#4393 = AXIS2_PLACEMENT_2D('',#4394,#4395);
#4394 = CARTESIAN_POINT('',(9.660254037844,-12.));
#4395 = DIRECTION('',(-1.,2.775557561563E-17));
#4396 = ( GEOMETRIC_REPRESENTATION_CONTEXT(2) 
PARAMETRIC_REPRESENTATION_CONTEXT() REPRESENTATION_CONTEXT('2D SPACE',''
  ) );
#4397 = FACE_BOUND('',#4398,.F.);
#4398 = EDGE_LOOP('',(#4399,#4434,#4466,#4499));
#4399 = ORIENTED_EDGE('',*,*,#4400,.F.);
#4400 = EDGE_CURVE('',#4401,#4403,#4405,.T.);
#4401 = VERTEX_POINT('',#4402);
#4402 = CARTESIAN_POINT('',(262.36696229445,-11.73612948913,
    -44.63397459621));
#4403 = VERTEX_POINT('',#4404);
#4404 = CARTESIAN_POINT('',(270.73765586782,-13.98055305846,
    -39.63397459621));
#4405 = SURFACE_CURVE('',#4406,(#4411,#4422),.PCURVE_S1.);
#4406 = ELLIPSE('',#4407,16.16580753731,14.);
#4407 = AXIS2_PLACEMENT_3D('',#4408,#4409,#4410);
#4408 = CARTESIAN_POINT('',(270.,0.,-41.84529946162));
#4409 = DIRECTION('',(-0.487463956091,0.111260466978,0.866025403784));
#4410 = DIRECTION('',(-0.844312338808,0.19270878168,-0.5));
#4411 = PCURVE('',#3987,#4412);
#4412 = DEFINITIONAL_REPRESENTATION('',(#4413),#4421);
#4413 = B_SPLINE_CURVE_WITH_KNOTS('',6,(#4414,#4415,#4416,#4417,#4418,
    #4419,#4420),.UNSPECIFIED.,.F.,.F.,(7,7),(1.151773480605,
    1.912868004327),.PIECEWISE_BEZIER_KNOTS.);
#4414 = CARTESIAN_POINT('',(-4.068966658939,-3.866025403784));
#4415 = CARTESIAN_POINT('',(-4.195815746226,-4.802631762635));
#4416 = CARTESIAN_POINT('',(-4.322664833513,-5.802737224434));
#4417 = CARTESIAN_POINT('',(-4.449513920799,-6.839224586997));
#4418 = CARTESIAN_POINT('',(-4.576363008086,-7.881865513947));
#4419 = CARTESIAN_POINT('',(-4.703212095373,-8.900121029671));
#4420 = CARTESIAN_POINT('',(-4.83006118266,-9.866025403785));
#4421 = ( GEOMETRIC_REPRESENTATION_CONTEXT(2) 
PARAMETRIC_REPRESENTATION_CONTEXT() REPRESENTATION_CONTEXT('2D SPACE',''
  ) );
#4422 = PCURVE('',#4423,#4428);
#4423 = PLANE('',#4424);
#4424 = AXIS2_PLACEMENT_3D('',#4425,#4426,#4427);
#4425 = CARTESIAN_POINT('',(262.62072314239,-10.6243305708,
    -44.63397459621));
#4426 = DIRECTION('',(-0.487463956091,0.111260466978,0.866025403784));
#4427 = DIRECTION('',(-0.222520933956,-0.974927912182,0.));
#4428 = DEFINITIONAL_REPRESENTATION('',(#4429),#4433);
#4429 = ELLIPSE('',#4430,16.16580753731,14.);
#4430 = AXIS2_PLACEMENT_2D('',#4431,#4432);
#4431 = CARTESIAN_POINT('',(-12.,5.57735026919));
#4432 = DIRECTION('',(2.775557561563E-17,-1.));
#4433 = ( GEOMETRIC_REPRESENTATION_CONTEXT(2) 
PARAMETRIC_REPRESENTATION_CONTEXT() REPRESENTATION_CONTEXT('2D SPACE',''
  ) );
#4434 = ORIENTED_EDGE('',*,*,#4435,.T.);
#4435 = EDGE_CURVE('',#4401,#4436,#4438,.T.);
#4436 = VERTEX_POINT('',#4437);
#4437 = CARTESIAN_POINT('',(263.26946039192,-12.27598617562,
    -46.36602540378));
#4438 = SURFACE_CURVE('',#4439,(#4444,#4454),.PCURVE_S1.);
#4439 = ELLIPSE('',#4440,28.,14.);
#4440 = AXIS2_PLACEMENT_3D('',#4441,#4442,#4443);
#4441 = CARTESIAN_POINT('',(270.,0.,-53.));
#4442 = DIRECTION('',(0.844312338808,-0.19270878168,0.5));
#4443 = DIRECTION('',(0.487463956091,-0.111260466978,-0.866025403784));
#4444 = PCURVE('',#3987,#4445);
#4445 = DEFINITIONAL_REPRESENTATION('',(#4446),#4453);
#4446 = B_SPLINE_CURVE_WITH_KNOTS('',5,(#4447,#4448,#4449,#4450,#4451,
    #4452),.UNSPECIFIED.,.F.,.F.,(6,6),(4.352519657551,4.442693803962),
  .PIECEWISE_BEZIER_KNOTS.);
#4447 = CARTESIAN_POINT('',(-4.128120182294,-4.539230484541));
#4448 = CARTESIAN_POINT('',(-4.146155011577,-4.129922676386));
#4449 = CARTESIAN_POINT('',(-4.164189840859,-3.717143083374));
#4450 = CARTESIAN_POINT('',(-4.182224670141,-3.301169057677));
#4451 = CARTESIAN_POINT('',(-4.200259499424,-2.882282660272));
#4452 = CARTESIAN_POINT('',(-4.218294328706,-2.460769515458));
#4453 = ( GEOMETRIC_REPRESENTATION_CONTEXT(2) 
PARAMETRIC_REPRESENTATION_CONTEXT() REPRESENTATION_CONTEXT('2D SPACE',''
  ) );
#4454 = PCURVE('',#4455,#4460);
#4455 = PLANE('',#4456);
#4456 = AXIS2_PLACEMENT_3D('',#4457,#4458,#4459);
#4457 = CARTESIAN_POINT('',(263.59565105457,-10.84685150476,
    -46.36602540378));
#4458 = DIRECTION('',(0.844312338808,-0.19270878168,0.5));
#4459 = DIRECTION('',(-0.487463956091,0.111260466978,0.866025403784));
#4460 = DEFINITIONAL_REPRESENTATION('',(#4461),#4465);
#4461 = ELLIPSE('',#4462,28.,14.);
#4462 = AXIS2_PLACEMENT_2D('',#4463,#4464);
#4463 = CARTESIAN_POINT('',(-7.660254037844,-12.));
#4464 = DIRECTION('',(-1.,0.));
#4465 = ( GEOMETRIC_REPRESENTATION_CONTEXT(2) 
PARAMETRIC_REPRESENTATION_CONTEXT() REPRESENTATION_CONTEXT('2D SPACE',''
  ) );
#4466 = ORIENTED_EDGE('',*,*,#4467,.T.);
#4467 = EDGE_CURVE('',#4436,#4468,#4470,.T.);
#4468 = VERTEX_POINT('',#4469);
#4469 = CARTESIAN_POINT('',(271.78501359471,-13.88573823988,
    -41.36602540378));
#4470 = SURFACE_CURVE('',#4471,(#4476,#4487),.PCURVE_S1.);
#4471 = ELLIPSE('',#4472,16.16580753731,14.);
#4472 = AXIS2_PLACEMENT_3D('',#4473,#4474,#4475);
#4473 = CARTESIAN_POINT('',(270.,0.,-44.15470053837));
#4474 = DIRECTION('',(-0.487463956091,0.111260466978,0.866025403784));
#4475 = DIRECTION('',(-0.844312338808,0.19270878168,-0.5));
#4476 = PCURVE('',#3987,#4477);
#4477 = DEFINITIONAL_REPRESENTATION('',(#4478),#4486);
#4478 = B_SPLINE_CURVE_WITH_KNOTS('',6,(#4479,#4480,#4481,#4482,#4483,
    #4484,#4485),.UNSPECIFIED.,.F.,.F.,(7,7),(1.228724649263,
    1.989819172984),.PIECEWISE_BEZIER_KNOTS.);
#4479 = CARTESIAN_POINT('',(-4.145917827596,-2.133974596216));
#4480 = CARTESIAN_POINT('',(-4.272766914883,-3.099878970329));
#4481 = CARTESIAN_POINT('',(-4.39961600217,-4.118134486053));
#4482 = CARTESIAN_POINT('',(-4.526465089457,-5.160775413002));
#4483 = CARTESIAN_POINT('',(-4.653314176744,-6.197262775566));
#4484 = CARTESIAN_POINT('',(-4.780163264031,-7.197368237365));
#4485 = CARTESIAN_POINT('',(-4.907012351318,-8.133974596215));
#4486 = ( GEOMETRIC_REPRESENTATION_CONTEXT(2) 
PARAMETRIC_REPRESENTATION_CONTEXT() REPRESENTATION_CONTEXT('2D SPACE',''
  ) );
#4487 = PCURVE('',#4488,#4493);
#4488 = PLANE('',#4489);
#4489 = AXIS2_PLACEMENT_3D('',#4490,#4491,#4492);
#4490 = CARTESIAN_POINT('',(263.59565105457,-10.84685150476,
    -46.36602540378));
#4491 = DIRECTION('',(-0.487463956091,0.111260466978,0.866025403784));
#4492 = DIRECTION('',(-0.222520933956,-0.974927912182,0.));
#4493 = DEFINITIONAL_REPRESENTATION('',(#4494),#4498);
#4494 = ELLIPSE('',#4495,16.16580753731,14.);
#4495 = AXIS2_PLACEMENT_2D('',#4496,#4497);
#4496 = CARTESIAN_POINT('',(-12.,4.42264973081));
#4497 = DIRECTION('',(2.775557561563E-17,-1.));
#4498 = ( GEOMETRIC_REPRESENTATION_CONTEXT(2) 
PARAMETRIC_REPRESENTATION_CONTEXT() REPRESENTATION_CONTEXT('2D SPACE',''
  ) );
#4499 = ORIENTED_EDGE('',*,*,#4500,.F.);
#4500 = EDGE_CURVE('',#4403,#4468,#4501,.T.);
#4501 = SURFACE_CURVE('',#4502,(#4507,#4517),.PCURVE_S1.);
#4502 = ELLIPSE('',#4503,28.,14.);
#4503 = AXIS2_PLACEMENT_3D('',#4504,#4505,#4506);
#4504 = CARTESIAN_POINT('',(270.,0.,-33.));
#4505 = DIRECTION('',(0.844312338808,-0.19270878168,0.5));
#4506 = DIRECTION('',(0.487463956091,-0.111260466978,-0.866025403784));
#4507 = PCURVE('',#3987,#4508);
#4508 = DEFINITIONAL_REPRESENTATION('',(#4509),#4516);
#4509 = B_SPLINE_CURVE_WITH_KNOTS('',5,(#4510,#4511,#4512,#4513,#4514,
    #4515),.UNSPECIFIED.,.F.,.F.,(6,6),(4.982084156807,5.072258303219),
  .PIECEWISE_BEZIER_KNOTS.);
#4510 = CARTESIAN_POINT('',(-4.757684681551,-9.539230484541));
#4511 = CARTESIAN_POINT('',(-4.775719510833,-9.117717339728));
#4512 = CARTESIAN_POINT('',(-4.793754340115,-8.698830942323));
#4513 = CARTESIAN_POINT('',(-4.811789169398,-8.282856916626));
#4514 = CARTESIAN_POINT('',(-4.82982399868,-7.870077323614));
#4515 = CARTESIAN_POINT('',(-4.847858827962,-7.460769515459));
#4516 = ( GEOMETRIC_REPRESENTATION_CONTEXT(2) 
PARAMETRIC_REPRESENTATION_CONTEXT() REPRESENTATION_CONTEXT('2D SPACE',''
  ) );
#4517 = PCURVE('',#4518,#4523);
#4518 = PLANE('',#4519);
#4519 = AXIS2_PLACEMENT_3D('',#4520,#4521,#4522);
#4520 = CARTESIAN_POINT('',(272.03877444265,-12.77393932156,
    -41.36602540378));
#4521 = DIRECTION('',(0.844312338808,-0.19270878168,0.5));
#4522 = DIRECTION('',(-0.487463956091,0.111260466978,0.866025403784));
#4523 = DEFINITIONAL_REPRESENTATION('',(#4524),#4528);
#4524 = ELLIPSE('',#4525,28.,14.);
#4525 = AXIS2_PLACEMENT_2D('',#4526,#4527);
#4526 = CARTESIAN_POINT('',(9.660254037844,-12.));
#4527 = DIRECTION('',(-1.,0.));
#4528 = ( GEOMETRIC_REPRESENTATION_CONTEXT(2) 
PARAMETRIC_REPRESENTATION_CONTEXT() REPRESENTATION_CONTEXT('2D SPACE',''
  ) );
#4529 = FACE_BOUND('',#4530,.F.);
#4530 = EDGE_LOOP('',(#4531,#4566,#4598,#4631));
#4531 = ORIENTED_EDGE('',*,*,#4532,.F.);
#4532 = EDGE_CURVE('',#4533,#4535,#4537,.T.);
#4533 = VERTEX_POINT('',#4534);
#4534 = CARTESIAN_POINT('',(281.96924508573,7.262036358871,
    -44.63397459621));
#4535 = VERTEX_POINT('',#4536);
#4536 = CARTESIAN_POINT('',(275.4013296638,12.916099947851,
    -39.63397459621));
#4537 = SURFACE_CURVE('',#4538,(#4543,#4554),.PCURVE_S1.);
#4538 = ELLIPSE('',#4539,16.16580753731,14.);
#4539 = AXIS2_PLACEMENT_3D('',#4540,#4541,#4542);
#4540 = CARTESIAN_POINT('',(270.,0.,-41.84529946162));
#4541 = DIRECTION('',(0.390915741234,-0.311744900929,0.866025403784));
#4542 = DIRECTION('',(0.677085925296,-0.53995800741,-0.5));
#4543 = PCURVE('',#3987,#4544);
#4544 = DEFINITIONAL_REPRESENTATION('',(#4545),#4553);
#4545 = B_SPLINE_CURVE_WITH_KNOTS('',6,(#4546,#4547,#4548,#4549,#4550,
    #4551,#4552),.UNSPECIFIED.,.F.,.F.,(7,7),(1.151773480605,
    1.912868004327),.PIECEWISE_BEZIER_KNOTS.);
#4546 = CARTESIAN_POINT('',(-0.478575054836,-3.866025403785));
#4547 = CARTESIAN_POINT('',(-0.605424142123,-4.802631762635));
#4548 = CARTESIAN_POINT('',(-0.73227322941,-5.802737224434));
#4549 = CARTESIAN_POINT('',(-0.859122316697,-6.839224586998));
#4550 = CARTESIAN_POINT('',(-0.985971403984,-7.881865513946));
#4551 = CARTESIAN_POINT('',(-1.112820491271,-8.900121029671));
#4552 = CARTESIAN_POINT('',(-1.239669578558,-9.866025403785));
#4553 = ( GEOMETRIC_REPRESENTATION_CONTEXT(2) 
PARAMETRIC_REPRESENTATION_CONTEXT() REPRESENTATION_CONTEXT('2D SPACE',''
  ) );
#4554 = PCURVE('',#4555,#4560);
#4555 = PLANE('',#4556);
#4556 = AXIS2_PLACEMENT_3D('',#4557,#4558,#4559);
#4557 = CARTESIAN_POINT('',(281.25822299001,6.370442851636,
    -44.63397459621));
#4558 = DIRECTION('',(0.390915741234,-0.311744900929,0.866025403784));
#4559 = DIRECTION('',(0.623489801859,0.781831482468,0.));
#4560 = DEFINITIONAL_REPRESENTATION('',(#4561),#4565);
#4561 = ELLIPSE('',#4562,16.16580753731,14.);
#4562 = AXIS2_PLACEMENT_2D('',#4563,#4564);
#4563 = CARTESIAN_POINT('',(-12.,5.57735026919));
#4564 = DIRECTION('',(5.551115123126E-17,-1.));
#4565 = ( GEOMETRIC_REPRESENTATION_CONTEXT(2) 
PARAMETRIC_REPRESENTATION_CONTEXT() REPRESENTATION_CONTEXT('2D SPACE',''
  ) );
#4566 = ORIENTED_EDGE('',*,*,#4567,.T.);
#4567 = EDGE_CURVE('',#4533,#4568,#4570,.T.);
#4568 = VERTEX_POINT('',#4569);
#4569 = CARTESIAN_POINT('',(281.39035743429,8.140009675609,
    -46.36602540378));
#4570 = SURFACE_CURVE('',#4571,(#4576,#4586),.PCURVE_S1.);
#4571 = ELLIPSE('',#4572,28.,14.);
#4572 = AXIS2_PLACEMENT_3D('',#4573,#4574,#4575);
#4573 = CARTESIAN_POINT('',(270.,0.,-53.));
#4574 = DIRECTION('',(-0.677085925296,0.53995800741,0.5));
#4575 = DIRECTION('',(-0.390915741234,0.311744900929,-0.866025403784));
#4576 = PCURVE('',#3987,#4577);
#4577 = DEFINITIONAL_REPRESENTATION('',(#4578),#4585);
#4578 = B_SPLINE_CURVE_WITH_KNOTS('',5,(#4579,#4580,#4581,#4582,#4583,
    #4584),.UNSPECIFIED.,.F.,.F.,(6,6),(4.352519657551,4.442693803962),
  .PIECEWISE_BEZIER_KNOTS.);
#4579 = CARTESIAN_POINT('',(-0.537728578192,-4.539230484542));
#4580 = CARTESIAN_POINT('',(-0.555763407474,-4.129922676387));
#4581 = CARTESIAN_POINT('',(-0.573798236756,-3.717143083375));
#4582 = CARTESIAN_POINT('',(-0.591833066039,-3.301169057678));
#4583 = CARTESIAN_POINT('',(-0.609867895321,-2.882282660272));
#4584 = CARTESIAN_POINT('',(-0.627902724603,-2.460769515459));
#4585 = ( GEOMETRIC_REPRESENTATION_CONTEXT(2) 
PARAMETRIC_REPRESENTATION_CONTEXT() REPRESENTATION_CONTEXT('2D SPACE',''
  ) );
#4586 = PCURVE('',#4587,#4592);
#4587 = PLANE('',#4588);
#4588 = AXIS2_PLACEMENT_3D('',#4589,#4590,#4591);
#4589 = CARTESIAN_POINT('',(280.47639150755,6.993932653495,
    -46.36602540378));
#4590 = DIRECTION('',(-0.677085925296,0.53995800741,0.5));
#4591 = DIRECTION('',(0.390915741234,-0.311744900929,0.866025403784));
#4592 = DEFINITIONAL_REPRESENTATION('',(#4593),#4597);
#4593 = ELLIPSE('',#4594,28.,14.);
#4594 = AXIS2_PLACEMENT_2D('',#4595,#4596);
#4595 = CARTESIAN_POINT('',(-7.660254037844,-12.));
#4596 = DIRECTION('',(-1.,0.));
#4597 = ( GEOMETRIC_REPRESENTATION_CONTEXT(2) 
PARAMETRIC_REPRESENTATION_CONTEXT() REPRESENTATION_CONTEXT('2D SPACE',''
  ) );
#4598 = ORIENTED_EDGE('',*,*,#4599,.T.);
#4599 = EDGE_CURVE('',#4568,#4600,#4602,.T.);
#4600 = VERTEX_POINT('',#4601);
#4601 = CARTESIAN_POINT('',(274.41655435031,13.285106234831,
    -41.36602540378));
#4602 = SURFACE_CURVE('',#4603,(#4608,#4619),.PCURVE_S1.);
#4603 = ELLIPSE('',#4604,16.16580753731,14.);
#4604 = AXIS2_PLACEMENT_3D('',#4605,#4606,#4607);
#4605 = CARTESIAN_POINT('',(270.,0.,-44.15470053837));
#4606 = DIRECTION('',(0.390915741234,-0.311744900929,0.866025403784));
#4607 = DIRECTION('',(0.677085925296,-0.53995800741,-0.5));
#4608 = PCURVE('',#3987,#4609);
#4609 = DEFINITIONAL_REPRESENTATION('',(#4610),#4618);
#4610 = B_SPLINE_CURVE_WITH_KNOTS('',6,(#4611,#4612,#4613,#4614,#4615,
    #4616,#4617),.UNSPECIFIED.,.F.,.F.,(7,7),(1.228724649263,
    1.989819172984),.PIECEWISE_BEZIER_KNOTS.);
#4611 = CARTESIAN_POINT('',(-0.555526223494,-2.133974596215));
#4612 = CARTESIAN_POINT('',(-0.682375310781,-3.099878970329));
#4613 = CARTESIAN_POINT('',(-0.809224398068,-4.118134486053));
#4614 = CARTESIAN_POINT('',(-0.936073485354,-5.160775413002));
#4615 = CARTESIAN_POINT('',(-1.062922572641,-6.197262775566));
#4616 = CARTESIAN_POINT('',(-1.189771659928,-7.197368237365));
#4617 = CARTESIAN_POINT('',(-1.316620747215,-8.133974596215));
#4618 = ( GEOMETRIC_REPRESENTATION_CONTEXT(2) 
PARAMETRIC_REPRESENTATION_CONTEXT() REPRESENTATION_CONTEXT('2D SPACE',''
  ) );
#4619 = PCURVE('',#4620,#4625);
#4620 = PLANE('',#4621);
#4621 = AXIS2_PLACEMENT_3D('',#4622,#4623,#4624);
#4622 = CARTESIAN_POINT('',(280.47639150755,6.993932653495,
    -46.36602540378));
#4623 = DIRECTION('',(0.390915741234,-0.311744900929,0.866025403784));
#4624 = DIRECTION('',(0.623489801859,0.781831482468,0.));
#4625 = DEFINITIONAL_REPRESENTATION('',(#4626),#4630);
#4626 = ELLIPSE('',#4627,16.16580753731,14.);
#4627 = AXIS2_PLACEMENT_2D('',#4628,#4629);
#4628 = CARTESIAN_POINT('',(-12.,4.42264973081));
#4629 = DIRECTION('',(5.551115123126E-17,-1.));
#4630 = ( GEOMETRIC_REPRESENTATION_CONTEXT(2) 
PARAMETRIC_REPRESENTATION_CONTEXT() REPRESENTATION_CONTEXT('2D SPACE',''
  ) );
#4631 = ORIENTED_EDGE('',*,*,#4632,.F.);
#4632 = EDGE_CURVE('',#4535,#4600,#4633,.T.);
#4633 = SURFACE_CURVE('',#4634,(#4639,#4649),.PCURVE_S1.);
#4634 = ELLIPSE('',#4635,28.,14.);
#4635 = AXIS2_PLACEMENT_3D('',#4636,#4637,#4638);
#4636 = CARTESIAN_POINT('',(270.,0.,-33.));
#4637 = DIRECTION('',(-0.677085925296,0.53995800741,0.5));
#4638 = DIRECTION('',(-0.390915741234,0.311744900929,-0.866025403784));
#4639 = PCURVE('',#3987,#4640);
#4640 = DEFINITIONAL_REPRESENTATION('',(#4641),#4648);
#4641 = B_SPLINE_CURVE_WITH_KNOTS('',5,(#4642,#4643,#4644,#4645,#4646,
    #4647),.UNSPECIFIED.,.F.,.F.,(6,6),(4.982084156807,5.072258303219),
  .PIECEWISE_BEZIER_KNOTS.);
#4642 = CARTESIAN_POINT('',(-1.167293077448,-9.539230484541));
#4643 = CARTESIAN_POINT('',(-1.18532790673,-9.117717339728));
#4644 = CARTESIAN_POINT('',(-1.203362736013,-8.698830942323));
#4645 = CARTESIAN_POINT('',(-1.221397565295,-8.282856916626));
#4646 = CARTESIAN_POINT('',(-1.239432394577,-7.870077323614));
#4647 = CARTESIAN_POINT('',(-1.25746722386,-7.460769515459));
#4648 = ( GEOMETRIC_REPRESENTATION_CONTEXT(2) 
PARAMETRIC_REPRESENTATION_CONTEXT() REPRESENTATION_CONTEXT('2D SPACE',''
  ) );
#4649 = PCURVE('',#4650,#4655);
#4650 = PLANE('',#4651);
#4651 = AXIS2_PLACEMENT_3D('',#4652,#4653,#4654);
#4652 = CARTESIAN_POINT('',(273.70553225459,12.393512727597,
    -41.36602540378));
#4653 = DIRECTION('',(-0.677085925296,0.53995800741,0.5));
#4654 = DIRECTION('',(0.390915741234,-0.311744900929,0.866025403784));
#4655 = DEFINITIONAL_REPRESENTATION('',(#4656),#4660);
#4656 = ELLIPSE('',#4657,28.,14.);
#4657 = AXIS2_PLACEMENT_2D('',#4658,#4659);
#4658 = CARTESIAN_POINT('',(9.660254037845,-12.));
#4659 = DIRECTION('',(-1.,0.));
#4660 = ( GEOMETRIC_REPRESENTATION_CONTEXT(2) 
PARAMETRIC_REPRESENTATION_CONTEXT() REPRESENTATION_CONTEXT('2D SPACE',''
  ) );
#4661 = FACE_BOUND('',#4662,.F.);
#4662 = EDGE_LOOP('',(#4663,#4698,#4730,#4763));
#4663 = ORIENTED_EDGE('',*,*,#4664,.F.);
#4664 = EDGE_CURVE('',#4665,#4667,#4669,.T.);
#4665 = VERTEX_POINT('',#4666);
#4666 = CARTESIAN_POINT('',(271.78501359471,13.885738239889,
    -44.63397459621));
#4667 = VERTEX_POINT('',#4668);
#4668 = CARTESIAN_POINT('',(263.26946039192,12.275986175626,
    -39.63397459621));
#4669 = SURFACE_CURVE('',#4670,(#4675,#4686),.PCURVE_S1.);
#4670 = ELLIPSE('',#4671,16.16580753731,14.);
#4671 = AXIS2_PLACEMENT_3D('',#4672,#4673,#4674);
#4672 = CARTESIAN_POINT('',(270.,0.,-41.84529946162));
#4673 = DIRECTION('',(0.487463956091,0.111260466978,0.866025403784));
#4674 = DIRECTION('',(0.844312338808,0.19270878168,-0.5));
#4675 = PCURVE('',#3987,#4676);
#4676 = DEFINITIONAL_REPRESENTATION('',(#4677),#4685);
#4677 = B_SPLINE_CURVE_WITH_KNOTS('',6,(#4678,#4679,#4680,#4681,#4682,
    #4683,#4684),.UNSPECIFIED.,.F.,.F.,(7,7),(1.151773480605,
    1.912868004327),.PIECEWISE_BEZIER_KNOTS.);
#4678 = CARTESIAN_POINT('',(-1.376172955862,-3.866025403785));
#4679 = CARTESIAN_POINT('',(-1.503022043149,-4.802631762635));
#4680 = CARTESIAN_POINT('',(-1.629871130436,-5.802737224434));
#4681 = CARTESIAN_POINT('',(-1.756720217722,-6.839224586997));
#4682 = CARTESIAN_POINT('',(-1.883569305009,-7.881865513947));
#4683 = CARTESIAN_POINT('',(-2.010418392296,-8.900121029671));
#4684 = CARTESIAN_POINT('',(-2.137267479583,-9.866025403785));
#4685 = ( GEOMETRIC_REPRESENTATION_CONTEXT(2) 
PARAMETRIC_REPRESENTATION_CONTEXT() REPRESENTATION_CONTEXT('2D SPACE',''
  ) );
#4686 = PCURVE('',#4687,#4692);
#4687 = PLANE('',#4688);
#4688 = AXIS2_PLACEMENT_3D('',#4689,#4690,#4691);
#4689 = CARTESIAN_POINT('',(272.03877444265,12.77393932156,
    -44.63397459621));
#4690 = DIRECTION('',(0.487463956091,0.111260466978,0.866025403784));
#4691 = DIRECTION('',(-0.222520933956,0.974927912182,0.));
#4692 = DEFINITIONAL_REPRESENTATION('',(#4693),#4697);
#4693 = ELLIPSE('',#4694,16.16580753731,14.);
#4694 = AXIS2_PLACEMENT_2D('',#4695,#4696);
#4695 = CARTESIAN_POINT('',(-12.,5.57735026919));
#4696 = DIRECTION('',(-2.775557561563E-17,-1.));
#4697 = ( GEOMETRIC_REPRESENTATION_CONTEXT(2) 
PARAMETRIC_REPRESENTATION_CONTEXT() REPRESENTATION_CONTEXT('2D SPACE',''
  ) );
#4698 = ORIENTED_EDGE('',*,*,#4699,.T.);
#4699 = EDGE_CURVE('',#4665,#4700,#4702,.T.);
#4700 = VERTEX_POINT('',#4701);
#4701 = CARTESIAN_POINT('',(270.73765586782,13.980553058469,
    -46.36602540378));
#4702 = SURFACE_CURVE('',#4703,(#4708,#4718),.PCURVE_S1.);
#4703 = ELLIPSE('',#4704,28.,14.);
#4704 = AXIS2_PLACEMENT_3D('',#4705,#4706,#4707);
#4705 = CARTESIAN_POINT('',(270.,0.,-53.));
#4706 = DIRECTION('',(-0.844312338808,-0.19270878168,0.5));
#4707 = DIRECTION('',(-0.487463956091,-0.111260466978,-0.866025403784));
#4708 = PCURVE('',#3987,#4709);
#4709 = DEFINITIONAL_REPRESENTATION('',(#4710),#4717);
#4710 = B_SPLINE_CURVE_WITH_KNOTS('',5,(#4711,#4712,#4713,#4714,#4715,
    #4716),.UNSPECIFIED.,.F.,.F.,(6,6),(4.352519657551,4.442693803962),
  .PIECEWISE_BEZIER_KNOTS.);
#4711 = CARTESIAN_POINT('',(-1.435326479217,-4.539230484542));
#4712 = CARTESIAN_POINT('',(-1.4533613085,-4.129922676387));
#4713 = CARTESIAN_POINT('',(-1.471396137782,-3.717143083375));
#4714 = CARTESIAN_POINT('',(-1.489430967064,-3.301169057678));
#4715 = CARTESIAN_POINT('',(-1.507465796347,-2.882282660272));
#4716 = CARTESIAN_POINT('',(-1.525500625629,-2.460769515459));
#4717 = ( GEOMETRIC_REPRESENTATION_CONTEXT(2) 
PARAMETRIC_REPRESENTATION_CONTEXT() REPRESENTATION_CONTEXT('2D SPACE',''
  ) );
#4718 = PCURVE('',#4719,#4724);
#4719 = PLANE('',#4720);
#4720 = AXIS2_PLACEMENT_3D('',#4721,#4722,#4723);
#4721 = CARTESIAN_POINT('',(271.06384653047,12.551418387604,
    -46.36602540378));
#4722 = DIRECTION('',(-0.844312338808,-0.19270878168,0.5));
#4723 = DIRECTION('',(0.487463956091,0.111260466978,0.866025403784));
#4724 = DEFINITIONAL_REPRESENTATION('',(#4725),#4729);
#4725 = ELLIPSE('',#4726,28.,14.);
#4726 = AXIS2_PLACEMENT_2D('',#4727,#4728);
#4727 = CARTESIAN_POINT('',(-7.660254037844,-12.));
#4728 = DIRECTION('',(-1.,1.387778780781E-17));
#4729 = ( GEOMETRIC_REPRESENTATION_CONTEXT(2) 
PARAMETRIC_REPRESENTATION_CONTEXT() REPRESENTATION_CONTEXT('2D SPACE',''
  ) );
#4730 = ORIENTED_EDGE('',*,*,#4731,.T.);
#4731 = EDGE_CURVE('',#4700,#4732,#4734,.T.);
#4732 = VERTEX_POINT('',#4733);
#4733 = CARTESIAN_POINT('',(262.36696229445,11.736129489131,
    -41.36602540378));
#4734 = SURFACE_CURVE('',#4735,(#4740,#4751),.PCURVE_S1.);
#4735 = ELLIPSE('',#4736,16.16580753731,14.);
#4736 = AXIS2_PLACEMENT_3D('',#4737,#4738,#4739);
#4737 = CARTESIAN_POINT('',(270.,0.,-44.15470053837));
#4738 = DIRECTION('',(0.487463956091,0.111260466978,0.866025403784));
#4739 = DIRECTION('',(0.844312338808,0.19270878168,-0.5));
#4740 = PCURVE('',#3987,#4741);
#4741 = DEFINITIONAL_REPRESENTATION('',(#4742),#4750);
#4742 = B_SPLINE_CURVE_WITH_KNOTS('',6,(#4743,#4744,#4745,#4746,#4747,
    #4748,#4749),.UNSPECIFIED.,.F.,.F.,(7,7),(1.228724649263,
    1.989819172984),.PIECEWISE_BEZIER_KNOTS.);
#4743 = CARTESIAN_POINT('',(-1.453124124519,-2.133974596215));
#4744 = CARTESIAN_POINT('',(-1.579973211806,-3.099878970329));
#4745 = CARTESIAN_POINT('',(-1.706822299093,-4.118134486053));
#4746 = CARTESIAN_POINT('',(-1.83367138638,-5.160775413002));
#4747 = CARTESIAN_POINT('',(-1.960520473667,-6.197262775566));
#4748 = CARTESIAN_POINT('',(-2.087369560954,-7.197368237365));
#4749 = CARTESIAN_POINT('',(-2.214218648241,-8.133974596216));
#4750 = ( GEOMETRIC_REPRESENTATION_CONTEXT(2) 
PARAMETRIC_REPRESENTATION_CONTEXT() REPRESENTATION_CONTEXT('2D SPACE',''
  ) );
#4751 = PCURVE('',#4752,#4757);
#4752 = PLANE('',#4753);
#4753 = AXIS2_PLACEMENT_3D('',#4754,#4755,#4756);
#4754 = CARTESIAN_POINT('',(271.06384653047,12.551418387604,
    -46.36602540378));
#4755 = DIRECTION('',(0.487463956091,0.111260466978,0.866025403784));
#4756 = DIRECTION('',(-0.222520933956,0.974927912182,0.));
#4757 = DEFINITIONAL_REPRESENTATION('',(#4758),#4762);
#4758 = ELLIPSE('',#4759,16.16580753731,14.);
#4759 = AXIS2_PLACEMENT_2D('',#4760,#4761);
#4760 = CARTESIAN_POINT('',(-12.,4.42264973081));
#4761 = DIRECTION('',(-2.775557561563E-17,-1.));
#4762 = ( GEOMETRIC_REPRESENTATION_CONTEXT(2) 
PARAMETRIC_REPRESENTATION_CONTEXT() REPRESENTATION_CONTEXT('2D SPACE',''
  ) );
#4763 = ORIENTED_EDGE('',*,*,#4764,.F.);
#4764 = EDGE_CURVE('',#4667,#4732,#4765,.T.);
#4765 = SURFACE_CURVE('',#4766,(#4771,#4781),.PCURVE_S1.);
#4766 = ELLIPSE('',#4767,28.,14.);
#4767 = AXIS2_PLACEMENT_3D('',#4768,#4769,#4770);
#4768 = CARTESIAN_POINT('',(270.,0.,-33.));
#4769 = DIRECTION('',(-0.844312338808,-0.19270878168,0.5));
#4770 = DIRECTION('',(-0.487463956091,-0.111260466978,-0.866025403784));
#4771 = PCURVE('',#3987,#4772);
#4772 = DEFINITIONAL_REPRESENTATION('',(#4773),#4780);
#4773 = B_SPLINE_CURVE_WITH_KNOTS('',5,(#4774,#4775,#4776,#4777,#4778,
    #4779),.UNSPECIFIED.,.F.,.F.,(6,6),(4.982084156807,5.072258303219),
  .PIECEWISE_BEZIER_KNOTS.);
#4774 = CARTESIAN_POINT('',(-2.064890978474,-9.539230484542));
#4775 = CARTESIAN_POINT('',(-2.082925807756,-9.117717339728));
#4776 = CARTESIAN_POINT('',(-2.100960637038,-8.698830942323));
#4777 = CARTESIAN_POINT('',(-2.118995466321,-8.282856916626));
#4778 = CARTESIAN_POINT('',(-2.137030295603,-7.870077323613));
#4779 = CARTESIAN_POINT('',(-2.155065124885,-7.460769515458));
#4780 = ( GEOMETRIC_REPRESENTATION_CONTEXT(2) 
PARAMETRIC_REPRESENTATION_CONTEXT() REPRESENTATION_CONTEXT('2D SPACE',''
  ) );
#4781 = PCURVE('',#4782,#4787);
#4782 = PLANE('',#4783);
#4783 = AXIS2_PLACEMENT_3D('',#4784,#4785,#4786);
#4784 = CARTESIAN_POINT('',(262.62072314239,10.624330570804,
    -41.36602540378));
#4785 = DIRECTION('',(-0.844312338808,-0.19270878168,0.5));
#4786 = DIRECTION('',(0.487463956091,0.111260466978,0.866025403784));
#4787 = DEFINITIONAL_REPRESENTATION('',(#4788),#4792);
#4788 = ELLIPSE('',#4789,28.,14.);
#4789 = AXIS2_PLACEMENT_2D('',#4790,#4791);
#4790 = CARTESIAN_POINT('',(9.660254037844,-12.));
#4791 = DIRECTION('',(-1.,1.387778780781E-17));
#4792 = ( GEOMETRIC_REPRESENTATION_CONTEXT(2) 
PARAMETRIC_REPRESENTATION_CONTEXT() REPRESENTATION_CONTEXT('2D SPACE',''
  ) );
#4793 = FACE_BOUND('',#4794,.F.);
#4794 = EDGE_LOOP('',(#4795,#4830,#4862,#4895));
#4795 = ORIENTED_EDGE('',*,*,#4796,.F.);
#4796 = EDGE_CURVE('',#4797,#4799,#4801,.T.);
#4797 = VERTEX_POINT('',#4798);
#4798 = CARTESIAN_POINT('',(260.25663045922,10.05319600883,
    -44.63397459621));
#4799 = VERTEX_POINT('',#4800);
#4800 = CARTESIAN_POINT('',(256.20582472291,2.391804428671,
    -39.63397459621));
#4801 = SURFACE_CURVE('',#4802,(#4807,#4818),.PCURVE_S1.);
#4802 = ELLIPSE('',#4803,16.16580753731,14.);
#4803 = AXIS2_PLACEMENT_3D('',#4804,#4805,#4806);
#4804 = CARTESIAN_POINT('',(270.,0.,-41.84529946162));
#4805 = DIRECTION('',(0.216941869559,0.450484433951,0.866025403784));
#4806 = DIRECTION('',(0.375754340365,0.780261927622,-0.5));
#4807 = PCURVE('',#3987,#4808);
#4808 = DEFINITIONAL_REPRESENTATION('',(#4809),#4817);
#4809 = B_SPLINE_CURVE_WITH_KNOTS('',6,(#4810,#4811,#4812,#4813,#4814,
    #4815,#4816),.UNSPECIFIED.,.F.,.F.,(7,7),(1.151773480605,
    1.912868004327),.PIECEWISE_BEZIER_KNOTS.);
#4810 = CARTESIAN_POINT('',(-2.273770856887,-3.866025403784));
#4811 = CARTESIAN_POINT('',(-2.400619944174,-4.802631762635));
#4812 = CARTESIAN_POINT('',(-2.527469031461,-5.802737224434));
#4813 = CARTESIAN_POINT('',(-2.654318118748,-6.839224586997));
#4814 = CARTESIAN_POINT('',(-2.781167206035,-7.881865513947));
#4815 = CARTESIAN_POINT('',(-2.908016293322,-8.900121029671));
#4816 = CARTESIAN_POINT('',(-3.034865380609,-9.866025403785));
#4817 = ( GEOMETRIC_REPRESENTATION_CONTEXT(2) 
PARAMETRIC_REPRESENTATION_CONTEXT() REPRESENTATION_CONTEXT('2D SPACE',''
  ) );
#4818 = PCURVE('',#4819,#4824);
#4819 = PLANE('',#4820);
#4820 = AXIS2_PLACEMENT_3D('',#4821,#4822,#4823);
#4821 = CARTESIAN_POINT('',(261.28408715655,9.558398941474,
    -44.63397459621));
#4822 = DIRECTION('',(0.216941869559,0.450484433951,0.866025403784));
#4823 = DIRECTION('',(-0.900968867902,0.433883739118,0.));
#4824 = DEFINITIONAL_REPRESENTATION('',(#4825),#4829);
#4825 = ELLIPSE('',#4826,16.16580753731,14.);
#4826 = AXIS2_PLACEMENT_2D('',#4827,#4828);
#4827 = CARTESIAN_POINT('',(-12.,5.57735026919));
#4828 = DIRECTION('',(0.,-1.));
#4829 = ( GEOMETRIC_REPRESENTATION_CONTEXT(2) 
PARAMETRIC_REPRESENTATION_CONTEXT() REPRESENTATION_CONTEXT('2D SPACE',''
  ) );
#4830 = ORIENTED_EDGE('',*,*,#4831,.T.);
#4831 = EDGE_CURVE('',#4797,#4832,#4834,.T.);
#4832 = VERTEX_POINT('',#4833);
#4833 = CARTESIAN_POINT('',(259.52948438744,9.293454836992,
    -46.36602540378));
#4834 = SURFACE_CURVE('',#4835,(#4840,#4850),.PCURVE_S1.);
#4835 = ELLIPSE('',#4836,28.,14.);
#4836 = AXIS2_PLACEMENT_3D('',#4837,#4838,#4839);
#4837 = CARTESIAN_POINT('',(270.,0.,-53.));
#4838 = DIRECTION('',(-0.375754340365,-0.780261927622,0.5));
#4839 = DIRECTION('',(-0.216941869559,-0.450484433951,-0.866025403784));
#4840 = PCURVE('',#3987,#4841);
#4841 = DEFINITIONAL_REPRESENTATION('',(#4842),#4849);
#4842 = B_SPLINE_CURVE_WITH_KNOTS('',5,(#4843,#4844,#4845,#4846,#4847,
    #4848),.UNSPECIFIED.,.F.,.F.,(6,6),(4.352519657551,4.442693803962),
  .PIECEWISE_BEZIER_KNOTS.);
#4843 = CARTESIAN_POINT('',(-2.332924380243,-4.539230484541));
#4844 = CARTESIAN_POINT('',(-2.350959209525,-4.129922676386));
#4845 = CARTESIAN_POINT('',(-2.368994038808,-3.717143083374));
#4846 = CARTESIAN_POINT('',(-2.38702886809,-3.301169057677));
#4847 = CARTESIAN_POINT('',(-2.405063697372,-2.882282660272));
#4848 = CARTESIAN_POINT('',(-2.423098526655,-2.460769515459));
#4849 = ( GEOMETRIC_REPRESENTATION_CONTEXT(2) 
PARAMETRIC_REPRESENTATION_CONTEXT() REPRESENTATION_CONTEXT('2D SPACE',''
  ) );
#4850 = PCURVE('',#4851,#4856);
#4851 = PLANE('',#4852);
#4852 = AXIS2_PLACEMENT_3D('',#4853,#4854,#4855);
#4853 = CARTESIAN_POINT('',(260.85020341743,8.657430073571,
    -46.36602540378));
#4854 = DIRECTION('',(-0.375754340365,-0.780261927622,0.5));
#4855 = DIRECTION('',(0.216941869559,0.450484433951,0.866025403784));
#4856 = DEFINITIONAL_REPRESENTATION('',(#4857),#4861);
#4857 = ELLIPSE('',#4858,28.,14.);
#4858 = AXIS2_PLACEMENT_2D('',#4859,#4860);
#4859 = CARTESIAN_POINT('',(-7.660254037844,-12.));
#4860 = DIRECTION('',(-1.,0.));
#4861 = ( GEOMETRIC_REPRESENTATION_CONTEXT(2) 
PARAMETRIC_REPRESENTATION_CONTEXT() REPRESENTATION_CONTEXT('2D SPACE',''
  ) );
#4862 = ORIENTED_EDGE('',*,*,#4863,.T.);
#4863 = EDGE_CURVE('',#4832,#4864,#4866,.T.);
#4864 = VERTEX_POINT('',#4865);
#4865 = CARTESIAN_POINT('',(256.06520331646,1.349607864703,
    -41.36602540378));
#4866 = SURFACE_CURVE('',#4867,(#4872,#4883),.PCURVE_S1.);
#4867 = ELLIPSE('',#4868,16.16580753731,14.);
#4868 = AXIS2_PLACEMENT_3D('',#4869,#4870,#4871);
#4869 = CARTESIAN_POINT('',(270.,0.,-44.15470053837));
#4870 = DIRECTION('',(0.216941869559,0.450484433951,0.866025403784));
#4871 = DIRECTION('',(0.375754340365,0.780261927622,-0.5));
#4872 = PCURVE('',#3987,#4873);
#4873 = DEFINITIONAL_REPRESENTATION('',(#4874),#4882);
#4874 = B_SPLINE_CURVE_WITH_KNOTS('',6,(#4875,#4876,#4877,#4878,#4879,
    #4880,#4881),.UNSPECIFIED.,.F.,.F.,(7,7),(1.228724649263,
    1.989819172984),.PIECEWISE_BEZIER_KNOTS.);
#4875 = CARTESIAN_POINT('',(-2.350722025545,-2.133974596215));
#4876 = CARTESIAN_POINT('',(-2.477571112832,-3.099878970329));
#4877 = CARTESIAN_POINT('',(-2.604420200119,-4.118134486053));
#4878 = CARTESIAN_POINT('',(-2.731269287406,-5.160775413002));
#4879 = CARTESIAN_POINT('',(-2.858118374693,-6.197262775566));
#4880 = CARTESIAN_POINT('',(-2.98496746198,-7.197368237365));
#4881 = CARTESIAN_POINT('',(-3.111816549266,-8.133974596215));
#4882 = ( GEOMETRIC_REPRESENTATION_CONTEXT(2) 
PARAMETRIC_REPRESENTATION_CONTEXT() REPRESENTATION_CONTEXT('2D SPACE',''
  ) );
#4883 = PCURVE('',#4884,#4889);
#4884 = PLANE('',#4885);
#4885 = AXIS2_PLACEMENT_3D('',#4886,#4887,#4888);
#4886 = CARTESIAN_POINT('',(260.85020341743,8.657430073571,
    -46.36602540378));
#4887 = DIRECTION('',(0.216941869559,0.450484433951,0.866025403784));
#4888 = DIRECTION('',(-0.900968867902,0.433883739118,0.));
#4889 = DEFINITIONAL_REPRESENTATION('',(#4890),#4894);
#4890 = ELLIPSE('',#4891,16.16580753731,14.);
#4891 = AXIS2_PLACEMENT_2D('',#4892,#4893);
#4892 = CARTESIAN_POINT('',(-12.,4.42264973081));
#4893 = DIRECTION('',(0.,-1.));
#4894 = ( GEOMETRIC_REPRESENTATION_CONTEXT(2) 
PARAMETRIC_REPRESENTATION_CONTEXT() REPRESENTATION_CONTEXT('2D SPACE',''
  ) );
#4895 = ORIENTED_EDGE('',*,*,#4896,.F.);
#4896 = EDGE_CURVE('',#4799,#4864,#4897,.T.);
#4897 = SURFACE_CURVE('',#4898,(#4903,#4913),.PCURVE_S1.);
#4898 = ELLIPSE('',#4899,28.,14.);
#4899 = AXIS2_PLACEMENT_3D('',#4900,#4901,#4902);
#4900 = CARTESIAN_POINT('',(270.,0.,-33.));
#4901 = DIRECTION('',(-0.375754340365,-0.780261927622,0.5));
#4902 = DIRECTION('',(-0.216941869559,-0.450484433951,-0.866025403784));
#4903 = PCURVE('',#3987,#4904);
#4904 = DEFINITIONAL_REPRESENTATION('',(#4905),#4912);
#4905 = B_SPLINE_CURVE_WITH_KNOTS('',5,(#4906,#4907,#4908,#4909,#4910,
    #4911),.UNSPECIFIED.,.F.,.F.,(6,6),(4.982084156807,5.072258303219),
  .PIECEWISE_BEZIER_KNOTS.);
#4906 = CARTESIAN_POINT('',(-2.962488879499,-9.539230484541));
#4907 = CARTESIAN_POINT('',(-2.980523708782,-9.117717339728));
#4908 = CARTESIAN_POINT('',(-2.998558538064,-8.698830942322));
#4909 = CARTESIAN_POINT('',(-3.016593367346,-8.282856916626));
#4910 = CARTESIAN_POINT('',(-3.034628196629,-7.870077323614));
#4911 = CARTESIAN_POINT('',(-3.052663025911,-7.460769515459));
#4912 = ( GEOMETRIC_REPRESENTATION_CONTEXT(2) 
PARAMETRIC_REPRESENTATION_CONTEXT() REPRESENTATION_CONTEXT('2D SPACE',''
  ) );
#4913 = PCURVE('',#4914,#4919);
#4914 = PLANE('',#4915);
#4915 = AXIS2_PLACEMENT_3D('',#4916,#4917,#4918);
#4916 = CARTESIAN_POINT('',(257.09266001378,0.854810797347,
    -41.36602540378));
#4917 = DIRECTION('',(-0.375754340365,-0.780261927622,0.5));
#4918 = DIRECTION('',(0.216941869559,0.450484433951,0.866025403784));
#4919 = DEFINITIONAL_REPRESENTATION('',(#4920),#4924);
#4920 = ELLIPSE('',#4921,28.,14.);
#4921 = AXIS2_PLACEMENT_2D('',#4922,#4923);
#4922 = CARTESIAN_POINT('',(9.660254037844,-12.));
#4923 = DIRECTION('',(-1.,0.));
#4924 = ( GEOMETRIC_REPRESENTATION_CONTEXT(2) 
PARAMETRIC_REPRESENTATION_CONTEXT() REPRESENTATION_CONTEXT('2D SPACE',''
  ) );
#4925 = FACE_BOUND('',#4926,.F.);
#4926 = EDGE_LOOP('',(#4927,#4962,#4994,#5027));
#4927 = ORIENTED_EDGE('',*,*,#4928,.F.);
#4928 = EDGE_CURVE('',#4929,#4931,#4933,.T.);
#4929 = VERTEX_POINT('',#4930);
#4930 = CARTESIAN_POINT('',(274.41655435031,-13.28510623483,
    -44.63397459621));
#4931 = VERTEX_POINT('',#4932);
#4932 = CARTESIAN_POINT('',(281.39035743429,-8.140009675609,
    -39.63397459621));
#4933 = SURFACE_CURVE('',#4934,(#4939,#4950),.PCURVE_S1.);
#4934 = ELLIPSE('',#4935,16.16580753731,14.);
#4935 = AXIS2_PLACEMENT_3D('',#4936,#4937,#4938);
#4936 = CARTESIAN_POINT('',(270.,0.,-41.84529946162));
#4937 = DIRECTION('',(-0.390915741234,-0.311744900929,0.866025403784));
#4938 = DIRECTION('',(-0.677085925296,-0.53995800741,-0.5));
#4939 = PCURVE('',#3987,#4940);
#4940 = DEFINITIONAL_REPRESENTATION('',(#4941),#4949);
#4941 = B_SPLINE_CURVE_WITH_KNOTS('',6,(#4942,#4943,#4944,#4945,#4946,
    #4947,#4948),.UNSPECIFIED.,.F.,.F.,(7,7),(1.151773480605,
    1.912868004327),.PIECEWISE_BEZIER_KNOTS.);
#4942 = CARTESIAN_POINT('',(-4.966564559964,-3.866025403785));
#4943 = CARTESIAN_POINT('',(-5.093413647251,-4.802631762635));
#4944 = CARTESIAN_POINT('',(-5.220262734538,-5.802737224434));
#4945 = CARTESIAN_POINT('',(-5.347111821825,-6.839224586997));
#4946 = CARTESIAN_POINT('',(-5.473960909112,-7.881865513947));
#4947 = CARTESIAN_POINT('',(-5.600809996399,-8.900121029671));
#4948 = CARTESIAN_POINT('',(-5.727659083686,-9.866025403785));
#4949 = ( GEOMETRIC_REPRESENTATION_CONTEXT(2) 
PARAMETRIC_REPRESENTATION_CONTEXT() REPRESENTATION_CONTEXT('2D SPACE',''
  ) );
#4950 = PCURVE('',#4951,#4956);
#4951 = PLANE('',#4952);
#4952 = AXIS2_PLACEMENT_3D('',#4953,#4954,#4955);
#4953 = CARTESIAN_POINT('',(273.70553225459,-12.39351272759,
    -44.63397459621));
#4954 = DIRECTION('',(-0.390915741234,-0.311744900929,0.866025403784));
#4955 = DIRECTION('',(0.623489801859,-0.781831482468,0.));
#4956 = DEFINITIONAL_REPRESENTATION('',(#4957),#4961);
#4957 = ELLIPSE('',#4958,16.16580753731,14.);
#4958 = AXIS2_PLACEMENT_2D('',#4959,#4960);
#4959 = CARTESIAN_POINT('',(-12.,5.57735026919));
#4960 = DIRECTION('',(0.,-1.));
#4961 = ( GEOMETRIC_REPRESENTATION_CONTEXT(2) 
PARAMETRIC_REPRESENTATION_CONTEXT() REPRESENTATION_CONTEXT('2D SPACE',''
  ) );
#4962 = ORIENTED_EDGE('',*,*,#4963,.T.);
#4963 = EDGE_CURVE('',#4929,#4964,#4966,.T.);
#4964 = VERTEX_POINT('',#4965);
#4965 = CARTESIAN_POINT('',(275.4013296638,-12.91609994785,
    -46.36602540378));
#4966 = SURFACE_CURVE('',#4967,(#4972,#4982),.PCURVE_S1.);
#4967 = ELLIPSE('',#4968,28.,14.);
#4968 = AXIS2_PLACEMENT_3D('',#4969,#4970,#4971);
#4969 = CARTESIAN_POINT('',(270.,0.,-53.));
#4970 = DIRECTION('',(0.677085925296,0.53995800741,0.5));
#4971 = DIRECTION('',(0.390915741234,0.311744900929,-0.866025403784));
#4972 = PCURVE('',#3987,#4973);
#4973 = DEFINITIONAL_REPRESENTATION('',(#4974),#4981);
#4974 = B_SPLINE_CURVE_WITH_KNOTS('',5,(#4975,#4976,#4977,#4978,#4979,
    #4980),.UNSPECIFIED.,.F.,.F.,(6,6),(4.352519657551,4.442693803962),
  .PIECEWISE_BEZIER_KNOTS.);
#4975 = CARTESIAN_POINT('',(-5.02571808332,-4.539230484541));
#4976 = CARTESIAN_POINT('',(-5.043752912602,-4.129922676386));
#4977 = CARTESIAN_POINT('',(-5.061787741885,-3.717143083374));
#4978 = CARTESIAN_POINT('',(-5.079822571167,-3.301169057678));
#4979 = CARTESIAN_POINT('',(-5.097857400449,-2.882282660273));
#4980 = CARTESIAN_POINT('',(-5.115892229732,-2.460769515459));
#4981 = ( GEOMETRIC_REPRESENTATION_CONTEXT(2) 
PARAMETRIC_REPRESENTATION_CONTEXT() REPRESENTATION_CONTEXT('2D SPACE',''
  ) );
#4982 = PCURVE('',#4983,#4988);
#4983 = PLANE('',#4984);
#4984 = AXIS2_PLACEMENT_3D('',#4985,#4986,#4987);
#4985 = CARTESIAN_POINT('',(274.48736373706,-11.77002292573,
    -46.36602540378));
#4986 = DIRECTION('',(0.677085925296,0.53995800741,0.5));
#4987 = DIRECTION('',(-0.390915741234,-0.311744900929,0.866025403784));
#4988 = DEFINITIONAL_REPRESENTATION('',(#4989),#4993);
#4989 = ELLIPSE('',#4990,28.,14.);
#4990 = AXIS2_PLACEMENT_2D('',#4991,#4992);
#4991 = CARTESIAN_POINT('',(-7.660254037844,-12.));
#4992 = DIRECTION('',(-1.,0.));
#4993 = ( GEOMETRIC_REPRESENTATION_CONTEXT(2) 
PARAMETRIC_REPRESENTATION_CONTEXT() REPRESENTATION_CONTEXT('2D SPACE',''
  ) );
#4994 = ORIENTED_EDGE('',*,*,#4995,.T.);
#4995 = EDGE_CURVE('',#4964,#4996,#4998,.T.);
#4996 = VERTEX_POINT('',#4997);
#4997 = CARTESIAN_POINT('',(281.96924508573,-7.262036358871,
    -41.36602540378));
#4998 = SURFACE_CURVE('',#4999,(#5004,#5015),.PCURVE_S1.);
#4999 = ELLIPSE('',#5000,16.16580753731,14.);
#5000 = AXIS2_PLACEMENT_3D('',#5001,#5002,#5003);
#5001 = CARTESIAN_POINT('',(270.,0.,-44.15470053837));
#5002 = DIRECTION('',(-0.390915741234,-0.311744900929,0.866025403784));
#5003 = DIRECTION('',(-0.677085925296,-0.53995800741,-0.5));
#5004 = PCURVE('',#3987,#5005);
#5005 = DEFINITIONAL_REPRESENTATION('',(#5006),#5014);
#5006 = B_SPLINE_CURVE_WITH_KNOTS('',6,(#5007,#5008,#5009,#5010,#5011,
    #5012,#5013),.UNSPECIFIED.,.F.,.F.,(7,7),(1.228724649263,
    1.989819172984),.PIECEWISE_BEZIER_KNOTS.);
#5007 = CARTESIAN_POINT('',(-5.043515728622,-2.133974596215));
#5008 = CARTESIAN_POINT('',(-5.170364815909,-3.099878970329));
#5009 = CARTESIAN_POINT('',(-5.297213903196,-4.118134486053));
#5010 = CARTESIAN_POINT('',(-5.424062990483,-5.160775413002));
#5011 = CARTESIAN_POINT('',(-5.55091207777,-6.197262775566));
#5012 = CARTESIAN_POINT('',(-5.677761165056,-7.197368237365));
#5013 = CARTESIAN_POINT('',(-5.804610252343,-8.133974596215));
#5014 = ( GEOMETRIC_REPRESENTATION_CONTEXT(2) 
PARAMETRIC_REPRESENTATION_CONTEXT() REPRESENTATION_CONTEXT('2D SPACE',''
  ) );
#5015 = PCURVE('',#5016,#5021);
#5016 = PLANE('',#5017);
#5017 = AXIS2_PLACEMENT_3D('',#5018,#5019,#5020);
#5018 = CARTESIAN_POINT('',(274.48736373706,-11.77002292573,
    -46.36602540378));
#5019 = DIRECTION('',(-0.390915741234,-0.311744900929,0.866025403784));
#5020 = DIRECTION('',(0.623489801859,-0.781831482468,0.));
#5021 = DEFINITIONAL_REPRESENTATION('',(#5022),#5026);
#5022 = ELLIPSE('',#5023,16.16580753731,14.);
#5023 = AXIS2_PLACEMENT_2D('',#5024,#5025);
#5024 = CARTESIAN_POINT('',(-12.,4.42264973081));
#5025 = DIRECTION('',(0.,-1.));
#5026 = ( GEOMETRIC_REPRESENTATION_CONTEXT(2) 
PARAMETRIC_REPRESENTATION_CONTEXT() REPRESENTATION_CONTEXT('2D SPACE',''
  ) );
#5027 = ORIENTED_EDGE('',*,*,#5028,.F.);
#5028 = EDGE_CURVE('',#4931,#4996,#5029,.T.);
#5029 = SURFACE_CURVE('',#5030,(#5035,#5045),.PCURVE_S1.);
#5030 = ELLIPSE('',#5031,28.,14.);
#5031 = AXIS2_PLACEMENT_3D('',#5032,#5033,#5034);
#5032 = CARTESIAN_POINT('',(270.,0.,-33.));
#5033 = DIRECTION('',(0.677085925296,0.53995800741,0.5));
#5034 = DIRECTION('',(0.390915741234,0.311744900929,-0.866025403784));
#5035 = PCURVE('',#3987,#5036);
#5036 = DEFINITIONAL_REPRESENTATION('',(#5037),#5044);
#5037 = B_SPLINE_CURVE_WITH_KNOTS('',5,(#5038,#5039,#5040,#5041,#5042,
    #5043),.UNSPECIFIED.,.F.,.F.,(6,6),(4.982084156807,5.072258303219),
  .PIECEWISE_BEZIER_KNOTS.);
#5038 = CARTESIAN_POINT('',(-5.655282582576,-9.539230484541));
#5039 = CARTESIAN_POINT('',(-5.673317411859,-9.117717339728));
#5040 = CARTESIAN_POINT('',(-5.691352241141,-8.698830942322));
#5041 = CARTESIAN_POINT('',(-5.709387070423,-8.282856916625));
#5042 = CARTESIAN_POINT('',(-5.727421899706,-7.870077323613));
#5043 = CARTESIAN_POINT('',(-5.745456728988,-7.460769515458));
#5044 = ( GEOMETRIC_REPRESENTATION_CONTEXT(2) 
PARAMETRIC_REPRESENTATION_CONTEXT() REPRESENTATION_CONTEXT('2D SPACE',''
  ) );
#5045 = PCURVE('',#5046,#5051);
#5046 = PLANE('',#5047);
#5047 = AXIS2_PLACEMENT_3D('',#5048,#5049,#5050);
#5048 = CARTESIAN_POINT('',(281.25822299001,-6.370442851636,
    -41.36602540378));
#5049 = DIRECTION('',(0.677085925296,0.53995800741,0.5));
#5050 = DIRECTION('',(-0.390915741234,-0.311744900929,0.866025403784));
#5051 = DEFINITIONAL_REPRESENTATION('',(#5052),#5056);
#5052 = ELLIPSE('',#5053,28.,14.);
#5053 = AXIS2_PLACEMENT_2D('',#5054,#5055);
#5054 = CARTESIAN_POINT('',(9.660254037844,-12.));
#5055 = DIRECTION('',(-1.,0.));
#5056 = ( GEOMETRIC_REPRESENTATION_CONTEXT(2) 
PARAMETRIC_REPRESENTATION_CONTEXT() REPRESENTATION_CONTEXT('2D SPACE',''
  ) );
#5057 = ADVANCED_FACE('',(#5058),#3999,.F.);
#5058 = FACE_BOUND('',#5059,.F.);
#5059 = EDGE_LOOP('',(#5060));
#5060 = ORIENTED_EDGE('',*,*,#3977,.T.);
#5061 = ADVANCED_FACE('',(#5062),#4054,.F.);
#5062 = FACE_BOUND('',#5063,.F.);
#5063 = EDGE_LOOP('',(#5064,#5087,#5088,#5089,#5112));
#5064 = ORIENTED_EDGE('',*,*,#5065,.F.);
#5065 = EDGE_CURVE('',#4035,#5066,#5068,.T.);
#5066 = VERTEX_POINT('',#5067);
#5067 = CARTESIAN_POINT('',(307.,4.830127018922,-41.36602540378));
#5068 = SURFACE_CURVE('',#5069,(#5073,#5080),.PCURVE_S1.);
#5069 = LINE('',#5070,#5071);
#5070 = CARTESIAN_POINT('',(282.,4.830127018922,-41.36602540378));
#5071 = VECTOR('',#5072,1.);
#5072 = DIRECTION('',(1.,0.,0.));
#5073 = PCURVE('',#4054,#5074);
#5074 = DEFINITIONAL_REPRESENTATION('',(#5075),#5079);
#5075 = LINE('',#5076,#5077);
#5076 = CARTESIAN_POINT('',(0.,10.));
#5077 = VECTOR('',#5078,1.);
#5078 = DIRECTION('',(1.,0.));
#5079 = ( GEOMETRIC_REPRESENTATION_CONTEXT(2) 
PARAMETRIC_REPRESENTATION_CONTEXT() REPRESENTATION_CONTEXT('2D SPACE',''
  ) );
#5080 = PCURVE('',#4086,#5081);
#5081 = DEFINITIONAL_REPRESENTATION('',(#5082),#5086);
#5082 = LINE('',#5083,#5084);
#5083 = CARTESIAN_POINT('',(0.,0.));
#5084 = VECTOR('',#5085,1.);
#5085 = DIRECTION('',(0.,1.));
#5086 = ( GEOMETRIC_REPRESENTATION_CONTEXT(2) 
PARAMETRIC_REPRESENTATION_CONTEXT() REPRESENTATION_CONTEXT('2D SPACE',''
  ) );
#5087 = ORIENTED_EDGE('',*,*,#4034,.F.);
#5088 = ORIENTED_EDGE('',*,*,#4240,.F.);
#5089 = ORIENTED_EDGE('',*,*,#5090,.T.);
#5090 = EDGE_CURVE('',#4209,#5091,#5093,.T.);
#5091 = VERTEX_POINT('',#5092);
#5092 = CARTESIAN_POINT('',(307.,-3.830127018922,-46.36602540378));
#5093 = SURFACE_CURVE('',#5094,(#5098,#5105),.PCURVE_S1.);
#5094 = LINE('',#5095,#5096);
#5095 = CARTESIAN_POINT('',(282.,-3.830127018922,-46.36602540378));
#5096 = VECTOR('',#5097,1.);
#5097 = DIRECTION('',(1.,0.,0.));
#5098 = PCURVE('',#4054,#5099);
#5099 = DEFINITIONAL_REPRESENTATION('',(#5100),#5104);
#5100 = LINE('',#5101,#5102);
#5101 = CARTESIAN_POINT('',(0.,0.));
#5102 = VECTOR('',#5103,1.);
#5103 = DIRECTION('',(1.,0.));
#5104 = ( GEOMETRIC_REPRESENTATION_CONTEXT(2) 
PARAMETRIC_REPRESENTATION_CONTEXT() REPRESENTATION_CONTEXT('2D SPACE',''
  ) );
#5105 = PCURVE('',#4228,#5106);
#5106 = DEFINITIONAL_REPRESENTATION('',(#5107),#5111);
#5107 = LINE('',#5108,#5109);
#5108 = CARTESIAN_POINT('',(0.,0.));
#5109 = VECTOR('',#5110,1.);
#5110 = DIRECTION('',(0.,1.));
#5111 = ( GEOMETRIC_REPRESENTATION_CONTEXT(2) 
PARAMETRIC_REPRESENTATION_CONTEXT() REPRESENTATION_CONTEXT('2D SPACE',''
  ) );
#5112 = ORIENTED_EDGE('',*,*,#5113,.T.);
#5113 = EDGE_CURVE('',#5091,#5066,#5114,.T.);
#5114 = SURFACE_CURVE('',#5115,(#5119,#5126),.PCURVE_S1.);
#5115 = LINE('',#5116,#5117);
#5116 = CARTESIAN_POINT('',(307.,-3.830127018922,-46.36602540378));
#5117 = VECTOR('',#5118,1.);
#5118 = DIRECTION('',(0.,0.866025403784,0.5));
#5119 = PCURVE('',#4054,#5120);
#5120 = DEFINITIONAL_REPRESENTATION('',(#5121),#5125);
#5121 = LINE('',#5122,#5123);
#5122 = CARTESIAN_POINT('',(25.,0.));
#5123 = VECTOR('',#5124,1.);
#5124 = DIRECTION('',(0.,1.));
#5125 = ( GEOMETRIC_REPRESENTATION_CONTEXT(2) 
PARAMETRIC_REPRESENTATION_CONTEXT() REPRESENTATION_CONTEXT('2D SPACE',''
  ) );
#5126 = PCURVE('',#5127,#5132);
#5127 = PLANE('',#5128);
#5128 = AXIS2_PLACEMENT_3D('',#5129,#5130,#5131);
#5129 = CARTESIAN_POINT('',(307.,-3.830127018922,-46.36602540378));
#5130 = DIRECTION('',(1.,0.,0.));
#5131 = DIRECTION('',(0.,-0.5,0.866025403784));
#5132 = DEFINITIONAL_REPRESENTATION('',(#5133),#5137);
#5133 = LINE('',#5134,#5135);
#5134 = CARTESIAN_POINT('',(0.,0.));
#5135 = VECTOR('',#5136,1.);
#5136 = DIRECTION('',(0.,-1.));
#5137 = ( GEOMETRIC_REPRESENTATION_CONTEXT(2) 
PARAMETRIC_REPRESENTATION_CONTEXT() REPRESENTATION_CONTEXT('2D SPACE',''
  ) );
#5138 = ADVANCED_FACE('',(#5139),#4228,.F.);
#5139 = FACE_BOUND('',#5140,.F.);
#5140 = EDGE_LOOP('',(#5141,#5142,#5143,#5166));
#5141 = ORIENTED_EDGE('',*,*,#5090,.F.);
#5142 = ORIENTED_EDGE('',*,*,#4208,.F.);
#5143 = ORIENTED_EDGE('',*,*,#5144,.T.);
#5144 = EDGE_CURVE('',#4182,#5145,#5147,.T.);
#5145 = VERTEX_POINT('',#5146);
#5146 = CARTESIAN_POINT('',(307.,-4.830127018922,-44.63397459621));
#5147 = SURFACE_CURVE('',#5148,(#5152,#5159),.PCURVE_S1.);
#5148 = LINE('',#5149,#5150);
#5149 = CARTESIAN_POINT('',(282.,-4.830127018922,-44.63397459621));
#5150 = VECTOR('',#5151,1.);
#5151 = DIRECTION('',(1.,0.,0.));
#5152 = PCURVE('',#4228,#5153);
#5153 = DEFINITIONAL_REPRESENTATION('',(#5154),#5158);
#5154 = LINE('',#5155,#5156);
#5155 = CARTESIAN_POINT('',(2.,0.));
#5156 = VECTOR('',#5157,1.);
#5157 = DIRECTION('',(0.,1.));
#5158 = ( GEOMETRIC_REPRESENTATION_CONTEXT(2) 
PARAMETRIC_REPRESENTATION_CONTEXT() REPRESENTATION_CONTEXT('2D SPACE',''
  ) );
#5159 = PCURVE('',#4118,#5160);
#5160 = DEFINITIONAL_REPRESENTATION('',(#5161),#5165);
#5161 = LINE('',#5162,#5163);
#5162 = CARTESIAN_POINT('',(0.,0.));
#5163 = VECTOR('',#5164,1.);
#5164 = DIRECTION('',(1.,0.));
#5165 = ( GEOMETRIC_REPRESENTATION_CONTEXT(2) 
PARAMETRIC_REPRESENTATION_CONTEXT() REPRESENTATION_CONTEXT('2D SPACE',''
  ) );
#5166 = ORIENTED_EDGE('',*,*,#5167,.F.);
#5167 = EDGE_CURVE('',#5091,#5145,#5168,.T.);
#5168 = SURFACE_CURVE('',#5169,(#5173,#5180),.PCURVE_S1.);
#5169 = LINE('',#5170,#5171);
#5170 = CARTESIAN_POINT('',(307.,-3.830127018922,-46.36602540378));
#5171 = VECTOR('',#5172,1.);
#5172 = DIRECTION('',(0.,-0.5,0.866025403784));
#5173 = PCURVE('',#4228,#5174);
#5174 = DEFINITIONAL_REPRESENTATION('',(#5175),#5179);
#5175 = LINE('',#5176,#5177);
#5176 = CARTESIAN_POINT('',(0.,25.));
#5177 = VECTOR('',#5178,1.);
#5178 = DIRECTION('',(1.,0.));
#5179 = ( GEOMETRIC_REPRESENTATION_CONTEXT(2) 
PARAMETRIC_REPRESENTATION_CONTEXT() REPRESENTATION_CONTEXT('2D SPACE',''
  ) );
#5180 = PCURVE('',#5127,#5181);
#5181 = DEFINITIONAL_REPRESENTATION('',(#5182),#5186);
#5182 = LINE('',#5183,#5184);
#5183 = CARTESIAN_POINT('',(0.,0.));
#5184 = VECTOR('',#5185,1.);
#5185 = DIRECTION('',(1.,0.));
#5186 = ( GEOMETRIC_REPRESENTATION_CONTEXT(2) 
PARAMETRIC_REPRESENTATION_CONTEXT() REPRESENTATION_CONTEXT('2D SPACE',''
  ) );
#5187 = ADVANCED_FACE('',(#5188),#4118,.T.);
#5188 = FACE_BOUND('',#5189,.T.);
#5189 = EDGE_LOOP('',(#5190,#5213,#5214,#5215,#5216));
#5190 = ORIENTED_EDGE('',*,*,#5191,.F.);
#5191 = EDGE_CURVE('',#4067,#5192,#5194,.T.);
#5192 = VERTEX_POINT('',#5193);
#5193 = CARTESIAN_POINT('',(307.,3.830127018922,-39.63397459621));
#5194 = SURFACE_CURVE('',#5195,(#5199,#5206),.PCURVE_S1.);
#5195 = LINE('',#5196,#5197);
#5196 = CARTESIAN_POINT('',(282.,3.830127018922,-39.63397459621));
#5197 = VECTOR('',#5198,1.);
#5198 = DIRECTION('',(1.,0.,0.));
#5199 = PCURVE('',#4118,#5200);
#5200 = DEFINITIONAL_REPRESENTATION('',(#5201),#5205);
#5201 = LINE('',#5202,#5203);
#5202 = CARTESIAN_POINT('',(0.,10.));
#5203 = VECTOR('',#5204,1.);
#5204 = DIRECTION('',(1.,0.));
#5205 = ( GEOMETRIC_REPRESENTATION_CONTEXT(2) 
PARAMETRIC_REPRESENTATION_CONTEXT() REPRESENTATION_CONTEXT('2D SPACE',''
  ) );
#5206 = PCURVE('',#4086,#5207);
#5207 = DEFINITIONAL_REPRESENTATION('',(#5208),#5212);
#5208 = LINE('',#5209,#5210);
#5209 = CARTESIAN_POINT('',(2.,0.));
#5210 = VECTOR('',#5211,1.);
#5211 = DIRECTION('',(0.,1.));
#5212 = ( GEOMETRIC_REPRESENTATION_CONTEXT(2) 
PARAMETRIC_REPRESENTATION_CONTEXT() REPRESENTATION_CONTEXT('2D SPACE',''
  ) );
#5213 = ORIENTED_EDGE('',*,*,#4098,.F.);
#5214 = ORIENTED_EDGE('',*,*,#4181,.F.);
#5215 = ORIENTED_EDGE('',*,*,#5144,.T.);
#5216 = ORIENTED_EDGE('',*,*,#5217,.T.);
#5217 = EDGE_CURVE('',#5145,#5192,#5218,.T.);
#5218 = SURFACE_CURVE('',#5219,(#5223,#5230),.PCURVE_S1.);
#5219 = LINE('',#5220,#5221);
#5220 = CARTESIAN_POINT('',(307.,-4.830127018922,-44.63397459621));
#5221 = VECTOR('',#5222,1.);
#5222 = DIRECTION('',(0.,0.866025403784,0.5));
#5223 = PCURVE('',#4118,#5224);
#5224 = DEFINITIONAL_REPRESENTATION('',(#5225),#5229);
#5225 = LINE('',#5226,#5227);
#5226 = CARTESIAN_POINT('',(25.,0.));
#5227 = VECTOR('',#5228,1.);
#5228 = DIRECTION('',(0.,1.));
#5229 = ( GEOMETRIC_REPRESENTATION_CONTEXT(2) 
PARAMETRIC_REPRESENTATION_CONTEXT() REPRESENTATION_CONTEXT('2D SPACE',''
  ) );
#5230 = PCURVE('',#5127,#5231);
#5231 = DEFINITIONAL_REPRESENTATION('',(#5232),#5236);
#5232 = LINE('',#5233,#5234);
#5233 = CARTESIAN_POINT('',(2.,-2.22044604925E-15));
#5234 = VECTOR('',#5235,1.);
#5235 = DIRECTION('',(0.,-1.));
#5236 = ( GEOMETRIC_REPRESENTATION_CONTEXT(2) 
PARAMETRIC_REPRESENTATION_CONTEXT() REPRESENTATION_CONTEXT('2D SPACE',''
  ) );
#5237 = ADVANCED_FACE('',(#5238),#4168,.T.);
#5238 = FACE_BOUND('',#5239,.T.);
#5239 = EDGE_LOOP('',(#5240));
#5240 = ORIENTED_EDGE('',*,*,#4153,.T.);
#5241 = ADVANCED_FACE('',(#5242),#4086,.T.);
#5242 = FACE_BOUND('',#5243,.T.);
#5243 = EDGE_LOOP('',(#5244,#5245,#5246,#5247));
#5244 = ORIENTED_EDGE('',*,*,#5065,.F.);
#5245 = ORIENTED_EDGE('',*,*,#4066,.F.);
#5246 = ORIENTED_EDGE('',*,*,#5191,.T.);
#5247 = ORIENTED_EDGE('',*,*,#5248,.F.);
#5248 = EDGE_CURVE('',#5066,#5192,#5249,.T.);
#5249 = SURFACE_CURVE('',#5250,(#5254,#5261),.PCURVE_S1.);
#5250 = LINE('',#5251,#5252);
#5251 = CARTESIAN_POINT('',(307.,4.830127018922,-41.36602540378));
#5252 = VECTOR('',#5253,1.);
#5253 = DIRECTION('',(0.,-0.5,0.866025403784));
#5254 = PCURVE('',#4086,#5255);
#5255 = DEFINITIONAL_REPRESENTATION('',(#5256),#5260);
#5256 = LINE('',#5257,#5258);
#5257 = CARTESIAN_POINT('',(0.,25.));
#5258 = VECTOR('',#5259,1.);
#5259 = DIRECTION('',(1.,0.));
#5260 = ( GEOMETRIC_REPRESENTATION_CONTEXT(2) 
PARAMETRIC_REPRESENTATION_CONTEXT() REPRESENTATION_CONTEXT('2D SPACE',''
  ) );
#5261 = PCURVE('',#5127,#5262);
#5262 = DEFINITIONAL_REPRESENTATION('',(#5263),#5267);
#5263 = LINE('',#5264,#5265);
#5264 = CARTESIAN_POINT('',(0.,-10.));
#5265 = VECTOR('',#5266,1.);
#5266 = DIRECTION('',(1.,0.));
#5267 = ( GEOMETRIC_REPRESENTATION_CONTEXT(2) 
PARAMETRIC_REPRESENTATION_CONTEXT() REPRESENTATION_CONTEXT('2D SPACE',''
  ) );
#5268 = ADVANCED_FACE('',(#5269),#4291,.T.);
#5269 = FACE_BOUND('',#5270,.T.);
#5270 = EDGE_LOOP('',(#5271,#5294,#5295,#5318));
#5271 = ORIENTED_EDGE('',*,*,#5272,.F.);
#5272 = EDGE_CURVE('',#4271,#5273,#5275,.T.);
#5273 = VERTEX_POINT('',#5274);
#5274 = CARTESIAN_POINT('',(238.32598171987,-19.50452355151,
    -39.63397459621));
#5275 = SURFACE_CURVE('',#5276,(#5280,#5287),.PCURVE_S1.);
#5276 = LINE('',#5277,#5278);
#5277 = CARTESIAN_POINT('',(260.85020341743,-8.657430073571,
    -39.63397459621));
#5278 = VECTOR('',#5279,1.);
#5279 = DIRECTION('',(-0.900968867902,-0.433883739118,0.));
#5280 = PCURVE('',#4291,#5281);
#5281 = DEFINITIONAL_REPRESENTATION('',(#5282),#5286);
#5282 = LINE('',#5283,#5284);
#5283 = CARTESIAN_POINT('',(-4.662936703426E-14,10.));
#5284 = VECTOR('',#5285,1.);
#5285 = DIRECTION('',(1.,6.752966802116E-17));
#5286 = ( GEOMETRIC_REPRESENTATION_CONTEXT(2) 
PARAMETRIC_REPRESENTATION_CONTEXT() REPRESENTATION_CONTEXT('2D SPACE',''
  ) );
#5287 = PCURVE('',#4386,#5288);
#5288 = DEFINITIONAL_REPRESENTATION('',(#5289),#5293);
#5289 = LINE('',#5290,#5291);
#5290 = CARTESIAN_POINT('',(2.,-5.567768468495E-14));
#5291 = VECTOR('',#5292,1.);
#5292 = DIRECTION('',(-2.403703357979E-17,1.));
#5293 = ( GEOMETRIC_REPRESENTATION_CONTEXT(2) 
PARAMETRIC_REPRESENTATION_CONTEXT() REPRESENTATION_CONTEXT('2D SPACE',''
  ) );
#5294 = ORIENTED_EDGE('',*,*,#4268,.F.);
#5295 = ORIENTED_EDGE('',*,*,#5296,.T.);
#5296 = EDGE_CURVE('',#4269,#5297,#5299,.T.);
#5297 = VERTEX_POINT('',#5298);
#5298 = CARTESIAN_POINT('',(234.56843831622,-11.70190427528,
    -44.63397459621));
#5299 = SURFACE_CURVE('',#5300,(#5304,#5311),.PCURVE_S1.);
#5300 = LINE('',#5301,#5302);
#5301 = CARTESIAN_POINT('',(257.09266001378,-0.854810797347,
    -44.63397459621));
#5302 = VECTOR('',#5303,1.);
#5303 = DIRECTION('',(-0.900968867902,-0.433883739118,0.));
#5304 = PCURVE('',#4291,#5305);
#5305 = DEFINITIONAL_REPRESENTATION('',(#5306),#5310);
#5306 = LINE('',#5307,#5308);
#5307 = CARTESIAN_POINT('',(0.,0.));
#5308 = VECTOR('',#5309,1.);
#5309 = DIRECTION('',(1.,6.752966802116E-17));
#5310 = ( GEOMETRIC_REPRESENTATION_CONTEXT(2) 
PARAMETRIC_REPRESENTATION_CONTEXT() REPRESENTATION_CONTEXT('2D SPACE',''
  ) );
#5311 = PCURVE('',#4323,#5312);
#5312 = DEFINITIONAL_REPRESENTATION('',(#5313),#5317);
#5313 = LINE('',#5314,#5315);
#5314 = CARTESIAN_POINT('',(2.,6.106226635438E-14));
#5315 = VECTOR('',#5316,1.);
#5316 = DIRECTION('',(-2.403703357979E-17,1.));
#5317 = ( GEOMETRIC_REPRESENTATION_CONTEXT(2) 
PARAMETRIC_REPRESENTATION_CONTEXT() REPRESENTATION_CONTEXT('2D SPACE',''
  ) );
#5318 = ORIENTED_EDGE('',*,*,#5319,.T.);
#5319 = EDGE_CURVE('',#5297,#5273,#5320,.T.);
#5320 = SURFACE_CURVE('',#5321,(#5325,#5332),.PCURVE_S1.);
#5321 = LINE('',#5322,#5323);
#5322 = CARTESIAN_POINT('',(234.56843831622,-11.70190427528,
    -44.63397459621));
#5323 = VECTOR('',#5324,1.);
#5324 = DIRECTION('',(0.375754340365,-0.780261927622,0.5));
#5325 = PCURVE('',#4291,#5326);
#5326 = DEFINITIONAL_REPRESENTATION('',(#5327),#5331);
#5327 = LINE('',#5328,#5329);
#5328 = CARTESIAN_POINT('',(25.,3.552713678801E-15));
#5329 = VECTOR('',#5330,1.);
#5330 = DIRECTION('',(5.551115123126E-17,1.));
#5331 = ( GEOMETRIC_REPRESENTATION_CONTEXT(2) 
PARAMETRIC_REPRESENTATION_CONTEXT() REPRESENTATION_CONTEXT('2D SPACE',''
  ) );
#5332 = PCURVE('',#5333,#5338);
#5333 = PLANE('',#5334);
#5334 = AXIS2_PLACEMENT_3D('',#5335,#5336,#5337);
#5335 = CARTESIAN_POINT('',(235.00232205534,-12.60287314318,
    -46.36602540378));
#5336 = DIRECTION('',(-0.900968867902,-0.433883739118,0.));
#5337 = DIRECTION('',(-0.216941869559,0.450484433951,0.866025403784));
#5338 = DEFINITIONAL_REPRESENTATION('',(#5339),#5343);
#5339 = LINE('',#5340,#5341);
#5340 = CARTESIAN_POINT('',(2.,1.010302952409E-14));
#5341 = VECTOR('',#5342,1.);
#5342 = DIRECTION('',(1.110223024625E-16,-1.));
#5343 = ( GEOMETRIC_REPRESENTATION_CONTEXT(2) 
PARAMETRIC_REPRESENTATION_CONTEXT() REPRESENTATION_CONTEXT('2D SPACE',''
  ) );
#5344 = ADVANCED_FACE('',(#5345),#4323,.F.);
#5345 = FACE_BOUND('',#5346,.F.);
#5346 = EDGE_LOOP('',(#5347,#5370,#5371,#5372));
#5347 = ORIENTED_EDGE('',*,*,#5348,.F.);
#5348 = EDGE_CURVE('',#4304,#5349,#5351,.T.);
#5349 = VERTEX_POINT('',#5350);
#5350 = CARTESIAN_POINT('',(235.00232205534,-12.60287314318,
    -46.36602540378));
#5351 = SURFACE_CURVE('',#5352,(#5356,#5363),.PCURVE_S1.);
#5352 = LINE('',#5353,#5354);
#5353 = CARTESIAN_POINT('',(257.5265437529,-1.75577966525,
    -46.36602540378));
#5354 = VECTOR('',#5355,1.);
#5355 = DIRECTION('',(-0.900968867902,-0.433883739118,0.));
#5356 = PCURVE('',#4323,#5357);
#5357 = DEFINITIONAL_REPRESENTATION('',(#5358),#5362);
#5358 = LINE('',#5359,#5360);
#5359 = CARTESIAN_POINT('',(0.,0.));
#5360 = VECTOR('',#5361,1.);
#5361 = DIRECTION('',(-2.403703357979E-17,1.));
#5362 = ( GEOMETRIC_REPRESENTATION_CONTEXT(2) 
PARAMETRIC_REPRESENTATION_CONTEXT() REPRESENTATION_CONTEXT('2D SPACE',''
  ) );
#5363 = PCURVE('',#4356,#5364);
#5364 = DEFINITIONAL_REPRESENTATION('',(#5365),#5369);
#5365 = LINE('',#5366,#5367);
#5366 = CARTESIAN_POINT('',(0.,0.));
#5367 = VECTOR('',#5368,1.);
#5368 = DIRECTION('',(1.,6.752966802116E-17));
#5369 = ( GEOMETRIC_REPRESENTATION_CONTEXT(2) 
PARAMETRIC_REPRESENTATION_CONTEXT() REPRESENTATION_CONTEXT('2D SPACE',''
  ) );
#5370 = ORIENTED_EDGE('',*,*,#4303,.F.);
#5371 = ORIENTED_EDGE('',*,*,#5296,.T.);
#5372 = ORIENTED_EDGE('',*,*,#5373,.F.);
#5373 = EDGE_CURVE('',#5349,#5297,#5374,.T.);
#5374 = SURFACE_CURVE('',#5375,(#5379,#5386),.PCURVE_S1.);
#5375 = LINE('',#5376,#5377);
#5376 = CARTESIAN_POINT('',(235.00232205534,-12.60287314318,
    -46.36602540378));
#5377 = VECTOR('',#5378,1.);
#5378 = DIRECTION('',(-0.216941869559,0.450484433951,0.866025403784));
#5379 = PCURVE('',#4323,#5380);
#5380 = DEFINITIONAL_REPRESENTATION('',(#5381),#5385);
#5381 = LINE('',#5382,#5383);
#5382 = CARTESIAN_POINT('',(1.7763568394E-15,25.));
#5383 = VECTOR('',#5384,1.);
#5384 = DIRECTION('',(1.,0.));
#5385 = ( GEOMETRIC_REPRESENTATION_CONTEXT(2) 
PARAMETRIC_REPRESENTATION_CONTEXT() REPRESENTATION_CONTEXT('2D SPACE',''
  ) );
#5386 = PCURVE('',#5333,#5387);
#5387 = DEFINITIONAL_REPRESENTATION('',(#5388),#5392);
#5388 = LINE('',#5389,#5390);
#5389 = CARTESIAN_POINT('',(0.,0.));
#5390 = VECTOR('',#5391,1.);
#5391 = DIRECTION('',(1.,-1.110223024625E-16));
#5392 = ( GEOMETRIC_REPRESENTATION_CONTEXT(2) 
PARAMETRIC_REPRESENTATION_CONTEXT() REPRESENTATION_CONTEXT('2D SPACE',''
  ) );
#5393 = ADVANCED_FACE('',(#5394),#4386,.T.);
#5394 = FACE_BOUND('',#5395,.T.);
#5395 = EDGE_LOOP('',(#5396,#5419,#5420,#5421));
#5396 = ORIENTED_EDGE('',*,*,#5397,.F.);
#5397 = EDGE_CURVE('',#4336,#5398,#5400,.T.);
#5398 = VERTEX_POINT('',#5399);
#5399 = CARTESIAN_POINT('',(238.75986545899,-20.40549241941,
    -41.36602540378));
#5400 = SURFACE_CURVE('',#5401,(#5405,#5412),.PCURVE_S1.);
#5401 = LINE('',#5402,#5403);
#5402 = CARTESIAN_POINT('',(261.28408715655,-9.558398941474,
    -41.36602540378));
#5403 = VECTOR('',#5404,1.);
#5404 = DIRECTION('',(-0.900968867902,-0.433883739118,0.));
#5405 = PCURVE('',#4386,#5406);
#5406 = DEFINITIONAL_REPRESENTATION('',(#5407),#5411);
#5407 = LINE('',#5408,#5409);
#5408 = CARTESIAN_POINT('',(0.,0.));
#5409 = VECTOR('',#5410,1.);
#5410 = DIRECTION('',(-2.403703357979E-17,1.));
#5411 = ( GEOMETRIC_REPRESENTATION_CONTEXT(2) 
PARAMETRIC_REPRESENTATION_CONTEXT() REPRESENTATION_CONTEXT('2D SPACE',''
  ) );
#5412 = PCURVE('',#4356,#5413);
#5413 = DEFINITIONAL_REPRESENTATION('',(#5414),#5418);
#5414 = LINE('',#5415,#5416);
#5415 = CARTESIAN_POINT('',(6.128431095931E-14,10.));
#5416 = VECTOR('',#5417,1.);
#5417 = DIRECTION('',(1.,6.752966802116E-17));
#5418 = ( GEOMETRIC_REPRESENTATION_CONTEXT(2) 
PARAMETRIC_REPRESENTATION_CONTEXT() REPRESENTATION_CONTEXT('2D SPACE',''
  ) );
#5419 = ORIENTED_EDGE('',*,*,#4368,.F.);
#5420 = ORIENTED_EDGE('',*,*,#5272,.T.);
#5421 = ORIENTED_EDGE('',*,*,#5422,.F.);
#5422 = EDGE_CURVE('',#5398,#5273,#5423,.T.);
#5423 = SURFACE_CURVE('',#5424,(#5428,#5435),.PCURVE_S1.);
#5424 = LINE('',#5425,#5426);
#5425 = CARTESIAN_POINT('',(238.75986545899,-20.40549241941,
    -41.36602540378));
#5426 = VECTOR('',#5427,1.);
#5427 = DIRECTION('',(-0.216941869559,0.450484433951,0.866025403784));
#5428 = PCURVE('',#4386,#5429);
#5429 = DEFINITIONAL_REPRESENTATION('',(#5430),#5434);
#5430 = LINE('',#5431,#5432);
#5431 = CARTESIAN_POINT('',(-1.941238855046E-14,25.));
#5432 = VECTOR('',#5433,1.);
#5433 = DIRECTION('',(1.,0.));
#5434 = ( GEOMETRIC_REPRESENTATION_CONTEXT(2) 
PARAMETRIC_REPRESENTATION_CONTEXT() REPRESENTATION_CONTEXT('2D SPACE',''
  ) );
#5435 = PCURVE('',#5333,#5436);
#5436 = DEFINITIONAL_REPRESENTATION('',(#5437),#5441);
#5437 = LINE('',#5438,#5439);
#5438 = CARTESIAN_POINT('',(8.881784197001E-16,-10.));
#5439 = VECTOR('',#5440,1.);
#5440 = DIRECTION('',(1.,-1.110223024625E-16));
#5441 = ( GEOMETRIC_REPRESENTATION_CONTEXT(2) 
PARAMETRIC_REPRESENTATION_CONTEXT() REPRESENTATION_CONTEXT('2D SPACE',''
  ) );
#5442 = ADVANCED_FACE('',(#5443),#4356,.F.);
#5443 = FACE_BOUND('',#5444,.F.);
#5444 = EDGE_LOOP('',(#5445,#5446,#5447,#5448));
#5445 = ORIENTED_EDGE('',*,*,#5397,.F.);
#5446 = ORIENTED_EDGE('',*,*,#4335,.F.);
#5447 = ORIENTED_EDGE('',*,*,#5348,.T.);
#5448 = ORIENTED_EDGE('',*,*,#5449,.T.);
#5449 = EDGE_CURVE('',#5349,#5398,#5450,.T.);
#5450 = SURFACE_CURVE('',#5451,(#5455,#5462),.PCURVE_S1.);
#5451 = LINE('',#5452,#5453);
#5452 = CARTESIAN_POINT('',(235.00232205534,-12.60287314318,
    -46.36602540378));
#5453 = VECTOR('',#5454,1.);
#5454 = DIRECTION('',(0.375754340365,-0.780261927622,0.5));
#5455 = PCURVE('',#4356,#5456);
#5456 = DEFINITIONAL_REPRESENTATION('',(#5457),#5461);
#5457 = LINE('',#5458,#5459);
#5458 = CARTESIAN_POINT('',(25.,-8.881784197001E-15));
#5459 = VECTOR('',#5460,1.);
#5460 = DIRECTION('',(5.551115123126E-17,1.));
#5461 = ( GEOMETRIC_REPRESENTATION_CONTEXT(2) 
PARAMETRIC_REPRESENTATION_CONTEXT() REPRESENTATION_CONTEXT('2D SPACE',''
  ) );
#5462 = PCURVE('',#5333,#5463);
#5463 = DEFINITIONAL_REPRESENTATION('',(#5464),#5468);
#5464 = LINE('',#5465,#5466);
#5465 = CARTESIAN_POINT('',(0.,0.));
#5466 = VECTOR('',#5467,1.);
#5467 = DIRECTION('',(1.110223024625E-16,-1.));
#5468 = ( GEOMETRIC_REPRESENTATION_CONTEXT(2) 
PARAMETRIC_REPRESENTATION_CONTEXT() REPRESENTATION_CONTEXT('2D SPACE',''
  ) );
#5469 = ADVANCED_FACE('',(#5470),#4423,.T.);
#5470 = FACE_BOUND('',#5471,.T.);
#5471 = EDGE_LOOP('',(#5472,#5495,#5496,#5519));
#5472 = ORIENTED_EDGE('',*,*,#5473,.F.);
#5473 = EDGE_CURVE('',#4403,#5474,#5476,.T.);
#5474 = VERTEX_POINT('',#5475);
#5475 = CARTESIAN_POINT('',(265.50082318156,-36.92461619214,
    -39.63397459621));
#5476 = SURFACE_CURVE('',#5477,(#5481,#5488),.PCURVE_S1.);
#5477 = LINE('',#5478,#5479);
#5478 = CARTESIAN_POINT('',(271.06384653047,-12.5514183876,
    -39.63397459621));
#5479 = VECTOR('',#5480,1.);
#5480 = DIRECTION('',(-0.222520933956,-0.974927912182,0.));
#5481 = PCURVE('',#4423,#5482);
#5482 = DEFINITIONAL_REPRESENTATION('',(#5483),#5487);
#5483 = LINE('',#5484,#5485);
#5484 = CARTESIAN_POINT('',(-8.437694987151E-15,10.));
#5485 = VECTOR('',#5486,1.);
#5486 = DIRECTION('',(1.,0.));
#5487 = ( GEOMETRIC_REPRESENTATION_CONTEXT(2) 
PARAMETRIC_REPRESENTATION_CONTEXT() REPRESENTATION_CONTEXT('2D SPACE',''
  ) );
#5488 = PCURVE('',#4518,#5489);
#5489 = DEFINITIONAL_REPRESENTATION('',(#5490),#5494);
#5490 = LINE('',#5491,#5492);
#5491 = CARTESIAN_POINT('',(2.,4.116151863798E-14));
#5492 = VECTOR('',#5493,1.);
#5493 = DIRECTION('',(0.,1.));
#5494 = ( GEOMETRIC_REPRESENTATION_CONTEXT(2) 
PARAMETRIC_REPRESENTATION_CONTEXT() REPRESENTATION_CONTEXT('2D SPACE',''
  ) );
#5495 = ORIENTED_EDGE('',*,*,#4400,.F.);
#5496 = ORIENTED_EDGE('',*,*,#5497,.T.);
#5497 = EDGE_CURVE('',#4401,#5498,#5500,.T.);
#5498 = VERTEX_POINT('',#5499);
#5499 = CARTESIAN_POINT('',(257.05769979348,-34.99752837534,
    -44.63397459621));
#5500 = SURFACE_CURVE('',#5501,(#5505,#5512),.PCURVE_S1.);
#5501 = LINE('',#5502,#5503);
#5502 = CARTESIAN_POINT('',(262.62072314239,-10.6243305708,
    -44.63397459621));
#5503 = VECTOR('',#5504,1.);
#5504 = DIRECTION('',(-0.222520933956,-0.974927912182,0.));
#5505 = PCURVE('',#4423,#5506);
#5506 = DEFINITIONAL_REPRESENTATION('',(#5507),#5511);
#5507 = LINE('',#5508,#5509);
#5508 = CARTESIAN_POINT('',(0.,0.));
#5509 = VECTOR('',#5510,1.);
#5510 = DIRECTION('',(1.,0.));
#5511 = ( GEOMETRIC_REPRESENTATION_CONTEXT(2) 
PARAMETRIC_REPRESENTATION_CONTEXT() REPRESENTATION_CONTEXT('2D SPACE',''
  ) );
#5512 = PCURVE('',#4455,#5513);
#5513 = DEFINITIONAL_REPRESENTATION('',(#5514),#5518);
#5514 = LINE('',#5515,#5516);
#5515 = CARTESIAN_POINT('',(2.,4.116151863798E-14));
#5516 = VECTOR('',#5517,1.);
#5517 = DIRECTION('',(0.,1.));
#5518 = ( GEOMETRIC_REPRESENTATION_CONTEXT(2) 
PARAMETRIC_REPRESENTATION_CONTEXT() REPRESENTATION_CONTEXT('2D SPACE',''
  ) );
#5519 = ORIENTED_EDGE('',*,*,#5520,.T.);
#5520 = EDGE_CURVE('',#5498,#5474,#5521,.T.);
#5521 = SURFACE_CURVE('',#5522,(#5526,#5533),.PCURVE_S1.);
#5522 = LINE('',#5523,#5524);
#5523 = CARTESIAN_POINT('',(257.05769979348,-34.99752837534,
    -44.63397459621));
#5524 = VECTOR('',#5525,1.);
#5525 = DIRECTION('',(0.844312338808,-0.19270878168,0.5));
#5526 = PCURVE('',#4423,#5527);
#5527 = DEFINITIONAL_REPRESENTATION('',(#5528),#5532);
#5528 = LINE('',#5529,#5530);
#5529 = CARTESIAN_POINT('',(25.,-1.7763568394E-15));
#5530 = VECTOR('',#5531,1.);
#5531 = DIRECTION('',(0.,1.));
#5532 = ( GEOMETRIC_REPRESENTATION_CONTEXT(2) 
PARAMETRIC_REPRESENTATION_CONTEXT() REPRESENTATION_CONTEXT('2D SPACE',''
  ) );
#5533 = PCURVE('',#5534,#5539);
#5534 = PLANE('',#5535);
#5535 = AXIS2_PLACEMENT_3D('',#5536,#5537,#5538);
#5536 = CARTESIAN_POINT('',(258.03262770566,-35.2200493093,
    -46.36602540378));
#5537 = DIRECTION('',(-0.222520933956,-0.974927912182,0.));
#5538 = DIRECTION('',(-0.487463956091,0.111260466978,0.866025403784));
#5539 = DEFINITIONAL_REPRESENTATION('',(#5540),#5544);
#5540 = LINE('',#5541,#5542);
#5541 = CARTESIAN_POINT('',(2.,-3.808064974464E-14));
#5542 = VECTOR('',#5543,1.);
#5543 = DIRECTION('',(0.,-1.));
#5544 = ( GEOMETRIC_REPRESENTATION_CONTEXT(2) 
PARAMETRIC_REPRESENTATION_CONTEXT() REPRESENTATION_CONTEXT('2D SPACE',''
  ) );
#5545 = ADVANCED_FACE('',(#5546),#4455,.F.);
#5546 = FACE_BOUND('',#5547,.F.);
#5547 = EDGE_LOOP('',(#5548,#5571,#5572,#5573));
#5548 = ORIENTED_EDGE('',*,*,#5549,.F.);
#5549 = EDGE_CURVE('',#4436,#5550,#5552,.T.);
#5550 = VERTEX_POINT('',#5551);
#5551 = CARTESIAN_POINT('',(258.03262770566,-35.2200493093,
    -46.36602540378));
#5552 = SURFACE_CURVE('',#5553,(#5557,#5564),.PCURVE_S1.);
#5553 = LINE('',#5554,#5555);
#5554 = CARTESIAN_POINT('',(263.59565105457,-10.84685150476,
    -46.36602540378));
#5555 = VECTOR('',#5556,1.);
#5556 = DIRECTION('',(-0.222520933956,-0.974927912182,0.));
#5557 = PCURVE('',#4455,#5558);
#5558 = DEFINITIONAL_REPRESENTATION('',(#5559),#5563);
#5559 = LINE('',#5560,#5561);
#5560 = CARTESIAN_POINT('',(0.,0.));
#5561 = VECTOR('',#5562,1.);
#5562 = DIRECTION('',(0.,1.));
#5563 = ( GEOMETRIC_REPRESENTATION_CONTEXT(2) 
PARAMETRIC_REPRESENTATION_CONTEXT() REPRESENTATION_CONTEXT('2D SPACE',''
  ) );
#5564 = PCURVE('',#4488,#5565);
#5565 = DEFINITIONAL_REPRESENTATION('',(#5566),#5570);
#5566 = LINE('',#5567,#5568);
#5567 = CARTESIAN_POINT('',(0.,0.));
#5568 = VECTOR('',#5569,1.);
#5569 = DIRECTION('',(1.,0.));
#5570 = ( GEOMETRIC_REPRESENTATION_CONTEXT(2) 
PARAMETRIC_REPRESENTATION_CONTEXT() REPRESENTATION_CONTEXT('2D SPACE',''
  ) );
#5571 = ORIENTED_EDGE('',*,*,#4435,.F.);
#5572 = ORIENTED_EDGE('',*,*,#5497,.T.);
#5573 = ORIENTED_EDGE('',*,*,#5574,.F.);
#5574 = EDGE_CURVE('',#5550,#5498,#5575,.T.);
#5575 = SURFACE_CURVE('',#5576,(#5580,#5587),.PCURVE_S1.);
#5576 = LINE('',#5577,#5578);
#5577 = CARTESIAN_POINT('',(258.03262770566,-35.2200493093,
    -46.36602540378));
#5578 = VECTOR('',#5579,1.);
#5579 = DIRECTION('',(-0.487463956091,0.111260466978,0.866025403784));
#5580 = PCURVE('',#4455,#5581);
#5581 = DEFINITIONAL_REPRESENTATION('',(#5582),#5586);
#5582 = LINE('',#5583,#5584);
#5583 = CARTESIAN_POINT('',(1.846044178928E-14,25.));
#5584 = VECTOR('',#5585,1.);
#5585 = DIRECTION('',(1.,0.));
#5586 = ( GEOMETRIC_REPRESENTATION_CONTEXT(2) 
PARAMETRIC_REPRESENTATION_CONTEXT() REPRESENTATION_CONTEXT('2D SPACE',''
  ) );
#5587 = PCURVE('',#5534,#5588);
#5588 = DEFINITIONAL_REPRESENTATION('',(#5589),#5593);
#5589 = LINE('',#5590,#5591);
#5590 = CARTESIAN_POINT('',(0.,0.));
#5591 = VECTOR('',#5592,1.);
#5592 = DIRECTION('',(1.,0.));
#5593 = ( GEOMETRIC_REPRESENTATION_CONTEXT(2) 
PARAMETRIC_REPRESENTATION_CONTEXT() REPRESENTATION_CONTEXT('2D SPACE',''
  ) );
#5594 = ADVANCED_FACE('',(#5595),#4518,.T.);
#5595 = FACE_BOUND('',#5596,.T.);
#5596 = EDGE_LOOP('',(#5597,#5620,#5621,#5622));
#5597 = ORIENTED_EDGE('',*,*,#5598,.F.);
#5598 = EDGE_CURVE('',#4468,#5599,#5601,.T.);
#5599 = VERTEX_POINT('',#5600);
#5600 = CARTESIAN_POINT('',(266.47575109374,-37.1471371261,
    -41.36602540378));
#5601 = SURFACE_CURVE('',#5602,(#5606,#5613),.PCURVE_S1.);
#5602 = LINE('',#5603,#5604);
#5603 = CARTESIAN_POINT('',(272.03877444265,-12.77393932156,
    -41.36602540378));
#5604 = VECTOR('',#5605,1.);
#5605 = DIRECTION('',(-0.222520933956,-0.974927912182,0.));
#5606 = PCURVE('',#4518,#5607);
#5607 = DEFINITIONAL_REPRESENTATION('',(#5608),#5612);
#5608 = LINE('',#5609,#5610);
#5609 = CARTESIAN_POINT('',(0.,0.));
#5610 = VECTOR('',#5611,1.);
#5611 = DIRECTION('',(0.,1.));
#5612 = ( GEOMETRIC_REPRESENTATION_CONTEXT(2) 
PARAMETRIC_REPRESENTATION_CONTEXT() REPRESENTATION_CONTEXT('2D SPACE',''
  ) );
#5613 = PCURVE('',#4488,#5614);
#5614 = DEFINITIONAL_REPRESENTATION('',(#5615),#5619);
#5615 = LINE('',#5616,#5617);
#5616 = CARTESIAN_POINT('',(-8.437694987151E-15,10.));
#5617 = VECTOR('',#5618,1.);
#5618 = DIRECTION('',(1.,0.));
#5619 = ( GEOMETRIC_REPRESENTATION_CONTEXT(2) 
PARAMETRIC_REPRESENTATION_CONTEXT() REPRESENTATION_CONTEXT('2D SPACE',''
  ) );
#5620 = ORIENTED_EDGE('',*,*,#4500,.F.);
#5621 = ORIENTED_EDGE('',*,*,#5473,.T.);
#5622 = ORIENTED_EDGE('',*,*,#5623,.F.);
#5623 = EDGE_CURVE('',#5599,#5474,#5624,.T.);
#5624 = SURFACE_CURVE('',#5625,(#5629,#5636),.PCURVE_S1.);
#5625 = LINE('',#5626,#5627);
#5626 = CARTESIAN_POINT('',(266.47575109374,-37.1471371261,
    -41.36602540378));
#5627 = VECTOR('',#5628,1.);
#5628 = DIRECTION('',(-0.487463956091,0.111260466978,0.866025403784));
#5629 = PCURVE('',#4518,#5630);
#5630 = DEFINITIONAL_REPRESENTATION('',(#5631),#5635);
#5631 = LINE('',#5632,#5633);
#5632 = CARTESIAN_POINT('',(8.881784197001E-16,25.));
#5633 = VECTOR('',#5634,1.);
#5634 = DIRECTION('',(1.,0.));
#5635 = ( GEOMETRIC_REPRESENTATION_CONTEXT(2) 
PARAMETRIC_REPRESENTATION_CONTEXT() REPRESENTATION_CONTEXT('2D SPACE',''
  ) );
#5636 = PCURVE('',#5534,#5637);
#5637 = DEFINITIONAL_REPRESENTATION('',(#5638),#5642);
#5638 = LINE('',#5639,#5640);
#5639 = CARTESIAN_POINT('',(-1.50990331349E-14,-10.));
#5640 = VECTOR('',#5641,1.);
#5641 = DIRECTION('',(1.,0.));
#5642 = ( GEOMETRIC_REPRESENTATION_CONTEXT(2) 
PARAMETRIC_REPRESENTATION_CONTEXT() REPRESENTATION_CONTEXT('2D SPACE',''
  ) );
#5643 = ADVANCED_FACE('',(#5644),#4488,.F.);
#5644 = FACE_BOUND('',#5645,.F.);
#5645 = EDGE_LOOP('',(#5646,#5647,#5648,#5649));
#5646 = ORIENTED_EDGE('',*,*,#5598,.F.);
#5647 = ORIENTED_EDGE('',*,*,#4467,.F.);
#5648 = ORIENTED_EDGE('',*,*,#5549,.T.);
#5649 = ORIENTED_EDGE('',*,*,#5650,.T.);
#5650 = EDGE_CURVE('',#5550,#5599,#5651,.T.);
#5651 = SURFACE_CURVE('',#5652,(#5656,#5663),.PCURVE_S1.);
#5652 = LINE('',#5653,#5654);
#5653 = CARTESIAN_POINT('',(258.03262770566,-35.2200493093,
    -46.36602540378));
#5654 = VECTOR('',#5655,1.);
#5655 = DIRECTION('',(0.844312338808,-0.19270878168,0.5));
#5656 = PCURVE('',#4488,#5657);
#5657 = DEFINITIONAL_REPRESENTATION('',(#5658),#5662);
#5658 = LINE('',#5659,#5660);
#5659 = CARTESIAN_POINT('',(25.,-6.394884621841E-14));
#5660 = VECTOR('',#5661,1.);
#5661 = DIRECTION('',(0.,1.));
#5662 = ( GEOMETRIC_REPRESENTATION_CONTEXT(2) 
PARAMETRIC_REPRESENTATION_CONTEXT() REPRESENTATION_CONTEXT('2D SPACE',''
  ) );
#5663 = PCURVE('',#5534,#5664);
#5664 = DEFINITIONAL_REPRESENTATION('',(#5665),#5669);
#5665 = LINE('',#5666,#5667);
#5666 = CARTESIAN_POINT('',(0.,0.));
#5667 = VECTOR('',#5668,1.);
#5668 = DIRECTION('',(0.,-1.));
#5669 = ( GEOMETRIC_REPRESENTATION_CONTEXT(2) 
PARAMETRIC_REPRESENTATION_CONTEXT() REPRESENTATION_CONTEXT('2D SPACE',''
  ) );
#5670 = ADVANCED_FACE('',(#5671),#4555,.T.);
#5671 = FACE_BOUND('',#5672,.T.);
#5672 = EDGE_LOOP('',(#5673,#5696,#5697,#5720));
#5673 = ORIENTED_EDGE('',*,*,#5674,.F.);
#5674 = EDGE_CURVE('',#4535,#5675,#5677,.T.);
#5675 = VERTEX_POINT('',#5676);
#5676 = CARTESIAN_POINT('',(290.07460878352,31.315809987439,
    -39.63397459621));
#5677 = SURFACE_CURVE('',#5678,(#5682,#5689),.PCURVE_S1.);
#5678 = LINE('',#5679,#5680);
#5679 = CARTESIAN_POINT('',(274.48736373706,11.770022925738,
    -39.63397459621));
#5680 = VECTOR('',#5681,1.);
#5681 = DIRECTION('',(0.623489801859,0.781831482468,0.));
#5682 = PCURVE('',#4555,#5683);
#5683 = DEFINITIONAL_REPRESENTATION('',(#5684),#5688);
#5684 = LINE('',#5685,#5686);
#5685 = CARTESIAN_POINT('',(-4.440892098501E-15,10.));
#5686 = VECTOR('',#5687,1.);
#5687 = DIRECTION('',(1.,-5.551115123126E-17));
#5688 = ( GEOMETRIC_REPRESENTATION_CONTEXT(2) 
PARAMETRIC_REPRESENTATION_CONTEXT() REPRESENTATION_CONTEXT('2D SPACE',''
  ) );
#5689 = PCURVE('',#4650,#5690);
#5690 = DEFINITIONAL_REPRESENTATION('',(#5691),#5695);
#5691 = LINE('',#5692,#5693);
#5692 = CARTESIAN_POINT('',(2.,4.019007349143E-14));
#5693 = VECTOR('',#5694,1.);
#5694 = DIRECTION('',(2.403703357979E-17,1.));
#5695 = ( GEOMETRIC_REPRESENTATION_CONTEXT(2) 
PARAMETRIC_REPRESENTATION_CONTEXT() REPRESENTATION_CONTEXT('2D SPACE',''
  ) );
#5696 = ORIENTED_EDGE('',*,*,#4532,.F.);
#5697 = ORIENTED_EDGE('',*,*,#5698,.T.);
#5698 = EDGE_CURVE('',#4533,#5699,#5701,.T.);
#5699 = VERTEX_POINT('',#5700);
#5700 = CARTESIAN_POINT('',(296.84546803648,25.916229913337,
    -44.63397459621));
#5701 = SURFACE_CURVE('',#5702,(#5706,#5713),.PCURVE_S1.);
#5702 = LINE('',#5703,#5704);
#5703 = CARTESIAN_POINT('',(281.25822299001,6.370442851636,
    -44.63397459621));
#5704 = VECTOR('',#5705,1.);
#5705 = DIRECTION('',(0.623489801859,0.781831482468,0.));
#5706 = PCURVE('',#4555,#5707);
#5707 = DEFINITIONAL_REPRESENTATION('',(#5708),#5712);
#5708 = LINE('',#5709,#5710);
#5709 = CARTESIAN_POINT('',(0.,0.));
#5710 = VECTOR('',#5711,1.);
#5711 = DIRECTION('',(1.,-5.551115123126E-17));
#5712 = ( GEOMETRIC_REPRESENTATION_CONTEXT(2) 
PARAMETRIC_REPRESENTATION_CONTEXT() REPRESENTATION_CONTEXT('2D SPACE',''
  ) );
#5713 = PCURVE('',#4587,#5714);
#5714 = DEFINITIONAL_REPRESENTATION('',(#5715),#5719);
#5715 = LINE('',#5716,#5717);
#5716 = CARTESIAN_POINT('',(2.,4.019007349143E-14));
#5717 = VECTOR('',#5718,1.);
#5718 = DIRECTION('',(2.403703357979E-17,1.));
#5719 = ( GEOMETRIC_REPRESENTATION_CONTEXT(2) 
PARAMETRIC_REPRESENTATION_CONTEXT() REPRESENTATION_CONTEXT('2D SPACE',''
  ) );
#5720 = ORIENTED_EDGE('',*,*,#5721,.T.);
#5721 = EDGE_CURVE('',#5699,#5675,#5722,.T.);
#5722 = SURFACE_CURVE('',#5723,(#5727,#5734),.PCURVE_S1.);
#5723 = LINE('',#5724,#5725);
#5724 = CARTESIAN_POINT('',(296.84546803648,25.916229913337,
    -44.63397459621));
#5725 = VECTOR('',#5726,1.);
#5726 = DIRECTION('',(-0.677085925296,0.53995800741,0.5));
#5727 = PCURVE('',#4555,#5728);
#5728 = DEFINITIONAL_REPRESENTATION('',(#5729),#5733);
#5729 = LINE('',#5730,#5731);
#5730 = CARTESIAN_POINT('',(25.,2.84217094304E-14));
#5731 = VECTOR('',#5732,1.);
#5732 = DIRECTION('',(-5.551115123126E-17,1.));
#5733 = ( GEOMETRIC_REPRESENTATION_CONTEXT(2) 
PARAMETRIC_REPRESENTATION_CONTEXT() REPRESENTATION_CONTEXT('2D SPACE',''
  ) );
#5734 = PCURVE('',#5735,#5740);
#5735 = PLANE('',#5736);
#5736 = AXIS2_PLACEMENT_3D('',#5737,#5738,#5739);
#5737 = CARTESIAN_POINT('',(296.06363655401,26.539719715196,
    -46.36602540378));
#5738 = DIRECTION('',(0.623489801859,0.781831482468,0.));
#5739 = DIRECTION('',(0.390915741234,-0.311744900929,0.866025403784));
#5740 = DEFINITIONAL_REPRESENTATION('',(#5741),#5745);
#5741 = LINE('',#5742,#5743);
#5742 = CARTESIAN_POINT('',(2.,-6.272760089132E-14));
#5743 = VECTOR('',#5744,1.);
#5744 = DIRECTION('',(0.,-1.));
#5745 = ( GEOMETRIC_REPRESENTATION_CONTEXT(2) 
PARAMETRIC_REPRESENTATION_CONTEXT() REPRESENTATION_CONTEXT('2D SPACE',''
  ) );
#5746 = ADVANCED_FACE('',(#5747),#4587,.F.);
#5747 = FACE_BOUND('',#5748,.F.);
#5748 = EDGE_LOOP('',(#5749,#5772,#5773,#5774));
#5749 = ORIENTED_EDGE('',*,*,#5750,.F.);
#5750 = EDGE_CURVE('',#4568,#5751,#5753,.T.);
#5751 = VERTEX_POINT('',#5752);
#5752 = CARTESIAN_POINT('',(296.06363655401,26.539719715196,
    -46.36602540378));
#5753 = SURFACE_CURVE('',#5754,(#5758,#5765),.PCURVE_S1.);
#5754 = LINE('',#5755,#5756);
#5755 = CARTESIAN_POINT('',(280.47639150755,6.993932653495,
    -46.36602540378));
#5756 = VECTOR('',#5757,1.);
#5757 = DIRECTION('',(0.623489801859,0.781831482468,0.));
#5758 = PCURVE('',#4587,#5759);
#5759 = DEFINITIONAL_REPRESENTATION('',(#5760),#5764);
#5760 = LINE('',#5761,#5762);
#5761 = CARTESIAN_POINT('',(0.,0.));
#5762 = VECTOR('',#5763,1.);
#5763 = DIRECTION('',(2.403703357979E-17,1.));
#5764 = ( GEOMETRIC_REPRESENTATION_CONTEXT(2) 
PARAMETRIC_REPRESENTATION_CONTEXT() REPRESENTATION_CONTEXT('2D SPACE',''
  ) );
#5765 = PCURVE('',#4620,#5766);
#5766 = DEFINITIONAL_REPRESENTATION('',(#5767),#5771);
#5767 = LINE('',#5768,#5769);
#5768 = CARTESIAN_POINT('',(0.,0.));
#5769 = VECTOR('',#5770,1.);
#5770 = DIRECTION('',(1.,-5.551115123126E-17));
#5771 = ( GEOMETRIC_REPRESENTATION_CONTEXT(2) 
PARAMETRIC_REPRESENTATION_CONTEXT() REPRESENTATION_CONTEXT('2D SPACE',''
  ) );
#5772 = ORIENTED_EDGE('',*,*,#4567,.F.);
#5773 = ORIENTED_EDGE('',*,*,#5698,.T.);
#5774 = ORIENTED_EDGE('',*,*,#5775,.F.);
#5775 = EDGE_CURVE('',#5751,#5699,#5776,.T.);
#5776 = SURFACE_CURVE('',#5777,(#5781,#5788),.PCURVE_S1.);
#5777 = LINE('',#5778,#5779);
#5778 = CARTESIAN_POINT('',(296.06363655401,26.539719715196,
    -46.36602540378));
#5779 = VECTOR('',#5780,1.);
#5780 = DIRECTION('',(0.390915741234,-0.311744900929,0.866025403784));
#5781 = PCURVE('',#4587,#5782);
#5782 = DEFINITIONAL_REPRESENTATION('',(#5783),#5787);
#5783 = LINE('',#5784,#5785);
#5784 = CARTESIAN_POINT('',(2.461392238571E-14,25.));
#5785 = VECTOR('',#5786,1.);
#5786 = DIRECTION('',(1.,0.));
#5787 = ( GEOMETRIC_REPRESENTATION_CONTEXT(2) 
PARAMETRIC_REPRESENTATION_CONTEXT() REPRESENTATION_CONTEXT('2D SPACE',''
  ) );
#5788 = PCURVE('',#5735,#5789);
#5789 = DEFINITIONAL_REPRESENTATION('',(#5790),#5794);
#5790 = LINE('',#5791,#5792);
#5791 = CARTESIAN_POINT('',(0.,0.));
#5792 = VECTOR('',#5793,1.);
#5793 = DIRECTION('',(1.,0.));
#5794 = ( GEOMETRIC_REPRESENTATION_CONTEXT(2) 
PARAMETRIC_REPRESENTATION_CONTEXT() REPRESENTATION_CONTEXT('2D SPACE',''
  ) );
#5795 = ADVANCED_FACE('',(#5796),#4650,.T.);
#5796 = FACE_BOUND('',#5797,.T.);
#5797 = EDGE_LOOP('',(#5798,#5821,#5822,#5823));
#5798 = ORIENTED_EDGE('',*,*,#5799,.F.);
#5799 = EDGE_CURVE('',#4600,#5800,#5802,.T.);
#5800 = VERTEX_POINT('',#5801);
#5801 = CARTESIAN_POINT('',(289.29277730106,31.939299789297,
    -41.36602540378));
#5802 = SURFACE_CURVE('',#5803,(#5807,#5814),.PCURVE_S1.);
#5803 = LINE('',#5804,#5805);
#5804 = CARTESIAN_POINT('',(273.70553225459,12.393512727597,
    -41.36602540378));
#5805 = VECTOR('',#5806,1.);
#5806 = DIRECTION('',(0.623489801859,0.781831482468,0.));
#5807 = PCURVE('',#4650,#5808);
#5808 = DEFINITIONAL_REPRESENTATION('',(#5809),#5813);
#5809 = LINE('',#5810,#5811);
#5810 = CARTESIAN_POINT('',(0.,0.));
#5811 = VECTOR('',#5812,1.);
#5812 = DIRECTION('',(2.403703357979E-17,1.));
#5813 = ( GEOMETRIC_REPRESENTATION_CONTEXT(2) 
PARAMETRIC_REPRESENTATION_CONTEXT() REPRESENTATION_CONTEXT('2D SPACE',''
  ) );
#5814 = PCURVE('',#4620,#5815);
#5815 = DEFINITIONAL_REPRESENTATION('',(#5816),#5820);
#5816 = LINE('',#5817,#5818);
#5817 = CARTESIAN_POINT('',(-4.440892098501E-15,10.));
#5818 = VECTOR('',#5819,1.);
#5819 = DIRECTION('',(1.,-5.551115123126E-17));
#5820 = ( GEOMETRIC_REPRESENTATION_CONTEXT(2) 
PARAMETRIC_REPRESENTATION_CONTEXT() REPRESENTATION_CONTEXT('2D SPACE',''
  ) );
#5821 = ORIENTED_EDGE('',*,*,#4632,.F.);
#5822 = ORIENTED_EDGE('',*,*,#5674,.T.);
#5823 = ORIENTED_EDGE('',*,*,#5824,.F.);
#5824 = EDGE_CURVE('',#5800,#5675,#5825,.T.);
#5825 = SURFACE_CURVE('',#5826,(#5830,#5837),.PCURVE_S1.);
#5826 = LINE('',#5827,#5828);
#5827 = CARTESIAN_POINT('',(289.29277730106,31.939299789297,
    -41.36602540378));
#5828 = VECTOR('',#5829,1.);
#5829 = DIRECTION('',(0.390915741234,-0.311744900929,0.866025403784));
#5830 = PCURVE('',#4650,#5831);
#5831 = DEFINITIONAL_REPRESENTATION('',(#5832),#5836);
#5832 = LINE('',#5833,#5834);
#5833 = CARTESIAN_POINT('',(2.461392238571E-14,25.));
#5834 = VECTOR('',#5835,1.);
#5835 = DIRECTION('',(1.,0.));
#5836 = ( GEOMETRIC_REPRESENTATION_CONTEXT(2) 
PARAMETRIC_REPRESENTATION_CONTEXT() REPRESENTATION_CONTEXT('2D SPACE',''
  ) );
#5837 = PCURVE('',#5735,#5838);
#5838 = DEFINITIONAL_REPRESENTATION('',(#5839),#5843);
#5839 = LINE('',#5840,#5841);
#5840 = CARTESIAN_POINT('',(-8.881784197001E-16,-10.));
#5841 = VECTOR('',#5842,1.);
#5842 = DIRECTION('',(1.,0.));
#5843 = ( GEOMETRIC_REPRESENTATION_CONTEXT(2) 
PARAMETRIC_REPRESENTATION_CONTEXT() REPRESENTATION_CONTEXT('2D SPACE',''
  ) );
#5844 = ADVANCED_FACE('',(#5845),#4620,.F.);
#5845 = FACE_BOUND('',#5846,.F.);
#5846 = EDGE_LOOP('',(#5847,#5848,#5849,#5850));
#5847 = ORIENTED_EDGE('',*,*,#5799,.F.);
#5848 = ORIENTED_EDGE('',*,*,#4599,.F.);
#5849 = ORIENTED_EDGE('',*,*,#5750,.T.);
#5850 = ORIENTED_EDGE('',*,*,#5851,.T.);
#5851 = EDGE_CURVE('',#5751,#5800,#5852,.T.);
#5852 = SURFACE_CURVE('',#5853,(#5857,#5864),.PCURVE_S1.);
#5853 = LINE('',#5854,#5855);
#5854 = CARTESIAN_POINT('',(296.06363655401,26.539719715196,
    -46.36602540378));
#5855 = VECTOR('',#5856,1.);
#5856 = DIRECTION('',(-0.677085925296,0.53995800741,0.5));
#5857 = PCURVE('',#4620,#5858);
#5858 = DEFINITIONAL_REPRESENTATION('',(#5859),#5863);
#5859 = LINE('',#5860,#5861);
#5860 = CARTESIAN_POINT('',(25.,-6.394884621841E-14));
#5861 = VECTOR('',#5862,1.);
#5862 = DIRECTION('',(-5.551115123126E-17,1.));
#5863 = ( GEOMETRIC_REPRESENTATION_CONTEXT(2) 
PARAMETRIC_REPRESENTATION_CONTEXT() REPRESENTATION_CONTEXT('2D SPACE',''
  ) );
#5864 = PCURVE('',#5735,#5865);
#5865 = DEFINITIONAL_REPRESENTATION('',(#5866),#5870);
#5866 = LINE('',#5867,#5868);
#5867 = CARTESIAN_POINT('',(0.,0.));
#5868 = VECTOR('',#5869,1.);
#5869 = DIRECTION('',(0.,-1.));
#5870 = ( GEOMETRIC_REPRESENTATION_CONTEXT(2) 
PARAMETRIC_REPRESENTATION_CONTEXT() REPRESENTATION_CONTEXT('2D SPACE',''
  ) );
#5871 = ADVANCED_FACE('',(#5872),#4687,.T.);
#5872 = FACE_BOUND('',#5873,.T.);
#5873 = EDGE_LOOP('',(#5874,#5897,#5898,#5921));
#5874 = ORIENTED_EDGE('',*,*,#5875,.F.);
#5875 = EDGE_CURVE('',#4667,#5876,#5878,.T.);
#5876 = VERTEX_POINT('',#5877);
#5877 = CARTESIAN_POINT('',(258.03262770566,35.220049309306,
    -39.63397459621));
#5878 = SURFACE_CURVE('',#5879,(#5883,#5890),.PCURVE_S1.);
#5879 = LINE('',#5880,#5881);
#5880 = CARTESIAN_POINT('',(263.59565105457,10.84685150476,
    -39.63397459621));
#5881 = VECTOR('',#5882,1.);
#5882 = DIRECTION('',(-0.222520933956,0.974927912182,0.));
#5883 = PCURVE('',#4687,#5884);
#5884 = DEFINITIONAL_REPRESENTATION('',(#5885),#5889);
#5885 = LINE('',#5886,#5887);
#5886 = CARTESIAN_POINT('',(-2.509104035653E-14,10.));
#5887 = VECTOR('',#5888,1.);
#5888 = DIRECTION('',(1.,0.));
#5889 = ( GEOMETRIC_REPRESENTATION_CONTEXT(2) 
PARAMETRIC_REPRESENTATION_CONTEXT() REPRESENTATION_CONTEXT('2D SPACE',''
  ) );
#5890 = PCURVE('',#4782,#5891);
#5891 = DEFINITIONAL_REPRESENTATION('',(#5892),#5896);
#5892 = LINE('',#5893,#5894);
#5893 = CARTESIAN_POINT('',(2.,3.316791286068E-14));
#5894 = VECTOR('',#5895,1.);
#5895 = DIRECTION('',(0.,1.));
#5896 = ( GEOMETRIC_REPRESENTATION_CONTEXT(2) 
PARAMETRIC_REPRESENTATION_CONTEXT() REPRESENTATION_CONTEXT('2D SPACE',''
  ) );
#5897 = ORIENTED_EDGE('',*,*,#4664,.F.);
#5898 = ORIENTED_EDGE('',*,*,#5899,.T.);
#5899 = EDGE_CURVE('',#4665,#5900,#5902,.T.);
#5900 = VERTEX_POINT('',#5901);
#5901 = CARTESIAN_POINT('',(266.47575109374,37.147137126106,
    -44.63397459621));
#5902 = SURFACE_CURVE('',#5903,(#5907,#5914),.PCURVE_S1.);
#5903 = LINE('',#5904,#5905);
#5904 = CARTESIAN_POINT('',(272.03877444265,12.77393932156,
    -44.63397459621));
#5905 = VECTOR('',#5906,1.);
#5906 = DIRECTION('',(-0.222520933956,0.974927912182,0.));
#5907 = PCURVE('',#4687,#5908);
#5908 = DEFINITIONAL_REPRESENTATION('',(#5909),#5913);
#5909 = LINE('',#5910,#5911);
#5910 = CARTESIAN_POINT('',(0.,0.));
#5911 = VECTOR('',#5912,1.);
#5912 = DIRECTION('',(1.,0.));
#5913 = ( GEOMETRIC_REPRESENTATION_CONTEXT(2) 
PARAMETRIC_REPRESENTATION_CONTEXT() REPRESENTATION_CONTEXT('2D SPACE',''
  ) );
#5914 = PCURVE('',#4719,#5915);
#5915 = DEFINITIONAL_REPRESENTATION('',(#5916),#5920);
#5916 = LINE('',#5917,#5918);
#5917 = CARTESIAN_POINT('',(2.,1.01307850997E-14));
#5918 = VECTOR('',#5919,1.);
#5919 = DIRECTION('',(0.,1.));
#5920 = ( GEOMETRIC_REPRESENTATION_CONTEXT(2) 
PARAMETRIC_REPRESENTATION_CONTEXT() REPRESENTATION_CONTEXT('2D SPACE',''
  ) );
#5921 = ORIENTED_EDGE('',*,*,#5922,.T.);
#5922 = EDGE_CURVE('',#5900,#5876,#5923,.T.);
#5923 = SURFACE_CURVE('',#5924,(#5928,#5935),.PCURVE_S1.);
#5924 = LINE('',#5925,#5926);
#5925 = CARTESIAN_POINT('',(266.47575109374,37.147137126106,
    -44.63397459621));
#5926 = VECTOR('',#5927,1.);
#5927 = DIRECTION('',(-0.844312338808,-0.19270878168,0.5));
#5928 = PCURVE('',#4687,#5929);
#5929 = DEFINITIONAL_REPRESENTATION('',(#5930),#5934);
#5930 = LINE('',#5931,#5932);
#5931 = CARTESIAN_POINT('',(25.,-2.6645352591E-15));
#5932 = VECTOR('',#5933,1.);
#5933 = DIRECTION('',(0.,1.));
#5934 = ( GEOMETRIC_REPRESENTATION_CONTEXT(2) 
PARAMETRIC_REPRESENTATION_CONTEXT() REPRESENTATION_CONTEXT('2D SPACE',''
  ) );
#5935 = PCURVE('',#5936,#5941);
#5936 = PLANE('',#5937);
#5937 = AXIS2_PLACEMENT_3D('',#5938,#5939,#5940);
#5938 = CARTESIAN_POINT('',(265.50082318156,36.924616192149,
    -46.36602540378));
#5939 = DIRECTION('',(-0.222520933956,0.974927912182,0.));
#5940 = DIRECTION('',(0.487463956091,0.111260466978,0.866025403784));
#5941 = DEFINITIONAL_REPRESENTATION('',(#5942),#5946);
#5942 = LINE('',#5943,#5944);
#5943 = CARTESIAN_POINT('',(2.,1.265654248073E-14));
#5944 = VECTOR('',#5945,1.);
#5945 = DIRECTION('',(0.,-1.));
#5946 = ( GEOMETRIC_REPRESENTATION_CONTEXT(2) 
PARAMETRIC_REPRESENTATION_CONTEXT() REPRESENTATION_CONTEXT('2D SPACE',''
  ) );
#5947 = ADVANCED_FACE('',(#5948),#4719,.F.);
#5948 = FACE_BOUND('',#5949,.F.);
#5949 = EDGE_LOOP('',(#5950,#5973,#5974,#5975));
#5950 = ORIENTED_EDGE('',*,*,#5951,.F.);
#5951 = EDGE_CURVE('',#4700,#5952,#5954,.T.);
#5952 = VERTEX_POINT('',#5953);
#5953 = CARTESIAN_POINT('',(265.50082318156,36.924616192149,
    -46.36602540378));
#5954 = SURFACE_CURVE('',#5955,(#5959,#5966),.PCURVE_S1.);
#5955 = LINE('',#5956,#5957);
#5956 = CARTESIAN_POINT('',(271.06384653047,12.551418387604,
    -46.36602540378));
#5957 = VECTOR('',#5958,1.);
#5958 = DIRECTION('',(-0.222520933956,0.974927912182,0.));
#5959 = PCURVE('',#4719,#5960);
#5960 = DEFINITIONAL_REPRESENTATION('',(#5961),#5965);
#5961 = LINE('',#5962,#5963);
#5962 = CARTESIAN_POINT('',(0.,0.));
#5963 = VECTOR('',#5964,1.);
#5964 = DIRECTION('',(0.,1.));
#5965 = ( GEOMETRIC_REPRESENTATION_CONTEXT(2) 
PARAMETRIC_REPRESENTATION_CONTEXT() REPRESENTATION_CONTEXT('2D SPACE',''
  ) );
#5966 = PCURVE('',#4752,#5967);
#5967 = DEFINITIONAL_REPRESENTATION('',(#5968),#5972);
#5968 = LINE('',#5969,#5970);
#5969 = CARTESIAN_POINT('',(0.,0.));
#5970 = VECTOR('',#5971,1.);
#5971 = DIRECTION('',(1.,0.));
#5972 = ( GEOMETRIC_REPRESENTATION_CONTEXT(2) 
PARAMETRIC_REPRESENTATION_CONTEXT() REPRESENTATION_CONTEXT('2D SPACE',''
  ) );
#5973 = ORIENTED_EDGE('',*,*,#4699,.F.);
#5974 = ORIENTED_EDGE('',*,*,#5899,.T.);
#5975 = ORIENTED_EDGE('',*,*,#5976,.F.);
#5976 = EDGE_CURVE('',#5952,#5900,#5977,.T.);
#5977 = SURFACE_CURVE('',#5978,(#5982,#5989),.PCURVE_S1.);
#5978 = LINE('',#5979,#5980);
#5979 = CARTESIAN_POINT('',(265.50082318156,36.924616192149,
    -46.36602540378));
#5980 = VECTOR('',#5981,1.);
#5981 = DIRECTION('',(0.487463956091,0.111260466978,0.866025403784));
#5982 = PCURVE('',#4719,#5983);
#5983 = DEFINITIONAL_REPRESENTATION('',(#5984),#5988);
#5984 = LINE('',#5985,#5986);
#5985 = CARTESIAN_POINT('',(8.881784197001E-16,25.));
#5986 = VECTOR('',#5987,1.);
#5987 = DIRECTION('',(1.,0.));
#5988 = ( GEOMETRIC_REPRESENTATION_CONTEXT(2) 
PARAMETRIC_REPRESENTATION_CONTEXT() REPRESENTATION_CONTEXT('2D SPACE',''
  ) );
#5989 = PCURVE('',#5936,#5990);
#5990 = DEFINITIONAL_REPRESENTATION('',(#5991),#5995);
#5991 = LINE('',#5992,#5993);
#5992 = CARTESIAN_POINT('',(0.,0.));
#5993 = VECTOR('',#5994,1.);
#5994 = DIRECTION('',(1.,0.));
#5995 = ( GEOMETRIC_REPRESENTATION_CONTEXT(2) 
PARAMETRIC_REPRESENTATION_CONTEXT() REPRESENTATION_CONTEXT('2D SPACE',''
  ) );
#5996 = ADVANCED_FACE('',(#5997),#4782,.T.);
#5997 = FACE_BOUND('',#5998,.T.);
#5998 = EDGE_LOOP('',(#5999,#6022,#6023,#6024));
#5999 = ORIENTED_EDGE('',*,*,#6000,.F.);
#6000 = EDGE_CURVE('',#4732,#6001,#6003,.T.);
#6001 = VERTEX_POINT('',#6002);
#6002 = CARTESIAN_POINT('',(257.05769979348,34.997528375349,
    -41.36602540378));
#6003 = SURFACE_CURVE('',#6004,(#6008,#6015),.PCURVE_S1.);
#6004 = LINE('',#6005,#6006);
#6005 = CARTESIAN_POINT('',(262.62072314239,10.624330570804,
    -41.36602540378));
#6006 = VECTOR('',#6007,1.);
#6007 = DIRECTION('',(-0.222520933956,0.974927912182,0.));
#6008 = PCURVE('',#4782,#6009);
#6009 = DEFINITIONAL_REPRESENTATION('',(#6010),#6014);
#6010 = LINE('',#6011,#6012);
#6011 = CARTESIAN_POINT('',(0.,0.));
#6012 = VECTOR('',#6013,1.);
#6013 = DIRECTION('',(0.,1.));
#6014 = ( GEOMETRIC_REPRESENTATION_CONTEXT(2) 
PARAMETRIC_REPRESENTATION_CONTEXT() REPRESENTATION_CONTEXT('2D SPACE',''
  ) );
#6015 = PCURVE('',#4752,#6016);
#6016 = DEFINITIONAL_REPRESENTATION('',(#6017),#6021);
#6017 = LINE('',#6018,#6019);
#6018 = CARTESIAN_POINT('',(-4.130029651606E-14,10.));
#6019 = VECTOR('',#6020,1.);
#6020 = DIRECTION('',(1.,0.));
#6021 = ( GEOMETRIC_REPRESENTATION_CONTEXT(2) 
PARAMETRIC_REPRESENTATION_CONTEXT() REPRESENTATION_CONTEXT('2D SPACE',''
  ) );
#6022 = ORIENTED_EDGE('',*,*,#4764,.F.);
#6023 = ORIENTED_EDGE('',*,*,#5875,.T.);
#6024 = ORIENTED_EDGE('',*,*,#6025,.F.);
#6025 = EDGE_CURVE('',#6001,#5876,#6026,.T.);
#6026 = SURFACE_CURVE('',#6027,(#6031,#6038),.PCURVE_S1.);
#6027 = LINE('',#6028,#6029);
#6028 = CARTESIAN_POINT('',(257.05769979348,34.997528375349,
    -41.36602540378));
#6029 = VECTOR('',#6030,1.);
#6030 = DIRECTION('',(0.487463956091,0.111260466978,0.866025403784));
#6031 = PCURVE('',#4782,#6032);
#6032 = DEFINITIONAL_REPRESENTATION('',(#6033),#6037);
#6033 = LINE('',#6034,#6035);
#6034 = CARTESIAN_POINT('',(-1.668408494988E-14,25.));
#6035 = VECTOR('',#6036,1.);
#6036 = DIRECTION('',(1.,0.));
#6037 = ( GEOMETRIC_REPRESENTATION_CONTEXT(2) 
PARAMETRIC_REPRESENTATION_CONTEXT() REPRESENTATION_CONTEXT('2D SPACE',''
  ) );
#6038 = PCURVE('',#5936,#6039);
#6039 = DEFINITIONAL_REPRESENTATION('',(#6040),#6044);
#6040 = LINE('',#6041,#6042);
#6041 = CARTESIAN_POINT('',(-1.59872115546E-14,-10.));
#6042 = VECTOR('',#6043,1.);
#6043 = DIRECTION('',(1.,0.));
#6044 = ( GEOMETRIC_REPRESENTATION_CONTEXT(2) 
PARAMETRIC_REPRESENTATION_CONTEXT() REPRESENTATION_CONTEXT('2D SPACE',''
  ) );
#6045 = ADVANCED_FACE('',(#6046),#4752,.F.);
#6046 = FACE_BOUND('',#6047,.F.);
#6047 = EDGE_LOOP('',(#6048,#6049,#6050,#6051));
#6048 = ORIENTED_EDGE('',*,*,#6000,.F.);
#6049 = ORIENTED_EDGE('',*,*,#4731,.F.);
#6050 = ORIENTED_EDGE('',*,*,#5951,.T.);
#6051 = ORIENTED_EDGE('',*,*,#6052,.T.);
#6052 = EDGE_CURVE('',#5952,#6001,#6053,.T.);
#6053 = SURFACE_CURVE('',#6054,(#6058,#6065),.PCURVE_S1.);
#6054 = LINE('',#6055,#6056);
#6055 = CARTESIAN_POINT('',(265.50082318156,36.924616192149,
    -46.36602540378));
#6056 = VECTOR('',#6057,1.);
#6057 = DIRECTION('',(-0.844312338808,-0.19270878168,0.5));
#6058 = PCURVE('',#4752,#6059);
#6059 = DEFINITIONAL_REPRESENTATION('',(#6060),#6064);
#6060 = LINE('',#6061,#6062);
#6061 = CARTESIAN_POINT('',(25.,-2.6645352591E-15));
#6062 = VECTOR('',#6063,1.);
#6063 = DIRECTION('',(0.,1.));
#6064 = ( GEOMETRIC_REPRESENTATION_CONTEXT(2) 
PARAMETRIC_REPRESENTATION_CONTEXT() REPRESENTATION_CONTEXT('2D SPACE',''
  ) );
#6065 = PCURVE('',#5936,#6066);
#6066 = DEFINITIONAL_REPRESENTATION('',(#6067),#6071);
#6067 = LINE('',#6068,#6069);
#6068 = CARTESIAN_POINT('',(0.,0.));
#6069 = VECTOR('',#6070,1.);
#6070 = DIRECTION('',(0.,-1.));
#6071 = ( GEOMETRIC_REPRESENTATION_CONTEXT(2) 
PARAMETRIC_REPRESENTATION_CONTEXT() REPRESENTATION_CONTEXT('2D SPACE',''
  ) );
#6072 = ADVANCED_FACE('',(#6073),#4819,.T.);
#6073 = FACE_BOUND('',#6074,.T.);
#6074 = EDGE_LOOP('',(#6075,#6098,#6099,#6122));
#6075 = ORIENTED_EDGE('',*,*,#6076,.F.);
#6076 = EDGE_CURVE('',#4799,#6077,#6079,.T.);
#6077 = VERTEX_POINT('',#6078);
#6078 = CARTESIAN_POINT('',(235.00232205534,12.602873143189,
    -39.63397459621));
#6079 = SURFACE_CURVE('',#6080,(#6084,#6091),.PCURVE_S1.);
#6080 = LINE('',#6081,#6082);
#6081 = CARTESIAN_POINT('',(257.5265437529,1.75577966525,-39.63397459621
    ));
#6082 = VECTOR('',#6083,1.);
#6083 = DIRECTION('',(-0.900968867902,0.433883739118,0.));
#6084 = PCURVE('',#4819,#6085);
#6085 = DEFINITIONAL_REPRESENTATION('',(#6086),#6090);
#6086 = LINE('',#6087,#6088);
#6087 = CARTESIAN_POINT('',(-6.217248937901E-14,10.));
#6088 = VECTOR('',#6089,1.);
#6089 = DIRECTION('',(1.,0.));
#6090 = ( GEOMETRIC_REPRESENTATION_CONTEXT(2) 
PARAMETRIC_REPRESENTATION_CONTEXT() REPRESENTATION_CONTEXT('2D SPACE',''
  ) );
#6091 = PCURVE('',#4914,#6092);
#6092 = DEFINITIONAL_REPRESENTATION('',(#6093),#6097);
#6093 = LINE('',#6094,#6095);
#6094 = CARTESIAN_POINT('',(2.,-6.084022174946E-14));
#6095 = VECTOR('',#6096,1.);
#6096 = DIRECTION('',(0.,1.));
#6097 = ( GEOMETRIC_REPRESENTATION_CONTEXT(2) 
PARAMETRIC_REPRESENTATION_CONTEXT() REPRESENTATION_CONTEXT('2D SPACE',''
  ) );
#6098 = ORIENTED_EDGE('',*,*,#4796,.F.);
#6099 = ORIENTED_EDGE('',*,*,#6100,.T.);
#6100 = EDGE_CURVE('',#4797,#6101,#6103,.T.);
#6101 = VERTEX_POINT('',#6102);
#6102 = CARTESIAN_POINT('',(238.75986545899,20.405492419413,
    -44.63397459621));
#6103 = SURFACE_CURVE('',#6104,(#6108,#6115),.PCURVE_S1.);
#6104 = LINE('',#6105,#6106);
#6105 = CARTESIAN_POINT('',(261.28408715655,9.558398941474,
    -44.63397459621));
#6106 = VECTOR('',#6107,1.);
#6107 = DIRECTION('',(-0.900968867902,0.433883739118,0.));
#6108 = PCURVE('',#4819,#6109);
#6109 = DEFINITIONAL_REPRESENTATION('',(#6110),#6114);
#6110 = LINE('',#6111,#6112);
#6111 = CARTESIAN_POINT('',(0.,0.));
#6112 = VECTOR('',#6113,1.);
#6113 = DIRECTION('',(1.,0.));
#6114 = ( GEOMETRIC_REPRESENTATION_CONTEXT(2) 
PARAMETRIC_REPRESENTATION_CONTEXT() REPRESENTATION_CONTEXT('2D SPACE',''
  ) );
#6115 = PCURVE('',#4851,#6116);
#6116 = DEFINITIONAL_REPRESENTATION('',(#6117),#6121);
#6117 = LINE('',#6118,#6119);
#6118 = CARTESIAN_POINT('',(2.,5.589972928988E-14));
#6119 = VECTOR('',#6120,1.);
#6120 = DIRECTION('',(0.,1.));
#6121 = ( GEOMETRIC_REPRESENTATION_CONTEXT(2) 
PARAMETRIC_REPRESENTATION_CONTEXT() REPRESENTATION_CONTEXT('2D SPACE',''
  ) );
#6122 = ORIENTED_EDGE('',*,*,#6123,.T.);
#6123 = EDGE_CURVE('',#6101,#6077,#6124,.T.);
#6124 = SURFACE_CURVE('',#6125,(#6129,#6136),.PCURVE_S1.);
#6125 = LINE('',#6126,#6127);
#6126 = CARTESIAN_POINT('',(238.75986545899,20.405492419413,
    -44.63397459621));
#6127 = VECTOR('',#6128,1.);
#6128 = DIRECTION('',(-0.375754340365,-0.780261927622,0.5));
#6129 = PCURVE('',#4819,#6130);
#6130 = DEFINITIONAL_REPRESENTATION('',(#6131),#6135);
#6131 = LINE('',#6132,#6133);
#6132 = CARTESIAN_POINT('',(25.,-1.06581410364E-14));
#6133 = VECTOR('',#6134,1.);
#6134 = DIRECTION('',(0.,1.));
#6135 = ( GEOMETRIC_REPRESENTATION_CONTEXT(2) 
PARAMETRIC_REPRESENTATION_CONTEXT() REPRESENTATION_CONTEXT('2D SPACE',''
  ) );
#6136 = PCURVE('',#6137,#6142);
#6137 = PLANE('',#6138);
#6138 = AXIS2_PLACEMENT_3D('',#6139,#6140,#6141);
#6139 = CARTESIAN_POINT('',(238.32598171987,19.50452355151,
    -46.36602540378));
#6140 = DIRECTION('',(-0.900968867902,0.433883739118,0.));
#6141 = DIRECTION('',(0.216941869559,0.450484433951,0.866025403784));
#6142 = DEFINITIONAL_REPRESENTATION('',(#6143),#6147);
#6143 = LINE('',#6144,#6145);
#6144 = CARTESIAN_POINT('',(2.,1.143529715364E-14));
#6145 = VECTOR('',#6146,1.);
#6146 = DIRECTION('',(0.,-1.));
#6147 = ( GEOMETRIC_REPRESENTATION_CONTEXT(2) 
PARAMETRIC_REPRESENTATION_CONTEXT() REPRESENTATION_CONTEXT('2D SPACE',''
  ) );
#6148 = ADVANCED_FACE('',(#6149),#4851,.F.);
#6149 = FACE_BOUND('',#6150,.F.);
#6150 = EDGE_LOOP('',(#6151,#6174,#6175,#6176));
#6151 = ORIENTED_EDGE('',*,*,#6152,.F.);
#6152 = EDGE_CURVE('',#4832,#6153,#6155,.T.);
#6153 = VERTEX_POINT('',#6154);
#6154 = CARTESIAN_POINT('',(238.32598171987,19.50452355151,
    -46.36602540378));
#6155 = SURFACE_CURVE('',#6156,(#6160,#6167),.PCURVE_S1.);
#6156 = LINE('',#6157,#6158);
#6157 = CARTESIAN_POINT('',(260.85020341743,8.657430073571,
    -46.36602540378));
#6158 = VECTOR('',#6159,1.);
#6159 = DIRECTION('',(-0.900968867902,0.433883739118,0.));
#6160 = PCURVE('',#4851,#6161);
#6161 = DEFINITIONAL_REPRESENTATION('',(#6162),#6166);
#6162 = LINE('',#6163,#6164);
#6163 = CARTESIAN_POINT('',(0.,0.));
#6164 = VECTOR('',#6165,1.);
#6165 = DIRECTION('',(0.,1.));
#6166 = ( GEOMETRIC_REPRESENTATION_CONTEXT(2) 
PARAMETRIC_REPRESENTATION_CONTEXT() REPRESENTATION_CONTEXT('2D SPACE',''
  ) );
#6167 = PCURVE('',#4884,#6168);
#6168 = DEFINITIONAL_REPRESENTATION('',(#6169),#6173);
#6169 = LINE('',#6170,#6171);
#6170 = CARTESIAN_POINT('',(0.,0.));
#6171 = VECTOR('',#6172,1.);
#6172 = DIRECTION('',(1.,0.));
#6173 = ( GEOMETRIC_REPRESENTATION_CONTEXT(2) 
PARAMETRIC_REPRESENTATION_CONTEXT() REPRESENTATION_CONTEXT('2D SPACE',''
  ) );
#6174 = ORIENTED_EDGE('',*,*,#4831,.F.);
#6175 = ORIENTED_EDGE('',*,*,#6100,.T.);
#6176 = ORIENTED_EDGE('',*,*,#6177,.F.);
#6177 = EDGE_CURVE('',#6153,#6101,#6178,.T.);
#6178 = SURFACE_CURVE('',#6179,(#6183,#6190),.PCURVE_S1.);
#6179 = LINE('',#6180,#6181);
#6180 = CARTESIAN_POINT('',(238.32598171987,19.50452355151,
    -46.36602540378));
#6181 = VECTOR('',#6182,1.);
#6182 = DIRECTION('',(0.216941869559,0.450484433951,0.866025403784));
#6183 = PCURVE('',#4851,#6184);
#6184 = DEFINITIONAL_REPRESENTATION('',(#6185),#6189);
#6185 = LINE('',#6186,#6187);
#6186 = CARTESIAN_POINT('',(-1.763603171106E-14,25.));
#6187 = VECTOR('',#6188,1.);
#6188 = DIRECTION('',(1.,0.));
#6189 = ( GEOMETRIC_REPRESENTATION_CONTEXT(2) 
PARAMETRIC_REPRESENTATION_CONTEXT() REPRESENTATION_CONTEXT('2D SPACE',''
  ) );
#6190 = PCURVE('',#6137,#6191);
#6191 = DEFINITIONAL_REPRESENTATION('',(#6192),#6196);
#6192 = LINE('',#6193,#6194);
#6193 = CARTESIAN_POINT('',(0.,0.));
#6194 = VECTOR('',#6195,1.);
#6195 = DIRECTION('',(1.,0.));
#6196 = ( GEOMETRIC_REPRESENTATION_CONTEXT(2) 
PARAMETRIC_REPRESENTATION_CONTEXT() REPRESENTATION_CONTEXT('2D SPACE',''
  ) );
#6197 = ADVANCED_FACE('',(#6198),#4914,.T.);
#6198 = FACE_BOUND('',#6199,.T.);
#6199 = EDGE_LOOP('',(#6200,#6223,#6224,#6225));
#6200 = ORIENTED_EDGE('',*,*,#6201,.F.);
#6201 = EDGE_CURVE('',#4864,#6202,#6204,.T.);
#6202 = VERTEX_POINT('',#6203);
#6203 = CARTESIAN_POINT('',(234.56843831622,11.701904275286,
    -41.36602540378));
#6204 = SURFACE_CURVE('',#6205,(#6209,#6216),.PCURVE_S1.);
#6205 = LINE('',#6206,#6207);
#6206 = CARTESIAN_POINT('',(257.09266001378,0.854810797347,
    -41.36602540378));
#6207 = VECTOR('',#6208,1.);
#6208 = DIRECTION('',(-0.900968867902,0.433883739118,0.));
#6209 = PCURVE('',#4914,#6210);
#6210 = DEFINITIONAL_REPRESENTATION('',(#6211),#6215);
#6211 = LINE('',#6212,#6213);
#6212 = CARTESIAN_POINT('',(0.,0.));
#6213 = VECTOR('',#6214,1.);
#6214 = DIRECTION('',(0.,1.));
#6215 = ( GEOMETRIC_REPRESENTATION_CONTEXT(2) 
PARAMETRIC_REPRESENTATION_CONTEXT() REPRESENTATION_CONTEXT('2D SPACE',''
  ) );
#6216 = PCURVE('',#4884,#6217);
#6217 = DEFINITIONAL_REPRESENTATION('',(#6218),#6222);
#6218 = LINE('',#6219,#6220);
#6219 = CARTESIAN_POINT('',(4.529709940471E-14,10.));
#6220 = VECTOR('',#6221,1.);
#6221 = DIRECTION('',(1.,0.));
#6222 = ( GEOMETRIC_REPRESENTATION_CONTEXT(2) 
PARAMETRIC_REPRESENTATION_CONTEXT() REPRESENTATION_CONTEXT('2D SPACE',''
  ) );
#6223 = ORIENTED_EDGE('',*,*,#4896,.F.);
#6224 = ORIENTED_EDGE('',*,*,#6076,.T.);
#6225 = ORIENTED_EDGE('',*,*,#6226,.F.);
#6226 = EDGE_CURVE('',#6202,#6077,#6227,.T.);
#6227 = SURFACE_CURVE('',#6228,(#6232,#6239),.PCURVE_S1.);
#6228 = LINE('',#6229,#6230);
#6229 = CARTESIAN_POINT('',(234.56843831622,11.701904275286,
    -41.36602540378));
#6230 = VECTOR('',#6231,1.);
#6231 = DIRECTION('',(0.216941869559,0.450484433951,0.866025403784));
#6232 = PCURVE('',#4914,#6233);
#6233 = DEFINITIONAL_REPRESENTATION('',(#6234),#6238);
#6234 = LINE('',#6235,#6236);
#6235 = CARTESIAN_POINT('',(-8.818015855528E-15,25.));
#6236 = VECTOR('',#6237,1.);
#6237 = DIRECTION('',(1.,0.));
#6238 = ( GEOMETRIC_REPRESENTATION_CONTEXT(2) 
PARAMETRIC_REPRESENTATION_CONTEXT() REPRESENTATION_CONTEXT('2D SPACE',''
  ) );
#6239 = PCURVE('',#6137,#6240);
#6240 = DEFINITIONAL_REPRESENTATION('',(#6241),#6245);
#6241 = LINE('',#6242,#6243);
#6242 = CARTESIAN_POINT('',(8.881784197001E-16,-10.));
#6243 = VECTOR('',#6244,1.);
#6244 = DIRECTION('',(1.,0.));
#6245 = ( GEOMETRIC_REPRESENTATION_CONTEXT(2) 
PARAMETRIC_REPRESENTATION_CONTEXT() REPRESENTATION_CONTEXT('2D SPACE',''
  ) );
#6246 = ADVANCED_FACE('',(#6247),#4884,.F.);
#6247 = FACE_BOUND('',#6248,.F.);
#6248 = EDGE_LOOP('',(#6249,#6250,#6251,#6252));
#6249 = ORIENTED_EDGE('',*,*,#6201,.F.);
#6250 = ORIENTED_EDGE('',*,*,#4863,.F.);
#6251 = ORIENTED_EDGE('',*,*,#6152,.T.);
#6252 = ORIENTED_EDGE('',*,*,#6253,.T.);
#6253 = EDGE_CURVE('',#6153,#6202,#6254,.T.);
#6254 = SURFACE_CURVE('',#6255,(#6259,#6266),.PCURVE_S1.);
#6255 = LINE('',#6256,#6257);
#6256 = CARTESIAN_POINT('',(238.32598171987,19.50452355151,
    -46.36602540378));
#6257 = VECTOR('',#6258,1.);
#6258 = DIRECTION('',(-0.375754340365,-0.780261927622,0.5));
#6259 = PCURVE('',#4884,#6260);
#6260 = DEFINITIONAL_REPRESENTATION('',(#6261),#6265);
#6261 = LINE('',#6262,#6263);
#6262 = CARTESIAN_POINT('',(25.,2.48689957516E-14));
#6263 = VECTOR('',#6264,1.);
#6264 = DIRECTION('',(0.,1.));
#6265 = ( GEOMETRIC_REPRESENTATION_CONTEXT(2) 
PARAMETRIC_REPRESENTATION_CONTEXT() REPRESENTATION_CONTEXT('2D SPACE',''
  ) );
#6266 = PCURVE('',#6137,#6267);
#6267 = DEFINITIONAL_REPRESENTATION('',(#6268),#6272);
#6268 = LINE('',#6269,#6270);
#6269 = CARTESIAN_POINT('',(0.,0.));
#6270 = VECTOR('',#6271,1.);
#6271 = DIRECTION('',(0.,-1.));
#6272 = ( GEOMETRIC_REPRESENTATION_CONTEXT(2) 
PARAMETRIC_REPRESENTATION_CONTEXT() REPRESENTATION_CONTEXT('2D SPACE',''
  ) );
#6273 = ADVANCED_FACE('',(#6274),#4951,.T.);
#6274 = FACE_BOUND('',#6275,.T.);
#6275 = EDGE_LOOP('',(#6276,#6299,#6300,#6323));
#6276 = ORIENTED_EDGE('',*,*,#6277,.F.);
#6277 = EDGE_CURVE('',#4931,#6278,#6280,.T.);
#6278 = VERTEX_POINT('',#6279);
#6279 = CARTESIAN_POINT('',(296.06363655401,-26.53971971519,
    -39.63397459621));
#6280 = SURFACE_CURVE('',#6281,(#6285,#6292),.PCURVE_S1.);
#6281 = LINE('',#6282,#6283);
#6282 = CARTESIAN_POINT('',(280.47639150755,-6.993932653495,
    -39.63397459621));
#6283 = VECTOR('',#6284,1.);
#6284 = DIRECTION('',(0.623489801859,-0.781831482468,0.));
#6285 = PCURVE('',#4951,#6286);
#6286 = DEFINITIONAL_REPRESENTATION('',(#6287),#6291);
#6287 = LINE('',#6288,#6289);
#6288 = CARTESIAN_POINT('',(1.7763568394E-15,10.));
#6289 = VECTOR('',#6290,1.);
#6290 = DIRECTION('',(1.,1.20185167899E-17));
#6291 = ( GEOMETRIC_REPRESENTATION_CONTEXT(2) 
PARAMETRIC_REPRESENTATION_CONTEXT() REPRESENTATION_CONTEXT('2D SPACE',''
  ) );
#6292 = PCURVE('',#5046,#6293);
#6293 = DEFINITIONAL_REPRESENTATION('',(#6294),#6298);
#6294 = LINE('',#6295,#6296);
#6295 = CARTESIAN_POINT('',(2.,-3.991251773527E-14));
#6296 = VECTOR('',#6297,1.);
#6297 = DIRECTION('',(-2.775557561563E-17,1.));
#6298 = ( GEOMETRIC_REPRESENTATION_CONTEXT(2) 
PARAMETRIC_REPRESENTATION_CONTEXT() REPRESENTATION_CONTEXT('2D SPACE',''
  ) );
#6299 = ORIENTED_EDGE('',*,*,#4928,.F.);
#6300 = ORIENTED_EDGE('',*,*,#6301,.T.);
#6301 = EDGE_CURVE('',#4929,#6302,#6304,.T.);
#6302 = VERTEX_POINT('',#6303);
#6303 = CARTESIAN_POINT('',(289.29277730106,-31.93929978929,
    -44.63397459621));
#6304 = SURFACE_CURVE('',#6305,(#6309,#6316),.PCURVE_S1.);
#6305 = LINE('',#6306,#6307);
#6306 = CARTESIAN_POINT('',(273.70553225459,-12.39351272759,
    -44.63397459621));
#6307 = VECTOR('',#6308,1.);
#6308 = DIRECTION('',(0.623489801859,-0.781831482468,0.));
#6309 = PCURVE('',#4951,#6310);
#6310 = DEFINITIONAL_REPRESENTATION('',(#6311),#6315);
#6311 = LINE('',#6312,#6313);
#6312 = CARTESIAN_POINT('',(0.,0.));
#6313 = VECTOR('',#6314,1.);
#6314 = DIRECTION('',(1.,1.20185167899E-17));
#6315 = ( GEOMETRIC_REPRESENTATION_CONTEXT(2) 
PARAMETRIC_REPRESENTATION_CONTEXT() REPRESENTATION_CONTEXT('2D SPACE',''
  ) );
#6316 = PCURVE('',#4983,#6317);
#6317 = DEFINITIONAL_REPRESENTATION('',(#6318),#6322);
#6318 = LINE('',#6319,#6320);
#6319 = CARTESIAN_POINT('',(2.,-3.991251773527E-14));
#6320 = VECTOR('',#6321,1.);
#6321 = DIRECTION('',(-2.775557561563E-17,1.));
#6322 = ( GEOMETRIC_REPRESENTATION_CONTEXT(2) 
PARAMETRIC_REPRESENTATION_CONTEXT() REPRESENTATION_CONTEXT('2D SPACE',''
  ) );
#6323 = ORIENTED_EDGE('',*,*,#6324,.T.);
#6324 = EDGE_CURVE('',#6302,#6278,#6325,.T.);
#6325 = SURFACE_CURVE('',#6326,(#6330,#6337),.PCURVE_S1.);
#6326 = LINE('',#6327,#6328);
#6327 = CARTESIAN_POINT('',(289.29277730106,-31.93929978929,
    -44.63397459621));
#6328 = VECTOR('',#6329,1.);
#6329 = DIRECTION('',(0.677085925296,0.53995800741,0.5));
#6330 = PCURVE('',#4951,#6331);
#6331 = DEFINITIONAL_REPRESENTATION('',(#6332),#6336);
#6332 = LINE('',#6333,#6334);
#6333 = CARTESIAN_POINT('',(25.,2.13162820728E-14));
#6334 = VECTOR('',#6335,1.);
#6335 = DIRECTION('',(0.,1.));
#6336 = ( GEOMETRIC_REPRESENTATION_CONTEXT(2) 
PARAMETRIC_REPRESENTATION_CONTEXT() REPRESENTATION_CONTEXT('2D SPACE',''
  ) );
#6337 = PCURVE('',#6338,#6343);
#6338 = PLANE('',#6339);
#6339 = AXIS2_PLACEMENT_3D('',#6340,#6341,#6342);
#6340 = CARTESIAN_POINT('',(290.07460878352,-31.31580998743,
    -46.36602540378));
#6341 = DIRECTION('',(0.623489801859,-0.781831482468,0.));
#6342 = DIRECTION('',(-0.390915741234,-0.311744900929,0.866025403784));
#6343 = DEFINITIONAL_REPRESENTATION('',(#6344),#6348);
#6344 = LINE('',#6345,#6346);
#6345 = CARTESIAN_POINT('',(2.,-8.881784197001E-15));
#6346 = VECTOR('',#6347,1.);
#6347 = DIRECTION('',(0.,-1.));
#6348 = ( GEOMETRIC_REPRESENTATION_CONTEXT(2) 
PARAMETRIC_REPRESENTATION_CONTEXT() REPRESENTATION_CONTEXT('2D SPACE',''
  ) );
#6349 = ADVANCED_FACE('',(#6350),#5046,.T.);
#6350 = FACE_BOUND('',#6351,.T.);
#6351 = EDGE_LOOP('',(#6352,#6375,#6376,#6377));
#6352 = ORIENTED_EDGE('',*,*,#6353,.F.);
#6353 = EDGE_CURVE('',#4996,#6354,#6356,.T.);
#6354 = VERTEX_POINT('',#6355);
#6355 = CARTESIAN_POINT('',(296.84546803648,-25.91622991333,
    -41.36602540378));
#6356 = SURFACE_CURVE('',#6357,(#6361,#6368),.PCURVE_S1.);
#6357 = LINE('',#6358,#6359);
#6358 = CARTESIAN_POINT('',(281.25822299001,-6.370442851636,
    -41.36602540378));
#6359 = VECTOR('',#6360,1.);
#6360 = DIRECTION('',(0.623489801859,-0.781831482468,0.));
#6361 = PCURVE('',#5046,#6362);
#6362 = DEFINITIONAL_REPRESENTATION('',(#6363),#6367);
#6363 = LINE('',#6364,#6365);
#6364 = CARTESIAN_POINT('',(0.,0.));
#6365 = VECTOR('',#6366,1.);
#6366 = DIRECTION('',(-2.775557561563E-17,1.));
#6367 = ( GEOMETRIC_REPRESENTATION_CONTEXT(2) 
PARAMETRIC_REPRESENTATION_CONTEXT() REPRESENTATION_CONTEXT('2D SPACE',''
  ) );
#6368 = PCURVE('',#5016,#6369);
#6369 = DEFINITIONAL_REPRESENTATION('',(#6370),#6374);
#6370 = LINE('',#6371,#6372);
#6371 = CARTESIAN_POINT('',(1.7763568394E-15,10.));
#6372 = VECTOR('',#6373,1.);
#6373 = DIRECTION('',(1.,1.20185167899E-17));
#6374 = ( GEOMETRIC_REPRESENTATION_CONTEXT(2) 
PARAMETRIC_REPRESENTATION_CONTEXT() REPRESENTATION_CONTEXT('2D SPACE',''
  ) );
#6375 = ORIENTED_EDGE('',*,*,#5028,.F.);
#6376 = ORIENTED_EDGE('',*,*,#6277,.T.);
#6377 = ORIENTED_EDGE('',*,*,#6378,.F.);
#6378 = EDGE_CURVE('',#6354,#6278,#6379,.T.);
#6379 = SURFACE_CURVE('',#6380,(#6384,#6391),.PCURVE_S1.);
#6380 = LINE('',#6381,#6382);
#6381 = CARTESIAN_POINT('',(296.84546803648,-25.91622991333,
    -41.36602540378));
#6382 = VECTOR('',#6383,1.);
#6383 = DIRECTION('',(-0.390915741234,-0.311744900929,0.866025403784));
#6384 = PCURVE('',#5046,#6385);
#6385 = DEFINITIONAL_REPRESENTATION('',(#6386),#6390);
#6386 = LINE('',#6387,#6388);
#6387 = CARTESIAN_POINT('',(1.325890795403E-14,25.));
#6388 = VECTOR('',#6389,1.);
#6389 = DIRECTION('',(1.,-2.775557561563E-17));
#6390 = ( GEOMETRIC_REPRESENTATION_CONTEXT(2) 
PARAMETRIC_REPRESENTATION_CONTEXT() REPRESENTATION_CONTEXT('2D SPACE',''
  ) );
#6391 = PCURVE('',#6338,#6392);
#6392 = DEFINITIONAL_REPRESENTATION('',(#6393),#6397);
#6393 = LINE('',#6394,#6395);
#6394 = CARTESIAN_POINT('',(8.881784197001E-16,-10.));
#6395 = VECTOR('',#6396,1.);
#6396 = DIRECTION('',(1.,0.));
#6397 = ( GEOMETRIC_REPRESENTATION_CONTEXT(2) 
PARAMETRIC_REPRESENTATION_CONTEXT() REPRESENTATION_CONTEXT('2D SPACE',''
  ) );
#6398 = ADVANCED_FACE('',(#6399),#5016,.F.);
#6399 = FACE_BOUND('',#6400,.F.);
#6400 = EDGE_LOOP('',(#6401,#6402,#6403,#6426));
#6401 = ORIENTED_EDGE('',*,*,#6353,.F.);
#6402 = ORIENTED_EDGE('',*,*,#4995,.F.);
#6403 = ORIENTED_EDGE('',*,*,#6404,.T.);
#6404 = EDGE_CURVE('',#4964,#6405,#6407,.T.);
#6405 = VERTEX_POINT('',#6406);
#6406 = CARTESIAN_POINT('',(290.07460878352,-31.31580998743,
    -46.36602540378));
#6407 = SURFACE_CURVE('',#6408,(#6412,#6419),.PCURVE_S1.);
#6408 = LINE('',#6409,#6410);
#6409 = CARTESIAN_POINT('',(274.48736373706,-11.77002292573,
    -46.36602540378));
#6410 = VECTOR('',#6411,1.);
#6411 = DIRECTION('',(0.623489801859,-0.781831482468,0.));
#6412 = PCURVE('',#5016,#6413);
#6413 = DEFINITIONAL_REPRESENTATION('',(#6414),#6418);
#6414 = LINE('',#6415,#6416);
#6415 = CARTESIAN_POINT('',(0.,0.));
#6416 = VECTOR('',#6417,1.);
#6417 = DIRECTION('',(1.,1.20185167899E-17));
#6418 = ( GEOMETRIC_REPRESENTATION_CONTEXT(2) 
PARAMETRIC_REPRESENTATION_CONTEXT() REPRESENTATION_CONTEXT('2D SPACE',''
  ) );
#6419 = PCURVE('',#4983,#6420);
#6420 = DEFINITIONAL_REPRESENTATION('',(#6421),#6425);
#6421 = LINE('',#6422,#6423);
#6422 = CARTESIAN_POINT('',(0.,0.));
#6423 = VECTOR('',#6424,1.);
#6424 = DIRECTION('',(-2.775557561563E-17,1.));
#6425 = ( GEOMETRIC_REPRESENTATION_CONTEXT(2) 
PARAMETRIC_REPRESENTATION_CONTEXT() REPRESENTATION_CONTEXT('2D SPACE',''
  ) );
#6426 = ORIENTED_EDGE('',*,*,#6427,.T.);
#6427 = EDGE_CURVE('',#6405,#6354,#6428,.T.);
#6428 = SURFACE_CURVE('',#6429,(#6433,#6440),.PCURVE_S1.);
#6429 = LINE('',#6430,#6431);
#6430 = CARTESIAN_POINT('',(290.07460878352,-31.31580998743,
    -46.36602540378));
#6431 = VECTOR('',#6432,1.);
#6432 = DIRECTION('',(0.677085925296,0.53995800741,0.5));
#6433 = PCURVE('',#5016,#6434);
#6434 = DEFINITIONAL_REPRESENTATION('',(#6435),#6439);
#6435 = LINE('',#6436,#6437);
#6436 = CARTESIAN_POINT('',(25.,-2.13162820728E-14));
#6437 = VECTOR('',#6438,1.);
#6438 = DIRECTION('',(0.,1.));
#6439 = ( GEOMETRIC_REPRESENTATION_CONTEXT(2) 
PARAMETRIC_REPRESENTATION_CONTEXT() REPRESENTATION_CONTEXT('2D SPACE',''
  ) );
#6440 = PCURVE('',#6338,#6441);
#6441 = DEFINITIONAL_REPRESENTATION('',(#6442),#6446);
#6442 = LINE('',#6443,#6444);
#6443 = CARTESIAN_POINT('',(0.,-0.));
#6444 = VECTOR('',#6445,1.);
#6445 = DIRECTION('',(0.,-1.));
#6446 = ( GEOMETRIC_REPRESENTATION_CONTEXT(2) 
PARAMETRIC_REPRESENTATION_CONTEXT() REPRESENTATION_CONTEXT('2D SPACE',''
  ) );
#6447 = ADVANCED_FACE('',(#6448),#4983,.F.);
#6448 = FACE_BOUND('',#6449,.F.);
#6449 = EDGE_LOOP('',(#6450,#6451,#6452,#6453));
#6450 = ORIENTED_EDGE('',*,*,#6404,.F.);
#6451 = ORIENTED_EDGE('',*,*,#4963,.F.);
#6452 = ORIENTED_EDGE('',*,*,#6301,.T.);
#6453 = ORIENTED_EDGE('',*,*,#6454,.F.);
#6454 = EDGE_CURVE('',#6405,#6302,#6455,.T.);
#6455 = SURFACE_CURVE('',#6456,(#6460,#6467),.PCURVE_S1.);
#6456 = LINE('',#6457,#6458);
#6457 = CARTESIAN_POINT('',(290.07460878352,-31.31580998743,
    -46.36602540378));
#6458 = VECTOR('',#6459,1.);
#6459 = DIRECTION('',(-0.390915741234,-0.311744900929,0.866025403784));
#6460 = PCURVE('',#4983,#6461);
#6461 = DEFINITIONAL_REPRESENTATION('',(#6462),#6466);
#6462 = LINE('',#6463,#6464);
#6463 = CARTESIAN_POINT('',(1.325890795403E-14,25.));
#6464 = VECTOR('',#6465,1.);
#6465 = DIRECTION('',(1.,-2.775557561563E-17));
#6466 = ( GEOMETRIC_REPRESENTATION_CONTEXT(2) 
PARAMETRIC_REPRESENTATION_CONTEXT() REPRESENTATION_CONTEXT('2D SPACE',''
  ) );
#6467 = PCURVE('',#6338,#6468);
#6468 = DEFINITIONAL_REPRESENTATION('',(#6469),#6473);
#6469 = LINE('',#6470,#6471);
#6470 = CARTESIAN_POINT('',(0.,-0.));
#6471 = VECTOR('',#6472,1.);
#6472 = DIRECTION('',(1.,0.));
#6473 = ( GEOMETRIC_REPRESENTATION_CONTEXT(2) 
PARAMETRIC_REPRESENTATION_CONTEXT() REPRESENTATION_CONTEXT('2D SPACE',''
  ) );
#6474 = ADVANCED_FACE('',(#6475),#5127,.T.);
#6475 = FACE_BOUND('',#6476,.T.);
#6476 = EDGE_LOOP('',(#6477,#6478,#6479,#6480));
#6477 = ORIENTED_EDGE('',*,*,#5167,.F.);
#6478 = ORIENTED_EDGE('',*,*,#5113,.T.);
#6479 = ORIENTED_EDGE('',*,*,#5248,.T.);
#6480 = ORIENTED_EDGE('',*,*,#5217,.F.);
#6481 = ADVANCED_FACE('',(#6482),#5333,.T.);
#6482 = FACE_BOUND('',#6483,.T.);
#6483 = EDGE_LOOP('',(#6484,#6485,#6486,#6487));
#6484 = ORIENTED_EDGE('',*,*,#5373,.F.);
#6485 = ORIENTED_EDGE('',*,*,#5449,.T.);
#6486 = ORIENTED_EDGE('',*,*,#5422,.T.);
#6487 = ORIENTED_EDGE('',*,*,#5319,.F.);
#6488 = ADVANCED_FACE('',(#6489),#5534,.T.);
#6489 = FACE_BOUND('',#6490,.T.);
#6490 = EDGE_LOOP('',(#6491,#6492,#6493,#6494));
#6491 = ORIENTED_EDGE('',*,*,#5574,.F.);
#6492 = ORIENTED_EDGE('',*,*,#5650,.T.);
#6493 = ORIENTED_EDGE('',*,*,#5623,.T.);
#6494 = ORIENTED_EDGE('',*,*,#5520,.F.);
#6495 = ADVANCED_FACE('',(#6496),#5735,.T.);
#6496 = FACE_BOUND('',#6497,.T.);
#6497 = EDGE_LOOP('',(#6498,#6499,#6500,#6501));
#6498 = ORIENTED_EDGE('',*,*,#5775,.F.);
#6499 = ORIENTED_EDGE('',*,*,#5851,.T.);
#6500 = ORIENTED_EDGE('',*,*,#5824,.T.);
#6501 = ORIENTED_EDGE('',*,*,#5721,.F.);
#6502 = ADVANCED_FACE('',(#6503),#5936,.T.);
#6503 = FACE_BOUND('',#6504,.T.);
#6504 = EDGE_LOOP('',(#6505,#6506,#6507,#6508));
#6505 = ORIENTED_EDGE('',*,*,#5976,.F.);
#6506 = ORIENTED_EDGE('',*,*,#6052,.T.);
#6507 = ORIENTED_EDGE('',*,*,#6025,.T.);
#6508 = ORIENTED_EDGE('',*,*,#5922,.F.);
#6509 = ADVANCED_FACE('',(#6510),#6137,.T.);
#6510 = FACE_BOUND('',#6511,.T.);
#6511 = EDGE_LOOP('',(#6512,#6513,#6514,#6515));
#6512 = ORIENTED_EDGE('',*,*,#6177,.F.);
#6513 = ORIENTED_EDGE('',*,*,#6253,.T.);
#6514 = ORIENTED_EDGE('',*,*,#6226,.T.);
#6515 = ORIENTED_EDGE('',*,*,#6123,.F.);
#6516 = ADVANCED_FACE('',(#6517),#6338,.T.);
#6517 = FACE_BOUND('',#6518,.T.);
#6518 = EDGE_LOOP('',(#6519,#6520,#6521,#6522));
#6519 = ORIENTED_EDGE('',*,*,#6454,.F.);
#6520 = ORIENTED_EDGE('',*,*,#6427,.T.);
#6521 = ORIENTED_EDGE('',*,*,#6378,.T.);
#6522 = ORIENTED_EDGE('',*,*,#6324,.F.);
#6523 = ( GEOMETRIC_REPRESENTATION_CONTEXT(3) 
GLOBAL_UNCERTAINTY_ASSIGNED_CONTEXT((#6527)) 
GLOBAL_UNIT_ASSIGNED_CONTEXT((#6524,#6525,#6526)) REPRESENTATION_CONTEXT
('Context #1','3D Context with UNIT and UNCERTAINTY') );
#6524 = ( LENGTH_UNIT() NAMED_UNIT(*) SI_UNIT(.MILLI.,.METRE.) );
#6525 = ( NAMED_UNIT(*) PLANE_ANGLE_UNIT() SI_UNIT($,.RADIAN.) );
#6526 = ( NAMED_UNIT(*) SI_UNIT($,.STERADIAN.) SOLID_ANGLE_UNIT() );
#6527 = UNCERTAINTY_MEASURE_WITH_UNIT(LENGTH_MEASURE(1.E-07),#6524,
  'distance_accuracy_value','confusion accuracy');
#6528 = CONTEXT_DEPENDENT_SHAPE_REPRESENTATION(#6529,#6531);
#6529 = ( REPRESENTATION_RELATIONSHIP('','',#3970,#10) 
REPRESENTATION_RELATIONSHIP_WITH_TRANSFORMATION(#6530) 
SHAPE_REPRESENTATION_RELATIONSHIP() );
#6530 = ITEM_DEFINED_TRANSFORMATION('','',#11,#23);
#6531 = PRODUCT_DEFINITION_SHAPE('Placement','Placement of an item',
  #6532);
#6532 = NEXT_ASSEMBLY_USAGE_OCCURRENCE('15','','',#5,#3965,$);
#6533 = PRODUCT_RELATED_PRODUCT_CATEGORY('part',$,(#3967));
ENDSEC;
END-ISO-10303-21;
