ISO-10303-21;
HEADER;
FILE_DESCRIPTION(('Open CASCADE Model'),'2;1');
FILE_NAME('Open CASCADE Shape Model','2026-10-08T17:46:09',('Author'),(
    'Open CASCADE'),'Open CASCADE STEP processor 7.9','Open CASCADE 7.9'
  ,'Unknown');
FILE_SCHEMA(('AUTOMOTIVE_DESIGN { 1 0 10303 214 1 1 1 1 }'));
ENDSEC;
DATA;
#1 = APPLICATION_PROTOCOL_DEFINITION('international standard',
  'automotive_design',2000,#2);
#2 = APPLICATION_CONTEXT(
  'core data for automotive mechanical design processes');
#3 = SHAPE_DEFINITION_REPRESENTATION(#4,#10);
#4 = PRODUCT_DEFINITION_SHAPE('','',#5);
#5 = PRODUCT_DEFINITION('design','',#6,#9);
#6 = PRODUCT_DEFINITION_FORMATION('','',#7);
#7 = PRODUCT('Open CASCADE STEP translator 7.9 3',
  'Open CASCADE STEP translator 7.9 3','',(#8));
#8 = PRODUCT_CONTEXT('',#2,'mechanical');
#9 = PRODUCT_DEFINITION_CONTEXT('part definition',#2,'design');
#10 = ADVANCED_BREP_SHAPE_REPRESENTATION('',(#11,#15),#3611);
#11 = AXIS2_PLACEMENT_3D('',#12,#13,#14);
#12 = CARTESIAN_POINT('',(0.,0.,0.));
#13 = DIRECTION('',(0.,0.,1.));
#14 = DIRECTION('',(1.,0.,-0.));
#15 = MANIFOLD_SOLID_BREP('',#16);
#16 = CLOSED_SHELL('',(#17,#1812,#2889,#3524));
#17 = ADVANCED_FACE('',(#18),#232,.T.);
#18 = FACE_BOUND('',#19,.T.);
#19 = EDGE_LOOP('',(#20,#1096,#1179,#1811));
#20 = ORIENTED_EDGE('',*,*,#21,.F.);
#21 = EDGE_CURVE('',#22,#22,#24,.T.);
#22 = VERTEX_POINT('',#23);
#23 = CARTESIAN_POINT('',(374.,0.,-59.61068626046));
#24 = SURFACE_CURVE('',#25,(#231,#882),.PCURVE_S1.);
#25 = B_SPLINE_CURVE_WITH_KNOTS('',8,(#26,#27,#28,#29,#30,#31,#32,#33,
    #34,#35,#36,#37,#38,#39,#40,#41,#42,#43,#44,#45,#46,#47,#48,#49,#50,
    #51,#52,#53,#54,#55,#56,#57,#58,#59,#60,#61,#62,#63,#64,#65,#66,#67,
    #68,#69,#70,#71,#72,#73,#74,#75,#76,#77,#78,#79,#80,#81,#82,#83,#84,
    #85,#86,#87,#88,#89,#90,#91,#92,#93,#94,#95,#96,#97,#98,#99,#100,
    #101,#102,#103,#104,#105,#106,#107,#108,#109,#110,#111,#112,#113,
    #114,#115,#116,#117,#118,#119,#120,#121,#122,#123,#124,#125,#126,
    #127,#128,#129,#130,#131,#132,#133,#134,#135,#136,#137,#138,#139,
    #140,#141,#142,#143,#144,#145,#146,#147,#148,#149,#150,#151,#152,
    #153,#154,#155,#156,#157,#158,#159,#160,#161,#162,#163,#164,#165,
    #166,#167,#168,#169,#170,#171,#172,#173,#174,#175,#176,#177,#178,
    #179,#180,#181,#182,#183,#184,#185,#186,#187,#188,#189,#190,#191,
    #192,#193,#194,#195,#196,#197,#198,#199,#200,#201,#202,#203,#204,
    #205,#206,#207,#208,#209,#210,#211,#212,#213,#214,#215,#216,#217,
    #218,#219,#220,#221,#222,#223,#224,#225,#226,#227,#228,#229,#230),
  .UNSPECIFIED.,.T.,.F.,(9,7,7,7,7,7,7,7,7,7,7,7,7,7,7,7,7,7,7,7,7,7,7,7
    ,7,7,7,7,7,9),(0.,6.427472319932E-02,0.132734415189,0.172496344327,
    0.201337821385,0.226151959883,0.24612155176,0.275416014652,
    0.29079205177,0.305173624299,0.311933460962,0.319500172476,
    0.360317585653,0.393537715198,0.419963805229,0.494222837305,
    0.568481869379,0.59490795941,0.628128088955,0.668945502132,
    0.675900554486,0.698560721325,0.714499745483,0.744866812635,
    0.765567582599,0.791290280192,0.821187775628,0.862405570838,
    0.93337188524,1.),.UNSPECIFIED.);
#26 = CARTESIAN_POINT('',(374.,0.,-59.61068626046));
#27 = CARTESIAN_POINT('',(374.,-3.810054977712,-59.6106861629));
#28 = CARTESIAN_POINT('',(374.,-7.619822598681,-59.48199571483));
#29 = CARTESIAN_POINT('',(374.,-11.42466853308,-59.22464632109));
#30 = CARTESIAN_POINT('',(374.,-15.21956055072,-58.8379981046));
#31 = CARTESIAN_POINT('',(374.,-18.9990778256,-58.3208385025));
#32 = CARTESIAN_POINT('',(374.,-22.75741272241,-57.67141195944));
#33 = CARTESIAN_POINT('',(374.,-26.48835789852,-56.88733205392));
#34 = CARTESIAN_POINT('',(374.,-34.12289384909,-54.9832903101));
#35 = CARTESIAN_POINT('',(374.,-38.02041807114,-53.8451533076));
#36 = CARTESIAN_POINT('',(374.,-41.87076833079,-52.54694561986));
#37 = CARTESIAN_POINT('',(374.,-45.66432290514,-51.08383493572));
#38 = CARTESIAN_POINT('',(374.,-49.38903484301,-49.45043653317));
#39 = CARTESIAN_POINT('',(374.,-53.03041479469,-47.64079887571));
#40 = CARTESIAN_POINT('',(374.,-56.57152138356,-45.64840027851));
#41 = CARTESIAN_POINT('',(374.,-61.97938586051,-42.19696240206));
#42 = CARTESIAN_POINT('',(374.,-63.92516772508,-40.86483379457));
#43 = CARTESIAN_POINT('',(374.,-65.82585585943,-39.46720952739));
#44 = CARTESIAN_POINT('',(374.,-67.67669939545,-38.00276116095));
#45 = CARTESIAN_POINT('',(374.,-69.472208565,-36.47036161641));
#46 = CARTESIAN_POINT('',(374.,-71.2062032297,-34.86914467295));
#47 = CARTESIAN_POINT('',(374.,-72.87185891551,-33.19856119354));
#48 = CARTESIAN_POINT('',(374.,-75.61498431181,-30.19622246071));
#49 = CARTESIAN_POINT('',(374.,-76.72823820566,-28.8975520155));
#50 = CARTESIAN_POINT('',(374.,-77.79864800021,-27.56241155263));
#51 = CARTESIAN_POINT('',(374.,-78.82308247364,-26.1910311734));
#52 = CARTESIAN_POINT('',(374.,-79.7981884477,-24.78391281796));
#53 = CARTESIAN_POINT('',(374.,-80.72045060678,-23.34187289593));
#54 = CARTESIAN_POINT('',(374.,-81.58626590431,-21.86609500079));
#55 = CARTESIAN_POINT('',(374.,-83.08528437478,-19.0608494563));
#56 = CARTESIAN_POINT('',(374.,-83.73409083715,-17.73972130786));
#57 = CARTESIAN_POINT('',(374.,-84.33612515615,-16.39589644821));
#58 = CARTESIAN_POINT('',(374.,-84.88908323379,-15.03069793312));
#59 = CARTESIAN_POINT('',(374.,-85.39073049487,-13.64570149479));
#60 = CARTESIAN_POINT('',(374.,-85.83896266519,-12.24275841669));
#61 = CARTESIAN_POINT('',(374.,-86.23188049447,-10.82402347675));
#62 = CARTESIAN_POINT('',(374.,-86.83827884041,-8.239533103921));
#63 = CARTESIAN_POINT('',(374.,-87.07183082697,-7.078393386447));
#64 = CARTESIAN_POINT('',(374.,-87.26768961281,-5.909879376297));
#65 = CARTESIAN_POINT('',(374.,-87.42515359652,-4.735357108003));
#66 = CARTESIAN_POINT('',(374.,-87.54367743501,-3.556249483939));
#67 = CARTESIAN_POINT('',(374.,-87.6228851323,-2.374037677314));
#68 = CARTESIAN_POINT('',(374.,-87.66258312822,-1.190262535156));
#69 = CARTESIAN_POINT('',(374.,-87.66305310316,1.729960891621));
#70 = CARTESIAN_POINT('',(374.,-87.57831585925,3.466726898212));
#71 = CARTESIAN_POINT('',(374.,-87.40851638549,5.19850532572));
#72 = CARTESIAN_POINT('',(374.,-87.15458637045,6.920439124172));
#73 = CARTESIAN_POINT('',(374.,-86.8182684637,8.628055326723));
#74 = CARTESIAN_POINT('',(374.,-86.40198190263,10.317244177932));
#75 = CARTESIAN_POINT('',(374.,-85.90871976373,11.984242970004));
#76 = CARTESIAN_POINT('',(374.,-85.04450713604,14.487150705842));
#77 = CARTESIAN_POINT('',(374.,-84.72677091042,15.341681498475));
#78 = CARTESIAN_POINT('',(374.,-84.3892566588,16.188758286394));
#79 = CARTESIAN_POINT('',(374.,-84.03247583244,17.027968298963));
#80 = CARTESIAN_POINT('',(374.,-83.65695796108,17.858942115629));
#81 = CARTESIAN_POINT('',(374.,-83.26324477743,18.681351108176));
#82 = CARTESIAN_POINT('',(374.,-82.85188434171,19.494904882972));
#83 = CARTESIAN_POINT('',(374.,-82.02267728967,21.051764095601));
#84 = CARTESIAN_POINT('',(374.,-81.60697055448,21.796210743274));
#85 = CARTESIAN_POINT('',(374.,-81.17675331002,22.532482871423));
#86 = CARTESIAN_POINT('',(374.,-80.73247387903,23.260402515095));
#87 = CARTESIAN_POINT('',(374.,-80.27457777823,23.979817813529));
#88 = CARTESIAN_POINT('',(374.,-79.80350493899,24.690601284485));
#89 = CARTESIAN_POINT('',(374.,-79.31968692797,25.392648098572));
#90 = CARTESIAN_POINT('',(374.,-78.59033994689,26.411714684849));
#91 = CARTESIAN_POINT('',(374.,-78.35466716741,26.735250805517));
#92 = CARTESIAN_POINT('',(374.,-78.11658302705,27.056477235997));
#93 = CARTESIAN_POINT('',(374.,-77.87614423648,27.375389264939));
#94 = CARTESIAN_POINT('',(374.,-77.63340701922,27.691982949215));
#95 = CARTESIAN_POINT('',(374.,-77.38842711168,28.006255113925));
#96 = CARTESIAN_POINT('',(374.,-77.14125976314,28.318203352398));
#97 = CARTESIAN_POINT('',(374.,-76.61360156026,28.973537972339));
#98 = CARTESIAN_POINT('',(374.,-76.33221320557,29.316811672513));
#99 = CARTESIAN_POINT('',(374.,-76.04785283023,29.657638384349));
#100 = CARTESIAN_POINT('',(374.,-75.76057413636,29.996014804393));
#101 = CARTESIAN_POINT('',(374.,-75.47042984923,30.331938746806));
#102 = CARTESIAN_POINT('',(374.,-75.17747318678,30.665407286215));
#103 = CARTESIAN_POINT('',(374.,-74.88175731898,30.996417364711));
#104 = CARTESIAN_POINT('',(374.,-72.97383452899,33.096951635096));
#105 = CARTESIAN_POINT('',(374.,-71.28572821587,34.797219403748));
#106 = CARTESIAN_POINT('',(374.,-69.52682545028,36.425929345633));
#107 = CARTESIAN_POINT('',(374.,-67.70430083879,37.98363895753));
#108 = CARTESIAN_POINT('',(374.,-65.8246439659,39.471247621806));
#109 = CARTESIAN_POINT('',(374.,-63.89360886095,40.889934904846));
#110 = CARTESIAN_POINT('',(374.,-61.91616098831,42.241095588436));
#111 = CARTESIAN_POINT('',(374.,-58.25261375799,44.572239222987));
#112 = CARTESIAN_POINT('',(374.,-56.58096982071,45.574386780158));
#113 = CARTESIAN_POINT('',(374.,-54.88381809609,46.533499731814));
#114 = CARTESIAN_POINT('',(374.,-53.16329781357,47.450331803273));
#115 = CARTESIAN_POINT('',(374.,-51.42136443441,48.325614391749));
#116 = CARTESIAN_POINT('',(374.,-49.65979199252,49.160060792434));
#117 = CARTESIAN_POINT('',(374.,-47.88017262636,49.954365077845));
#118 = CARTESIAN_POINT('',(374.,-44.65501709735,51.309651432099));
#119 = CARTESIAN_POINT('',(374.,-43.21562458528,51.885114999493));
#120 = CARTESIAN_POINT('',(374.,-41.76646146283,52.435917007358));
#121 = CARTESIAN_POINT('',(374.,-40.30821143994,52.962368329104));
#122 = CARTESIAN_POINT('',(374.,-38.84151668053,53.464761249576));
#123 = CARTESIAN_POINT('',(374.,-37.36697824372,53.94337067781));
#124 = CARTESIAN_POINT('',(374.,-35.885156525,54.398455359796));
#125 = CARTESIAN_POINT('',(374.,-30.21354993867,56.043655427695));
#126 = CARTESIAN_POINT('',(374.,-25.97787326474,57.072996026779));
#127 = CARTESIAN_POINT('',(374.,-21.70027683982,57.924019373136));
#128 = CARTESIAN_POINT('',(374.,-17.39059524667,58.600778394314));
#129 = CARTESIAN_POINT('',(374.,-13.05785937433,59.106248121586));
#130 = CARTESIAN_POINT('',(374.,-8.710328545508,59.44251389274));
#131 = CARTESIAN_POINT('',(374.,-4.355482768605,59.610685946773));
#132 = CARTESIAN_POINT('',(374.,4.355482768571,59.610685946782));
#133 = CARTESIAN_POINT('',(374.,8.710328545502,59.442513892718));
#134 = CARTESIAN_POINT('',(374.,13.057859374301,59.106248121611));
#135 = CARTESIAN_POINT('',(374.,17.390595246638,58.60077839432));
#136 = CARTESIAN_POINT('',(374.,21.700276839816,57.924019373118));
#137 = CARTESIAN_POINT('',(374.,25.977873264723,57.072996026801));
#138 = CARTESIAN_POINT('',(374.,30.213549938646,56.043655427696));
#139 = CARTESIAN_POINT('',(374.,35.885156524977,54.398455359803));
#140 = CARTESIAN_POINT('',(374.,37.366978243708,53.943370677817));
#141 = CARTESIAN_POINT('',(374.,38.841516680516,53.464761249583));
#142 = CARTESIAN_POINT('',(374.,40.308211439922,52.962368329112));
#143 = CARTESIAN_POINT('',(374.,41.766461462816,52.435917007366));
#144 = CARTESIAN_POINT('',(374.,43.215624585265,51.885114999501));
#145 = CARTESIAN_POINT('',(374.,44.655017097332,51.309651432107));
#146 = CARTESIAN_POINT('',(374.,47.880172626347,49.954365077849));
#147 = CARTESIAN_POINT('',(374.,49.659791992508,49.160060792451));
#148 = CARTESIAN_POINT('',(374.,51.421364434394,48.325614391759));
#149 = CARTESIAN_POINT('',(374.,53.163297813555,47.450331803276));
#150 = CARTESIAN_POINT('',(374.,54.883818096077,46.533499731824));
#151 = CARTESIAN_POINT('',(374.,56.580969820693,45.574386780176));
#152 = CARTESIAN_POINT('',(374.,58.252613757977,44.572239222993));
#153 = CARTESIAN_POINT('',(374.,61.916160988298,42.241095588448));
#154 = CARTESIAN_POINT('',(374.,63.893608860933,40.889934904855));
#155 = CARTESIAN_POINT('',(374.,65.824643965884,39.471247621817));
#156 = CARTESIAN_POINT('',(374.,67.704300838786,37.983638957544));
#157 = CARTESIAN_POINT('',(374.,69.526825450273,36.425929345644));
#158 = CARTESIAN_POINT('',(374.,71.285728215863,34.797219403756));
#159 = CARTESIAN_POINT('',(374.,72.973834528982,33.096951635109));
#160 = CARTESIAN_POINT('',(374.,74.857128139805,31.023532733067));
#161 = CARTESIAN_POINT('',(374.,75.127206285784,30.721610074464));
#162 = CARTESIAN_POINT('',(374.,75.392979552105,30.419887820258));
#163 = CARTESIAN_POINT('',(374.,75.654359319903,30.118561715364));
#164 = CARTESIAN_POINT('',(374.,75.911720120268,29.817305960023));
#165 = CARTESIAN_POINT('',(374.,76.165863700074,29.515242853275));
#166 = CARTESIAN_POINT('',(374.,76.417983087807,29.210912436419));
#167 = CARTESIAN_POINT('',(374.,77.48838013968,27.897943637843));
#168 = CARTESIAN_POINT('',(374.,78.281593190639,26.872833845316));
#169 = CARTESIAN_POINT('',(374.,79.047896636045,25.827037276365));
#170 = CARTESIAN_POINT('',(374.,79.785845161458,24.760773191233));
#171 = CARTESIAN_POINT('',(374.,80.493931832528,23.674365320545));
#172 = CARTESIAN_POINT('',(374.,81.170605942021,22.568253774571));
#173 = CARTESIAN_POINT('',(374.,81.814294185577,21.443009134143));
#174 = CARTESIAN_POINT('',(374.,82.851884341705,19.494904882985));
#175 = CARTESIAN_POINT('',(374.,83.263244777425,18.681351108189));
#176 = CARTESIAN_POINT('',(374.,83.656957961077,17.858942115642));
#177 = CARTESIAN_POINT('',(374.,84.032475832438,17.027968298976));
#178 = CARTESIAN_POINT('',(374.,84.389256658795,16.188758286407));
#179 = CARTESIAN_POINT('',(374.,84.726770910421,15.341681498487));
#180 = CARTESIAN_POINT('',(374.,85.04450713604,14.487150705855));
#181 = CARTESIAN_POINT('',(374.,85.908719763726,11.984242970015));
#182 = CARTESIAN_POINT('',(374.,86.401981902638,10.317244177949));
#183 = CARTESIAN_POINT('',(374.,86.818268463704,8.628055326736));
#184 = CARTESIAN_POINT('',(374.,87.154586370446,6.920439124182));
#185 = CARTESIAN_POINT('',(374.,87.40851638549,5.198505325733));
#186 = CARTESIAN_POINT('',(374.,87.578315859267,3.46672689823));
#187 = CARTESIAN_POINT('',(374.,87.663053103162,1.729960891632));
#188 = CARTESIAN_POINT('',(374.,87.662583128221,-1.190262535143));
#189 = CARTESIAN_POINT('',(374.,87.622885132306,-2.374037677301));
#190 = CARTESIAN_POINT('',(374.,87.543677435015,-3.556249483926));
#191 = CARTESIAN_POINT('',(374.,87.425153596523,-4.73535710799));
#192 = CARTESIAN_POINT('',(374.,87.267689612818,-5.909879376284));
#193 = CARTESIAN_POINT('',(374.,87.071830826972,-7.078393386434));
#194 = CARTESIAN_POINT('',(374.,86.838278840419,-8.239533103908));
#195 = CARTESIAN_POINT('',(374.,86.231880494474,-10.82402347673));
#196 = CARTESIAN_POINT('',(374.,85.838962665198,-12.24275841668));
#197 = CARTESIAN_POINT('',(374.,85.39073049488,-13.64570149478));
#198 = CARTESIAN_POINT('',(374.,84.889083233792,-15.0306979331));
#199 = CARTESIAN_POINT('',(374.,84.336125156161,-16.3958964482));
#200 = CARTESIAN_POINT('',(374.,83.734090837168,-17.73972130785));
#201 = CARTESIAN_POINT('',(374.,83.085284374786,-19.06084945628));
#202 = CARTESIAN_POINT('',(374.,81.586265904327,-21.86609500078));
#203 = CARTESIAN_POINT('',(374.,80.720450606786,-23.34187289592));
#204 = CARTESIAN_POINT('',(374.,79.79818844771,-24.78391281795));
#205 = CARTESIAN_POINT('',(374.,78.823082473657,-26.19103117339));
#206 = CARTESIAN_POINT('',(374.,77.798648000221,-27.56241155262));
#207 = CARTESIAN_POINT('',(374.,76.728238205667,-28.89755201548));
#208 = CARTESIAN_POINT('',(374.,75.614984311829,-30.1962224607));
#209 = CARTESIAN_POINT('',(374.,72.871858915518,-33.19856119353));
#210 = CARTESIAN_POINT('',(374.,71.206203229722,-34.86914467295));
#211 = CARTESIAN_POINT('',(374.,69.472208565018,-36.4703616164));
#212 = CARTESIAN_POINT('',(374.,67.676699395458,-38.00276116094));
#213 = CARTESIAN_POINT('',(374.,65.825855859448,-39.46720952738));
#214 = CARTESIAN_POINT('',(374.,63.925167725101,-40.86483379457));
#215 = CARTESIAN_POINT('',(374.,61.97938586052,-42.19696240205));
#216 = CARTESIAN_POINT('',(374.,56.571521383592,-45.64840027851));
#217 = CARTESIAN_POINT('',(374.,53.030414794597,-47.6407988757));
#218 = CARTESIAN_POINT('',(374.,49.389034843334,-49.45043653314));
#219 = CARTESIAN_POINT('',(374.,45.664322904685,-51.08383493579));
#220 = CARTESIAN_POINT('',(374.,41.870768331216,-52.54694561978));
#221 = CARTESIAN_POINT('',(374.,38.020418070951,-53.84515330764));
#222 = CARTESIAN_POINT('',(374.,34.122893849149,-54.98329031009));
#223 = CARTESIAN_POINT('',(374.,26.48835789854,-56.88733205391));
#224 = CARTESIAN_POINT('',(374.,22.757412722402,-57.67141195945));
#225 = CARTESIAN_POINT('',(374.,18.999077825624,-58.32083850249));
#226 = CARTESIAN_POINT('',(374.,15.21956055073,-58.8379981046));
#227 = CARTESIAN_POINT('',(374.,11.424668533065,-59.2246463211));
#228 = CARTESIAN_POINT('',(374.,7.6198225987,-59.48199571483));
#229 = CARTESIAN_POINT('',(374.,3.810054977709,-59.6106861629));
#230 = CARTESIAN_POINT('',(374.,0.,-59.61068626046));
#231 = PCURVE('',#232,#674);
#232 = ( BOUNDED_SURFACE() B_SPLINE_SURFACE(2,3,(
    (#233,#234,#235,#236,#237,#238,#239,#240,#241,#242,#243,#244,#245
      ,#246,#247,#248,#249,#250,#251,#252,#253,#254,#255,#256,#257,#258
      ,#259,#260,#261,#262,#263,#264,#265,#266,#267,#268,#269,#270,#271
      ,#272,#273,#274,#275,#276,#277,#278,#279,#280,#281,#282,#283,#284
      ,#285,#286,#287,#288,#289,#290,#291,#292,#293,#294,#295)
    ,(#296,#297,#298,#299,#300,#301,#302,#303,#304,#305,#306,#307,#308
      ,#309,#310,#311,#312,#313,#314,#315,#316,#317,#318,#319,#320,#321
      ,#322,#323,#324,#325,#326,#327,#328,#329,#330,#331,#332,#333,#334
      ,#335,#336,#337,#338,#339,#340,#341,#342,#343,#344,#345,#346,#347
      ,#348,#349,#350,#351,#352,#353,#354,#355,#356,#357,#358)
    ,(#359,#360,#361,#362,#363,#364,#365,#366,#367,#368,#369,#370,#371
      ,#372,#373,#374,#375,#376,#377,#378,#379,#380,#381,#382,#383,#384
      ,#385,#386,#387,#388,#389,#390,#391,#392,#393,#394,#395,#396,#397
      ,#398,#399,#400,#401,#402,#403,#404,#405,#406,#407,#408,#409,#410
      ,#411,#412,#413,#414,#415,#416,#417,#418,#419,#420,#421)
    ,(#422,#423,#424,#425,#426,#427,#428,#429,#430,#431,#432,#433,#434
      ,#435,#436,#437,#438,#439,#440,#441,#442,#443,#444,#445,#446,#447
      ,#448,#449,#450,#451,#452,#453,#454,#455,#456,#457,#458,#459,#460
      ,#461,#462,#463,#464,#465,#466,#467,#468,#469,#470,#471,#472,#473
      ,#474,#475,#476,#477,#478,#479,#480,#481,#482,#483,#484)
    ,(#485,#486,#487,#488,#489,#490,#491,#492,#493,#494,#495,#496,#497
      ,#498,#499,#500,#501,#502,#503,#504,#505,#506,#507,#508,#509,#510
      ,#511,#512,#513,#514,#515,#516,#517,#518,#519,#520,#521,#522,#523
      ,#524,#525,#526,#527,#528,#529,#530,#531,#532,#533,#534,#535,#536
      ,#537,#538,#539,#540,#541,#542,#543,#544,#545,#546,#547)
    ,(#548,#549,#550,#551,#552,#553,#554,#555,#556,#557,#558,#559,#560
      ,#561,#562,#563,#564,#565,#566,#567,#568,#569,#570,#571,#572,#573
      ,#574,#575,#576,#577,#578,#579,#580,#581,#582,#583,#584,#585,#586
      ,#587,#588,#589,#590,#591,#592,#593,#594,#595,#596,#597,#598,#599
      ,#600,#601,#602,#603,#604,#605,#606,#607,#608,#609,#610)
    ,(#611,#612,#613,#614,#615,#616,#617,#618,#619,#620,#621,#622,#623
      ,#624,#625,#626,#627,#628,#629,#630,#631,#632,#633,#634,#635,#636
      ,#637,#638,#639,#640,#641,#642,#643,#644,#645,#646,#647,#648,#649
      ,#650,#651,#652,#653,#654,#655,#656,#657,#658,#659,#660,#661,#662
      ,#663,#664,#665,#666,#667,#668,#669,#670,#671,#672,#673
)),.UNSPECIFIED.,.T.,.F.,.F.) B_SPLINE_SURFACE_WITH_KNOTS((1,2,2,2,2,1),
  (4,1,1,1,1,1,1,1,1,1,1,1,1,1,1,1,1,1,1,1,1,1,1,1,1,1,1,1,1,1,1,1,1,1,1
    ,1,1,1,1,1,1,1,1,1,1,1,1,1,1,1,1,1,1,1,1,1,1,1,1,1,4),(
    -2.094395102393,0.,2.094395102393,4.188790204786,6.28318530718,
    8.377580409573),(0.,8.184442633848,16.378647269176,24.592610907898,
    32.836774592499,41.122182676471,49.460572704923,57.864382254162,
    66.346666377739,74.920927271539,83.600865561758,92.400069329113,
    101.33166180185,110.40793104421,119.63996479647,129.03731116512,
    138.60768172436,148.35670855134,158.28776154608,168.40182770378,
    178.69745021138,189.170722499,199.81533067635,210.62263698233,
    221.58179677649,232.67990199506,243.90214469591,255.23199517679,
    266.65139006052,278.14092662658,289.68006048802,301.24730444447,
    312.82042698147,324.37664943659,335.89284132558,347.34571372958,
    358.71201100223,369.96870137886,381.0931673722,392.06339713455,
    402.85817826616,413.45729586267,423.84173692676,433.9939036182,
    443.89783817037,453.53946262951,462.90683681488,471.99043794829,
    480.78346508358,489.28217050344,497.48621822969,505.39906614009,
    513.02836218327,520.38633608823,527.49015531915,534.36219827395,
    541.03018113927,547.52706245851,553.89064934406,560.16285031539,
566.38856686255),.UNSPECIFIED.) GEOMETRIC_REPRESENTATION_ITEM() 
RATIONAL_B_SPLINE_SURFACE((
    (1.,1.,1.,1.,1.,1.,1.,1.,1.,1.,1.,1.,1.,1.,1.,1.,1.,1.,1.,1.,1.,1.
      ,1.,1.,1.,1.,1.,1.,1.,1.,1.,1.,1.,1.,1.,1.,1.,1.,1.,1.,1.,1.,1.,1.
      ,1.,1.,1.,1.,1.,1.,1.,1.,1.,1.,1.,1.,1.,1.,1.,1.,1.,1.,1.)
    ,(0.5,0.5,0.5,0.5,0.5,0.5,0.5,0.5,0.5,0.5,0.5,0.5,0.5,0.5,0.5,0.5
      ,0.5,0.5,0.5,0.5,0.5,0.5,0.5,0.5,0.5,0.5,0.5,0.5,0.5,0.5,0.5,0.5
      ,0.5,0.5,0.5,0.5,0.5,0.5,0.5,0.5,0.5,0.5,0.5,0.5,0.5,0.5,0.5,0.5
      ,0.5,0.5,0.5,0.5,0.5,0.5,0.5,0.5,0.5,0.5,0.5,0.5,0.5,0.5,0.5)
    ,(1.,1.,1.,1.,1.,1.,1.,1.,1.,1.,1.,1.,1.,1.,1.,1.,1.,1.,1.,1.,1.,1.
      ,1.,1.,1.,1.,1.,1.,1.,1.,1.,1.,1.,1.,1.,1.,1.,1.,1.,1.,1.,1.,1.,1.
      ,1.,1.,1.,1.,1.,1.,1.,1.,1.,1.,1.,1.,1.,1.,1.,1.,1.,1.,1.)
    ,(0.5,0.5,0.5,0.5,0.5,0.5,0.5,0.5,0.5,0.5,0.5,0.5,0.5,0.5,0.5,0.5
      ,0.5,0.5,0.5,0.5,0.5,0.5,0.5,0.5,0.5,0.5,0.5,0.5,0.5,0.5,0.5,0.5
      ,0.5,0.5,0.5,0.5,0.5,0.5,0.5,0.5,0.5,0.5,0.5,0.5,0.5,0.5,0.5,0.5
      ,0.5,0.5,0.5,0.5,0.5,0.5,0.5,0.5,0.5,0.5,0.5,0.5,0.5,0.5,0.5)
    ,(1.,1.,1.,1.,1.,1.,1.,1.,1.,1.,1.,1.,1.,1.,1.,1.,1.,1.,1.,1.,1.,1.
      ,1.,1.,1.,1.,1.,1.,1.,1.,1.,1.,1.,1.,1.,1.,1.,1.,1.,1.,1.,1.,1.,1.
      ,1.,1.,1.,1.,1.,1.,1.,1.,1.,1.,1.,1.,1.,1.,1.,1.,1.,1.,1.)
    ,(0.5,0.5,0.5,0.5,0.5,0.5,0.5,0.5,0.5,0.5,0.5,0.5,0.5,0.5,0.5,0.5
      ,0.5,0.5,0.5,0.5,0.5,0.5,0.5,0.5,0.5,0.5,0.5,0.5,0.5,0.5,0.5,0.5
      ,0.5,0.5,0.5,0.5,0.5,0.5,0.5,0.5,0.5,0.5,0.5,0.5,0.5,0.5,0.5,0.5
      ,0.5,0.5,0.5,0.5,0.5,0.5,0.5,0.5,0.5,0.5,0.5,0.5,0.5,0.5,0.5)
    ,(1.,1.,1.,1.,1.,1.,1.,1.,1.,1.,1.,1.,1.,1.,1.,1.,1.,1.,1.,1.,1.,1.
      ,1.,1.,1.,1.,1.,1.,1.,1.,1.,1.,1.,1.,1.,1.,1.,1.,1.,1.,1.,1.,1.,1.
      ,1.,1.,1.,1.,1.,1.,1.,1.,1.,1.,1.,1.,1.,1.,1.,1.,1.,1.,1.
))) REPRESENTATION_ITEM('') SURFACE() );
#233 = CARTESIAN_POINT('',(0.,0.,0.));
#234 = CARTESIAN_POINT('',(3.035419553617E-16,0.,-1.859162754399));
#235 = CARTESIAN_POINT('',(0.20137251643,0.,-5.567217293179));
#236 = CARTESIAN_POINT('',(1.106555028273,0.,-11.11465003998));
#237 = CARTESIAN_POINT('',(2.612478719235,0.,-16.61242797459));
#238 = CARTESIAN_POINT('',(4.715069043559,0.,-22.04100472041));
#239 = CARTESIAN_POINT('',(7.408615827215,0.,-27.37710051824));
#240 = CARTESIAN_POINT('',(10.685771483262,0.,-32.59939985179));
#241 = CARTESIAN_POINT('',(14.53755399099,0.,-37.68724387174));
#242 = CARTESIAN_POINT('',(18.953357658047,0.,-42.62119117279));
#243 = CARTESIAN_POINT('',(23.920974240388,0.,-47.38305072893));
#244 = CARTESIAN_POINT('',(29.426625981005,0.,-51.95602980005));
#245 = CARTESIAN_POINT('',(35.455010717612,0.,-56.32481901997));
#246 = CARTESIAN_POINT('',(41.98935772736,0.,-60.47566014169));
#247 = CARTESIAN_POINT('',(49.011491800079,0.,-64.39638289812));
#248 = CARTESIAN_POINT('',(56.501902447636,0.,-68.07641532744));
#249 = CARTESIAN_POINT('',(64.439815257763,0.,-71.5067688312));
#250 = CARTESIAN_POINT('',(72.803263064969,0.,-74.68000151676));
#251 = CARTESIAN_POINT('',(81.569155576151,0.,-77.59016364445));
#252 = CARTESIAN_POINT('',(90.713347064973,0.,-80.23272923067));
#253 = CARTESIAN_POINT('',(100.21070251838,0.,-82.60451760591));
#254 = CARTESIAN_POINT('',(110.0351630788,0.,-84.70360828001));
#255 = CARTESIAN_POINT('',(120.15981178155,0.,-86.52925192075));
#256 = CARTESIAN_POINT('',(130.55694051187,0.,-88.08177971638));
#257 = CARTESIAN_POINT('',(141.19811889424,0.,-89.36251291861));
#258 = CARTESIAN_POINT('',(152.05426556492,0.,-90.37367397018));
#259 = CARTESIAN_POINT('',(163.09572202625,0.,-91.11830030454));
#260 = CARTESIAN_POINT('',(174.2923290719,0.,-91.60016165163));
#261 = CARTESIAN_POINT('',(185.6135056173,0.,-91.8236814762));
#262 = CARTESIAN_POINT('',(197.02832966683,0.,-91.79386300152));
#263 = CARTESIAN_POINT('',(208.50562108967,0.,-91.51622012284));
#264 = CARTESIAN_POINT('',(220.01402584875,0.,-90.99671338601));
#265 = CARTESIAN_POINT('',(231.52210132128,0.,-90.24169109488));
#266 = CARTESIAN_POINT('',(242.99840235649,0.,-89.25783551537));
#267 = CARTESIAN_POINT('',(254.4115677309,0.,-88.05211406289));
#268 = CARTESIAN_POINT('',(265.73040667816,0.,-86.63173529321));
#269 = CARTESIAN_POINT('',(276.9239851882,0.,-85.00410946333));
#270 = CARTESIAN_POINT('',(287.96171178539,0.,-83.17681338744));
#271 = CARTESIAN_POINT('',(298.81342250829,0.,-81.15755928137));
#272 = CARTESIAN_POINT('',(309.44946482196,0.,-78.95416726677));
#273 = CARTESIAN_POINT('',(319.84078019677,0.,-76.57454118938));
#274 = CARTESIAN_POINT('',(329.95898508398,0.,-74.02664739554));
#275 = CARTESIAN_POINT('',(339.77645000414,0.,-71.31849610073));
#276 = CARTESIAN_POINT('',(349.26637643638,0.,-68.45812498777));
#277 = CARTESIAN_POINT('',(358.40287114861,0.,-65.45358463895));
#278 = CARTESIAN_POINT('',(367.16101753199,0.,-62.3129255248));
#279 = CARTESIAN_POINT('',(375.51694338831,0.,-59.04418587904));
#280 = CARTESIAN_POINT('',(383.44788445403,0.,-55.65538130766));
#281 = CARTESIAN_POINT('',(390.93224272186,0.,-52.15449179597));
#282 = CARTESIAN_POINT('',(397.94963834308,0.,-48.54946079917));
#283 = CARTESIAN_POINT('',(404.48095359493,0.,-44.84815437059));
#284 = CARTESIAN_POINT('',(410.50836717484,0.,-41.05846699031));
#285 = CARTESIAN_POINT('',(416.01537714849,0.,-37.18791747375));
#286 = CARTESIAN_POINT('',(420.98681162079,0.,-33.2450671402));
#287 = CARTESIAN_POINT('',(425.40882820505,0.,-29.23452742676));
#288 = CARTESIAN_POINT('',(429.26890730168,0.,-25.17469872431));
#289 = CARTESIAN_POINT('',(432.55585032504,0.,-21.03503212994));
#290 = CARTESIAN_POINT('',(435.25980119097,0.,-16.95943710046));
#291 = CARTESIAN_POINT('',(437.37231377972,0.,-12.46800251729));
#292 = CARTESIAN_POINT('',(438.88648307353,0.,-9.329764021072));
#293 = CARTESIAN_POINT('',(439.79713720509,0.,-1.141275251183));
#294 = CARTESIAN_POINT('',(440.,0.,-8.053211994964));
#295 = CARTESIAN_POINT('',(440.,0.,3.321787289678E-14));
#296 = CARTESIAN_POINT('',(0.,0.,0.));
#297 = CARTESIAN_POINT('',(3.035419553617E-16,4.735535809058,
    -1.859162754399));
#298 = CARTESIAN_POINT('',(0.20137251643,14.180445894944,-5.567217293179
    ));
#299 = CARTESIAN_POINT('',(1.106555028273,28.310497908249,
    -11.11465003998));
#300 = CARTESIAN_POINT('',(2.612478719235,42.314072483927,
    -16.61242797459));
#301 = CARTESIAN_POINT('',(4.715069043559,56.141382390627,
    -22.04100472041));
#302 = CARTESIAN_POINT('',(7.408615827215,69.73313097282,-27.37710051824
    ));
#303 = CARTESIAN_POINT('',(10.685771483262,83.035024764065,
    -32.59939985179));
#304 = CARTESIAN_POINT('',(14.53755399099,95.994442916334,
    -37.68724387174));
#305 = CARTESIAN_POINT('',(18.953357658047,108.5618655741,
    -42.62119117279));
#306 = CARTESIAN_POINT('',(23.920974240388,120.6909577649,
    -47.38305072893));
#307 = CARTESIAN_POINT('',(29.426625981005,132.33894613714,
    -51.95602980005));
#308 = CARTESIAN_POINT('',(35.455010717612,143.46683569077,
    -56.32481901997));
#309 = CARTESIAN_POINT('',(41.98935772736,154.03958233335,
    -60.47566014169));
#310 = CARTESIAN_POINT('',(49.011491800079,164.02618676941,
    -64.39638289812));
#311 = CARTESIAN_POINT('',(56.501902447636,173.39972080043,
    -68.07641532744));
#312 = CARTESIAN_POINT('',(64.439815257763,182.13728926577,
    -71.5067688312));
#313 = CARTESIAN_POINT('',(72.803263064969,190.21993667112,
    -74.68000151676));
#314 = CARTESIAN_POINT('',(81.569155576151,197.63250823497,
    -77.59016364445));
#315 = CARTESIAN_POINT('',(90.713347064973,204.3634756727,
    -80.23272923067));
#316 = CARTESIAN_POINT('',(100.21070251838,210.40473739435,
    -82.60451760591));
#317 = CARTESIAN_POINT('',(110.0351630788,215.75140165498,
    -84.70360828001));
#318 = CARTESIAN_POINT('',(120.15981178155,220.4015598054,
    -86.52925192075));
#319 = CARTESIAN_POINT('',(130.55694051187,224.35605542626,
    -88.08177971638));
#320 = CARTESIAN_POINT('',(141.19811889424,227.61825392215,
    -89.36251291861));
#321 = CARTESIAN_POINT('',(152.05426556492,230.19381615149,
    -90.37367397018));
#322 = CARTESIAN_POINT('',(163.09572202625,232.09047886291,
    -91.11830030454));
#323 = CARTESIAN_POINT('',(174.2923290719,233.31784406199,
    -91.60016165163));
#324 = CARTESIAN_POINT('',(185.6135056173,233.88717890414,-91.8236814762
    ));
#325 = CARTESIAN_POINT('',(197.02832966683,233.81122726715,
    -91.79386300152));
#326 = CARTESIAN_POINT('',(208.50562108967,233.10403377857,
    -91.51622012284));
#327 = CARTESIAN_POINT('',(220.01402584875,231.78078074464,
    -90.99671338601));
#328 = CARTESIAN_POINT('',(231.52210132128,229.85763814304,
    -90.24169109488));
#329 = CARTESIAN_POINT('',(242.99840235649,227.35162659742,
    -89.25783551537));
#330 = CARTESIAN_POINT('',(254.4115677309,224.28049304527,
    -88.05211406289));
#331 = CARTESIAN_POINT('',(265.73040667816,220.66259864073,
    -86.63173529321));
#332 = CARTESIAN_POINT('',(276.9239851882,216.51681829801,
    -85.00410946333));
#333 = CARTESIAN_POINT('',(287.96171178539,211.86245117459,
    -83.17681338744));
#334 = CARTESIAN_POINT('',(298.81342250829,206.71914131414,
    -81.15755928137));
#335 = CARTESIAN_POINT('',(309.44946482196,201.10680761079,
    -78.95416726677));
#336 = CARTESIAN_POINT('',(319.84078019677,195.04558221514,
    -76.57454118938));
#337 = CARTESIAN_POINT('',(329.95898508398,188.55575647511,
    -74.02664739554));
#338 = CARTESIAN_POINT('',(339.77645000414,181.65773347922,
    -71.31849610073));
#339 = CARTESIAN_POINT('',(349.26637643638,174.371986279,-68.45812498777
    ));
#340 = CARTESIAN_POINT('',(358.40287114861,166.71902078261,
    -65.45358463895));
#341 = CARTESIAN_POINT('',(367.16101753199,158.71934261355,
    -62.3129255248));
#342 = CARTESIAN_POINT('',(375.51694338831,150.39342622655,
    -59.04418587904));
#343 = CARTESIAN_POINT('',(383.44788445403,141.76168844043,
    -55.65538130766));
#344 = CARTESIAN_POINT('',(390.93224272186,132.84445534346,
    -52.15449179597));
#345 = CARTESIAN_POINT('',(397.94963834308,123.66195997681,
    -48.54946079917));
#346 = CARTESIAN_POINT('',(404.48095359493,114.23423822876,
    -44.84815437059));
#347 = CARTESIAN_POINT('',(410.50836717484,104.58139839428,
    -41.05846699031));
#348 = CARTESIAN_POINT('',(416.01537714849,94.722591900329,
    -37.18791747375));
#349 = CARTESIAN_POINT('',(420.98681162079,84.67962557039,-33.2450671402
    ));
#350 = CARTESIAN_POINT('',(425.40882820505,74.464245350623,
    -29.23452742676));
#351 = CARTESIAN_POINT('',(429.26890730168,64.123319493746,
    -25.17469872431));
#352 = CARTESIAN_POINT('',(432.55585032504,53.579035864563,
    -21.03503212994));
#353 = CARTESIAN_POINT('',(435.25980119097,43.197951067325,
    -16.95943710046));
#354 = CARTESIAN_POINT('',(437.37231377972,31.75766739538,
    -12.46800251729));
#355 = CARTESIAN_POINT('',(438.88648307353,23.764154863419,
    -9.329764021072));
#356 = CARTESIAN_POINT('',(439.79713720509,2.906980471279,
    -1.141275251183));
#357 = CARTESIAN_POINT('',(440.,20.512606381473,-8.053211994964));
#358 = CARTESIAN_POINT('',(440.,6.310887241768E-30,3.321787289678E-14));
#359 = CARTESIAN_POINT('',(0.,0.,0.));
#360 = CARTESIAN_POINT('',(-1.517709776809E-16,2.367767904529,
    0.9295813772));
#361 = CARTESIAN_POINT('',(0.20137251643,7.090222947472,2.78360864659));
#362 = CARTESIAN_POINT('',(1.106555028273,14.155248954124,5.557325019995
    ));
#363 = CARTESIAN_POINT('',(2.612478719235,21.157036241964,8.306213987296
    ));
#364 = CARTESIAN_POINT('',(4.715069043559,28.070691195314,
    11.020502360208));
#365 = CARTESIAN_POINT('',(7.408615827215,34.86656548641,13.688550259122
    ));
#366 = CARTESIAN_POINT('',(10.685771483262,41.517512382032,
    16.299699925898));
#367 = CARTESIAN_POINT('',(14.53755399099,47.997221458167,
    18.843621935874));
#368 = CARTESIAN_POINT('',(18.953357658047,54.28093278705,
    21.310595586398));
#369 = CARTESIAN_POINT('',(23.920974240388,60.345478882452,
    23.691525364469));
#370 = CARTESIAN_POINT('',(29.426625981005,66.169473068571,
    25.978014900027));
#371 = CARTESIAN_POINT('',(35.455010717612,71.733417845387,
    28.16240950999));
#372 = CARTESIAN_POINT('',(41.98935772736,77.019791166679,
    30.237830070847));
#373 = CARTESIAN_POINT('',(49.011491800079,82.013093384708,
    32.19819144906));
#374 = CARTESIAN_POINT('',(56.501902447636,86.699860400217,
    34.038207663723));
#375 = CARTESIAN_POINT('',(64.439815257763,91.068644632886,
    35.753384415601));
#376 = CARTESIAN_POINT('',(72.803263064968,95.10996833556,
    37.340000758384));
#377 = CARTESIAN_POINT('',(81.569155576151,98.816254117489,
    38.795081822229));
#378 = CARTESIAN_POINT('',(90.713347064973,102.18173783635,
    40.116364615336));
#379 = CARTESIAN_POINT('',(100.21070251838,105.20236869717,
    41.302258802956));
#380 = CARTESIAN_POINT('',(110.0351630788,107.87570082749,
    42.351804140006));
#381 = CARTESIAN_POINT('',(120.15981178155,110.2007799027,
    43.264625960378));
#382 = CARTESIAN_POINT('',(130.55694051187,112.17802771313,
    44.04088985819));
#383 = CARTESIAN_POINT('',(141.19811889424,113.80912696107,
    44.681256459306));
#384 = CARTESIAN_POINT('',(152.05426556492,115.09690807574,
    45.18683698509));
#385 = CARTESIAN_POINT('',(163.09572202625,116.04523943145,
    45.559150152271));
#386 = CARTESIAN_POINT('',(174.2923290719,116.658922031,45.800080825819)
  );
#387 = CARTESIAN_POINT('',(185.6135056173,116.94358945207,
    45.911840738105));
#388 = CARTESIAN_POINT('',(197.02832966683,116.90561363357,
    45.896931500764));
#389 = CARTESIAN_POINT('',(208.50562108967,116.55201688928,
    45.758110061425));
#390 = CARTESIAN_POINT('',(220.01402584875,115.89039037232,
    45.498356693007));
#391 = CARTESIAN_POINT('',(231.52210132128,114.92881907152,
    45.12084554744));
#392 = CARTESIAN_POINT('',(242.99840235649,113.67581329871,
    44.628917757686));
#393 = CARTESIAN_POINT('',(254.4115677309,112.14024652263,
    44.026057031447));
#394 = CARTESIAN_POINT('',(265.73040667816,110.33129932036,
    43.315867646605));
#395 = CARTESIAN_POINT('',(276.9239851882,108.258409149,42.502054731669)
  );
#396 = CARTESIAN_POINT('',(287.96171178539,105.93122558729,
    41.588406693721));
#397 = CARTESIAN_POINT('',(298.81342250829,103.35957065707,
    40.578779640686));
#398 = CARTESIAN_POINT('',(309.44946482196,100.55340380539,
    39.477083633386));
#399 = CARTESIAN_POINT('',(319.84078019677,97.522791107572,
    38.287270594695));
#400 = CARTESIAN_POINT('',(329.95898508398,94.277878237556,
    37.013323697774));
#401 = CARTESIAN_POINT('',(339.77645000414,90.828866739612,
    35.659248050366));
#402 = CARTESIAN_POINT('',(349.26637643638,87.185993139501,
    34.229062493886));
#403 = CARTESIAN_POINT('',(358.40287114861,83.359510391308,
    32.726792319477));
#404 = CARTESIAN_POINT('',(367.16101753199,79.359671306779,
    31.156462762403));
#405 = CARTESIAN_POINT('',(375.51694338831,75.196713113275,
    29.522092939525));
#406 = CARTESIAN_POINT('',(383.44788445403,70.880844220218,
    27.827690653833));
#407 = CARTESIAN_POINT('',(390.93224272186,66.422227671732,
    26.077245897985));
#408 = CARTESIAN_POINT('',(397.94963834308,61.830979988409,
    24.274730399585));
#409 = CARTESIAN_POINT('',(404.48095359493,57.117119114382,
    22.424077185296));
#410 = CARTESIAN_POINT('',(410.50836717484,52.290699197142,
    20.529233495157));
#411 = CARTESIAN_POINT('',(416.01537714849,47.361295950164,
    18.593958736878));
#412 = CARTESIAN_POINT('',(420.98681162079,42.339812785195,16.6225335701
    ));
#413 = CARTESIAN_POINT('',(425.40882820505,37.232122675312,
    14.617263713383));
#414 = CARTESIAN_POINT('',(429.26890730168,32.061659746873,
    12.587349362156));
#415 = CARTESIAN_POINT('',(432.55585032504,26.789517932282,
    10.517516064971));
#416 = CARTESIAN_POINT('',(435.25980119097,21.598975533663,
    8.479718550235));
#417 = CARTESIAN_POINT('',(437.37231377972,15.87883369769,6.234001258649
    ));
#418 = CARTESIAN_POINT('',(438.88648307353,11.882077431709,
    4.664882010536));
#419 = CARTESIAN_POINT('',(439.79713720509,1.453490235639,0.570637625591
    ));
#420 = CARTESIAN_POINT('',(440.,10.256303190736,4.026605997482));
#421 = CARTESIAN_POINT('',(440.,0.,3.321787289678E-14));
#422 = CARTESIAN_POINT('',(0.,0.,0.));
#423 = CARTESIAN_POINT('',(-6.070839107234E-16,6.696522694909E-16,
    3.718325508799));
#424 = CARTESIAN_POINT('',(0.20137251643,2.005257305367E-15,
    11.134434586358));
#425 = CARTESIAN_POINT('',(1.106555028273,4.003388410328E-15,
    22.229300079979));
#426 = CARTESIAN_POINT('',(2.612478719235,5.983634336809E-15,
    33.224855949183));
#427 = CARTESIAN_POINT('',(4.715069043559,7.938954670838E-15,
    44.082009440833));
#428 = CARTESIAN_POINT('',(7.408615827215,9.860964270471E-15,
    54.754201036487));
#429 = CARTESIAN_POINT('',(10.685771483262,1.174198549489E-14,
    65.198799703592));
#430 = CARTESIAN_POINT('',(14.53755399099,1.35745772283E-14,
    75.374487743497));
#431 = CARTESIAN_POINT('',(18.953357658047,1.535173686636E-14,
    85.242382345591));
#432 = CARTESIAN_POINT('',(23.920974240388,1.706691217913E-14,
    94.766101457876));
#433 = CARTESIAN_POINT('',(29.426625981005,1.87140545856E-14,
    103.9120596001));
#434 = CARTESIAN_POINT('',(35.455010717612,2.028764980158E-14,
    112.64963803995));
#435 = CARTESIAN_POINT('',(41.98935772736,2.178274224084E-14,
    120.95132028338));
#436 = CARTESIAN_POINT('',(49.011491800079,2.319494829201E-14,
    128.79276579624));
#437 = CARTESIAN_POINT('',(56.501902447636,2.45204600377E-14,
    136.15283065489));
#438 = CARTESIAN_POINT('',(64.439815257763,2.57560398725E-14,
    143.0135376624));
#439 = CARTESIAN_POINT('',(72.803263064968,2.689900729936E-14,
    149.36000303353));
#440 = CARTESIAN_POINT('',(81.569155576151,2.794721928015E-14,
    155.18032728891));
#441 = CARTESIAN_POINT('',(90.713347064973,2.889904559976E-14,
    160.46545846134));
#442 = CARTESIAN_POINT('',(100.21070251838,2.975334061212E-14,
    165.20903521182));
#443 = CARTESIAN_POINT('',(110.0351630788,3.05094125754E-14,
    169.40721656002));
#444 = CARTESIAN_POINT('',(120.15981178155,3.116699158746E-14,
    173.05850384151));
#445 = CARTESIAN_POINT('',(130.55694051187,3.172619693908E-14,
    176.16355943276));
#446 = CARTESIAN_POINT('',(141.19811889424,3.218750453222E-14,
    178.72502583722));
#447 = CARTESIAN_POINT('',(152.05426556492,3.255171486905E-14,
    180.74734794036));
#448 = CARTESIAN_POINT('',(163.09572202625,3.281992200344E-14,
    182.23660060908));
#449 = CARTESIAN_POINT('',(174.2923290719,3.299348375531E-14,
    183.20032330327));
#450 = CARTESIAN_POINT('',(185.6135056173,3.307399341346E-14,
    183.64736295241));
#451 = CARTESIAN_POINT('',(197.02832966683,3.306325309006E-14,
    183.58772600305));
#452 = CARTESIAN_POINT('',(208.50562108967,3.296324883633E-14,
    183.03244024569));
#453 = CARTESIAN_POINT('',(220.01402584875,3.277612758268E-14,
    181.99342677202));
#454 = CARTESIAN_POINT('',(231.52210132128,3.250417592617E-14,
    180.48338218976));
#455 = CARTESIAN_POINT('',(242.99840235649,3.214980075374E-14,
    178.51567103074));
#456 = CARTESIAN_POINT('',(254.4115677309,3.171551166038E-14,
    176.10422812578));
#457 = CARTESIAN_POINT('',(265.73040667816,3.120390509747E-14,
    173.26347058642));
#458 = CARTESIAN_POINT('',(276.9239851882,3.061765016725E-14,
    170.00821892667));
#459 = CARTESIAN_POINT('',(287.96171178539,2.995947596418E-14,
    166.35362677488));
#460 = CARTESIAN_POINT('',(298.81342250829,2.92321603531E-14,
    162.31511856274));
#461 = CARTESIAN_POINT('',(309.44946482196,2.843852006547E-14,
    157.90833453354));
#462 = CARTESIAN_POINT('',(319.84078019677,2.758140198934E-14,
    153.14908237877));
#463 = CARTESIAN_POINT('',(329.95898508398,2.666367552487E-14,
    148.05329479109));
#464 = CARTESIAN_POINT('',(339.77645000414,2.568822587346E-14,
    142.63699220146));
#465 = CARTESIAN_POINT('',(349.26637643638,2.465794812997E-14,
    136.91624997554));
#466 = CARTESIAN_POINT('',(358.40287114861,2.357574203553E-14,
    130.9071692779));
#467 = CARTESIAN_POINT('',(367.16101753199,2.244450729102E-14,
    124.62585104961));
#468 = CARTESIAN_POINT('',(375.51694338831,2.126713918972E-14,
    118.08837175809));
#469 = CARTESIAN_POINT('',(383.44788445403,2.004652487463E-14,
    111.31076261533));
#470 = CARTESIAN_POINT('',(390.93224272186,1.878553865856E-14,
    104.30898359194));
#471 = CARTESIAN_POINT('',(397.94963834308,1.748704169648E-14,
    97.098921598341));
#472 = CARTESIAN_POINT('',(404.48095359493,1.6153867264E-14,
    89.696308741186));
#473 = CARTESIAN_POINT('',(410.50836717484,1.478885887576E-14,
    82.116933980627));
#474 = CARTESIAN_POINT('',(416.01537714849,1.339472473564E-14,
    74.375834947512));
#475 = CARTESIAN_POINT('',(420.98681162079,1.197454854726E-14,
    66.4901342804));
#476 = CARTESIAN_POINT('',(425.40882820505,1.052999130523E-14,
    58.469054853531));
#477 = CARTESIAN_POINT('',(429.26890730168,9.067680650655E-15,
    50.349397448623));
#478 = CARTESIAN_POINT('',(432.55585032504,7.576613167028E-15,
    42.070064259884));
#479 = CARTESIAN_POINT('',(435.25980119097,6.108623635421E-15,
    33.918874200938));
#480 = CARTESIAN_POINT('',(437.37231377972,4.490852757227E-15,
    24.936005034598));
#481 = CARTESIAN_POINT('',(438.88648307353,3.360489895649E-15,
    18.659528042144));
#482 = CARTESIAN_POINT('',(439.79713720509,4.110762009727E-16,
    2.282550502366));
#483 = CARTESIAN_POINT('',(440.,2.90068832132E-15,16.106423989929));
#484 = CARTESIAN_POINT('',(440.,7.006492321624E-46,3.321787289678E-14));
#485 = CARTESIAN_POINT('',(0.,0.,0.));
#486 = CARTESIAN_POINT('',(-1.517709776809E-16,-2.367767904529,
    0.9295813772));
#487 = CARTESIAN_POINT('',(0.20137251643,-7.090222947472,2.78360864659)
  );
#488 = CARTESIAN_POINT('',(1.106555028273,-14.15524895412,5.557325019995
    ));
#489 = CARTESIAN_POINT('',(2.612478719235,-21.15703624196,8.306213987296
    ));
#490 = CARTESIAN_POINT('',(4.715069043559,-28.07069119531,
    11.020502360208));
#491 = CARTESIAN_POINT('',(7.408615827215,-34.86656548641,
    13.688550259122));
#492 = CARTESIAN_POINT('',(10.685771483262,-41.51751238203,
    16.299699925898));
#493 = CARTESIAN_POINT('',(14.53755399099,-47.99722145816,
    18.843621935874));
#494 = CARTESIAN_POINT('',(18.953357658047,-54.28093278705,
    21.310595586398));
#495 = CARTESIAN_POINT('',(23.920974240388,-60.34547888245,
    23.691525364469));
#496 = CARTESIAN_POINT('',(29.426625981005,-66.16947306857,
    25.978014900027));
#497 = CARTESIAN_POINT('',(35.455010717612,-71.73341784538,
    28.16240950999));
#498 = CARTESIAN_POINT('',(41.98935772736,-77.01979116667,
    30.237830070847));
#499 = CARTESIAN_POINT('',(49.011491800079,-82.0130933847,32.19819144906
    ));
#500 = CARTESIAN_POINT('',(56.501902447636,-86.69986040021,
    34.038207663723));
#501 = CARTESIAN_POINT('',(64.439815257763,-91.06864463288,
    35.753384415601));
#502 = CARTESIAN_POINT('',(72.803263064968,-95.10996833556,
    37.340000758384));
#503 = CARTESIAN_POINT('',(81.569155576151,-98.81625411748,
    38.795081822229));
#504 = CARTESIAN_POINT('',(90.713347064973,-102.1817378363,
    40.116364615336));
#505 = CARTESIAN_POINT('',(100.21070251838,-105.2023686971,
    41.302258802956));
#506 = CARTESIAN_POINT('',(110.0351630788,-107.8757008274,
    42.351804140006));
#507 = CARTESIAN_POINT('',(120.15981178155,-110.2007799027,
    43.264625960378));
#508 = CARTESIAN_POINT('',(130.55694051187,-112.1780277131,
    44.04088985819));
#509 = CARTESIAN_POINT('',(141.19811889424,-113.809126961,
    44.681256459306));
#510 = CARTESIAN_POINT('',(152.05426556492,-115.0969080757,
    45.186836985091));
#511 = CARTESIAN_POINT('',(163.09572202625,-116.0452394314,
    45.559150152271));
#512 = CARTESIAN_POINT('',(174.2923290719,-116.6589220309,
    45.800080825819));
#513 = CARTESIAN_POINT('',(185.6135056173,-116.943589452,45.911840738105
    ));
#514 = CARTESIAN_POINT('',(197.02832966683,-116.9056136335,
    45.896931500764));
#515 = CARTESIAN_POINT('',(208.50562108967,-116.5520168892,
    45.758110061425));
#516 = CARTESIAN_POINT('',(220.01402584875,-115.8903903723,
    45.498356693007));
#517 = CARTESIAN_POINT('',(231.52210132128,-114.9288190715,
    45.12084554744));
#518 = CARTESIAN_POINT('',(242.99840235649,-113.6758132987,
    44.628917757686));
#519 = CARTESIAN_POINT('',(254.4115677309,-112.1402465226,
    44.026057031447));
#520 = CARTESIAN_POINT('',(265.73040667816,-110.3312993203,
    43.315867646605));
#521 = CARTESIAN_POINT('',(276.9239851882,-108.258409149,42.502054731669
    ));
#522 = CARTESIAN_POINT('',(287.96171178539,-105.9312255872,
    41.588406693721));
#523 = CARTESIAN_POINT('',(298.81342250829,-103.359570657,
    40.578779640686));
#524 = CARTESIAN_POINT('',(309.44946482196,-100.5534038053,
    39.477083633386));
#525 = CARTESIAN_POINT('',(319.84078019677,-97.52279110757,
    38.287270594695));
#526 = CARTESIAN_POINT('',(329.95898508398,-94.27787823755,
    37.013323697774));
#527 = CARTESIAN_POINT('',(339.77645000414,-90.82886673961,
    35.659248050366));
#528 = CARTESIAN_POINT('',(349.26637643638,-87.1859931395,
    34.229062493886));
#529 = CARTESIAN_POINT('',(358.40287114861,-83.3595103913,
    32.726792319477));
#530 = CARTESIAN_POINT('',(367.16101753199,-79.35967130677,
    31.156462762403));
#531 = CARTESIAN_POINT('',(375.51694338831,-75.19671311327,
    29.522092939525));
#532 = CARTESIAN_POINT('',(383.44788445403,-70.88084422021,
    27.827690653833));
#533 = CARTESIAN_POINT('',(390.93224272186,-66.42222767173,
    26.077245897985));
#534 = CARTESIAN_POINT('',(397.94963834308,-61.8309799884,
    24.274730399585));
#535 = CARTESIAN_POINT('',(404.48095359493,-57.11711911438,
    22.424077185296));
#536 = CARTESIAN_POINT('',(410.50836717484,-52.29069919714,
    20.529233495157));
#537 = CARTESIAN_POINT('',(416.01537714849,-47.36129595016,
    18.593958736878));
#538 = CARTESIAN_POINT('',(420.98681162079,-42.33981278519,16.6225335701
    ));
#539 = CARTESIAN_POINT('',(425.40882820505,-37.23212267531,
    14.617263713383));
#540 = CARTESIAN_POINT('',(429.26890730168,-32.06165974687,
    12.587349362156));
#541 = CARTESIAN_POINT('',(432.55585032504,-26.78951793228,
    10.517516064971));
#542 = CARTESIAN_POINT('',(435.25980119097,-21.59897553366,
    8.479718550235));
#543 = CARTESIAN_POINT('',(437.37231377972,-15.87883369769,
    6.234001258649));
#544 = CARTESIAN_POINT('',(438.88648307353,-11.8820774317,4.664882010536
    ));
#545 = CARTESIAN_POINT('',(439.79713720509,-1.453490235639,
    0.570637625591));
#546 = CARTESIAN_POINT('',(440.,-10.25630319073,4.026605997482));
#547 = CARTESIAN_POINT('',(440.,0.,3.321787289678E-14));
#548 = CARTESIAN_POINT('',(0.,0.,0.));
#549 = CARTESIAN_POINT('',(3.035419553617E-16,-4.735535809058,
    -1.859162754399));
#550 = CARTESIAN_POINT('',(0.20137251643,-14.18044589494,-5.567217293179
    ));
#551 = CARTESIAN_POINT('',(1.106555028273,-28.31049790824,
    -11.11465003998));
#552 = CARTESIAN_POINT('',(2.612478719235,-42.31407248392,
    -16.61242797459));
#553 = CARTESIAN_POINT('',(4.715069043559,-56.14138239062,
    -22.04100472041));
#554 = CARTESIAN_POINT('',(7.408615827215,-69.73313097282,
    -27.37710051824));
#555 = CARTESIAN_POINT('',(10.685771483262,-83.03502476406,
    -32.59939985179));
#556 = CARTESIAN_POINT('',(14.53755399099,-95.99444291633,
    -37.68724387174));
#557 = CARTESIAN_POINT('',(18.953357658047,-108.5618655741,
    -42.62119117279));
#558 = CARTESIAN_POINT('',(23.920974240388,-120.6909577649,
    -47.38305072893));
#559 = CARTESIAN_POINT('',(29.426625981005,-132.3389461371,
    -51.95602980005));
#560 = CARTESIAN_POINT('',(35.455010717612,-143.4668356907,
    -56.32481901997));
#561 = CARTESIAN_POINT('',(41.98935772736,-154.0395823333,
    -60.47566014169));
#562 = CARTESIAN_POINT('',(49.011491800079,-164.0261867694,
    -64.39638289812));
#563 = CARTESIAN_POINT('',(56.501902447636,-173.3997208004,
    -68.07641532744));
#564 = CARTESIAN_POINT('',(64.439815257763,-182.1372892657,
    -71.5067688312));
#565 = CARTESIAN_POINT('',(72.803263064969,-190.2199366711,
    -74.68000151676));
#566 = CARTESIAN_POINT('',(81.569155576151,-197.6325082349,
    -77.59016364445));
#567 = CARTESIAN_POINT('',(90.713347064973,-204.3634756727,
    -80.23272923067));
#568 = CARTESIAN_POINT('',(100.21070251838,-210.4047373943,
    -82.60451760591));
#569 = CARTESIAN_POINT('',(110.0351630788,-215.7514016549,
    -84.70360828001));
#570 = CARTESIAN_POINT('',(120.15981178155,-220.4015598054,
    -86.52925192075));
#571 = CARTESIAN_POINT('',(130.55694051187,-224.3560554262,
    -88.08177971638));
#572 = CARTESIAN_POINT('',(141.19811889424,-227.6182539221,
    -89.36251291861));
#573 = CARTESIAN_POINT('',(152.05426556492,-230.1938161514,
    -90.37367397018));
#574 = CARTESIAN_POINT('',(163.09572202625,-232.0904788629,
    -91.11830030454));
#575 = CARTESIAN_POINT('',(174.2923290719,-233.3178440619,
    -91.60016165163));
#576 = CARTESIAN_POINT('',(185.6135056173,-233.8871789041,-91.8236814762
    ));
#577 = CARTESIAN_POINT('',(197.02832966683,-233.8112272671,
    -91.79386300152));
#578 = CARTESIAN_POINT('',(208.50562108967,-233.1040337785,
    -91.51622012284));
#579 = CARTESIAN_POINT('',(220.01402584875,-231.7807807446,
    -90.99671338601));
#580 = CARTESIAN_POINT('',(231.52210132128,-229.857638143,
    -90.24169109488));
#581 = CARTESIAN_POINT('',(242.99840235649,-227.3516265974,
    -89.25783551537));
#582 = CARTESIAN_POINT('',(254.4115677309,-224.2804930452,
    -88.05211406289));
#583 = CARTESIAN_POINT('',(265.73040667816,-220.6625986407,
    -86.63173529321));
#584 = CARTESIAN_POINT('',(276.9239851882,-216.516818298,-85.00410946333
    ));
#585 = CARTESIAN_POINT('',(287.96171178539,-211.8624511745,
    -83.17681338744));
#586 = CARTESIAN_POINT('',(298.81342250829,-206.7191413141,
    -81.15755928137));
#587 = CARTESIAN_POINT('',(309.44946482196,-201.1068076107,
    -78.95416726677));
#588 = CARTESIAN_POINT('',(319.84078019677,-195.0455822151,
    -76.57454118938));
#589 = CARTESIAN_POINT('',(329.95898508398,-188.5557564751,
    -74.02664739554));
#590 = CARTESIAN_POINT('',(339.77645000414,-181.6577334792,
    -71.31849610073));
#591 = CARTESIAN_POINT('',(349.26637643638,-174.371986279,
    -68.45812498777));
#592 = CARTESIAN_POINT('',(358.40287114861,-166.7190207826,
    -65.45358463895));
#593 = CARTESIAN_POINT('',(367.16101753199,-158.7193426135,
    -62.3129255248));
#594 = CARTESIAN_POINT('',(375.51694338831,-150.3934262265,
    -59.04418587904));
#595 = CARTESIAN_POINT('',(383.44788445403,-141.7616884404,
    -55.65538130766));
#596 = CARTESIAN_POINT('',(390.93224272186,-132.8444553434,
    -52.15449179597));
#597 = CARTESIAN_POINT('',(397.94963834308,-123.6619599768,
    -48.54946079917));
#598 = CARTESIAN_POINT('',(404.48095359493,-114.2342382287,
    -44.84815437059));
#599 = CARTESIAN_POINT('',(410.50836717484,-104.5813983942,
    -41.05846699031));
#600 = CARTESIAN_POINT('',(416.01537714849,-94.72259190032,
    -37.18791747375));
#601 = CARTESIAN_POINT('',(420.98681162079,-84.67962557039,
    -33.2450671402));
#602 = CARTESIAN_POINT('',(425.40882820505,-74.46424535062,
    -29.23452742676));
#603 = CARTESIAN_POINT('',(429.26890730168,-64.12331949374,
    -25.17469872431));
#604 = CARTESIAN_POINT('',(432.55585032504,-53.57903586456,
    -21.03503212994));
#605 = CARTESIAN_POINT('',(435.25980119097,-43.19795106732,
    -16.95943710046));
#606 = CARTESIAN_POINT('',(437.37231377972,-31.75766739538,
    -12.46800251729));
#607 = CARTESIAN_POINT('',(438.88648307353,-23.76415486341,
    -9.329764021072));
#608 = CARTESIAN_POINT('',(439.79713720509,-2.906980471279,
    -1.141275251183));
#609 = CARTESIAN_POINT('',(440.,-20.51260638147,-8.053211994964));
#610 = CARTESIAN_POINT('',(440.,-6.310887241768E-30,3.321787289678E-14)
  );
#611 = CARTESIAN_POINT('',(0.,0.,0.));
#612 = CARTESIAN_POINT('',(3.035419553617E-16,0.,-1.859162754399));
#613 = CARTESIAN_POINT('',(0.20137251643,0.,-5.567217293179));
#614 = CARTESIAN_POINT('',(1.106555028273,0.,-11.11465003998));
#615 = CARTESIAN_POINT('',(2.612478719235,0.,-16.61242797459));
#616 = CARTESIAN_POINT('',(4.715069043559,0.,-22.04100472041));
#617 = CARTESIAN_POINT('',(7.408615827215,0.,-27.37710051824));
#618 = CARTESIAN_POINT('',(10.685771483262,0.,-32.59939985179));
#619 = CARTESIAN_POINT('',(14.53755399099,0.,-37.68724387174));
#620 = CARTESIAN_POINT('',(18.953357658047,0.,-42.62119117279));
#621 = CARTESIAN_POINT('',(23.920974240388,0.,-47.38305072893));
#622 = CARTESIAN_POINT('',(29.426625981005,0.,-51.95602980005));
#623 = CARTESIAN_POINT('',(35.455010717612,0.,-56.32481901997));
#624 = CARTESIAN_POINT('',(41.98935772736,0.,-60.47566014169));
#625 = CARTESIAN_POINT('',(49.011491800079,0.,-64.39638289812));
#626 = CARTESIAN_POINT('',(56.501902447636,0.,-68.07641532744));
#627 = CARTESIAN_POINT('',(64.439815257763,0.,-71.5067688312));
#628 = CARTESIAN_POINT('',(72.803263064969,0.,-74.68000151676));
#629 = CARTESIAN_POINT('',(81.569155576151,0.,-77.59016364445));
#630 = CARTESIAN_POINT('',(90.713347064973,0.,-80.23272923067));
#631 = CARTESIAN_POINT('',(100.21070251838,0.,-82.60451760591));
#632 = CARTESIAN_POINT('',(110.0351630788,0.,-84.70360828001));
#633 = CARTESIAN_POINT('',(120.15981178155,0.,-86.52925192075));
#634 = CARTESIAN_POINT('',(130.55694051187,0.,-88.08177971638));
#635 = CARTESIAN_POINT('',(141.19811889424,0.,-89.36251291861));
#636 = CARTESIAN_POINT('',(152.05426556492,0.,-90.37367397018));
#637 = CARTESIAN_POINT('',(163.09572202625,0.,-91.11830030454));
#638 = CARTESIAN_POINT('',(174.2923290719,0.,-91.60016165163));
#639 = CARTESIAN_POINT('',(185.6135056173,0.,-91.8236814762));
#640 = CARTESIAN_POINT('',(197.02832966683,0.,-91.79386300152));
#641 = CARTESIAN_POINT('',(208.50562108967,0.,-91.51622012284));
#642 = CARTESIAN_POINT('',(220.01402584875,0.,-90.99671338601));
#643 = CARTESIAN_POINT('',(231.52210132128,0.,-90.24169109488));
#644 = CARTESIAN_POINT('',(242.99840235649,0.,-89.25783551537));
#645 = CARTESIAN_POINT('',(254.4115677309,0.,-88.05211406289));
#646 = CARTESIAN_POINT('',(265.73040667816,0.,-86.63173529321));
#647 = CARTESIAN_POINT('',(276.9239851882,0.,-85.00410946333));
#648 = CARTESIAN_POINT('',(287.96171178539,0.,-83.17681338744));
#649 = CARTESIAN_POINT('',(298.81342250829,0.,-81.15755928137));
#650 = CARTESIAN_POINT('',(309.44946482196,0.,-78.95416726677));
#651 = CARTESIAN_POINT('',(319.84078019677,0.,-76.57454118938));
#652 = CARTESIAN_POINT('',(329.95898508398,0.,-74.02664739554));
#653 = CARTESIAN_POINT('',(339.77645000414,0.,-71.31849610073));
#654 = CARTESIAN_POINT('',(349.26637643638,0.,-68.45812498777));
#655 = CARTESIAN_POINT('',(358.40287114861,0.,-65.45358463895));
#656 = CARTESIAN_POINT('',(367.16101753199,0.,-62.3129255248));
#657 = CARTESIAN_POINT('',(375.51694338831,0.,-59.04418587904));
#658 = CARTESIAN_POINT('',(383.44788445403,0.,-55.65538130766));
#659 = CARTESIAN_POINT('',(390.93224272186,0.,-52.15449179597));
#660 = CARTESIAN_POINT('',(397.94963834308,0.,-48.54946079917));
#661 = CARTESIAN_POINT('',(404.48095359493,0.,-44.84815437059));
#662 = CARTESIAN_POINT('',(410.50836717484,0.,-41.05846699031));
#663 = CARTESIAN_POINT('',(416.01537714849,0.,-37.18791747375));
#664 = CARTESIAN_POINT('',(420.98681162079,0.,-33.2450671402));
#665 = CARTESIAN_POINT('',(425.40882820505,0.,-29.23452742676));
#666 = CARTESIAN_POINT('',(429.26890730168,0.,-25.17469872431));
#667 = CARTESIAN_POINT('',(432.55585032504,0.,-21.03503212994));
#668 = CARTESIAN_POINT('',(435.25980119097,0.,-16.95943710046));
#669 = CARTESIAN_POINT('',(437.37231377972,0.,-12.46800251729));
#670 = CARTESIAN_POINT('',(438.88648307353,0.,-9.329764021072));
#671 = CARTESIAN_POINT('',(439.79713720509,0.,-1.141275251183));
#672 = CARTESIAN_POINT('',(440.,0.,-8.053211994964));
#673 = CARTESIAN_POINT('',(440.,0.,3.321787289678E-14));
#674 = DEFINITIONAL_REPRESENTATION('',(#675),#881);
#675 = B_SPLINE_CURVE_WITH_KNOTS('',8,(#676,#677,#678,#679,#680,#681,
    #682,#683,#684,#685,#686,#687,#688,#689,#690,#691,#692,#693,#694,
    #695,#696,#697,#698,#699,#700,#701,#702,#703,#704,#705,#706,#707,
    #708,#709,#710,#711,#712,#713,#714,#715,#716,#717,#718,#719,#720,
    #721,#722,#723,#724,#725,#726,#727,#728,#729,#730,#731,#732,#733,
    #734,#735,#736,#737,#738,#739,#740,#741,#742,#743,#744,#745,#746,
    #747,#748,#749,#750,#751,#752,#753,#754,#755,#756,#757,#758,#759,
    #760,#761,#762,#763,#764,#765,#766,#767,#768,#769,#770,#771,#772,
    #773,#774,#775,#776,#777,#778,#779,#780,#781,#782,#783,#784,#785,
    #786,#787,#788,#789,#790,#791,#792,#793,#794,#795,#796,#797,#798,
    #799,#800,#801,#802,#803,#804,#805,#806,#807,#808,#809,#810,#811,
    #812,#813,#814,#815,#816,#817,#818,#819,#820,#821,#822,#823,#824,
    #825,#826,#827,#828,#829,#830,#831,#832,#833,#834,#835,#836,#837,
    #838,#839,#840,#841,#842,#843,#844,#845,#846,#847,#848,#849,#850,
    #851,#852,#853,#854,#855,#856,#857,#858,#859,#860,#861,#862,#863,
    #864,#865,#866,#867,#868,#869,#870,#871,#872,#873,#874,#875,#876,
    #877,#878,#879,#880),.UNSPECIFIED.,.F.,.F.,(9,7,7,7,7,7,7,7,7,7,7,7,
    7,7,7,7,7,7,7,7,7,7,7,7,7,7,7,7,7,9),(0.,6.427472319932E-02,
    0.132734415189,0.172496344327,0.201337821385,0.226151959883,
    0.24612155176,0.275416014652,0.29079205177,0.305173624299,
    0.311933460962,0.319500172476,0.360317585653,0.393537715198,
    0.419963805229,0.494222837305,0.568481869379,0.59490795941,
    0.628128088955,0.668945502132,0.675900554486,0.698560721325,
    0.714499745483,0.744866812635,0.765567582599,0.791290280192,
    0.821187775628,0.862405570838,0.93337188524,1.),.UNSPECIFIED.);
#676 = CARTESIAN_POINT('',(6.28318530718,451.7187730085));
#677 = CARTESIAN_POINT('',(6.230630310953,451.7187730085));
#678 = CARTESIAN_POINT('',(6.179586436426,451.7187730085));
#679 = CARTESIAN_POINT('',(6.129814693902,451.7187730085));
#680 = CARTESIAN_POINT('',(6.081113882747,451.7187730085));
#681 = CARTESIAN_POINT('',(6.033305860645,451.7187730085));
#682 = CARTESIAN_POINT('',(5.98622675535,451.7187730085));
#683 = CARTESIAN_POINT('',(5.939720093142,451.7187730085));
#684 = CARTESIAN_POINT('',(5.844534445296,451.7187730085));
#685 = CARTESIAN_POINT('',(5.795929753546,451.7187730085));
#686 = CARTESIAN_POINT('',(5.747611023102,451.7187730085));
#687 = CARTESIAN_POINT('',(5.69939892229,451.7187730085));
#688 = CARTESIAN_POINT('',(5.651122815562,451.7187730085));
#689 = CARTESIAN_POINT('',(5.602608468594,451.7187730085));
#690 = CARTESIAN_POINT('',(5.553667819901,451.7187730085));
#691 = CARTESIAN_POINT('',(5.475263715187,451.7187730085));
#692 = CARTESIAN_POINT('',(5.446244199622,451.7187730085));
#693 = CARTESIAN_POINT('',(5.416968414084,451.7187730085));
#694 = CARTESIAN_POINT('',(5.387395155556,451.7187730085));
#695 = CARTESIAN_POINT('',(5.357484122382,451.7187730085));
#696 = CARTESIAN_POINT('',(5.327194684304,451.7187730085));
#697 = CARTESIAN_POINT('',(5.296484686471,451.7187730085));
#698 = CARTESIAN_POINT('',(5.242696084886,451.7187730085));
#699 = CARTESIAN_POINT('',(5.219840339406,451.7187730085));
#700 = CARTESIAN_POINT('',(5.196725830576,451.7187730085));
#701 = CARTESIAN_POINT('',(5.173337969241,451.7187730085));
#702 = CARTESIAN_POINT('',(5.149663561505,451.7187730085));
#703 = CARTESIAN_POINT('',(5.125690881109,451.7187730085));
#704 = CARTESIAN_POINT('',(5.101410050157,451.7187730085));
#705 = CARTESIAN_POINT('',(5.055651963901,451.7187730085));
#706 = CARTESIAN_POINT('',(5.034256582067,451.7187730085));
#707 = CARTESIAN_POINT('',(5.01262389078,451.7187730085));
#708 = CARTESIAN_POINT('',(4.99075158932,451.7187730085));
#709 = CARTESIAN_POINT('',(4.968638902527,451.7187730085));
#710 = CARTESIAN_POINT('',(4.946287002875,451.7187730085));
#711 = CARTESIAN_POINT('',(4.923699720275,451.7187730085));
#712 = CARTESIAN_POINT('',(4.882523642376,451.7187730085));
#713 = CARTESIAN_POINT('',(4.864014005079,451.7187730085));
#714 = CARTESIAN_POINT('',(4.845359769666,451.7187730085));
#715 = CARTESIAN_POINT('',(4.826565197678,451.7187730085));
#716 = CARTESIAN_POINT('',(4.807634940458,451.7187730085));
#717 = CARTESIAN_POINT('',(4.788574309358,451.7187730085));
#718 = CARTESIAN_POINT('',(4.769389545948,451.7187730085));
#719 = CARTESIAN_POINT('',(4.721773756951,451.7187730085));
#720 = CARTESIAN_POINT('',(4.693202459066,451.7187730085));
#721 = CARTESIAN_POINT('',(4.664401045381,451.7187730085));
#722 = CARTESIAN_POINT('',(4.63539112379,451.7187730085));
#723 = CARTESIAN_POINT('',(4.606190910095,451.7187730085));
#724 = CARTESIAN_POINT('',(4.576816776955,451.7187730085));
#725 = CARTESIAN_POINT('',(4.547284504967,451.7187730085));
#726 = CARTESIAN_POINT('',(4.502034846584,451.7187730085));
#727 = CARTESIAN_POINT('',(4.486419219124,451.7187730085));
#728 = CARTESIAN_POINT('',(4.470764976082,451.7187730085));
#729 = CARTESIAN_POINT('',(4.45507336637,451.7187730085));
#730 = CARTESIAN_POINT('',(4.439345289666,451.7187730085));
#731 = CARTESIAN_POINT('',(4.423581320887,451.7187730085));
#732 = CARTESIAN_POINT('',(4.407781734647,451.7187730085));
#733 = CARTESIAN_POINT('',(4.377135486637,451.7187730085));
#734 = CARTESIAN_POINT('',(4.362293264065,451.7187730085));
#735 = CARTESIAN_POINT('',(4.347419801483,451.7187730085));
#736 = CARTESIAN_POINT('',(4.332514811057,451.7187730085));
#737 = CARTESIAN_POINT('',(4.317577780331,451.7187730085));
#738 = CARTESIAN_POINT('',(4.302607974915,451.7187730085));
#739 = CARTESIAN_POINT('',(4.287604441165,451.7187730085));
#740 = CARTESIAN_POINT('',(4.265497425409,451.7187730085));
#741 = CARTESIAN_POINT('',(4.25842884194,451.7187730085));
#742 = CARTESIAN_POINT('',(4.251360258472,451.7187730085));
#743 = CARTESIAN_POINT('',(4.244291675002,451.7187730085));
#744 = CARTESIAN_POINT('',(4.237223091531,451.7187730085));
#745 = CARTESIAN_POINT('',(4.230154508058,451.7187730085));
#746 = CARTESIAN_POINT('',(4.223085924586,451.7187730085));
#747 = CARTESIAN_POINT('',(4.208105029831,451.7187730085));
#748 = CARTESIAN_POINT('',(4.200267338685,451.7187730085));
#749 = CARTESIAN_POINT('',(4.192299101301,451.7187730085));
#750 = CARTESIAN_POINT('',(4.184315095323,451.7187730085));
#751 = CARTESIAN_POINT('',(4.176436256953,451.7187730085));
#752 = CARTESIAN_POINT('',(4.168655984592,451.7187730085));
#753 = CARTESIAN_POINT('',(4.160886531581,451.7187730085));
#754 = CARTESIAN_POINT('',(4.111643442304,451.7187730085));
#755 = CARTESIAN_POINT('',(4.071683224929,451.7187730085));
#756 = CARTESIAN_POINT('',(4.033154815775,451.7187730085));
#757 = CARTESIAN_POINT('',(3.995927964375,451.7187730085));
#758 = CARTESIAN_POINT('',(3.959887297469,451.7187730085));
#759 = CARTESIAN_POINT('',(3.924928379797,451.7187730085));
#760 = CARTESIAN_POINT('',(3.890954728138,451.7187730085));
#761 = CARTESIAN_POINT('',(3.830953764128,451.7187730085));
#762 = CARTESIAN_POINT('',(3.804627259316,451.7187730085));
#763 = CARTESIAN_POINT('',(3.778848767358,451.7187730085));
#764 = CARTESIAN_POINT('',(3.753575914102,451.7187730085));
#765 = CARTESIAN_POINT('',(3.728770279222,451.7187730085));
#766 = CARTESIAN_POINT('',(3.704396463293,451.7187730085));
#767 = CARTESIAN_POINT('',(3.680421390754,451.7187730085));
#768 = CARTESIAN_POINT('',(3.638034420817,451.7187730085));
#769 = CARTESIAN_POINT('',(3.619487981959,451.7187730085));
#770 = CARTESIAN_POINT('',(3.601159040372,451.7187730085));
#771 = CARTESIAN_POINT('',(3.583033171706,451.7187730085));
#772 = CARTESIAN_POINT('',(3.565096863481,451.7187730085));
#773 = CARTESIAN_POINT('',(3.547337359466,451.7187730085));
#774 = CARTESIAN_POINT('',(3.529742504069,451.7187730085));
#775 = CARTESIAN_POINT('',(3.463287664303,451.7187730085));
#776 = CARTESIAN_POINT('',(3.415491248503,451.7187730085));
#777 = CARTESIAN_POINT('',(3.368641740108,451.7187730085));
#778 = CARTESIAN_POINT('',(3.322520579919,451.7187730085));
#779 = CARTESIAN_POINT('',(3.276934710965,451.7187730085));
#780 = CARTESIAN_POINT('',(3.231703787665,451.7187730085));
#781 = CARTESIAN_POINT('',(3.186651534106,451.7187730085));
#782 = CARTESIAN_POINT('',(3.096533773074,451.7187730085));
#783 = CARTESIAN_POINT('',(3.051481519514,451.7187730085));
#784 = CARTESIAN_POINT('',(3.006250596216,451.7187730085));
#785 = CARTESIAN_POINT('',(2.960664727261,451.7187730085));
#786 = CARTESIAN_POINT('',(2.914543567071,451.7187730085));
#787 = CARTESIAN_POINT('',(2.867694058678,451.7187730085));
#788 = CARTESIAN_POINT('',(2.819897642877,451.7187730085));
#789 = CARTESIAN_POINT('',(2.753442803111,451.7187730085));
#790 = CARTESIAN_POINT('',(2.735847947714,451.7187730085));
#791 = CARTESIAN_POINT('',(2.718088443699,451.7187730085));
#792 = CARTESIAN_POINT('',(2.700152135474,451.7187730085));
#793 = CARTESIAN_POINT('',(2.682026266808,451.7187730085));
#794 = CARTESIAN_POINT('',(2.663697325221,451.7187730085));
#795 = CARTESIAN_POINT('',(2.645150886363,451.7187730085));
#796 = CARTESIAN_POINT('',(2.602763916426,451.7187730085));
#797 = CARTESIAN_POINT('',(2.578788843887,451.7187730085));
#798 = CARTESIAN_POINT('',(2.554415027958,451.7187730085));
#799 = CARTESIAN_POINT('',(2.529609393078,451.7187730085));
#800 = CARTESIAN_POINT('',(2.504336539821,451.7187730085));
#801 = CARTESIAN_POINT('',(2.478558047864,451.7187730085));
#802 = CARTESIAN_POINT('',(2.452231543052,451.7187730085));
#803 = CARTESIAN_POINT('',(2.392230579042,451.7187730085));
#804 = CARTESIAN_POINT('',(2.358256927383,451.7187730085));
#805 = CARTESIAN_POINT('',(2.323298009711,451.7187730085));
#806 = CARTESIAN_POINT('',(2.287257342805,451.7187730085));
#807 = CARTESIAN_POINT('',(2.250030491404,451.7187730085));
#808 = CARTESIAN_POINT('',(2.211502082251,451.7187730085));
#809 = CARTESIAN_POINT('',(2.171541864876,451.7187730085));
#810 = CARTESIAN_POINT('',(2.12292129356,451.7187730085));
#811 = CARTESIAN_POINT('',(2.11586826123,451.7187730085));
#812 = CARTESIAN_POINT('',(2.108803929861,451.7187730085));
#813 = CARTESIAN_POINT('',(2.101725468027,451.7187730085));
#814 = CARTESIAN_POINT('',(2.094647020051,451.7187730085));
#815 = CARTESIAN_POINT('',(2.087582720892,451.7187730085));
#816 = CARTESIAN_POINT('',(2.080529711033,451.7187730085));
#817 = CARTESIAN_POINT('',(2.050388586949,451.7187730085));
#818 = CARTESIAN_POINT('',(2.02741685604,451.7187730085));
#819 = CARTESIAN_POINT('',(2.004529952353,451.7187730085));
#820 = CARTESIAN_POINT('',(1.981723092075,451.7187730085));
#821 = CARTESIAN_POINT('',(1.958992596803,451.7187730085));
#822 = CARTESIAN_POINT('',(1.936335852823,451.7187730085));
#823 = CARTESIAN_POINT('',(1.91375134674,451.7187730085));
#824 = CARTESIAN_POINT('',(1.875403572533,451.7187730085));
#825 = CARTESIAN_POINT('',(1.859603986292,451.7187730085));
#826 = CARTESIAN_POINT('',(1.843840017514,451.7187730085));
#827 = CARTESIAN_POINT('',(1.82811194081,451.7187730085));
#828 = CARTESIAN_POINT('',(1.812420331098,451.7187730085));
#829 = CARTESIAN_POINT('',(1.796766088056,451.7187730085));
#830 = CARTESIAN_POINT('',(1.781150460596,451.7187730085));
#831 = CARTESIAN_POINT('',(1.735900802213,451.7187730085));
#832 = CARTESIAN_POINT('',(1.706368530225,451.7187730085));
#833 = CARTESIAN_POINT('',(1.676994397085,451.7187730085));
#834 = CARTESIAN_POINT('',(1.64779418339,451.7187730085));
#835 = CARTESIAN_POINT('',(1.618784261799,451.7187730085));
#836 = CARTESIAN_POINT('',(1.589982848114,451.7187730085));
#837 = CARTESIAN_POINT('',(1.561411550229,451.7187730085));
#838 = CARTESIAN_POINT('',(1.513795761232,451.7187730085));
#839 = CARTESIAN_POINT('',(1.494610997822,451.7187730085));
#840 = CARTESIAN_POINT('',(1.475550366721,451.7187730085));
#841 = CARTESIAN_POINT('',(1.456620109502,451.7187730085));
#842 = CARTESIAN_POINT('',(1.437825537514,451.7187730085));
#843 = CARTESIAN_POINT('',(1.4191713021,451.7187730085));
#844 = CARTESIAN_POINT('',(1.400661664804,451.7187730085));
#845 = CARTESIAN_POINT('',(1.359485586905,451.7187730085));
#846 = CARTESIAN_POINT('',(1.336898304305,451.7187730085));
#847 = CARTESIAN_POINT('',(1.314546404653,451.7187730085));
#848 = CARTESIAN_POINT('',(1.29243371786,451.7187730085));
#849 = CARTESIAN_POINT('',(1.2705614164,451.7187730085));
#850 = CARTESIAN_POINT('',(1.248928725113,451.7187730085));
#851 = CARTESIAN_POINT('',(1.227533343279,451.7187730085));
#852 = CARTESIAN_POINT('',(1.181775257023,451.7187730085));
#853 = CARTESIAN_POINT('',(1.157494426071,451.7187730085));
#854 = CARTESIAN_POINT('',(1.133521745674,451.7187730085));
#855 = CARTESIAN_POINT('',(1.109847337938,451.7187730085));
#856 = CARTESIAN_POINT('',(1.086459476603,451.7187730085));
#857 = CARTESIAN_POINT('',(1.063344967774,451.7187730085));
#858 = CARTESIAN_POINT('',(1.040489222294,451.7187730085));
#859 = CARTESIAN_POINT('',(0.986700620708,451.7187730085));
#860 = CARTESIAN_POINT('',(0.955990622876,451.7187730085));
#861 = CARTESIAN_POINT('',(0.925701184798,451.7187730085));
#862 = CARTESIAN_POINT('',(0.895790151624,451.7187730085));
#863 = CARTESIAN_POINT('',(0.866216893096,451.7187730085));
#864 = CARTESIAN_POINT('',(0.836941107558,451.7187730085));
#865 = CARTESIAN_POINT('',(0.807921591993,451.7187730085));
#866 = CARTESIAN_POINT('',(0.729517487281,451.7187730085));
#867 = CARTESIAN_POINT('',(0.680576838575,451.7187730085));
#868 = CARTESIAN_POINT('',(0.632062491642,451.7187730085));
#869 = CARTESIAN_POINT('',(0.583786384856,451.7187730085));
#870 = CARTESIAN_POINT('',(0.535574284106,451.7187730085));
#871 = CARTESIAN_POINT('',(0.48725555362,451.7187730085));
#872 = CARTESIAN_POINT('',(0.438650861887,451.7187730085));
#873 = CARTESIAN_POINT('',(0.343465214039,451.7187730085));
#874 = CARTESIAN_POINT('',(0.296958551828,451.7187730085));
#875 = CARTESIAN_POINT('',(0.249879446537,451.7187730085));
#876 = CARTESIAN_POINT('',(0.202071424433,451.7187730085));
#877 = CARTESIAN_POINT('',(0.153370613276,451.7187730085));
#878 = CARTESIAN_POINT('',(0.103598870755,451.7187730085));
#879 = CARTESIAN_POINT('',(5.255499622628E-02,451.7187730085));
#880 = CARTESIAN_POINT('',(0.,451.7187730085));
#881 = ( GEOMETRIC_REPRESENTATION_CONTEXT(2) 
PARAMETRIC_REPRESENTATION_CONTEXT() REPRESENTATION_CONTEXT('2D SPACE',''
  ) );
#882 = PCURVE('',#883,#888);
#883 = PLANE('',#884);
#884 = AXIS2_PLACEMENT_3D('',#885,#886,#887);
#885 = CARTESIAN_POINT('',(374.,-300.,-300.));
#886 = DIRECTION('',(1.,0.,0.));
#887 = DIRECTION('',(0.,0.,1.));
#888 = DEFINITIONAL_REPRESENTATION('',(#889),#1095);
#889 = B_SPLINE_CURVE_WITH_KNOTS('',8,(#890,#891,#892,#893,#894,#895,
    #896,#897,#898,#899,#900,#901,#902,#903,#904,#905,#906,#907,#908,
    #909,#910,#911,#912,#913,#914,#915,#916,#917,#918,#919,#920,#921,
    #922,#923,#924,#925,#926,#927,#928,#929,#930,#931,#932,#933,#934,
    #935,#936,#937,#938,#939,#940,#941,#942,#943,#944,#945,#946,#947,
    #948,#949,#950,#951,#952,#953,#954,#955,#956,#957,#958,#959,#960,
    #961,#962,#963,#964,#965,#966,#967,#968,#969,#970,#971,#972,#973,
    #974,#975,#976,#977,#978,#979,#980,#981,#982,#983,#984,#985,#986,
    #987,#988,#989,#990,#991,#992,#993,#994,#995,#996,#997,#998,#999,
    #1000,#1001,#1002,#1003,#1004,#1005,#1006,#1007,#1008,#1009,#1010,
    #1011,#1012,#1013,#1014,#1015,#1016,#1017,#1018,#1019,#1020,#1021,
    #1022,#1023,#1024,#1025,#1026,#1027,#1028,#1029,#1030,#1031,#1032,
    #1033,#1034,#1035,#1036,#1037,#1038,#1039,#1040,#1041,#1042,#1043,
    #1044,#1045,#1046,#1047,#1048,#1049,#1050,#1051,#1052,#1053,#1054,
    #1055,#1056,#1057,#1058,#1059,#1060,#1061,#1062,#1063,#1064,#1065,
    #1066,#1067,#1068,#1069,#1070,#1071,#1072,#1073,#1074,#1075,#1076,
    #1077,#1078,#1079,#1080,#1081,#1082,#1083,#1084,#1085,#1086,#1087,
    #1088,#1089,#1090,#1091,#1092,#1093,#1094),.UNSPECIFIED.,.F.,.F.,(9,
    7,7,7,7,7,7,7,7,7,7,7,7,7,7,7,7,7,7,7,7,7,7,7,7,7,7,7,7,9),(0.,
    6.427472319932E-02,0.132734415189,0.172496344327,0.201337821385,
    0.226151959883,0.24612155176,0.275416014652,0.29079205177,
    0.305173624299,0.311933460962,0.319500172476,0.360317585653,
    0.393537715198,0.419963805229,0.494222837305,0.568481869379,
    0.59490795941,0.628128088955,0.668945502132,0.675900554486,
    0.698560721325,0.714499745483,0.744866812635,0.765567582599,
    0.791290280192,0.821187775628,0.862405570838,0.93337188524,1.),
  .UNSPECIFIED.);
#890 = CARTESIAN_POINT('',(240.38931373953,-300.));
#891 = CARTESIAN_POINT('',(240.38931383709,-296.1899450222));
#892 = CARTESIAN_POINT('',(240.51800428516,-292.3801774013));
#893 = CARTESIAN_POINT('',(240.7753536789,-288.5753314669));
#894 = CARTESIAN_POINT('',(241.16200189539,-284.7804394492));
#895 = CARTESIAN_POINT('',(241.67916149749,-281.0009221744));
#896 = CARTESIAN_POINT('',(242.32858804055,-277.2425872775));
#897 = CARTESIAN_POINT('',(243.11266794607,-273.5116421014));
#898 = CARTESIAN_POINT('',(245.01670968989,-265.8771061509));
#899 = CARTESIAN_POINT('',(246.15484669239,-261.9795819288));
#900 = CARTESIAN_POINT('',(247.45305438013,-258.1292316692));
#901 = CARTESIAN_POINT('',(248.91616506427,-254.3356770948));
#902 = CARTESIAN_POINT('',(250.54956346682,-250.6109651569));
#903 = CARTESIAN_POINT('',(252.35920112428,-246.9695852053));
#904 = CARTESIAN_POINT('',(254.35159972148,-243.4284786164));
#905 = CARTESIAN_POINT('',(257.80303759793,-238.0206141394));
#906 = CARTESIAN_POINT('',(259.13516620542,-236.0748322749));
#907 = CARTESIAN_POINT('',(260.5327904726,-234.1741441405));
#908 = CARTESIAN_POINT('',(261.99723883904,-232.3233006045));
#909 = CARTESIAN_POINT('',(263.52963838358,-230.5277914349));
#910 = CARTESIAN_POINT('',(265.13085532704,-228.7937967702));
#911 = CARTESIAN_POINT('',(266.80143880645,-227.1281410844));
#912 = CARTESIAN_POINT('',(269.80377753928,-224.3850156881));
#913 = CARTESIAN_POINT('',(271.1024479845,-223.2717617943));
#914 = CARTESIAN_POINT('',(272.43758844736,-222.2013519997));
#915 = CARTESIAN_POINT('',(273.80896882659,-221.1769175263));
#916 = CARTESIAN_POINT('',(275.21608718203,-220.2018115522));
#917 = CARTESIAN_POINT('',(276.65812710406,-219.2795493932));
#918 = CARTESIAN_POINT('',(278.1339049992,-218.4137340956));
#919 = CARTESIAN_POINT('',(280.93915054369,-216.9147156252));
#920 = CARTESIAN_POINT('',(282.26027869214,-216.2659091628));
#921 = CARTESIAN_POINT('',(283.60410355178,-215.6638748438));
#922 = CARTESIAN_POINT('',(284.96930206687,-215.1109167662));
#923 = CARTESIAN_POINT('',(286.3542985052,-214.6092695051));
#924 = CARTESIAN_POINT('',(287.7572415833,-214.1610373348));
#925 = CARTESIAN_POINT('',(289.17597652325,-213.7681195055));
#926 = CARTESIAN_POINT('',(291.76046689607,-213.1617211595));
#927 = CARTESIAN_POINT('',(292.92160661355,-212.928169173));
#928 = CARTESIAN_POINT('',(294.0901206237,-212.7323103871));
#929 = CARTESIAN_POINT('',(295.26464289199,-212.5748464034));
#930 = CARTESIAN_POINT('',(296.44375051606,-212.4563225649));
#931 = CARTESIAN_POINT('',(297.62596232268,-212.3771148676));
#932 = CARTESIAN_POINT('',(298.80973746484,-212.3374168717));
#933 = CARTESIAN_POINT('',(301.72996089162,-212.3369468968));
#934 = CARTESIAN_POINT('',(303.46672689821,-212.4216841407));
#935 = CARTESIAN_POINT('',(305.19850532572,-212.5914836145));
#936 = CARTESIAN_POINT('',(306.92043912417,-212.8454136295));
#937 = CARTESIAN_POINT('',(308.62805532672,-213.1817315362));
#938 = CARTESIAN_POINT('',(310.31724417793,-213.5980180973));
#939 = CARTESIAN_POINT('',(311.98424297,-214.0912802362));
#940 = CARTESIAN_POINT('',(314.48715070584,-214.9554928639));
#941 = CARTESIAN_POINT('',(315.34168149847,-215.2732290895));
#942 = CARTESIAN_POINT('',(316.18875828639,-215.6107433411));
#943 = CARTESIAN_POINT('',(317.02796829896,-215.9675241675));
#944 = CARTESIAN_POINT('',(317.85894211562,-216.3430420389));
#945 = CARTESIAN_POINT('',(318.68135110817,-216.7367552225));
#946 = CARTESIAN_POINT('',(319.49490488297,-217.1481156582));
#947 = CARTESIAN_POINT('',(321.0517640956,-217.9773227103));
#948 = CARTESIAN_POINT('',(321.79621074327,-218.3930294455));
#949 = CARTESIAN_POINT('',(322.53248287142,-218.8232466899));
#950 = CARTESIAN_POINT('',(323.26040251509,-219.2675261209));
#951 = CARTESIAN_POINT('',(323.97981781352,-219.7254222217));
#952 = CARTESIAN_POINT('',(324.69060128448,-220.196495061));
#953 = CARTESIAN_POINT('',(325.39264809857,-220.680313072));
#954 = CARTESIAN_POINT('',(326.41171468484,-221.4096600531));
#955 = CARTESIAN_POINT('',(326.73525080551,-221.6453328325));
#956 = CARTESIAN_POINT('',(327.05647723599,-221.8834169729));
#957 = CARTESIAN_POINT('',(327.37538926493,-222.1238557635));
#958 = CARTESIAN_POINT('',(327.69198294921,-222.3665929807));
#959 = CARTESIAN_POINT('',(328.00625511392,-222.6115728883));
#960 = CARTESIAN_POINT('',(328.31820335239,-222.8587402368));
#961 = CARTESIAN_POINT('',(328.97353797233,-223.3863984397));
#962 = CARTESIAN_POINT('',(329.31681167251,-223.6677867944));
#963 = CARTESIAN_POINT('',(329.65763838434,-223.9521471697));
#964 = CARTESIAN_POINT('',(329.99601480439,-224.2394258636));
#965 = CARTESIAN_POINT('',(330.3319387468,-224.5295701507));
#966 = CARTESIAN_POINT('',(330.66540728621,-224.8225268132));
#967 = CARTESIAN_POINT('',(330.99641736471,-225.118242681));
#968 = CARTESIAN_POINT('',(333.09695163509,-227.026165471));
#969 = CARTESIAN_POINT('',(334.79721940374,-228.7142717841));
#970 = CARTESIAN_POINT('',(336.42592934563,-230.4731745497));
#971 = CARTESIAN_POINT('',(337.98363895753,-232.2956991612));
#972 = CARTESIAN_POINT('',(339.4712476218,-234.1753560341));
#973 = CARTESIAN_POINT('',(340.88993490484,-236.106391139));
#974 = CARTESIAN_POINT('',(342.24109558843,-238.0838390116));
#975 = CARTESIAN_POINT('',(344.57223922298,-241.747386242));
#976 = CARTESIAN_POINT('',(345.57438678015,-243.4190301792));
#977 = CARTESIAN_POINT('',(346.53349973181,-245.1161819039));
#978 = CARTESIAN_POINT('',(347.45033180327,-246.8367021864));
#979 = CARTESIAN_POINT('',(348.32561439174,-248.5786355655));
#980 = CARTESIAN_POINT('',(349.16006079243,-250.3402080074));
#981 = CARTESIAN_POINT('',(349.95436507784,-252.1198273736));
#982 = CARTESIAN_POINT('',(351.30965143209,-255.3449829026));
#983 = CARTESIAN_POINT('',(351.88511499949,-256.7843754147));
#984 = CARTESIAN_POINT('',(352.43591700735,-258.2335385371));
#985 = CARTESIAN_POINT('',(352.9623683291,-259.69178856));
#986 = CARTESIAN_POINT('',(353.46476124957,-261.1584833194));
#987 = CARTESIAN_POINT('',(353.94337067781,-262.6330217562));
#988 = CARTESIAN_POINT('',(354.39845535979,-264.1148434749));
#989 = CARTESIAN_POINT('',(356.04365542769,-269.7864500613));
#990 = CARTESIAN_POINT('',(357.07299602677,-274.0221267352));
#991 = CARTESIAN_POINT('',(357.92401937313,-278.2997231601));
#992 = CARTESIAN_POINT('',(358.60077839431,-282.6094047533));
#993 = CARTESIAN_POINT('',(359.10624812158,-286.9421406256));
#994 = CARTESIAN_POINT('',(359.44251389274,-291.2896714544));
#995 = CARTESIAN_POINT('',(359.61068594677,-295.6445172313));
#996 = CARTESIAN_POINT('',(359.61068594678,-304.3554827685));
#997 = CARTESIAN_POINT('',(359.44251389271,-308.7103285455));
#998 = CARTESIAN_POINT('',(359.10624812161,-313.0578593743));
#999 = CARTESIAN_POINT('',(358.60077839432,-317.3905952466));
#1000 = CARTESIAN_POINT('',(357.92401937311,-321.7002768398));
#1001 = CARTESIAN_POINT('',(357.0729960268,-325.9778732647));
#1002 = CARTESIAN_POINT('',(356.04365542769,-330.2135499386));
#1003 = CARTESIAN_POINT('',(354.3984553598,-335.8851565249));
#1004 = CARTESIAN_POINT('',(353.94337067781,-337.3669782437));
#1005 = CARTESIAN_POINT('',(353.46476124958,-338.8415166805));
#1006 = CARTESIAN_POINT('',(352.96236832911,-340.3082114399));
#1007 = CARTESIAN_POINT('',(352.43591700736,-341.7664614628));
#1008 = CARTESIAN_POINT('',(351.8851149995,-343.2156245852));
#1009 = CARTESIAN_POINT('',(351.3096514321,-344.6550170973));
#1010 = CARTESIAN_POINT('',(349.95436507784,-347.8801726263));
#1011 = CARTESIAN_POINT('',(349.16006079245,-349.6597919925));
#1012 = CARTESIAN_POINT('',(348.32561439175,-351.4213644343));
#1013 = CARTESIAN_POINT('',(347.45033180327,-353.1632978135));
#1014 = CARTESIAN_POINT('',(346.53349973182,-354.883818096));
#1015 = CARTESIAN_POINT('',(345.57438678017,-356.5809698206));
#1016 = CARTESIAN_POINT('',(344.57223922299,-358.2526137579));
#1017 = CARTESIAN_POINT('',(342.24109558844,-361.9161609882));
#1018 = CARTESIAN_POINT('',(340.88993490485,-363.8936088609));
#1019 = CARTESIAN_POINT('',(339.47124762181,-365.8246439658));
#1020 = CARTESIAN_POINT('',(337.98363895754,-367.7043008387));
#1021 = CARTESIAN_POINT('',(336.42592934564,-369.5268254502));
#1022 = CARTESIAN_POINT('',(334.79721940375,-371.2857282158));
#1023 = CARTESIAN_POINT('',(333.0969516351,-372.9738345289));
#1024 = CARTESIAN_POINT('',(331.02353273306,-374.8571281398));
#1025 = CARTESIAN_POINT('',(330.72161007446,-375.1272062857));
#1026 = CARTESIAN_POINT('',(330.41988782025,-375.3929795521));
#1027 = CARTESIAN_POINT('',(330.11856171536,-375.6543593199));
#1028 = CARTESIAN_POINT('',(329.81730596002,-375.9117201202));
#1029 = CARTESIAN_POINT('',(329.51524285327,-376.1658637));
#1030 = CARTESIAN_POINT('',(329.21091243641,-376.4179830878));
#1031 = CARTESIAN_POINT('',(327.89794363784,-377.4883801396));
#1032 = CARTESIAN_POINT('',(326.87283384531,-378.2815931906));
#1033 = CARTESIAN_POINT('',(325.82703727636,-379.047896636));
#1034 = CARTESIAN_POINT('',(324.76077319123,-379.7858451614));
#1035 = CARTESIAN_POINT('',(323.67436532054,-380.4939318325));
#1036 = CARTESIAN_POINT('',(322.56825377457,-381.170605942));
#1037 = CARTESIAN_POINT('',(321.44300913414,-381.8142941855));
#1038 = CARTESIAN_POINT('',(319.49490488298,-382.8518843417));
#1039 = CARTESIAN_POINT('',(318.68135110818,-383.2632447774));
#1040 = CARTESIAN_POINT('',(317.85894211564,-383.656957961));
#1041 = CARTESIAN_POINT('',(317.02796829897,-384.0324758324));
#1042 = CARTESIAN_POINT('',(316.1887582864,-384.3892566587));
#1043 = CARTESIAN_POINT('',(315.34168149848,-384.7267709104));
#1044 = CARTESIAN_POINT('',(314.48715070585,-385.044507136));
#1045 = CARTESIAN_POINT('',(311.98424297001,-385.9087197637));
#1046 = CARTESIAN_POINT('',(310.31724417794,-386.4019819026));
#1047 = CARTESIAN_POINT('',(308.62805532673,-386.8182684637));
#1048 = CARTESIAN_POINT('',(306.92043912418,-387.1545863704));
#1049 = CARTESIAN_POINT('',(305.19850532573,-387.4085163854));
#1050 = CARTESIAN_POINT('',(303.46672689823,-387.5783158592));
#1051 = CARTESIAN_POINT('',(301.72996089163,-387.6630531031));
#1052 = CARTESIAN_POINT('',(298.80973746485,-387.6625831282));
#1053 = CARTESIAN_POINT('',(297.62596232269,-387.6228851323));
#1054 = CARTESIAN_POINT('',(296.44375051607,-387.543677435));
#1055 = CARTESIAN_POINT('',(295.26464289201,-387.4251535965));
#1056 = CARTESIAN_POINT('',(294.09012062371,-387.2676896128));
#1057 = CARTESIAN_POINT('',(292.92160661356,-387.0718308269));
#1058 = CARTESIAN_POINT('',(291.76046689609,-386.8382788404));
#1059 = CARTESIAN_POINT('',(289.17597652326,-386.2318804944));
#1060 = CARTESIAN_POINT('',(287.75724158331,-385.8389626651));
#1061 = CARTESIAN_POINT('',(286.35429850522,-385.3907304948));
#1062 = CARTESIAN_POINT('',(284.96930206689,-384.8890832337));
#1063 = CARTESIAN_POINT('',(283.60410355179,-384.3361251561));
#1064 = CARTESIAN_POINT('',(282.26027869215,-383.7340908371));
#1065 = CARTESIAN_POINT('',(280.93915054371,-383.0852843747));
#1066 = CARTESIAN_POINT('',(278.13390499921,-381.5862659043));
#1067 = CARTESIAN_POINT('',(276.65812710407,-380.7204506067));
#1068 = CARTESIAN_POINT('',(275.21608718204,-379.7981884477));
#1069 = CARTESIAN_POINT('',(273.8089688266,-378.8230824736));
#1070 = CARTESIAN_POINT('',(272.43758844737,-377.7986480002));
#1071 = CARTESIAN_POINT('',(271.10244798451,-376.7282382056));
#1072 = CARTESIAN_POINT('',(269.80377753929,-375.6149843118));
#1073 = CARTESIAN_POINT('',(266.80143880646,-372.8718589155));
#1074 = CARTESIAN_POINT('',(265.13085532705,-371.2062032297));
#1075 = CARTESIAN_POINT('',(263.52963838359,-369.472208565));
#1076 = CARTESIAN_POINT('',(261.99723883905,-367.6766993954));
#1077 = CARTESIAN_POINT('',(260.53279047261,-365.8258558594));
#1078 = CARTESIAN_POINT('',(259.13516620542,-363.9251677251));
#1079 = CARTESIAN_POINT('',(257.80303759794,-361.9793858605));
#1080 = CARTESIAN_POINT('',(254.35159972148,-356.5715213835));
#1081 = CARTESIAN_POINT('',(252.35920112429,-353.0304147945));
#1082 = CARTESIAN_POINT('',(250.54956346685,-349.3890348433));
#1083 = CARTESIAN_POINT('',(248.9161650642,-345.6643229046));
#1084 = CARTESIAN_POINT('',(247.45305438022,-341.8707683312));
#1085 = CARTESIAN_POINT('',(246.15484669235,-338.0204180709));
#1086 = CARTESIAN_POINT('',(245.01670968991,-334.1228938491));
#1087 = CARTESIAN_POINT('',(243.11266794608,-326.4883578985));
#1088 = CARTESIAN_POINT('',(242.32858804054,-322.7574127224));
#1089 = CARTESIAN_POINT('',(241.6791614975,-318.9990778256));
#1090 = CARTESIAN_POINT('',(241.1620018954,-315.2195605507));
#1091 = CARTESIAN_POINT('',(240.77535367889,-311.424668533));
#1092 = CARTESIAN_POINT('',(240.51800428517,-307.6198225987));
#1093 = CARTESIAN_POINT('',(240.38931383709,-303.8100549777));
#1094 = CARTESIAN_POINT('',(240.38931373953,-300.));
#1095 = ( GEOMETRIC_REPRESENTATION_CONTEXT(2) 
PARAMETRIC_REPRESENTATION_CONTEXT() REPRESENTATION_CONTEXT('2D SPACE',''
  ) );
#1096 = ORIENTED_EDGE('',*,*,#1097,.T.);
#1097 = EDGE_CURVE('',#22,#1098,#1100,.T.);
#1098 = VERTEX_POINT('',#1099);
#1099 = CARTESIAN_POINT('',(380.,0.,-57.11531210168));
#1100 = SEAM_CURVE('',#1101,(#1165,#1172),.PCURVE_S1.);
#1101 = B_SPLINE_CURVE_WITH_KNOTS('',3,(#1102,#1103,#1104,#1105,#1106,
    #1107,#1108,#1109,#1110,#1111,#1112,#1113,#1114,#1115,#1116,#1117,
    #1118,#1119,#1120,#1121,#1122,#1123,#1124,#1125,#1126,#1127,#1128,
    #1129,#1130,#1131,#1132,#1133,#1134,#1135,#1136,#1137,#1138,#1139,
    #1140,#1141,#1142,#1143,#1144,#1145,#1146,#1147,#1148,#1149,#1150,
    #1151,#1152,#1153,#1154,#1155,#1156,#1157,#1158,#1159,#1160,#1161,
    #1162,#1163,#1164),.UNSPECIFIED.,.F.,.F.,(4,1,1,1,1,1,1,1,1,1,1,1,1,
    1,1,1,1,1,1,1,1,1,1,1,1,1,1,1,1,1,1,1,1,1,1,1,1,1,1,1,1,1,1,1,1,1,1,
    1,1,1,1,1,1,1,1,1,1,1,1,1,4),(0.,8.184442633848,16.378647269176,
    24.592610907898,32.836774592499,41.122182676471,49.460572704923,
    57.864382254162,66.346666377739,74.920927271539,83.600865561758,
    92.400069329113,101.33166180185,110.40793104421,119.63996479647,
    129.03731116512,138.60768172436,148.35670855134,158.28776154608,
    168.40182770378,178.69745021138,189.170722499,199.81533067635,
    210.62263698233,221.58179677649,232.67990199506,243.90214469591,
    255.23199517679,266.65139006052,278.14092662658,289.68006048802,
    301.24730444447,312.82042698147,324.37664943659,335.89284132558,
    347.34571372958,358.71201100223,369.96870137886,381.0931673722,
    392.06339713455,402.85817826616,413.45729586267,423.84173692676,
    433.9939036182,443.89783817037,453.53946262951,462.90683681488,
    471.99043794829,480.78346508358,489.28217050344,497.48621822969,
    505.39906614009,513.02836218327,520.38633608823,527.49015531915,
    534.36219827395,541.03018113927,547.52706245851,553.89064934406,
    560.16285031539,566.38856686255),.UNSPECIFIED.);
#1102 = CARTESIAN_POINT('',(0.,0.,0.));
#1103 = CARTESIAN_POINT('',(3.035419553617E-16,0.,-1.859162754399));
#1104 = CARTESIAN_POINT('',(0.20137251643,0.,-5.567217293179));
#1105 = CARTESIAN_POINT('',(1.106555028273,0.,-11.11465003998));
#1106 = CARTESIAN_POINT('',(2.612478719235,0.,-16.61242797459));
#1107 = CARTESIAN_POINT('',(4.715069043559,0.,-22.04100472041));
#1108 = CARTESIAN_POINT('',(7.408615827215,0.,-27.37710051824));
#1109 = CARTESIAN_POINT('',(10.685771483262,0.,-32.59939985179));
#1110 = CARTESIAN_POINT('',(14.53755399099,0.,-37.68724387174));
#1111 = CARTESIAN_POINT('',(18.953357658047,0.,-42.62119117279));
#1112 = CARTESIAN_POINT('',(23.920974240388,0.,-47.38305072893));
#1113 = CARTESIAN_POINT('',(29.426625981005,0.,-51.95602980005));
#1114 = CARTESIAN_POINT('',(35.455010717612,0.,-56.32481901997));
#1115 = CARTESIAN_POINT('',(41.98935772736,0.,-60.47566014169));
#1116 = CARTESIAN_POINT('',(49.011491800079,0.,-64.39638289812));
#1117 = CARTESIAN_POINT('',(56.501902447636,0.,-68.07641532744));
#1118 = CARTESIAN_POINT('',(64.439815257763,0.,-71.5067688312));
#1119 = CARTESIAN_POINT('',(72.803263064969,0.,-74.68000151676));
#1120 = CARTESIAN_POINT('',(81.569155576151,0.,-77.59016364445));
#1121 = CARTESIAN_POINT('',(90.713347064973,0.,-80.23272923067));
#1122 = CARTESIAN_POINT('',(100.21070251838,0.,-82.60451760591));
#1123 = CARTESIAN_POINT('',(110.0351630788,0.,-84.70360828001));
#1124 = CARTESIAN_POINT('',(120.15981178155,0.,-86.52925192075));
#1125 = CARTESIAN_POINT('',(130.55694051187,0.,-88.08177971638));
#1126 = CARTESIAN_POINT('',(141.19811889424,0.,-89.36251291861));
#1127 = CARTESIAN_POINT('',(152.05426556492,0.,-90.37367397018));
#1128 = CARTESIAN_POINT('',(163.09572202625,0.,-91.11830030454));
#1129 = CARTESIAN_POINT('',(174.2923290719,0.,-91.60016165163));
#1130 = CARTESIAN_POINT('',(185.6135056173,0.,-91.8236814762));
#1131 = CARTESIAN_POINT('',(197.02832966683,0.,-91.79386300152));
#1132 = CARTESIAN_POINT('',(208.50562108967,0.,-91.51622012284));
#1133 = CARTESIAN_POINT('',(220.01402584875,0.,-90.99671338601));
#1134 = CARTESIAN_POINT('',(231.52210132128,0.,-90.24169109488));
#1135 = CARTESIAN_POINT('',(242.99840235649,0.,-89.25783551537));
#1136 = CARTESIAN_POINT('',(254.4115677309,0.,-88.05211406289));
#1137 = CARTESIAN_POINT('',(265.73040667816,0.,-86.63173529321));
#1138 = CARTESIAN_POINT('',(276.9239851882,0.,-85.00410946333));
#1139 = CARTESIAN_POINT('',(287.96171178539,0.,-83.17681338744));
#1140 = CARTESIAN_POINT('',(298.81342250829,0.,-81.15755928137));
#1141 = CARTESIAN_POINT('',(309.44946482196,0.,-78.95416726677));
#1142 = CARTESIAN_POINT('',(319.84078019677,0.,-76.57454118938));
#1143 = CARTESIAN_POINT('',(329.95898508398,0.,-74.02664739554));
#1144 = CARTESIAN_POINT('',(339.77645000414,0.,-71.31849610073));
#1145 = CARTESIAN_POINT('',(349.26637643638,0.,-68.45812498777));
#1146 = CARTESIAN_POINT('',(358.40287114861,0.,-65.45358463895));
#1147 = CARTESIAN_POINT('',(367.16101753199,0.,-62.3129255248));
#1148 = CARTESIAN_POINT('',(375.51694338831,0.,-59.04418587904));
#1149 = CARTESIAN_POINT('',(383.44788445403,0.,-55.65538130766));
#1150 = CARTESIAN_POINT('',(390.93224272186,0.,-52.15449179597));
#1151 = CARTESIAN_POINT('',(397.94963834308,0.,-48.54946079917));
#1152 = CARTESIAN_POINT('',(404.48095359493,0.,-44.84815437059));
#1153 = CARTESIAN_POINT('',(410.50836717484,0.,-41.05846699031));
#1154 = CARTESIAN_POINT('',(416.01537714849,0.,-37.18791747375));
#1155 = CARTESIAN_POINT('',(420.98681162079,0.,-33.2450671402));
#1156 = CARTESIAN_POINT('',(425.40882820505,0.,-29.23452742676));
#1157 = CARTESIAN_POINT('',(429.26890730168,0.,-25.17469872431));
#1158 = CARTESIAN_POINT('',(432.55585032504,0.,-21.03503212994));
#1159 = CARTESIAN_POINT('',(435.25980119097,0.,-16.95943710046));
#1160 = CARTESIAN_POINT('',(437.37231377972,0.,-12.46800251729));
#1161 = CARTESIAN_POINT('',(438.88648307353,0.,-9.329764021072));
#1162 = CARTESIAN_POINT('',(439.79713720509,0.,-1.141275251183));
#1163 = CARTESIAN_POINT('',(440.,0.,-8.053211994964));
#1164 = CARTESIAN_POINT('',(440.,0.,3.321787289678E-14));
#1165 = PCURVE('',#232,#1166);
#1166 = DEFINITIONAL_REPRESENTATION('',(#1167),#1171);
#1167 = B_SPLINE_CURVE_WITH_KNOTS('',2,(#1168,#1169,#1170),
  .UNSPECIFIED.,.F.,.F.,(3,3),(0.,566.38856686255),
  .PIECEWISE_BEZIER_KNOTS.);
#1168 = CARTESIAN_POINT('',(0.,0.));
#1169 = CARTESIAN_POINT('',(0.,283.19428343127));
#1170 = CARTESIAN_POINT('',(0.,566.38856686255));
#1171 = ( GEOMETRIC_REPRESENTATION_CONTEXT(2) 
PARAMETRIC_REPRESENTATION_CONTEXT() REPRESENTATION_CONTEXT('2D SPACE',''
  ) );
#1172 = PCURVE('',#232,#1173);
#1173 = DEFINITIONAL_REPRESENTATION('',(#1174),#1178);
#1174 = B_SPLINE_CURVE_WITH_KNOTS('',2,(#1175,#1176,#1177),
  .UNSPECIFIED.,.F.,.F.,(3,3),(0.,566.38856686255),
  .PIECEWISE_BEZIER_KNOTS.);
#1175 = CARTESIAN_POINT('',(6.28318530718,0.));
#1176 = CARTESIAN_POINT('',(6.28318530718,283.19428343127));
#1177 = CARTESIAN_POINT('',(6.28318530718,566.38856686255));
#1178 = ( GEOMETRIC_REPRESENTATION_CONTEXT(2) 
PARAMETRIC_REPRESENTATION_CONTEXT() REPRESENTATION_CONTEXT('2D SPACE',''
  ) );
#1179 = ORIENTED_EDGE('',*,*,#1180,.T.);
#1180 = EDGE_CURVE('',#1098,#1098,#1181,.T.);
#1181 = SURFACE_CURVE('',#1182,(#1388,#1597),.PCURVE_S1.);
#1182 = B_SPLINE_CURVE_WITH_KNOTS('',8,(#1183,#1184,#1185,#1186,#1187,
    #1188,#1189,#1190,#1191,#1192,#1193,#1194,#1195,#1196,#1197,#1198,
    #1199,#1200,#1201,#1202,#1203,#1204,#1205,#1206,#1207,#1208,#1209,
    #1210,#1211,#1212,#1213,#1214,#1215,#1216,#1217,#1218,#1219,#1220,
    #1221,#1222,#1223,#1224,#1225,#1226,#1227,#1228,#1229,#1230,#1231,
    #1232,#1233,#1234,#1235,#1236,#1237,#1238,#1239,#1240,#1241,#1242,
    #1243,#1244,#1245,#1246,#1247,#1248,#1249,#1250,#1251,#1252,#1253,
    #1254,#1255,#1256,#1257,#1258,#1259,#1260,#1261,#1262,#1263,#1264,
    #1265,#1266,#1267,#1268,#1269,#1270,#1271,#1272,#1273,#1274,#1275,
    #1276,#1277,#1278,#1279,#1280,#1281,#1282,#1283,#1284,#1285,#1286,
    #1287,#1288,#1289,#1290,#1291,#1292,#1293,#1294,#1295,#1296,#1297,
    #1298,#1299,#1300,#1301,#1302,#1303,#1304,#1305,#1306,#1307,#1308,
    #1309,#1310,#1311,#1312,#1313,#1314,#1315,#1316,#1317,#1318,#1319,
    #1320,#1321,#1322,#1323,#1324,#1325,#1326,#1327,#1328,#1329,#1330,
    #1331,#1332,#1333,#1334,#1335,#1336,#1337,#1338,#1339,#1340,#1341,
    #1342,#1343,#1344,#1345,#1346,#1347,#1348,#1349,#1350,#1351,#1352,
    #1353,#1354,#1355,#1356,#1357,#1358,#1359,#1360,#1361,#1362,#1363,
    #1364,#1365,#1366,#1367,#1368,#1369,#1370,#1371,#1372,#1373,#1374,
    #1375,#1376,#1377,#1378,#1379,#1380,#1381,#1382,#1383,#1384,#1385,
    #1386,#1387),.UNSPECIFIED.,.T.,.F.,(9,7,7,7,7,7,7,7,7,7,7,7,7,7,7,7,
    7,7,7,7,7,7,7,7,7,7,7,7,7,9),(0.,6.543736277889E-02,0.135136137671,
    0.175617953209,0.204981142652,0.230243656948,0.250573860272,
    0.280397856998,0.296052148896,0.310694003916,0.317576186495,
    0.325246972913,0.365778846542,0.398766715692,0.425008007336,
    0.498747220769,0.572486434203,0.598727725846,0.631715594997,
    0.672247468626,0.679142449051,0.701576202816,0.7173558999,
    0.747418814097,0.767911880931,0.793376771055,0.822975186481,
    0.863781298359,0.934038424139,1.),.UNSPECIFIED.);
#1183 = CARTESIAN_POINT('',(380.,0.,-57.11531210168));
#1184 = CARTESIAN_POINT('',(380.,-3.650564629575,-57.11531210168));
#1185 = CARTESIAN_POINT('',(380.,-7.300844787716,-56.99200835037));
#1186 = CARTESIAN_POINT('',(380.,-10.94640671298,-56.74543271581));
#1187 = CARTESIAN_POINT('',(380.,-14.58243566935,-56.37497151157));
#1188 = CARTESIAN_POINT('',(380.,-18.20374130869,-55.87946140767));
#1189 = CARTESIAN_POINT('',(380.,-21.80475804196,-55.25721912749));
#1190 = CARTESIAN_POINT('',(380.,-25.37953125693,-54.50595898153));
#1191 = CARTESIAN_POINT('',(380.,-32.69450101724,-52.68161638298));
#1192 = CARTESIAN_POINT('',(380.,-36.42885261221,-51.59112508052));
#1193 = CARTESIAN_POINT('',(380.,-40.11799229693,-50.34727082345));
#1194 = CARTESIAN_POINT('',(380.,-43.75272801514,-48.94541729741));
#1195 = CARTESIAN_POINT('',(380.,-47.32153138655,-47.3803948053));
#1196 = CARTESIAN_POINT('',(380.,-50.81051197777,-45.64649558124));
#1197 = CARTESIAN_POINT('',(380.,-54.20340852973,-43.73747969058));
#1198 = CARTESIAN_POINT('',(380.,-59.38484311545,-40.43055511538));
#1199 = CARTESIAN_POINT('',(380.,-61.24918166402,-39.15418599099));
#1200 = CARTESIAN_POINT('',(380.,-63.07031650272,-37.81505939726));
#1201 = CARTESIAN_POINT('',(380.,-64.84368554459,-36.41190967613));
#1202 = CARTESIAN_POINT('',(380.,-66.56402685627,-34.94366098981));
#1203 = CARTESIAN_POINT('',(380.,-68.22542372071,-33.40948260111));
#1204 = CARTESIAN_POINT('',(380.,-69.82134674365,-31.80884040788));
#1205 = CARTESIAN_POINT('',(380.,-72.44964109569,-28.93218398207));
#1206 = CARTESIAN_POINT('',(380.,-73.51630083703,-27.68786982226));
#1207 = CARTESIAN_POINT('',(380.,-74.54191154353,-26.40860808842));
#1208 = CARTESIAN_POINT('',(380.,-75.52346489666,-25.09462926041));
#1209 = CARTESIAN_POINT('',(380.,-76.4577469588,-23.74641892958));
#1210 = CARTESIAN_POINT('',(380.,-77.34139376405,-22.36475731088));
#1211 = CARTESIAN_POINT('',(380.,-78.17096048444,-20.95076779929));
#1212 = CARTESIAN_POINT('',(380.,-79.60722917826,-18.26295191951));
#1213 = CARTESIAN_POINT('',(380.,-80.2288813165,-16.99711926541));
#1214 = CARTESIAN_POINT('',(380.,-80.80571946575,-15.709535837));
#1215 = CARTESIAN_POINT('',(380.,-81.3355311169,-14.40148010914));
#1216 = CARTESIAN_POINT('',(380.,-81.81617551762,-13.07446627739));
#1217 = CARTESIAN_POINT('',(380.,-82.24563982022,-11.73026531435));
#1218 = CARTESIAN_POINT('',(380.,-82.62210823222,-10.37093060818));
#1219 = CARTESIAN_POINT('',(380.,-83.20312459987,-7.894618168353));
#1220 = CARTESIAN_POINT('',(380.,-83.42690119498,-6.782083308693));
#1221 = CARTESIAN_POINT('',(380.,-83.61456096121,-5.662482187527));
#1222 = CARTESIAN_POINT('',(380.,-83.76543273669,-4.537125719504));
#1223 = CARTESIAN_POINT('',(380.,-83.8789951589,-3.407378010944));
#1224 = CARTESIAN_POINT('',(380.,-83.95488743716,-2.274657518348));
#1225 = CARTESIAN_POINT('',(380.,-83.99292293015,-1.140438505049));
#1226 = CARTESIAN_POINT('',(380.,-83.9933733967,1.657574679506));
#1227 = CARTESIAN_POINT('',(380.,-83.91218044053,3.321618911064));
#1228 = CARTESIAN_POINT('',(380.,-83.74949140528,4.980875930455));
#1229 = CARTESIAN_POINT('',(380.,-83.50619616139,6.630716158847));
#1230 = CARTESIAN_POINT('',(380.,-83.18395784304,8.266861152194));
#1231 = CARTESIAN_POINT('',(380.,-82.78509082924,9.885364660711));
#1232 = CARTESIAN_POINT('',(380.,-82.31246856732,11.482598002487));
#1233 = CARTESIAN_POINT('',(380.,-81.48444259126,13.880702321259));
#1234 = CARTESIAN_POINT('',(380.,-81.18000732078,14.699461058718));
#1235 = CARTESIAN_POINT('',(380.,-80.85662212157,15.511077597991));
#1236 = CARTESIAN_POINT('',(380.,-80.51477673016,16.315157045091));
#1237 = CARTESIAN_POINT('',(380.,-80.15497835756,17.11134559062));
#1238 = CARTESIAN_POINT('',(380.,-79.77774612115,17.899328122747));
#1239 = CARTESIAN_POINT('',(380.,-79.38360547661,18.678825840177));
#1240 = CARTESIAN_POINT('',(380.,-78.58911027002,20.170512687192));
#1241 = CARTESIAN_POINT('',(380.,-78.19080556935,20.883795816689));
#1242 = CARTESIAN_POINT('',(380.,-77.77859787881,21.589246512825));
#1243 = CARTESIAN_POINT('',(380.,-77.35291658555,22.286694494523));
#1244 = CARTESIAN_POINT('',(380.,-76.9141884874,22.97599431384));
#1245 = CARTESIAN_POINT('',(380.,-76.46283514739,23.657023729381));
#1246 = CARTESIAN_POINT('',(380.,-75.99927024835,24.329682079719));
#1247 = CARTESIAN_POINT('',(380.,-75.30045491465,25.306088916063));
#1248 = CARTESIAN_POINT('',(380.,-75.07464767702,25.616081426842));
#1249 = CARTESIAN_POINT('',(380.,-74.8465300304,25.923860939568));
#1250 = CARTESIAN_POINT('',(380.,-74.61615630514,26.229422939163));
#1251 = CARTESIAN_POINT('',(380.,-74.38358036618,26.532763645041));
#1252 = CARTESIAN_POINT('',(380.,-74.14885561303,26.833880011113));
#1253 = CARTESIAN_POINT('',(380.,-73.91203497976,27.132769725781));
#1254 = CARTESIAN_POINT('',(380.,-73.40693634306,27.760086040264));
#1255 = CARTESIAN_POINT('',(380.,-73.13985490451,28.085871880287));
#1256 = CARTESIAN_POINT('',(380.,-72.87059763885,28.408657736852));
#1257 = CARTESIAN_POINT('',(380.,-72.59803988374,28.729874787728));
#1258 = CARTESIAN_POINT('',(380.,-72.32129359079,29.050540082377));
#1259 = CARTESIAN_POINT('',(380.,-72.03973660207,29.371279768275));
#1260 = CARTESIAN_POINT('',(380.,-71.75303890741,29.692351844808));
#1261 = CARTESIAN_POINT('',(380.,-69.91905587347,31.711481825694));
#1262 = CARTESIAN_POINT('',(380.,-68.30162510893,33.340562696525));
#1263 = CARTESIAN_POINT('',(380.,-66.61636531165,34.901081490327));
#1264 = CARTESIAN_POINT('',(380.,-64.87014033265,36.3935808172));
#1265 = CARTESIAN_POINT('',(380.,-63.06916296302,37.818922897151));
#1266 = CARTESIAN_POINT('',(380.,-61.21894870305,39.178233132176));
#1267 = CARTESIAN_POINT('',(380.,-59.32426648854,40.472839817519));
#1268 = CARTESIAN_POINT('',(380.,-55.81409211232,42.706391104378));
#1269 = CARTESIAN_POINT('',(380.,-54.21242612717,43.666587053464));
#1270 = CARTESIAN_POINT('',(380.,-52.58631962903,44.58555025862));
#1271 = CARTESIAN_POINT('',(380.,-50.93782249262,45.464002730707));
#1272 = CARTESIAN_POINT('',(380.,-49.26880833726,46.302645172109));
#1273 = CARTESIAN_POINT('',(380.,-47.5809768616,47.102160992347));
#1274 = CARTESIAN_POINT('',(380.,-45.87585343312,47.863215239373));
#1275 = CARTESIAN_POINT('',(380.,-42.78570586158,49.161768223329));
#1276 = CARTESIAN_POINT('',(380.,-41.40656835897,49.713142021056));
#1277 = CARTESIAN_POINT('',(380.,-40.01806903308,50.240886689457));
#1278 = CARTESIAN_POINT('',(380.,-38.62086311177,50.745300111886));
#1279 = CARTESIAN_POINT('',(380.,-37.21556589982,51.226662350119));
#1280 = CARTESIAN_POINT('',(380.,-35.80275323672,51.685236789131));
#1281 = CARTESIAN_POINT('',(380.,-34.38296195432,52.121271281875));
#1282 = CARTESIAN_POINT('',(380.,-28.94880273501,53.697593674268));
#1283 = CARTESIAN_POINT('',(380.,-24.89041845663,54.683851826194));
#1284 = CARTESIAN_POINT('',(380.,-20.79186693332,55.499254372294));
#1285 = CARTESIAN_POINT('',(380.,-16.66258795717,56.14768232198));
#1286 = CARTESIAN_POINT('',(380.,-12.51123650224,56.631989417553));
#1287 = CARTESIAN_POINT('',(380.,-8.345716768327,56.954177620404));
#1288 = CARTESIAN_POINT('',(380.,-4.173177420534,57.115312101682));
#1289 = CARTESIAN_POINT('',(380.,4.173177420499,57.115312101683));
#1290 = CARTESIAN_POINT('',(380.,8.345716768334,56.95417762041));
#1291 = CARTESIAN_POINT('',(380.,12.511236502178,56.63198941755));
#1292 = CARTESIAN_POINT('',(380.,16.662587957156,56.14768232198));
#1293 = CARTESIAN_POINT('',(380.,20.791866933339,55.499254372304));
#1294 = CARTESIAN_POINT('',(380.,24.890418456575,54.6838518262));
#1295 = CARTESIAN_POINT('',(380.,28.948802735006,53.69759367427));
#1296 = CARTESIAN_POINT('',(380.,34.382961954306,52.121271281881));
#1297 = CARTESIAN_POINT('',(380.,35.802753236701,51.685236789138));
#1298 = CARTESIAN_POINT('',(380.,37.215565899808,51.226662350126));
#1299 = CARTESIAN_POINT('',(380.,38.620863111749,50.745300111893));
#1300 = CARTESIAN_POINT('',(380.,40.018069033061,50.240886689464));
#1301 = CARTESIAN_POINT('',(380.,41.406568358955,49.713142021064));
#1302 = CARTESIAN_POINT('',(380.,42.78570586157,49.161768223336));
#1303 = CARTESIAN_POINT('',(380.,45.875853433105,47.863215239381));
#1304 = CARTESIAN_POINT('',(380.,47.580976861582,47.102160992358));
#1305 = CARTESIAN_POINT('',(380.,49.268808337243,46.302645172119));
#1306 = CARTESIAN_POINT('',(380.,50.937822492611,45.464002730715));
#1307 = CARTESIAN_POINT('',(380.,52.586319629018,44.58555025863));
#1308 = CARTESIAN_POINT('',(380.,54.212426127156,43.666587053475));
#1309 = CARTESIAN_POINT('',(380.,55.81409211231,42.706391104386));
#1310 = CARTESIAN_POINT('',(380.,59.324266488526,40.47283981753));
#1311 = CARTESIAN_POINT('',(380.,61.218948703045,39.178233132184));
#1312 = CARTESIAN_POINT('',(380.,63.069162963016,37.818922897161));
#1313 = CARTESIAN_POINT('',(380.,64.870140332644,36.393580817213));
#1314 = CARTESIAN_POINT('',(380.,66.616365311644,34.901081490339));
#1315 = CARTESIAN_POINT('',(380.,68.301625108923,33.340562696534));
#1316 = CARTESIAN_POINT('',(380.,69.919055873459,31.711481825705));
#1317 = CARTESIAN_POINT('',(380.,71.723521552385,29.724849079185));
#1318 = CARTESIAN_POINT('',(380.,71.982292814098,29.435566373895));
#1319 = CARTESIAN_POINT('',(380.,72.236938948795,29.146476095494));
#1320 = CARTESIAN_POINT('',(380.,72.487376415861,28.857764451203));
#1321 = CARTESIAN_POINT('',(380.,72.733964477012,28.569118913088));
#1322 = CARTESIAN_POINT('',(380.,72.977470820498,28.27969904228));
#1323 = CARTESIAN_POINT('',(380.,73.219037185307,27.988107313204));
#1324 = CARTESIAN_POINT('',(380.,74.244621906853,26.730105748872));
#1325 = CARTESIAN_POINT('',(380.,75.004631525041,25.747906821119));
#1326 = CARTESIAN_POINT('',(380.,75.738858491746,24.745886019213));
#1327 = CARTESIAN_POINT('',(380.,76.445916244737,23.724255780386));
#1328 = CARTESIAN_POINT('',(380.,77.124360640114,22.683327279691));
#1329 = CARTESIAN_POINT('',(380.,77.772706722306,21.623521608499));
#1330 = CARTESIAN_POINT('',(380.,78.389448631678,20.545382966202));
#1331 = CARTESIAN_POINT('',(380.,79.383605476606,18.678825840189));
#1332 = CARTESIAN_POINT('',(380.,79.777746121153,17.899328122758));
#1333 = CARTESIAN_POINT('',(380.,80.154978357559,17.111345590632));
#1334 = CARTESIAN_POINT('',(380.,80.514776730162,16.315157045103));
#1335 = CARTESIAN_POINT('',(380.,80.856622121573,15.511077598003));
#1336 = CARTESIAN_POINT('',(380.,81.180007320781,14.69946105873));
#1337 = CARTESIAN_POINT('',(380.,81.484442591262,13.880702321272));
#1338 = CARTESIAN_POINT('',(380.,82.312468567319,11.482598002502));
#1339 = CARTESIAN_POINT('',(380.,82.78509082924,9.88536466072));
#1340 = CARTESIAN_POINT('',(380.,83.183957843045,8.266861152207));
#1341 = CARTESIAN_POINT('',(380.,83.506196161388,6.630716158864));
#1342 = CARTESIAN_POINT('',(380.,83.749491405283,4.980875930468));
#1343 = CARTESIAN_POINT('',(380.,83.912180440538,3.321618911073));
#1344 = CARTESIAN_POINT('',(380.,83.993373396705,1.657574679521));
#1345 = CARTESIAN_POINT('',(380.,83.992922930153,-1.140438505037));
#1346 = CARTESIAN_POINT('',(380.,83.954887437163,-2.274657518334));
#1347 = CARTESIAN_POINT('',(380.,83.878995158902,-3.407378010931));
#1348 = CARTESIAN_POINT('',(380.,83.765432736691,-4.537125719493));
#1349 = CARTESIAN_POINT('',(380.,83.614560961215,-5.662482187514));
#1350 = CARTESIAN_POINT('',(380.,83.426901194982,-6.78208330868));
#1351 = CARTESIAN_POINT('',(380.,83.203124599878,-7.89461816834));
#1352 = CARTESIAN_POINT('',(380.,82.622108232229,-10.37093060817));
#1353 = CARTESIAN_POINT('',(380.,82.245639820226,-11.73026531434));
#1354 = CARTESIAN_POINT('',(380.,81.816175517631,-13.07446627738));
#1355 = CARTESIAN_POINT('',(380.,81.335531116911,-14.40148010913));
#1356 = CARTESIAN_POINT('',(380.,80.805719465764,-15.70953583699));
#1357 = CARTESIAN_POINT('',(380.,80.228881316509,-16.9971192654));
#1358 = CARTESIAN_POINT('',(380.,79.60722917827,-18.2629519195));
#1359 = CARTESIAN_POINT('',(380.,78.170960484447,-20.95076779928));
#1360 = CARTESIAN_POINT('',(380.,77.341393764058,-22.36475731086));
#1361 = CARTESIAN_POINT('',(380.,76.457746958816,-23.74641892957));
#1362 = CARTESIAN_POINT('',(380.,75.523464896669,-25.0946292604));
#1363 = CARTESIAN_POINT('',(380.,74.541911543545,-26.40860808841));
#1364 = CARTESIAN_POINT('',(380.,73.516300837039,-27.68786982225));
#1365 = CARTESIAN_POINT('',(380.,72.449641095702,-28.93218398206));
#1366 = CARTESIAN_POINT('',(380.,69.821346743668,-31.80884040787));
#1367 = CARTESIAN_POINT('',(380.,68.225423720725,-33.4094826011));
#1368 = CARTESIAN_POINT('',(380.,66.564026856281,-34.94366098981));
#1369 = CARTESIAN_POINT('',(380.,64.843685544597,-36.41190967612));
#1370 = CARTESIAN_POINT('',(380.,63.070316502732,-37.81505939726));
#1371 = CARTESIAN_POINT('',(380.,61.24918166404,-39.15418599098));
#1372 = CARTESIAN_POINT('',(380.,59.384843115463,-40.43055511537));
#1373 = CARTESIAN_POINT('',(380.,54.203408529757,-43.73747969057));
#1374 = CARTESIAN_POINT('',(380.,50.810511977738,-45.64649558125));
#1375 = CARTESIAN_POINT('',(380.,47.321531386678,-47.38039480528));
#1376 = CARTESIAN_POINT('',(380.,43.75272801499,-48.94541729742));
#1377 = CARTESIAN_POINT('',(380.,40.11799229709,-50.34727082343));
#1378 = CARTESIAN_POINT('',(380.,36.428852612154,-51.59112508053));
#1379 = CARTESIAN_POINT('',(380.,32.694501017268,-52.68161638298));
#1380 = CARTESIAN_POINT('',(380.,25.379531256942,-54.50595898153));
#1381 = CARTESIAN_POINT('',(380.,21.804758041977,-55.25721912749));
#1382 = CARTESIAN_POINT('',(380.,18.203741308694,-55.87946140767));
#1383 = CARTESIAN_POINT('',(380.,14.582435669362,-56.37497151157));
#1384 = CARTESIAN_POINT('',(380.,10.946406712994,-56.74543271581));
#1385 = CARTESIAN_POINT('',(380.,7.300844787715,-56.99200835037));
#1386 = CARTESIAN_POINT('',(380.,3.650564629577,-57.11531210168));
#1387 = CARTESIAN_POINT('',(380.,0.,-57.11531210168));
#1388 = PCURVE('',#232,#1389);
#1389 = DEFINITIONAL_REPRESENTATION('',(#1390),#1596);
#1390 = B_SPLINE_CURVE_WITH_KNOTS('',8,(#1391,#1392,#1393,#1394,#1395,
    #1396,#1397,#1398,#1399,#1400,#1401,#1402,#1403,#1404,#1405,#1406,
    #1407,#1408,#1409,#1410,#1411,#1412,#1413,#1414,#1415,#1416,#1417,
    #1418,#1419,#1420,#1421,#1422,#1423,#1424,#1425,#1426,#1427,#1428,
    #1429,#1430,#1431,#1432,#1433,#1434,#1435,#1436,#1437,#1438,#1439,
    #1440,#1441,#1442,#1443,#1444,#1445,#1446,#1447,#1448,#1449,#1450,
    #1451,#1452,#1453,#1454,#1455,#1456,#1457,#1458,#1459,#1460,#1461,
    #1462,#1463,#1464,#1465,#1466,#1467,#1468,#1469,#1470,#1471,#1472,
    #1473,#1474,#1475,#1476,#1477,#1478,#1479,#1480,#1481,#1482,#1483,
    #1484,#1485,#1486,#1487,#1488,#1489,#1490,#1491,#1492,#1493,#1494,
    #1495,#1496,#1497,#1498,#1499,#1500,#1501,#1502,#1503,#1504,#1505,
    #1506,#1507,#1508,#1509,#1510,#1511,#1512,#1513,#1514,#1515,#1516,
    #1517,#1518,#1519,#1520,#1521,#1522,#1523,#1524,#1525,#1526,#1527,
    #1528,#1529,#1530,#1531,#1532,#1533,#1534,#1535,#1536,#1537,#1538,
    #1539,#1540,#1541,#1542,#1543,#1544,#1545,#1546,#1547,#1548,#1549,
    #1550,#1551,#1552,#1553,#1554,#1555,#1556,#1557,#1558,#1559,#1560,
    #1561,#1562,#1563,#1564,#1565,#1566,#1567,#1568,#1569,#1570,#1571,
    #1572,#1573,#1574,#1575,#1576,#1577,#1578,#1579,#1580,#1581,#1582,
    #1583,#1584,#1585,#1586,#1587,#1588,#1589,#1590,#1591,#1592,#1593,
    #1594,#1595),.UNSPECIFIED.,.F.,.F.,(9,7,7,7,7,7,7,7,7,7,7,7,7,7,7,7,
    7,7,7,7,7,7,7,7,7,7,7,7,7,9),(0.,6.543736277889E-02,0.135136137671,
    0.175617953209,0.204981142652,0.230243656948,0.250573860272,
    0.280397856998,0.296052148896,0.310694003916,0.317576186495,
    0.325246972913,0.365778846542,0.398766715692,0.425008007336,
    0.498747220769,0.572486434203,0.598727725846,0.631715594997,
    0.672247468626,0.679142449051,0.701576202816,0.7173558999,
    0.747418814097,0.767911880931,0.793376771055,0.822975186481,
    0.863781298359,0.934038424139,1.),.UNSPECIFIED.);
#1391 = CARTESIAN_POINT('',(6.28318530718,458.75180101399));
#1392 = CARTESIAN_POINT('',(6.230630265327,458.75180101399));
#1393 = CARTESIAN_POINT('',(6.179586484134,458.75180101399));
#1394 = CARTESIAN_POINT('',(6.129814853983,458.75180101399));
#1395 = CARTESIAN_POINT('',(6.081114093008,458.75180101399));
#1396 = CARTESIAN_POINT('',(6.033306023328,458.75180101399));
#1397 = CARTESIAN_POINT('',(5.986226786426,458.75180101399));
#1398 = CARTESIAN_POINT('',(5.939719994943,458.75180101399));
#1399 = CARTESIAN_POINT('',(5.844534026465,458.75180101399));
#1400 = CARTESIAN_POINT('',(5.79592957016,458.75180101399));
#1401 = CARTESIAN_POINT('',(5.747611218602,458.75180101399));
#1402 = CARTESIAN_POINT('',(5.699399341408,458.75180101399));
#1403 = CARTESIAN_POINT('',(5.651123104563,458.75180101399));
#1404 = CARTESIAN_POINT('',(5.602608316009,458.75180101399));
#1405 = CARTESIAN_POINT('',(5.553667243357,458.75180101399));
#1406 = CARTESIAN_POINT('',(5.475263895437,458.75180101399));
#1407 = CARTESIAN_POINT('',(5.446244248961,458.75180101399));
#1408 = CARTESIAN_POINT('',(5.4169682784,458.75180101399));
#1409 = CARTESIAN_POINT('',(5.387394933299,458.75180101399));
#1410 = CARTESIAN_POINT('',(5.357483971885,458.75180101399));
#1411 = CARTESIAN_POINT('',(5.327194726085,458.75180101399));
#1412 = CARTESIAN_POINT('',(5.296484883649,458.75180101399));
#1413 = CARTESIAN_POINT('',(5.242696296225,458.75180101399));
#1414 = CARTESIAN_POINT('',(5.21984040026,458.75180101399));
#1415 = CARTESIAN_POINT('',(5.196725678022,458.75180101399));
#1416 = CARTESIAN_POINT('',(5.173337718189,458.75180101399));
#1417 = CARTESIAN_POINT('',(5.149663395051,458.75180101399));
#1418 = CARTESIAN_POINT('',(5.12569093577,458.75180101399));
#1419 = CARTESIAN_POINT('',(5.10141027948,458.75180101399));
#1420 = CARTESIAN_POINT('',(5.055652173885,458.75180101399));
#1421 = CARTESIAN_POINT('',(5.034256642735,458.75180101399));
#1422 = CARTESIAN_POINT('',(5.01262373905,458.75180101399));
#1423 = CARTESIAN_POINT('',(4.990751340446,458.75180101399));
#1424 = CARTESIAN_POINT('',(4.968638739052,458.75180101399));
#1425 = CARTESIAN_POINT('',(4.94628705832,458.75180101399));
#1426 = CARTESIAN_POINT('',(4.923699945477,458.75180101399));
#1427 = CARTESIAN_POINT('',(4.88252366566,458.75180101399));
#1428 = CARTESIAN_POINT('',(4.864014012216,458.75180101399));
#1429 = CARTESIAN_POINT('',(4.845359726074,458.75180101399));
#1430 = CARTESIAN_POINT('',(4.826565127103,458.75180101399));
#1431 = CARTESIAN_POINT('',(4.807634895961,458.75180101399));
#1432 = CARTESIAN_POINT('',(4.788574316171,458.75180101399));
#1433 = CARTESIAN_POINT('',(4.76938957059,458.75180101399));
#1434 = CARTESIAN_POINT('',(4.721773214198,458.75180101399));
#1435 = CARTESIAN_POINT('',(4.693202221845,458.75180101399));
#1436 = CARTESIAN_POINT('',(4.66440127269,458.75180101399));
#1437 = CARTESIAN_POINT('',(4.635391566831,458.75180101399));
#1438 = CARTESIAN_POINT('',(4.606191168752,458.75180101399));
#1439 = CARTESIAN_POINT('',(4.576816562917,458.75180101399));
#1440 = CARTESIAN_POINT('',(4.547283943162,458.75180101399));
#1441 = CARTESIAN_POINT('',(4.502034829251,458.75180101399));
#1442 = CARTESIAN_POINT('',(4.486419208129,458.75180101399));
#1443 = CARTESIAN_POINT('',(4.470764976086,458.75180101399));
#1444 = CARTESIAN_POINT('',(4.455073371061,458.75180101399));
#1445 = CARTESIAN_POINT('',(4.439345289406,458.75180101399));
#1446 = CARTESIAN_POINT('',(4.423581309949,458.75180101399));
#1447 = CARTESIAN_POINT('',(4.407781718061,458.75180101399));
#1448 = CARTESIAN_POINT('',(4.37713547768,458.75180101399));
#1449 = CARTESIAN_POINT('',(4.362293256678,458.75180101399));
#1450 = CARTESIAN_POINT('',(4.347419798076,458.75180101399));
#1451 = CARTESIAN_POINT('',(4.332514809364,458.75180101399));
#1452 = CARTESIAN_POINT('',(4.317577776678,458.75180101399));
#1453 = CARTESIAN_POINT('',(4.302607967325,458.75180101399));
#1454 = CARTESIAN_POINT('',(4.287604432316,458.75180101399));
#1455 = CARTESIAN_POINT('',(4.265497425317,458.75180101399));
#1456 = CARTESIAN_POINT('',(4.258428841885,458.75180101399));
#1457 = CARTESIAN_POINT('',(4.251360258487,458.75180101399));
#1458 = CARTESIAN_POINT('',(4.244291675061,458.75180101399));
#1459 = CARTESIAN_POINT('',(4.23722309158,458.75180101399));
#1460 = CARTESIAN_POINT('',(4.230154508057,458.75180101399));
#1461 = CARTESIAN_POINT('',(4.22308592454,458.75180101399));
#1462 = CARTESIAN_POINT('',(4.208138794872,458.75180101399));
#1463 = CARTESIAN_POINT('',(4.200335940983,458.75180101399));
#1464 = CARTESIAN_POINT('',(4.192472508965,458.75180101399));
#1465 = CARTESIAN_POINT('',(4.184586084158,458.75180101399));
#1466 = CARTESIAN_POINT('',(4.17672958695,458.75180101399));
#1467 = CARTESIAN_POINT('',(4.168899021065,458.75180101399));
#1468 = CARTESIAN_POINT('',(4.161047490918,458.75180101399));
#1469 = CARTESIAN_POINT('',(4.111643240679,458.75180101399));
#1470 = CARTESIAN_POINT('',(4.071683319156,458.75180101399));
#1471 = CARTESIAN_POINT('',(4.033155193903,458.75180101399));
#1472 = CARTESIAN_POINT('',(3.995928411285,458.75180101399));
#1473 = CARTESIAN_POINT('',(3.959887588327,458.75180101399));
#1474 = CARTESIAN_POINT('',(3.924928399638,458.75180101399));
#1475 = CARTESIAN_POINT('',(3.890954556575,458.75180101399));
#1476 = CARTESIAN_POINT('',(3.830953795943,458.75180101399));
#1477 = CARTESIAN_POINT('',(3.804627307938,458.75180101399));
#1478 = CARTESIAN_POINT('',(3.7788488216,458.75180101399));
#1479 = CARTESIAN_POINT('',(3.753575966629,458.75180101399));
#1480 = CARTESIAN_POINT('',(3.728770325987,458.75180101399));
#1481 = CARTESIAN_POINT('',(3.704396501763,458.75180101399));
#1482 = CARTESIAN_POINT('',(3.680421416324,458.75180101399));
#1483 = CARTESIAN_POINT('',(3.638034428316,458.75180101399));
#1484 = CARTESIAN_POINT('',(3.619487996052,458.75180101399));
#1485 = CARTESIAN_POINT('',(3.601159058874,458.75180101399));
#1486 = CARTESIAN_POINT('',(3.583033191448,458.75180101399));
#1487 = CARTESIAN_POINT('',(3.565096880896,458.75180101399));
#1488 = CARTESIAN_POINT('',(3.54733737147,458.75180101399));
#1489 = CARTESIAN_POINT('',(3.529742509227,458.75180101399));
#1490 = CARTESIAN_POINT('',(3.46328799753,458.75180101399));
#1491 = CARTESIAN_POINT('',(3.415491356572,458.75180101399));
#1492 = CARTESIAN_POINT('',(3.368641612835,458.75180101399));
#1493 = CARTESIAN_POINT('',(3.322520396774,458.75180101399));
#1494 = CARTESIAN_POINT('',(3.276934658781,458.75180101399));
#1495 = CARTESIAN_POINT('',(3.231703934803,458.75180101399));
#1496 = CARTESIAN_POINT('',(3.186651747781,458.75180101399));
#1497 = CARTESIAN_POINT('',(3.096533559399,458.75180101399));
#1498 = CARTESIAN_POINT('',(3.051481372377,458.75180101399));
#1499 = CARTESIAN_POINT('',(3.006250648399,458.75180101399));
#1500 = CARTESIAN_POINT('',(2.960664910406,458.75180101399));
#1501 = CARTESIAN_POINT('',(2.914543694344,458.75180101399));
#1502 = CARTESIAN_POINT('',(2.867693950608,458.75180101399));
#1503 = CARTESIAN_POINT('',(2.81989730965,458.75180101399));
#1504 = CARTESIAN_POINT('',(2.753442797952,458.75180101399));
#1505 = CARTESIAN_POINT('',(2.73584793571,458.75180101399));
#1506 = CARTESIAN_POINT('',(2.718088426283,458.75180101399));
#1507 = CARTESIAN_POINT('',(2.700152115731,458.75180101399));
#1508 = CARTESIAN_POINT('',(2.682026248306,458.75180101399));
#1509 = CARTESIAN_POINT('',(2.663697311128,458.75180101399));
#1510 = CARTESIAN_POINT('',(2.645150878864,458.75180101399));
#1511 = CARTESIAN_POINT('',(2.602763890855,458.75180101399));
#1512 = CARTESIAN_POINT('',(2.578788805417,458.75180101399));
#1513 = CARTESIAN_POINT('',(2.554414981192,458.75180101399));
#1514 = CARTESIAN_POINT('',(2.529609340551,458.75180101399));
#1515 = CARTESIAN_POINT('',(2.50433648558,458.75180101399));
#1516 = CARTESIAN_POINT('',(2.478557999242,458.75180101399));
#1517 = CARTESIAN_POINT('',(2.452231511237,458.75180101399));
#1518 = CARTESIAN_POINT('',(2.392230750605,458.75180101399));
#1519 = CARTESIAN_POINT('',(2.358256907542,458.75180101399));
#1520 = CARTESIAN_POINT('',(2.323297718853,458.75180101399));
#1521 = CARTESIAN_POINT('',(2.287256895895,458.75180101399));
#1522 = CARTESIAN_POINT('',(2.250030113277,458.75180101399));
#1523 = CARTESIAN_POINT('',(2.211501988024,458.75180101399));
#1524 = CARTESIAN_POINT('',(2.171542066501,458.75180101399));
#1525 = CARTESIAN_POINT('',(2.122932961455,458.75180101399));
#1526 = CARTESIAN_POINT('',(2.115872393803,458.75180101399));
#1527 = CARTESIAN_POINT('',(2.108798489387,458.75180101399));
#1528 = CARTESIAN_POINT('',(2.10171693161,458.75180101399));
#1529 = CARTESIAN_POINT('',(2.094643311561,458.75180101399));
#1530 = CARTESIAN_POINT('',(2.087587725511,458.75180101399));
#1531 = CARTESIAN_POINT('',(2.080539372408,458.75180101399));
#1532 = CARTESIAN_POINT('',(2.050388663064,458.75180101399));
#1533 = CARTESIAN_POINT('',(2.027416893882,458.75180101399));
#1534 = CARTESIAN_POINT('',(2.004529932184,458.75180101399));
#1535 = CARTESIAN_POINT('',(1.981723047482,458.75180101399));
#1536 = CARTESIAN_POINT('',(1.958992577936,458.75180101399));
#1537 = CARTESIAN_POINT('',(1.936335891728,458.75180101399));
#1538 = CARTESIAN_POINT('',(1.9137514223,458.75180101399));
#1539 = CARTESIAN_POINT('',(1.875403589119,458.75180101399));
#1540 = CARTESIAN_POINT('',(1.859603997231,458.75180101399));
#1541 = CARTESIAN_POINT('',(1.843840017774,458.75180101399));
#1542 = CARTESIAN_POINT('',(1.828111936118,458.75180101399));
#1543 = CARTESIAN_POINT('',(1.812420331094,458.75180101399));
#1544 = CARTESIAN_POINT('',(1.796766099051,458.75180101399));
#1545 = CARTESIAN_POINT('',(1.781150477929,458.75180101399));
#1546 = CARTESIAN_POINT('',(1.735901364018,458.75180101399));
#1547 = CARTESIAN_POINT('',(1.706368744263,458.75180101399));
#1548 = CARTESIAN_POINT('',(1.676994138428,458.75180101399));
#1549 = CARTESIAN_POINT('',(1.647793740349,458.75180101399));
#1550 = CARTESIAN_POINT('',(1.61878403449,458.75180101399));
#1551 = CARTESIAN_POINT('',(1.589983085335,458.75180101399));
#1552 = CARTESIAN_POINT('',(1.561412092982,458.75180101399));
#1553 = CARTESIAN_POINT('',(1.51379573659,458.75180101399));
#1554 = CARTESIAN_POINT('',(1.494610991008,458.75180101399));
#1555 = CARTESIAN_POINT('',(1.475550411219,458.75180101399));
#1556 = CARTESIAN_POINT('',(1.456620180076,458.75180101399));
#1557 = CARTESIAN_POINT('',(1.437825581106,458.75180101399));
#1558 = CARTESIAN_POINT('',(1.419171294963,458.75180101399));
#1559 = CARTESIAN_POINT('',(1.40066164152,458.75180101399));
#1560 = CARTESIAN_POINT('',(1.359485361703,458.75180101399));
#1561 = CARTESIAN_POINT('',(1.33689824886,458.75180101399));
#1562 = CARTESIAN_POINT('',(1.314546568128,458.75180101399));
#1563 = CARTESIAN_POINT('',(1.292433966734,458.75180101399));
#1564 = CARTESIAN_POINT('',(1.27056156813,458.75180101399));
#1565 = CARTESIAN_POINT('',(1.248928664445,458.75180101399));
#1566 = CARTESIAN_POINT('',(1.227533133295,458.75180101399));
#1567 = CARTESIAN_POINT('',(1.1817750277,458.75180101399));
#1568 = CARTESIAN_POINT('',(1.15749437141,458.75180101399));
#1569 = CARTESIAN_POINT('',(1.133521912129,458.75180101399));
#1570 = CARTESIAN_POINT('',(1.109847588991,458.75180101399));
#1571 = CARTESIAN_POINT('',(1.086459629158,458.75180101399));
#1572 = CARTESIAN_POINT('',(1.06334490692,458.75180101399));
#1573 = CARTESIAN_POINT('',(1.040489010955,458.75180101399));
#1574 = CARTESIAN_POINT('',(0.986700423531,458.75180101399));
#1575 = CARTESIAN_POINT('',(0.955990581095,458.75180101399));
#1576 = CARTESIAN_POINT('',(0.925701335294,458.75180101399));
#1577 = CARTESIAN_POINT('',(0.895790373881,458.75180101399));
#1578 = CARTESIAN_POINT('',(0.86621702878,458.75180101399));
#1579 = CARTESIAN_POINT('',(0.836941058219,458.75180101399));
#1580 = CARTESIAN_POINT('',(0.807921411743,458.75180101399));
#1581 = CARTESIAN_POINT('',(0.729518063823,458.75180101399));
#1582 = CARTESIAN_POINT('',(0.680576991171,458.75180101399));
#1583 = CARTESIAN_POINT('',(0.632062202616,458.75180101399));
#1584 = CARTESIAN_POINT('',(0.583785965773,458.75180101399));
#1585 = CARTESIAN_POINT('',(0.535574088577,458.75180101399));
#1586 = CARTESIAN_POINT('',(0.48725573702,458.75180101399));
#1587 = CARTESIAN_POINT('',(0.438651280715,458.75180101399));
#1588 = CARTESIAN_POINT('',(0.343465312237,458.75180101399));
#1589 = CARTESIAN_POINT('',(0.296958520754,458.75180101399));
#1590 = CARTESIAN_POINT('',(0.249879283851,458.75180101399));
#1591 = CARTESIAN_POINT('',(0.202071214171,458.75180101399));
#1592 = CARTESIAN_POINT('',(0.153370453197,458.75180101399));
#1593 = CARTESIAN_POINT('',(0.103598823045,458.75180101399));
#1594 = CARTESIAN_POINT('',(5.255504185236E-02,458.75180101399));
#1595 = CARTESIAN_POINT('',(0.,458.75180101399));
#1596 = ( GEOMETRIC_REPRESENTATION_CONTEXT(2) 
PARAMETRIC_REPRESENTATION_CONTEXT() REPRESENTATION_CONTEXT('2D SPACE',''
  ) );
#1597 = PCURVE('',#1598,#1603);
#1598 = PLANE('',#1599);
#1599 = AXIS2_PLACEMENT_3D('',#1600,#1601,#1602);
#1600 = CARTESIAN_POINT('',(380.,-300.,-300.));
#1601 = DIRECTION('',(1.,0.,0.));
#1602 = DIRECTION('',(0.,0.,1.));
#1603 = DEFINITIONAL_REPRESENTATION('',(#1604),#1810);
#1604 = B_SPLINE_CURVE_WITH_KNOTS('',8,(#1605,#1606,#1607,#1608,#1609,
    #1610,#1611,#1612,#1613,#1614,#1615,#1616,#1617,#1618,#1619,#1620,
    #1621,#1622,#1623,#1624,#1625,#1626,#1627,#1628,#1629,#1630,#1631,
    #1632,#1633,#1634,#1635,#1636,#1637,#1638,#1639,#1640,#1641,#1642,
    #1643,#1644,#1645,#1646,#1647,#1648,#1649,#1650,#1651,#1652,#1653,
    #1654,#1655,#1656,#1657,#1658,#1659,#1660,#1661,#1662,#1663,#1664,
    #1665,#1666,#1667,#1668,#1669,#1670,#1671,#1672,#1673,#1674,#1675,
    #1676,#1677,#1678,#1679,#1680,#1681,#1682,#1683,#1684,#1685,#1686,
    #1687,#1688,#1689,#1690,#1691,#1692,#1693,#1694,#1695,#1696,#1697,
    #1698,#1699,#1700,#1701,#1702,#1703,#1704,#1705,#1706,#1707,#1708,
    #1709,#1710,#1711,#1712,#1713,#1714,#1715,#1716,#1717,#1718,#1719,
    #1720,#1721,#1722,#1723,#1724,#1725,#1726,#1727,#1728,#1729,#1730,
    #1731,#1732,#1733,#1734,#1735,#1736,#1737,#1738,#1739,#1740,#1741,
    #1742,#1743,#1744,#1745,#1746,#1747,#1748,#1749,#1750,#1751,#1752,
    #1753,#1754,#1755,#1756,#1757,#1758,#1759,#1760,#1761,#1762,#1763,
    #1764,#1765,#1766,#1767,#1768,#1769,#1770,#1771,#1772,#1773,#1774,
    #1775,#1776,#1777,#1778,#1779,#1780,#1781,#1782,#1783,#1784,#1785,
    #1786,#1787,#1788,#1789,#1790,#1791,#1792,#1793,#1794,#1795,#1796,
    #1797,#1798,#1799,#1800,#1801,#1802,#1803,#1804,#1805,#1806,#1807,
    #1808,#1809),.UNSPECIFIED.,.T.,.F.,(9,7,7,7,7,7,7,7,7,7,7,7,7,7,7,7,
    7,7,7,7,7,7,7,7,7,7,7,7,7,9),(0.,6.543736277889E-02,0.135136137671,
    0.175617953209,0.204981142652,0.230243656948,0.250573860272,
    0.280397856998,0.296052148896,0.310694003916,0.317576186495,
    0.325246972913,0.365778846542,0.398766715692,0.425008007336,
    0.498747220769,0.572486434203,0.598727725846,0.631715594997,
    0.672247468626,0.679142449051,0.701576202816,0.7173558999,
    0.747418814097,0.767911880931,0.793376771055,0.822975186481,
    0.863781298359,0.934038424139,1.),.UNSPECIFIED.);
#1605 = CARTESIAN_POINT('',(242.88468789831,-300.));
#1606 = CARTESIAN_POINT('',(242.88468789831,-296.3494353704));
#1607 = CARTESIAN_POINT('',(243.00799164962,-292.6991552122));
#1608 = CARTESIAN_POINT('',(243.25456728418,-289.053593287));
#1609 = CARTESIAN_POINT('',(243.62502848842,-285.4175643306));
#1610 = CARTESIAN_POINT('',(244.12053859233,-281.7962586913));
#1611 = CARTESIAN_POINT('',(244.7427808725,-278.195241958));
#1612 = CARTESIAN_POINT('',(245.49404101846,-274.620468743));
#1613 = CARTESIAN_POINT('',(247.31838361701,-267.3054989827));
#1614 = CARTESIAN_POINT('',(248.40887491947,-263.5711473877));
#1615 = CARTESIAN_POINT('',(249.65272917654,-259.882007703));
#1616 = CARTESIAN_POINT('',(251.05458270259,-256.2472719848));
#1617 = CARTESIAN_POINT('',(252.61960519469,-252.6784686134));
#1618 = CARTESIAN_POINT('',(254.35350441875,-249.1894880222));
#1619 = CARTESIAN_POINT('',(256.26252030941,-245.7965914702));
#1620 = CARTESIAN_POINT('',(259.56944488461,-240.6151568845));
#1621 = CARTESIAN_POINT('',(260.845814009,-238.7508183359));
#1622 = CARTESIAN_POINT('',(262.18494060273,-236.9296834972));
#1623 = CARTESIAN_POINT('',(263.58809032386,-235.1563144554));
#1624 = CARTESIAN_POINT('',(265.05633901018,-233.4359731437));
#1625 = CARTESIAN_POINT('',(266.59051739888,-231.7745762792));
#1626 = CARTESIAN_POINT('',(268.19115959211,-230.1786532563));
#1627 = CARTESIAN_POINT('',(271.06781601792,-227.5503589043));
#1628 = CARTESIAN_POINT('',(272.31213017773,-226.4836991629));
#1629 = CARTESIAN_POINT('',(273.59139191157,-225.4580884564));
#1630 = CARTESIAN_POINT('',(274.90537073958,-224.4765351033));
#1631 = CARTESIAN_POINT('',(276.25358107041,-223.5422530411));
#1632 = CARTESIAN_POINT('',(277.63524268912,-222.6586062359));
#1633 = CARTESIAN_POINT('',(279.0492322007,-221.8290395155));
#1634 = CARTESIAN_POINT('',(281.73704808048,-220.3927708217));
#1635 = CARTESIAN_POINT('',(283.00288073458,-219.7711186834));
#1636 = CARTESIAN_POINT('',(284.29046416299,-219.1942805342));
#1637 = CARTESIAN_POINT('',(285.59851989085,-218.664468883));
#1638 = CARTESIAN_POINT('',(286.9255337226,-218.1838244823));
#1639 = CARTESIAN_POINT('',(288.26973468564,-217.7543601797));
#1640 = CARTESIAN_POINT('',(289.62906939181,-217.3778917677));
#1641 = CARTESIAN_POINT('',(292.10538183164,-216.7968754001));
#1642 = CARTESIAN_POINT('',(293.2179166913,-216.573098805));
#1643 = CARTESIAN_POINT('',(294.33751781247,-216.3854390387));
#1644 = CARTESIAN_POINT('',(295.46287428049,-216.2345672633));
#1645 = CARTESIAN_POINT('',(296.59262198905,-216.121004841));
#1646 = CARTESIAN_POINT('',(297.72534248165,-216.0451125628));
#1647 = CARTESIAN_POINT('',(298.85956149495,-216.0070770698));
#1648 = CARTESIAN_POINT('',(301.6575746795,-216.0066266032));
#1649 = CARTESIAN_POINT('',(303.32161891106,-216.0878195594));
#1650 = CARTESIAN_POINT('',(304.98087593045,-216.2505085947));
#1651 = CARTESIAN_POINT('',(306.63071615884,-216.4938038386));
#1652 = CARTESIAN_POINT('',(308.26686115219,-216.8160421569));
#1653 = CARTESIAN_POINT('',(309.88536466071,-217.2149091707));
#1654 = CARTESIAN_POINT('',(311.48259800248,-217.6875314326));
#1655 = CARTESIAN_POINT('',(313.88070232125,-218.5155574087));
#1656 = CARTESIAN_POINT('',(314.69946105871,-218.8199926792));
#1657 = CARTESIAN_POINT('',(315.51107759799,-219.1433778784));
#1658 = CARTESIAN_POINT('',(316.31515704509,-219.4852232698));
#1659 = CARTESIAN_POINT('',(317.11134559062,-219.8450216424));
#1660 = CARTESIAN_POINT('',(317.89932812274,-220.2222538788));
#1661 = CARTESIAN_POINT('',(318.67882584017,-220.6163945233));
#1662 = CARTESIAN_POINT('',(320.17051268719,-221.4108897299));
#1663 = CARTESIAN_POINT('',(320.88379581668,-221.8091944306));
#1664 = CARTESIAN_POINT('',(321.58924651282,-222.2214021211));
#1665 = CARTESIAN_POINT('',(322.28669449452,-222.6470834144));
#1666 = CARTESIAN_POINT('',(322.97599431384,-223.0858115125));
#1667 = CARTESIAN_POINT('',(323.65702372938,-223.5371648526));
#1668 = CARTESIAN_POINT('',(324.32968207971,-224.0007297516));
#1669 = CARTESIAN_POINT('',(325.30608891606,-224.6995450853));
#1670 = CARTESIAN_POINT('',(325.61608142684,-224.9253523229));
#1671 = CARTESIAN_POINT('',(325.92386093956,-225.1534699695));
#1672 = CARTESIAN_POINT('',(326.22942293916,-225.3838436948));
#1673 = CARTESIAN_POINT('',(326.53276364504,-225.6164196338));
#1674 = CARTESIAN_POINT('',(326.83388001111,-225.8511443869));
#1675 = CARTESIAN_POINT('',(327.13276972578,-226.0879650202));
#1676 = CARTESIAN_POINT('',(327.76008604026,-226.5930636569));
#1677 = CARTESIAN_POINT('',(328.08587188028,-226.8601450954));
#1678 = CARTESIAN_POINT('',(328.40865773685,-227.1294023611));
#1679 = CARTESIAN_POINT('',(328.72987478772,-227.4019601162));
#1680 = CARTESIAN_POINT('',(329.05054008237,-227.6787064092));
#1681 = CARTESIAN_POINT('',(329.37127976827,-227.9602633979));
#1682 = CARTESIAN_POINT('',(329.6923518448,-228.2469610925));
#1683 = CARTESIAN_POINT('',(331.71148182569,-230.0809441265));
#1684 = CARTESIAN_POINT('',(333.34056269652,-231.698374891));
#1685 = CARTESIAN_POINT('',(334.90108149032,-233.3836346883));
#1686 = CARTESIAN_POINT('',(336.3935808172,-235.1298596673));
#1687 = CARTESIAN_POINT('',(337.81892289715,-236.9308370369));
#1688 = CARTESIAN_POINT('',(339.17823313217,-238.7810512969));
#1689 = CARTESIAN_POINT('',(340.47283981751,-240.6757335114));
#1690 = CARTESIAN_POINT('',(342.70639110437,-244.1859078876));
#1691 = CARTESIAN_POINT('',(343.66658705346,-245.7875738728));
#1692 = CARTESIAN_POINT('',(344.58555025862,-247.4136803709));
#1693 = CARTESIAN_POINT('',(345.4640027307,-249.0621775073));
#1694 = CARTESIAN_POINT('',(346.3026451721,-250.7311916627));
#1695 = CARTESIAN_POINT('',(347.10216099234,-252.4190231383));
#1696 = CARTESIAN_POINT('',(347.86321523937,-254.1241465668));
#1697 = CARTESIAN_POINT('',(349.16176822332,-257.2142941384));
#1698 = CARTESIAN_POINT('',(349.71314202105,-258.593431641));
#1699 = CARTESIAN_POINT('',(350.24088668945,-259.9819309669));
#1700 = CARTESIAN_POINT('',(350.74530011188,-261.3791368882));
#1701 = CARTESIAN_POINT('',(351.22666235011,-262.7844341001));
#1702 = CARTESIAN_POINT('',(351.68523678913,-264.1972467632));
#1703 = CARTESIAN_POINT('',(352.12127128187,-265.6170380456));
#1704 = CARTESIAN_POINT('',(353.69759367426,-271.0511972649));
#1705 = CARTESIAN_POINT('',(354.68385182619,-275.1095815433));
#1706 = CARTESIAN_POINT('',(355.49925437229,-279.2081330666));
#1707 = CARTESIAN_POINT('',(356.14768232198,-283.3374120428));
#1708 = CARTESIAN_POINT('',(356.63198941755,-287.4887634977));
#1709 = CARTESIAN_POINT('',(356.9541776204,-291.6542832316));
#1710 = CARTESIAN_POINT('',(357.11531210168,-295.8268225794));
#1711 = CARTESIAN_POINT('',(357.11531210168,-304.1731774204));
#1712 = CARTESIAN_POINT('',(356.95417762041,-308.3457167683));
#1713 = CARTESIAN_POINT('',(356.63198941755,-312.5112365021));
#1714 = CARTESIAN_POINT('',(356.14768232198,-316.6625879571));
#1715 = CARTESIAN_POINT('',(355.4992543723,-320.7918669333));
#1716 = CARTESIAN_POINT('',(354.6838518262,-324.8904184565));
#1717 = CARTESIAN_POINT('',(353.69759367427,-328.948802735));
#1718 = CARTESIAN_POINT('',(352.12127128188,-334.3829619543));
#1719 = CARTESIAN_POINT('',(351.68523678913,-335.8027532367));
#1720 = CARTESIAN_POINT('',(351.22666235012,-337.2155658998));
#1721 = CARTESIAN_POINT('',(350.74530011189,-338.6208631117));
#1722 = CARTESIAN_POINT('',(350.24088668946,-340.018069033));
#1723 = CARTESIAN_POINT('',(349.71314202106,-341.4065683589));
#1724 = CARTESIAN_POINT('',(349.16176822333,-342.7857058615));
#1725 = CARTESIAN_POINT('',(347.86321523938,-345.8758534331));
#1726 = CARTESIAN_POINT('',(347.10216099235,-347.5809768615));
#1727 = CARTESIAN_POINT('',(346.30264517211,-349.2688083372));
#1728 = CARTESIAN_POINT('',(345.46400273071,-350.9378224926));
#1729 = CARTESIAN_POINT('',(344.58555025863,-352.586319629));
#1730 = CARTESIAN_POINT('',(343.66658705347,-354.2124261271));
#1731 = CARTESIAN_POINT('',(342.70639110438,-355.8140921123));
#1732 = CARTESIAN_POINT('',(340.47283981753,-359.3242664885));
#1733 = CARTESIAN_POINT('',(339.17823313218,-361.218948703));
#1734 = CARTESIAN_POINT('',(337.81892289716,-363.069162963));
#1735 = CARTESIAN_POINT('',(336.39358081721,-364.8701403326));
#1736 = CARTESIAN_POINT('',(334.90108149033,-366.6163653116));
#1737 = CARTESIAN_POINT('',(333.34056269653,-368.3016251089));
#1738 = CARTESIAN_POINT('',(331.7114818257,-369.9190558734));
#1739 = CARTESIAN_POINT('',(329.72484907918,-371.7235215523));
#1740 = CARTESIAN_POINT('',(329.43556637389,-371.982292814));
#1741 = CARTESIAN_POINT('',(329.14647609549,-372.2369389487));
#1742 = CARTESIAN_POINT('',(328.8577644512,-372.4873764158));
#1743 = CARTESIAN_POINT('',(328.56911891308,-372.733964477));
#1744 = CARTESIAN_POINT('',(328.27969904228,-372.9774708204));
#1745 = CARTESIAN_POINT('',(327.9881073132,-373.2190371853));
#1746 = CARTESIAN_POINT('',(326.73010574887,-374.2446219068));
#1747 = CARTESIAN_POINT('',(325.74790682111,-375.004631525));
#1748 = CARTESIAN_POINT('',(324.74588601921,-375.7388584917));
#1749 = CARTESIAN_POINT('',(323.72425578038,-376.4459162447));
#1750 = CARTESIAN_POINT('',(322.68332727969,-377.1243606401));
#1751 = CARTESIAN_POINT('',(321.62352160849,-377.7727067223));
#1752 = CARTESIAN_POINT('',(320.5453829662,-378.3894486316));
#1753 = CARTESIAN_POINT('',(318.67882584018,-379.3836054766));
#1754 = CARTESIAN_POINT('',(317.89932812275,-379.7777461211));
#1755 = CARTESIAN_POINT('',(317.11134559063,-380.1549783575));
#1756 = CARTESIAN_POINT('',(316.3151570451,-380.5147767301));
#1757 = CARTESIAN_POINT('',(315.511077598,-380.8566221215));
#1758 = CARTESIAN_POINT('',(314.69946105873,-381.1800073207));
#1759 = CARTESIAN_POINT('',(313.88070232127,-381.4844425912));
#1760 = CARTESIAN_POINT('',(311.4825980025,-382.3124685673));
#1761 = CARTESIAN_POINT('',(309.88536466072,-382.7850908292));
#1762 = CARTESIAN_POINT('',(308.2668611522,-383.183957843));
#1763 = CARTESIAN_POINT('',(306.63071615886,-383.5061961613));
#1764 = CARTESIAN_POINT('',(304.98087593046,-383.7494914052));
#1765 = CARTESIAN_POINT('',(303.32161891107,-383.9121804405));
#1766 = CARTESIAN_POINT('',(301.65757467952,-383.9933733967));
#1767 = CARTESIAN_POINT('',(298.85956149496,-383.9929229301));
#1768 = CARTESIAN_POINT('',(297.72534248166,-383.9548874371));
#1769 = CARTESIAN_POINT('',(296.59262198906,-383.8789951589));
#1770 = CARTESIAN_POINT('',(295.4628742805,-383.7654327366));
#1771 = CARTESIAN_POINT('',(294.33751781248,-383.6145609612));
#1772 = CARTESIAN_POINT('',(293.21791669132,-383.4269011949));
#1773 = CARTESIAN_POINT('',(292.10538183166,-383.2031245998));
#1774 = CARTESIAN_POINT('',(289.62906939182,-382.6221082322));
#1775 = CARTESIAN_POINT('',(288.26973468565,-382.2456398202));
#1776 = CARTESIAN_POINT('',(286.92553372262,-381.8161755176));
#1777 = CARTESIAN_POINT('',(285.59851989086,-381.3355311169));
#1778 = CARTESIAN_POINT('',(284.290464163,-380.8057194657));
#1779 = CARTESIAN_POINT('',(283.00288073459,-380.2288813165));
#1780 = CARTESIAN_POINT('',(281.7370480805,-379.6072291782));
#1781 = CARTESIAN_POINT('',(279.04923220071,-378.1709604844));
#1782 = CARTESIAN_POINT('',(277.63524268913,-377.341393764));
#1783 = CARTESIAN_POINT('',(276.25358107042,-376.4577469588));
#1784 = CARTESIAN_POINT('',(274.90537073959,-375.5234648966));
#1785 = CARTESIAN_POINT('',(273.59139191158,-374.5419115435));
#1786 = CARTESIAN_POINT('',(272.31213017774,-373.516300837));
#1787 = CARTESIAN_POINT('',(271.06781601793,-372.4496410957));
#1788 = CARTESIAN_POINT('',(268.19115959212,-369.8213467436));
#1789 = CARTESIAN_POINT('',(266.59051739889,-368.2254237207));
#1790 = CARTESIAN_POINT('',(265.05633901018,-366.5640268562));
#1791 = CARTESIAN_POINT('',(263.58809032387,-364.8436855445));
#1792 = CARTESIAN_POINT('',(262.18494060273,-363.0703165027));
#1793 = CARTESIAN_POINT('',(260.84581400901,-361.249181664));
#1794 = CARTESIAN_POINT('',(259.56944488462,-359.3848431154));
#1795 = CARTESIAN_POINT('',(256.26252030942,-354.2034085297));
#1796 = CARTESIAN_POINT('',(254.35350441874,-350.8105119777));
#1797 = CARTESIAN_POINT('',(252.61960519471,-347.3215313866));
#1798 = CARTESIAN_POINT('',(251.05458270257,-343.7527280149));
#1799 = CARTESIAN_POINT('',(249.65272917656,-340.117992297));
#1800 = CARTESIAN_POINT('',(248.40887491946,-336.4288526121));
#1801 = CARTESIAN_POINT('',(247.31838361701,-332.6945010172));
#1802 = CARTESIAN_POINT('',(245.49404101846,-325.3795312569));
#1803 = CARTESIAN_POINT('',(244.7427808725,-321.8047580419));
#1804 = CARTESIAN_POINT('',(244.12053859232,-318.2037413086));
#1805 = CARTESIAN_POINT('',(243.62502848842,-314.5824356693));
#1806 = CARTESIAN_POINT('',(243.25456728418,-310.9464067129));
#1807 = CARTESIAN_POINT('',(243.00799164962,-307.3008447877));
#1808 = CARTESIAN_POINT('',(242.88468789831,-303.6505646295));
#1809 = CARTESIAN_POINT('',(242.88468789831,-300.));
#1810 = ( GEOMETRIC_REPRESENTATION_CONTEXT(2) 
PARAMETRIC_REPRESENTATION_CONTEXT() REPRESENTATION_CONTEXT('2D SPACE',''
  ) );
#1811 = ORIENTED_EDGE('',*,*,#1097,.F.);
#1812 = ADVANCED_FACE('',(#1813,#1816),#883,.F.);
#1813 = FACE_BOUND('',#1814,.F.);
#1814 = EDGE_LOOP('',(#1815));
#1815 = ORIENTED_EDGE('',*,*,#21,.F.);
#1816 = FACE_BOUND('',#1817,.F.);
#1817 = EDGE_LOOP('',(#1818));
#1818 = ORIENTED_EDGE('',*,*,#1819,.T.);
#1819 = EDGE_CURVE('',#1820,#1820,#1822,.T.);
#1820 = VERTEX_POINT('',#1821);
#1821 = CARTESIAN_POINT('',(374.,0.,-56.44079831448));
#1822 = SURFACE_CURVE('',#1823,(#2029,#2238),.PCURVE_S1.);
#1823 = B_SPLINE_CURVE_WITH_KNOTS('',8,(#1824,#1825,#1826,#1827,#1828,
    #1829,#1830,#1831,#1832,#1833,#1834,#1835,#1836,#1837,#1838,#1839,
    #1840,#1841,#1842,#1843,#1844,#1845,#1846,#1847,#1848,#1849,#1850,
    #1851,#1852,#1853,#1854,#1855,#1856,#1857,#1858,#1859,#1860,#1861,
    #1862,#1863,#1864,#1865,#1866,#1867,#1868,#1869,#1870,#1871,#1872,
    #1873,#1874,#1875,#1876,#1877,#1878,#1879,#1880,#1881,#1882,#1883,
    #1884,#1885,#1886,#1887,#1888,#1889,#1890,#1891,#1892,#1893,#1894,
    #1895,#1896,#1897,#1898,#1899,#1900,#1901,#1902,#1903,#1904,#1905,
    #1906,#1907,#1908,#1909,#1910,#1911,#1912,#1913,#1914,#1915,#1916,
    #1917,#1918,#1919,#1920,#1921,#1922,#1923,#1924,#1925,#1926,#1927,
    #1928,#1929,#1930,#1931,#1932,#1933,#1934,#1935,#1936,#1937,#1938,
    #1939,#1940,#1941,#1942,#1943,#1944,#1945,#1946,#1947,#1948,#1949,
    #1950,#1951,#1952,#1953,#1954,#1955,#1956,#1957,#1958,#1959,#1960,
    #1961,#1962,#1963,#1964,#1965,#1966,#1967,#1968,#1969,#1970,#1971,
    #1972,#1973,#1974,#1975,#1976,#1977,#1978,#1979,#1980,#1981,#1982,
    #1983,#1984,#1985,#1986,#1987,#1988,#1989,#1990,#1991,#1992,#1993,
    #1994,#1995,#1996,#1997,#1998,#1999,#2000,#2001,#2002,#2003,#2004,
    #2005,#2006,#2007,#2008,#2009,#2010,#2011,#2012,#2013,#2014,#2015,
    #2016,#2017,#2018,#2019,#2020,#2021,#2022,#2023,#2024,#2025,#2026,
    #2027,#2028),.UNSPECIFIED.,.T.,.F.,(9,7,7,7,7,7,7,7,7,7,7,7,7,7,7,7,
    7,7,7,7,7,7,7,7,7,7,7,7,7,9),(0.,6.54373424352E-02,0.135136077743,
    0.175617878985,0.20498106945,0.230243595737,0.250573816699,
    0.280397849644,0.296052164015,0.310694041855,0.31757623559,
    0.32524703424,0.365778939748,0.398766803716,0.42500808068,
    0.498747231023,0.572486381366,0.59872765833,0.631715522297,
    0.672247427805,0.679142419294,0.701576207294,0.717355925988,
    0.747418874709,0.767911957967,0.793376858496,0.822975272997,
    0.863781367769,0.934038449005,1.),.UNSPECIFIED.);
#1824 = CARTESIAN_POINT('',(374.,0.,-56.44079831448));
#1825 = CARTESIAN_POINT('',(374.,-3.607451355225,-56.44079831448));
#1826 = CARTESIAN_POINT('',(374.,-7.214622113741,-56.31895082659));
#1827 = CARTESIAN_POINT('',(374.,-10.81713078358,-56.07528728167));
#1828 = CARTESIAN_POINT('',(374.,-14.41021941225,-55.7092011988));
#1829 = CARTESIAN_POINT('',(374.,-17.98875888059,-55.2195429566));
#1830 = CARTESIAN_POINT('',(374.,-21.54724926646,-54.60464913606));
#1831 = CARTESIAN_POINT('',(374.,-25.07980622302,-53.86226102709));
#1832 = CARTESIAN_POINT('',(374.,-32.30838917477,-52.05946317035));
#1833 = CARTESIAN_POINT('',(374.,-35.99863928838,-50.98185022773));
#1834 = CARTESIAN_POINT('',(374.,-39.64421150938,-49.75268546772));
#1835 = CARTESIAN_POINT('',(374.,-43.23602228184,-48.36738733538));
#1836 = CARTESIAN_POINT('',(374.,-46.76267932071,-46.82084720211));
#1837 = CARTESIAN_POINT('',(374.,-50.21045619158,-45.10742473468));
#1838 = CARTESIAN_POINT('',(374.,-53.56328363166,-43.22095373111));
#1839 = CARTESIAN_POINT('',(374.,-58.68352715576,-39.95308286238));
#1840 = CARTESIAN_POINT('',(374.,-60.52584866247,-38.69178709707));
#1841 = CARTESIAN_POINT('',(374.,-62.32547660609,-37.36847503847));
#1842 = CARTESIAN_POINT('',(374.,-64.07790276912,-35.98189599123));
#1843 = CARTESIAN_POINT('',(374.,-65.77792735582,-34.53098684057));
#1844 = CARTESIAN_POINT('',(374.,-67.41970352284,-33.01492668045));
#1845 = CARTESIAN_POINT('',(374.,-68.99677898909,-31.43318774074));
#1846 = CARTESIAN_POINT('',(374.,-71.5940339445,-28.59050379586));
#1847 = CARTESIAN_POINT('',(374.,-72.64809691893,-27.36088440154));
#1848 = CARTESIAN_POINT('',(374.,-73.6615955664,-26.0967302089));
#1849 = CARTESIAN_POINT('',(374.,-74.63155709826,-24.79826898731));
#1850 = CARTESIAN_POINT('',(374.,-75.55480553776,-23.46598060498));
#1851 = CARTESIAN_POINT('',(374.,-76.42801665427,-22.10063607441));
#1852 = CARTESIAN_POINT('',(374.,-77.24778631281,-20.70334553532));
#1853 = CARTESIAN_POINT('',(374.,-78.667093101,-18.0472719608));
#1854 = CARTESIAN_POINT('',(374.,-79.28140380946,-16.79638818613));
#1855 = CARTESIAN_POINT('',(374.,-79.85142971649,-15.52401057831));
#1856 = CARTESIAN_POINT('',(374.,-80.37498445004,-14.23140252078));
#1857 = CARTESIAN_POINT('',(374.,-80.84995254931,-12.92006033276));
#1858 = CARTESIAN_POINT('',(374.,-81.27434494917,-11.59173407671));
#1859 = CARTESIAN_POINT('',(374.,-81.64636731371,-10.24845289358));
#1860 = CARTESIAN_POINT('',(374.,-82.22052203463,-7.801385036343));
#1861 = CARTESIAN_POINT('',(374.,-82.44165591755,-6.701988728586));
#1862 = CARTESIAN_POINT('',(374.,-82.62709948103,-5.595609663632));
#1863 = CARTESIAN_POINT('',(374.,-82.77618949575,-4.48354327502));
#1864 = CARTESIAN_POINT('',(374.,-82.8884107628,-3.367137559043));
#1865 = CARTESIAN_POINT('',(374.,-82.96340675874,-2.247794219481));
#1866 = CARTESIAN_POINT('',(374.,-83.00099305255,-1.126970106885));
#1867 = CARTESIAN_POINT('',(374.,-83.00143819926,1.637999552928));
#1868 = CARTESIAN_POINT('',(374.,-82.92120407626,3.282392149955));
#1869 = CARTESIAN_POINT('',(374.,-82.76043630498,4.922053974053));
#1870 = CARTESIAN_POINT('',(374.,-82.52001426237,6.552410128173));
#1871 = CARTESIAN_POINT('',(374.,-82.20158145497,8.169232703588));
#1872 = CARTESIAN_POINT('',(374.,-81.80742494085,9.768622063663));
#1873 = CARTESIAN_POINT('',(374.,-81.34038424113,11.346992390616));
#1874 = CARTESIAN_POINT('',(374.,-80.52213705531,13.716775666601));
#1875 = CARTESIAN_POINT('',(374.,-80.2212970538,14.525865158498));
#1876 = CARTESIAN_POINT('',(374.,-79.90173092048,15.327896783321));
#1877 = CARTESIAN_POINT('',(374.,-79.56392260936,16.122480311536));
#1878 = CARTESIAN_POINT('',(374.,-79.20837334249,16.909266112904));
#1879 = CARTESIAN_POINT('',(374.,-78.83559610763,17.68794279766));
#1880 = CARTESIAN_POINT('',(374.,-78.44611015592,18.458234857699));
#1881 = CARTESIAN_POINT('',(374.,-77.66099768958,19.932305348946));
#1882 = CARTESIAN_POINT('',(374.,-77.26739682349,20.637164859935));
#1883 = CARTESIAN_POINT('',(374.,-76.86005716298,21.334284423728));
#1884 = CARTESIAN_POINT('',(374.,-76.43940302522,22.023495770514));
#1885 = CARTESIAN_POINT('',(374.,-76.00585616861,22.704655170289));
#1886 = CARTESIAN_POINT('',(374.,-75.55983317859,23.377641825495));
#1887 = CARTESIAN_POINT('',(374.,-75.10174285352,24.042356263646));
#1888 = CARTESIAN_POINT('',(374.,-74.41118033742,25.007232002813));
#1889 = CARTESIAN_POINT('',(374.,-74.18803981192,25.313563599999));
#1890 = CARTESIAN_POINT('',(374.,-73.96261616261,25.61770833394));
#1891 = CARTESIAN_POINT('',(374.,-73.73496307824,25.919661742878));
#1892 = CARTESIAN_POINT('',(374.,-73.50513378763,26.219420090877));
#1893 = CARTESIAN_POINT('',(374.,-73.27318105965,26.51698036782));
#1894 = CARTESIAN_POINT('',(374.,-73.03915720322,26.812340289409));
#1895 = CARTESIAN_POINT('',(374.,-72.54002362874,27.432248187833));
#1896 = CARTESIAN_POINT('',(374.,-72.27609632326,27.754186617673));
#1897 = CARTESIAN_POINT('',(374.,-72.01001890321,28.073160472321));
#1898 = CARTESIAN_POINT('',(374.,-71.74067997813,28.390584040292));
#1899 = CARTESIAN_POINT('',(374.,-71.46720197249,28.707462378044));
#1900 = CARTESIAN_POINT('',(374.,-71.18897007647,29.024414237361));
#1901 = CARTESIAN_POINT('',(374.,-70.90565818988,29.341694555036));
#1902 = CARTESIAN_POINT('',(374.,-69.09333516221,31.3369778769));
#1903 = CARTESIAN_POINT('',(374.,-67.49500664991,32.946819064393));
#1904 = CARTESIAN_POINT('',(374.,-65.82964977759,34.488908341978));
#1905 = CARTESIAN_POINT('',(374.,-64.10404732816,35.96378179982));
#1906 = CARTESIAN_POINT('',(374.,-62.32433872713,37.372291386563));
#1907 = CARTESIAN_POINT('',(374.,-60.49597435321,38.715549140318));
#1908 = CARTESIAN_POINT('',(374.,-58.62366684435,39.994867607685));
#1909 = CARTESIAN_POINT('',(374.,-55.15494581709,42.202041805839));
#1910 = CARTESIAN_POINT('',(374.,-53.57219534071,43.150897965142));
#1911 = CARTESIAN_POINT('',(374.,-51.96529283674,44.059008433709));
#1912 = CARTESIAN_POINT('',(374.,-50.33626397855,44.927086672549));
#1913 = CARTESIAN_POINT('',(374.,-48.68696026622,45.755825089808));
#1914 = CARTESIAN_POINT('',(374.,-47.01906133357,46.54589900794));
#1915 = CARTESIAN_POINT('',(374.,-45.33407454231,47.29796560699));
#1916 = CARTESIAN_POINT('',(374.,-42.28042038908,48.581183194773));
#1917 = CARTESIAN_POINT('',(374.,-40.91757019609,49.126045394859));
#1918 = CARTESIAN_POINT('',(374.,-39.54546868159,49.647557545776));
#1919 = CARTESIAN_POINT('',(374.,-38.16476333866,50.146014007539));
#1920 = CARTESIAN_POINT('',(374.,-36.77606220876,50.621691529772));
#1921 = CARTESIAN_POINT('',(374.,-35.37993433403,51.074850382851));
#1922 = CARTESIAN_POINT('',(374.,-33.97691020968,51.505735489055));
#1923 = CARTESIAN_POINT('',(374.,-28.60692721574,53.063441860637));
#1924 = CARTESIAN_POINT('',(374.,-24.59647155805,54.038052569833));
#1925 = CARTESIAN_POINT('',(374.,-20.54632277212,54.843825502753));
#1926 = CARTESIAN_POINT('',(374.,-16.46580922224,55.484595789469));
#1927 = CARTESIAN_POINT('',(374.,-12.36348371958,55.963183440339));
#1928 = CARTESIAN_POINT('',(374.,-8.247157165691,56.281566754562));
#1929 = CARTESIAN_POINT('',(374.,-4.123893849561,56.440798314482));
#1930 = CARTESIAN_POINT('',(374.,4.123893849556,56.440798314482));
#1931 = CARTESIAN_POINT('',(374.,8.247157165609,56.281566754558));
#1932 = CARTESIAN_POINT('',(374.,12.363483719624,55.963183440347));
#1933 = CARTESIAN_POINT('',(374.,16.465809222223,55.484595789476));
#1934 = CARTESIAN_POINT('',(374.,20.546322772039,54.843825502751));
#1935 = CARTESIAN_POINT('',(374.,24.596471558082,54.038052569836));
#1936 = CARTESIAN_POINT('',(374.,28.606927215706,53.063441860648));
#1937 = CARTESIAN_POINT('',(374.,33.976910209659,51.505735489062));
#1938 = CARTESIAN_POINT('',(374.,35.379934334012,51.074850382858));
#1939 = CARTESIAN_POINT('',(374.,36.776062208743,50.621691529779));
#1940 = CARTESIAN_POINT('',(374.,38.164763338647,50.146014007546));
#1941 = CARTESIAN_POINT('',(374.,39.545468681571,49.647557545784));
#1942 = CARTESIAN_POINT('',(374.,40.917570196071,49.126045394867));
#1943 = CARTESIAN_POINT('',(374.,42.280420389066,48.581183194781));
#1944 = CARTESIAN_POINT('',(374.,45.334074542288,47.297965606999));
#1945 = CARTESIAN_POINT('',(374.,47.019061333556,46.545899007947));
#1946 = CARTESIAN_POINT('',(374.,48.686960266208,45.755825089816));
#1947 = CARTESIAN_POINT('',(374.,50.33626397853,44.92708667256));
#1948 = CARTESIAN_POINT('',(374.,51.965292836728,44.059008433718));
#1949 = CARTESIAN_POINT('',(374.,53.572195340703,43.15089796515));
#1950 = CARTESIAN_POINT('',(374.,55.154945817073,42.20204180585));
#1951 = CARTESIAN_POINT('',(374.,58.623666844345,39.994867607695));
#1952 = CARTESIAN_POINT('',(374.,60.495974353203,38.71554914033));
#1953 = CARTESIAN_POINT('',(374.,62.324338727126,37.372291386573));
#1954 = CARTESIAN_POINT('',(374.,64.10404732815,35.963781799829));
#1955 = CARTESIAN_POINT('',(374.,65.829649777583,34.488908341989));
#1956 = CARTESIAN_POINT('',(374.,67.495006649904,32.946819064405));
#1957 = CARTESIAN_POINT('',(374.,69.093335162209,31.336977876909));
#1958 = CARTESIAN_POINT('',(374.,70.876489428296,29.373808004254));
#1959 = CARTESIAN_POINT('',(374.,71.132204685524,29.087941633384));
#1960 = CARTESIAN_POINT('',(374.,71.383843528339,28.802265421622));
#1961 = CARTESIAN_POINT('',(374.,71.631323404321,28.516963375201));
#1962 = CARTESIAN_POINT('',(374.,71.874999336912,28.231726651516));
#1963 = CARTESIAN_POINT('',(374.,72.115629951135,27.94572473339));
#1964 = CARTESIAN_POINT('',(374.,72.354343499327,27.657576603344));
#1965 = CARTESIAN_POINT('',(374.,73.367816304748,26.414431743789));
#1966 = CARTESIAN_POINT('',(374.,74.118850400629,25.443832345021));
#1967 = CARTESIAN_POINT('',(374.,74.844406356115,24.453645135027));
#1968 = CARTESIAN_POINT('',(374.,75.543113980043,23.444080041891));
#1969 = CARTESIAN_POINT('',(374.,76.213546179798,22.415444565326));
#1970 = CARTESIAN_POINT('',(374.,76.854235533197,21.368154823107));
#1971 = CARTESIAN_POINT('',(374.,77.463693960927,20.302748586942));
#1972 = CARTESIAN_POINT('',(374.,78.446110155923,18.45823485771));
#1973 = CARTESIAN_POINT('',(374.,78.835596107634,17.687942797672));
#1974 = CARTESIAN_POINT('',(374.,79.208373342491,16.909266112916));
#1975 = CARTESIAN_POINT('',(374.,79.563922609359,16.122480311548));
#1976 = CARTESIAN_POINT('',(374.,79.901730920477,15.327896783333));
#1977 = CARTESIAN_POINT('',(374.,80.221297053796,14.52586515851));
#1978 = CARTESIAN_POINT('',(374.,80.522137055311,13.716775666613));
#1979 = CARTESIAN_POINT('',(374.,81.340384241133,11.346992390629));
#1980 = CARTESIAN_POINT('',(374.,81.807424940848,9.768622063673));
#1981 = CARTESIAN_POINT('',(374.,82.201581454976,8.169232703601));
#1982 = CARTESIAN_POINT('',(374.,82.520014262372,6.552410128188));
#1983 = CARTESIAN_POINT('',(374.,82.760436304987,4.922053974065));
#1984 = CARTESIAN_POINT('',(374.,82.921204076262,3.282392149964));
#1985 = CARTESIAN_POINT('',(374.,83.001438199259,1.637999552942));
#1986 = CARTESIAN_POINT('',(374.,83.000993052555,-1.126970106871));
#1987 = CARTESIAN_POINT('',(374.,82.963406758741,-2.247794219471));
#1988 = CARTESIAN_POINT('',(374.,82.888410762802,-3.36713755903));
#1989 = CARTESIAN_POINT('',(374.,82.776189495757,-4.483543275004));
#1990 = CARTESIAN_POINT('',(374.,82.627099481041,-5.59560966362));
#1991 = CARTESIAN_POINT('',(374.,82.441655917557,-6.701988728577));
#1992 = CARTESIAN_POINT('',(374.,82.220522034634,-7.801385036329));
#1993 = CARTESIAN_POINT('',(374.,81.646367313714,-10.24845289357));
#1994 = CARTESIAN_POINT('',(374.,81.274344949175,-11.59173407669));
#1995 = CARTESIAN_POINT('',(374.,80.849952549315,-12.92006033274));
#1996 = CARTESIAN_POINT('',(374.,80.374984450046,-14.23140252077));
#1997 = CARTESIAN_POINT('',(374.,79.851429716498,-15.5240105783));
#1998 = CARTESIAN_POINT('',(374.,79.281403809472,-16.79638818612));
#1999 = CARTESIAN_POINT('',(374.,78.667093101009,-18.04727196079));
#2000 = CARTESIAN_POINT('',(374.,77.247786312825,-20.70334553531));
#2001 = CARTESIAN_POINT('',(374.,76.428016654278,-22.1006360744));
#2002 = CARTESIAN_POINT('',(374.,75.554805537775,-23.46598060497));
#2003 = CARTESIAN_POINT('',(374.,74.631557098275,-24.79826898729));
#2004 = CARTESIAN_POINT('',(374.,73.661595566415,-26.09673020889));
#2005 = CARTESIAN_POINT('',(374.,72.648096918944,-27.36088440153));
#2006 = CARTESIAN_POINT('',(374.,71.594033944513,-28.59050379585));
#2007 = CARTESIAN_POINT('',(374.,68.996778989107,-31.43318774073));
#2008 = CARTESIAN_POINT('',(374.,67.419703522853,-33.01492668044));
#2009 = CARTESIAN_POINT('',(374.,65.777927355833,-34.53098684056));
#2010 = CARTESIAN_POINT('',(374.,64.077902769137,-35.98189599122));
#2011 = CARTESIAN_POINT('',(374.,62.325476606109,-37.36847503846));
#2012 = CARTESIAN_POINT('',(374.,60.525848662487,-38.69178709706));
#2013 = CARTESIAN_POINT('',(374.,58.683527155778,-39.95308286237));
#2014 = CARTESIAN_POINT('',(374.,53.563283631699,-43.22095373109));
#2015 = CARTESIAN_POINT('',(374.,50.210456191473,-45.10742473474));
#2016 = CARTESIAN_POINT('',(374.,46.762679321015,-46.82084720197));
#2017 = CARTESIAN_POINT('',(374.,43.236022281483,-48.36738733554));
#2018 = CARTESIAN_POINT('',(374.,39.644211509667,-49.75268546761));
#2019 = CARTESIAN_POINT('',(374.,35.998639288284,-50.98185022776));
#2020 = CARTESIAN_POINT('',(374.,32.308389174809,-52.05946317034));
#2021 = CARTESIAN_POINT('',(374.,25.079806223023,-53.86226102709));
#2022 = CARTESIAN_POINT('',(374.,21.547249266482,-54.60464913605));
#2023 = CARTESIAN_POINT('',(374.,17.988758880589,-55.2195429566));
#2024 = CARTESIAN_POINT('',(374.,14.41021941226,-55.7092011988));
#2025 = CARTESIAN_POINT('',(374.,10.817130783596,-56.07528728167));
#2026 = CARTESIAN_POINT('',(374.,7.214622113738,-56.3189508266));
#2027 = CARTESIAN_POINT('',(374.,3.607451355227,-56.44079831448));
#2028 = CARTESIAN_POINT('',(374.,0.,-56.44079831448));
#2029 = PCURVE('',#883,#2030);
#2030 = DEFINITIONAL_REPRESENTATION('',(#2031),#2237);
#2031 = B_SPLINE_CURVE_WITH_KNOTS('',8,(#2032,#2033,#2034,#2035,#2036,
    #2037,#2038,#2039,#2040,#2041,#2042,#2043,#2044,#2045,#2046,#2047,
    #2048,#2049,#2050,#2051,#2052,#2053,#2054,#2055,#2056,#2057,#2058,
    #2059,#2060,#2061,#2062,#2063,#2064,#2065,#2066,#2067,#2068,#2069,
    #2070,#2071,#2072,#2073,#2074,#2075,#2076,#2077,#2078,#2079,#2080,
    #2081,#2082,#2083,#2084,#2085,#2086,#2087,#2088,#2089,#2090,#2091,
    #2092,#2093,#2094,#2095,#2096,#2097,#2098,#2099,#2100,#2101,#2102,
    #2103,#2104,#2105,#2106,#2107,#2108,#2109,#2110,#2111,#2112,#2113,
    #2114,#2115,#2116,#2117,#2118,#2119,#2120,#2121,#2122,#2123,#2124,
    #2125,#2126,#2127,#2128,#2129,#2130,#2131,#2132,#2133,#2134,#2135,
    #2136,#2137,#2138,#2139,#2140,#2141,#2142,#2143,#2144,#2145,#2146,
    #2147,#2148,#2149,#2150,#2151,#2152,#2153,#2154,#2155,#2156,#2157,
    #2158,#2159,#2160,#2161,#2162,#2163,#2164,#2165,#2166,#2167,#2168,
    #2169,#2170,#2171,#2172,#2173,#2174,#2175,#2176,#2177,#2178,#2179,
    #2180,#2181,#2182,#2183,#2184,#2185,#2186,#2187,#2188,#2189,#2190,
    #2191,#2192,#2193,#2194,#2195,#2196,#2197,#2198,#2199,#2200,#2201,
    #2202,#2203,#2204,#2205,#2206,#2207,#2208,#2209,#2210,#2211,#2212,
    #2213,#2214,#2215,#2216,#2217,#2218,#2219,#2220,#2221,#2222,#2223,
    #2224,#2225,#2226,#2227,#2228,#2229,#2230,#2231,#2232,#2233,#2234,
    #2235,#2236),.UNSPECIFIED.,.T.,.F.,(9,7,7,7,7,7,7,7,7,7,7,7,7,7,7,7,
    7,7,7,7,7,7,7,7,7,7,7,7,7,9),(0.,6.54373424352E-02,0.135136077743,
    0.175617878985,0.20498106945,0.230243595737,0.250573816699,
    0.280397849644,0.296052164015,0.310694041855,0.31757623559,
    0.32524703424,0.365778939748,0.398766803716,0.42500808068,
    0.498747231023,0.572486381366,0.59872765833,0.631715522297,
    0.672247427805,0.679142419294,0.701576207294,0.717355925988,
    0.747418874709,0.767911957967,0.793376858496,0.822975272997,
    0.863781367769,0.934038449005,1.),.UNSPECIFIED.);
#2032 = CARTESIAN_POINT('',(243.55920168551,-300.));
#2033 = CARTESIAN_POINT('',(243.55920168551,-296.3925486447));
#2034 = CARTESIAN_POINT('',(243.6810491734,-292.7853778862));
#2035 = CARTESIAN_POINT('',(243.92471271832,-289.1828692164));
#2036 = CARTESIAN_POINT('',(244.2907988012,-285.5897805877));
#2037 = CARTESIAN_POINT('',(244.78045704339,-282.0112411194));
#2038 = CARTESIAN_POINT('',(245.39535086393,-278.4527507335));
#2039 = CARTESIAN_POINT('',(246.1377389729,-274.9201937769));
#2040 = CARTESIAN_POINT('',(247.94053682964,-267.6916108252));
#2041 = CARTESIAN_POINT('',(249.01814977226,-264.0013607116));
#2042 = CARTESIAN_POINT('',(250.24731453227,-260.3557884906));
#2043 = CARTESIAN_POINT('',(251.63261266461,-256.7639777181));
#2044 = CARTESIAN_POINT('',(253.17915279788,-253.2373206792));
#2045 = CARTESIAN_POINT('',(254.89257526531,-249.7895438084));
#2046 = CARTESIAN_POINT('',(256.77904626888,-246.4367163683));
#2047 = CARTESIAN_POINT('',(260.04691713761,-241.3164728442));
#2048 = CARTESIAN_POINT('',(261.30821290292,-239.4741513375));
#2049 = CARTESIAN_POINT('',(262.63152496152,-237.6745233939));
#2050 = CARTESIAN_POINT('',(264.01810400877,-235.9220972308));
#2051 = CARTESIAN_POINT('',(265.46901315942,-234.2220726441));
#2052 = CARTESIAN_POINT('',(266.98507331954,-232.5802964771));
#2053 = CARTESIAN_POINT('',(268.56681225925,-231.0032210109));
#2054 = CARTESIAN_POINT('',(271.40949620413,-228.4059660554));
#2055 = CARTESIAN_POINT('',(272.63911559845,-227.351903081));
#2056 = CARTESIAN_POINT('',(273.90326979109,-226.3384044335));
#2057 = CARTESIAN_POINT('',(275.20173101269,-225.3684429017));
#2058 = CARTESIAN_POINT('',(276.53401939501,-224.4451944622));
#2059 = CARTESIAN_POINT('',(277.89936392558,-223.5719833457));
#2060 = CARTESIAN_POINT('',(279.29665446467,-222.7522136871));
#2061 = CARTESIAN_POINT('',(281.95272803919,-221.3329068989));
#2062 = CARTESIAN_POINT('',(283.20361181386,-220.7185961905));
#2063 = CARTESIAN_POINT('',(284.47598942168,-220.1485702835));
#2064 = CARTESIAN_POINT('',(285.76859747921,-219.6250155499));
#2065 = CARTESIAN_POINT('',(287.07993966723,-219.1500474506));
#2066 = CARTESIAN_POINT('',(288.40826592328,-218.7256550508));
#2067 = CARTESIAN_POINT('',(289.75154710641,-218.3536326862));
#2068 = CARTESIAN_POINT('',(292.19861496365,-217.7794779653));
#2069 = CARTESIAN_POINT('',(293.29801127141,-217.5583440824));
#2070 = CARTESIAN_POINT('',(294.40439033636,-217.3729005189));
#2071 = CARTESIAN_POINT('',(295.51645672498,-217.2238105042));
#2072 = CARTESIAN_POINT('',(296.63286244095,-217.1115892371));
#2073 = CARTESIAN_POINT('',(297.75220578051,-217.0365932412));
#2074 = CARTESIAN_POINT('',(298.87302989311,-216.9990069474));
#2075 = CARTESIAN_POINT('',(301.63799955292,-216.9985618007));
#2076 = CARTESIAN_POINT('',(303.28239214995,-217.0787959237));
#2077 = CARTESIAN_POINT('',(304.92205397405,-217.239563695));
#2078 = CARTESIAN_POINT('',(306.55241012817,-217.4799857376));
#2079 = CARTESIAN_POINT('',(308.16923270358,-217.798418545));
#2080 = CARTESIAN_POINT('',(309.76862206366,-218.1925750591));
#2081 = CARTESIAN_POINT('',(311.34699239061,-218.6596157588));
#2082 = CARTESIAN_POINT('',(313.7167756666,-219.4778629446));
#2083 = CARTESIAN_POINT('',(314.52586515849,-219.7787029462));
#2084 = CARTESIAN_POINT('',(315.32789678332,-220.0982690795));
#2085 = CARTESIAN_POINT('',(316.12248031153,-220.4360773906));
#2086 = CARTESIAN_POINT('',(316.9092661129,-220.7916266575));
#2087 = CARTESIAN_POINT('',(317.68794279766,-221.1644038923));
#2088 = CARTESIAN_POINT('',(318.45823485769,-221.553889844));
#2089 = CARTESIAN_POINT('',(319.93230534894,-222.3390023104));
#2090 = CARTESIAN_POINT('',(320.63716485993,-222.7326031765));
#2091 = CARTESIAN_POINT('',(321.33428442372,-223.139942837));
#2092 = CARTESIAN_POINT('',(322.02349577051,-223.5605969747));
#2093 = CARTESIAN_POINT('',(322.70465517028,-223.9941438313));
#2094 = CARTESIAN_POINT('',(323.37764182549,-224.4401668214));
#2095 = CARTESIAN_POINT('',(324.04235626364,-224.8982571464));
#2096 = CARTESIAN_POINT('',(325.00723200281,-225.5888196625));
#2097 = CARTESIAN_POINT('',(325.31356359999,-225.811960188));
#2098 = CARTESIAN_POINT('',(325.61770833394,-226.0373838373));
#2099 = CARTESIAN_POINT('',(325.91966174287,-226.2650369217));
#2100 = CARTESIAN_POINT('',(326.21942009087,-226.4948662123));
#2101 = CARTESIAN_POINT('',(326.51698036782,-226.7268189403));
#2102 = CARTESIAN_POINT('',(326.8123402894,-226.9608427967));
#2103 = CARTESIAN_POINT('',(327.43224818783,-227.4599763712));
#2104 = CARTESIAN_POINT('',(327.75418661767,-227.7239036767));
#2105 = CARTESIAN_POINT('',(328.07316047232,-227.9899810967));
#2106 = CARTESIAN_POINT('',(328.39058404029,-228.2593200218));
#2107 = CARTESIAN_POINT('',(328.70746237804,-228.5327980275));
#2108 = CARTESIAN_POINT('',(329.02441423736,-228.8110299235));
#2109 = CARTESIAN_POINT('',(329.34169455503,-229.0943418101));
#2110 = CARTESIAN_POINT('',(331.3369778769,-230.9066648377));
#2111 = CARTESIAN_POINT('',(332.94681906439,-232.50499335));
#2112 = CARTESIAN_POINT('',(334.48890834197,-234.1703502224));
#2113 = CARTESIAN_POINT('',(335.96378179982,-235.8959526718));
#2114 = CARTESIAN_POINT('',(337.37229138656,-237.6756612728));
#2115 = CARTESIAN_POINT('',(338.71554914031,-239.5040256467));
#2116 = CARTESIAN_POINT('',(339.99486760768,-241.3763331556));
#2117 = CARTESIAN_POINT('',(342.20204180583,-244.8450541829));
#2118 = CARTESIAN_POINT('',(343.15089796514,-246.4278046592));
#2119 = CARTESIAN_POINT('',(344.0590084337,-248.0347071632));
#2120 = CARTESIAN_POINT('',(344.92708667254,-249.6637360214));
#2121 = CARTESIAN_POINT('',(345.7558250898,-251.3130397337));
#2122 = CARTESIAN_POINT('',(346.54589900794,-252.9809386664));
#2123 = CARTESIAN_POINT('',(347.29796560699,-254.6659254576));
#2124 = CARTESIAN_POINT('',(348.58118319477,-257.7195796109));
#2125 = CARTESIAN_POINT('',(349.12604539485,-259.0824298039));
#2126 = CARTESIAN_POINT('',(349.64755754577,-260.4545313184));
#2127 = CARTESIAN_POINT('',(350.14601400753,-261.8352366613));
#2128 = CARTESIAN_POINT('',(350.62169152977,-263.2239377912));
#2129 = CARTESIAN_POINT('',(351.07485038285,-264.6200656659));
#2130 = CARTESIAN_POINT('',(351.50573548905,-266.0230897903));
#2131 = CARTESIAN_POINT('',(353.06344186063,-271.3930727842));
#2132 = CARTESIAN_POINT('',(354.03805256983,-275.4035284419));
#2133 = CARTESIAN_POINT('',(354.84382550275,-279.4536772278));
#2134 = CARTESIAN_POINT('',(355.48459578946,-283.5341907777));
#2135 = CARTESIAN_POINT('',(355.96318344033,-287.6365162804));
#2136 = CARTESIAN_POINT('',(356.28156675456,-291.7528428343));
#2137 = CARTESIAN_POINT('',(356.44079831448,-295.8761061504));
#2138 = CARTESIAN_POINT('',(356.44079831448,-304.1238938495));
#2139 = CARTESIAN_POINT('',(356.28156675455,-308.2471571656));
#2140 = CARTESIAN_POINT('',(355.96318344034,-312.3634837196));
#2141 = CARTESIAN_POINT('',(355.48459578947,-316.4658092222));
#2142 = CARTESIAN_POINT('',(354.84382550275,-320.546322772));
#2143 = CARTESIAN_POINT('',(354.03805256983,-324.596471558));
#2144 = CARTESIAN_POINT('',(353.06344186064,-328.6069272157));
#2145 = CARTESIAN_POINT('',(351.50573548906,-333.9769102096));
#2146 = CARTESIAN_POINT('',(351.07485038285,-335.379934334));
#2147 = CARTESIAN_POINT('',(350.62169152977,-336.7760622087));
#2148 = CARTESIAN_POINT('',(350.14601400754,-338.1647633386));
#2149 = CARTESIAN_POINT('',(349.64755754578,-339.5454686815));
#2150 = CARTESIAN_POINT('',(349.12604539486,-340.917570196));
#2151 = CARTESIAN_POINT('',(348.58118319478,-342.280420389));
#2152 = CARTESIAN_POINT('',(347.29796560699,-345.3340745422));
#2153 = CARTESIAN_POINT('',(346.54589900794,-347.0190613335));
#2154 = CARTESIAN_POINT('',(345.75582508981,-348.6869602662));
#2155 = CARTESIAN_POINT('',(344.92708667256,-350.3362639785));
#2156 = CARTESIAN_POINT('',(344.05900843371,-351.9652928367));
#2157 = CARTESIAN_POINT('',(343.15089796515,-353.5721953407));
#2158 = CARTESIAN_POINT('',(342.20204180585,-355.154945817));
#2159 = CARTESIAN_POINT('',(339.99486760769,-358.6236668443));
#2160 = CARTESIAN_POINT('',(338.71554914033,-360.4959743532));
#2161 = CARTESIAN_POINT('',(337.37229138657,-362.3243387271));
#2162 = CARTESIAN_POINT('',(335.96378179982,-364.1040473281));
#2163 = CARTESIAN_POINT('',(334.48890834198,-365.8296497775));
#2164 = CARTESIAN_POINT('',(332.9468190644,-367.4950066499));
#2165 = CARTESIAN_POINT('',(331.3369778769,-369.0933351622));
#2166 = CARTESIAN_POINT('',(329.37380800425,-370.8764894282));
#2167 = CARTESIAN_POINT('',(329.08794163338,-371.1322046855));
#2168 = CARTESIAN_POINT('',(328.80226542162,-371.3838435283));
#2169 = CARTESIAN_POINT('',(328.5169633752,-371.6313234043));
#2170 = CARTESIAN_POINT('',(328.23172665151,-371.8749993369));
#2171 = CARTESIAN_POINT('',(327.94572473339,-372.1156299511));
#2172 = CARTESIAN_POINT('',(327.65757660334,-372.3543434993));
#2173 = CARTESIAN_POINT('',(326.41443174378,-373.3678163047));
#2174 = CARTESIAN_POINT('',(325.44383234502,-374.1188504006));
#2175 = CARTESIAN_POINT('',(324.45364513502,-374.8444063561));
#2176 = CARTESIAN_POINT('',(323.44408004189,-375.54311398));
#2177 = CARTESIAN_POINT('',(322.41544456532,-376.2135461797));
#2178 = CARTESIAN_POINT('',(321.3681548231,-376.8542355331));
#2179 = CARTESIAN_POINT('',(320.30274858694,-377.4636939609));
#2180 = CARTESIAN_POINT('',(318.45823485771,-378.4461101559));
#2181 = CARTESIAN_POINT('',(317.68794279767,-378.8355961076));
#2182 = CARTESIAN_POINT('',(316.90926611291,-379.2083733424));
#2183 = CARTESIAN_POINT('',(316.12248031154,-379.5639226093));
#2184 = CARTESIAN_POINT('',(315.32789678333,-379.9017309204));
#2185 = CARTESIAN_POINT('',(314.52586515851,-380.2212970537));
#2186 = CARTESIAN_POINT('',(313.71677566661,-380.5221370553));
#2187 = CARTESIAN_POINT('',(311.34699239062,-381.3403842411));
#2188 = CARTESIAN_POINT('',(309.76862206367,-381.8074249408));
#2189 = CARTESIAN_POINT('',(308.1692327036,-382.2015814549));
#2190 = CARTESIAN_POINT('',(306.55241012818,-382.5200142623));
#2191 = CARTESIAN_POINT('',(304.92205397406,-382.7604363049));
#2192 = CARTESIAN_POINT('',(303.28239214996,-382.9212040762));
#2193 = CARTESIAN_POINT('',(301.63799955294,-383.0014381992));
#2194 = CARTESIAN_POINT('',(298.87302989312,-383.0009930525));
#2195 = CARTESIAN_POINT('',(297.75220578052,-382.9634067587));
#2196 = CARTESIAN_POINT('',(296.63286244097,-382.8884107628));
#2197 = CARTESIAN_POINT('',(295.51645672499,-382.7761894957));
#2198 = CARTESIAN_POINT('',(294.40439033638,-382.627099481));
#2199 = CARTESIAN_POINT('',(293.29801127142,-382.4416559175));
#2200 = CARTESIAN_POINT('',(292.19861496367,-382.2205220346));
#2201 = CARTESIAN_POINT('',(289.75154710642,-381.6463673137));
#2202 = CARTESIAN_POINT('',(288.4082659233,-381.2743449491));
#2203 = CARTESIAN_POINT('',(287.07993966725,-380.8499525493));
#2204 = CARTESIAN_POINT('',(285.76859747922,-380.37498445));
#2205 = CARTESIAN_POINT('',(284.47598942169,-379.8514297164));
#2206 = CARTESIAN_POINT('',(283.20361181387,-379.2814038094));
#2207 = CARTESIAN_POINT('',(281.9527280392,-378.667093101));
#2208 = CARTESIAN_POINT('',(279.29665446468,-377.2477863128));
#2209 = CARTESIAN_POINT('',(277.89936392559,-376.4280166542));
#2210 = CARTESIAN_POINT('',(276.53401939503,-375.5548055377));
#2211 = CARTESIAN_POINT('',(275.2017310127,-374.6315570982));
#2212 = CARTESIAN_POINT('',(273.9032697911,-373.6615955664));
#2213 = CARTESIAN_POINT('',(272.63911559846,-372.6480969189));
#2214 = CARTESIAN_POINT('',(271.40949620414,-371.5940339445));
#2215 = CARTESIAN_POINT('',(268.56681225926,-368.9967789891));
#2216 = CARTESIAN_POINT('',(266.98507331955,-367.4197035228));
#2217 = CARTESIAN_POINT('',(265.46901315943,-365.7779273558));
#2218 = CARTESIAN_POINT('',(264.01810400878,-364.0779027691));
#2219 = CARTESIAN_POINT('',(262.63152496153,-362.3254766061));
#2220 = CARTESIAN_POINT('',(261.30821290293,-360.5258486624));
#2221 = CARTESIAN_POINT('',(260.04691713762,-358.6835271557));
#2222 = CARTESIAN_POINT('',(256.7790462689,-353.5632836316));
#2223 = CARTESIAN_POINT('',(254.89257526525,-350.2104561914));
#2224 = CARTESIAN_POINT('',(253.17915279802,-346.762679321));
#2225 = CARTESIAN_POINT('',(251.63261266445,-343.2360222814));
#2226 = CARTESIAN_POINT('',(250.24731453238,-339.6442115096));
#2227 = CARTESIAN_POINT('',(249.01814977223,-335.9986392882));
#2228 = CARTESIAN_POINT('',(247.94053682965,-332.3083891748));
#2229 = CARTESIAN_POINT('',(246.1377389729,-325.079806223));
#2230 = CARTESIAN_POINT('',(245.39535086394,-321.5472492664));
#2231 = CARTESIAN_POINT('',(244.78045704339,-317.9887588805));
#2232 = CARTESIAN_POINT('',(244.2907988012,-314.4102194122));
#2233 = CARTESIAN_POINT('',(243.92471271832,-310.8171307835));
#2234 = CARTESIAN_POINT('',(243.6810491734,-307.2146221137));
#2235 = CARTESIAN_POINT('',(243.55920168551,-303.6074513552));
#2236 = CARTESIAN_POINT('',(243.55920168551,-300.));
#2237 = ( GEOMETRIC_REPRESENTATION_CONTEXT(2) 
PARAMETRIC_REPRESENTATION_CONTEXT() REPRESENTATION_CONTEXT('2D SPACE',''
  ) );
#2238 = PCURVE('',#2239,#2681);
#2239 = ( BOUNDED_SURFACE() B_SPLINE_SURFACE(2,3,(
    (#2240,#2241,#2242,#2243,#2244,#2245,#2246,#2247,#2248,#2249,#2250
      ,#2251,#2252,#2253,#2254,#2255,#2256,#2257,#2258,#2259,#2260,#2261
      ,#2262,#2263,#2264,#2265,#2266,#2267,#2268,#2269,#2270,#2271,#2272
      ,#2273,#2274,#2275,#2276,#2277,#2278,#2279,#2280,#2281,#2282,#2283
      ,#2284,#2285,#2286,#2287,#2288,#2289,#2290,#2291,#2292,#2293,#2294
      ,#2295,#2296,#2297,#2298,#2299,#2300,#2301,#2302)
    ,(#2303,#2304,#2305,#2306,#2307,#2308,#2309,#2310,#2311,#2312,#2313
      ,#2314,#2315,#2316,#2317,#2318,#2319,#2320,#2321,#2322,#2323,#2324
      ,#2325,#2326,#2327,#2328,#2329,#2330,#2331,#2332,#2333,#2334,#2335
      ,#2336,#2337,#2338,#2339,#2340,#2341,#2342,#2343,#2344,#2345,#2346
      ,#2347,#2348,#2349,#2350,#2351,#2352,#2353,#2354,#2355,#2356,#2357
      ,#2358,#2359,#2360,#2361,#2362,#2363,#2364,#2365)
    ,(#2366,#2367,#2368,#2369,#2370,#2371,#2372,#2373,#2374,#2375,#2376
      ,#2377,#2378,#2379,#2380,#2381,#2382,#2383,#2384,#2385,#2386,#2387
      ,#2388,#2389,#2390,#2391,#2392,#2393,#2394,#2395,#2396,#2397,#2398
      ,#2399,#2400,#2401,#2402,#2403,#2404,#2405,#2406,#2407,#2408,#2409
      ,#2410,#2411,#2412,#2413,#2414,#2415,#2416,#2417,#2418,#2419,#2420
      ,#2421,#2422,#2423,#2424,#2425,#2426,#2427,#2428)
    ,(#2429,#2430,#2431,#2432,#2433,#2434,#2435,#2436,#2437,#2438,#2439
      ,#2440,#2441,#2442,#2443,#2444,#2445,#2446,#2447,#2448,#2449,#2450
      ,#2451,#2452,#2453,#2454,#2455,#2456,#2457,#2458,#2459,#2460,#2461
      ,#2462,#2463,#2464,#2465,#2466,#2467,#2468,#2469,#2470,#2471,#2472
      ,#2473,#2474,#2475,#2476,#2477,#2478,#2479,#2480,#2481,#2482,#2483
      ,#2484,#2485,#2486,#2487,#2488,#2489,#2490,#2491)
    ,(#2492,#2493,#2494,#2495,#2496,#2497,#2498,#2499,#2500,#2501,#2502
      ,#2503,#2504,#2505,#2506,#2507,#2508,#2509,#2510,#2511,#2512,#2513
      ,#2514,#2515,#2516,#2517,#2518,#2519,#2520,#2521,#2522,#2523,#2524
      ,#2525,#2526,#2527,#2528,#2529,#2530,#2531,#2532,#2533,#2534,#2535
      ,#2536,#2537,#2538,#2539,#2540,#2541,#2542,#2543,#2544,#2545,#2546
      ,#2547,#2548,#2549,#2550,#2551,#2552,#2553,#2554)
    ,(#2555,#2556,#2557,#2558,#2559,#2560,#2561,#2562,#2563,#2564,#2565
      ,#2566,#2567,#2568,#2569,#2570,#2571,#2572,#2573,#2574,#2575,#2576
      ,#2577,#2578,#2579,#2580,#2581,#2582,#2583,#2584,#2585,#2586,#2587
      ,#2588,#2589,#2590,#2591,#2592,#2593,#2594,#2595,#2596,#2597,#2598
      ,#2599,#2600,#2601,#2602,#2603,#2604,#2605,#2606,#2607,#2608,#2609
      ,#2610,#2611,#2612,#2613,#2614,#2615,#2616,#2617)
    ,(#2618,#2619,#2620,#2621,#2622,#2623,#2624,#2625,#2626,#2627,#2628
      ,#2629,#2630,#2631,#2632,#2633,#2634,#2635,#2636,#2637,#2638,#2639
      ,#2640,#2641,#2642,#2643,#2644,#2645,#2646,#2647,#2648,#2649,#2650
      ,#2651,#2652,#2653,#2654,#2655,#2656,#2657,#2658,#2659,#2660,#2661
      ,#2662,#2663,#2664,#2665,#2666,#2667,#2668,#2669,#2670,#2671,#2672
      ,#2673,#2674,#2675,#2676,#2677,#2678,#2679,#2680
)),.UNSPECIFIED.,.T.,.F.,.F.) B_SPLINE_SURFACE_WITH_KNOTS((1,2,2,2,2,1),
  (4,1,1,1,1,1,1,1,1,1,1,1,1,1,1,1,1,1,1,1,1,1,1,1,1,1,1,1,1,1,1,1,1,1,1
    ,1,1,1,1,1,1,1,1,1,1,1,1,1,1,1,1,1,1,1,1,1,1,1,1,1,4),(
    -2.094395102393,0.,2.094395102393,4.188790204786,6.28318530718,
    8.377580409573),(0.,7.889825974892,15.789603808804,23.709744572978,
    31.66104301092,39.65502793232,47.704041726969,55.821246236205,
    64.020525491284,72.316287106642,80.723174655279,89.255711566154,
    97.927902623909,106.75282140463,115.74221087231,124.90612041602,
    134.25259679073,143.78743986033,153.51402774619,163.43321068038,
    173.54326891919,183.83992754406,194.31641970175,204.96358954151,
    215.7700264973,226.72222337212,237.80475169971,249.00044893564,
    260.29061307196,271.65520122,283.07302954375,294.52197264439,
    305.97916110343,317.42117640137,328.824242857,340.16441659744,
    351.41777188863,362.56058544769,373.56951963838,384.42180573703,
    395.09542876399,405.56931572378,415.82352950156,425.83947114321,
    435.60009381501,445.09013240381,454.29635347246,463.20783108177,
    471.81625471971,480.11627600534,488.10590050952,495.78692916788,
    503.1654490661,510.25236397929,517.06393864156,523.62230540362,
    529.95584817978,536.09934248475,542.09370602197,547.98519903286,
553.82429241691),.UNSPECIFIED.) GEOMETRIC_REPRESENTATION_ITEM() 
RATIONAL_B_SPLINE_SURFACE((
    (1.,1.,1.,1.,1.,1.,1.,1.,1.,1.,1.,1.,1.,1.,1.,1.,1.,1.,1.,1.,1.,1.
      ,1.,1.,1.,1.,1.,1.,1.,1.,1.,1.,1.,1.,1.,1.,1.,1.,1.,1.,1.,1.,1.,1.
      ,1.,1.,1.,1.,1.,1.,1.,1.,1.,1.,1.,1.,1.,1.,1.,1.,1.,1.,1.)
    ,(0.5,0.5,0.5,0.5,0.5,0.5,0.5,0.5,0.5,0.5,0.5,0.5,0.5,0.5,0.5,0.5
      ,0.5,0.5,0.5,0.5,0.5,0.5,0.5,0.5,0.5,0.5,0.5,0.5,0.5,0.5,0.5,0.5
      ,0.5,0.5,0.5,0.5,0.5,0.5,0.5,0.5,0.5,0.5,0.5,0.5,0.5,0.5,0.5,0.5
      ,0.5,0.5,0.5,0.5,0.5,0.5,0.5,0.5,0.5,0.5,0.5,0.5,0.5,0.5,0.5)
    ,(1.,1.,1.,1.,1.,1.,1.,1.,1.,1.,1.,1.,1.,1.,1.,1.,1.,1.,1.,1.,1.,1.
      ,1.,1.,1.,1.,1.,1.,1.,1.,1.,1.,1.,1.,1.,1.,1.,1.,1.,1.,1.,1.,1.,1.
      ,1.,1.,1.,1.,1.,1.,1.,1.,1.,1.,1.,1.,1.,1.,1.,1.,1.,1.,1.)
    ,(0.5,0.5,0.5,0.5,0.5,0.5,0.5,0.5,0.5,0.5,0.5,0.5,0.5,0.5,0.5,0.5
      ,0.5,0.5,0.5,0.5,0.5,0.5,0.5,0.5,0.5,0.5,0.5,0.5,0.5,0.5,0.5,0.5
      ,0.5,0.5,0.5,0.5,0.5,0.5,0.5,0.5,0.5,0.5,0.5,0.5,0.5,0.5,0.5,0.5
      ,0.5,0.5,0.5,0.5,0.5,0.5,0.5,0.5,0.5,0.5,0.5,0.5,0.5,0.5,0.5)
    ,(1.,1.,1.,1.,1.,1.,1.,1.,1.,1.,1.,1.,1.,1.,1.,1.,1.,1.,1.,1.,1.,1.
      ,1.,1.,1.,1.,1.,1.,1.,1.,1.,1.,1.,1.,1.,1.,1.,1.,1.,1.,1.,1.,1.,1.
      ,1.,1.,1.,1.,1.,1.,1.,1.,1.,1.,1.,1.,1.,1.,1.,1.,1.,1.,1.)
    ,(0.5,0.5,0.5,0.5,0.5,0.5,0.5,0.5,0.5,0.5,0.5,0.5,0.5,0.5,0.5,0.5
      ,0.5,0.5,0.5,0.5,0.5,0.5,0.5,0.5,0.5,0.5,0.5,0.5,0.5,0.5,0.5,0.5
      ,0.5,0.5,0.5,0.5,0.5,0.5,0.5,0.5,0.5,0.5,0.5,0.5,0.5,0.5,0.5,0.5
      ,0.5,0.5,0.5,0.5,0.5,0.5,0.5,0.5,0.5,0.5,0.5,0.5,0.5,0.5,0.5)
    ,(1.,1.,1.,1.,1.,1.,1.,1.,1.,1.,1.,1.,1.,1.,1.,1.,1.,1.,1.,1.,1.,1.
      ,1.,1.,1.,1.,1.,1.,1.,1.,1.,1.,1.,1.,1.,1.,1.,1.,1.,1.,1.,1.,1.,1.
      ,1.,1.,1.,1.,1.,1.,1.,1.,1.,1.,1.,1.,1.,1.,1.,1.,1.,1.,1.
))) REPRESENTATION_ITEM('') SURFACE() );
#2240 = CARTESIAN_POINT('',(4.,0.,3.01980662698E-16));
#2241 = CARTESIAN_POINT('',(4.,0.,-1.792240623385));
#2242 = CARTESIAN_POINT('',(4.194135062926,0.,-5.366934748208));
#2243 = CARTESIAN_POINT('',(5.066840609635,0.,-10.71521663907));
#2244 = CARTESIAN_POINT('',(6.518969915571,0.,-16.01649085061));
#2245 = CARTESIAN_POINT('',(8.546985806479,0.,-21.25240797147));
#2246 = CARTESIAN_POINT('',(11.145960843262,0.,-26.40102181572));
#2247 = CARTESIAN_POINT('',(14.309611235867,0.,-31.44230587528));
#2248 = CARTESIAN_POINT('',(18.030316272166,0.,-36.35685886606));
#2249 = CARTESIAN_POINT('',(22.299129678707,0.,-41.12640851547));
#2250 = CARTESIAN_POINT('',(27.105778455905,0.,-45.73379947815));
#2251 = CARTESIAN_POINT('',(32.43864861955,0.,-50.16309267882));
#2252 = CARTESIAN_POINT('',(38.284760386243,0.,-54.39961097981));
#2253 = CARTESIAN_POINT('',(44.629737970617,0.,-58.42998091827));
#2254 = CARTESIAN_POINT('',(51.457780759483,0.,-62.24216088575));
#2255 = CARTESIAN_POINT('',(58.751642878785,0.,-65.82546065515));
#2256 = CARTESIAN_POINT('',(66.492627123742,0.,-69.17055148887));
#2257 = CARTESIAN_POINT('',(74.660597250589,0.,-72.26946631226));
#2258 = CARTESIAN_POINT('',(83.234010269348,0.,-75.11558874615));
#2259 = CARTESIAN_POINT('',(92.189968159245,0.,-77.70363007584));
#2260 = CARTESIAN_POINT('',(101.50428672984,0.,-80.02959380796));
#2261 = CARTESIAN_POINT('',(111.1515783404,0.,-82.09072825589));
#2262 = CARTESIAN_POINT('',(121.10534484645,0.,-83.88546835666));
#2263 = CARTESIAN_POINT('',(131.33807732038,0.,-85.41336852205));
#2264 = CARTESIAN_POINT('',(141.82135959826,0.,-86.67502869403));
#2265 = CARTESIAN_POINT('',(152.52597335551,0.,-87.67201590483));
#2266 = CARTESIAN_POINT('',(163.42200306923,0.,-88.40678357375));
#2267 = CARTESIAN_POINT('',(174.4789398008,0.,-88.88259056204));
#2268 = CARTESIAN_POINT('',(185.66578318708,0.,-89.10342171325));
#2269 = CARTESIAN_POINT('',(196.95114135784,0.,-89.0739112784));
#2270 = CARTESIAN_POINT('',(208.3033287137,0.,-88.79927029977));
#2271 = CARTESIAN_POINT('',(219.69046162563,0.,-88.2852187287));
#2272 = CARTESIAN_POINT('',(231.0805521785,0.,-87.53792279336));
#2273 = CARTESIAN_POINT('',(242.44160009936,0.,-86.56393791872));
#2274 = CARTESIAN_POINT('',(253.74168300393,0.,-85.37015733151));
#2275 = CARTESIAN_POINT('',(264.94904507706,0.,-83.96376635567));
#2276 = CARTESIAN_POINT('',(276.03218428401,0.,-82.35220231302));
#2277 = CARTESIAN_POINT('',(286.95993819976,0.,-80.5431198847));
#2278 = CARTESIAN_POINT('',(297.70156854763,0.,-78.54436175472));
#2279 = CARTESIAN_POINT('',(308.22684456482,0.,-76.36393434278));
#2280 = CARTESIAN_POINT('',(318.50612536665,0.,-74.00998843099));
#2281 = CARTESIAN_POINT('',(328.51044157272,0.,-71.49080449312));
#2282 = CARTESIAN_POINT('',(338.21157659584,0.,-68.81478252978));
#2283 = CARTESIAN_POINT('',(347.5821481919,0.,-65.99043619977));
#2284 = CARTESIAN_POINT('',(356.59569113697,0.,-63.02639094121));
#2285 = CARTESIAN_POINT('',(365.22674225019,0.,-59.93138575662));
#2286 = CARTESIAN_POINT('',(373.45092941872,0.,-56.7142776576));
#2287 = CARTESIAN_POINT('',(381.24506678675,0.,-53.38404882823));
#2288 = CARTESIAN_POINT('',(388.58725878092,0.,-49.94981045647));
#2289 = CARTESIAN_POINT('',(395.45701600954,0.,-46.42081525361));
#2290 = CARTESIAN_POINT('',(401.8353859958,0.,-42.80642100015));
#2291 = CARTESIAN_POINT('',(407.70510066157,0.,-39.11618627302));
#2292 = CARTESIAN_POINT('',(413.05073965159,0.,-35.3594263586));
#2293 = CARTESIAN_POINT('',(417.85890290139,0.,-31.54655205989));
#2294 = CARTESIAN_POINT('',(422.11837628164,0.,-27.68396877343));
#2295 = CARTESIAN_POINT('',(425.82026058602,0.,-23.79139758639));
#2296 = CARTESIAN_POINT('',(428.95801894247,0.,-19.8400058416));
#2297 = CARTESIAN_POINT('',(431.52738763446,0.,-15.96986226772));
#2298 = CARTESIAN_POINT('',(433.52610166031,0.,-11.71667852048));
#2299 = CARTESIAN_POINT('',(434.95341923399,0.,-8.775628757475));
#2300 = CARTESIAN_POINT('',(435.80951624631,0.,-1.026523092315));
#2301 = CARTESIAN_POINT('',(436.,0.,-7.642151598529));
#2302 = CARTESIAN_POINT('',(436.,0.,3.291589223409E-14));
#2303 = CARTESIAN_POINT('',(4.,0.,3.01980662698E-16));
#2304 = CARTESIAN_POINT('',(4.,4.565076204547,-1.792240623385));
#2305 = CARTESIAN_POINT('',(4.194135062926,13.670299507063,
    -5.366934748208));
#2306 = CARTESIAN_POINT('',(5.066840609635,27.293087695554,
    -10.71521663907));
#2307 = CARTESIAN_POINT('',(6.518969915571,40.796141047391,
    -16.01649085061));
#2308 = CARTESIAN_POINT('',(8.546985806479,54.132721161427,
    -21.25240797147));
#2309 = CARTESIAN_POINT('',(11.145960843262,67.246928171433,
    -26.40102181572));
#2310 = CARTESIAN_POINT('',(14.309611235867,80.08775188692,
    -31.44230587528));
#2311 = CARTESIAN_POINT('',(18.030316272166,92.605774646529,
    -36.35685886606));
#2312 = CARTESIAN_POINT('',(22.299129678707,104.75445453182,
    -41.12640851547));
#2313 = CARTESIAN_POINT('',(27.105778455905,116.49009458724,
    -45.73379947815));
#2314 = CARTESIAN_POINT('',(32.43864861955,127.77209585957,
    -50.16309267882));
#2315 = CARTESIAN_POINT('',(38.284760386243,138.56307371914,
    -54.39961097981));
#2316 = CARTESIAN_POINT('',(44.629737970617,148.82896417018,
    -58.42998091827));
#2317 = CARTESIAN_POINT('',(51.457780759483,158.53909562794,
    -62.24216088575));
#2318 = CARTESIAN_POINT('',(58.751642878785,167.66623865641,
    -65.82546065515));
#2319 = CARTESIAN_POINT('',(66.492627123742,176.18663171512,
    -69.17055148887));
#2320 = CARTESIAN_POINT('',(74.660597250589,184.07998160108,
    -72.26946631226));
#2321 = CARTESIAN_POINT('',(83.234010269348,191.32943551291,
    -75.11558874615));
#2322 = CARTESIAN_POINT('',(92.189968159245,197.92152238808,
    -77.70363007584));
#2323 = CARTESIAN_POINT('',(101.50428672984,203.84606262424,
    -80.02959380796));
#2324 = CARTESIAN_POINT('',(111.1515783404,209.09604730814,
    -82.09072825589));
#2325 = CARTESIAN_POINT('',(121.10534484645,213.66749001536,
    -83.88546835666));
#2326 = CARTESIAN_POINT('',(131.33807732038,217.55925577324,
    -85.41336852205));
#2327 = CARTESIAN_POINT('',(141.82135959826,220.77287271405,
    -86.67502869403));
#2328 = CARTESIAN_POINT('',(152.52597335551,223.31233227817,
    -87.67201590483));
#2329 = CARTESIAN_POINT('',(163.42200306923,225.18388365218,
    -88.40678357375));
#2330 = CARTESIAN_POINT('',(174.4789398008,226.39582759088,
    -88.88259056204));
#2331 = CARTESIAN_POINT('',(185.66578318708,226.95831402293,
    -89.10342171325));
#2332 = CARTESIAN_POINT('',(196.95114135784,226.88314700451,
    -89.0739112784));
#2333 = CARTESIAN_POINT('',(208.3033287137,226.18359975624,
    -88.79927029977));
#2334 = CARTESIAN_POINT('',(219.69046162563,224.874241758,-88.2852187287
    ));
#2335 = CARTESIAN_POINT('',(231.0805521785,222.97077921639,
    -87.53792279336));
#2336 = CARTESIAN_POINT('',(242.44160009936,220.48990967422,
    -86.56393791872));
#2337 = CARTESIAN_POINT('',(253.74168300393,217.44919110049,
    -85.37015733151));
#2338 = CARTESIAN_POINT('',(264.94904507706,213.86692547481,
    -83.96376635567));
#2339 = CARTESIAN_POINT('',(276.03218428401,209.76205664905,
    -82.35220231302));
#2340 = CARTESIAN_POINT('',(286.95993819976,205.15408211825,
    -80.5431198847));
#2341 = CARTESIAN_POINT('',(297.70156854763,200.06297824595,
    -78.54436175472));
#2342 = CARTESIAN_POINT('',(308.22684456482,194.50913845228,
    -76.36393434278));
#2343 = CARTESIAN_POINT('',(318.50612536665,188.51332386774,
    -74.00998843099));
#2344 = CARTESIAN_POINT('',(328.51044157272,182.09662596478,
    -71.49080449312));
#2345 = CARTESIAN_POINT('',(338.21157659584,175.28044066675,
    -68.81478252978));
#2346 = CARTESIAN_POINT('',(347.5821481919,168.08645339947,
    -65.99043619977));
#2347 = CARTESIAN_POINT('',(356.59569113697,160.5366343057,
    -63.02639094121));
#2348 = CARTESIAN_POINT('',(365.22674225019,152.65324279189,
    -59.93138575662));
#2349 = CARTESIAN_POINT('',(373.45092941872,144.45883884933,
    -56.7142776576));
#2350 = CARTESIAN_POINT('',(381.24506678675,135.97630130034,
    -53.38404882823));
#2351 = CARTESIAN_POINT('',(388.58725878092,127.22883755743,
    -49.94981045647));
#2352 = CARTESIAN_POINT('',(395.45701600954,118.24001551179,
    -46.42081525361));
#2353 = CARTESIAN_POINT('',(401.8353859958,109.03367068006,
    -42.80642100015));
#2354 = CARTESIAN_POINT('',(407.70510066157,99.634150034129,
    -39.11618627302));
#2355 = CARTESIAN_POINT('',(413.05073965159,90.065180852331,
    -35.3594263586));
#2356 = CARTESIAN_POINT('',(417.85890290139,80.353280840221,
    -31.54655205989));
#2357 = CARTESIAN_POINT('',(422.11837628164,70.51476539815,
    -27.68396877343));
#2358 = CARTESIAN_POINT('',(425.82026058602,60.599866768679,
    -23.79139758639));
#2359 = CARTESIAN_POINT('',(428.95801894247,50.535144323711,
    -19.8400058416));
#2360 = CARTESIAN_POINT('',(431.52738763446,40.677371819963,
    -15.96986226772));
#2361 = CARTESIAN_POINT('',(433.52610166031,29.843944843273,
    -11.71667852048));
#2362 = CARTESIAN_POINT('',(434.95341923399,22.352698347513,
    -8.775628757475));
#2363 = CARTESIAN_POINT('',(435.80951624631,2.614691398576,
    -1.026523092315));
#2364 = CARTESIAN_POINT('',(436.,19.465580658523,-7.642151598529));
#2365 = CARTESIAN_POINT('',(436.,6.310887241768E-30,3.291589223409E-14)
  );
#2366 = CARTESIAN_POINT('',(4.,0.,3.01980662698E-16));
#2367 = CARTESIAN_POINT('',(4.,2.282538102273,0.896120311693));
#2368 = CARTESIAN_POINT('',(4.194135062926,6.835149753531,2.683467374104
    ));
#2369 = CARTESIAN_POINT('',(5.066840609635,13.646543847777,
    5.357608319535));
#2370 = CARTESIAN_POINT('',(6.518969915571,20.398070523695,
    8.008245425307));
#2371 = CARTESIAN_POINT('',(8.546985806479,27.066360580714,
    10.626203985736));
#2372 = CARTESIAN_POINT('',(11.145960843262,33.623464085716,
    13.200510907864));
#2373 = CARTESIAN_POINT('',(14.309611235867,40.04387594346,
    15.72115293764));
#2374 = CARTESIAN_POINT('',(18.030316272166,46.302887323264,
    18.178429433034));
#2375 = CARTESIAN_POINT('',(22.299129678707,52.377227265912,
    20.563204257739));
#2376 = CARTESIAN_POINT('',(27.105778455905,58.24504729362,
    22.866899739075));
#2377 = CARTESIAN_POINT('',(32.43864861955,63.886047929788,
    25.081546339413));
#2378 = CARTESIAN_POINT('',(38.284760386242,69.281536859573,
    27.199805489907));
#2379 = CARTESIAN_POINT('',(44.629737970617,74.414482085094,
    29.214990459136));
#2380 = CARTESIAN_POINT('',(51.457780759483,79.269547813975,
    31.121080442878));
#2381 = CARTESIAN_POINT('',(58.751642878785,83.833119328206,
    32.912730327579));
#2382 = CARTESIAN_POINT('',(66.492627123742,88.093315857564,
    34.585275744436));
#2383 = CARTESIAN_POINT('',(74.660597250589,92.039990800542,
    36.134733156134));
#2384 = CARTESIAN_POINT('',(83.234010269348,95.664717756457,
    37.557794373075));
#2385 = CARTESIAN_POINT('',(92.189968159245,98.960761194042,
    38.851815037922));
#2386 = CARTESIAN_POINT('',(101.50428672984,101.92303131212,
    40.01479690398));
#2387 = CARTESIAN_POINT('',(111.1515783404,104.54802365407,
    41.045364127947));
#2388 = CARTESIAN_POINT('',(121.10534484645,106.83374500768,
    41.942734178331));
#2389 = CARTESIAN_POINT('',(131.33807732038,108.77962788662,
    42.706684261028));
#2390 = CARTESIAN_POINT('',(141.82135959826,110.38643635702,
    43.337514347017));
#2391 = CARTESIAN_POINT('',(152.52597335551,111.65616613908,
    43.836007952417));
#2392 = CARTESIAN_POINT('',(163.42200306923,112.59194182609,
    44.203391786877));
#2393 = CARTESIAN_POINT('',(174.4789398008,113.19791379544,
    44.441295281021));
#2394 = CARTESIAN_POINT('',(185.66578318708,113.47915701146,
    44.551710856628));
#2395 = CARTESIAN_POINT('',(196.95114135784,113.44157350225,
    44.5369556392));
#2396 = CARTESIAN_POINT('',(208.3033287137,113.09179987812,
    44.399635149886));
#2397 = CARTESIAN_POINT('',(219.69046162563,112.437120879,
    44.142609364351));
#2398 = CARTESIAN_POINT('',(231.0805521785,111.48538960819,
    43.768961396683));
#2399 = CARTESIAN_POINT('',(242.44160009936,110.24495483711,
    43.281968959363));
#2400 = CARTESIAN_POINT('',(253.74168300393,108.72459555024,
    42.685078665759));
#2401 = CARTESIAN_POINT('',(264.94904507706,106.9334627374,
    41.981883177838));
#2402 = CARTESIAN_POINT('',(276.03218428401,104.88102832452,
    41.176101156514));
#2403 = CARTESIAN_POINT('',(286.95993819976,102.57704105912,
    40.271559942351));
#2404 = CARTESIAN_POINT('',(297.70156854763,100.03148912297,
    39.272180877361));
#2405 = CARTESIAN_POINT('',(308.22684456482,97.254569226143,
    38.181967171392));
#2406 = CARTESIAN_POINT('',(318.50612536665,94.256661933874,
    37.004994215498));
#2407 = CARTESIAN_POINT('',(328.51044157272,91.048312982395,
    35.74540224656));
#2408 = CARTESIAN_POINT('',(338.21157659584,87.640220333378,
    34.407391264893));
#2409 = CARTESIAN_POINT('',(347.5821481919,84.043226699736,
    32.995218099887));
#2410 = CARTESIAN_POINT('',(356.59569113697,80.26831715285,
    31.513195470606));
#2411 = CARTESIAN_POINT('',(365.22674225019,76.326621395949,
    29.965692878314));
#2412 = CARTESIAN_POINT('',(373.45092941872,72.229419424665,
    28.357138828804));
#2413 = CARTESIAN_POINT('',(381.24506678675,67.988150650175,
    26.692024414117));
#2414 = CARTESIAN_POINT('',(388.58725878092,63.614418778717,
    24.974905228239));
#2415 = CARTESIAN_POINT('',(395.45701600954,59.120007755898,
    23.210407626805));
#2416 = CARTESIAN_POINT('',(401.8353859958,54.516835340034,
    21.403210500076));
#2417 = CARTESIAN_POINT('',(407.70510066157,49.817075017065,
    19.558093136513));
#2418 = CARTESIAN_POINT('',(413.05073965159,45.032590426166,
    17.6797131793));
#2419 = CARTESIAN_POINT('',(417.85890290139,40.176640420111,
    15.773276029946));
#2420 = CARTESIAN_POINT('',(422.11837628164,35.257382699075,
    13.841984386718));
#2421 = CARTESIAN_POINT('',(425.82026058602,30.299933384339,
    11.895698793196));
#2422 = CARTESIAN_POINT('',(428.95801894247,25.267572161856,
    9.920002920803));
#2423 = CARTESIAN_POINT('',(431.52738763446,20.338685909982,
    7.984931133862));
#2424 = CARTESIAN_POINT('',(433.52610166031,14.921972421637,
    5.858339260241));
#2425 = CARTESIAN_POINT('',(434.95341923399,11.176349173757,
    4.387814378737));
#2426 = CARTESIAN_POINT('',(435.80951624631,1.307345699288,
    0.513261546157));
#2427 = CARTESIAN_POINT('',(436.,9.732790329262,3.821075799264));
#2428 = CARTESIAN_POINT('',(436.,0.,3.291589223409E-14));
#2429 = CARTESIAN_POINT('',(4.,0.,3.01980662698E-16));
#2430 = CARTESIAN_POINT('',(4.,6.455475713913E-16,3.58448124677));
#2431 = CARTESIAN_POINT('',(4.194135062926,1.933117488419E-15,
    10.733869496415));
#2432 = CARTESIAN_POINT('',(5.066840609635,3.859516399767E-15,
    21.43043327814));
#2433 = CARTESIAN_POINT('',(6.518969915571,5.768983604052E-15,
    32.032981701228));
#2434 = CARTESIAN_POINT('',(8.546985806479,7.654909822481E-15,
    42.504815942943));
#2435 = CARTESIAN_POINT('',(11.145960843262,9.509390253191E-15,
    52.802043631455));
#2436 = CARTESIAN_POINT('',(14.309611235867,1.132521154352E-14,
    62.884611750559));
#2437 = CARTESIAN_POINT('',(18.030316272166,1.309538554041E-14,
    72.713717732135));
#2438 = CARTESIAN_POINT('',(22.299129678707,1.481333074968E-14,
    82.252817030955));
#2439 = CARTESIAN_POINT('',(27.105778455905,1.647286798346E-14,
    91.467598956301));
#2440 = CARTESIAN_POINT('',(32.43864861955,1.806825614249E-14,
    100.32618535765));
#2441 = CARTESIAN_POINT('',(38.284760386242,1.959420866509E-14,
    108.79922195962));
#2442 = CARTESIAN_POINT('',(44.629737970617,2.104590856053E-14,
    116.85996183654));
#2443 = CARTESIAN_POINT('',(51.457780759483,2.241901855905E-14,
    124.48432177151));
#2444 = CARTESIAN_POINT('',(58.751642878785,2.370968814522E-14,
    131.65092131031));
#2445 = CARTESIAN_POINT('',(66.492627123742,2.491455719885E-14,
    138.34110297774));
#2446 = CARTESIAN_POINT('',(74.660597250589,2.603075605747E-14,
    144.53893262453));
#2447 = CARTESIAN_POINT('',(83.234010269348,2.705590156589E-14,
    150.2311774923));
#2448 = CARTESIAN_POINT('',(92.189968159245,2.798808878074E-14,
    155.40726015168));
#2449 = CARTESIAN_POINT('',(101.50428672984,2.882587820411E-14,
    160.05918761592));
#2450 = CARTESIAN_POINT('',(111.1515783404,2.956827870537E-14,
    164.18145651178));
#2451 = CARTESIAN_POINT('',(121.10534484645,3.021472656411E-14,
    167.77093671332));
#2452 = CARTESIAN_POINT('',(131.33807732038,3.07650612838E-14,
    170.82673704411));
#2453 = CARTESIAN_POINT('',(141.82135959826,3.121949895769E-14,
    173.35005738806));
#2454 = CARTESIAN_POINT('',(152.52597335551,3.157860401549E-14,
    175.34403180966));
#2455 = CARTESIAN_POINT('',(163.42200306923,3.184326015486E-14,
    176.8135671475));
#2456 = CARTESIAN_POINT('',(174.4789398008,3.20146411858E-14,
    177.76518112408));
#2457 = CARTESIAN_POINT('',(185.66578318708,3.209418241006E-14,
    178.20684342651));
#2458 = CARTESIAN_POINT('',(196.95114135784,3.20835530396E-14,
    178.1478225568));
#2459 = CARTESIAN_POINT('',(208.3033287137,3.198463004095E-14,
    177.59854059954));
#2460 = CARTESIAN_POINT('',(219.69046162563,3.179947368474E-14,
    176.5704374574));
#2461 = CARTESIAN_POINT('',(231.0805521785,3.153030498615E-14,
    175.07584558673));
#2462 = CARTESIAN_POINT('',(242.44160009936,3.117948514522E-14,
    173.12787583745));
#2463 = CARTESIAN_POINT('',(253.74168300393,3.074949703493E-14,
    170.74031466303));
#2464 = CARTESIAN_POINT('',(264.94904507706,3.024292873877E-14,
    167.92753271135));
#2465 = CARTESIAN_POINT('',(276.03218428401,2.966245910747E-14,
    164.70440462605));
#2466 = CARTESIAN_POINT('',(286.95993819976,2.901084528239E-14,
    161.0862397694));
#2467 = CARTESIAN_POINT('',(297.70156854763,2.829091212176E-14,
    157.08872350944));
#2468 = CARTESIAN_POINT('',(308.22684456482,2.750554345976E-14,
    152.72786868556));
#2469 = CARTESIAN_POINT('',(318.50612536665,2.665767512852E-14,
    148.01997686199));
#2470 = CARTESIAN_POINT('',(328.51044157272,2.575028967381E-14,
    142.98160898624));
#2471 = CARTESIAN_POINT('',(338.21157659584,2.478641269386E-14,
    137.62956505957));
#2472 = CARTESIAN_POINT('',(347.5821481919,2.376911072541E-14,
    131.98087239954));
#2473 = CARTESIAN_POINT('',(356.59569113697,2.270149056705E-14,
    126.05278188242));
#2474 = CARTESIAN_POINT('',(365.22674225019,2.158669992215E-14,
    119.86277151325));
#2475 = CARTESIAN_POINT('',(373.45092941872,2.042792899981E-14,
    113.42855531521));
#2476 = CARTESIAN_POINT('',(381.24506678675,1.922841309501E-14,
    106.76809765646));
#2477 = CARTESIAN_POINT('',(388.58725878092,1.799143396869E-14,
    99.899620912956));
#2478 = CARTESIAN_POINT('',(395.45701600954,1.67203243571E-14,
    92.84163050722));
#2479 = CARTESIAN_POINT('',(401.8353859958,1.541845484141E-14,
    85.612842000304));
#2480 = CARTESIAN_POINT('',(407.70510066157,1.408926832768E-14,
    78.23237254605));
#2481 = CARTESIAN_POINT('',(413.05073965159,1.27361200911E-14,
    70.7188527172));
#2482 = CARTESIAN_POINT('',(417.85890290139,1.136276000126E-14,
    63.093104119785));
#2483 = CARTESIAN_POINT('',(422.11837628164,9.971495219436E-15,
    55.367937546872));
#2484 = CARTESIAN_POINT('',(425.82026058602,8.569429088652E-15,
    47.582795172783));
#2485 = CARTESIAN_POINT('',(428.95801894247,7.146176367349E-15,
    39.680011683211));
#2486 = CARTESIAN_POINT('',(431.52738763446,5.752188443821E-15,
    31.939724535448));
#2487 = CARTESIAN_POINT('',(433.52610166031,4.22023319022E-15,
    23.433357040964));
#2488 = CARTESIAN_POINT('',(434.95341923399,3.160895784808E-15,
    17.55125751495));
#2489 = CARTESIAN_POINT('',(435.80951624631,3.697435938982E-16,
    2.053046184629));
#2490 = CARTESIAN_POINT('',(436.,2.752628380511E-15,15.284303197058));
#2491 = CARTESIAN_POINT('',(436.,7.006492321624E-46,3.291589223409E-14)
  );
#2492 = CARTESIAN_POINT('',(4.,0.,3.01980662698E-16));
#2493 = CARTESIAN_POINT('',(4.,-2.282538102273,0.896120311693));
#2494 = CARTESIAN_POINT('',(4.194135062926,-6.835149753531,
    2.683467374104));
#2495 = CARTESIAN_POINT('',(5.066840609635,-13.64654384777,
    5.357608319535));
#2496 = CARTESIAN_POINT('',(6.518969915571,-20.39807052369,
    8.008245425307));
#2497 = CARTESIAN_POINT('',(8.546985806479,-27.06636058071,
    10.626203985736));
#2498 = CARTESIAN_POINT('',(11.145960843262,-33.62346408571,
    13.200510907864));
#2499 = CARTESIAN_POINT('',(14.309611235867,-40.04387594346,
    15.72115293764));
#2500 = CARTESIAN_POINT('',(18.030316272166,-46.30288732326,
    18.178429433034));
#2501 = CARTESIAN_POINT('',(22.299129678707,-52.37722726591,
    20.563204257739));
#2502 = CARTESIAN_POINT('',(27.105778455905,-58.24504729362,
    22.866899739075));
#2503 = CARTESIAN_POINT('',(32.43864861955,-63.88604792978,
    25.081546339413));
#2504 = CARTESIAN_POINT('',(38.284760386242,-69.28153685957,
    27.199805489907));
#2505 = CARTESIAN_POINT('',(44.629737970617,-74.41448208509,
    29.214990459136));
#2506 = CARTESIAN_POINT('',(51.457780759483,-79.26954781397,
    31.121080442878));
#2507 = CARTESIAN_POINT('',(58.751642878785,-83.8331193282,
    32.912730327579));
#2508 = CARTESIAN_POINT('',(66.492627123742,-88.09331585756,
    34.585275744437));
#2509 = CARTESIAN_POINT('',(74.660597250589,-92.03999080054,
    36.134733156134));
#2510 = CARTESIAN_POINT('',(83.234010269348,-95.66471775645,
    37.557794373075));
#2511 = CARTESIAN_POINT('',(92.189968159245,-98.96076119404,
    38.851815037922));
#2512 = CARTESIAN_POINT('',(101.50428672984,-101.9230313121,
    40.01479690398));
#2513 = CARTESIAN_POINT('',(111.1515783404,-104.548023654,
    41.045364127947));
#2514 = CARTESIAN_POINT('',(121.10534484645,-106.8337450076,
    41.942734178331));
#2515 = CARTESIAN_POINT('',(131.33807732038,-108.7796278866,
    42.706684261028));
#2516 = CARTESIAN_POINT('',(141.82135959826,-110.386436357,
    43.337514347017));
#2517 = CARTESIAN_POINT('',(152.52597335551,-111.656166139,
    43.836007952417));
#2518 = CARTESIAN_POINT('',(163.42200306923,-112.591941826,
    44.203391786877));
#2519 = CARTESIAN_POINT('',(174.4789398008,-113.1979137954,
    44.441295281021));
#2520 = CARTESIAN_POINT('',(185.66578318708,-113.4791570114,
    44.551710856628));
#2521 = CARTESIAN_POINT('',(196.95114135784,-113.4415735022,
    44.5369556392));
#2522 = CARTESIAN_POINT('',(208.3033287137,-113.0917998781,
    44.399635149886));
#2523 = CARTESIAN_POINT('',(219.69046162563,-112.437120879,
    44.142609364351));
#2524 = CARTESIAN_POINT('',(231.0805521785,-111.4853896081,
    43.768961396683));
#2525 = CARTESIAN_POINT('',(242.44160009936,-110.2449548371,
    43.281968959364));
#2526 = CARTESIAN_POINT('',(253.74168300393,-108.7245955502,
    42.685078665759));
#2527 = CARTESIAN_POINT('',(264.94904507706,-106.9334627374,
    41.981883177838));
#2528 = CARTESIAN_POINT('',(276.03218428401,-104.8810283245,
    41.176101156515));
#2529 = CARTESIAN_POINT('',(286.95993819976,-102.5770410591,
    40.271559942351));
#2530 = CARTESIAN_POINT('',(297.70156854763,-100.0314891229,
    39.272180877361));
#2531 = CARTESIAN_POINT('',(308.22684456482,-97.25456922614,
    38.181967171392));
#2532 = CARTESIAN_POINT('',(318.50612536665,-94.25666193387,
    37.004994215498));
#2533 = CARTESIAN_POINT('',(328.51044157272,-91.04831298239,
    35.74540224656));
#2534 = CARTESIAN_POINT('',(338.21157659584,-87.64022033337,
    34.407391264893));
#2535 = CARTESIAN_POINT('',(347.5821481919,-84.04322669973,
    32.995218099887));
#2536 = CARTESIAN_POINT('',(356.59569113697,-80.26831715285,
    31.513195470606));
#2537 = CARTESIAN_POINT('',(365.22674225019,-76.32662139594,
    29.965692878314));
#2538 = CARTESIAN_POINT('',(373.45092941872,-72.22941942466,
    28.357138828804));
#2539 = CARTESIAN_POINT('',(381.24506678675,-67.98815065017,
    26.692024414117));
#2540 = CARTESIAN_POINT('',(388.58725878092,-63.61441877871,
    24.974905228239));
#2541 = CARTESIAN_POINT('',(395.45701600954,-59.12000775589,
    23.210407626805));
#2542 = CARTESIAN_POINT('',(401.8353859958,-54.51683534003,
    21.403210500076));
#2543 = CARTESIAN_POINT('',(407.70510066157,-49.81707501706,
    19.558093136513));
#2544 = CARTESIAN_POINT('',(413.05073965159,-45.03259042616,
    17.6797131793));
#2545 = CARTESIAN_POINT('',(417.85890290139,-40.17664042011,
    15.773276029946));
#2546 = CARTESIAN_POINT('',(422.11837628164,-35.25738269907,
    13.841984386718));
#2547 = CARTESIAN_POINT('',(425.82026058602,-30.29993338433,
    11.895698793196));
#2548 = CARTESIAN_POINT('',(428.95801894247,-25.26757216185,
    9.920002920803));
#2549 = CARTESIAN_POINT('',(431.52738763446,-20.33868590998,
    7.984931133862));
#2550 = CARTESIAN_POINT('',(433.52610166031,-14.92197242163,
    5.858339260241));
#2551 = CARTESIAN_POINT('',(434.95341923399,-11.17634917375,
    4.387814378737));
#2552 = CARTESIAN_POINT('',(435.80951624631,-1.307345699288,
    0.513261546157));
#2553 = CARTESIAN_POINT('',(436.,-9.732790329262,3.821075799264));
#2554 = CARTESIAN_POINT('',(436.,0.,3.291589223409E-14));
#2555 = CARTESIAN_POINT('',(4.,0.,3.01980662698E-16));
#2556 = CARTESIAN_POINT('',(4.,-4.565076204547,-1.792240623385));
#2557 = CARTESIAN_POINT('',(4.194135062926,-13.67029950706,
    -5.366934748208));
#2558 = CARTESIAN_POINT('',(5.066840609635,-27.29308769555,
    -10.71521663907));
#2559 = CARTESIAN_POINT('',(6.518969915571,-40.79614104739,
    -16.01649085061));
#2560 = CARTESIAN_POINT('',(8.546985806479,-54.13272116142,
    -21.25240797147));
#2561 = CARTESIAN_POINT('',(11.145960843262,-67.24692817143,
    -26.40102181572));
#2562 = CARTESIAN_POINT('',(14.309611235867,-80.08775188692,
    -31.44230587527));
#2563 = CARTESIAN_POINT('',(18.030316272166,-92.60577464652,
    -36.35685886606));
#2564 = CARTESIAN_POINT('',(22.299129678707,-104.7544545318,
    -41.12640851547));
#2565 = CARTESIAN_POINT('',(27.105778455905,-116.4900945872,
    -45.73379947815));
#2566 = CARTESIAN_POINT('',(32.43864861955,-127.7720958595,
    -50.16309267882));
#2567 = CARTESIAN_POINT('',(38.284760386243,-138.5630737191,
    -54.39961097981));
#2568 = CARTESIAN_POINT('',(44.629737970617,-148.8289641701,
    -58.42998091827));
#2569 = CARTESIAN_POINT('',(51.457780759483,-158.5390956279,
    -62.24216088575));
#2570 = CARTESIAN_POINT('',(58.751642878785,-167.6662386564,
    -65.82546065515));
#2571 = CARTESIAN_POINT('',(66.492627123742,-176.1866317151,
    -69.17055148887));
#2572 = CARTESIAN_POINT('',(74.660597250589,-184.079981601,
    -72.26946631226));
#2573 = CARTESIAN_POINT('',(83.234010269348,-191.3294355129,
    -75.11558874615));
#2574 = CARTESIAN_POINT('',(92.189968159245,-197.921522388,
    -77.70363007584));
#2575 = CARTESIAN_POINT('',(101.50428672984,-203.8460626242,
    -80.02959380796));
#2576 = CARTESIAN_POINT('',(111.1515783404,-209.0960473081,
    -82.09072825589));
#2577 = CARTESIAN_POINT('',(121.10534484645,-213.6674900153,
    -83.88546835666));
#2578 = CARTESIAN_POINT('',(131.33807732038,-217.5592557732,
    -85.41336852205));
#2579 = CARTESIAN_POINT('',(141.82135959826,-220.772872714,
    -86.67502869403));
#2580 = CARTESIAN_POINT('',(152.52597335551,-223.3123322781,
    -87.67201590483));
#2581 = CARTESIAN_POINT('',(163.42200306923,-225.1838836521,
    -88.40678357375));
#2582 = CARTESIAN_POINT('',(174.4789398008,-226.3958275908,
    -88.88259056204));
#2583 = CARTESIAN_POINT('',(185.66578318708,-226.9583140229,
    -89.10342171325));
#2584 = CARTESIAN_POINT('',(196.95114135784,-226.8831470045,
    -89.0739112784));
#2585 = CARTESIAN_POINT('',(208.3033287137,-226.1835997562,
    -88.79927029977));
#2586 = CARTESIAN_POINT('',(219.69046162563,-224.874241758,
    -88.2852187287));
#2587 = CARTESIAN_POINT('',(231.0805521785,-222.9707792163,
    -87.53792279336));
#2588 = CARTESIAN_POINT('',(242.44160009936,-220.4899096742,
    -86.56393791872));
#2589 = CARTESIAN_POINT('',(253.74168300393,-217.4491911004,
    -85.37015733151));
#2590 = CARTESIAN_POINT('',(264.94904507706,-213.8669254748,
    -83.96376635567));
#2591 = CARTESIAN_POINT('',(276.03218428401,-209.762056649,
    -82.35220231302));
#2592 = CARTESIAN_POINT('',(286.95993819976,-205.1540821182,
    -80.5431198847));
#2593 = CARTESIAN_POINT('',(297.70156854763,-200.0629782459,
    -78.54436175472));
#2594 = CARTESIAN_POINT('',(308.22684456482,-194.5091384522,
    -76.36393434278));
#2595 = CARTESIAN_POINT('',(318.50612536665,-188.5133238677,
    -74.00998843099));
#2596 = CARTESIAN_POINT('',(328.51044157272,-182.0966259647,
    -71.49080449312));
#2597 = CARTESIAN_POINT('',(338.21157659584,-175.2804406667,
    -68.81478252978));
#2598 = CARTESIAN_POINT('',(347.5821481919,-168.0864533994,
    -65.99043619977));
#2599 = CARTESIAN_POINT('',(356.59569113697,-160.5366343057,
    -63.02639094121));
#2600 = CARTESIAN_POINT('',(365.22674225019,-152.6532427918,
    -59.93138575662));
#2601 = CARTESIAN_POINT('',(373.45092941872,-144.4588388493,
    -56.7142776576));
#2602 = CARTESIAN_POINT('',(381.24506678675,-135.9763013003,
    -53.38404882823));
#2603 = CARTESIAN_POINT('',(388.58725878092,-127.2288375574,
    -49.94981045647));
#2604 = CARTESIAN_POINT('',(395.45701600954,-118.2400155117,
    -46.42081525361));
#2605 = CARTESIAN_POINT('',(401.8353859958,-109.03367068,-42.80642100015
    ));
#2606 = CARTESIAN_POINT('',(407.70510066157,-99.63415003412,
    -39.11618627302));
#2607 = CARTESIAN_POINT('',(413.05073965159,-90.06518085233,
    -35.3594263586));
#2608 = CARTESIAN_POINT('',(417.85890290139,-80.35328084022,
    -31.54655205989));
#2609 = CARTESIAN_POINT('',(422.11837628164,-70.51476539815,
    -27.68396877343));
#2610 = CARTESIAN_POINT('',(425.82026058602,-60.59986676867,
    -23.79139758639));
#2611 = CARTESIAN_POINT('',(428.95801894247,-50.53514432371,
    -19.8400058416));
#2612 = CARTESIAN_POINT('',(431.52738763446,-40.67737181996,
    -15.96986226772));
#2613 = CARTESIAN_POINT('',(433.52610166031,-29.84394484327,
    -11.71667852048));
#2614 = CARTESIAN_POINT('',(434.95341923399,-22.35269834751,
    -8.775628757475));
#2615 = CARTESIAN_POINT('',(435.80951624631,-2.614691398576,
    -1.026523092315));
#2616 = CARTESIAN_POINT('',(436.,-19.46558065852,-7.642151598529));
#2617 = CARTESIAN_POINT('',(436.,-6.310887241768E-30,3.291589223409E-14)
  );
#2618 = CARTESIAN_POINT('',(4.,0.,3.01980662698E-16));
#2619 = CARTESIAN_POINT('',(4.,0.,-1.792240623385));
#2620 = CARTESIAN_POINT('',(4.194135062926,0.,-5.366934748208));
#2621 = CARTESIAN_POINT('',(5.066840609635,0.,-10.71521663907));
#2622 = CARTESIAN_POINT('',(6.518969915571,0.,-16.01649085061));
#2623 = CARTESIAN_POINT('',(8.546985806479,0.,-21.25240797147));
#2624 = CARTESIAN_POINT('',(11.145960843262,0.,-26.40102181572));
#2625 = CARTESIAN_POINT('',(14.309611235867,0.,-31.44230587528));
#2626 = CARTESIAN_POINT('',(18.030316272166,0.,-36.35685886606));
#2627 = CARTESIAN_POINT('',(22.299129678707,0.,-41.12640851547));
#2628 = CARTESIAN_POINT('',(27.105778455905,0.,-45.73379947815));
#2629 = CARTESIAN_POINT('',(32.43864861955,0.,-50.16309267882));
#2630 = CARTESIAN_POINT('',(38.284760386243,0.,-54.39961097981));
#2631 = CARTESIAN_POINT('',(44.629737970617,0.,-58.42998091827));
#2632 = CARTESIAN_POINT('',(51.457780759483,0.,-62.24216088575));
#2633 = CARTESIAN_POINT('',(58.751642878785,0.,-65.82546065515));
#2634 = CARTESIAN_POINT('',(66.492627123742,0.,-69.17055148887));
#2635 = CARTESIAN_POINT('',(74.660597250589,0.,-72.26946631226));
#2636 = CARTESIAN_POINT('',(83.234010269348,0.,-75.11558874615));
#2637 = CARTESIAN_POINT('',(92.189968159245,0.,-77.70363007584));
#2638 = CARTESIAN_POINT('',(101.50428672984,0.,-80.02959380796));
#2639 = CARTESIAN_POINT('',(111.1515783404,0.,-82.09072825589));
#2640 = CARTESIAN_POINT('',(121.10534484645,0.,-83.88546835666));
#2641 = CARTESIAN_POINT('',(131.33807732038,0.,-85.41336852205));
#2642 = CARTESIAN_POINT('',(141.82135959826,0.,-86.67502869403));
#2643 = CARTESIAN_POINT('',(152.52597335551,0.,-87.67201590483));
#2644 = CARTESIAN_POINT('',(163.42200306923,0.,-88.40678357375));
#2645 = CARTESIAN_POINT('',(174.4789398008,0.,-88.88259056204));
#2646 = CARTESIAN_POINT('',(185.66578318708,0.,-89.10342171325));
#2647 = CARTESIAN_POINT('',(196.95114135784,0.,-89.0739112784));
#2648 = CARTESIAN_POINT('',(208.3033287137,0.,-88.79927029977));
#2649 = CARTESIAN_POINT('',(219.69046162563,0.,-88.2852187287));
#2650 = CARTESIAN_POINT('',(231.0805521785,0.,-87.53792279336));
#2651 = CARTESIAN_POINT('',(242.44160009936,0.,-86.56393791872));
#2652 = CARTESIAN_POINT('',(253.74168300393,0.,-85.37015733151));
#2653 = CARTESIAN_POINT('',(264.94904507706,0.,-83.96376635567));
#2654 = CARTESIAN_POINT('',(276.03218428401,0.,-82.35220231302));
#2655 = CARTESIAN_POINT('',(286.95993819976,0.,-80.5431198847));
#2656 = CARTESIAN_POINT('',(297.70156854763,0.,-78.54436175472));
#2657 = CARTESIAN_POINT('',(308.22684456482,0.,-76.36393434278));
#2658 = CARTESIAN_POINT('',(318.50612536665,0.,-74.00998843099));
#2659 = CARTESIAN_POINT('',(328.51044157272,0.,-71.49080449312));
#2660 = CARTESIAN_POINT('',(338.21157659584,0.,-68.81478252978));
#2661 = CARTESIAN_POINT('',(347.5821481919,0.,-65.99043619977));
#2662 = CARTESIAN_POINT('',(356.59569113697,0.,-63.02639094121));
#2663 = CARTESIAN_POINT('',(365.22674225019,0.,-59.93138575662));
#2664 = CARTESIAN_POINT('',(373.45092941872,0.,-56.7142776576));
#2665 = CARTESIAN_POINT('',(381.24506678675,0.,-53.38404882823));
#2666 = CARTESIAN_POINT('',(388.58725878092,0.,-49.94981045647));
#2667 = CARTESIAN_POINT('',(395.45701600954,0.,-46.42081525361));
#2668 = CARTESIAN_POINT('',(401.8353859958,0.,-42.80642100015));
#2669 = CARTESIAN_POINT('',(407.70510066157,0.,-39.11618627302));
#2670 = CARTESIAN_POINT('',(413.05073965159,0.,-35.3594263586));
#2671 = CARTESIAN_POINT('',(417.85890290139,0.,-31.54655205989));
#2672 = CARTESIAN_POINT('',(422.11837628164,0.,-27.68396877343));
#2673 = CARTESIAN_POINT('',(425.82026058602,0.,-23.79139758639));
#2674 = CARTESIAN_POINT('',(428.95801894247,0.,-19.8400058416));
#2675 = CARTESIAN_POINT('',(431.52738763446,0.,-15.96986226772));
#2676 = CARTESIAN_POINT('',(433.52610166031,0.,-11.71667852048));
#2677 = CARTESIAN_POINT('',(434.95341923399,0.,-8.775628757475));
#2678 = CARTESIAN_POINT('',(435.80951624631,0.,-1.026523092315));
#2679 = CARTESIAN_POINT('',(436.,0.,-7.642151598529));
#2680 = CARTESIAN_POINT('',(436.,0.,3.291589223409E-14));
#2681 = DEFINITIONAL_REPRESENTATION('',(#2682),#2888);
#2682 = B_SPLINE_CURVE_WITH_KNOTS('',8,(#2683,#2684,#2685,#2686,#2687,
    #2688,#2689,#2690,#2691,#2692,#2693,#2694,#2695,#2696,#2697,#2698,
    #2699,#2700,#2701,#2702,#2703,#2704,#2705,#2706,#2707,#2708,#2709,
    #2710,#2711,#2712,#2713,#2714,#2715,#2716,#2717,#2718,#2719,#2720,
    #2721,#2722,#2723,#2724,#2725,#2726,#2727,#2728,#2729,#2730,#2731,
    #2732,#2733,#2734,#2735,#2736,#2737,#2738,#2739,#2740,#2741,#2742,
    #2743,#2744,#2745,#2746,#2747,#2748,#2749,#2750,#2751,#2752,#2753,
    #2754,#2755,#2756,#2757,#2758,#2759,#2760,#2761,#2762,#2763,#2764,
    #2765,#2766,#2767,#2768,#2769,#2770,#2771,#2772,#2773,#2774,#2775,
    #2776,#2777,#2778,#2779,#2780,#2781,#2782,#2783,#2784,#2785,#2786,
    #2787,#2788,#2789,#2790,#2791,#2792,#2793,#2794,#2795,#2796,#2797,
    #2798,#2799,#2800,#2801,#2802,#2803,#2804,#2805,#2806,#2807,#2808,
    #2809,#2810,#2811,#2812,#2813,#2814,#2815,#2816,#2817,#2818,#2819,
    #2820,#2821,#2822,#2823,#2824,#2825,#2826,#2827,#2828,#2829,#2830,
    #2831,#2832,#2833,#2834,#2835,#2836,#2837,#2838,#2839,#2840,#2841,
    #2842,#2843,#2844,#2845,#2846,#2847,#2848,#2849,#2850,#2851,#2852,
    #2853,#2854,#2855,#2856,#2857,#2858,#2859,#2860,#2861,#2862,#2863,
    #2864,#2865,#2866,#2867,#2868,#2869,#2870,#2871,#2872,#2873,#2874,
    #2875,#2876,#2877,#2878,#2879,#2880,#2881,#2882,#2883,#2884,#2885,
    #2886,#2887),.UNSPECIFIED.,.F.,.F.,(9,7,7,7,7,7,7,7,7,7,7,7,7,7,7,7,
    7,7,7,7,7,7,7,7,7,7,7,7,7,9),(0.,6.54373424352E-02,0.135136077743,
    0.175617878985,0.20498106945,0.230243595737,0.250573816699,
    0.280397849644,0.296052164015,0.310694041855,0.31757623559,
    0.32524703424,0.365778939748,0.398766803716,0.42500808068,
    0.498747231023,0.572486381366,0.59872765833,0.631715522297,
    0.672247427805,0.679142419294,0.701576207294,0.717355925988,
    0.747418874709,0.767911957967,0.793376858496,0.822975272997,
    0.863781367769,0.934038449005,1.),.UNSPECIFIED.);
#2683 = CARTESIAN_POINT('',(6.28318530718,445.67324471253));
#2684 = CARTESIAN_POINT('',(6.230630283679,445.67324471253));
#2685 = CARTESIAN_POINT('',(6.179586512279,445.67324471253));
#2686 = CARTESIAN_POINT('',(6.129814885769,445.67324471253));
#2687 = CARTESIAN_POINT('',(6.08111412385,445.67324471253));
#2688 = CARTESIAN_POINT('',(6.033306049758,445.67324471253));
#2689 = CARTESIAN_POINT('',(5.986226805824,445.67324471253));
#2690 = CARTESIAN_POINT('',(5.939720005343,445.67324471253));
#2691 = CARTESIAN_POINT('',(5.844534028006,445.67324471253));
#2692 = CARTESIAN_POINT('',(5.795929571295,445.67324471253));
#2693 = CARTESIAN_POINT('',(5.747611218315,445.67324471253));
#2694 = CARTESIAN_POINT('',(5.699399339336,445.67324471253));
#2695 = CARTESIAN_POINT('',(5.651123100958,445.67324471253));
#2696 = CARTESIAN_POINT('',(5.602608311693,445.67324471253));
#2697 = CARTESIAN_POINT('',(5.553667239864,445.67324471253));
#2698 = CARTESIAN_POINT('',(5.475263891278,445.67324471253));
#2699 = CARTESIAN_POINT('',(5.446244241395,445.67324471253));
#2700 = CARTESIAN_POINT('',(5.416968268383,445.67324471253));
#2701 = CARTESIAN_POINT('',(5.387394921987,445.67324471253));
#2702 = CARTESIAN_POINT('',(5.357483960651,445.67324471253));
#2703 = CARTESIAN_POINT('',(5.32719471654,445.67324471253));
#2704 = CARTESIAN_POINT('',(5.296484877713,445.67324471253));
#2705 = CARTESIAN_POINT('',(5.242696291758,445.67324471253));
#2706 = CARTESIAN_POINT('',(5.219840392331,445.67324471253));
#2707 = CARTESIAN_POINT('',(5.196725667772,445.67324471253));
#2708 = CARTESIAN_POINT('',(5.173337706888,445.67324471253));
#2709 = CARTESIAN_POINT('',(5.149663384103,445.67324471253));
#2710 = CARTESIAN_POINT('',(5.125690926719,445.67324471253));
#2711 = CARTESIAN_POINT('',(5.101410274022,445.67324471253));
#2712 = CARTESIAN_POINT('',(5.055652169273,445.67324471253));
#2713 = CARTESIAN_POINT('',(5.034256634672,445.67324471253));
#2714 = CARTESIAN_POINT('',(5.012623728787,445.67324471253));
#2715 = CARTESIAN_POINT('',(4.990751329315,445.67324471253));
#2716 = CARTESIAN_POINT('',(4.968638728456,445.67324471253));
#2717 = CARTESIAN_POINT('',(4.946287049727,445.67324471253));
#2718 = CARTESIAN_POINT('',(4.923699940406,445.67324471253));
#2719 = CARTESIAN_POINT('',(4.882523662527,445.67324471253));
#2720 = CARTESIAN_POINT('',(4.864014006838,445.67324471253));
#2721 = CARTESIAN_POINT('',(4.845359719349,445.67324471253));
#2722 = CARTESIAN_POINT('',(4.826565119936,445.67324471253));
#2723 = CARTESIAN_POINT('',(4.807634889256,445.67324471253));
#2724 = CARTESIAN_POINT('',(4.78857431083,445.67324471253));
#2725 = CARTESIAN_POINT('',(4.769389567493,445.67324471253));
#2726 = CARTESIAN_POINT('',(4.721773208918,445.67324471253));
#2727 = CARTESIAN_POINT('',(4.693202212992,445.67324471253));
#2728 = CARTESIAN_POINT('',(4.664401261851,445.67324471253));
#2729 = CARTESIAN_POINT('',(4.635391555502,445.67324471253));
#2730 = CARTESIAN_POINT('',(4.606191158351,445.67324471253));
#2731 = CARTESIAN_POINT('',(4.576816554785,445.67324471253));
#2732 = CARTESIAN_POINT('',(4.547283938541,445.67324471253));
#2733 = CARTESIAN_POINT('',(4.502034828232,445.67324471253));
#2734 = CARTESIAN_POINT('',(4.486419206393,445.67324471253));
#2735 = CARTESIAN_POINT('',(4.470764973927,445.67324471253));
#2736 = CARTESIAN_POINT('',(4.455073368767,445.67324471253));
#2737 = CARTESIAN_POINT('',(4.43934528726,445.67324471253));
#2738 = CARTESIAN_POINT('',(4.423581308235,445.67324471253));
#2739 = CARTESIAN_POINT('',(4.407781717061,445.67324471253));
#2740 = CARTESIAN_POINT('',(4.377135476795,445.67324471253));
#2741 = CARTESIAN_POINT('',(4.362293255149,445.67324471253));
#2742 = CARTESIAN_POINT('',(4.34741979615,445.67324471253));
#2743 = CARTESIAN_POINT('',(4.33251480729,445.67324471253));
#2744 = CARTESIAN_POINT('',(4.317577774713,445.67324471253));
#2745 = CARTESIAN_POINT('',(4.302607965736,445.67324471253));
#2746 = CARTESIAN_POINT('',(4.287604431377,445.67324471253));
#2747 = CARTESIAN_POINT('',(4.265497425317,445.67324471253));
#2748 = CARTESIAN_POINT('',(4.258428841885,445.67324471253));
#2749 = CARTESIAN_POINT('',(4.251360258487,445.67324471253));
#2750 = CARTESIAN_POINT('',(4.244291675061,445.67324471253));
#2751 = CARTESIAN_POINT('',(4.23722309158,445.67324471253));
#2752 = CARTESIAN_POINT('',(4.230154508057,445.67324471253));
#2753 = CARTESIAN_POINT('',(4.22308592454,445.67324471253));
#2754 = CARTESIAN_POINT('',(4.20813879508,445.67324471253));
#2755 = CARTESIAN_POINT('',(4.200335940764,445.67324471253));
#2756 = CARTESIAN_POINT('',(4.192472508817,445.67324471253));
#2757 = CARTESIAN_POINT('',(4.184586084279,445.67324471253));
#2758 = CARTESIAN_POINT('',(4.176729587099,445.67324471253));
#2759 = CARTESIAN_POINT('',(4.168899021025,445.67324471253));
#2760 = CARTESIAN_POINT('',(4.161047490854,445.67324471253));
#2761 = CARTESIAN_POINT('',(4.111643274587,445.67324471253));
#2762 = CARTESIAN_POINT('',(4.071683371875,445.67324471253));
#2763 = CARTESIAN_POINT('',(4.033155254183,445.67324471253));
#2764 = CARTESIAN_POINT('',(3.995928470488,445.67324471253));
#2765 = CARTESIAN_POINT('',(3.959887639665,445.67324471253));
#2766 = CARTESIAN_POINT('',(3.924928437751,445.67324471253));
#2767 = CARTESIAN_POINT('',(3.890954577268,445.67324471253));
#2768 = CARTESIAN_POINT('',(3.830953804507,445.67324471253));
#2769 = CARTESIAN_POINT('',(3.804627321708,445.67324471253));
#2770 = CARTESIAN_POINT('',(3.778848837811,445.67324471253));
#2771 = CARTESIAN_POINT('',(3.753575982971,445.67324471253));
#2772 = CARTESIAN_POINT('',(3.728770340506,445.67324471253));
#2773 = CARTESIAN_POINT('',(3.704396512795,445.67324471253));
#2774 = CARTESIAN_POINT('',(3.680421422449,445.67324471253));
#2775 = CARTESIAN_POINT('',(3.638034430998,445.67324471253));
#2776 = CARTESIAN_POINT('',(3.619488000454,445.67324471253));
#2777 = CARTESIAN_POINT('',(3.601159064151,445.67324471253));
#2778 = CARTESIAN_POINT('',(3.583033196857,445.67324471253));
#2779 = CARTESIAN_POINT('',(3.565096885774,445.67324471253));
#2780 = CARTESIAN_POINT('',(3.547337375229,445.67324471253));
#2781 = CARTESIAN_POINT('',(3.529742511342,445.67324471253));
#2782 = CARTESIAN_POINT('',(3.463288006107,445.67324471253));
#2783 = CARTESIAN_POINT('',(3.415491369271,445.67324471253));
#2784 = CARTESIAN_POINT('',(3.368641626703,445.67324471253));
#2785 = CARTESIAN_POINT('',(3.322520409737,445.67324471253));
#2786 = CARTESIAN_POINT('',(3.276934669406,445.67324471253));
#2787 = CARTESIAN_POINT('',(3.23170394218,445.67324471253));
#2788 = CARTESIAN_POINT('',(3.186651751448,445.67324471253));
#2789 = CARTESIAN_POINT('',(3.096533555732,445.67324471253));
#2790 = CARTESIAN_POINT('',(3.051481365001,445.67324471253));
#2791 = CARTESIAN_POINT('',(3.006250637774,445.67324471253));
#2792 = CARTESIAN_POINT('',(2.960664897442,445.67324471253));
#2793 = CARTESIAN_POINT('',(2.914543680478,445.67324471253));
#2794 = CARTESIAN_POINT('',(2.867693937909,445.67324471253));
#2795 = CARTESIAN_POINT('',(2.819897301073,445.67324471253));
#2796 = CARTESIAN_POINT('',(2.753442795838,445.67324471253));
#2797 = CARTESIAN_POINT('',(2.735847931951,445.67324471253));
#2798 = CARTESIAN_POINT('',(2.718088421405,445.67324471253));
#2799 = CARTESIAN_POINT('',(2.700152110323,445.67324471253));
#2800 = CARTESIAN_POINT('',(2.682026243029,445.67324471253));
#2801 = CARTESIAN_POINT('',(2.663697306726,445.67324471253));
#2802 = CARTESIAN_POINT('',(2.645150876182,445.67324471253));
#2803 = CARTESIAN_POINT('',(2.602763884731,445.67324471253));
#2804 = CARTESIAN_POINT('',(2.578788794385,445.67324471253));
#2805 = CARTESIAN_POINT('',(2.554414966673,445.67324471253));
#2806 = CARTESIAN_POINT('',(2.529609324209,445.67324471253));
#2807 = CARTESIAN_POINT('',(2.504336469368,445.67324471253));
#2808 = CARTESIAN_POINT('',(2.478557985472,445.67324471253));
#2809 = CARTESIAN_POINT('',(2.452231502673,445.67324471253));
#2810 = CARTESIAN_POINT('',(2.392230729912,445.67324471253));
#2811 = CARTESIAN_POINT('',(2.358256869429,445.67324471253));
#2812 = CARTESIAN_POINT('',(2.323297667515,445.67324471253));
#2813 = CARTESIAN_POINT('',(2.287256836692,445.67324471253));
#2814 = CARTESIAN_POINT('',(2.250030052996,445.67324471253));
#2815 = CARTESIAN_POINT('',(2.211501935305,445.67324471253));
#2816 = CARTESIAN_POINT('',(2.171542032593,445.67324471253));
#2817 = CARTESIAN_POINT('',(2.122932961442,445.67324471253));
#2818 = CARTESIAN_POINT('',(2.11587239372,445.67324471253));
#2819 = CARTESIAN_POINT('',(2.108798489348,445.67324471253));
#2820 = CARTESIAN_POINT('',(2.101716931682,445.67324471253));
#2821 = CARTESIAN_POINT('',(2.094643311678,445.67324471253));
#2822 = CARTESIAN_POINT('',(2.087587725518,445.67324471253));
#2823 = CARTESIAN_POINT('',(2.080539372242,445.67324471253));
#2824 = CARTESIAN_POINT('',(2.050388665415,445.67324471253));
#2825 = CARTESIAN_POINT('',(2.027416897816,445.67324471253));
#2826 = CARTESIAN_POINT('',(2.004529936994,445.67324471253));
#2827 = CARTESIAN_POINT('',(1.981723052511,445.67324471253));
#2828 = CARTESIAN_POINT('',(1.958992582568,445.67324471253));
#2829 = CARTESIAN_POINT('',(1.936335895378,445.67324471253));
#2830 = CARTESIAN_POINT('',(1.913751424402,445.67324471253));
#2831 = CARTESIAN_POINT('',(1.875403590118,445.67324471253));
#2832 = CARTESIAN_POINT('',(1.859603998945,445.67324471253));
#2833 = CARTESIAN_POINT('',(1.84384001992,445.67324471253));
#2834 = CARTESIAN_POINT('',(1.828111938413,445.67324471253));
#2835 = CARTESIAN_POINT('',(1.812420333253,445.67324471253));
#2836 = CARTESIAN_POINT('',(1.796766100787,445.67324471253));
#2837 = CARTESIAN_POINT('',(1.781150478948,445.67324471253));
#2838 = CARTESIAN_POINT('',(1.735901368639,445.67324471253));
#2839 = CARTESIAN_POINT('',(1.706368752395,445.67324471253));
#2840 = CARTESIAN_POINT('',(1.676994148829,445.67324471253));
#2841 = CARTESIAN_POINT('',(1.647793751678,445.67324471253));
#2842 = CARTESIAN_POINT('',(1.618784045329,445.67324471253));
#2843 = CARTESIAN_POINT('',(1.589983094188,445.67324471253));
#2844 = CARTESIAN_POINT('',(1.561412098262,445.67324471253));
#2845 = CARTESIAN_POINT('',(1.513795739686,445.67324471253));
#2846 = CARTESIAN_POINT('',(1.49461099635,445.67324471253));
#2847 = CARTESIAN_POINT('',(1.475550417924,445.67324471253));
#2848 = CARTESIAN_POINT('',(1.456620187244,445.67324471253));
#2849 = CARTESIAN_POINT('',(1.437825587831,445.67324471253));
#2850 = CARTESIAN_POINT('',(1.419171300341,445.67324471253));
#2851 = CARTESIAN_POINT('',(1.400661644653,445.67324471253));
#2852 = CARTESIAN_POINT('',(1.359485366774,445.67324471253));
#2853 = CARTESIAN_POINT('',(1.336898257453,445.67324471253));
#2854 = CARTESIAN_POINT('',(1.314546578724,445.67324471253));
#2855 = CARTESIAN_POINT('',(1.292433977865,445.67324471253));
#2856 = CARTESIAN_POINT('',(1.270561578393,445.67324471253));
#2857 = CARTESIAN_POINT('',(1.248928672508,445.67324471253));
#2858 = CARTESIAN_POINT('',(1.227533137907,445.67324471253));
#2859 = CARTESIAN_POINT('',(1.181775033158,445.67324471253));
#2860 = CARTESIAN_POINT('',(1.157494380461,445.67324471253));
#2861 = CARTESIAN_POINT('',(1.133521923077,445.67324471253));
#2862 = CARTESIAN_POINT('',(1.109847600292,445.67324471253));
#2863 = CARTESIAN_POINT('',(1.086459639408,445.67324471253));
#2864 = CARTESIAN_POINT('',(1.063344914849,445.67324471253));
#2865 = CARTESIAN_POINT('',(1.040489015422,445.67324471253));
#2866 = CARTESIAN_POINT('',(0.986700429466,445.67324471253));
#2867 = CARTESIAN_POINT('',(0.955990590639,445.67324471253));
#2868 = CARTESIAN_POINT('',(0.925701346529,445.67324471253));
#2869 = CARTESIAN_POINT('',(0.895790385192,445.67324471253));
#2870 = CARTESIAN_POINT('',(0.866217038797,445.67324471253));
#2871 = CARTESIAN_POINT('',(0.836941065785,445.67324471253));
#2872 = CARTESIAN_POINT('',(0.807921415902,445.67324471253));
#2873 = CARTESIAN_POINT('',(0.729518067316,445.67324471253));
#2874 = CARTESIAN_POINT('',(0.680576995485,445.67324471253));
#2875 = CARTESIAN_POINT('',(0.632062206224,445.67324471253));
#2876 = CARTESIAN_POINT('',(0.583785967841,445.67324471253));
#2877 = CARTESIAN_POINT('',(0.535574088867,445.67324471253));
#2878 = CARTESIAN_POINT('',(0.487255735884,445.67324471253));
#2879 = CARTESIAN_POINT('',(0.438651279174,445.67324471253));
#2880 = CARTESIAN_POINT('',(0.343465301836,445.67324471253));
#2881 = CARTESIAN_POINT('',(0.296958501356,445.67324471253));
#2882 = CARTESIAN_POINT('',(0.249879257421,445.67324471253));
#2883 = CARTESIAN_POINT('',(0.20207118333,445.67324471253));
#2884 = CARTESIAN_POINT('',(0.153370421411,445.67324471253));
#2885 = CARTESIAN_POINT('',(0.1035987949,445.67324471253));
#2886 = CARTESIAN_POINT('',(5.255502350089E-02,445.67324471253));
#2887 = CARTESIAN_POINT('',(0.,445.67324471253));
#2888 = ( GEOMETRIC_REPRESENTATION_CONTEXT(2) 
PARAMETRIC_REPRESENTATION_CONTEXT() REPRESENTATION_CONTEXT('2D SPACE',''
  ) );
#2889 = ADVANCED_FACE('',(#2890,#2893),#1598,.T.);
#2890 = FACE_BOUND('',#2891,.T.);
#2891 = EDGE_LOOP('',(#2892));
#2892 = ORIENTED_EDGE('',*,*,#1180,.F.);
#2893 = FACE_BOUND('',#2894,.T.);
#2894 = EDGE_LOOP('',(#2895));
#2895 = ORIENTED_EDGE('',*,*,#2896,.T.);
#2896 = EDGE_CURVE('',#2897,#2897,#2899,.T.);
#2897 = VERTEX_POINT('',#2898);
#2898 = CARTESIAN_POINT('',(380.,0.,-53.88582679387));
#2899 = SURFACE_CURVE('',#2900,(#3106,#3315),.PCURVE_S1.);
#2900 = B_SPLINE_CURVE_WITH_KNOTS('',8,(#2901,#2902,#2903,#2904,#2905,
    #2906,#2907,#2908,#2909,#2910,#2911,#2912,#2913,#2914,#2915,#2916,
    #2917,#2918,#2919,#2920,#2921,#2922,#2923,#2924,#2925,#2926,#2927,
    #2928,#2929,#2930,#2931,#2932,#2933,#2934,#2935,#2936,#2937,#2938,
    #2939,#2940,#2941,#2942,#2943,#2944,#2945,#2946,#2947,#2948,#2949,
    #2950,#2951,#2952,#2953,#2954,#2955,#2956,#2957,#2958,#2959,#2960,
    #2961,#2962,#2963,#2964,#2965,#2966,#2967,#2968,#2969,#2970,#2971,
    #2972,#2973,#2974,#2975,#2976,#2977,#2978,#2979,#2980,#2981,#2982,
    #2983,#2984,#2985,#2986,#2987,#2988,#2989,#2990,#2991,#2992,#2993,
    #2994,#2995,#2996,#2997,#2998,#2999,#3000,#3001,#3002,#3003,#3004,
    #3005,#3006,#3007,#3008,#3009,#3010,#3011,#3012,#3013,#3014,#3015,
    #3016,#3017,#3018,#3019,#3020,#3021,#3022,#3023,#3024,#3025,#3026,
    #3027,#3028,#3029,#3030,#3031,#3032,#3033,#3034,#3035,#3036,#3037,
    #3038,#3039,#3040,#3041,#3042,#3043,#3044,#3045,#3046,#3047,#3048,
    #3049,#3050,#3051,#3052,#3053,#3054,#3055,#3056,#3057,#3058,#3059,
    #3060,#3061,#3062,#3063,#3064,#3065,#3066,#3067,#3068,#3069,#3070,
    #3071,#3072,#3073,#3074,#3075,#3076,#3077,#3078,#3079,#3080,#3081,
    #3082,#3083,#3084,#3085,#3086,#3087,#3088,#3089,#3090,#3091,#3092,
    #3093,#3094,#3095,#3096,#3097,#3098,#3099,#3100,#3101,#3102,#3103,
    #3104,#3105),.UNSPECIFIED.,.T.,.F.,(9,7,7,7,7,7,7,7,7,7,7,7,7,7,7,7,
    7,7,7,7,7,7,7,7,7,7,7,7,7,9),(0.,6.427463327871E-02,0.132734079272,
    0.172495938638,0.201337460681,0.226151731094,0.246121496137,
    0.275416299889,0.290792544985,0.305174327148,0.311934265953,
    0.319501087875,0.3603187563,0.393538825586,0.419964776851,
    0.494223230938,0.568481685024,0.594907636289,0.628127705576,
    0.668945374001,0.675900517687,0.698560964618,0.714500164469,
    0.744867508946,0.765568406596,0.791291176543,0.82118864377,
    0.862406263475,0.933372145232,1.),.UNSPECIFIED.);
#2901 = CARTESIAN_POINT('',(380.,0.,-53.88582679387));
#2902 = CARTESIAN_POINT('',(380.,-3.444136661557,-53.8858267057));
#2903 = CARTESIAN_POINT('',(380.,-6.888017770533,-53.76949605675));
#2904 = CARTESIAN_POINT('',(380.,-10.32745331202,-53.53686273899));
#2905 = CARTESIAN_POINT('',(380.,-13.75789370923,-53.18734798589));
#2906 = CARTESIAN_POINT('',(380.,-17.17443818905,-52.71985544202));
#2907 = CARTESIAN_POINT('',(380.,-20.57183637101,-52.13279797672));
#2908 = CARTESIAN_POINT('',(380.,-23.94447658921,-51.42401824121));
#2909 = CARTESIAN_POINT('',(380.,-30.84581652302,-49.70283447737));
#2910 = CARTESIAN_POINT('',(380.,-34.36903262879,-48.67400129084));
#2911 = CARTESIAN_POINT('',(380.,-37.84960588662,-47.50046995157));
#2912 = CARTESIAN_POINT('',(380.,-41.27883816684,-46.17787228401));
#2913 = CARTESIAN_POINT('',(380.,-44.64583907987,-44.70134082083));
#2914 = CARTESIAN_POINT('',(380.,-47.93751042864,-43.06549581384));
#2915 = CARTESIAN_POINT('',(380.,-51.13853749081,-41.26444223362));
#2916 = CARTESIAN_POINT('',(380.,-56.02704469448,-38.14447149572));
#2917 = CARTESIAN_POINT('',(380.,-57.7859602825,-36.94027586903));
#2918 = CARTESIAN_POINT('',(380.,-59.50411221304,-35.67687486635));
#2919 = CARTESIAN_POINT('',(380.,-61.17720581991,-34.3530677556));
#2920 = CARTESIAN_POINT('',(380.,-62.80027852478,-32.96783584393));
#2921 = CARTESIAN_POINT('',(380.,-64.36774370703,-31.52039626678));
#2922 = CARTESIAN_POINT('',(380.,-65.87343232234,-30.01025282444));
#2923 = CARTESIAN_POINT('',(380.,-68.35311431755,-27.2962517403));
#2924 = CARTESIAN_POINT('',(380.,-69.35945532839,-26.12230075593));
#2925 = CARTESIAN_POINT('',(380.,-70.32706632217,-24.91538269788));
#2926 = CARTESIAN_POINT('',(380.,-71.2531168126,-23.67570566258));
#2927 = CARTESIAN_POINT('',(380.,-72.13457569501,-22.40372347945));
#2928 = CARTESIAN_POINT('',(380.,-72.96826532057,-21.10017424715));
#2929 = CARTESIAN_POINT('',(380.,-73.75092875739,-19.76612798441));
#2930 = CARTESIAN_POINT('',(380.,-75.10598507284,-17.23029152455));
#2931 = CARTESIAN_POINT('',(380.,-75.69248250246,-16.03603951399));
#2932 = CARTESIAN_POINT('',(380.,-76.23669924697,-14.82127110894));
#2933 = CARTESIAN_POINT('',(380.,-76.73655255333,-13.58718235981));
#2934 = CARTESIAN_POINT('',(380.,-77.19002253012,-12.3351977176));
#2935 = CARTESIAN_POINT('',(380.,-77.59520708616,-11.06699070948));
#2936 = CARTESIAN_POINT('',(380.,-77.95038947369,-9.784509194787));
#2937 = CARTESIAN_POINT('',(380.,-78.49855063666,-7.448227676134));
#2938 = CARTESIAN_POINT('',(380.,-78.70967303412,-6.398599792068));
#2939 = CARTESIAN_POINT('',(380.,-78.88672203605,-5.342306263861));
#2940 = CARTESIAN_POINT('',(380.,-79.02906347297,-4.280581939127));
#2941 = CARTESIAN_POINT('',(380.,-79.13620442824,-3.21471306562));
#2942 = CARTESIAN_POINT('',(380.,-79.2078050679,-2.146038558396));
#2943 = CARTESIAN_POINT('',(380.,-79.24369047055,-1.075951266989));
#2944 = CARTESIAN_POINT('',(380.,-79.24411531049,1.56382232724));
#2945 = CARTESIAN_POINT('',(380.,-79.16751577239,3.133795368133));
#2946 = CARTESIAN_POINT('',(380.,-79.01402306698,4.699259039237));
#2947 = CARTESIAN_POINT('',(380.,-78.78447953283,6.255822814972));
#2948 = CARTESIAN_POINT('',(380.,-78.48046056933,7.79944336848));
#2949 = CARTESIAN_POINT('',(380.,-78.1041531672,9.326405709367));
#2950 = CARTESIAN_POINT('',(380.,-77.65826302339,10.833308575749));
#2951 = CARTESIAN_POINT('',(380.,-76.87704772118,13.095841846583));
#2952 = CARTESIAN_POINT('',(380.,-76.58982595325,13.868305961068));
#2953 = CARTESIAN_POINT('',(380.,-76.2847256256,14.634031804134));
#2954 = CARTESIAN_POINT('',(380.,-75.96220908006,15.392646253822));
#2955 = CARTESIAN_POINT('',(380.,-75.62275500015,16.143815374175));
#2956 = CARTESIAN_POINT('',(380.,-75.26685309997,16.887242103266));
#2957 = CARTESIAN_POINT('',(380.,-74.89499881311,17.622663941236));
#2958 = CARTESIAN_POINT('',(380.,-74.14542673193,19.030006289869));
#2959 = CARTESIAN_POINT('',(380.,-73.76964327225,19.702958408751));
#2960 = CARTESIAN_POINT('',(380.,-73.38074290112,20.368520967145));
#2961 = CARTESIAN_POINT('',(380.,-72.97913089301,21.026533093867));
#2962 = CARTESIAN_POINT('',(380.,-72.56520998594,21.676857514501));
#2963 = CARTESIAN_POINT('',(380.,-72.13937786912,22.319378991513));
#2964 = CARTESIAN_POINT('',(380.,-71.7020246706,22.954002764371));
#2965 = CARTESIAN_POINT('',(380.,-71.04272256732,23.87520044004));
#2966 = CARTESIAN_POINT('',(380.,-70.82968320521,24.16766497037));
#2967 = CARTESIAN_POINT('',(380.,-70.61446406324,24.458041627315));
#2968 = CARTESIAN_POINT('',(380.,-70.3971164057,24.746326151988));
#2969 = CARTESIAN_POINT('',(380.,-70.17769105655,25.03251497995));
#2970 = CARTESIAN_POINT('',(380.,-69.95623839941,25.316605241212));
#2971 = CARTESIAN_POINT('',(380.,-69.73280837759,25.598594760231));
#2972 = CARTESIAN_POINT('',(380.,-69.25582526503,26.190992541134));
#2973 = CARTESIAN_POINT('',(380.,-69.00146069672,26.501299146798));
#2974 = CARTESIAN_POINT('',(380.,-68.74440983566,26.809393410943));
#2975 = CARTESIAN_POINT('',(380.,-68.48472096618,27.115272665255));
#2976 = CARTESIAN_POINT('',(380.,-68.22244146964,27.418935263895));
#2977 = CARTESIAN_POINT('',(380.,-67.95761945984,27.720378537679));
#2978 = CARTESIAN_POINT('',(380.,-67.69030319451,28.019599473594));
#2979 = CARTESIAN_POINT('',(380.,-65.96562226997,29.918392973334));
#2980 = CARTESIAN_POINT('',(380.,-64.43964480148,31.455365190539));
#2981 = CARTESIAN_POINT('',(380.,-62.84966699938,32.927655653116));
#2982 = CARTESIAN_POINT('',(380.,-61.20217437785,34.335767400121));
#2983 = CARTESIAN_POINT('',(380.,-59.50303332523,35.680512714784));
#2984 = CARTESIAN_POINT('',(380.,-57.75744538682,36.962957285789));
#2985 = CARTESIAN_POINT('',(380.,-55.96989932825,38.184361442849));
#2986 = CARTESIAN_POINT('',(380.,-52.65818417693,40.29163158586));
#2987 = CARTESIAN_POINT('',(380.,-51.14708346323,41.197533967294));
#2988 = CARTESIAN_POINT('',(380.,-49.61292344721,42.064535554885));
#2989 = CARTESIAN_POINT('',(380.,-48.05763796995,42.893317499146));
#2990 = CARTESIAN_POINT('',(380.,-46.48299475758,43.684540799361));
#2991 = CARTESIAN_POINT('',(380.,-44.89059753568,44.438850115537));
#2992 = CARTESIAN_POINT('',(380.,-43.28188560543,45.156872750079));
#2993 = CARTESIAN_POINT('',(380.,-40.3664638288,46.382001682749));
#2994 = CARTESIAN_POINT('',(380.,-39.06530800407,46.902198799272));
#2995 = CARTESIAN_POINT('',(380.,-37.7553194373,47.400103015222));
#2996 = CARTESIAN_POINT('',(380.,-36.43711620323,47.875995304214));
#2997 = CARTESIAN_POINT('',(380.,-35.11127882019,48.330139842367));
#2998 = CARTESIAN_POINT('',(380.,-33.77835064893,48.762785103677));
#2999 = CARTESIAN_POINT('',(380.,-32.43883829156,49.174164955384));
#3000 = CARTESIAN_POINT('',(380.,-27.31192271607,50.661362934419));
#3001 = CARTESIAN_POINT('',(380.,-23.48303284619,51.591847896852));
#3002 = CARTESIAN_POINT('',(380.,-19.61624708502,52.361141386496));
#3003 = CARTESIAN_POINT('',(380.,-15.72045596915,52.972906723427));
#3004 = CARTESIAN_POINT('',(380.,-11.80382348711,53.42983297946));
#3005 = CARTESIAN_POINT('',(380.,-7.873816142469,53.733805062609));
#3006 = CARTESIAN_POINT('',(380.,-3.937195968179,53.885826510384));
#3007 = CARTESIAN_POINT('',(380.,3.937195968158,53.885826510373));
#3008 = CARTESIAN_POINT('',(380.,7.873816142435,53.733805062647));
#3009 = CARTESIAN_POINT('',(380.,11.803823487111,53.429832979421));
#3010 = CARTESIAN_POINT('',(380.,15.720455969127,52.972906723431));
#3011 = CARTESIAN_POINT('',(380.,19.616247084985,52.361141386541));
#3012 = CARTESIAN_POINT('',(380.,23.4830328462,51.591847896817));
#3013 = CARTESIAN_POINT('',(380.,27.311922716042,50.661362934437));
#3014 = CARTESIAN_POINT('',(380.,32.438838291543,49.17416495539));
#3015 = CARTESIAN_POINT('',(380.,33.778350648916,48.762785103684));
#3016 = CARTESIAN_POINT('',(380.,35.11127882017,48.330139842373));
#3017 = CARTESIAN_POINT('',(380.,36.437116203214,47.875995304221));
#3018 = CARTESIAN_POINT('',(380.,37.755319437282,47.400103015229));
#3019 = CARTESIAN_POINT('',(380.,39.065308004056,46.902198799279));
#3020 = CARTESIAN_POINT('',(380.,40.366463828787,46.382001682757));
#3021 = CARTESIAN_POINT('',(380.,43.28188560542,45.156872750086));
#3022 = CARTESIAN_POINT('',(380.,44.89059753567,44.438850115549));
#3023 = CARTESIAN_POINT('',(380.,46.48299475757,43.684540799368));
#3024 = CARTESIAN_POINT('',(380.,48.057637969942,42.89331749915));
#3025 = CARTESIAN_POINT('',(380.,49.612923447197,42.064535554895));
#3026 = CARTESIAN_POINT('',(380.,51.147083463213,41.197533967309));
#3027 = CARTESIAN_POINT('',(380.,52.658184176927,40.291631585864));
#3028 = CARTESIAN_POINT('',(380.,55.969899328244,38.184361442855));
#3029 = CARTESIAN_POINT('',(380.,57.757445386803,36.962957285805));
#3030 = CARTESIAN_POINT('',(380.,59.503033325226,35.680512714794));
#3031 = CARTESIAN_POINT('',(380.,61.20217437785,34.335767400124));
#3032 = CARTESIAN_POINT('',(380.,62.849666999377,32.927655653126));
#3033 = CARTESIAN_POINT('',(380.,64.439644801468,31.455365190556));
#3034 = CARTESIAN_POINT('',(380.,65.965622269971,29.91839297334));
#3035 = CARTESIAN_POINT('',(380.,67.668038952396,28.044111180132));
#3036 = CARTESIAN_POINT('',(380.,67.912179512663,27.771184366805));
#3037 = CARTESIAN_POINT('',(380.,68.152428596949,27.498438742847));
#3038 = CARTESIAN_POINT('',(380.,68.388706090475,27.226051261978));
#3039 = CARTESIAN_POINT('',(380.,68.621350587956,26.953727374268));
#3040 = CARTESIAN_POINT('',(380.,68.85108687122,26.680673631912));
#3041 = CARTESIAN_POINT('',(380.,69.078993386826,26.405570295018));
#3042 = CARTESIAN_POINT('',(380.,70.046591546497,25.21869651644));
#3043 = CARTESIAN_POINT('',(380.,70.763626024687,24.292036245389));
#3044 = CARTESIAN_POINT('',(380.,71.456335440793,23.346675682156));
#3045 = CARTESIAN_POINT('',(380.,72.123413253667,22.382813027255));
#3046 = CARTESIAN_POINT('',(380.,72.763497221782,21.40074091728));
#3047 = CARTESIAN_POINT('',(380.,73.375185535666,20.400857190214));
#3048 = CARTESIAN_POINT('',(380.,73.957055959455,19.383677622568));
#3049 = CARTESIAN_POINT('',(380.,74.894998813105,17.622663941248));
#3050 = CARTESIAN_POINT('',(380.,75.266853099967,16.887242103277));
#3051 = CARTESIAN_POINT('',(380.,75.622755000151,16.143815374186));
#3052 = CARTESIAN_POINT('',(380.,75.96220908006,15.392646253834));
#3053 = CARTESIAN_POINT('',(380.,76.284725625598,14.634031804145));
#3054 = CARTESIAN_POINT('',(380.,76.589825953252,13.86830596108));
#3055 = CARTESIAN_POINT('',(380.,76.877047721185,13.095841846594));
#3056 = CARTESIAN_POINT('',(380.,77.658263023396,10.833308575762));
#3057 = CARTESIAN_POINT('',(380.,78.104153167203,9.326405709376));
#3058 = CARTESIAN_POINT('',(380.,78.480460569336,7.799443368492));
#3059 = CARTESIAN_POINT('',(380.,78.784479532838,6.255822814987));
#3060 = CARTESIAN_POINT('',(380.,79.014023066984,4.699259039249));
#3061 = CARTESIAN_POINT('',(380.,79.167515772397,3.133795368141));
#3062 = CARTESIAN_POINT('',(380.,79.244115310499,1.563822327254));
#3063 = CARTESIAN_POINT('',(380.,79.243690470552,-1.075951266978));
#3064 = CARTESIAN_POINT('',(380.,79.207805067901,-2.146038558384));
#3065 = CARTESIAN_POINT('',(380.,79.136204428249,-3.214713065607));
#3066 = CARTESIAN_POINT('',(380.,79.029063472978,-4.280581939115));
#3067 = CARTESIAN_POINT('',(380.,78.886722036052,-5.342306263849));
#3068 = CARTESIAN_POINT('',(380.,78.709673034129,-6.398599792056));
#3069 = CARTESIAN_POINT('',(380.,78.498550636671,-7.448227676121));
#3070 = CARTESIAN_POINT('',(380.,77.950389473694,-9.784509194774));
#3071 = CARTESIAN_POINT('',(380.,77.59520708617,-11.06699070947));
#3072 = CARTESIAN_POINT('',(380.,77.190022530129,-12.33519771759));
#3073 = CARTESIAN_POINT('',(380.,76.73655255334,-13.5871823598));
#3074 = CARTESIAN_POINT('',(380.,76.236699246982,-14.82127110893));
#3075 = CARTESIAN_POINT('',(380.,75.692482502475,-16.03603951398));
#3076 = CARTESIAN_POINT('',(380.,75.105985072846,-17.23029152454));
#3077 = CARTESIAN_POINT('',(380.,73.750928757398,-19.7661279844));
#3078 = CARTESIAN_POINT('',(380.,72.968265320585,-21.10017424714));
#3079 = CARTESIAN_POINT('',(380.,72.134575695025,-22.40372347944));
#3080 = CARTESIAN_POINT('',(380.,71.253116812606,-23.67570566257));
#3081 = CARTESIAN_POINT('',(380.,70.327066322184,-24.91538269787));
#3082 = CARTESIAN_POINT('',(380.,69.359455328416,-26.12230075592));
#3083 = CARTESIAN_POINT('',(380.,68.353114317555,-27.29625174029));
#3084 = CARTESIAN_POINT('',(380.,65.873432322349,-30.01025282443));
#3085 = CARTESIAN_POINT('',(380.,64.367743707042,-31.52039626677));
#3086 = CARTESIAN_POINT('',(380.,62.800278524792,-32.96783584392));
#3087 = CARTESIAN_POINT('',(380.,61.177205819918,-34.35306775559));
#3088 = CARTESIAN_POINT('',(380.,59.504112213056,-35.67687486634));
#3089 = CARTESIAN_POINT('',(380.,57.785960282518,-36.94027586902));
#3090 = CARTESIAN_POINT('',(380.,56.027044694488,-38.14447149572));
#3091 = CARTESIAN_POINT('',(380.,51.138537490818,-41.26444223361));
#3092 = CARTESIAN_POINT('',(380.,47.937510428673,-43.06549581385));
#3093 = CARTESIAN_POINT('',(380.,44.645839079843,-44.7013408208));
#3094 = CARTESIAN_POINT('',(380.,41.278838166895,-46.17787228404));
#3095 = CARTESIAN_POINT('',(380.,37.849605886612,-47.50046995154));
#3096 = CARTESIAN_POINT('',(380.,34.36903262881,-48.67400129084));
#3097 = CARTESIAN_POINT('',(380.,30.845816523035,-49.70283447737));
#3098 = CARTESIAN_POINT('',(380.,23.944476589224,-51.4240182412));
#3099 = CARTESIAN_POINT('',(380.,20.571836371034,-52.13279797672));
#3100 = CARTESIAN_POINT('',(380.,17.174438189048,-52.71985544202));
#3101 = CARTESIAN_POINT('',(380.,13.75789370924,-53.18734798589));
#3102 = CARTESIAN_POINT('',(380.,10.327453312039,-53.53686273899));
#3103 = CARTESIAN_POINT('',(380.,6.888017770518,-53.76949605675));
#3104 = CARTESIAN_POINT('',(380.,3.444136661566,-53.8858267057));
#3105 = CARTESIAN_POINT('',(380.,0.,-53.88582679387));
#3106 = PCURVE('',#1598,#3107);
#3107 = DEFINITIONAL_REPRESENTATION('',(#3108),#3314);
#3108 = B_SPLINE_CURVE_WITH_KNOTS('',8,(#3109,#3110,#3111,#3112,#3113,
    #3114,#3115,#3116,#3117,#3118,#3119,#3120,#3121,#3122,#3123,#3124,
    #3125,#3126,#3127,#3128,#3129,#3130,#3131,#3132,#3133,#3134,#3135,
    #3136,#3137,#3138,#3139,#3140,#3141,#3142,#3143,#3144,#3145,#3146,
    #3147,#3148,#3149,#3150,#3151,#3152,#3153,#3154,#3155,#3156,#3157,
    #3158,#3159,#3160,#3161,#3162,#3163,#3164,#3165,#3166,#3167,#3168,
    #3169,#3170,#3171,#3172,#3173,#3174,#3175,#3176,#3177,#3178,#3179,
    #3180,#3181,#3182,#3183,#3184,#3185,#3186,#3187,#3188,#3189,#3190,
    #3191,#3192,#3193,#3194,#3195,#3196,#3197,#3198,#3199,#3200,#3201,
    #3202,#3203,#3204,#3205,#3206,#3207,#3208,#3209,#3210,#3211,#3212,
    #3213,#3214,#3215,#3216,#3217,#3218,#3219,#3220,#3221,#3222,#3223,
    #3224,#3225,#3226,#3227,#3228,#3229,#3230,#3231,#3232,#3233,#3234,
    #3235,#3236,#3237,#3238,#3239,#3240,#3241,#3242,#3243,#3244,#3245,
    #3246,#3247,#3248,#3249,#3250,#3251,#3252,#3253,#3254,#3255,#3256,
    #3257,#3258,#3259,#3260,#3261,#3262,#3263,#3264,#3265,#3266,#3267,
    #3268,#3269,#3270,#3271,#3272,#3273,#3274,#3275,#3276,#3277,#3278,
    #3279,#3280,#3281,#3282,#3283,#3284,#3285,#3286,#3287,#3288,#3289,
    #3290,#3291,#3292,#3293,#3294,#3295,#3296,#3297,#3298,#3299,#3300,
    #3301,#3302,#3303,#3304,#3305,#3306,#3307,#3308,#3309,#3310,#3311,
    #3312,#3313),.UNSPECIFIED.,.F.,.F.,(9,7,7,7,7,7,7,7,7,7,7,7,7,7,7,7,
    7,7,7,7,7,7,7,7,7,7,7,7,7,9),(0.,6.427463327871E-02,0.132734079272,
    0.172495938638,0.201337460681,0.226151731094,0.246121496137,
    0.275416299889,0.290792544985,0.305174327148,0.311934265953,
    0.319501087875,0.3603187563,0.393538825586,0.419964776851,
    0.494223230938,0.568481685024,0.594907636289,0.628127705576,
    0.668945374001,0.675900517687,0.698560964618,0.714500164469,
    0.744867508946,0.765568406596,0.791291176543,0.82118864377,
    0.862406263475,0.933372145232,1.),.UNSPECIFIED.);
#3109 = CARTESIAN_POINT('',(246.11417320613,-300.));
#3110 = CARTESIAN_POINT('',(246.11417329429,-296.5558633384));
#3111 = CARTESIAN_POINT('',(246.23050394324,-293.1119822294));
#3112 = CARTESIAN_POINT('',(246.463137261,-289.6725466879));
#3113 = CARTESIAN_POINT('',(246.8126520141,-286.2421062907));
#3114 = CARTESIAN_POINT('',(247.28014455797,-282.8255618109));
#3115 = CARTESIAN_POINT('',(247.86720202327,-279.4281636289));
#3116 = CARTESIAN_POINT('',(248.57598175879,-276.0555234107));
#3117 = CARTESIAN_POINT('',(250.29716552262,-269.1541834769));
#3118 = CARTESIAN_POINT('',(251.32599870916,-265.6309673712));
#3119 = CARTESIAN_POINT('',(252.49953004843,-262.1503941133));
#3120 = CARTESIAN_POINT('',(253.82212771598,-258.7211618331));
#3121 = CARTESIAN_POINT('',(255.29865917916,-255.3541609201));
#3122 = CARTESIAN_POINT('',(256.93450418615,-252.0624895713));
#3123 = CARTESIAN_POINT('',(258.73555776638,-248.8614625091));
#3124 = CARTESIAN_POINT('',(261.85552850427,-243.9729553055));
#3125 = CARTESIAN_POINT('',(263.05972413096,-242.2140397174));
#3126 = CARTESIAN_POINT('',(264.32312513364,-240.4958877869));
#3127 = CARTESIAN_POINT('',(265.64693224439,-238.82279418));
#3128 = CARTESIAN_POINT('',(267.03216415606,-237.1997214752));
#3129 = CARTESIAN_POINT('',(268.47960373321,-235.6322562929));
#3130 = CARTESIAN_POINT('',(269.98974717555,-234.1265676776));
#3131 = CARTESIAN_POINT('',(272.70374825969,-231.6468856824));
#3132 = CARTESIAN_POINT('',(273.87769924406,-230.6405446716));
#3133 = CARTESIAN_POINT('',(275.08461730211,-229.6729336778));
#3134 = CARTESIAN_POINT('',(276.32429433741,-228.7468831873));
#3135 = CARTESIAN_POINT('',(277.59627652054,-227.8654243049));
#3136 = CARTESIAN_POINT('',(278.89982575284,-227.0317346794));
#3137 = CARTESIAN_POINT('',(280.23387201558,-226.2490712426));
#3138 = CARTESIAN_POINT('',(282.76970847544,-224.8940149271));
#3139 = CARTESIAN_POINT('',(283.96396048601,-224.3075174975));
#3140 = CARTESIAN_POINT('',(285.17872889105,-223.763300753));
#3141 = CARTESIAN_POINT('',(286.41281764018,-223.2634474466));
#3142 = CARTESIAN_POINT('',(287.66480228239,-222.8099774698));
#3143 = CARTESIAN_POINT('',(288.93300929051,-222.4047929138));
#3144 = CARTESIAN_POINT('',(290.21549080521,-222.0496105263));
#3145 = CARTESIAN_POINT('',(292.55177232386,-221.5014493633));
#3146 = CARTESIAN_POINT('',(293.60140020793,-221.2903269658));
#3147 = CARTESIAN_POINT('',(294.65769373613,-221.1132779639));
#3148 = CARTESIAN_POINT('',(295.71941806087,-220.970936527));
#3149 = CARTESIAN_POINT('',(296.78528693438,-220.8637955717));
#3150 = CARTESIAN_POINT('',(297.8539614416,-220.7921949321));
#3151 = CARTESIAN_POINT('',(298.92404873301,-220.7563095294));
#3152 = CARTESIAN_POINT('',(301.56382232724,-220.7558846895));
#3153 = CARTESIAN_POINT('',(303.13379536813,-220.8324842276));
#3154 = CARTESIAN_POINT('',(304.69925903923,-220.985976933));
#3155 = CARTESIAN_POINT('',(306.25582281497,-221.2155204671));
#3156 = CARTESIAN_POINT('',(307.79944336848,-221.5195394306));
#3157 = CARTESIAN_POINT('',(309.32640570936,-221.8958468327));
#3158 = CARTESIAN_POINT('',(310.83330857574,-222.3417369766));
#3159 = CARTESIAN_POINT('',(313.09584184658,-223.1229522788));
#3160 = CARTESIAN_POINT('',(313.86830596106,-223.4101740467));
#3161 = CARTESIAN_POINT('',(314.63403180413,-223.7152743743));
#3162 = CARTESIAN_POINT('',(315.39264625382,-224.0377909199));
#3163 = CARTESIAN_POINT('',(316.14381537417,-224.3772449998));
#3164 = CARTESIAN_POINT('',(316.88724210326,-224.7331469));
#3165 = CARTESIAN_POINT('',(317.62266394123,-225.1050011868));
#3166 = CARTESIAN_POINT('',(319.03000628986,-225.854573268));
#3167 = CARTESIAN_POINT('',(319.70295840875,-226.2303567277));
#3168 = CARTESIAN_POINT('',(320.36852096714,-226.6192570988));
#3169 = CARTESIAN_POINT('',(321.02653309386,-227.0208691069));
#3170 = CARTESIAN_POINT('',(321.6768575145,-227.434790014));
#3171 = CARTESIAN_POINT('',(322.31937899151,-227.8606221308));
#3172 = CARTESIAN_POINT('',(322.95400276437,-228.2979753293));
#3173 = CARTESIAN_POINT('',(323.87520044004,-228.9572774326));
#3174 = CARTESIAN_POINT('',(324.16766497037,-229.1703167947));
#3175 = CARTESIAN_POINT('',(324.45804162731,-229.3855359367));
#3176 = CARTESIAN_POINT('',(324.74632615198,-229.6028835942));
#3177 = CARTESIAN_POINT('',(325.03251497995,-229.8223089434));
#3178 = CARTESIAN_POINT('',(325.31660524121,-230.0437616005));
#3179 = CARTESIAN_POINT('',(325.59859476023,-230.2671916224));
#3180 = CARTESIAN_POINT('',(326.19099254113,-230.7441747349));
#3181 = CARTESIAN_POINT('',(326.50129914679,-230.9985393032));
#3182 = CARTESIAN_POINT('',(326.80939341094,-231.2555901643));
#3183 = CARTESIAN_POINT('',(327.11527266525,-231.5152790338));
#3184 = CARTESIAN_POINT('',(327.41893526389,-231.7775585303));
#3185 = CARTESIAN_POINT('',(327.72037853767,-232.0423805401));
#3186 = CARTESIAN_POINT('',(328.01959947359,-232.3096968054));
#3187 = CARTESIAN_POINT('',(329.91839297333,-234.03437773));
#3188 = CARTESIAN_POINT('',(331.45536519053,-235.5603551985));
#3189 = CARTESIAN_POINT('',(332.92765565311,-237.1503330006));
#3190 = CARTESIAN_POINT('',(334.33576740012,-238.7978256221));
#3191 = CARTESIAN_POINT('',(335.68051271478,-240.4969666747));
#3192 = CARTESIAN_POINT('',(336.96295728578,-242.2425546131));
#3193 = CARTESIAN_POINT('',(338.18436144284,-244.0301006717));
#3194 = CARTESIAN_POINT('',(340.29163158586,-247.341815823));
#3195 = CARTESIAN_POINT('',(341.19753396729,-248.8529165367));
#3196 = CARTESIAN_POINT('',(342.06453555488,-250.3870765527));
#3197 = CARTESIAN_POINT('',(342.89331749914,-251.94236203));
#3198 = CARTESIAN_POINT('',(343.68454079936,-253.5170052424));
#3199 = CARTESIAN_POINT('',(344.43885011553,-255.1094024643));
#3200 = CARTESIAN_POINT('',(345.15687275007,-256.7181143945));
#3201 = CARTESIAN_POINT('',(346.38200168274,-259.6335361711));
#3202 = CARTESIAN_POINT('',(346.90219879927,-260.9346919959));
#3203 = CARTESIAN_POINT('',(347.40010301522,-262.2446805626));
#3204 = CARTESIAN_POINT('',(347.87599530421,-263.5628837967));
#3205 = CARTESIAN_POINT('',(348.33013984236,-264.8887211798));
#3206 = CARTESIAN_POINT('',(348.76278510367,-266.221649351));
#3207 = CARTESIAN_POINT('',(349.17416495538,-267.5611617084));
#3208 = CARTESIAN_POINT('',(350.66136293441,-272.6880772839));
#3209 = CARTESIAN_POINT('',(351.59184789685,-276.5169671538));
#3210 = CARTESIAN_POINT('',(352.36114138649,-280.3837529149));
#3211 = CARTESIAN_POINT('',(352.97290672342,-284.2795440308));
#3212 = CARTESIAN_POINT('',(353.42983297946,-288.1961765128));
#3213 = CARTESIAN_POINT('',(353.7338050626,-292.1261838575));
#3214 = CARTESIAN_POINT('',(353.88582651038,-296.0628040318));
#3215 = CARTESIAN_POINT('',(353.88582651037,-303.9371959681));
#3216 = CARTESIAN_POINT('',(353.73380506264,-307.8738161424));
#3217 = CARTESIAN_POINT('',(353.42983297942,-311.8038234871));
#3218 = CARTESIAN_POINT('',(352.97290672343,-315.7204559691));
#3219 = CARTESIAN_POINT('',(352.36114138654,-319.6162470849));
#3220 = CARTESIAN_POINT('',(351.59184789681,-323.4830328462));
#3221 = CARTESIAN_POINT('',(350.66136293443,-327.311922716));
#3222 = CARTESIAN_POINT('',(349.17416495539,-332.4388382915));
#3223 = CARTESIAN_POINT('',(348.76278510368,-333.7783506489));
#3224 = CARTESIAN_POINT('',(348.33013984237,-335.1112788201));
#3225 = CARTESIAN_POINT('',(347.87599530422,-336.4371162032));
#3226 = CARTESIAN_POINT('',(347.40010301522,-337.7553194372));
#3227 = CARTESIAN_POINT('',(346.90219879927,-339.065308004));
#3228 = CARTESIAN_POINT('',(346.38200168275,-340.3664638287));
#3229 = CARTESIAN_POINT('',(345.15687275008,-343.2818856054));
#3230 = CARTESIAN_POINT('',(344.43885011554,-344.8905975356));
#3231 = CARTESIAN_POINT('',(343.68454079936,-346.4829947575));
#3232 = CARTESIAN_POINT('',(342.89331749915,-348.0576379699));
#3233 = CARTESIAN_POINT('',(342.06453555489,-349.6129234471));
#3234 = CARTESIAN_POINT('',(341.1975339673,-351.1470834632));
#3235 = CARTESIAN_POINT('',(340.29163158586,-352.6581841769));
#3236 = CARTESIAN_POINT('',(338.18436144285,-355.9698993282));
#3237 = CARTESIAN_POINT('',(336.9629572858,-357.7574453868));
#3238 = CARTESIAN_POINT('',(335.68051271479,-359.5030333252));
#3239 = CARTESIAN_POINT('',(334.33576740012,-361.2021743778));
#3240 = CARTESIAN_POINT('',(332.92765565312,-362.8496669993));
#3241 = CARTESIAN_POINT('',(331.45536519055,-364.4396448014));
#3242 = CARTESIAN_POINT('',(329.91839297334,-365.9656222699));
#3243 = CARTESIAN_POINT('',(328.04411118013,-367.6680389523));
#3244 = CARTESIAN_POINT('',(327.7711843668,-367.9121795126));
#3245 = CARTESIAN_POINT('',(327.49843874284,-368.1524285969));
#3246 = CARTESIAN_POINT('',(327.22605126197,-368.3887060904));
#3247 = CARTESIAN_POINT('',(326.95372737426,-368.6213505879));
#3248 = CARTESIAN_POINT('',(326.68067363191,-368.8510868712));
#3249 = CARTESIAN_POINT('',(326.40557029501,-369.0789933868));
#3250 = CARTESIAN_POINT('',(325.21869651644,-370.0465915464));
#3251 = CARTESIAN_POINT('',(324.29203624538,-370.7636260246));
#3252 = CARTESIAN_POINT('',(323.34667568215,-371.4563354407));
#3253 = CARTESIAN_POINT('',(322.38281302725,-372.1234132536));
#3254 = CARTESIAN_POINT('',(321.40074091728,-372.7634972217));
#3255 = CARTESIAN_POINT('',(320.40085719021,-373.3751855356));
#3256 = CARTESIAN_POINT('',(319.38367762256,-373.9570559594));
#3257 = CARTESIAN_POINT('',(317.62266394124,-374.8949988131));
#3258 = CARTESIAN_POINT('',(316.88724210327,-375.2668530999));
#3259 = CARTESIAN_POINT('',(316.14381537418,-375.6227550001));
#3260 = CARTESIAN_POINT('',(315.39264625383,-375.96220908));
#3261 = CARTESIAN_POINT('',(314.63403180414,-376.2847256255));
#3262 = CARTESIAN_POINT('',(313.86830596108,-376.5898259532));
#3263 = CARTESIAN_POINT('',(313.09584184659,-376.8770477211));
#3264 = CARTESIAN_POINT('',(310.83330857576,-377.6582630233));
#3265 = CARTESIAN_POINT('',(309.32640570937,-378.1041531672));
#3266 = CARTESIAN_POINT('',(307.79944336849,-378.4804605693));
#3267 = CARTESIAN_POINT('',(306.25582281498,-378.7844795328));
#3268 = CARTESIAN_POINT('',(304.69925903924,-379.0140230669));
#3269 = CARTESIAN_POINT('',(303.13379536814,-379.1675157723));
#3270 = CARTESIAN_POINT('',(301.56382232725,-379.2441153104));
#3271 = CARTESIAN_POINT('',(298.92404873302,-379.2436904705));
#3272 = CARTESIAN_POINT('',(297.85396144161,-379.2078050679));
#3273 = CARTESIAN_POINT('',(296.78528693439,-379.1362044282));
#3274 = CARTESIAN_POINT('',(295.71941806088,-379.0290634729));
#3275 = CARTESIAN_POINT('',(294.65769373615,-378.886722036));
#3276 = CARTESIAN_POINT('',(293.60140020794,-378.7096730341));
#3277 = CARTESIAN_POINT('',(292.55177232387,-378.4985506366));
#3278 = CARTESIAN_POINT('',(290.21549080522,-377.9503894736));
#3279 = CARTESIAN_POINT('',(288.93300929052,-377.5952070861));
#3280 = CARTESIAN_POINT('',(287.6648022824,-377.1900225301));
#3281 = CARTESIAN_POINT('',(286.41281764019,-376.7365525533));
#3282 = CARTESIAN_POINT('',(285.17872889106,-376.2366992469));
#3283 = CARTESIAN_POINT('',(283.96396048601,-375.6924825024));
#3284 = CARTESIAN_POINT('',(282.76970847545,-375.1059850728));
#3285 = CARTESIAN_POINT('',(280.2338720156,-373.7509287573));
#3286 = CARTESIAN_POINT('',(278.89982575285,-372.9682653205));
#3287 = CARTESIAN_POINT('',(277.59627652055,-372.134575695));
#3288 = CARTESIAN_POINT('',(276.32429433743,-371.2531168126));
#3289 = CARTESIAN_POINT('',(275.08461730212,-370.3270663221));
#3290 = CARTESIAN_POINT('',(273.87769924407,-369.3594553284));
#3291 = CARTESIAN_POINT('',(272.7037482597,-368.3531143175));
#3292 = CARTESIAN_POINT('',(269.98974717556,-365.8734323223));
#3293 = CARTESIAN_POINT('',(268.47960373322,-364.367743707));
#3294 = CARTESIAN_POINT('',(267.03216415607,-362.8002785247));
#3295 = CARTESIAN_POINT('',(265.6469322444,-361.1772058199));
#3296 = CARTESIAN_POINT('',(264.32312513365,-359.504112213));
#3297 = CARTESIAN_POINT('',(263.05972413097,-357.7859602825));
#3298 = CARTESIAN_POINT('',(261.85552850427,-356.0270446944));
#3299 = CARTESIAN_POINT('',(258.73555776639,-351.1385374908));
#3300 = CARTESIAN_POINT('',(256.93450418614,-347.9375104286));
#3301 = CARTESIAN_POINT('',(255.29865917919,-344.6458390798));
#3302 = CARTESIAN_POINT('',(253.82212771595,-341.2788381668));
#3303 = CARTESIAN_POINT('',(252.49953004845,-337.8496058866));
#3304 = CARTESIAN_POINT('',(251.32599870915,-334.3690326288));
#3305 = CARTESIAN_POINT('',(250.29716552262,-330.845816523));
#3306 = CARTESIAN_POINT('',(248.57598175879,-323.9444765892));
#3307 = CARTESIAN_POINT('',(247.86720202327,-320.571836371));
#3308 = CARTESIAN_POINT('',(247.28014455798,-317.174438189));
#3309 = CARTESIAN_POINT('',(246.8126520141,-313.7578937092));
#3310 = CARTESIAN_POINT('',(246.463137261,-310.327453312));
#3311 = CARTESIAN_POINT('',(246.23050394324,-306.8880177705));
#3312 = CARTESIAN_POINT('',(246.11417329429,-303.4441366615));
#3313 = CARTESIAN_POINT('',(246.11417320613,-300.));
#3314 = ( GEOMETRIC_REPRESENTATION_CONTEXT(2) 
PARAMETRIC_REPRESENTATION_CONTEXT() REPRESENTATION_CONTEXT('2D SPACE',''
  ) );
#3315 = PCURVE('',#2239,#3316);
#3316 = DEFINITIONAL_REPRESENTATION('',(#3317),#3523);
#3317 = B_SPLINE_CURVE_WITH_KNOTS('',8,(#3318,#3319,#3320,#3321,#3322,
    #3323,#3324,#3325,#3326,#3327,#3328,#3329,#3330,#3331,#3332,#3333,
    #3334,#3335,#3336,#3337,#3338,#3339,#3340,#3341,#3342,#3343,#3344,
    #3345,#3346,#3347,#3348,#3349,#3350,#3351,#3352,#3353,#3354,#3355,
    #3356,#3357,#3358,#3359,#3360,#3361,#3362,#3363,#3364,#3365,#3366,
    #3367,#3368,#3369,#3370,#3371,#3372,#3373,#3374,#3375,#3376,#3377,
    #3378,#3379,#3380,#3381,#3382,#3383,#3384,#3385,#3386,#3387,#3388,
    #3389,#3390,#3391,#3392,#3393,#3394,#3395,#3396,#3397,#3398,#3399,
    #3400,#3401,#3402,#3403,#3404,#3405,#3406,#3407,#3408,#3409,#3410,
    #3411,#3412,#3413,#3414,#3415,#3416,#3417,#3418,#3419,#3420,#3421,
    #3422,#3423,#3424,#3425,#3426,#3427,#3428,#3429,#3430,#3431,#3432,
    #3433,#3434,#3435,#3436,#3437,#3438,#3439,#3440,#3441,#3442,#3443,
    #3444,#3445,#3446,#3447,#3448,#3449,#3450,#3451,#3452,#3453,#3454,
    #3455,#3456,#3457,#3458,#3459,#3460,#3461,#3462,#3463,#3464,#3465,
    #3466,#3467,#3468,#3469,#3470,#3471,#3472,#3473,#3474,#3475,#3476,
    #3477,#3478,#3479,#3480,#3481,#3482,#3483,#3484,#3485,#3486,#3487,
    #3488,#3489,#3490,#3491,#3492,#3493,#3494,#3495,#3496,#3497,#3498,
    #3499,#3500,#3501,#3502,#3503,#3504,#3505,#3506,#3507,#3508,#3509,
    #3510,#3511,#3512,#3513,#3514,#3515,#3516,#3517,#3518,#3519,#3520,
    #3521,#3522),.UNSPECIFIED.,.F.,.F.,(9,7,7,7,7,7,7,7,7,7,7,7,7,7,7,7,
    7,7,7,7,7,7,7,7,7,7,7,7,7,9),(0.,6.427463327871E-02,0.132734079272,
    0.172495938638,0.201337460681,0.226151731094,0.246121496137,
    0.275416299889,0.290792544985,0.305174327148,0.311934265953,
    0.319501087875,0.3603187563,0.393538825586,0.419964776851,
    0.494223230938,0.568481685024,0.594907636289,0.628127705576,
    0.668945374001,0.675900517687,0.698560964618,0.714500164469,
    0.744867508946,0.765568406596,0.791291176543,0.82118864377,
    0.862406263475,0.933372145232,1.),.UNSPECIFIED.);
#3318 = CARTESIAN_POINT('',(6.28318530718,452.75241108286));
#3319 = CARTESIAN_POINT('',(6.230630467775,452.75241108286));
#3320 = CARTESIAN_POINT('',(6.179586676882,452.75241108286));
#3321 = CARTESIAN_POINT('',(6.129814965449,452.75241108286));
#3322 = CARTESIAN_POINT('',(6.081114146219,452.75241108286));
#3323 = CARTESIAN_POINT('',(6.033306086441,452.75241108286));
#3324 = CARTESIAN_POINT('',(5.986226921102,452.75241108286));
#3325 = CARTESIAN_POINT('',(5.939720182021,452.75241108286));
#3326 = CARTESIAN_POINT('',(5.844534458356,452.75241108285));
#3327 = CARTESIAN_POINT('',(5.795929763211,452.75241108286));
#3328 = CARTESIAN_POINT('',(5.747611020633,452.75241108285));
#3329 = CARTESIAN_POINT('',(5.699398904765,452.75241108286));
#3330 = CARTESIAN_POINT('',(5.65112278479,452.75241108285));
#3331 = CARTESIAN_POINT('',(5.602608431724,452.75241108286));
#3332 = CARTESIAN_POINT('',(5.553667789915,452.75241108286));
#3333 = CARTESIAN_POINT('',(5.475263679639,452.75241108286));
#3334 = CARTESIAN_POINT('',(5.446244134979,452.75241108286));
#3335 = CARTESIAN_POINT('',(5.416968328508,452.75241108286));
#3336 = CARTESIAN_POINT('',(5.387395058931,452.75241108286));
#3337 = CARTESIAN_POINT('',(5.357484026406,452.75241108286));
#3338 = CARTESIAN_POINT('',(5.327194602757,452.75241108286));
#3339 = CARTESIAN_POINT('',(5.296484635747,452.75241108286));
#3340 = CARTESIAN_POINT('',(5.242696046728,452.75241108286));
#3341 = CARTESIAN_POINT('',(5.219840271667,452.75241108286));
#3342 = CARTESIAN_POINT('',(5.196725742997,452.75241108286));
#3343 = CARTESIAN_POINT('',(5.173337872683,452.75241108286));
#3344 = CARTESIAN_POINT('',(5.149663467967,452.75241108286));
#3345 = CARTESIAN_POINT('',(5.125690803786,452.75241108286));
#3346 = CARTESIAN_POINT('',(5.101410003537,452.75241108286));
#3347 = CARTESIAN_POINT('',(5.055651924519,452.75241108286));
#3348 = CARTESIAN_POINT('',(5.034256513189,452.75241108286));
#3349 = CARTESIAN_POINT('',(5.012623803088,452.75241108286));
#3350 = CARTESIAN_POINT('',(4.990751494199,452.75241108286));
#3351 = CARTESIAN_POINT('',(4.968638811986,452.75241108286));
#3352 = CARTESIAN_POINT('',(4.946286929467,452.75241108286));
#3353 = CARTESIAN_POINT('',(4.923699676973,452.75241108286));
#3354 = CARTESIAN_POINT('',(4.882523615617,452.75241108286));
#3355 = CARTESIAN_POINT('',(4.864013959137,452.75241108286));
#3356 = CARTESIAN_POINT('',(4.845359712206,452.75241108286));
#3357 = CARTESIAN_POINT('',(4.826565136433,452.75241108286));
#3358 = CARTESIAN_POINT('',(4.807634883174,452.75241108286));
#3359 = CARTESIAN_POINT('',(4.788574263725,452.75241108286));
#3360 = CARTESIAN_POINT('',(4.7693895195,452.75241108286));
#3361 = CARTESIAN_POINT('',(4.72177371182,452.75241108286));
#3362 = CARTESIAN_POINT('',(4.693202383424,452.75241108286));
#3363 = CARTESIAN_POINT('',(4.66440095279,452.75241108286));
#3364 = CARTESIAN_POINT('',(4.635391027017,452.75241108286));
#3365 = CARTESIAN_POINT('',(4.606190821245,452.75241108286));
#3366 = CARTESIAN_POINT('',(4.576816707468,452.75241108286));
#3367 = CARTESIAN_POINT('',(4.547284465467,452.75241108286));
#3368 = CARTESIAN_POINT('',(4.502034837874,452.75241108286));
#3369 = CARTESIAN_POINT('',(4.486419204291,452.75241108286));
#3370 = CARTESIAN_POINT('',(4.470764957636,452.75241108286));
#3371 = CARTESIAN_POINT('',(4.455073346768,452.75241108286));
#3372 = CARTESIAN_POINT('',(4.439345271335,452.75241108286));
#3373 = CARTESIAN_POINT('',(4.42358130624,452.75241108286));
#3374 = CARTESIAN_POINT('',(4.407781726103,452.75241108286));
#3375 = CARTESIAN_POINT('',(4.377135479069,452.75241108286));
#3376 = CARTESIAN_POINT('',(4.362293251003,452.75241108286));
#3377 = CARTESIAN_POINT('',(4.347419785023,452.75241108286));
#3378 = CARTESIAN_POINT('',(4.332514793338,452.75241108286));
#3379 = CARTESIAN_POINT('',(4.317577763547,452.75241108286));
#3380 = CARTESIAN_POINT('',(4.302607961332,452.75241108286));
#3381 = CARTESIAN_POINT('',(4.287604433141,452.75241108286));
#3382 = CARTESIAN_POINT('',(4.265497425409,452.75241108286));
#3383 = CARTESIAN_POINT('',(4.25842884194,452.75241108286));
#3384 = CARTESIAN_POINT('',(4.251360258472,452.75241108286));
#3385 = CARTESIAN_POINT('',(4.244291675002,452.75241108286));
#3386 = CARTESIAN_POINT('',(4.237223091531,452.75241108286));
#3387 = CARTESIAN_POINT('',(4.230154508058,452.75241108286));
#3388 = CARTESIAN_POINT('',(4.223085924586,452.75241108286));
#3389 = CARTESIAN_POINT('',(4.208105033938,452.75241108286));
#3390 = CARTESIAN_POINT('',(4.200267341533,452.75241108286));
#3391 = CARTESIAN_POINT('',(4.192299112414,452.75241108286));
#3392 = CARTESIAN_POINT('',(4.184315115665,452.75241108286));
#3393 = CARTESIAN_POINT('',(4.176436278727,452.75241108286));
#3394 = CARTESIAN_POINT('',(4.168656000829,452.75241108286));
#3395 = CARTESIAN_POINT('',(4.160886542055,452.75241108286));
#3396 = CARTESIAN_POINT('',(4.111643732162,452.75241108286));
#3397 = CARTESIAN_POINT('',(4.071683675384,452.75241108286));
#3398 = CARTESIAN_POINT('',(4.033155330697,452.75241108286));
#3399 = CARTESIAN_POINT('',(3.995928470037,452.75241108286));
#3400 = CARTESIAN_POINT('',(3.959887736005,452.75241108286));
#3401 = CARTESIAN_POINT('',(3.924928705476,452.75241108286));
#3402 = CARTESIAN_POINT('',(3.890954905086,452.75241108286));
#3403 = CARTESIAN_POINT('',(3.830953837304,452.75241108286));
#3404 = CARTESIAN_POINT('',(3.804627376964,452.75241108286));
#3405 = CARTESIAN_POINT('',(3.778848905858,452.75241108286));
#3406 = CARTESIAN_POINT('',(3.753576053715,452.75241108286));
#3407 = CARTESIAN_POINT('',(3.728770403261,452.75241108286));
#3408 = CARTESIAN_POINT('',(3.70439655755,452.75241108286));
#3409 = CARTESIAN_POINT('',(3.680421443091,452.75241108286));
#3410 = CARTESIAN_POINT('',(3.638034443732,452.75241108286));
#3411 = CARTESIAN_POINT('',(3.619488019569,452.75241108286));
#3412 = CARTESIAN_POINT('',(3.601159085461,452.75241108286));
#3413 = CARTESIAN_POINT('',(3.58303321791,452.75241108286));
#3414 = CARTESIAN_POINT('',(3.565096905155,452.75241108286));
#3415 = CARTESIAN_POINT('',(3.547337391582,452.75241108286));
#3416 = CARTESIAN_POINT('',(3.529742522132,452.75241108286));
#3417 = CARTESIAN_POINT('',(3.463287737661,452.75241108286));
#3418 = CARTESIAN_POINT('',(3.41549135701,452.75241108286));
#3419 = CARTESIAN_POINT('',(3.368641858527,452.75241108285));
#3420 = CARTESIAN_POINT('',(3.322520690605,452.75241108286));
#3421 = CARTESIAN_POINT('',(3.276934801722,452.75241108286));
#3422 = CARTESIAN_POINT('',(3.231703850723,452.75241108286));
#3423 = CARTESIAN_POINT('',(3.186651565501,452.75241108286));
#3424 = CARTESIAN_POINT('',(3.096533741679,452.75241108286));
#3425 = CARTESIAN_POINT('',(3.051481456458,452.75241108286));
#3426 = CARTESIAN_POINT('',(3.006250505457,452.75241108286));
#3427 = CARTESIAN_POINT('',(2.960664616575,452.75241108286));
#3428 = CARTESIAN_POINT('',(2.914543448654,452.75241108286));
#3429 = CARTESIAN_POINT('',(2.867693950168,452.75241108286));
#3430 = CARTESIAN_POINT('',(2.819897569519,452.75241108286));
#3431 = CARTESIAN_POINT('',(2.753442785048,452.75241108286));
#3432 = CARTESIAN_POINT('',(2.735847915598,452.75241108286));
#3433 = CARTESIAN_POINT('',(2.718088402025,452.75241108286));
#3434 = CARTESIAN_POINT('',(2.70015208927,452.75241108286));
#3435 = CARTESIAN_POINT('',(2.682026221719,452.75241108286));
#3436 = CARTESIAN_POINT('',(2.663697287611,452.75241108286));
#3437 = CARTESIAN_POINT('',(2.645150863448,452.75241108286));
#3438 = CARTESIAN_POINT('',(2.602763864089,452.75241108286));
#3439 = CARTESIAN_POINT('',(2.57878874963,452.75241108286));
#3440 = CARTESIAN_POINT('',(2.554414903919,452.75241108286));
#3441 = CARTESIAN_POINT('',(2.529609253465,452.75241108286));
#3442 = CARTESIAN_POINT('',(2.504336401322,452.75241108286));
#3443 = CARTESIAN_POINT('',(2.478557930216,452.75241108286));
#3444 = CARTESIAN_POINT('',(2.452231469876,452.75241108286));
#3445 = CARTESIAN_POINT('',(2.392230402094,452.75241108286));
#3446 = CARTESIAN_POINT('',(2.358256601704,452.75241108286));
#3447 = CARTESIAN_POINT('',(2.323297571175,452.75241108286));
#3448 = CARTESIAN_POINT('',(2.287256837143,452.75241108286));
#3449 = CARTESIAN_POINT('',(2.250029976483,452.75241108286));
#3450 = CARTESIAN_POINT('',(2.211501631796,452.75241108286));
#3451 = CARTESIAN_POINT('',(2.171541575018,452.75241108286));
#3452 = CARTESIAN_POINT('',(2.122921294262,452.75241108286));
#3453 = CARTESIAN_POINT('',(2.11586826083,452.75241108286));
#3454 = CARTESIAN_POINT('',(2.108803929162,452.75241108286));
#3455 = CARTESIAN_POINT('',(2.101725468031,452.75241108286));
#3456 = CARTESIAN_POINT('',(2.094647020755,452.75241108286));
#3457 = CARTESIAN_POINT('',(2.08758272129,452.75241108286));
#3458 = CARTESIAN_POINT('',(2.080529710324,452.75241108286));
#3459 = CARTESIAN_POINT('',(2.050388607049,452.75241108286));
#3460 = CARTESIAN_POINT('',(2.027416889654,452.75241108286));
#3461 = CARTESIAN_POINT('',(2.004529993442,452.75241108286));
#3462 = CARTESIAN_POINT('',(1.981723135037,452.75241108286));
#3463 = CARTESIAN_POINT('',(1.958992636378,452.75241108286));
#3464 = CARTESIAN_POINT('',(1.936335884009,452.75241108286));
#3465 = CARTESIAN_POINT('',(1.91375136471,452.75241108286));
#3466 = CARTESIAN_POINT('',(1.875403581077,452.75241108286));
#3467 = CARTESIAN_POINT('',(1.85960400094,452.75241108286));
#3468 = CARTESIAN_POINT('',(1.843840035845,452.75241108286));
#3469 = CARTESIAN_POINT('',(1.828111960412,452.75241108286));
#3470 = CARTESIAN_POINT('',(1.812420349543,452.75241108286));
#3471 = CARTESIAN_POINT('',(1.796766102889,452.75241108286));
#3472 = CARTESIAN_POINT('',(1.781150469306,452.75241108286));
#3473 = CARTESIAN_POINT('',(1.735900841713,452.75241108286));
#3474 = CARTESIAN_POINT('',(1.706368599712,452.75241108286));
#3475 = CARTESIAN_POINT('',(1.676994485935,452.75241108286));
#3476 = CARTESIAN_POINT('',(1.647794280163,452.75241108286));
#3477 = CARTESIAN_POINT('',(1.61878435439,452.75241108286));
#3478 = CARTESIAN_POINT('',(1.589982923756,452.75241108286));
#3479 = CARTESIAN_POINT('',(1.56141159536,452.75241108286));
#3480 = CARTESIAN_POINT('',(1.51379578768,452.75241108286));
#3481 = CARTESIAN_POINT('',(1.494611043455,452.75241108286));
#3482 = CARTESIAN_POINT('',(1.475550424005,452.75241108286));
#3483 = CARTESIAN_POINT('',(1.456620170747,452.75241108286));
#3484 = CARTESIAN_POINT('',(1.437825594974,452.75241108286));
#3485 = CARTESIAN_POINT('',(1.419171348043,452.75241108286));
#3486 = CARTESIAN_POINT('',(1.400661691563,452.75241108286));
#3487 = CARTESIAN_POINT('',(1.359485630207,452.75241108286));
#3488 = CARTESIAN_POINT('',(1.336898377713,452.75241108286));
#3489 = CARTESIAN_POINT('',(1.314546495194,452.75241108286));
#3490 = CARTESIAN_POINT('',(1.292433812981,452.75241108286));
#3491 = CARTESIAN_POINT('',(1.270561504091,452.75241108286));
#3492 = CARTESIAN_POINT('',(1.248928793991,452.75241108286));
#3493 = CARTESIAN_POINT('',(1.227533382661,452.75241108286));
#3494 = CARTESIAN_POINT('',(1.181775303642,452.75241108286));
#3495 = CARTESIAN_POINT('',(1.157494503394,452.75241108286));
#3496 = CARTESIAN_POINT('',(1.133521839212,452.75241108286));
#3497 = CARTESIAN_POINT('',(1.109847434497,452.75241108286));
#3498 = CARTESIAN_POINT('',(1.086459564183,452.75241108286));
#3499 = CARTESIAN_POINT('',(1.063345035512,452.75241108286));
#3500 = CARTESIAN_POINT('',(1.040489260451,452.75241108286));
#3501 = CARTESIAN_POINT('',(0.986700671432,452.75241108286));
#3502 = CARTESIAN_POINT('',(0.955990704423,452.75241108286));
#3503 = CARTESIAN_POINT('',(0.925701280774,452.75241108286));
#3504 = CARTESIAN_POINT('',(0.895790248249,452.75241108286));
#3505 = CARTESIAN_POINT('',(0.866216978672,452.75241108286));
#3506 = CARTESIAN_POINT('',(0.836941172201,452.75241108286));
#3507 = CARTESIAN_POINT('',(0.80792162754,452.75241108286));
#3508 = CARTESIAN_POINT('',(0.729517517265,452.75241108286));
#3509 = CARTESIAN_POINT('',(0.680576875454,452.75241108286));
#3510 = CARTESIAN_POINT('',(0.632062522392,452.75241108285));
#3511 = CARTESIAN_POINT('',(0.58378640241,452.75241108286));
#3512 = CARTESIAN_POINT('',(0.535574286551,452.75241108286));
#3513 = CARTESIAN_POINT('',(0.487255543966,452.75241108286));
#3514 = CARTESIAN_POINT('',(0.438650848824,452.75241108286));
#3515 = CARTESIAN_POINT('',(0.343465125159,452.75241108286));
#3516 = CARTESIAN_POINT('',(0.296958386079,452.75241108286));
#3517 = CARTESIAN_POINT('',(0.249879220737,452.75241108286));
#3518 = CARTESIAN_POINT('',(0.202071160961,452.75241108286));
#3519 = CARTESIAN_POINT('',(0.153370341733,452.75241108286));
#3520 = CARTESIAN_POINT('',(0.103598630296,452.75241108286));
#3521 = CARTESIAN_POINT('',(5.255483940467E-02,452.75241108286));
#3522 = CARTESIAN_POINT('',(0.,452.75241108286));
#3523 = ( GEOMETRIC_REPRESENTATION_CONTEXT(2) 
PARAMETRIC_REPRESENTATION_CONTEXT() REPRESENTATION_CONTEXT('2D SPACE',''
  ) );
#3524 = ADVANCED_FACE('',(#3525),#2239,.F.);
#3525 = FACE_BOUND('',#3526,.F.);
#3526 = EDGE_LOOP('',(#3527,#3528,#3609,#3610));
#3527 = ORIENTED_EDGE('',*,*,#1819,.F.);
#3528 = ORIENTED_EDGE('',*,*,#3529,.T.);
#3529 = EDGE_CURVE('',#1820,#2897,#3530,.T.);
#3530 = SEAM_CURVE('',#3531,(#3595,#3602),.PCURVE_S1.);
#3531 = B_SPLINE_CURVE_WITH_KNOTS('',3,(#3532,#3533,#3534,#3535,#3536,
    #3537,#3538,#3539,#3540,#3541,#3542,#3543,#3544,#3545,#3546,#3547,
    #3548,#3549,#3550,#3551,#3552,#3553,#3554,#3555,#3556,#3557,#3558,
    #3559,#3560,#3561,#3562,#3563,#3564,#3565,#3566,#3567,#3568,#3569,
    #3570,#3571,#3572,#3573,#3574,#3575,#3576,#3577,#3578,#3579,#3580,
    #3581,#3582,#3583,#3584,#3585,#3586,#3587,#3588,#3589,#3590,#3591,
    #3592,#3593,#3594),.UNSPECIFIED.,.F.,.F.,(4,1,1,1,1,1,1,1,1,1,1,1,1,
    1,1,1,1,1,1,1,1,1,1,1,1,1,1,1,1,1,1,1,1,1,1,1,1,1,1,1,1,1,1,1,1,1,1,
    1,1,1,1,1,1,1,1,1,1,1,1,1,4),(0.,7.889825974892,15.789603808804,
    23.709744572978,31.66104301092,39.65502793232,47.704041726969,
    55.821246236205,64.020525491284,72.316287106642,80.723174655279,
    89.255711566154,97.927902623909,106.75282140463,115.74221087231,
    124.90612041602,134.25259679073,143.78743986033,153.51402774619,
    163.43321068038,173.54326891919,183.83992754406,194.31641970175,
    204.96358954151,215.7700264973,226.72222337212,237.80475169971,
    249.00044893564,260.29061307196,271.65520122,283.07302954375,
    294.52197264439,305.97916110343,317.42117640137,328.824242857,
    340.16441659744,351.41777188863,362.56058544769,373.56951963838,
    384.42180573703,395.09542876399,405.56931572378,415.82352950156,
    425.83947114321,435.60009381501,445.09013240381,454.29635347246,
    463.20783108177,471.81625471971,480.11627600534,488.10590050952,
    495.78692916788,503.1654490661,510.25236397929,517.06393864156,
    523.62230540362,529.95584817978,536.09934248475,542.09370602197,
    547.98519903286,553.82429241691),.UNSPECIFIED.);
#3532 = CARTESIAN_POINT('',(4.,0.,3.01980662698E-16));
#3533 = CARTESIAN_POINT('',(4.,0.,-1.792240623385));
#3534 = CARTESIAN_POINT('',(4.194135062926,0.,-5.366934748208));
#3535 = CARTESIAN_POINT('',(5.066840609635,0.,-10.71521663907));
#3536 = CARTESIAN_POINT('',(6.518969915571,0.,-16.01649085061));
#3537 = CARTESIAN_POINT('',(8.546985806479,0.,-21.25240797147));
#3538 = CARTESIAN_POINT('',(11.145960843262,0.,-26.40102181572));
#3539 = CARTESIAN_POINT('',(14.309611235867,0.,-31.44230587528));
#3540 = CARTESIAN_POINT('',(18.030316272166,0.,-36.35685886606));
#3541 = CARTESIAN_POINT('',(22.299129678707,0.,-41.12640851547));
#3542 = CARTESIAN_POINT('',(27.105778455905,0.,-45.73379947815));
#3543 = CARTESIAN_POINT('',(32.43864861955,0.,-50.16309267882));
#3544 = CARTESIAN_POINT('',(38.284760386243,0.,-54.39961097981));
#3545 = CARTESIAN_POINT('',(44.629737970617,0.,-58.42998091827));
#3546 = CARTESIAN_POINT('',(51.457780759483,0.,-62.24216088575));
#3547 = CARTESIAN_POINT('',(58.751642878785,0.,-65.82546065515));
#3548 = CARTESIAN_POINT('',(66.492627123742,0.,-69.17055148887));
#3549 = CARTESIAN_POINT('',(74.660597250589,0.,-72.26946631226));
#3550 = CARTESIAN_POINT('',(83.234010269348,0.,-75.11558874615));
#3551 = CARTESIAN_POINT('',(92.189968159245,0.,-77.70363007584));
#3552 = CARTESIAN_POINT('',(101.50428672984,0.,-80.02959380796));
#3553 = CARTESIAN_POINT('',(111.1515783404,0.,-82.09072825589));
#3554 = CARTESIAN_POINT('',(121.10534484645,0.,-83.88546835666));
#3555 = CARTESIAN_POINT('',(131.33807732038,0.,-85.41336852205));
#3556 = CARTESIAN_POINT('',(141.82135959826,0.,-86.67502869403));
#3557 = CARTESIAN_POINT('',(152.52597335551,0.,-87.67201590483));
#3558 = CARTESIAN_POINT('',(163.42200306923,0.,-88.40678357375));
#3559 = CARTESIAN_POINT('',(174.4789398008,0.,-88.88259056204));
#3560 = CARTESIAN_POINT('',(185.66578318708,0.,-89.10342171325));
#3561 = CARTESIAN_POINT('',(196.95114135784,0.,-89.0739112784));
#3562 = CARTESIAN_POINT('',(208.3033287137,0.,-88.79927029977));
#3563 = CARTESIAN_POINT('',(219.69046162563,0.,-88.2852187287));
#3564 = CARTESIAN_POINT('',(231.0805521785,0.,-87.53792279336));
#3565 = CARTESIAN_POINT('',(242.44160009936,0.,-86.56393791872));
#3566 = CARTESIAN_POINT('',(253.74168300393,0.,-85.37015733151));
#3567 = CARTESIAN_POINT('',(264.94904507706,0.,-83.96376635567));
#3568 = CARTESIAN_POINT('',(276.03218428401,0.,-82.35220231302));
#3569 = CARTESIAN_POINT('',(286.95993819976,0.,-80.5431198847));
#3570 = CARTESIAN_POINT('',(297.70156854763,0.,-78.54436175472));
#3571 = CARTESIAN_POINT('',(308.22684456482,0.,-76.36393434278));
#3572 = CARTESIAN_POINT('',(318.50612536665,0.,-74.00998843099));
#3573 = CARTESIAN_POINT('',(328.51044157272,0.,-71.49080449312));
#3574 = CARTESIAN_POINT('',(338.21157659584,0.,-68.81478252978));
#3575 = CARTESIAN_POINT('',(347.5821481919,0.,-65.99043619977));
#3576 = CARTESIAN_POINT('',(356.59569113697,0.,-63.02639094121));
#3577 = CARTESIAN_POINT('',(365.22674225019,0.,-59.93138575662));
#3578 = CARTESIAN_POINT('',(373.45092941872,0.,-56.7142776576));
#3579 = CARTESIAN_POINT('',(381.24506678675,0.,-53.38404882823));
#3580 = CARTESIAN_POINT('',(388.58725878092,0.,-49.94981045647));
#3581 = CARTESIAN_POINT('',(395.45701600954,0.,-46.42081525361));
#3582 = CARTESIAN_POINT('',(401.8353859958,0.,-42.80642100015));
#3583 = CARTESIAN_POINT('',(407.70510066157,0.,-39.11618627302));
#3584 = CARTESIAN_POINT('',(413.05073965159,0.,-35.3594263586));
#3585 = CARTESIAN_POINT('',(417.85890290139,0.,-31.54655205989));
#3586 = CARTESIAN_POINT('',(422.11837628164,0.,-27.68396877343));
#3587 = CARTESIAN_POINT('',(425.82026058602,0.,-23.79139758639));
#3588 = CARTESIAN_POINT('',(428.95801894247,0.,-19.8400058416));
#3589 = CARTESIAN_POINT('',(431.52738763446,0.,-15.96986226772));
#3590 = CARTESIAN_POINT('',(433.52610166031,0.,-11.71667852048));
#3591 = CARTESIAN_POINT('',(434.95341923399,0.,-8.775628757475));
#3592 = CARTESIAN_POINT('',(435.80951624631,0.,-1.026523092315));
#3593 = CARTESIAN_POINT('',(436.,0.,-7.642151598529));
#3594 = CARTESIAN_POINT('',(436.,0.,3.291589223409E-14));
#3595 = PCURVE('',#2239,#3596);
#3596 = DEFINITIONAL_REPRESENTATION('',(#3597),#3601);
#3597 = B_SPLINE_CURVE_WITH_KNOTS('',2,(#3598,#3599,#3600),
  .UNSPECIFIED.,.F.,.F.,(3,3),(0.,553.82429241691),
  .PIECEWISE_BEZIER_KNOTS.);
#3598 = CARTESIAN_POINT('',(0.,0.));
#3599 = CARTESIAN_POINT('',(0.,276.91214620845));
#3600 = CARTESIAN_POINT('',(0.,553.82429241691));
#3601 = ( GEOMETRIC_REPRESENTATION_CONTEXT(2) 
PARAMETRIC_REPRESENTATION_CONTEXT() REPRESENTATION_CONTEXT('2D SPACE',''
  ) );
#3602 = PCURVE('',#2239,#3603);
#3603 = DEFINITIONAL_REPRESENTATION('',(#3604),#3608);
#3604 = B_SPLINE_CURVE_WITH_KNOTS('',2,(#3605,#3606,#3607),
  .UNSPECIFIED.,.F.,.F.,(3,3),(0.,553.82429241691),
  .PIECEWISE_BEZIER_KNOTS.);
#3605 = CARTESIAN_POINT('',(6.28318530718,0.));
#3606 = CARTESIAN_POINT('',(6.28318530718,276.91214620845));
#3607 = CARTESIAN_POINT('',(6.28318530718,553.82429241691));
#3608 = ( GEOMETRIC_REPRESENTATION_CONTEXT(2) 
PARAMETRIC_REPRESENTATION_CONTEXT() REPRESENTATION_CONTEXT('2D SPACE',''
  ) );
#3609 = ORIENTED_EDGE('',*,*,#2896,.T.);
#3610 = ORIENTED_EDGE('',*,*,#3529,.F.);
#3611 = ( GEOMETRIC_REPRESENTATION_CONTEXT(3) 
GLOBAL_UNCERTAINTY_ASSIGNED_CONTEXT((#3615)) 
GLOBAL_UNIT_ASSIGNED_CONTEXT((#3612,#3613,#3614)) REPRESENTATION_CONTEXT
('Context #1','3D Context with UNIT and UNCERTAINTY') );
#3612 = ( LENGTH_UNIT() NAMED_UNIT(*) SI_UNIT(.MILLI.,.METRE.) );
#3613 = ( NAMED_UNIT(*) PLANE_ANGLE_UNIT() SI_UNIT($,.RADIAN.) );
#3614 = ( NAMED_UNIT(*) SI_UNIT($,.STERADIAN.) SOLID_ANGLE_UNIT() );
#3615 = UNCERTAINTY_MEASURE_WITH_UNIT(LENGTH_MEASURE(5.E-04),#3612,
  'distance_accuracy_value','confusion accuracy');
#3616 = PRODUCT_RELATED_PRODUCT_CATEGORY('part',$,(#7));
ENDSEC;
END-ISO-10303-21;
