ISO-10303-21;
HEADER;
FILE_DESCRIPTION(('Open CASCADE Model'),'2;1');
FILE_NAME('Open CASCADE Shape Model','2026-10-08T17:46:10',('Author'),(
    'Open CASCADE'),'Open CASCADE STEP processor 7.9','Open CASCADE 7.9'
  ,'Unknown');
FILE_SCHEMA(('AUTOMOTIVE_DESIGN { 1 0 10303 214 1 1 1 1 }'));
ENDSEC;
DATA;
#1 = APPLICATION_PROTOCOL_DEFINITION('international standard',
  'automotive_design',2000,#2);
#2 = APPLICATION_CONTEXT(
  'core data for automotive mechanical design processes');
#3 = SHAPE_DEFINITION_REPRESENTATION(#4,#10);
#4 = PRODUCT_DEFINITION_SHAPE('','',#5);
#5 = PRODUCT_DEFINITION('design','',#6,#9);
#6 = PRODUCT_DEFINITION_FORMATION('','',#7);
#7 = PRODUCT('Open CASCADE STEP translator 7.9 7',
  'Open CASCADE STEP translator 7.9 7','',(#8));
#8 = PRODUCT_CONTEXT('',#2,'mechanical');
#9 = PRODUCT_DEFINITION_CONTEXT('part definition',#2,'design');
#10 = ADVANCED_BREP_SHAPE_REPRESENTATION('',(#11,#15),#2208);
#11 = AXIS2_PLACEMENT_3D('',#12,#13,#14);
#12 = CARTESIAN_POINT('',(0.,0.,0.));
#13 = DIRECTION('',(0.,0.,1.));
#14 = DIRECTION('',(1.,0.,-0.));
#15 = MANIFOLD_SOLID_BREP('',#16);
#16 = CLOSED_SHELL('',(#17,#669,#776,#1074,#1439,#1444,#1493,#1542,#1569
    ,#1646,#1695,#1745,#1750,#1758,#1785,#1861,#1910,#1959,#1986,#2062,
    #2111,#2160,#2187,#2194,#2201));
#17 = ADVANCED_FACE('',(#18),#75,.T.);
#18 = FACE_BOUND('',#19,.T.);
#19 = EDGE_LOOP('',(#20,#275,#360,#474,#554));
#20 = ORIENTED_EDGE('',*,*,#21,.F.);
#21 = EDGE_CURVE('',#22,#24,#26,.T.);
#22 = VERTEX_POINT('',#23);
#23 = CARTESIAN_POINT('',(295.,25.174391750248,-79.));
#24 = VERTEX_POINT('',#25);
#25 = CARTESIAN_POINT('',(290.3438787126,30.,-79.));
#26 = SURFACE_CURVE('',#27,(#74,#220),.PCURVE_S1.);
#27 = ( BOUNDED_CURVE() B_SPLINE_CURVE(12,(#28,#29,#30,#31,#32,#33,#34,
    #35,#36,#37,#38,#39,#40,#41,#42,#43,#44,#45,#46,#47,#48,#49,#50,#51,
    #52,#53,#54,#55,#56,#57,#58,#59,#60,#61,#62,#63,#64,#65,#66,#67,#68,
    #69,#70,#71,#72,#73),.UNSPECIFIED.,.T.,.F.) 
B_SPLINE_CURVE_WITH_KNOTS((13,11,11,11,13),(8.296497171593E-15,
    104.87586045839,209.75172091679,314.62758137519,419.50344183358),
.UNSPECIFIED.) CURVE() GEOMETRIC_REPRESENTATION_ITEM() 
RATIONAL_B_SPLINE_CURVE((1.,1.,0.999999999999,1.000000000002,
    0.999999999997,1.000000000004,0.999999999995,1.000000000004,
    0.999999999998,1.000000000001,1.,1.,1.,0.999999999999,1.000000000002
    ,0.999999999996,1.000000000005,0.999999999994,1.000000000005,
    0.999999999997,1.000000000002,0.999999999999,1.,1.,1.,1.,
    1.000000000001,0.999999999999,1.000000000001,0.999999999999,
    1.000000000001,1.,1.,1.,1.,1.,1.,0.999999999999,1.000000000001,
    0.999999999999,1.000000000001,0.999999999999,1.,1.,1.,1.)) 
REPRESENTATION_ITEM('') );
#28 = CARTESIAN_POINT('',(305.,0.,-79.));
#29 = CARTESIAN_POINT('',(304.99999999999,6.708319162109,-79.));
#30 = CARTESIAN_POINT('',(303.54755635686,13.458285749597,-79.));
#31 = CARTESIAN_POINT('',(300.61291202094,20.093459445898,-79.));
#32 = CARTESIAN_POINT('',(296.21565146689,26.451858529244,-79.));
#33 = CARTESIAN_POINT('',(290.42657364095,32.374405707583,
    -78.99999999999));
#34 = CARTESIAN_POINT('',(283.36500607894,37.713424622838,-79.));
#35 = CARTESIAN_POINT('',(275.19189126222,42.339802451582,
    -78.99999999999));
#36 = CARTESIAN_POINT('',(266.1005976898,46.147626997347,-79.));
#37 = CARTESIAN_POINT('',(256.30783322036,49.05682565365,-79.));
#38 = CARTESIAN_POINT('',(246.04488509489,51.014475246957,-79.));
#39 = CARTESIAN_POINT('',(235.54938593005,51.995081340344,-79.));
#40 = CARTESIAN_POINT('',(214.56569732942,52.004891757457,-79.));
#41 = CARTESIAN_POINT('',(204.07750790682,51.034096074953,-79.));
#42 = CARTESIAN_POINT('',(193.82917946497,49.088942029445,-79.));
#43 = CARTESIAN_POINT('',(184.05549223578,46.197608844843,-79.));
#44 = CARTESIAN_POINT('',(174.98203425683,42.414518432443,-79.));
#45 = CARTESIAN_POINT('',(166.81791285082,37.818864787576,
    -78.99999999999));
#46 = CARTESIAN_POINT('',(159.7489603286,32.512397711106,-79.));
#47 = CARTESIAN_POINT('',(153.93137064573,26.616406615375,
    -78.99999999999));
#48 = CARTESIAN_POINT('',(149.486183793,20.267669831876,-79.));
#49 = CARTESIAN_POINT('',(146.49539460968,13.613568164607,-79.));
#50 = CARTESIAN_POINT('',(145.,6.80678408278,-79.));
#51 = CARTESIAN_POINT('',(144.99999999999,-6.80678408278,-79.));
#52 = CARTESIAN_POINT('',(146.4953946097,-13.61356816461,-79.));
#53 = CARTESIAN_POINT('',(149.48618379296,-20.26766983186,
    -78.99999999999));
#54 = CARTESIAN_POINT('',(153.93137064581,-26.61640661538,-79.));
#55 = CARTESIAN_POINT('',(159.74896032851,-32.51239771112,
    -78.99999999999));
#56 = CARTESIAN_POINT('',(166.81791285089,-37.81886478753,-79.));
#57 = CARTESIAN_POINT('',(174.98203425681,-42.4145184325,-78.99999999999
    ));
#58 = CARTESIAN_POINT('',(184.05549223575,-46.19760884478,-79.));
#59 = CARTESIAN_POINT('',(193.82917946502,-49.08894202948,
    -78.99999999999));
#60 = CARTESIAN_POINT('',(204.07750790678,-51.03409607493,-79.));
#61 = CARTESIAN_POINT('',(214.56569732943,-52.00489175745,-79.));
#62 = CARTESIAN_POINT('',(235.54938593004,-51.99508134034,-79.));
#63 = CARTESIAN_POINT('',(246.04488509493,-51.01447524694,-79.));
#64 = CARTESIAN_POINT('',(256.30783322028,-49.05682565368,-79.));
#65 = CARTESIAN_POINT('',(266.10059768994,-46.14762699728,
    -78.99999999999));
#66 = CARTESIAN_POINT('',(275.19189126205,-42.33980245166,-79.));
#67 = CARTESIAN_POINT('',(283.3650060791,-37.71342462275,-78.99999999999
    ));
#68 = CARTESIAN_POINT('',(290.42657364083,-32.37440570764,-79.));
#69 = CARTESIAN_POINT('',(296.21565146696,-26.45185852921,
    -78.99999999999));
#70 = CARTESIAN_POINT('',(300.61291202091,-20.0934594459,-79.));
#71 = CARTESIAN_POINT('',(303.54755635687,-13.45828574959,-79.));
#72 = CARTESIAN_POINT('',(304.99999999999,-6.708319162108,-79.));
#73 = CARTESIAN_POINT('',(305.,-1.273632671113E-14,-79.));
#74 = PCURVE('',#75,#214);
#75 = ( BOUNDED_SURFACE() B_SPLINE_SURFACE(2,12,(
    (#76,#77,#78,#79,#80,#81,#82,#83,#84,#85,#86,#87,#88,#89,#90,#91,#92
      ,#93,#94,#95,#96,#97,#98,#99,#100,#101,#102,#103,#104,#105,#106
      ,#107,#108,#109,#110,#111,#112,#113,#114,#115,#116,#117,#118,#119
      ,#120,#121)
    ,(#122,#123,#124,#125,#126,#127,#128,#129,#130,#131,#132,#133,#134
      ,#135,#136,#137,#138,#139,#140,#141,#142,#143,#144,#145,#146,#147
      ,#148,#149,#150,#151,#152,#153,#154,#155,#156,#157,#158,#159,#160
      ,#161,#162,#163,#164,#165,#166,#167)
    ,(#168,#169,#170,#171,#172,#173,#174,#175,#176,#177,#178,#179,#180
      ,#181,#182,#183,#184,#185,#186,#187,#188,#189,#190,#191,#192,#193
      ,#194,#195,#196,#197,#198,#199,#200,#201,#202,#203,#204,#205,#206
      ,#207,#208,#209,#210,#211,#212,#213
)),.UNSPECIFIED.,.F.,.T.,.F.) B_SPLINE_SURFACE_WITH_KNOTS((3,3),(13,11,
    11,11,13),(0.,419.50344183358),(8.296497171593E-15,104.87586045839,
    209.75172091679,314.62758137519,419.50344183358),.UNSPECIFIED.) 
GEOMETRIC_REPRESENTATION_ITEM() RATIONAL_B_SPLINE_SURFACE((
    (1.,1.,0.999999999999,1.000000000002,0.999999999997,1.000000000004
      ,0.999999999995,1.000000000004,0.999999999998,1.000000000001,1.,1.
      ,1.,0.999999999999,1.000000000002,0.999999999996,1.000000000005
      ,0.999999999994,1.000000000005,0.999999999997,1.000000000002
      ,0.999999999999,1.,1.,1.,1.,1.000000000001,0.999999999999
      ,1.000000000001,0.999999999999,1.000000000001,1.,1.,1.,1.,1.,1.
      ,0.999999999999,1.000000000001,0.999999999999,1.000000000001
      ,0.999999999999,1.,1.,1.,1.)
    ,(0.707106781187,0.707106781187,0.707106781186,0.707106781188
      ,0.707106781184,0.70710678119,0.707106781183,0.707106781189
      ,0.707106781185,0.707106781187,0.707106781186,0.707106781187
      ,0.707106781187,0.707106781186,0.707106781188,0.707106781184
      ,0.70710678119,0.707106781183,0.707106781189,0.707106781185
      ,0.707106781187,0.707106781186,0.707106781187,0.707106781187
      ,0.707106781187,0.707106781187,0.707106781187,0.707106781187
      ,0.707106781187,0.707106781186,0.707106781187,0.707106781186
      ,0.707106781187,0.707106781187,0.707106781187,0.707106781187
      ,0.707106781187,0.707106781187,0.707106781186,0.707106781187
      ,0.707106781186,0.707106781187,0.707106781186,0.707106781187
      ,0.707106781187,0.707106781187)
    ,(1.,1.,0.999999999999,1.000000000002,0.999999999997,1.000000000004
      ,0.999999999995,1.000000000004,0.999999999998,1.000000000001,1.,1.
      ,1.,0.999999999999,1.000000000002,0.999999999996,1.000000000005
      ,0.999999999994,1.000000000005,0.999999999997,1.000000000002
      ,0.999999999999,1.,1.,1.,1.,1.000000000001,0.999999999999
      ,1.000000000001,0.999999999999,1.000000000001,1.,1.,1.,1.,1.,1.
      ,0.999999999999,1.000000000001,0.999999999999,1.000000000001
,0.999999999999,1.,1.,1.,1.))) REPRESENTATION_ITEM('') SURFACE() );
#76 = CARTESIAN_POINT('',(305.,0.,-79.));
#77 = CARTESIAN_POINT('',(304.99999999999,6.708319162109,-79.));
#78 = CARTESIAN_POINT('',(303.54755635686,13.458285749597,-79.));
#79 = CARTESIAN_POINT('',(300.61291202094,20.093459445898,-79.));
#80 = CARTESIAN_POINT('',(296.21565146689,26.451858529244,-79.));
#81 = CARTESIAN_POINT('',(290.42657364095,32.374405707583,
    -78.99999999999));
#82 = CARTESIAN_POINT('',(283.36500607894,37.713424622838,-79.));
#83 = CARTESIAN_POINT('',(275.19189126222,42.339802451582,
    -78.99999999999));
#84 = CARTESIAN_POINT('',(266.1005976898,46.147626997347,-79.));
#85 = CARTESIAN_POINT('',(256.30783322036,49.05682565365,-79.));
#86 = CARTESIAN_POINT('',(246.04488509489,51.014475246957,-79.));
#87 = CARTESIAN_POINT('',(235.54938593005,51.995081340344,-79.));
#88 = CARTESIAN_POINT('',(214.56569732942,52.004891757457,-79.));
#89 = CARTESIAN_POINT('',(204.07750790682,51.034096074953,-79.));
#90 = CARTESIAN_POINT('',(193.82917946497,49.088942029445,-79.));
#91 = CARTESIAN_POINT('',(184.05549223578,46.197608844843,-79.));
#92 = CARTESIAN_POINT('',(174.98203425683,42.414518432443,-79.));
#93 = CARTESIAN_POINT('',(166.81791285082,37.818864787576,
    -78.99999999999));
#94 = CARTESIAN_POINT('',(159.7489603286,32.512397711106,-79.));
#95 = CARTESIAN_POINT('',(153.93137064573,26.616406615375,
    -78.99999999999));
#96 = CARTESIAN_POINT('',(149.486183793,20.267669831876,-79.));
#97 = CARTESIAN_POINT('',(146.49539460968,13.613568164607,-79.));
#98 = CARTESIAN_POINT('',(145.,6.80678408278,-79.));
#99 = CARTESIAN_POINT('',(144.99999999999,-6.80678408278,-79.));
#100 = CARTESIAN_POINT('',(146.4953946097,-13.61356816461,-79.));
#101 = CARTESIAN_POINT('',(149.48618379296,-20.26766983186,
    -78.99999999999));
#102 = CARTESIAN_POINT('',(153.93137064581,-26.61640661538,-79.));
#103 = CARTESIAN_POINT('',(159.74896032851,-32.51239771112,
    -78.99999999999));
#104 = CARTESIAN_POINT('',(166.81791285089,-37.81886478753,-79.));
#105 = CARTESIAN_POINT('',(174.98203425681,-42.4145184325,
    -78.99999999999));
#106 = CARTESIAN_POINT('',(184.05549223575,-46.19760884478,-79.));
#107 = CARTESIAN_POINT('',(193.82917946502,-49.08894202948,
    -78.99999999999));
#108 = CARTESIAN_POINT('',(204.07750790678,-51.03409607493,-79.));
#109 = CARTESIAN_POINT('',(214.56569732943,-52.00489175745,-79.));
#110 = CARTESIAN_POINT('',(235.54938593004,-51.99508134034,-79.));
#111 = CARTESIAN_POINT('',(246.04488509493,-51.01447524694,-79.));
#112 = CARTESIAN_POINT('',(256.30783322028,-49.05682565368,-79.));
#113 = CARTESIAN_POINT('',(266.10059768994,-46.14762699728,
    -78.99999999999));
#114 = CARTESIAN_POINT('',(275.19189126205,-42.33980245166,-79.));
#115 = CARTESIAN_POINT('',(283.3650060791,-37.71342462275,
    -78.99999999999));
#116 = CARTESIAN_POINT('',(290.42657364083,-32.37440570764,-79.));
#117 = CARTESIAN_POINT('',(296.21565146696,-26.45185852921,
    -78.99999999999));
#118 = CARTESIAN_POINT('',(300.61291202091,-20.0934594459,-79.));
#119 = CARTESIAN_POINT('',(303.54755635687,-13.45828574959,-79.));
#120 = CARTESIAN_POINT('',(304.99999999999,-6.708319162108,-79.));
#121 = CARTESIAN_POINT('',(305.,-1.273632671113E-14,-79.));
#122 = CARTESIAN_POINT('',(305.,-5.280498260873E-15,-82.));
#123 = CARTESIAN_POINT('',(304.99999999999,6.708319162108,-82.));
#124 = CARTESIAN_POINT('',(303.54755635686,13.4582857496,-82.));
#125 = CARTESIAN_POINT('',(300.61291202094,20.093459445885,-82.));
#126 = CARTESIAN_POINT('',(296.21565146689,26.451858529272,-82.));
#127 = CARTESIAN_POINT('',(290.42657364095,32.374405707535,-82.));
#128 = CARTESIAN_POINT('',(283.36500607893,37.713424622899,
    -81.99999999999));
#129 = CARTESIAN_POINT('',(275.19189126223,42.339802451522,-82.));
#130 = CARTESIAN_POINT('',(266.10059768979,46.147626997392,-82.));
#131 = CARTESIAN_POINT('',(256.30783322037,49.056825653624,-82.));
#132 = CARTESIAN_POINT('',(246.04488509489,51.014475246968,-82.));
#133 = CARTESIAN_POINT('',(235.54938593005,51.995081340342,-82.));
#134 = CARTESIAN_POINT('',(214.56569732942,52.004891757459,-82.));
#135 = CARTESIAN_POINT('',(204.07750790681,51.034096074941,-82.));
#136 = CARTESIAN_POINT('',(193.82917946497,49.088942029474,-82.));
#137 = CARTESIAN_POINT('',(184.05549223578,46.197608844789,
    -81.99999999999));
#138 = CARTESIAN_POINT('',(174.98203425683,42.414518432518,-82.));
#139 = CARTESIAN_POINT('',(166.81791285084,37.818864787493,
    -81.99999999999));
#140 = CARTESIAN_POINT('',(159.74896032857,32.512397711177,-82.));
#141 = CARTESIAN_POINT('',(153.93137064577,26.616406615328,
    -81.99999999999));
#142 = CARTESIAN_POINT('',(149.48618379298,20.267669831899,-82.));
#143 = CARTESIAN_POINT('',(146.49539460969,13.613568164599,-82.));
#144 = CARTESIAN_POINT('',(145.,6.806784082782,-82.));
#145 = CARTESIAN_POINT('',(144.99999999999,-6.806784082781,-82.));
#146 = CARTESIAN_POINT('',(146.4953946097,-13.6135681646,-82.));
#147 = CARTESIAN_POINT('',(149.48618379295,-20.26766983187,
    -81.99999999999));
#148 = CARTESIAN_POINT('',(153.93137064582,-26.61640661537,-82.));
#149 = CARTESIAN_POINT('',(159.74896032849,-32.51239771112,
    -81.99999999999));
#150 = CARTESIAN_POINT('',(166.81791285093,-37.81886478753,-82.));
#151 = CARTESIAN_POINT('',(174.98203425677,-42.41451843249,
    -81.99999999999));
#152 = CARTESIAN_POINT('',(184.05549223579,-46.19760884479,-82.));
#153 = CARTESIAN_POINT('',(193.82917946499,-49.08894202947,
    -81.99999999999));
#154 = CARTESIAN_POINT('',(204.07750790679,-51.03409607494,-82.));
#155 = CARTESIAN_POINT('',(214.56569732943,-52.00489175745,-82.));
#156 = CARTESIAN_POINT('',(235.54938593004,-51.99508134034,-82.));
#157 = CARTESIAN_POINT('',(246.04488509493,-51.01447524694,-82.));
#158 = CARTESIAN_POINT('',(256.30783322029,-49.05682565369,-82.));
#159 = CARTESIAN_POINT('',(266.1005976899,-46.14762699725,
    -81.99999999999));
#160 = CARTESIAN_POINT('',(275.19189126212,-42.3398024517,-82.));
#161 = CARTESIAN_POINT('',(283.365006079,-37.71342462271,-81.99999999999
    ));
#162 = CARTESIAN_POINT('',(290.42657364094,-32.37440570767,-82.));
#163 = CARTESIAN_POINT('',(296.21565146686,-26.45185852919,
    -81.99999999999));
#164 = CARTESIAN_POINT('',(300.61291202097,-20.0934594459,-82.));
#165 = CARTESIAN_POINT('',(303.54755635684,-13.45828574959,-82.));
#166 = CARTESIAN_POINT('',(305.,-6.708319162107,-82.));
#167 = CARTESIAN_POINT('',(305.,-4.707345624411E-14,-82.));
#168 = CARTESIAN_POINT('',(302.,0.,-82.));
#169 = CARTESIAN_POINT('',(302.,6.112906218729,-82.));
#170 = CARTESIAN_POINT('',(300.67665645502,12.263862275013,-82.));
#171 = CARTESIAN_POINT('',(298.00081819647,18.362646632553,-82.));
#172 = CARTESIAN_POINT('',(293.95935558635,24.320304614038,
    -81.99999999999));
#173 = CARTESIAN_POINT('',(288.48776231073,29.992460889122,-82.));
#174 = CARTESIAN_POINT('',(281.74442822409,35.10171002875,
    -81.99999999999));
#175 = CARTESIAN_POINT('',(273.86957442442,39.599613920323,-82.));
#176 = CARTESIAN_POINT('',(265.05782958887,43.290683542146,
    -81.99999999999));
#177 = CARTESIAN_POINT('',(255.53485454286,46.129431364577,-82.));
#178 = CARTESIAN_POINT('',(245.53182617814,48.038375629889,-82.));
#179 = CARTESIAN_POINT('',(235.29224453319,48.995201232728,-82.));
#180 = CARTESIAN_POINT('',(214.82003357142,49.004772520815,-82.));
#181 = CARTESIAN_POINT('',(204.58747548224,48.057514761043,-82.));
#182 = CARTESIAN_POINT('',(194.59866074896,46.160754555505,-82.));
#183 = CARTESIAN_POINT('',(185.09343916558,43.339301908709,-82.));
#184 = CARTESIAN_POINT('',(176.29981311893,39.672165302646,-82.));
#185 = CARTESIAN_POINT('',(168.43028854262,35.203997045469,-82.));
#186 = CARTESIAN_POINT('',(161.68144902257,30.124403299148,
    -81.99999999999));
#187 = CARTESIAN_POINT('',(156.17738753625,24.478234616414,-82.));
#188 = CARTESIAN_POINT('',(152.0893793999,18.523563404571,-82.));
#189 = CARTESIAN_POINT('',(149.3624993264,12.4053876091,-82.));
#190 = CARTESIAN_POINT('',(148.,6.202631649398,-82.));
#191 = CARTESIAN_POINT('',(147.99999999999,-6.202631649397,-82.));
#192 = CARTESIAN_POINT('',(149.36249932643,-12.4053876091,-82.));
#193 = CARTESIAN_POINT('',(152.08937939984,-18.52356340456,-82.));
#194 = CARTESIAN_POINT('',(156.17738753636,-24.47823461641,
    -81.99999999999));
#195 = CARTESIAN_POINT('',(161.68144902243,-30.12440329916,-82.));
#196 = CARTESIAN_POINT('',(168.43028854275,-35.20399704542,
    -81.99999999999));
#197 = CARTESIAN_POINT('',(176.29981311885,-39.6721653027,-82.));
#198 = CARTESIAN_POINT('',(185.09343916559,-43.33930190865,
    -81.99999999999));
#199 = CARTESIAN_POINT('',(194.59866074899,-46.16075455554,-82.));
#200 = CARTESIAN_POINT('',(204.58747548221,-48.05751476102,-82.));
#201 = CARTESIAN_POINT('',(214.82003357143,-49.00477252081,-82.));
#202 = CARTESIAN_POINT('',(235.29224453318,-48.99520123272,-82.));
#203 = CARTESIAN_POINT('',(245.53182617818,-48.03837562989,-82.));
#204 = CARTESIAN_POINT('',(255.53485454275,-46.12943136456,-82.));
#205 = CARTESIAN_POINT('',(265.05782958905,-43.29068354217,-82.));
#206 = CARTESIAN_POINT('',(273.8695744242,-39.59961392026,
    -81.99999999999));
#207 = CARTESIAN_POINT('',(281.74442822431,-35.10171002882,-82.));
#208 = CARTESIAN_POINT('',(288.48776231056,-29.99246088903,
    -81.99999999999));
#209 = CARTESIAN_POINT('',(293.95935558645,-24.32030461411,-82.));
#210 = CARTESIAN_POINT('',(298.00081819643,-18.3626466325,-82.));
#211 = CARTESIAN_POINT('',(300.67665645504,-12.26386227503,-82.));
#212 = CARTESIAN_POINT('',(301.99999999999,-6.112906218723,-82.));
#213 = CARTESIAN_POINT('',(302.,0.,-82.));
#214 = DEFINITIONAL_REPRESENTATION('',(#215),#219);
#215 = LINE('',#216,#217);
#216 = CARTESIAN_POINT('',(0.,0.));
#217 = VECTOR('',#218,1.);
#218 = DIRECTION('',(0.,1.));
#219 = ( GEOMETRIC_REPRESENTATION_CONTEXT(2) 
PARAMETRIC_REPRESENTATION_CONTEXT() REPRESENTATION_CONTEXT('2D SPACE',''
  ) );
#220 = PCURVE('',#221,#226);
#221 = PLANE('',#222);
#222 = AXIS2_PLACEMENT_3D('',#223,#224,#225);
#223 = CARTESIAN_POINT('',(283.,14.,-79.));
#224 = DIRECTION('',(0.,0.,1.));
#225 = DIRECTION('',(1.,0.,0.));
#226 = DEFINITIONAL_REPRESENTATION('',(#227),#274);
#227 = ( BOUNDED_CURVE() B_SPLINE_CURVE(12,(#228,#229,#230,#231,#232,
    #233,#234,#235,#236,#237,#238,#239,#240,#241,#242,#243,#244,#245,
    #246,#247,#248,#249,#250,#251,#252,#253,#254,#255,#256,#257,#258,
    #259,#260,#261,#262,#263,#264,#265,#266,#267,#268,#269,#270,#271,
#272,#273),.UNSPECIFIED.,.F.,.F.) B_SPLINE_CURVE_WITH_KNOTS((13,11,11,11
    ,13),(8.296497171593E-15,104.87586045839,209.75172091679,
314.62758137519,419.50344183358),.UNSPECIFIED.) CURVE() 
GEOMETRIC_REPRESENTATION_ITEM() RATIONAL_B_SPLINE_CURVE((1.,1.,
    0.999999999999,1.000000000002,0.999999999997,1.000000000004,
    0.999999999995,1.000000000004,0.999999999998,1.000000000001,1.,1.,1.
    ,0.999999999999,1.000000000002,0.999999999996,1.000000000005,
    0.999999999994,1.000000000005,0.999999999997,1.000000000002,
    0.999999999999,1.,1.,1.,1.,1.000000000001,0.999999999999,
    1.000000000001,0.999999999999,1.000000000001,1.,1.,1.,1.,1.,1.,
    0.999999999999,1.000000000001,0.999999999999,1.000000000001,
0.999999999999,1.,1.,1.,1.)) REPRESENTATION_ITEM('') );
#228 = CARTESIAN_POINT('',(22.,-14.));
#229 = CARTESIAN_POINT('',(21.999999999997,-7.291680837891));
#230 = CARTESIAN_POINT('',(20.547556356864,-0.541714250403));
#231 = CARTESIAN_POINT('',(17.612912020941,6.093459445898));
#232 = CARTESIAN_POINT('',(13.215651466895,12.451858529244));
#233 = CARTESIAN_POINT('',(7.426573640954,18.374405707583));
#234 = CARTESIAN_POINT('',(0.36500607894,23.713424622838));
#235 = CARTESIAN_POINT('',(-7.808108737771,28.339802451582));
#236 = CARTESIAN_POINT('',(-16.89940231019,32.147626997347));
#237 = CARTESIAN_POINT('',(-26.69216677963,35.05682565365));
#238 = CARTESIAN_POINT('',(-36.9551149051,37.014475246957));
#239 = CARTESIAN_POINT('',(-47.45061406994,37.995081340344));
#240 = CARTESIAN_POINT('',(-68.43430267057,38.004891757457));
#241 = CARTESIAN_POINT('',(-78.92249209317,37.034096074953));
#242 = CARTESIAN_POINT('',(-89.17082053503,35.088942029445));
#243 = CARTESIAN_POINT('',(-98.94450776421,32.197608844843));
#244 = CARTESIAN_POINT('',(-108.0179657431,28.414518432443));
#245 = CARTESIAN_POINT('',(-116.1820871491,23.818864787576));
#246 = CARTESIAN_POINT('',(-123.2510396713,18.512397711106));
#247 = CARTESIAN_POINT('',(-129.0686293542,12.616406615375));
#248 = CARTESIAN_POINT('',(-133.5138162069,6.267669831876));
#249 = CARTESIAN_POINT('',(-136.5046053903,-0.386431835393));
#250 = CARTESIAN_POINT('',(-137.9999999999,-7.19321591722));
#251 = CARTESIAN_POINT('',(-138.,-20.80678408278));
#252 = CARTESIAN_POINT('',(-136.5046053902,-27.61356816461));
#253 = CARTESIAN_POINT('',(-133.513816207,-34.26766983186));
#254 = CARTESIAN_POINT('',(-129.0686293541,-40.61640661538));
#255 = CARTESIAN_POINT('',(-123.2510396714,-46.51239771112));
#256 = CARTESIAN_POINT('',(-116.1820871491,-51.81886478753));
#257 = CARTESIAN_POINT('',(-108.0179657431,-56.4145184325));
#258 = CARTESIAN_POINT('',(-98.94450776424,-60.19760884478));
#259 = CARTESIAN_POINT('',(-89.17082053498,-63.08894202948));
#260 = CARTESIAN_POINT('',(-78.92249209321,-65.03409607493));
#261 = CARTESIAN_POINT('',(-68.43430267056,-66.00489175745));
#262 = CARTESIAN_POINT('',(-47.45061406995,-65.99508134034));
#263 = CARTESIAN_POINT('',(-36.95511490506,-65.01447524694));
#264 = CARTESIAN_POINT('',(-26.69216677971,-63.05682565368));
#265 = CARTESIAN_POINT('',(-16.89940231005,-60.14762699728));
#266 = CARTESIAN_POINT('',(-7.808108737946,-56.33980245166));
#267 = CARTESIAN_POINT('',(0.365006079109,-51.71342462275));
#268 = CARTESIAN_POINT('',(7.42657364083,-46.37440570764));
#269 = CARTESIAN_POINT('',(13.215651466964,-40.45185852921));
#270 = CARTESIAN_POINT('',(17.612912020913,-34.0934594459));
#271 = CARTESIAN_POINT('',(20.547556356873,-27.45828574959));
#272 = CARTESIAN_POINT('',(21.999999999995,-20.7083191621));
#273 = CARTESIAN_POINT('',(22.,-14.));
#274 = ( GEOMETRIC_REPRESENTATION_CONTEXT(2) 
PARAMETRIC_REPRESENTATION_CONTEXT() REPRESENTATION_CONTEXT('2D SPACE',''
  ) );
#275 = ORIENTED_EDGE('',*,*,#276,.F.);
#276 = EDGE_CURVE('',#277,#22,#279,.T.);
#277 = VERTEX_POINT('',#278);
#278 = CARTESIAN_POINT('',(295.,20.320571215711,-82.));
#279 = SURFACE_CURVE('',#280,(#303,#329),.PCURVE_S1.);
#280 = B_SPLINE_CURVE_WITH_KNOTS('',6,(#281,#282,#283,#284,#285,#286,
    #287,#288,#289,#290,#291,#292,#293,#294,#295,#296,#297,#298,#299,
    #300,#301,#302),.UNSPECIFIED.,.F.,.F.,(7,5,5,5,7),(0.,0.250028543924
    ,0.500042856172,0.750030429041,1.),.UNSPECIFIED.);
#281 = CARTESIAN_POINT('',(295.,20.320571215711,-82.));
#282 = CARTESIAN_POINT('',(295.,20.622739680383,-82.));
#283 = CARTESIAN_POINT('',(295.,20.930958239702,-81.98749947936));
#284 = CARTESIAN_POINT('',(295.,21.242747451037,-81.9611286745));
#285 = CARTESIAN_POINT('',(295.,21.555003549952,-81.91969480595));
#286 = CARTESIAN_POINT('',(295.,21.864066976873,-81.86246529264));
#287 = CARTESIAN_POINT('',(295.,22.46832014929,-81.71626864405));
#288 = CARTESIAN_POINT('',(295.,22.763509763631,-81.62730282112));
#289 = CARTESIAN_POINT('',(295.,23.048040135095,-81.52238980046));
#290 = CARTESIAN_POINT('',(295.,23.318075829345,-81.40209230902));
#291 = CARTESIAN_POINT('',(295.,23.570220225887,-81.26777462532));
#292 = CARTESIAN_POINT('',(295.,24.033615912468,-80.97488144688));
#293 = CARTESIAN_POINT('',(295.,24.244870951182,-80.81630910902));
#294 = CARTESIAN_POINT('',(295.,24.433148019738,-80.64748233816));
#295 = CARTESIAN_POINT('',(295.,24.596730125645,-80.47081934085));
#296 = CARTESIAN_POINT('',(295.,24.735064158341,-80.28893779638));
#297 = CARTESIAN_POINT('',(295.,24.961920431731,-79.91964316891));
#298 = CARTESIAN_POINT('',(295.,25.050447050463,-79.7322309916));
#299 = CARTESIAN_POINT('',(295.,25.11441972941,-79.54449655968));
#300 = CARTESIAN_POINT('',(295.,25.155105867785,-79.35873621993));
#301 = CARTESIAN_POINT('',(295.,25.174391750248,-79.1767794221));
#302 = CARTESIAN_POINT('',(295.,25.174391750248,-79.));
#303 = PCURVE('',#75,#304);
#304 = DEFINITIONAL_REPRESENTATION('',(#305),#328);
#305 = B_SPLINE_CURVE_WITH_KNOTS('',6,(#306,#307,#308,#309,#310,#311,
    #312,#313,#314,#315,#316,#317,#318,#319,#320,#321,#322,#323,#324,
    #325,#326,#327),.UNSPECIFIED.,.F.,.F.,(7,5,5,5,7),(0.,0.250028543924
    ,0.500042856172,0.750030429041,1.),.UNSPECIFIED.);
#306 = CARTESIAN_POINT('',(419.50344183358,29.480501792287));
#307 = CARTESIAN_POINT('',(402.02405514129,29.781985023929));
#308 = CARTESIAN_POINT('',(384.54481432515,30.085742081272));
#309 = CARTESIAN_POINT('',(367.06564009709,30.389110761457));
#310 = CARTESIAN_POINT('',(349.58644109482,30.689012107621));
#311 = CARTESIAN_POINT('',(332.10711777838,30.982141250059));
#312 = CARTESIAN_POINT('',(297.14903260423,31.548589743055));
#313 = CARTESIAN_POINT('',(279.67027266523,31.821909466028));
#314 = CARTESIAN_POINT('',(262.19121232576,32.082209629117));
#315 = CARTESIAN_POINT('',(244.71178277076,32.326523803846));
#316 = CARTESIAN_POINT('',(227.23194558999,32.552465445538));
#317 = CARTESIAN_POINT('',(192.27333255008,32.964337699019));
#318 = CARTESIAN_POINT('',(174.79455039991,33.150272438501));
#319 = CARTESIAN_POINT('',(157.31537059952,33.314591253456));
#320 = CARTESIAN_POINT('',(139.83582050739,33.456426020208));
#321 = CARTESIAN_POINT('',(122.35595042019,33.575790438421));
#322 = CARTESIAN_POINT('',(87.396973482726,33.770856957057));
#323 = CARTESIAN_POINT('',(69.917858487867,33.846562827195));
#324 = CARTESIAN_POINT('',(52.43855221877,33.90108676963));
#325 = CARTESIAN_POINT('',(34.959109954081,33.935718664146));
#326 = CARTESIAN_POINT('',(17.479579697497,33.952134239021));
#327 = CARTESIAN_POINT('',(0.,33.952134239021));
#328 = ( GEOMETRIC_REPRESENTATION_CONTEXT(2) 
PARAMETRIC_REPRESENTATION_CONTEXT() REPRESENTATION_CONTEXT('2D SPACE',''
  ) );
#329 = PCURVE('',#330,#335);
#330 = PLANE('',#331);
#331 = AXIS2_PLACEMENT_3D('',#332,#333,#334);
#332 = CARTESIAN_POINT('',(295.,-60.,-83.));
#333 = DIRECTION('',(1.,0.,0.));
#334 = DIRECTION('',(0.,0.,1.));
#335 = DEFINITIONAL_REPRESENTATION('',(#336),#359);
#336 = B_SPLINE_CURVE_WITH_KNOTS('',6,(#337,#338,#339,#340,#341,#342,
    #343,#344,#345,#346,#347,#348,#349,#350,#351,#352,#353,#354,#355,
    #356,#357,#358),.UNSPECIFIED.,.F.,.F.,(7,5,5,5,7),(0.,0.250028543924
    ,0.500042856172,0.750030429041,1.),.UNSPECIFIED.);
#337 = CARTESIAN_POINT('',(1.,-80.32057121571));
#338 = CARTESIAN_POINT('',(1.,-80.62273968038));
#339 = CARTESIAN_POINT('',(1.012500520634,-80.9309582397));
#340 = CARTESIAN_POINT('',(1.038871325496,-81.24274745103));
#341 = CARTESIAN_POINT('',(1.080305194041,-81.55500354995));
#342 = CARTESIAN_POINT('',(1.137534707351,-81.86406697687));
#343 = CARTESIAN_POINT('',(1.283731355942,-82.46832014929));
#344 = CARTESIAN_POINT('',(1.372697178871,-82.76350976363));
#345 = CARTESIAN_POINT('',(1.477610199534,-83.04804013509));
#346 = CARTESIAN_POINT('',(1.59790769098,-83.31807582934));
#347 = CARTESIAN_POINT('',(1.732225374672,-83.57022022588));
#348 = CARTESIAN_POINT('',(2.025118553112,-84.03361591246));
#349 = CARTESIAN_POINT('',(2.183690890976,-84.24487095118));
#350 = CARTESIAN_POINT('',(2.352517661835,-84.43314801973));
#351 = CARTESIAN_POINT('',(2.529180659141,-84.59673012564));
#352 = CARTESIAN_POINT('',(2.711062203615,-84.73506415834));
#353 = CARTESIAN_POINT('',(3.080356831081,-84.96192043173));
#354 = CARTESIAN_POINT('',(3.267769008392,-85.05044705046));
#355 = CARTESIAN_POINT('',(3.455503440315,-85.11441972941));
#356 = CARTESIAN_POINT('',(3.641263780065,-85.15510586778));
#357 = CARTESIAN_POINT('',(3.823220577895,-85.17439175024));
#358 = CARTESIAN_POINT('',(4.,-85.17439175024));
#359 = ( GEOMETRIC_REPRESENTATION_CONTEXT(2) 
PARAMETRIC_REPRESENTATION_CONTEXT() REPRESENTATION_CONTEXT('2D SPACE',''
  ) );
#360 = ORIENTED_EDGE('',*,*,#361,.T.);
#361 = EDGE_CURVE('',#277,#362,#364,.T.);
#362 = VERTEX_POINT('',#363);
#363 = CARTESIAN_POINT('',(295.,-20.32057121571,-82.));
#364 = SURFACE_CURVE('',#365,(#412,#419),.PCURVE_S1.);
#365 = ( BOUNDED_CURVE() B_SPLINE_CURVE(12,(#366,#367,#368,#369,#370,
    #371,#372,#373,#374,#375,#376,#377,#378,#379,#380,#381,#382,#383,
    #384,#385,#386,#387,#388,#389,#390,#391,#392,#393,#394,#395,#396,
    #397,#398,#399,#400,#401,#402,#403,#404,#405,#406,#407,#408,#409,
#410,#411),.UNSPECIFIED.,.T.,.F.) B_SPLINE_CURVE_WITH_KNOTS((13,11,11,11
    ,13),(8.296497171593E-15,104.87586045839,209.75172091679,
314.62758137519,419.50344183358),.UNSPECIFIED.) CURVE() 
GEOMETRIC_REPRESENTATION_ITEM() RATIONAL_B_SPLINE_CURVE((1.,1.,
    0.999999999999,1.000000000002,0.999999999997,1.000000000004,
    0.999999999995,1.000000000004,0.999999999998,1.000000000001,1.,1.,1.
    ,0.999999999999,1.000000000002,0.999999999996,1.000000000005,
    0.999999999994,1.000000000005,0.999999999997,1.000000000002,
    0.999999999999,1.,1.,1.,1.,1.000000000001,0.999999999999,
    1.000000000001,0.999999999999,1.000000000001,1.,1.,1.,1.,1.,1.,
    0.999999999999,1.000000000001,0.999999999999,1.000000000001,
0.999999999999,1.,1.,1.,1.)) REPRESENTATION_ITEM('') );
#366 = CARTESIAN_POINT('',(302.,0.,-82.));
#367 = CARTESIAN_POINT('',(302.,6.112906218729,-82.));
#368 = CARTESIAN_POINT('',(300.67665645502,12.263862275013,-82.));
#369 = CARTESIAN_POINT('',(298.00081819647,18.362646632553,-82.));
#370 = CARTESIAN_POINT('',(293.95935558635,24.320304614038,
    -81.99999999999));
#371 = CARTESIAN_POINT('',(288.48776231073,29.992460889122,-82.));
#372 = CARTESIAN_POINT('',(281.74442822409,35.10171002875,
    -81.99999999999));
#373 = CARTESIAN_POINT('',(273.86957442442,39.599613920323,-82.));
#374 = CARTESIAN_POINT('',(265.05782958887,43.290683542146,
    -81.99999999999));
#375 = CARTESIAN_POINT('',(255.53485454286,46.129431364577,-82.));
#376 = CARTESIAN_POINT('',(245.53182617814,48.038375629889,-82.));
#377 = CARTESIAN_POINT('',(235.29224453319,48.995201232728,-82.));
#378 = CARTESIAN_POINT('',(214.82003357142,49.004772520815,-82.));
#379 = CARTESIAN_POINT('',(204.58747548224,48.057514761043,-82.));
#380 = CARTESIAN_POINT('',(194.59866074896,46.160754555505,-82.));
#381 = CARTESIAN_POINT('',(185.09343916558,43.339301908709,-82.));
#382 = CARTESIAN_POINT('',(176.29981311893,39.672165302646,-82.));
#383 = CARTESIAN_POINT('',(168.43028854262,35.203997045469,-82.));
#384 = CARTESIAN_POINT('',(161.68144902257,30.124403299148,
    -81.99999999999));
#385 = CARTESIAN_POINT('',(156.17738753625,24.478234616414,-82.));
#386 = CARTESIAN_POINT('',(152.0893793999,18.523563404571,-82.));
#387 = CARTESIAN_POINT('',(149.3624993264,12.4053876091,-82.));
#388 = CARTESIAN_POINT('',(148.,6.202631649398,-82.));
#389 = CARTESIAN_POINT('',(147.99999999999,-6.202631649397,-82.));
#390 = CARTESIAN_POINT('',(149.36249932643,-12.4053876091,-82.));
#391 = CARTESIAN_POINT('',(152.08937939984,-18.52356340456,-82.));
#392 = CARTESIAN_POINT('',(156.17738753636,-24.47823461641,
    -81.99999999999));
#393 = CARTESIAN_POINT('',(161.68144902243,-30.12440329916,-82.));
#394 = CARTESIAN_POINT('',(168.43028854275,-35.20399704542,
    -81.99999999999));
#395 = CARTESIAN_POINT('',(176.29981311885,-39.6721653027,-82.));
#396 = CARTESIAN_POINT('',(185.09343916559,-43.33930190865,
    -81.99999999999));
#397 = CARTESIAN_POINT('',(194.59866074899,-46.16075455554,-82.));
#398 = CARTESIAN_POINT('',(204.58747548221,-48.05751476102,-82.));
#399 = CARTESIAN_POINT('',(214.82003357143,-49.00477252081,-82.));
#400 = CARTESIAN_POINT('',(235.29224453318,-48.99520123272,-82.));
#401 = CARTESIAN_POINT('',(245.53182617818,-48.03837562989,-82.));
#402 = CARTESIAN_POINT('',(255.53485454275,-46.12943136456,-82.));
#403 = CARTESIAN_POINT('',(265.05782958905,-43.29068354217,-82.));
#404 = CARTESIAN_POINT('',(273.8695744242,-39.59961392026,
    -81.99999999999));
#405 = CARTESIAN_POINT('',(281.74442822431,-35.10171002882,-82.));
#406 = CARTESIAN_POINT('',(288.48776231056,-29.99246088903,
    -81.99999999999));
#407 = CARTESIAN_POINT('',(293.95935558645,-24.32030461411,-82.));
#408 = CARTESIAN_POINT('',(298.00081819643,-18.3626466325,-82.));
#409 = CARTESIAN_POINT('',(300.67665645504,-12.26386227503,-82.));
#410 = CARTESIAN_POINT('',(301.99999999999,-6.112906218723,-82.));
#411 = CARTESIAN_POINT('',(302.,0.,-82.));
#412 = PCURVE('',#75,#413);
#413 = DEFINITIONAL_REPRESENTATION('',(#414),#418);
#414 = LINE('',#415,#416);
#415 = CARTESIAN_POINT('',(419.50344183358,0.));
#416 = VECTOR('',#417,1.);
#417 = DIRECTION('',(0.,1.));
#418 = ( GEOMETRIC_REPRESENTATION_CONTEXT(2) 
PARAMETRIC_REPRESENTATION_CONTEXT() REPRESENTATION_CONTEXT('2D SPACE',''
  ) );
#419 = PCURVE('',#420,#425);
#420 = PLANE('',#421);
#421 = AXIS2_PLACEMENT_3D('',#422,#423,#424);
#422 = CARTESIAN_POINT('',(229.4,5.520234721868E-15,-82.));
#423 = DIRECTION('',(0.,0.,1.));
#424 = DIRECTION('',(1.,0.,-0.));
#425 = DEFINITIONAL_REPRESENTATION('',(#426),#473);
#426 = B_SPLINE_CURVE_WITH_KNOTS('',12,(#427,#428,#429,#430,#431,#432,
    #433,#434,#435,#436,#437,#438,#439,#440,#441,#442,#443,#444,#445,
    #446,#447,#448,#449,#450,#451,#452,#453,#454,#455,#456,#457,#458,
    #459,#460,#461,#462,#463,#464,#465,#466,#467,#468,#469,#470,#471,
    #472),.UNSPECIFIED.,.F.,.F.,(13,11,11,11,13),(8.296497171593E-15,
    104.87586045839,209.75172091679,314.62758137519,419.50344183358),
  .UNSPECIFIED.);
#427 = CARTESIAN_POINT('',(72.6,-7.105427357601E-15));
#428 = CARTESIAN_POINT('',(72.600000000013,6.112906218728));
#429 = CARTESIAN_POINT('',(71.276656454977,12.263862275013));
#430 = CARTESIAN_POINT('',(68.600818196596,18.362646632563));
#431 = CARTESIAN_POINT('',(64.559355586153,24.320304614003));
#432 = CARTESIAN_POINT('',(59.087762310979,29.992460889188));
#433 = CARTESIAN_POINT('',(52.344428223869,35.101710028664));
#434 = CARTESIAN_POINT('',(44.469574424577,39.599613920406));
#435 = CARTESIAN_POINT('',(35.657829588797,43.290683542086));
#436 = CARTESIAN_POINT('',(26.134854542885,46.129431364608));
#437 = CARTESIAN_POINT('',(16.13182617814,48.038375629881));
#438 = CARTESIAN_POINT('',(5.892244533192,48.995201232727));
#439 = CARTESIAN_POINT('',(-14.57996642857,49.004772520822));
#440 = CARTESIAN_POINT('',(-24.81252451774,48.057514760998));
#441 = CARTESIAN_POINT('',(-34.80133925109,46.160754555628));
#442 = CARTESIAN_POINT('',(-44.30656083426,43.339301908489));
#443 = CARTESIAN_POINT('',(-53.10018688132,39.672165302934));
#444 = CARTESIAN_POINT('',(-60.96971145706,35.203997045182));
#445 = CARTESIAN_POINT('',(-67.71855097771,30.124403299367));
#446 = CARTESIAN_POINT('',(-73.22261246353,24.478234616286));
#447 = CARTESIAN_POINT('',(-77.31062060021,18.523563404626));
#448 = CARTESIAN_POINT('',(-80.03750067355,12.405387609084));
#449 = CARTESIAN_POINT('',(-81.4,6.2026316494));
#450 = CARTESIAN_POINT('',(-81.39999999999,-6.202631649398));
#451 = CARTESIAN_POINT('',(-80.03750067358,-12.4053876091));
#452 = CARTESIAN_POINT('',(-77.31062060011,-18.52356340456));
#453 = CARTESIAN_POINT('',(-73.2226124637,-24.4782346164));
#454 = CARTESIAN_POINT('',(-67.71855097746,-30.12440329917));
#455 = CARTESIAN_POINT('',(-60.96971145735,-35.20399704542));
#456 = CARTESIAN_POINT('',(-53.10018688104,-39.6721653027));
#457 = CARTESIAN_POINT('',(-44.30656083446,-43.33930190865));
#458 = CARTESIAN_POINT('',(-34.80133925098,-46.16075455553));
#459 = CARTESIAN_POINT('',(-24.81252451779,-48.05751476103));
#460 = CARTESIAN_POINT('',(-14.57996642856,-49.00477252081));
#461 = CARTESIAN_POINT('',(5.892244533183,-48.99520123272));
#462 = CARTESIAN_POINT('',(16.131826178179,-48.03837562988));
#463 = CARTESIAN_POINT('',(26.134854542783,-46.12943136457));
#464 = CARTESIAN_POINT('',(35.657829588994,-43.29068354215));
#465 = CARTESIAN_POINT('',(44.469574424286,-39.59961392029));
#466 = CARTESIAN_POINT('',(52.344428224213,-35.1017100288));
#467 = CARTESIAN_POINT('',(59.087762310656,-29.99246088905));
#468 = CARTESIAN_POINT('',(64.559355586391,-24.3203046141));
#469 = CARTESIAN_POINT('',(68.600818196465,-18.3626466325));
#470 = CARTESIAN_POINT('',(71.276656455029,-12.26386227503));
#471 = CARTESIAN_POINT('',(72.600000000001,-6.112906218723));
#472 = CARTESIAN_POINT('',(72.6,-4.126442305962E-14));
#473 = ( GEOMETRIC_REPRESENTATION_CONTEXT(2) 
PARAMETRIC_REPRESENTATION_CONTEXT() REPRESENTATION_CONTEXT('2D SPACE',''
  ) );
#474 = ORIENTED_EDGE('',*,*,#475,.T.);
#475 = EDGE_CURVE('',#362,#476,#478,.T.);
#476 = VERTEX_POINT('',#477);
#477 = CARTESIAN_POINT('',(295.,-25.17439175024,-79.));
#478 = SURFACE_CURVE('',#479,(#502,#528),.PCURVE_S1.);
#479 = B_SPLINE_CURVE_WITH_KNOTS('',6,(#480,#481,#482,#483,#484,#485,
    #486,#487,#488,#489,#490,#491,#492,#493,#494,#495,#496,#497,#498,
    #499,#500,#501),.UNSPECIFIED.,.F.,.F.,(7,5,5,5,7),(0.,0.250028543923
    ,0.50004285617,0.75003042904,1.),.UNSPECIFIED.);
#480 = CARTESIAN_POINT('',(295.,-20.32057121571,-82.));
#481 = CARTESIAN_POINT('',(295.,-20.62273968038,-82.));
#482 = CARTESIAN_POINT('',(295.,-20.9309582397,-81.98749947936));
#483 = CARTESIAN_POINT('',(295.,-21.24274745103,-81.9611286745));
#484 = CARTESIAN_POINT('',(295.,-21.55500354995,-81.91969480595));
#485 = CARTESIAN_POINT('',(295.,-21.86406697687,-81.86246529264));
#486 = CARTESIAN_POINT('',(295.,-22.46832014929,-81.71626864405));
#487 = CARTESIAN_POINT('',(295.,-22.76350976362,-81.62730282113));
#488 = CARTESIAN_POINT('',(295.,-23.04804013509,-81.52238980046));
#489 = CARTESIAN_POINT('',(295.,-23.31807582934,-81.40209230902));
#490 = CARTESIAN_POINT('',(295.,-23.57022022588,-81.26777462532));
#491 = CARTESIAN_POINT('',(295.,-24.03361591246,-80.97488144688));
#492 = CARTESIAN_POINT('',(295.,-24.24487095118,-80.81630910902));
#493 = CARTESIAN_POINT('',(295.,-24.43314801973,-80.64748233816));
#494 = CARTESIAN_POINT('',(295.,-24.59673012564,-80.47081934086));
#495 = CARTESIAN_POINT('',(295.,-24.73506415834,-80.28893779638));
#496 = CARTESIAN_POINT('',(295.,-24.96192043173,-79.91964316891));
#497 = CARTESIAN_POINT('',(295.,-25.05044705046,-79.7322309916));
#498 = CARTESIAN_POINT('',(295.,-25.11441972941,-79.54449655968));
#499 = CARTESIAN_POINT('',(295.,-25.15510586778,-79.35873621993));
#500 = CARTESIAN_POINT('',(295.,-25.17439175024,-79.1767794221));
#501 = CARTESIAN_POINT('',(295.,-25.17439175024,-79.));
#502 = PCURVE('',#75,#503);
#503 = DEFINITIONAL_REPRESENTATION('',(#504),#527);
#504 = B_SPLINE_CURVE_WITH_KNOTS('',6,(#505,#506,#507,#508,#509,#510,
    #511,#512,#513,#514,#515,#516,#517,#518,#519,#520,#521,#522,#523,
    #524,#525,#526),.UNSPECIFIED.,.F.,.F.,(7,5,5,5,7),(0.,0.250028543923
    ,0.50004285617,0.75003042904,1.),.UNSPECIFIED.);
#505 = CARTESIAN_POINT('',(419.50344183358,390.02294004129));
#506 = CARTESIAN_POINT('',(402.02405514132,389.72145680965));
#507 = CARTESIAN_POINT('',(384.54481432508,389.41769975231));
#508 = CARTESIAN_POINT('',(367.06564009718,389.11433107213));
#509 = CARTESIAN_POINT('',(349.58644109476,388.81442972596));
#510 = CARTESIAN_POINT('',(332.1071177784,388.52130058352));
#511 = CARTESIAN_POINT('',(297.14903260417,387.95485209053));
#512 = CARTESIAN_POINT('',(279.67027266541,387.68153236756));
#513 = CARTESIAN_POINT('',(262.19121232549,387.42123220446));
#514 = CARTESIAN_POINT('',(244.71178277095,387.17691802974));
#515 = CARTESIAN_POINT('',(227.23194558993,386.95097638804));
#516 = CARTESIAN_POINT('',(192.27333255007,386.53910413456));
#517 = CARTESIAN_POINT('',(174.79455039995,386.35316939508));
#518 = CARTESIAN_POINT('',(157.31537059946,386.18885058013));
#519 = CARTESIAN_POINT('',(139.83582050744,386.04701581337));
#520 = CARTESIAN_POINT('',(122.35595042017,385.92765139516));
#521 = CARTESIAN_POINT('',(87.396973482728,385.73258487653));
#522 = CARTESIAN_POINT('',(69.917858487858,385.65687900639));
#523 = CARTESIAN_POINT('',(52.438552218783,385.60235506395));
#524 = CARTESIAN_POINT('',(34.959109954071,385.56772316943));
#525 = CARTESIAN_POINT('',(17.479579697499,385.55130759456));
#526 = CARTESIAN_POINT('',(0.,385.55130759456));
#527 = ( GEOMETRIC_REPRESENTATION_CONTEXT(2) 
PARAMETRIC_REPRESENTATION_CONTEXT() REPRESENTATION_CONTEXT('2D SPACE',''
  ) );
#528 = PCURVE('',#330,#529);
#529 = DEFINITIONAL_REPRESENTATION('',(#530),#553);
#530 = B_SPLINE_CURVE_WITH_KNOTS('',6,(#531,#532,#533,#534,#535,#536,
    #537,#538,#539,#540,#541,#542,#543,#544,#545,#546,#547,#548,#549,
    #550,#551,#552),.UNSPECIFIED.,.F.,.F.,(7,5,5,5,7),(0.,0.250028543923
    ,0.50004285617,0.75003042904,1.),.UNSPECIFIED.);
#531 = CARTESIAN_POINT('',(1.,-39.67942878428));
#532 = CARTESIAN_POINT('',(1.,-39.37726031961));
#533 = CARTESIAN_POINT('',(1.012500520633,-39.06904176029));
#534 = CARTESIAN_POINT('',(1.038871325496,-38.75725254896));
#535 = CARTESIAN_POINT('',(1.080305194041,-38.44499645004));
#536 = CARTESIAN_POINT('',(1.137534707351,-38.13593302312));
#537 = CARTESIAN_POINT('',(1.283731355942,-37.53167985071));
#538 = CARTESIAN_POINT('',(1.37269717887,-37.23649023637));
#539 = CARTESIAN_POINT('',(1.477610199536,-36.9519598649));
#540 = CARTESIAN_POINT('',(1.597907690979,-36.68192417065));
#541 = CARTESIAN_POINT('',(1.732225374673,-36.42977977411));
#542 = CARTESIAN_POINT('',(2.025118553112,-35.96638408753));
#543 = CARTESIAN_POINT('',(2.183690890975,-35.75512904881));
#544 = CARTESIAN_POINT('',(2.352517661835,-35.56685198026));
#545 = CARTESIAN_POINT('',(2.52918065914,-35.40326987435));
#546 = CARTESIAN_POINT('',(2.711062203615,-35.26493584165));
#547 = CARTESIAN_POINT('',(3.080356831081,-35.03807956826));
#548 = CARTESIAN_POINT('',(3.267769008392,-34.94955294953));
#549 = CARTESIAN_POINT('',(3.455503440315,-34.88558027059));
#550 = CARTESIAN_POINT('',(3.641263780066,-34.84489413221));
#551 = CARTESIAN_POINT('',(3.823220577895,-34.82560824975));
#552 = CARTESIAN_POINT('',(4.,-34.82560824975));
#553 = ( GEOMETRIC_REPRESENTATION_CONTEXT(2) 
PARAMETRIC_REPRESENTATION_CONTEXT() REPRESENTATION_CONTEXT('2D SPACE',''
  ) );
#554 = ORIENTED_EDGE('',*,*,#555,.F.);
#555 = EDGE_CURVE('',#24,#476,#556,.T.);
#556 = SURFACE_CURVE('',#557,(#604,#611),.PCURVE_S1.);
#557 = ( BOUNDED_CURVE() B_SPLINE_CURVE(12,(#558,#559,#560,#561,#562,
    #563,#564,#565,#566,#567,#568,#569,#570,#571,#572,#573,#574,#575,
    #576,#577,#578,#579,#580,#581,#582,#583,#584,#585,#586,#587,#588,
    #589,#590,#591,#592,#593,#594,#595,#596,#597,#598,#599,#600,#601,
#602,#603),.UNSPECIFIED.,.T.,.F.) B_SPLINE_CURVE_WITH_KNOTS((13,11,11,11
    ,13),(8.296497171593E-15,104.87586045839,209.75172091679,
314.62758137519,419.50344183358),.UNSPECIFIED.) CURVE() 
GEOMETRIC_REPRESENTATION_ITEM() RATIONAL_B_SPLINE_CURVE((1.,1.,
    0.999999999999,1.000000000002,0.999999999997,1.000000000004,
    0.999999999995,1.000000000004,0.999999999998,1.000000000001,1.,1.,1.
    ,0.999999999999,1.000000000002,0.999999999996,1.000000000005,
    0.999999999994,1.000000000005,0.999999999997,1.000000000002,
    0.999999999999,1.,1.,1.,1.,1.000000000001,0.999999999999,
    1.000000000001,0.999999999999,1.000000000001,1.,1.,1.,1.,1.,1.,
    0.999999999999,1.000000000001,0.999999999999,1.000000000001,
0.999999999999,1.,1.,1.,1.)) REPRESENTATION_ITEM('') );
#558 = CARTESIAN_POINT('',(305.,0.,-79.));
#559 = CARTESIAN_POINT('',(304.99999999999,6.708319162109,-79.));
#560 = CARTESIAN_POINT('',(303.54755635686,13.458285749597,-79.));
#561 = CARTESIAN_POINT('',(300.61291202094,20.093459445898,-79.));
#562 = CARTESIAN_POINT('',(296.21565146689,26.451858529244,-79.));
#563 = CARTESIAN_POINT('',(290.42657364095,32.374405707583,
    -78.99999999999));
#564 = CARTESIAN_POINT('',(283.36500607894,37.713424622838,-79.));
#565 = CARTESIAN_POINT('',(275.19189126222,42.339802451582,
    -78.99999999999));
#566 = CARTESIAN_POINT('',(266.1005976898,46.147626997347,-79.));
#567 = CARTESIAN_POINT('',(256.30783322036,49.05682565365,-79.));
#568 = CARTESIAN_POINT('',(246.04488509489,51.014475246957,-79.));
#569 = CARTESIAN_POINT('',(235.54938593005,51.995081340344,-79.));
#570 = CARTESIAN_POINT('',(214.56569732942,52.004891757457,-79.));
#571 = CARTESIAN_POINT('',(204.07750790682,51.034096074953,-79.));
#572 = CARTESIAN_POINT('',(193.82917946497,49.088942029445,-79.));
#573 = CARTESIAN_POINT('',(184.05549223578,46.197608844843,-79.));
#574 = CARTESIAN_POINT('',(174.98203425683,42.414518432443,-79.));
#575 = CARTESIAN_POINT('',(166.81791285082,37.818864787576,
    -78.99999999999));
#576 = CARTESIAN_POINT('',(159.7489603286,32.512397711106,-79.));
#577 = CARTESIAN_POINT('',(153.93137064573,26.616406615375,
    -78.99999999999));
#578 = CARTESIAN_POINT('',(149.486183793,20.267669831876,-79.));
#579 = CARTESIAN_POINT('',(146.49539460968,13.613568164607,-79.));
#580 = CARTESIAN_POINT('',(145.,6.80678408278,-79.));
#581 = CARTESIAN_POINT('',(144.99999999999,-6.80678408278,-79.));
#582 = CARTESIAN_POINT('',(146.4953946097,-13.61356816461,-79.));
#583 = CARTESIAN_POINT('',(149.48618379296,-20.26766983186,
    -78.99999999999));
#584 = CARTESIAN_POINT('',(153.93137064581,-26.61640661538,-79.));
#585 = CARTESIAN_POINT('',(159.74896032851,-32.51239771112,
    -78.99999999999));
#586 = CARTESIAN_POINT('',(166.81791285089,-37.81886478753,-79.));
#587 = CARTESIAN_POINT('',(174.98203425681,-42.4145184325,
    -78.99999999999));
#588 = CARTESIAN_POINT('',(184.05549223575,-46.19760884478,-79.));
#589 = CARTESIAN_POINT('',(193.82917946502,-49.08894202948,
    -78.99999999999));
#590 = CARTESIAN_POINT('',(204.07750790678,-51.03409607493,-79.));
#591 = CARTESIAN_POINT('',(214.56569732943,-52.00489175745,-79.));
#592 = CARTESIAN_POINT('',(235.54938593004,-51.99508134034,-79.));
#593 = CARTESIAN_POINT('',(246.04488509493,-51.01447524694,-79.));
#594 = CARTESIAN_POINT('',(256.30783322028,-49.05682565368,-79.));
#595 = CARTESIAN_POINT('',(266.10059768994,-46.14762699728,
    -78.99999999999));
#596 = CARTESIAN_POINT('',(275.19189126205,-42.33980245166,-79.));
#597 = CARTESIAN_POINT('',(283.3650060791,-37.71342462275,
    -78.99999999999));
#598 = CARTESIAN_POINT('',(290.42657364083,-32.37440570764,-79.));
#599 = CARTESIAN_POINT('',(296.21565146696,-26.45185852921,
    -78.99999999999));
#600 = CARTESIAN_POINT('',(300.61291202091,-20.0934594459,-79.));
#601 = CARTESIAN_POINT('',(303.54755635687,-13.45828574959,-79.));
#602 = CARTESIAN_POINT('',(304.99999999999,-6.708319162108,-79.));
#603 = CARTESIAN_POINT('',(305.,-1.273632671113E-14,-79.));
#604 = PCURVE('',#75,#605);
#605 = DEFINITIONAL_REPRESENTATION('',(#606),#610);
#606 = LINE('',#607,#608);
#607 = CARTESIAN_POINT('',(0.,0.));
#608 = VECTOR('',#609,1.);
#609 = DIRECTION('',(0.,1.));
#610 = ( GEOMETRIC_REPRESENTATION_CONTEXT(2) 
PARAMETRIC_REPRESENTATION_CONTEXT() REPRESENTATION_CONTEXT('2D SPACE',''
  ) );
#611 = PCURVE('',#612,#620);
#612 = SURFACE_OF_LINEAR_EXTRUSION('',#613,#618);
#613 = ELLIPSE('',#614,80.,52.);
#614 = AXIS2_PLACEMENT_3D('',#615,#616,#617);
#615 = CARTESIAN_POINT('',(225.,0.,-82.));
#616 = DIRECTION('',(0.,0.,1.));
#617 = DIRECTION('',(1.,0.,0.));
#618 = VECTOR('',#619,1.);
#619 = DIRECTION('',(-0.,-0.,-1.));
#620 = DEFINITIONAL_REPRESENTATION('',(#621),#668);
#621 = B_SPLINE_CURVE_WITH_KNOTS('',12,(#622,#623,#624,#625,#626,#627,
    #628,#629,#630,#631,#632,#633,#634,#635,#636,#637,#638,#639,#640,
    #641,#642,#643,#644,#645,#646,#647,#648,#649,#650,#651,#652,#653,
    #654,#655,#656,#657,#658,#659,#660,#661,#662,#663,#664,#665,#666,
    #667),.UNSPECIFIED.,.F.,.F.,(13,11,11,11,13),(8.296497171593E-15,
    104.87586045839,209.75172091679,314.62758137519,419.50344183358),
  .UNSPECIFIED.);
#622 = CARTESIAN_POINT('',(4.657753567902E-32,-3.));
#623 = CARTESIAN_POINT('',(0.129006137733,-3.000000000001));
#624 = CARTESIAN_POINT('',(0.2588131877,-2.999999999997));
#625 = CARTESIAN_POINT('',(0.389223292273,-3.000000000007));
#626 = CARTESIAN_POINT('',(0.52006000304,-2.999999999987));
#627 = CARTESIAN_POINT('',(0.651173954962,-3.000000000017));
#628 = CARTESIAN_POINT('',(0.78244601844,-2.999999999981));
#629 = CARTESIAN_POINT('',(0.913787340345,-3.000000000016));
#630 = CARTESIAN_POINT('',(1.045136470813,-2.99999999999));
#631 = CARTESIAN_POINT('',(1.176454856573,-3.000000000005));
#632 = CARTESIAN_POINT('',(1.307721698992,-2.999999999998));
#633 = CARTESIAN_POINT('',(1.438928968682,-3.));
#634 = CARTESIAN_POINT('',(1.70122514404,-3.));
#635 = CARTESIAN_POINT('',(1.832314049703,-2.999999999998));
#636 = CARTESIAN_POINT('',(1.963344164098,-3.000000000005));
#637 = CARTESIAN_POINT('',(2.094324298017,-2.99999999999));
#638 = CARTESIAN_POINT('',(2.225267333956,-3.000000000013));
#639 = CARTESIAN_POINT('',(2.356186513874,-2.999999999986));
#640 = CARTESIAN_POINT('',(2.487092854648,-3.000000000011));
#641 = CARTESIAN_POINT('',(2.617993878004,-2.999999999993));
#642 = CARTESIAN_POINT('',(2.74889357189,-3.000000000004));
#643 = CARTESIAN_POINT('',(2.87979326579,-2.999999999999));
#644 = CARTESIAN_POINT('',(3.010692959691,-3.));
#645 = CARTESIAN_POINT('',(3.272492347489,-3.));
#646 = CARTESIAN_POINT('',(3.403392041389,-3.));
#647 = CARTESIAN_POINT('',(3.534291735292,-3.));
#648 = CARTESIAN_POINT('',(3.665191429171,-3.000000000001));
#649 = CARTESIAN_POINT('',(3.796092452538,-2.999999999998));
#650 = CARTESIAN_POINT('',(3.926998793298,-3.000000000002));
#651 = CARTESIAN_POINT('',(4.05791797323,-2.999999999998));
#652 = CARTESIAN_POINT('',(4.188861009158,-3.000000000002));
#653 = CARTESIAN_POINT('',(4.319841143084,-2.999999999999));
#654 = CARTESIAN_POINT('',(4.450871257476,-3.));
#655 = CARTESIAN_POINT('',(4.58196016314,-3.));
#656 = CARTESIAN_POINT('',(4.844256338498,-3.));
#657 = CARTESIAN_POINT('',(4.975463608186,-2.999999999999));
#658 = CARTESIAN_POINT('',(5.106730450613,-3.000000000002));
#659 = CARTESIAN_POINT('',(5.238048836356,-2.999999999996));
#660 = CARTESIAN_POINT('',(5.369397966851,-3.000000000005));
#661 = CARTESIAN_POINT('',(5.500739288721,-2.999999999994));
#662 = CARTESIAN_POINT('',(5.632011352235,-3.000000000006));
#663 = CARTESIAN_POINT('',(5.763125304127,-2.999999999996));
#664 = CARTESIAN_POINT('',(5.893962014913,-3.000000000002));
#665 = CARTESIAN_POINT('',(6.024372119476,-2.999999999999));
#666 = CARTESIAN_POINT('',(6.154179169447,-3.));
#667 = CARTESIAN_POINT('',(6.28318530718,-3.));
#668 = ( GEOMETRIC_REPRESENTATION_CONTEXT(2) 
PARAMETRIC_REPRESENTATION_CONTEXT() REPRESENTATION_CONTEXT('2D SPACE',''
  ) );
#669 = ADVANCED_FACE('',(#670),#221,.T.);
#670 = FACE_BOUND('',#671,.T.);
#671 = EDGE_LOOP('',(#672,#700,#728,#756,#775));
#672 = ORIENTED_EDGE('',*,*,#673,.F.);
#673 = EDGE_CURVE('',#674,#24,#676,.T.);
#674 = VERTEX_POINT('',#675);
#675 = CARTESIAN_POINT('',(283.,30.,-79.));
#676 = SURFACE_CURVE('',#677,(#681,#688),.PCURVE_S1.);
#677 = LINE('',#678,#679);
#678 = CARTESIAN_POINT('',(283.,30.,-79.));
#679 = VECTOR('',#680,1.);
#680 = DIRECTION('',(1.,0.,0.));
#681 = PCURVE('',#221,#682);
#682 = DEFINITIONAL_REPRESENTATION('',(#683),#687);
#683 = LINE('',#684,#685);
#684 = CARTESIAN_POINT('',(0.,16.));
#685 = VECTOR('',#686,1.);
#686 = DIRECTION('',(1.,0.));
#687 = ( GEOMETRIC_REPRESENTATION_CONTEXT(2) 
PARAMETRIC_REPRESENTATION_CONTEXT() REPRESENTATION_CONTEXT('2D SPACE',''
  ) );
#688 = PCURVE('',#689,#694);
#689 = PLANE('',#690);
#690 = AXIS2_PLACEMENT_3D('',#691,#692,#693);
#691 = CARTESIAN_POINT('',(283.,30.,-79.));
#692 = DIRECTION('',(0.,1.,0.));
#693 = DIRECTION('',(0.,0.,1.));
#694 = DEFINITIONAL_REPRESENTATION('',(#695),#699);
#695 = LINE('',#696,#697);
#696 = CARTESIAN_POINT('',(0.,0.));
#697 = VECTOR('',#698,1.);
#698 = DIRECTION('',(0.,1.));
#699 = ( GEOMETRIC_REPRESENTATION_CONTEXT(2) 
PARAMETRIC_REPRESENTATION_CONTEXT() REPRESENTATION_CONTEXT('2D SPACE',''
  ) );
#700 = ORIENTED_EDGE('',*,*,#701,.F.);
#701 = EDGE_CURVE('',#702,#674,#704,.T.);
#702 = VERTEX_POINT('',#703);
#703 = CARTESIAN_POINT('',(283.,14.,-79.));
#704 = SURFACE_CURVE('',#705,(#709,#716),.PCURVE_S1.);
#705 = LINE('',#706,#707);
#706 = CARTESIAN_POINT('',(283.,14.,-79.));
#707 = VECTOR('',#708,1.);
#708 = DIRECTION('',(0.,1.,0.));
#709 = PCURVE('',#221,#710);
#710 = DEFINITIONAL_REPRESENTATION('',(#711),#715);
#711 = LINE('',#712,#713);
#712 = CARTESIAN_POINT('',(0.,0.));
#713 = VECTOR('',#714,1.);
#714 = DIRECTION('',(0.,1.));
#715 = ( GEOMETRIC_REPRESENTATION_CONTEXT(2) 
PARAMETRIC_REPRESENTATION_CONTEXT() REPRESENTATION_CONTEXT('2D SPACE',''
  ) );
#716 = PCURVE('',#717,#722);
#717 = PLANE('',#718);
#718 = AXIS2_PLACEMENT_3D('',#719,#720,#721);
#719 = CARTESIAN_POINT('',(283.,14.,-79.));
#720 = DIRECTION('',(1.,0.,0.));
#721 = DIRECTION('',(0.,0.,1.));
#722 = DEFINITIONAL_REPRESENTATION('',(#723),#727);
#723 = LINE('',#724,#725);
#724 = CARTESIAN_POINT('',(0.,0.));
#725 = VECTOR('',#726,1.);
#726 = DIRECTION('',(0.,-1.));
#727 = ( GEOMETRIC_REPRESENTATION_CONTEXT(2) 
PARAMETRIC_REPRESENTATION_CONTEXT() REPRESENTATION_CONTEXT('2D SPACE',''
  ) );
#728 = ORIENTED_EDGE('',*,*,#729,.T.);
#729 = EDGE_CURVE('',#702,#730,#732,.T.);
#730 = VERTEX_POINT('',#731);
#731 = CARTESIAN_POINT('',(295.,14.,-79.));
#732 = SURFACE_CURVE('',#733,(#737,#744),.PCURVE_S1.);
#733 = LINE('',#734,#735);
#734 = CARTESIAN_POINT('',(283.,14.,-79.));
#735 = VECTOR('',#736,1.);
#736 = DIRECTION('',(1.,0.,0.));
#737 = PCURVE('',#221,#738);
#738 = DEFINITIONAL_REPRESENTATION('',(#739),#743);
#739 = LINE('',#740,#741);
#740 = CARTESIAN_POINT('',(0.,0.));
#741 = VECTOR('',#742,1.);
#742 = DIRECTION('',(1.,0.));
#743 = ( GEOMETRIC_REPRESENTATION_CONTEXT(2) 
PARAMETRIC_REPRESENTATION_CONTEXT() REPRESENTATION_CONTEXT('2D SPACE',''
  ) );
#744 = PCURVE('',#745,#750);
#745 = PLANE('',#746);
#746 = AXIS2_PLACEMENT_3D('',#747,#748,#749);
#747 = CARTESIAN_POINT('',(283.,14.,-79.));
#748 = DIRECTION('',(0.,1.,0.));
#749 = DIRECTION('',(0.,0.,1.));
#750 = DEFINITIONAL_REPRESENTATION('',(#751),#755);
#751 = LINE('',#752,#753);
#752 = CARTESIAN_POINT('',(0.,0.));
#753 = VECTOR('',#754,1.);
#754 = DIRECTION('',(0.,1.));
#755 = ( GEOMETRIC_REPRESENTATION_CONTEXT(2) 
PARAMETRIC_REPRESENTATION_CONTEXT() REPRESENTATION_CONTEXT('2D SPACE',''
  ) );
#756 = ORIENTED_EDGE('',*,*,#757,.F.);
#757 = EDGE_CURVE('',#22,#730,#758,.T.);
#758 = SURFACE_CURVE('',#759,(#763,#769),.PCURVE_S1.);
#759 = LINE('',#760,#761);
#760 = CARTESIAN_POINT('',(295.,-23.,-79.));
#761 = VECTOR('',#762,1.);
#762 = DIRECTION('',(0.,-1.,0.));
#763 = PCURVE('',#221,#764);
#764 = DEFINITIONAL_REPRESENTATION('',(#765),#768);
#765 = B_SPLINE_CURVE_WITH_KNOTS('',1,(#766,#767),.UNSPECIFIED.,.F.,.F.,
  (2,2),(-48.17439175034,-37.),.PIECEWISE_BEZIER_KNOTS.);
#766 = CARTESIAN_POINT('',(12.,11.174391750348));
#767 = CARTESIAN_POINT('',(12.,0.));
#768 = ( GEOMETRIC_REPRESENTATION_CONTEXT(2) 
PARAMETRIC_REPRESENTATION_CONTEXT() REPRESENTATION_CONTEXT('2D SPACE',''
  ) );
#769 = PCURVE('',#330,#770);
#770 = DEFINITIONAL_REPRESENTATION('',(#771),#774);
#771 = B_SPLINE_CURVE_WITH_KNOTS('',1,(#772,#773),.UNSPECIFIED.,.F.,.F.,
  (2,2),(-48.17439175034,-37.),.PIECEWISE_BEZIER_KNOTS.);
#772 = CARTESIAN_POINT('',(4.,-85.17439175034));
#773 = CARTESIAN_POINT('',(4.,-74.));
#774 = ( GEOMETRIC_REPRESENTATION_CONTEXT(2) 
PARAMETRIC_REPRESENTATION_CONTEXT() REPRESENTATION_CONTEXT('2D SPACE',''
  ) );
#775 = ORIENTED_EDGE('',*,*,#21,.T.);
#776 = ADVANCED_FACE('',(#777),#612,.F.);
#777 = FACE_BOUND('',#778,.F.);
#778 = EDGE_LOOP('',(#779,#780,#809,#846,#875,#904,#933,#973,#1007,#1047
    ));
#779 = ORIENTED_EDGE('',*,*,#555,.F.);
#780 = ORIENTED_EDGE('',*,*,#781,.F.);
#781 = EDGE_CURVE('',#782,#24,#784,.T.);
#782 = VERTEX_POINT('',#783);
#783 = CARTESIAN_POINT('',(290.3438787126,30.,-66.));
#784 = SURFACE_CURVE('',#785,(#791,#800),.PCURVE_S1.);
#785 = B_SPLINE_CURVE_WITH_KNOTS('',4,(#786,#787,#788,#789,#790),
  .UNSPECIFIED.,.F.,.F.,(5,5),(0.,1.),.PIECEWISE_BEZIER_KNOTS.);
#786 = CARTESIAN_POINT('',(290.3438787126,30.,-66.));
#787 = CARTESIAN_POINT('',(290.3438787126,30.,-69.24999999981));
#788 = CARTESIAN_POINT('',(290.3438787126,30.,-72.49999999868));
#789 = CARTESIAN_POINT('',(290.3438787126,30.,-75.75000000018));
#790 = CARTESIAN_POINT('',(290.3438787126,30.,-79.));
#791 = PCURVE('',#612,#792);
#792 = DEFINITIONAL_REPRESENTATION('',(#793),#799);
#793 = B_SPLINE_CURVE_WITH_KNOTS('',4,(#794,#795,#796,#797,#798),
  .UNSPECIFIED.,.F.,.F.,(5,5),(0.,1.),.PIECEWISE_BEZIER_KNOTS.);
#794 = CARTESIAN_POINT('',(0.614956603855,-16.));
#795 = CARTESIAN_POINT('',(0.614956603855,-12.75000000018));
#796 = CARTESIAN_POINT('',(0.614956603855,-9.499999999438));
#797 = CARTESIAN_POINT('',(0.614956603855,-6.250000001312));
#798 = CARTESIAN_POINT('',(0.614956603855,-3.0000000015));
#799 = ( GEOMETRIC_REPRESENTATION_CONTEXT(2) 
PARAMETRIC_REPRESENTATION_CONTEXT() REPRESENTATION_CONTEXT('2D SPACE',''
  ) );
#800 = PCURVE('',#689,#801);
#801 = DEFINITIONAL_REPRESENTATION('',(#802),#808);
#802 = B_SPLINE_CURVE_WITH_KNOTS('',4,(#803,#804,#805,#806,#807),
  .UNSPECIFIED.,.F.,.F.,(5,5),(0.,1.),.PIECEWISE_BEZIER_KNOTS.);
#803 = CARTESIAN_POINT('',(13.,7.343878712601));
#804 = CARTESIAN_POINT('',(9.750000000187,7.343878712601));
#805 = CARTESIAN_POINT('',(6.500000001312,7.343878712601));
#806 = CARTESIAN_POINT('',(3.249999999813,7.343878712601));
#807 = CARTESIAN_POINT('',(0.,7.343878712601));
#808 = ( GEOMETRIC_REPRESENTATION_CONTEXT(2) 
PARAMETRIC_REPRESENTATION_CONTEXT() REPRESENTATION_CONTEXT('2D SPACE',''
  ) );
#809 = ORIENTED_EDGE('',*,*,#810,.T.);
#810 = EDGE_CURVE('',#782,#811,#813,.T.);
#811 = VERTEX_POINT('',#812);
#812 = CARTESIAN_POINT('',(295.,25.174391750348,-66.));
#813 = SURFACE_CURVE('',#814,(#821,#831),.PCURVE_S1.);
#814 = B_SPLINE_CURVE_WITH_KNOTS('',5,(#815,#816,#817,#818,#819,#820),
  .UNSPECIFIED.,.F.,.F.,(6,6),(0.,1.),.PIECEWISE_BEZIER_KNOTS.);
#815 = CARTESIAN_POINT('',(290.3438787126,30.,-66.));
#816 = CARTESIAN_POINT('',(291.33134886789,29.091271084992,-66.));
#817 = CARTESIAN_POINT('',(292.29311193114,28.154625637903,-66.));
#818 = CARTESIAN_POINT('',(293.22691813295,27.189694165136,-66.));
#819 = CARTESIAN_POINT('',(294.13017035624,26.196271920064,-66.));
#820 = CARTESIAN_POINT('',(295.00000000018,25.174391750137,-66.));
#821 = PCURVE('',#612,#822);
#822 = DEFINITIONAL_REPRESENTATION('',(#823),#830);
#823 = B_SPLINE_CURVE_WITH_KNOTS('',5,(#824,#825,#826,#827,#828,#829),
  .UNSPECIFIED.,.F.,.F.,(6,6),(0.,1.),.PIECEWISE_BEZIER_KNOTS.);
#824 = CARTESIAN_POINT('',(0.614956603855,-16.));
#825 = CARTESIAN_POINT('',(0.593561417157,-16.));
#826 = CARTESIAN_POINT('',(0.571913113385,-16.));
#827 = CARTESIAN_POINT('',(0.550001717401,-16.));
#828 = CARTESIAN_POINT('',(0.527819415113,-16.));
#829 = CARTESIAN_POINT('',(0.50536051028,-16.));
#830 = ( GEOMETRIC_REPRESENTATION_CONTEXT(2) 
PARAMETRIC_REPRESENTATION_CONTEXT() REPRESENTATION_CONTEXT('2D SPACE',''
  ) );
#831 = PCURVE('',#832,#837);
#832 = PLANE('',#833);
#833 = AXIS2_PLACEMENT_3D('',#834,#835,#836);
#834 = CARTESIAN_POINT('',(283.,14.,-66.));
#835 = DIRECTION('',(0.,0.,1.));
#836 = DIRECTION('',(1.,0.,0.));
#837 = DEFINITIONAL_REPRESENTATION('',(#838),#845);
#838 = B_SPLINE_CURVE_WITH_KNOTS('',5,(#839,#840,#841,#842,#843,#844),
  .UNSPECIFIED.,.F.,.F.,(6,6),(0.,1.),.PIECEWISE_BEZIER_KNOTS.);
#839 = CARTESIAN_POINT('',(7.343878712601,16.));
#840 = CARTESIAN_POINT('',(8.331348867894,15.091271084992));
#841 = CARTESIAN_POINT('',(9.293111931146,14.154625637903));
#842 = CARTESIAN_POINT('',(10.226918132956,13.189694165136));
#843 = CARTESIAN_POINT('',(11.130170356245,12.196271920064));
#844 = CARTESIAN_POINT('',(12.00000000018,11.174391750137));
#845 = ( GEOMETRIC_REPRESENTATION_CONTEXT(2) 
PARAMETRIC_REPRESENTATION_CONTEXT() REPRESENTATION_CONTEXT('2D SPACE',''
  ) );
#846 = ORIENTED_EDGE('',*,*,#847,.F.);
#847 = EDGE_CURVE('',#848,#811,#850,.T.);
#848 = VERTEX_POINT('',#849);
#849 = CARTESIAN_POINT('',(295.,25.174391750348,-64.));
#850 = SURFACE_CURVE('',#851,(#857,#866),.PCURVE_S1.);
#851 = B_SPLINE_CURVE_WITH_KNOTS('',4,(#852,#853,#854,#855,#856),
  .UNSPECIFIED.,.F.,.F.,(5,5),(0.,1.),.PIECEWISE_BEZIER_KNOTS.);
#852 = CARTESIAN_POINT('',(295.,25.174391750348,-63.9999994));
#853 = CARTESIAN_POINT('',(295.,25.174391750348,-67.7499997));
#854 = CARTESIAN_POINT('',(295.,25.174391750348,-71.5));
#855 = CARTESIAN_POINT('',(295.,25.174391750348,-75.25000030001));
#856 = CARTESIAN_POINT('',(295.,25.174391750348,-79.00000060001));
#857 = PCURVE('',#612,#858);
#858 = DEFINITIONAL_REPRESENTATION('',(#859),#865);
#859 = B_SPLINE_CURVE_WITH_KNOTS('',4,(#860,#861,#862,#863,#864),
  .UNSPECIFIED.,.F.,.F.,(5,5),(0.,1.),.PIECEWISE_BEZIER_KNOTS.);
#860 = CARTESIAN_POINT('',(0.505360510284,-18.0000006));
#861 = CARTESIAN_POINT('',(0.505360510284,-14.25000029999));
#862 = CARTESIAN_POINT('',(0.505360510284,-10.49999999999));
#863 = CARTESIAN_POINT('',(0.505360510284,-6.749999699986));
#864 = CARTESIAN_POINT('',(0.505360510284,-2.999999399981));
#865 = ( GEOMETRIC_REPRESENTATION_CONTEXT(2) 
PARAMETRIC_REPRESENTATION_CONTEXT() REPRESENTATION_CONTEXT('2D SPACE',''
  ) );
#866 = PCURVE('',#330,#867);
#867 = DEFINITIONAL_REPRESENTATION('',(#868),#874);
#868 = B_SPLINE_CURVE_WITH_KNOTS('',4,(#869,#870,#871,#872,#873),
  .UNSPECIFIED.,.F.,.F.,(5,5),(0.,1.),.PIECEWISE_BEZIER_KNOTS.);
#869 = CARTESIAN_POINT('',(19.0000006,-85.17439175034));
#870 = CARTESIAN_POINT('',(15.250000299995,-85.17439175034));
#871 = CARTESIAN_POINT('',(11.499999999991,-85.17439175034));
#872 = CARTESIAN_POINT('',(7.749999699986,-85.17439175034));
#873 = CARTESIAN_POINT('',(3.999999399981,-85.17439175034));
#874 = ( GEOMETRIC_REPRESENTATION_CONTEXT(2) 
PARAMETRIC_REPRESENTATION_CONTEXT() REPRESENTATION_CONTEXT('2D SPACE',''
  ) );
#875 = ORIENTED_EDGE('',*,*,#876,.T.);
#876 = EDGE_CURVE('',#848,#877,#879,.T.);
#877 = VERTEX_POINT('',#878);
#878 = CARTESIAN_POINT('',(295.,-25.17439175034,-64.));
#879 = SURFACE_CURVE('',#880,(#885,#892),.PCURVE_S1.);
#880 = ELLIPSE('',#881,80.,52.);
#881 = AXIS2_PLACEMENT_3D('',#882,#883,#884);
#882 = CARTESIAN_POINT('',(225.,0.,-64.));
#883 = DIRECTION('',(0.,0.,1.));
#884 = DIRECTION('',(1.,0.,0.));
#885 = PCURVE('',#612,#886);
#886 = DEFINITIONAL_REPRESENTATION('',(#887),#891);
#887 = LINE('',#888,#889);
#888 = CARTESIAN_POINT('',(0.,-18.));
#889 = VECTOR('',#890,1.);
#890 = DIRECTION('',(1.,0.));
#891 = ( GEOMETRIC_REPRESENTATION_CONTEXT(2) 
PARAMETRIC_REPRESENTATION_CONTEXT() REPRESENTATION_CONTEXT('2D SPACE',''
  ) );
#892 = PCURVE('',#893,#898);
#893 = PLANE('',#894);
#894 = AXIS2_PLACEMENT_3D('',#895,#896,#897);
#895 = CARTESIAN_POINT('',(229.4,5.520234721868E-15,-64.));
#896 = DIRECTION('',(0.,0.,1.));
#897 = DIRECTION('',(1.,0.,-0.));
#898 = DEFINITIONAL_REPRESENTATION('',(#899),#903);
#899 = ELLIPSE('',#900,80.,52.);
#900 = AXIS2_PLACEMENT_2D('',#901,#902);
#901 = CARTESIAN_POINT('',(-4.4,-5.520234721868E-15));
#902 = DIRECTION('',(1.,0.));
#903 = ( GEOMETRIC_REPRESENTATION_CONTEXT(2) 
PARAMETRIC_REPRESENTATION_CONTEXT() REPRESENTATION_CONTEXT('2D SPACE',''
  ) );
#904 = ORIENTED_EDGE('',*,*,#905,.T.);
#905 = EDGE_CURVE('',#877,#906,#908,.T.);
#906 = VERTEX_POINT('',#907);
#907 = CARTESIAN_POINT('',(295.,-25.17439175034,-69.));
#908 = SURFACE_CURVE('',#909,(#915,#924),.PCURVE_S1.);
#909 = B_SPLINE_CURVE_WITH_KNOTS('',4,(#910,#911,#912,#913,#914),
  .UNSPECIFIED.,.F.,.F.,(5,5),(0.,1.),.PIECEWISE_BEZIER_KNOTS.);
#910 = CARTESIAN_POINT('',(295.,-25.17439175034,-63.9999994));
#911 = CARTESIAN_POINT('',(295.,-25.17439175034,-67.7499997));
#912 = CARTESIAN_POINT('',(295.,-25.17439175034,-71.5));
#913 = CARTESIAN_POINT('',(295.,-25.17439175034,-75.25000030001));
#914 = CARTESIAN_POINT('',(295.,-25.17439175034,-79.00000060001));
#915 = PCURVE('',#612,#916);
#916 = DEFINITIONAL_REPRESENTATION('',(#917),#923);
#917 = B_SPLINE_CURVE_WITH_KNOTS('',4,(#918,#919,#920,#921,#922),
  .UNSPECIFIED.,.F.,.F.,(5,5),(0.,1.),.PIECEWISE_BEZIER_KNOTS.);
#918 = CARTESIAN_POINT('',(5.777824796895,-18.0000006));
#919 = CARTESIAN_POINT('',(5.777824796895,-14.25000029999));
#920 = CARTESIAN_POINT('',(5.777824796895,-10.49999999999));
#921 = CARTESIAN_POINT('',(5.777824796895,-6.749999699986));
#922 = CARTESIAN_POINT('',(5.777824796895,-2.999999399981));
#923 = ( GEOMETRIC_REPRESENTATION_CONTEXT(2) 
PARAMETRIC_REPRESENTATION_CONTEXT() REPRESENTATION_CONTEXT('2D SPACE',''
  ) );
#924 = PCURVE('',#330,#925);
#925 = DEFINITIONAL_REPRESENTATION('',(#926),#932);
#926 = B_SPLINE_CURVE_WITH_KNOTS('',4,(#927,#928,#929,#930,#931),
  .UNSPECIFIED.,.F.,.F.,(5,5),(0.,1.),.PIECEWISE_BEZIER_KNOTS.);
#927 = CARTESIAN_POINT('',(19.0000006,-34.82560824965));
#928 = CARTESIAN_POINT('',(15.250000299995,-34.82560824965));
#929 = CARTESIAN_POINT('',(11.499999999991,-34.82560824965));
#930 = CARTESIAN_POINT('',(7.749999699986,-34.82560824965));
#931 = CARTESIAN_POINT('',(3.999999399981,-34.82560824965));
#932 = ( GEOMETRIC_REPRESENTATION_CONTEXT(2) 
PARAMETRIC_REPRESENTATION_CONTEXT() REPRESENTATION_CONTEXT('2D SPACE',''
  ) );
#933 = ORIENTED_EDGE('',*,*,#934,.T.);
#934 = EDGE_CURVE('',#906,#935,#937,.T.);
#935 = VERTEX_POINT('',#936);
#936 = CARTESIAN_POINT('',(285.53020176278,-34.,-69.));
#937 = SURFACE_CURVE('',#938,(#946,#957),.PCURVE_S1.);
#938 = B_SPLINE_CURVE_WITH_KNOTS('',6,(#939,#940,#941,#942,#943,#944,
    #945),.UNSPECIFIED.,.F.,.F.,(7,7),(0.,1.),.PIECEWISE_BEZIER_KNOTS.);
#939 = CARTESIAN_POINT('',(295.00000000018,-25.17439175013,-69.));
#940 = CARTESIAN_POINT('',(293.59871484934,-26.8206284794,-69.));
#941 = CARTESIAN_POINT('',(292.11425953812,-28.39584434261,-69.));
#942 = CARTESIAN_POINT('',(290.55683962628,-29.90014860513,-69.));
#943 = CARTESIAN_POINT('',(288.93550191985,-31.33449517514,-69.));
#944 = CARTESIAN_POINT('',(287.2579182685,-32.70045177596,-69.));
#945 = CARTESIAN_POINT('',(285.53020176278,-34.,-69.));
#946 = PCURVE('',#612,#947);
#947 = DEFINITIONAL_REPRESENTATION('',(#948),#956);
#948 = B_SPLINE_CURVE_WITH_KNOTS('',6,(#949,#950,#951,#952,#953,#954,
    #955),.UNSPECIFIED.,.F.,.F.,(7,7),(0.,1.),.PIECEWISE_BEZIER_KNOTS.);
#949 = CARTESIAN_POINT('',(5.7778247969,-13.));
#950 = CARTESIAN_POINT('',(5.741643769883,-13.));
#951 = CARTESIAN_POINT('',(5.706154498334,-13.));
#952 = CARTESIAN_POINT('',(5.671331648151,-13.));
#953 = CARTESIAN_POINT('',(5.637144964978,-13.));
#954 = CARTESIAN_POINT('',(5.603558553535,-13.));
#955 = CARTESIAN_POINT('',(5.570528679161,-13.));
#956 = ( GEOMETRIC_REPRESENTATION_CONTEXT(2) 
PARAMETRIC_REPRESENTATION_CONTEXT() REPRESENTATION_CONTEXT('2D SPACE',''
  ) );
#957 = PCURVE('',#958,#963);
#958 = PLANE('',#959);
#959 = AXIS2_PLACEMENT_3D('',#960,#961,#962);
#960 = CARTESIAN_POINT('',(283.,-34.,-69.));
#961 = DIRECTION('',(0.,0.,1.));
#962 = DIRECTION('',(1.,0.,0.));
#963 = DEFINITIONAL_REPRESENTATION('',(#964),#972);
#964 = B_SPLINE_CURVE_WITH_KNOTS('',6,(#965,#966,#967,#968,#969,#970,
    #971),.UNSPECIFIED.,.F.,.F.,(7,7),(0.,1.),.PIECEWISE_BEZIER_KNOTS.);
#965 = CARTESIAN_POINT('',(12.00000000018,8.825608249863));
#966 = CARTESIAN_POINT('',(10.598714849349,7.1793715206));
#967 = CARTESIAN_POINT('',(9.114259538129,5.604155657387));
#968 = CARTESIAN_POINT('',(7.556839626287,4.099851394862));
#969 = CARTESIAN_POINT('',(5.935501919855,2.665504824859));
#970 = CARTESIAN_POINT('',(4.2579182685,1.299548224034));
#971 = CARTESIAN_POINT('',(2.530201762788,0.));
#972 = ( GEOMETRIC_REPRESENTATION_CONTEXT(2) 
PARAMETRIC_REPRESENTATION_CONTEXT() REPRESENTATION_CONTEXT('2D SPACE',''
  ) );
#973 = ORIENTED_EDGE('',*,*,#974,.T.);
#974 = EDGE_CURVE('',#935,#975,#977,.T.);
#975 = VERTEX_POINT('',#976);
#976 = CARTESIAN_POINT('',(285.53020176278,-34.,-78.));
#977 = SURFACE_CURVE('',#978,(#984,#993),.PCURVE_S1.);
#978 = B_SPLINE_CURVE_WITH_KNOTS('',4,(#979,#980,#981,#982,#983),
  .UNSPECIFIED.,.F.,.F.,(5,5),(0.,1.),.PIECEWISE_BEZIER_KNOTS.);
#979 = CARTESIAN_POINT('',(285.53020176278,-34.,-69.));
#980 = CARTESIAN_POINT('',(285.53020176278,-34.,-71.25));
#981 = CARTESIAN_POINT('',(285.53020176278,-34.,-73.5));
#982 = CARTESIAN_POINT('',(285.53020176278,-34.,-75.75));
#983 = CARTESIAN_POINT('',(285.53020176278,-34.,-78.));
#984 = PCURVE('',#612,#985);
#985 = DEFINITIONAL_REPRESENTATION('',(#986),#992);
#986 = B_SPLINE_CURVE_WITH_KNOTS('',4,(#987,#988,#989,#990,#991),
  .UNSPECIFIED.,.F.,.F.,(5,5),(0.,1.),.PIECEWISE_BEZIER_KNOTS.);
#987 = CARTESIAN_POINT('',(5.570528679161,-13.));
#988 = CARTESIAN_POINT('',(5.570528679161,-10.75));
#989 = CARTESIAN_POINT('',(5.570528679161,-8.5));
#990 = CARTESIAN_POINT('',(5.570528679161,-6.25));
#991 = CARTESIAN_POINT('',(5.570528679161,-4.));
#992 = ( GEOMETRIC_REPRESENTATION_CONTEXT(2) 
PARAMETRIC_REPRESENTATION_CONTEXT() REPRESENTATION_CONTEXT('2D SPACE',''
  ) );
#993 = PCURVE('',#994,#999);
#994 = PLANE('',#995);
#995 = AXIS2_PLACEMENT_3D('',#996,#997,#998);
#996 = CARTESIAN_POINT('',(283.,-34.,-78.));
#997 = DIRECTION('',(0.,1.,0.));
#998 = DIRECTION('',(0.,0.,1.));
#999 = DEFINITIONAL_REPRESENTATION('',(#1000),#1006);
#1000 = B_SPLINE_CURVE_WITH_KNOTS('',4,(#1001,#1002,#1003,#1004,#1005),
  .UNSPECIFIED.,.F.,.F.,(5,5),(0.,1.),.PIECEWISE_BEZIER_KNOTS.);
#1001 = CARTESIAN_POINT('',(9.,2.530201762788));
#1002 = CARTESIAN_POINT('',(6.75,2.530201762788));
#1003 = CARTESIAN_POINT('',(4.5,2.530201762788));
#1004 = CARTESIAN_POINT('',(2.25,2.530201762788));
#1005 = CARTESIAN_POINT('',(0.,2.530201762788));
#1006 = ( GEOMETRIC_REPRESENTATION_CONTEXT(2) 
PARAMETRIC_REPRESENTATION_CONTEXT() REPRESENTATION_CONTEXT('2D SPACE',''
  ) );
#1007 = ORIENTED_EDGE('',*,*,#1008,.F.);
#1008 = EDGE_CURVE('',#1009,#975,#1011,.T.);
#1009 = VERTEX_POINT('',#1010);
#1010 = CARTESIAN_POINT('',(295.,-25.17439175034,-78.));
#1011 = SURFACE_CURVE('',#1012,(#1020,#1031),.PCURVE_S1.);
#1012 = B_SPLINE_CURVE_WITH_KNOTS('',6,(#1013,#1014,#1015,#1016,#1017,
    #1018,#1019),.UNSPECIFIED.,.F.,.F.,(7,7),(0.,1.),
  .PIECEWISE_BEZIER_KNOTS.);
#1013 = CARTESIAN_POINT('',(295.00000000018,-25.17439175013,-78.));
#1014 = CARTESIAN_POINT('',(293.59871484934,-26.8206284794,-78.));
#1015 = CARTESIAN_POINT('',(292.11425953812,-28.39584434261,-78.));
#1016 = CARTESIAN_POINT('',(290.55683962628,-29.90014860513,-78.));
#1017 = CARTESIAN_POINT('',(288.93550191985,-31.33449517514,-78.));
#1018 = CARTESIAN_POINT('',(287.2579182685,-32.70045177596,-78.));
#1019 = CARTESIAN_POINT('',(285.53020176278,-34.,-78.));
#1020 = PCURVE('',#612,#1021);
#1021 = DEFINITIONAL_REPRESENTATION('',(#1022),#1030);
#1022 = B_SPLINE_CURVE_WITH_KNOTS('',6,(#1023,#1024,#1025,#1026,#1027,
    #1028,#1029),.UNSPECIFIED.,.F.,.F.,(7,7),(0.,1.),
  .PIECEWISE_BEZIER_KNOTS.);
#1023 = CARTESIAN_POINT('',(5.7778247969,-4.));
#1024 = CARTESIAN_POINT('',(5.741643769883,-4.));
#1025 = CARTESIAN_POINT('',(5.706154498334,-4.));
#1026 = CARTESIAN_POINT('',(5.671331648151,-4.));
#1027 = CARTESIAN_POINT('',(5.637144964978,-4.));
#1028 = CARTESIAN_POINT('',(5.603558553535,-4.));
#1029 = CARTESIAN_POINT('',(5.570528679161,-4.));
#1030 = ( GEOMETRIC_REPRESENTATION_CONTEXT(2) 
PARAMETRIC_REPRESENTATION_CONTEXT() REPRESENTATION_CONTEXT('2D SPACE',''
  ) );
#1031 = PCURVE('',#1032,#1037);
#1032 = PLANE('',#1033);
#1033 = AXIS2_PLACEMENT_3D('',#1034,#1035,#1036);
#1034 = CARTESIAN_POINT('',(283.,-34.,-78.));
#1035 = DIRECTION('',(0.,0.,1.));
#1036 = DIRECTION('',(1.,0.,0.));
#1037 = DEFINITIONAL_REPRESENTATION('',(#1038),#1046);
#1038 = B_SPLINE_CURVE_WITH_KNOTS('',6,(#1039,#1040,#1041,#1042,#1043,
    #1044,#1045),.UNSPECIFIED.,.F.,.F.,(7,7),(0.,1.),
  .PIECEWISE_BEZIER_KNOTS.);
#1039 = CARTESIAN_POINT('',(12.00000000018,8.825608249863));
#1040 = CARTESIAN_POINT('',(10.598714849349,7.1793715206));
#1041 = CARTESIAN_POINT('',(9.114259538129,5.604155657387));
#1042 = CARTESIAN_POINT('',(7.556839626287,4.099851394862));
#1043 = CARTESIAN_POINT('',(5.935501919855,2.665504824859));
#1044 = CARTESIAN_POINT('',(4.2579182685,1.299548224034));
#1045 = CARTESIAN_POINT('',(2.530201762788,0.));
#1046 = ( GEOMETRIC_REPRESENTATION_CONTEXT(2) 
PARAMETRIC_REPRESENTATION_CONTEXT() REPRESENTATION_CONTEXT('2D SPACE',''
  ) );
#1047 = ORIENTED_EDGE('',*,*,#1048,.T.);
#1048 = EDGE_CURVE('',#1009,#476,#1049,.T.);
#1049 = SURFACE_CURVE('',#1050,(#1056,#1065),.PCURVE_S1.);
#1050 = B_SPLINE_CURVE_WITH_KNOTS('',4,(#1051,#1052,#1053,#1054,#1055),
  .UNSPECIFIED.,.F.,.F.,(5,5),(0.,1.),.PIECEWISE_BEZIER_KNOTS.);
#1051 = CARTESIAN_POINT('',(295.,-25.17439175034,-63.9999994));
#1052 = CARTESIAN_POINT('',(295.,-25.17439175034,-67.7499997));
#1053 = CARTESIAN_POINT('',(295.,-25.17439175034,-71.5));
#1054 = CARTESIAN_POINT('',(295.,-25.17439175034,-75.25000030001));
#1055 = CARTESIAN_POINT('',(295.,-25.17439175034,-79.00000060001));
#1056 = PCURVE('',#612,#1057);
#1057 = DEFINITIONAL_REPRESENTATION('',(#1058),#1064);
#1058 = B_SPLINE_CURVE_WITH_KNOTS('',4,(#1059,#1060,#1061,#1062,#1063),
  .UNSPECIFIED.,.F.,.F.,(5,5),(0.,1.),.PIECEWISE_BEZIER_KNOTS.);
#1059 = CARTESIAN_POINT('',(5.777824796895,-18.0000006));
#1060 = CARTESIAN_POINT('',(5.777824796895,-14.25000029999));
#1061 = CARTESIAN_POINT('',(5.777824796895,-10.49999999999));
#1062 = CARTESIAN_POINT('',(5.777824796895,-6.749999699986));
#1063 = CARTESIAN_POINT('',(5.777824796895,-2.999999399981));
#1064 = ( GEOMETRIC_REPRESENTATION_CONTEXT(2) 
PARAMETRIC_REPRESENTATION_CONTEXT() REPRESENTATION_CONTEXT('2D SPACE',''
  ) );
#1065 = PCURVE('',#330,#1066);
#1066 = DEFINITIONAL_REPRESENTATION('',(#1067),#1073);
#1067 = B_SPLINE_CURVE_WITH_KNOTS('',4,(#1068,#1069,#1070,#1071,#1072),
  .UNSPECIFIED.,.F.,.F.,(5,5),(0.,1.),.PIECEWISE_BEZIER_KNOTS.);
#1068 = CARTESIAN_POINT('',(19.0000006,-34.82560824965));
#1069 = CARTESIAN_POINT('',(15.250000299995,-34.82560824965));
#1070 = CARTESIAN_POINT('',(11.499999999991,-34.82560824965));
#1071 = CARTESIAN_POINT('',(7.749999699986,-34.82560824965));
#1072 = CARTESIAN_POINT('',(3.999999399981,-34.82560824965));
#1073 = ( GEOMETRIC_REPRESENTATION_CONTEXT(2) 
PARAMETRIC_REPRESENTATION_CONTEXT() REPRESENTATION_CONTEXT('2D SPACE',''
  ) );
#1074 = ADVANCED_FACE('',(#1075,#1227,#1333),#330,.T.);
#1075 = FACE_BOUND('',#1076,.T.);
#1076 = EDGE_LOOP('',(#1077,#1078,#1097,#1098,#1119,#1145,#1164,#1165,
    #1166,#1185,#1186,#1187,#1208));
#1077 = ORIENTED_EDGE('',*,*,#847,.F.);
#1078 = ORIENTED_EDGE('',*,*,#1079,.F.);
#1079 = EDGE_CURVE('',#877,#848,#1080,.T.);
#1080 = SURFACE_CURVE('',#1081,(#1085,#1091),.PCURVE_S1.);
#1081 = LINE('',#1082,#1083);
#1082 = CARTESIAN_POINT('',(295.,-30.,-64.));
#1083 = VECTOR('',#1084,1.);
#1084 = DIRECTION('',(0.,1.,0.));
#1085 = PCURVE('',#330,#1086);
#1086 = DEFINITIONAL_REPRESENTATION('',(#1087),#1090);
#1087 = B_SPLINE_CURVE_WITH_KNOTS('',1,(#1088,#1089),.UNSPECIFIED.,.F.,
  .F.,(2,2),(-22.,82.),.PIECEWISE_BEZIER_KNOTS.);
#1088 = CARTESIAN_POINT('',(19.,-8.));
#1089 = CARTESIAN_POINT('',(19.,-112.));
#1090 = ( GEOMETRIC_REPRESENTATION_CONTEXT(2) 
PARAMETRIC_REPRESENTATION_CONTEXT() REPRESENTATION_CONTEXT('2D SPACE',''
  ) );
#1091 = PCURVE('',#893,#1092);
#1092 = DEFINITIONAL_REPRESENTATION('',(#1093),#1096);
#1093 = B_SPLINE_CURVE_WITH_KNOTS('',1,(#1094,#1095),.UNSPECIFIED.,.F.,
  .F.,(2,2),(-22.,82.),.PIECEWISE_BEZIER_KNOTS.);
#1094 = CARTESIAN_POINT('',(65.6,-52.));
#1095 = CARTESIAN_POINT('',(65.6,52.));
#1096 = ( GEOMETRIC_REPRESENTATION_CONTEXT(2) 
PARAMETRIC_REPRESENTATION_CONTEXT() REPRESENTATION_CONTEXT('2D SPACE',''
  ) );
#1097 = ORIENTED_EDGE('',*,*,#905,.T.);
#1098 = ORIENTED_EDGE('',*,*,#1099,.F.);
#1099 = EDGE_CURVE('',#1100,#906,#1102,.T.);
#1100 = VERTEX_POINT('',#1101);
#1101 = CARTESIAN_POINT('',(295.,-22.,-69.));
#1102 = SURFACE_CURVE('',#1103,(#1107,#1113),.PCURVE_S1.);
#1103 = LINE('',#1104,#1105);
#1104 = CARTESIAN_POINT('',(295.,-47.,-69.));
#1105 = VECTOR('',#1106,1.);
#1106 = DIRECTION('',(0.,-1.,0.));
#1107 = PCURVE('',#330,#1108);
#1108 = DEFINITIONAL_REPRESENTATION('',(#1109),#1112);
#1109 = B_SPLINE_CURVE_WITH_KNOTS('',1,(#1110,#1111),.UNSPECIFIED.,.F.,
  .F.,(2,2),(-25.,-21.82560824965),.PIECEWISE_BEZIER_KNOTS.);
#1110 = CARTESIAN_POINT('',(14.,-38.));
#1111 = CARTESIAN_POINT('',(14.,-34.82560824965));
#1112 = ( GEOMETRIC_REPRESENTATION_CONTEXT(2) 
PARAMETRIC_REPRESENTATION_CONTEXT() REPRESENTATION_CONTEXT('2D SPACE',''
  ) );
#1113 = PCURVE('',#958,#1114);
#1114 = DEFINITIONAL_REPRESENTATION('',(#1115),#1118);
#1115 = B_SPLINE_CURVE_WITH_KNOTS('',1,(#1116,#1117),.UNSPECIFIED.,.F.,
  .F.,(2,2),(-25.,-21.82560824965),.PIECEWISE_BEZIER_KNOTS.);
#1116 = CARTESIAN_POINT('',(12.,12.));
#1117 = CARTESIAN_POINT('',(12.,8.825608249652));
#1118 = ( GEOMETRIC_REPRESENTATION_CONTEXT(2) 
PARAMETRIC_REPRESENTATION_CONTEXT() REPRESENTATION_CONTEXT('2D SPACE',''
  ) );
#1119 = ORIENTED_EDGE('',*,*,#1120,.F.);
#1120 = EDGE_CURVE('',#1121,#1100,#1123,.T.);
#1121 = VERTEX_POINT('',#1122);
#1122 = CARTESIAN_POINT('',(295.,-22.,-78.));
#1123 = SURFACE_CURVE('',#1124,(#1128,#1134),.PCURVE_S1.);
#1124 = LINE('',#1125,#1126);
#1125 = CARTESIAN_POINT('',(295.,-22.,-80.5));
#1126 = VECTOR('',#1127,1.);
#1127 = DIRECTION('',(0.,0.,1.));
#1128 = PCURVE('',#330,#1129);
#1129 = DEFINITIONAL_REPRESENTATION('',(#1130),#1133);
#1130 = B_SPLINE_CURVE_WITH_KNOTS('',1,(#1131,#1132),.UNSPECIFIED.,.F.,
  .F.,(2,2),(2.5,11.5),.PIECEWISE_BEZIER_KNOTS.);
#1131 = CARTESIAN_POINT('',(5.,-38.));
#1132 = CARTESIAN_POINT('',(14.,-38.));
#1133 = ( GEOMETRIC_REPRESENTATION_CONTEXT(2) 
PARAMETRIC_REPRESENTATION_CONTEXT() REPRESENTATION_CONTEXT('2D SPACE',''
  ) );
#1134 = PCURVE('',#1135,#1140);
#1135 = PLANE('',#1136);
#1136 = AXIS2_PLACEMENT_3D('',#1137,#1138,#1139);
#1137 = CARTESIAN_POINT('',(283.,-22.,-78.));
#1138 = DIRECTION('',(0.,1.,0.));
#1139 = DIRECTION('',(0.,0.,1.));
#1140 = DEFINITIONAL_REPRESENTATION('',(#1141),#1144);
#1141 = B_SPLINE_CURVE_WITH_KNOTS('',1,(#1142,#1143),.UNSPECIFIED.,.F.,
  .F.,(2,2),(2.5,11.5),.PIECEWISE_BEZIER_KNOTS.);
#1142 = CARTESIAN_POINT('',(0.,12.));
#1143 = CARTESIAN_POINT('',(9.,12.));
#1144 = ( GEOMETRIC_REPRESENTATION_CONTEXT(2) 
PARAMETRIC_REPRESENTATION_CONTEXT() REPRESENTATION_CONTEXT('2D SPACE',''
  ) );
#1145 = ORIENTED_EDGE('',*,*,#1146,.T.);
#1146 = EDGE_CURVE('',#1121,#1009,#1147,.T.);
#1147 = SURFACE_CURVE('',#1148,(#1152,#1158),.PCURVE_S1.);
#1148 = LINE('',#1149,#1150);
#1149 = CARTESIAN_POINT('',(295.,-47.,-78.));
#1150 = VECTOR('',#1151,1.);
#1151 = DIRECTION('',(0.,-1.,0.));
#1152 = PCURVE('',#330,#1153);
#1153 = DEFINITIONAL_REPRESENTATION('',(#1154),#1157);
#1154 = B_SPLINE_CURVE_WITH_KNOTS('',1,(#1155,#1156),.UNSPECIFIED.,.F.,
  .F.,(2,2),(-25.,-21.82560824965),.PIECEWISE_BEZIER_KNOTS.);
#1155 = CARTESIAN_POINT('',(5.,-38.));
#1156 = CARTESIAN_POINT('',(5.,-34.82560824965));
#1157 = ( GEOMETRIC_REPRESENTATION_CONTEXT(2) 
PARAMETRIC_REPRESENTATION_CONTEXT() REPRESENTATION_CONTEXT('2D SPACE',''
  ) );
#1158 = PCURVE('',#1032,#1159);
#1159 = DEFINITIONAL_REPRESENTATION('',(#1160),#1163);
#1160 = B_SPLINE_CURVE_WITH_KNOTS('',1,(#1161,#1162),.UNSPECIFIED.,.F.,
  .F.,(2,2),(-25.,-21.82560824965),.PIECEWISE_BEZIER_KNOTS.);
#1161 = CARTESIAN_POINT('',(12.,12.));
#1162 = CARTESIAN_POINT('',(12.,8.825608249652));
#1163 = ( GEOMETRIC_REPRESENTATION_CONTEXT(2) 
PARAMETRIC_REPRESENTATION_CONTEXT() REPRESENTATION_CONTEXT('2D SPACE',''
  ) );
#1164 = ORIENTED_EDGE('',*,*,#1048,.T.);
#1165 = ORIENTED_EDGE('',*,*,#475,.F.);
#1166 = ORIENTED_EDGE('',*,*,#1167,.T.);
#1167 = EDGE_CURVE('',#362,#277,#1168,.T.);
#1168 = SURFACE_CURVE('',#1169,(#1173,#1179),.PCURVE_S1.);
#1169 = LINE('',#1170,#1171);
#1170 = CARTESIAN_POINT('',(295.,-30.,-82.));
#1171 = VECTOR('',#1172,1.);
#1172 = DIRECTION('',(0.,1.,0.));
#1173 = PCURVE('',#330,#1174);
#1174 = DEFINITIONAL_REPRESENTATION('',(#1175),#1178);
#1175 = B_SPLINE_CURVE_WITH_KNOTS('',1,(#1176,#1177),.UNSPECIFIED.,.F.,
  .F.,(2,2),(-19.00477252081,79.004772520822),.PIECEWISE_BEZIER_KNOTS.);
#1176 = CARTESIAN_POINT('',(1.,-10.99522747918));
#1177 = CARTESIAN_POINT('',(1.,-109.0047725208));
#1178 = ( GEOMETRIC_REPRESENTATION_CONTEXT(2) 
PARAMETRIC_REPRESENTATION_CONTEXT() REPRESENTATION_CONTEXT('2D SPACE',''
  ) );
#1179 = PCURVE('',#420,#1180);
#1180 = DEFINITIONAL_REPRESENTATION('',(#1181),#1184);
#1181 = B_SPLINE_CURVE_WITH_KNOTS('',1,(#1182,#1183),.UNSPECIFIED.,.F.,
  .F.,(2,2),(-19.00477252081,79.004772520822),.PIECEWISE_BEZIER_KNOTS.);
#1182 = CARTESIAN_POINT('',(65.6,-49.00477252081));
#1183 = CARTESIAN_POINT('',(65.6,49.004772520822));
#1184 = ( GEOMETRIC_REPRESENTATION_CONTEXT(2) 
PARAMETRIC_REPRESENTATION_CONTEXT() REPRESENTATION_CONTEXT('2D SPACE',''
  ) );
#1185 = ORIENTED_EDGE('',*,*,#276,.T.);
#1186 = ORIENTED_EDGE('',*,*,#757,.T.);
#1187 = ORIENTED_EDGE('',*,*,#1188,.T.);
#1188 = EDGE_CURVE('',#730,#1189,#1191,.T.);
#1189 = VERTEX_POINT('',#1190);
#1190 = CARTESIAN_POINT('',(295.,14.,-66.));
#1191 = SURFACE_CURVE('',#1192,(#1196,#1202),.PCURVE_S1.);
#1192 = LINE('',#1193,#1194);
#1193 = CARTESIAN_POINT('',(295.,14.,-81.));
#1194 = VECTOR('',#1195,1.);
#1195 = DIRECTION('',(0.,0.,1.));
#1196 = PCURVE('',#330,#1197);
#1197 = DEFINITIONAL_REPRESENTATION('',(#1198),#1201);
#1198 = B_SPLINE_CURVE_WITH_KNOTS('',1,(#1199,#1200),.UNSPECIFIED.,.F.,
  .F.,(2,2),(2.,15.),.PIECEWISE_BEZIER_KNOTS.);
#1199 = CARTESIAN_POINT('',(4.,-74.));
#1200 = CARTESIAN_POINT('',(17.,-74.));
#1201 = ( GEOMETRIC_REPRESENTATION_CONTEXT(2) 
PARAMETRIC_REPRESENTATION_CONTEXT() REPRESENTATION_CONTEXT('2D SPACE',''
  ) );
#1202 = PCURVE('',#745,#1203);
#1203 = DEFINITIONAL_REPRESENTATION('',(#1204),#1207);
#1204 = B_SPLINE_CURVE_WITH_KNOTS('',1,(#1205,#1206),.UNSPECIFIED.,.F.,
  .F.,(2,2),(2.,15.),.PIECEWISE_BEZIER_KNOTS.);
#1205 = CARTESIAN_POINT('',(0.,12.));
#1206 = CARTESIAN_POINT('',(13.,12.));
#1207 = ( GEOMETRIC_REPRESENTATION_CONTEXT(2) 
PARAMETRIC_REPRESENTATION_CONTEXT() REPRESENTATION_CONTEXT('2D SPACE',''
  ) );
#1208 = ORIENTED_EDGE('',*,*,#1209,.F.);
#1209 = EDGE_CURVE('',#811,#1189,#1210,.T.);
#1210 = SURFACE_CURVE('',#1211,(#1215,#1221),.PCURVE_S1.);
#1211 = LINE('',#1212,#1213);
#1212 = CARTESIAN_POINT('',(295.,-23.,-66.));
#1213 = VECTOR('',#1214,1.);
#1214 = DIRECTION('',(0.,-1.,0.));
#1215 = PCURVE('',#330,#1216);
#1216 = DEFINITIONAL_REPRESENTATION('',(#1217),#1220);
#1217 = B_SPLINE_CURVE_WITH_KNOTS('',1,(#1218,#1219),.UNSPECIFIED.,.F.,
  .F.,(2,2),(-48.17439175034,-37.),.PIECEWISE_BEZIER_KNOTS.);
#1218 = CARTESIAN_POINT('',(17.,-85.17439175034));
#1219 = CARTESIAN_POINT('',(17.,-74.));
#1220 = ( GEOMETRIC_REPRESENTATION_CONTEXT(2) 
PARAMETRIC_REPRESENTATION_CONTEXT() REPRESENTATION_CONTEXT('2D SPACE',''
  ) );
#1221 = PCURVE('',#832,#1222);
#1222 = DEFINITIONAL_REPRESENTATION('',(#1223),#1226);
#1223 = B_SPLINE_CURVE_WITH_KNOTS('',1,(#1224,#1225),.UNSPECIFIED.,.F.,
  .F.,(2,2),(-48.17439175034,-37.),.PIECEWISE_BEZIER_KNOTS.);
#1224 = CARTESIAN_POINT('',(12.,11.174391750348));
#1225 = CARTESIAN_POINT('',(12.,0.));
#1226 = ( GEOMETRIC_REPRESENTATION_CONTEXT(2) 
PARAMETRIC_REPRESENTATION_CONTEXT() REPRESENTATION_CONTEXT('2D SPACE',''
  ) );
#1227 = FACE_BOUND('',#1228,.T.);
#1228 = EDGE_LOOP('',(#1229,#1257,#1283,#1309));
#1229 = ORIENTED_EDGE('',*,*,#1230,.T.);
#1230 = EDGE_CURVE('',#1231,#1233,#1235,.T.);
#1231 = VERTEX_POINT('',#1232);
#1232 = CARTESIAN_POINT('',(295.,7.,-76.));
#1233 = VERTEX_POINT('',#1234);
#1234 = CARTESIAN_POINT('',(295.,-2.,-76.));
#1235 = SURFACE_CURVE('',#1236,(#1240,#1246),.PCURVE_S1.);
#1236 = LINE('',#1237,#1238);
#1237 = CARTESIAN_POINT('',(295.,-31.,-76.));
#1238 = VECTOR('',#1239,1.);
#1239 = DIRECTION('',(0.,-1.,0.));
#1240 = PCURVE('',#330,#1241);
#1241 = DEFINITIONAL_REPRESENTATION('',(#1242),#1245);
#1242 = B_SPLINE_CURVE_WITH_KNOTS('',1,(#1243,#1244),.UNSPECIFIED.,.F.,
  .F.,(2,2),(-38.,-29.),.PIECEWISE_BEZIER_KNOTS.);
#1243 = CARTESIAN_POINT('',(7.,-67.));
#1244 = CARTESIAN_POINT('',(7.,-58.));
#1245 = ( GEOMETRIC_REPRESENTATION_CONTEXT(2) 
PARAMETRIC_REPRESENTATION_CONTEXT() REPRESENTATION_CONTEXT('2D SPACE',''
  ) );
#1246 = PCURVE('',#1247,#1252);
#1247 = PLANE('',#1248);
#1248 = AXIS2_PLACEMENT_3D('',#1249,#1250,#1251);
#1249 = CARTESIAN_POINT('',(283.,-2.,-76.));
#1250 = DIRECTION('',(0.,0.,1.));
#1251 = DIRECTION('',(1.,0.,0.));
#1252 = DEFINITIONAL_REPRESENTATION('',(#1253),#1256);
#1253 = B_SPLINE_CURVE_WITH_KNOTS('',1,(#1254,#1255),.UNSPECIFIED.,.F.,
  .F.,(2,2),(-38.,-29.),.PIECEWISE_BEZIER_KNOTS.);
#1254 = CARTESIAN_POINT('',(12.,9.));
#1255 = CARTESIAN_POINT('',(12.,0.));
#1256 = ( GEOMETRIC_REPRESENTATION_CONTEXT(2) 
PARAMETRIC_REPRESENTATION_CONTEXT() REPRESENTATION_CONTEXT('2D SPACE',''
  ) );
#1257 = ORIENTED_EDGE('',*,*,#1258,.T.);
#1258 = EDGE_CURVE('',#1233,#1259,#1261,.T.);
#1259 = VERTEX_POINT('',#1260);
#1260 = CARTESIAN_POINT('',(295.,-2.,-72.5));
#1261 = SURFACE_CURVE('',#1262,(#1266,#1272),.PCURVE_S1.);
#1262 = LINE('',#1263,#1264);
#1263 = CARTESIAN_POINT('',(295.,-2.,-79.5));
#1264 = VECTOR('',#1265,1.);
#1265 = DIRECTION('',(0.,0.,1.));
#1266 = PCURVE('',#330,#1267);
#1267 = DEFINITIONAL_REPRESENTATION('',(#1268),#1271);
#1268 = B_SPLINE_CURVE_WITH_KNOTS('',1,(#1269,#1270),.UNSPECIFIED.,.F.,
  .F.,(2,2),(3.5,7.),.PIECEWISE_BEZIER_KNOTS.);
#1269 = CARTESIAN_POINT('',(7.,-58.));
#1270 = CARTESIAN_POINT('',(10.5,-58.));
#1271 = ( GEOMETRIC_REPRESENTATION_CONTEXT(2) 
PARAMETRIC_REPRESENTATION_CONTEXT() REPRESENTATION_CONTEXT('2D SPACE',''
  ) );
#1272 = PCURVE('',#1273,#1278);
#1273 = PLANE('',#1274);
#1274 = AXIS2_PLACEMENT_3D('',#1275,#1276,#1277);
#1275 = CARTESIAN_POINT('',(283.,-2.,-76.));
#1276 = DIRECTION('',(0.,1.,0.));
#1277 = DIRECTION('',(0.,0.,1.));
#1278 = DEFINITIONAL_REPRESENTATION('',(#1279),#1282);
#1279 = B_SPLINE_CURVE_WITH_KNOTS('',1,(#1280,#1281),.UNSPECIFIED.,.F.,
  .F.,(2,2),(3.5,7.),.PIECEWISE_BEZIER_KNOTS.);
#1280 = CARTESIAN_POINT('',(0.,12.));
#1281 = CARTESIAN_POINT('',(3.5,12.));
#1282 = ( GEOMETRIC_REPRESENTATION_CONTEXT(2) 
PARAMETRIC_REPRESENTATION_CONTEXT() REPRESENTATION_CONTEXT('2D SPACE',''
  ) );
#1283 = ORIENTED_EDGE('',*,*,#1284,.F.);
#1284 = EDGE_CURVE('',#1285,#1259,#1287,.T.);
#1285 = VERTEX_POINT('',#1286);
#1286 = CARTESIAN_POINT('',(295.,7.,-72.5));
#1287 = SURFACE_CURVE('',#1288,(#1292,#1298),.PCURVE_S1.);
#1288 = LINE('',#1289,#1290);
#1289 = CARTESIAN_POINT('',(295.,-31.,-72.5));
#1290 = VECTOR('',#1291,1.);
#1291 = DIRECTION('',(0.,-1.,0.));
#1292 = PCURVE('',#330,#1293);
#1293 = DEFINITIONAL_REPRESENTATION('',(#1294),#1297);
#1294 = B_SPLINE_CURVE_WITH_KNOTS('',1,(#1295,#1296),.UNSPECIFIED.,.F.,
  .F.,(2,2),(-38.,-29.),.PIECEWISE_BEZIER_KNOTS.);
#1295 = CARTESIAN_POINT('',(10.5,-67.));
#1296 = CARTESIAN_POINT('',(10.5,-58.));
#1297 = ( GEOMETRIC_REPRESENTATION_CONTEXT(2) 
PARAMETRIC_REPRESENTATION_CONTEXT() REPRESENTATION_CONTEXT('2D SPACE',''
  ) );
#1298 = PCURVE('',#1299,#1304);
#1299 = PLANE('',#1300);
#1300 = AXIS2_PLACEMENT_3D('',#1301,#1302,#1303);
#1301 = CARTESIAN_POINT('',(283.,-2.,-72.5));
#1302 = DIRECTION('',(0.,0.,1.));
#1303 = DIRECTION('',(1.,0.,0.));
#1304 = DEFINITIONAL_REPRESENTATION('',(#1305),#1308);
#1305 = B_SPLINE_CURVE_WITH_KNOTS('',1,(#1306,#1307),.UNSPECIFIED.,.F.,
  .F.,(2,2),(-38.,-29.),.PIECEWISE_BEZIER_KNOTS.);
#1306 = CARTESIAN_POINT('',(12.,9.));
#1307 = CARTESIAN_POINT('',(12.,0.));
#1308 = ( GEOMETRIC_REPRESENTATION_CONTEXT(2) 
PARAMETRIC_REPRESENTATION_CONTEXT() REPRESENTATION_CONTEXT('2D SPACE',''
  ) );
#1309 = ORIENTED_EDGE('',*,*,#1310,.F.);
#1310 = EDGE_CURVE('',#1231,#1285,#1311,.T.);
#1311 = SURFACE_CURVE('',#1312,(#1316,#1322),.PCURVE_S1.);
#1312 = LINE('',#1313,#1314);
#1313 = CARTESIAN_POINT('',(295.,7.,-79.5));
#1314 = VECTOR('',#1315,1.);
#1315 = DIRECTION('',(0.,0.,1.));
#1316 = PCURVE('',#330,#1317);
#1317 = DEFINITIONAL_REPRESENTATION('',(#1318),#1321);
#1318 = B_SPLINE_CURVE_WITH_KNOTS('',1,(#1319,#1320),.UNSPECIFIED.,.F.,
  .F.,(2,2),(3.5,7.),.PIECEWISE_BEZIER_KNOTS.);
#1319 = CARTESIAN_POINT('',(7.,-67.));
#1320 = CARTESIAN_POINT('',(10.5,-67.));
#1321 = ( GEOMETRIC_REPRESENTATION_CONTEXT(2) 
PARAMETRIC_REPRESENTATION_CONTEXT() REPRESENTATION_CONTEXT('2D SPACE',''
  ) );
#1322 = PCURVE('',#1323,#1328);
#1323 = PLANE('',#1324);
#1324 = AXIS2_PLACEMENT_3D('',#1325,#1326,#1327);
#1325 = CARTESIAN_POINT('',(283.,7.,-76.));
#1326 = DIRECTION('',(0.,1.,0.));
#1327 = DIRECTION('',(0.,0.,1.));
#1328 = DEFINITIONAL_REPRESENTATION('',(#1329),#1332);
#1329 = B_SPLINE_CURVE_WITH_KNOTS('',1,(#1330,#1331),.UNSPECIFIED.,.F.,
  .F.,(2,2),(3.5,7.),.PIECEWISE_BEZIER_KNOTS.);
#1330 = CARTESIAN_POINT('',(0.,12.));
#1331 = CARTESIAN_POINT('',(3.5,12.));
#1332 = ( GEOMETRIC_REPRESENTATION_CONTEXT(2) 
PARAMETRIC_REPRESENTATION_CONTEXT() REPRESENTATION_CONTEXT('2D SPACE',''
  ) );
#1333 = FACE_BOUND('',#1334,.T.);
#1334 = EDGE_LOOP('',(#1335,#1363,#1389,#1415));
#1335 = ORIENTED_EDGE('',*,*,#1336,.T.);
#1336 = EDGE_CURVE('',#1337,#1339,#1341,.T.);
#1337 = VERTEX_POINT('',#1338);
#1338 = CARTESIAN_POINT('',(295.,-5.,-76.));
#1339 = VERTEX_POINT('',#1340);
#1340 = CARTESIAN_POINT('',(295.,-14.,-76.));
#1341 = SURFACE_CURVE('',#1342,(#1346,#1352),.PCURVE_S1.);
#1342 = LINE('',#1343,#1344);
#1343 = CARTESIAN_POINT('',(295.,-37.,-76.));
#1344 = VECTOR('',#1345,1.);
#1345 = DIRECTION('',(0.,-1.,0.));
#1346 = PCURVE('',#330,#1347);
#1347 = DEFINITIONAL_REPRESENTATION('',(#1348),#1351);
#1348 = B_SPLINE_CURVE_WITH_KNOTS('',1,(#1349,#1350),.UNSPECIFIED.,.F.,
  .F.,(2,2),(-32.,-23.),.PIECEWISE_BEZIER_KNOTS.);
#1349 = CARTESIAN_POINT('',(7.,-55.));
#1350 = CARTESIAN_POINT('',(7.,-46.));
#1351 = ( GEOMETRIC_REPRESENTATION_CONTEXT(2) 
PARAMETRIC_REPRESENTATION_CONTEXT() REPRESENTATION_CONTEXT('2D SPACE',''
  ) );
#1352 = PCURVE('',#1353,#1358);
#1353 = PLANE('',#1354);
#1354 = AXIS2_PLACEMENT_3D('',#1355,#1356,#1357);
#1355 = CARTESIAN_POINT('',(283.,-14.,-76.));
#1356 = DIRECTION('',(0.,0.,1.));
#1357 = DIRECTION('',(1.,0.,0.));
#1358 = DEFINITIONAL_REPRESENTATION('',(#1359),#1362);
#1359 = B_SPLINE_CURVE_WITH_KNOTS('',1,(#1360,#1361),.UNSPECIFIED.,.F.,
  .F.,(2,2),(-32.,-23.),.PIECEWISE_BEZIER_KNOTS.);
#1360 = CARTESIAN_POINT('',(12.,9.));
#1361 = CARTESIAN_POINT('',(12.,0.));
#1362 = ( GEOMETRIC_REPRESENTATION_CONTEXT(2) 
PARAMETRIC_REPRESENTATION_CONTEXT() REPRESENTATION_CONTEXT('2D SPACE',''
  ) );
#1363 = ORIENTED_EDGE('',*,*,#1364,.T.);
#1364 = EDGE_CURVE('',#1339,#1365,#1367,.T.);
#1365 = VERTEX_POINT('',#1366);
#1366 = CARTESIAN_POINT('',(295.,-14.,-72.5));
#1367 = SURFACE_CURVE('',#1368,(#1372,#1378),.PCURVE_S1.);
#1368 = LINE('',#1369,#1370);
#1369 = CARTESIAN_POINT('',(295.,-14.,-79.5));
#1370 = VECTOR('',#1371,1.);
#1371 = DIRECTION('',(0.,0.,1.));
#1372 = PCURVE('',#330,#1373);
#1373 = DEFINITIONAL_REPRESENTATION('',(#1374),#1377);
#1374 = B_SPLINE_CURVE_WITH_KNOTS('',1,(#1375,#1376),.UNSPECIFIED.,.F.,
  .F.,(2,2),(3.5,7.),.PIECEWISE_BEZIER_KNOTS.);
#1375 = CARTESIAN_POINT('',(7.,-46.));
#1376 = CARTESIAN_POINT('',(10.5,-46.));
#1377 = ( GEOMETRIC_REPRESENTATION_CONTEXT(2) 
PARAMETRIC_REPRESENTATION_CONTEXT() REPRESENTATION_CONTEXT('2D SPACE',''
  ) );
#1378 = PCURVE('',#1379,#1384);
#1379 = PLANE('',#1380);
#1380 = AXIS2_PLACEMENT_3D('',#1381,#1382,#1383);
#1381 = CARTESIAN_POINT('',(283.,-14.,-76.));
#1382 = DIRECTION('',(0.,1.,0.));
#1383 = DIRECTION('',(0.,0.,1.));
#1384 = DEFINITIONAL_REPRESENTATION('',(#1385),#1388);
#1385 = B_SPLINE_CURVE_WITH_KNOTS('',1,(#1386,#1387),.UNSPECIFIED.,.F.,
  .F.,(2,2),(3.5,7.),.PIECEWISE_BEZIER_KNOTS.);
#1386 = CARTESIAN_POINT('',(0.,12.));
#1387 = CARTESIAN_POINT('',(3.5,12.));
#1388 = ( GEOMETRIC_REPRESENTATION_CONTEXT(2) 
PARAMETRIC_REPRESENTATION_CONTEXT() REPRESENTATION_CONTEXT('2D SPACE',''
  ) );
#1389 = ORIENTED_EDGE('',*,*,#1390,.F.);
#1390 = EDGE_CURVE('',#1391,#1365,#1393,.T.);
#1391 = VERTEX_POINT('',#1392);
#1392 = CARTESIAN_POINT('',(295.,-5.,-72.5));
#1393 = SURFACE_CURVE('',#1394,(#1398,#1404),.PCURVE_S1.);
#1394 = LINE('',#1395,#1396);
#1395 = CARTESIAN_POINT('',(295.,-37.,-72.5));
#1396 = VECTOR('',#1397,1.);
#1397 = DIRECTION('',(0.,-1.,0.));
#1398 = PCURVE('',#330,#1399);
#1399 = DEFINITIONAL_REPRESENTATION('',(#1400),#1403);
#1400 = B_SPLINE_CURVE_WITH_KNOTS('',1,(#1401,#1402),.UNSPECIFIED.,.F.,
  .F.,(2,2),(-32.,-23.),.PIECEWISE_BEZIER_KNOTS.);
#1401 = CARTESIAN_POINT('',(10.5,-55.));
#1402 = CARTESIAN_POINT('',(10.5,-46.));
#1403 = ( GEOMETRIC_REPRESENTATION_CONTEXT(2) 
PARAMETRIC_REPRESENTATION_CONTEXT() REPRESENTATION_CONTEXT('2D SPACE',''
  ) );
#1404 = PCURVE('',#1405,#1410);
#1405 = PLANE('',#1406);
#1406 = AXIS2_PLACEMENT_3D('',#1407,#1408,#1409);
#1407 = CARTESIAN_POINT('',(283.,-14.,-72.5));
#1408 = DIRECTION('',(0.,0.,1.));
#1409 = DIRECTION('',(1.,0.,0.));
#1410 = DEFINITIONAL_REPRESENTATION('',(#1411),#1414);
#1411 = B_SPLINE_CURVE_WITH_KNOTS('',1,(#1412,#1413),.UNSPECIFIED.,.F.,
  .F.,(2,2),(-32.,-23.),.PIECEWISE_BEZIER_KNOTS.);
#1412 = CARTESIAN_POINT('',(12.,9.));
#1413 = CARTESIAN_POINT('',(12.,0.));
#1414 = ( GEOMETRIC_REPRESENTATION_CONTEXT(2) 
PARAMETRIC_REPRESENTATION_CONTEXT() REPRESENTATION_CONTEXT('2D SPACE',''
  ) );
#1415 = ORIENTED_EDGE('',*,*,#1416,.F.);
#1416 = EDGE_CURVE('',#1337,#1391,#1417,.T.);
#1417 = SURFACE_CURVE('',#1418,(#1422,#1428),.PCURVE_S1.);
#1418 = LINE('',#1419,#1420);
#1419 = CARTESIAN_POINT('',(295.,-5.,-79.5));
#1420 = VECTOR('',#1421,1.);
#1421 = DIRECTION('',(0.,0.,1.));
#1422 = PCURVE('',#330,#1423);
#1423 = DEFINITIONAL_REPRESENTATION('',(#1424),#1427);
#1424 = B_SPLINE_CURVE_WITH_KNOTS('',1,(#1425,#1426),.UNSPECIFIED.,.F.,
  .F.,(2,2),(3.5,7.),.PIECEWISE_BEZIER_KNOTS.);
#1425 = CARTESIAN_POINT('',(7.,-55.));
#1426 = CARTESIAN_POINT('',(10.5,-55.));
#1427 = ( GEOMETRIC_REPRESENTATION_CONTEXT(2) 
PARAMETRIC_REPRESENTATION_CONTEXT() REPRESENTATION_CONTEXT('2D SPACE',''
  ) );
#1428 = PCURVE('',#1429,#1434);
#1429 = PLANE('',#1430);
#1430 = AXIS2_PLACEMENT_3D('',#1431,#1432,#1433);
#1431 = CARTESIAN_POINT('',(283.,-5.,-76.));
#1432 = DIRECTION('',(0.,1.,0.));
#1433 = DIRECTION('',(0.,0.,1.));
#1434 = DEFINITIONAL_REPRESENTATION('',(#1435),#1438);
#1435 = B_SPLINE_CURVE_WITH_KNOTS('',1,(#1436,#1437),.UNSPECIFIED.,.F.,
  .F.,(2,2),(3.5,7.),.PIECEWISE_BEZIER_KNOTS.);
#1436 = CARTESIAN_POINT('',(0.,12.));
#1437 = CARTESIAN_POINT('',(3.5,12.));
#1438 = ( GEOMETRIC_REPRESENTATION_CONTEXT(2) 
PARAMETRIC_REPRESENTATION_CONTEXT() REPRESENTATION_CONTEXT('2D SPACE',''
  ) );
#1439 = ADVANCED_FACE('',(#1440),#420,.F.);
#1440 = FACE_BOUND('',#1441,.F.);
#1441 = EDGE_LOOP('',(#1442,#1443));
#1442 = ORIENTED_EDGE('',*,*,#1167,.T.);
#1443 = ORIENTED_EDGE('',*,*,#361,.T.);
#1444 = ADVANCED_FACE('',(#1445),#689,.F.);
#1445 = FACE_BOUND('',#1446,.F.);
#1446 = EDGE_LOOP('',(#1447,#1448,#1471,#1492));
#1447 = ORIENTED_EDGE('',*,*,#673,.F.);
#1448 = ORIENTED_EDGE('',*,*,#1449,.T.);
#1449 = EDGE_CURVE('',#674,#1450,#1452,.T.);
#1450 = VERTEX_POINT('',#1451);
#1451 = CARTESIAN_POINT('',(283.,30.,-66.));
#1452 = SURFACE_CURVE('',#1453,(#1457,#1464),.PCURVE_S1.);
#1453 = LINE('',#1454,#1455);
#1454 = CARTESIAN_POINT('',(283.,30.,-79.));
#1455 = VECTOR('',#1456,1.);
#1456 = DIRECTION('',(0.,0.,1.));
#1457 = PCURVE('',#689,#1458);
#1458 = DEFINITIONAL_REPRESENTATION('',(#1459),#1463);
#1459 = LINE('',#1460,#1461);
#1460 = CARTESIAN_POINT('',(0.,0.));
#1461 = VECTOR('',#1462,1.);
#1462 = DIRECTION('',(1.,0.));
#1463 = ( GEOMETRIC_REPRESENTATION_CONTEXT(2) 
PARAMETRIC_REPRESENTATION_CONTEXT() REPRESENTATION_CONTEXT('2D SPACE',''
  ) );
#1464 = PCURVE('',#717,#1465);
#1465 = DEFINITIONAL_REPRESENTATION('',(#1466),#1470);
#1466 = LINE('',#1467,#1468);
#1467 = CARTESIAN_POINT('',(0.,-16.));
#1468 = VECTOR('',#1469,1.);
#1469 = DIRECTION('',(1.,0.));
#1470 = ( GEOMETRIC_REPRESENTATION_CONTEXT(2) 
PARAMETRIC_REPRESENTATION_CONTEXT() REPRESENTATION_CONTEXT('2D SPACE',''
  ) );
#1471 = ORIENTED_EDGE('',*,*,#1472,.T.);
#1472 = EDGE_CURVE('',#1450,#782,#1473,.T.);
#1473 = SURFACE_CURVE('',#1474,(#1478,#1485),.PCURVE_S1.);
#1474 = LINE('',#1475,#1476);
#1475 = CARTESIAN_POINT('',(283.,30.,-66.));
#1476 = VECTOR('',#1477,1.);
#1477 = DIRECTION('',(1.,0.,0.));
#1478 = PCURVE('',#689,#1479);
#1479 = DEFINITIONAL_REPRESENTATION('',(#1480),#1484);
#1480 = LINE('',#1481,#1482);
#1481 = CARTESIAN_POINT('',(13.,0.));
#1482 = VECTOR('',#1483,1.);
#1483 = DIRECTION('',(0.,1.));
#1484 = ( GEOMETRIC_REPRESENTATION_CONTEXT(2) 
PARAMETRIC_REPRESENTATION_CONTEXT() REPRESENTATION_CONTEXT('2D SPACE',''
  ) );
#1485 = PCURVE('',#832,#1486);
#1486 = DEFINITIONAL_REPRESENTATION('',(#1487),#1491);
#1487 = LINE('',#1488,#1489);
#1488 = CARTESIAN_POINT('',(0.,16.));
#1489 = VECTOR('',#1490,1.);
#1490 = DIRECTION('',(1.,0.));
#1491 = ( GEOMETRIC_REPRESENTATION_CONTEXT(2) 
PARAMETRIC_REPRESENTATION_CONTEXT() REPRESENTATION_CONTEXT('2D SPACE',''
  ) );
#1492 = ORIENTED_EDGE('',*,*,#781,.T.);
#1493 = ADVANCED_FACE('',(#1494),#745,.T.);
#1494 = FACE_BOUND('',#1495,.T.);
#1495 = EDGE_LOOP('',(#1496,#1497,#1520,#1541));
#1496 = ORIENTED_EDGE('',*,*,#729,.F.);
#1497 = ORIENTED_EDGE('',*,*,#1498,.T.);
#1498 = EDGE_CURVE('',#702,#1499,#1501,.T.);
#1499 = VERTEX_POINT('',#1500);
#1500 = CARTESIAN_POINT('',(283.,14.,-66.));
#1501 = SURFACE_CURVE('',#1502,(#1506,#1513),.PCURVE_S1.);
#1502 = LINE('',#1503,#1504);
#1503 = CARTESIAN_POINT('',(283.,14.,-79.));
#1504 = VECTOR('',#1505,1.);
#1505 = DIRECTION('',(0.,0.,1.));
#1506 = PCURVE('',#745,#1507);
#1507 = DEFINITIONAL_REPRESENTATION('',(#1508),#1512);
#1508 = LINE('',#1509,#1510);
#1509 = CARTESIAN_POINT('',(0.,0.));
#1510 = VECTOR('',#1511,1.);
#1511 = DIRECTION('',(1.,0.));
#1512 = ( GEOMETRIC_REPRESENTATION_CONTEXT(2) 
PARAMETRIC_REPRESENTATION_CONTEXT() REPRESENTATION_CONTEXT('2D SPACE',''
  ) );
#1513 = PCURVE('',#717,#1514);
#1514 = DEFINITIONAL_REPRESENTATION('',(#1515),#1519);
#1515 = LINE('',#1516,#1517);
#1516 = CARTESIAN_POINT('',(0.,0.));
#1517 = VECTOR('',#1518,1.);
#1518 = DIRECTION('',(1.,0.));
#1519 = ( GEOMETRIC_REPRESENTATION_CONTEXT(2) 
PARAMETRIC_REPRESENTATION_CONTEXT() REPRESENTATION_CONTEXT('2D SPACE',''
  ) );
#1520 = ORIENTED_EDGE('',*,*,#1521,.T.);
#1521 = EDGE_CURVE('',#1499,#1189,#1522,.T.);
#1522 = SURFACE_CURVE('',#1523,(#1527,#1534),.PCURVE_S1.);
#1523 = LINE('',#1524,#1525);
#1524 = CARTESIAN_POINT('',(283.,14.,-66.));
#1525 = VECTOR('',#1526,1.);
#1526 = DIRECTION('',(1.,0.,0.));
#1527 = PCURVE('',#745,#1528);
#1528 = DEFINITIONAL_REPRESENTATION('',(#1529),#1533);
#1529 = LINE('',#1530,#1531);
#1530 = CARTESIAN_POINT('',(13.,0.));
#1531 = VECTOR('',#1532,1.);
#1532 = DIRECTION('',(0.,1.));
#1533 = ( GEOMETRIC_REPRESENTATION_CONTEXT(2) 
PARAMETRIC_REPRESENTATION_CONTEXT() REPRESENTATION_CONTEXT('2D SPACE',''
  ) );
#1534 = PCURVE('',#832,#1535);
#1535 = DEFINITIONAL_REPRESENTATION('',(#1536),#1540);
#1536 = LINE('',#1537,#1538);
#1537 = CARTESIAN_POINT('',(0.,0.));
#1538 = VECTOR('',#1539,1.);
#1539 = DIRECTION('',(1.,0.));
#1540 = ( GEOMETRIC_REPRESENTATION_CONTEXT(2) 
PARAMETRIC_REPRESENTATION_CONTEXT() REPRESENTATION_CONTEXT('2D SPACE',''
  ) );
#1541 = ORIENTED_EDGE('',*,*,#1188,.F.);
#1542 = ADVANCED_FACE('',(#1543),#717,.T.);
#1543 = FACE_BOUND('',#1544,.T.);
#1544 = EDGE_LOOP('',(#1545,#1546,#1547,#1548));
#1545 = ORIENTED_EDGE('',*,*,#1498,.F.);
#1546 = ORIENTED_EDGE('',*,*,#701,.T.);
#1547 = ORIENTED_EDGE('',*,*,#1449,.T.);
#1548 = ORIENTED_EDGE('',*,*,#1549,.F.);
#1549 = EDGE_CURVE('',#1499,#1450,#1550,.T.);
#1550 = SURFACE_CURVE('',#1551,(#1555,#1562),.PCURVE_S1.);
#1551 = LINE('',#1552,#1553);
#1552 = CARTESIAN_POINT('',(283.,14.,-66.));
#1553 = VECTOR('',#1554,1.);
#1554 = DIRECTION('',(0.,1.,0.));
#1555 = PCURVE('',#717,#1556);
#1556 = DEFINITIONAL_REPRESENTATION('',(#1557),#1561);
#1557 = LINE('',#1558,#1559);
#1558 = CARTESIAN_POINT('',(13.,0.));
#1559 = VECTOR('',#1560,1.);
#1560 = DIRECTION('',(0.,-1.));
#1561 = ( GEOMETRIC_REPRESENTATION_CONTEXT(2) 
PARAMETRIC_REPRESENTATION_CONTEXT() REPRESENTATION_CONTEXT('2D SPACE',''
  ) );
#1562 = PCURVE('',#832,#1563);
#1563 = DEFINITIONAL_REPRESENTATION('',(#1564),#1568);
#1564 = LINE('',#1565,#1566);
#1565 = CARTESIAN_POINT('',(0.,0.));
#1566 = VECTOR('',#1567,1.);
#1567 = DIRECTION('',(0.,1.));
#1568 = ( GEOMETRIC_REPRESENTATION_CONTEXT(2) 
PARAMETRIC_REPRESENTATION_CONTEXT() REPRESENTATION_CONTEXT('2D SPACE',''
  ) );
#1569 = ADVANCED_FACE('',(#1570),#1032,.T.);
#1570 = FACE_BOUND('',#1571,.T.);
#1571 = EDGE_LOOP('',(#1572,#1595,#1623,#1644,#1645));
#1572 = ORIENTED_EDGE('',*,*,#1573,.F.);
#1573 = EDGE_CURVE('',#1574,#1121,#1576,.T.);
#1574 = VERTEX_POINT('',#1575);
#1575 = CARTESIAN_POINT('',(283.,-22.,-78.));
#1576 = SURFACE_CURVE('',#1577,(#1581,#1588),.PCURVE_S1.);
#1577 = LINE('',#1578,#1579);
#1578 = CARTESIAN_POINT('',(283.,-22.,-78.));
#1579 = VECTOR('',#1580,1.);
#1580 = DIRECTION('',(1.,0.,0.));
#1581 = PCURVE('',#1032,#1582);
#1582 = DEFINITIONAL_REPRESENTATION('',(#1583),#1587);
#1583 = LINE('',#1584,#1585);
#1584 = CARTESIAN_POINT('',(0.,12.));
#1585 = VECTOR('',#1586,1.);
#1586 = DIRECTION('',(1.,0.));
#1587 = ( GEOMETRIC_REPRESENTATION_CONTEXT(2) 
PARAMETRIC_REPRESENTATION_CONTEXT() REPRESENTATION_CONTEXT('2D SPACE',''
  ) );
#1588 = PCURVE('',#1135,#1589);
#1589 = DEFINITIONAL_REPRESENTATION('',(#1590),#1594);
#1590 = LINE('',#1591,#1592);
#1591 = CARTESIAN_POINT('',(0.,0.));
#1592 = VECTOR('',#1593,1.);
#1593 = DIRECTION('',(0.,1.));
#1594 = ( GEOMETRIC_REPRESENTATION_CONTEXT(2) 
PARAMETRIC_REPRESENTATION_CONTEXT() REPRESENTATION_CONTEXT('2D SPACE',''
  ) );
#1595 = ORIENTED_EDGE('',*,*,#1596,.F.);
#1596 = EDGE_CURVE('',#1597,#1574,#1599,.T.);
#1597 = VERTEX_POINT('',#1598);
#1598 = CARTESIAN_POINT('',(283.,-34.,-78.));
#1599 = SURFACE_CURVE('',#1600,(#1604,#1611),.PCURVE_S1.);
#1600 = LINE('',#1601,#1602);
#1601 = CARTESIAN_POINT('',(283.,-34.,-78.));
#1602 = VECTOR('',#1603,1.);
#1603 = DIRECTION('',(0.,1.,0.));
#1604 = PCURVE('',#1032,#1605);
#1605 = DEFINITIONAL_REPRESENTATION('',(#1606),#1610);
#1606 = LINE('',#1607,#1608);
#1607 = CARTESIAN_POINT('',(0.,0.));
#1608 = VECTOR('',#1609,1.);
#1609 = DIRECTION('',(0.,1.));
#1610 = ( GEOMETRIC_REPRESENTATION_CONTEXT(2) 
PARAMETRIC_REPRESENTATION_CONTEXT() REPRESENTATION_CONTEXT('2D SPACE',''
  ) );
#1611 = PCURVE('',#1612,#1617);
#1612 = PLANE('',#1613);
#1613 = AXIS2_PLACEMENT_3D('',#1614,#1615,#1616);
#1614 = CARTESIAN_POINT('',(283.,-34.,-78.));
#1615 = DIRECTION('',(1.,0.,0.));
#1616 = DIRECTION('',(0.,0.,1.));
#1617 = DEFINITIONAL_REPRESENTATION('',(#1618),#1622);
#1618 = LINE('',#1619,#1620);
#1619 = CARTESIAN_POINT('',(0.,0.));
#1620 = VECTOR('',#1621,1.);
#1621 = DIRECTION('',(0.,-1.));
#1622 = ( GEOMETRIC_REPRESENTATION_CONTEXT(2) 
PARAMETRIC_REPRESENTATION_CONTEXT() REPRESENTATION_CONTEXT('2D SPACE',''
  ) );
#1623 = ORIENTED_EDGE('',*,*,#1624,.T.);
#1624 = EDGE_CURVE('',#1597,#975,#1625,.T.);
#1625 = SURFACE_CURVE('',#1626,(#1630,#1637),.PCURVE_S1.);
#1626 = LINE('',#1627,#1628);
#1627 = CARTESIAN_POINT('',(283.,-34.,-78.));
#1628 = VECTOR('',#1629,1.);
#1629 = DIRECTION('',(1.,0.,0.));
#1630 = PCURVE('',#1032,#1631);
#1631 = DEFINITIONAL_REPRESENTATION('',(#1632),#1636);
#1632 = LINE('',#1633,#1634);
#1633 = CARTESIAN_POINT('',(0.,0.));
#1634 = VECTOR('',#1635,1.);
#1635 = DIRECTION('',(1.,0.));
#1636 = ( GEOMETRIC_REPRESENTATION_CONTEXT(2) 
PARAMETRIC_REPRESENTATION_CONTEXT() REPRESENTATION_CONTEXT('2D SPACE',''
  ) );
#1637 = PCURVE('',#994,#1638);
#1638 = DEFINITIONAL_REPRESENTATION('',(#1639),#1643);
#1639 = LINE('',#1640,#1641);
#1640 = CARTESIAN_POINT('',(0.,0.));
#1641 = VECTOR('',#1642,1.);
#1642 = DIRECTION('',(0.,1.));
#1643 = ( GEOMETRIC_REPRESENTATION_CONTEXT(2) 
PARAMETRIC_REPRESENTATION_CONTEXT() REPRESENTATION_CONTEXT('2D SPACE',''
  ) );
#1644 = ORIENTED_EDGE('',*,*,#1008,.F.);
#1645 = ORIENTED_EDGE('',*,*,#1146,.F.);
#1646 = ADVANCED_FACE('',(#1647),#994,.T.);
#1647 = FACE_BOUND('',#1648,.T.);
#1648 = EDGE_LOOP('',(#1649,#1650,#1673,#1694));
#1649 = ORIENTED_EDGE('',*,*,#1624,.F.);
#1650 = ORIENTED_EDGE('',*,*,#1651,.T.);
#1651 = EDGE_CURVE('',#1597,#1652,#1654,.T.);
#1652 = VERTEX_POINT('',#1653);
#1653 = CARTESIAN_POINT('',(283.,-34.,-69.));
#1654 = SURFACE_CURVE('',#1655,(#1659,#1666),.PCURVE_S1.);
#1655 = LINE('',#1656,#1657);
#1656 = CARTESIAN_POINT('',(283.,-34.,-78.));
#1657 = VECTOR('',#1658,1.);
#1658 = DIRECTION('',(0.,0.,1.));
#1659 = PCURVE('',#994,#1660);
#1660 = DEFINITIONAL_REPRESENTATION('',(#1661),#1665);
#1661 = LINE('',#1662,#1663);
#1662 = CARTESIAN_POINT('',(0.,0.));
#1663 = VECTOR('',#1664,1.);
#1664 = DIRECTION('',(1.,0.));
#1665 = ( GEOMETRIC_REPRESENTATION_CONTEXT(2) 
PARAMETRIC_REPRESENTATION_CONTEXT() REPRESENTATION_CONTEXT('2D SPACE',''
  ) );
#1666 = PCURVE('',#1612,#1667);
#1667 = DEFINITIONAL_REPRESENTATION('',(#1668),#1672);
#1668 = LINE('',#1669,#1670);
#1669 = CARTESIAN_POINT('',(0.,0.));
#1670 = VECTOR('',#1671,1.);
#1671 = DIRECTION('',(1.,0.));
#1672 = ( GEOMETRIC_REPRESENTATION_CONTEXT(2) 
PARAMETRIC_REPRESENTATION_CONTEXT() REPRESENTATION_CONTEXT('2D SPACE',''
  ) );
#1673 = ORIENTED_EDGE('',*,*,#1674,.T.);
#1674 = EDGE_CURVE('',#1652,#935,#1675,.T.);
#1675 = SURFACE_CURVE('',#1676,(#1680,#1687),.PCURVE_S1.);
#1676 = LINE('',#1677,#1678);
#1677 = CARTESIAN_POINT('',(283.,-34.,-69.));
#1678 = VECTOR('',#1679,1.);
#1679 = DIRECTION('',(1.,0.,0.));
#1680 = PCURVE('',#994,#1681);
#1681 = DEFINITIONAL_REPRESENTATION('',(#1682),#1686);
#1682 = LINE('',#1683,#1684);
#1683 = CARTESIAN_POINT('',(9.,0.));
#1684 = VECTOR('',#1685,1.);
#1685 = DIRECTION('',(0.,1.));
#1686 = ( GEOMETRIC_REPRESENTATION_CONTEXT(2) 
PARAMETRIC_REPRESENTATION_CONTEXT() REPRESENTATION_CONTEXT('2D SPACE',''
  ) );
#1687 = PCURVE('',#958,#1688);
#1688 = DEFINITIONAL_REPRESENTATION('',(#1689),#1693);
#1689 = LINE('',#1690,#1691);
#1690 = CARTESIAN_POINT('',(0.,0.));
#1691 = VECTOR('',#1692,1.);
#1692 = DIRECTION('',(1.,0.));
#1693 = ( GEOMETRIC_REPRESENTATION_CONTEXT(2) 
PARAMETRIC_REPRESENTATION_CONTEXT() REPRESENTATION_CONTEXT('2D SPACE',''
  ) );
#1694 = ORIENTED_EDGE('',*,*,#974,.T.);
#1695 = ADVANCED_FACE('',(#1696),#958,.F.);
#1696 = FACE_BOUND('',#1697,.F.);
#1697 = EDGE_LOOP('',(#1698,#1721,#1742,#1743,#1744));
#1698 = ORIENTED_EDGE('',*,*,#1699,.F.);
#1699 = EDGE_CURVE('',#1700,#1100,#1702,.T.);
#1700 = VERTEX_POINT('',#1701);
#1701 = CARTESIAN_POINT('',(283.,-22.,-69.));
#1702 = SURFACE_CURVE('',#1703,(#1707,#1714),.PCURVE_S1.);
#1703 = LINE('',#1704,#1705);
#1704 = CARTESIAN_POINT('',(283.,-22.,-69.));
#1705 = VECTOR('',#1706,1.);
#1706 = DIRECTION('',(1.,0.,0.));
#1707 = PCURVE('',#958,#1708);
#1708 = DEFINITIONAL_REPRESENTATION('',(#1709),#1713);
#1709 = LINE('',#1710,#1711);
#1710 = CARTESIAN_POINT('',(0.,12.));
#1711 = VECTOR('',#1712,1.);
#1712 = DIRECTION('',(1.,0.));
#1713 = ( GEOMETRIC_REPRESENTATION_CONTEXT(2) 
PARAMETRIC_REPRESENTATION_CONTEXT() REPRESENTATION_CONTEXT('2D SPACE',''
  ) );
#1714 = PCURVE('',#1135,#1715);
#1715 = DEFINITIONAL_REPRESENTATION('',(#1716),#1720);
#1716 = LINE('',#1717,#1718);
#1717 = CARTESIAN_POINT('',(9.,0.));
#1718 = VECTOR('',#1719,1.);
#1719 = DIRECTION('',(0.,1.));
#1720 = ( GEOMETRIC_REPRESENTATION_CONTEXT(2) 
PARAMETRIC_REPRESENTATION_CONTEXT() REPRESENTATION_CONTEXT('2D SPACE',''
  ) );
#1721 = ORIENTED_EDGE('',*,*,#1722,.F.);
#1722 = EDGE_CURVE('',#1652,#1700,#1723,.T.);
#1723 = SURFACE_CURVE('',#1724,(#1728,#1735),.PCURVE_S1.);
#1724 = LINE('',#1725,#1726);
#1725 = CARTESIAN_POINT('',(283.,-34.,-69.));
#1726 = VECTOR('',#1727,1.);
#1727 = DIRECTION('',(0.,1.,0.));
#1728 = PCURVE('',#958,#1729);
#1729 = DEFINITIONAL_REPRESENTATION('',(#1730),#1734);
#1730 = LINE('',#1731,#1732);
#1731 = CARTESIAN_POINT('',(0.,0.));
#1732 = VECTOR('',#1733,1.);
#1733 = DIRECTION('',(0.,1.));
#1734 = ( GEOMETRIC_REPRESENTATION_CONTEXT(2) 
PARAMETRIC_REPRESENTATION_CONTEXT() REPRESENTATION_CONTEXT('2D SPACE',''
  ) );
#1735 = PCURVE('',#1612,#1736);
#1736 = DEFINITIONAL_REPRESENTATION('',(#1737),#1741);
#1737 = LINE('',#1738,#1739);
#1738 = CARTESIAN_POINT('',(9.,0.));
#1739 = VECTOR('',#1740,1.);
#1740 = DIRECTION('',(0.,-1.));
#1741 = ( GEOMETRIC_REPRESENTATION_CONTEXT(2) 
PARAMETRIC_REPRESENTATION_CONTEXT() REPRESENTATION_CONTEXT('2D SPACE',''
  ) );
#1742 = ORIENTED_EDGE('',*,*,#1674,.T.);
#1743 = ORIENTED_EDGE('',*,*,#934,.F.);
#1744 = ORIENTED_EDGE('',*,*,#1099,.F.);
#1745 = ADVANCED_FACE('',(#1746),#893,.T.);
#1746 = FACE_BOUND('',#1747,.T.);
#1747 = EDGE_LOOP('',(#1748,#1749));
#1748 = ORIENTED_EDGE('',*,*,#1079,.T.);
#1749 = ORIENTED_EDGE('',*,*,#876,.T.);
#1750 = ADVANCED_FACE('',(#1751),#832,.F.);
#1751 = FACE_BOUND('',#1752,.F.);
#1752 = EDGE_LOOP('',(#1753,#1754,#1755,#1756,#1757));
#1753 = ORIENTED_EDGE('',*,*,#1472,.F.);
#1754 = ORIENTED_EDGE('',*,*,#1549,.F.);
#1755 = ORIENTED_EDGE('',*,*,#1521,.T.);
#1756 = ORIENTED_EDGE('',*,*,#1209,.F.);
#1757 = ORIENTED_EDGE('',*,*,#810,.F.);
#1758 = ADVANCED_FACE('',(#1759),#1135,.F.);
#1759 = FACE_BOUND('',#1760,.F.);
#1760 = EDGE_LOOP('',(#1761,#1762,#1783,#1784));
#1761 = ORIENTED_EDGE('',*,*,#1573,.F.);
#1762 = ORIENTED_EDGE('',*,*,#1763,.T.);
#1763 = EDGE_CURVE('',#1574,#1700,#1764,.T.);
#1764 = SURFACE_CURVE('',#1765,(#1769,#1776),.PCURVE_S1.);
#1765 = LINE('',#1766,#1767);
#1766 = CARTESIAN_POINT('',(283.,-22.,-78.));
#1767 = VECTOR('',#1768,1.);
#1768 = DIRECTION('',(0.,0.,1.));
#1769 = PCURVE('',#1135,#1770);
#1770 = DEFINITIONAL_REPRESENTATION('',(#1771),#1775);
#1771 = LINE('',#1772,#1773);
#1772 = CARTESIAN_POINT('',(0.,0.));
#1773 = VECTOR('',#1774,1.);
#1774 = DIRECTION('',(1.,0.));
#1775 = ( GEOMETRIC_REPRESENTATION_CONTEXT(2) 
PARAMETRIC_REPRESENTATION_CONTEXT() REPRESENTATION_CONTEXT('2D SPACE',''
  ) );
#1776 = PCURVE('',#1612,#1777);
#1777 = DEFINITIONAL_REPRESENTATION('',(#1778),#1782);
#1778 = LINE('',#1779,#1780);
#1779 = CARTESIAN_POINT('',(0.,-12.));
#1780 = VECTOR('',#1781,1.);
#1781 = DIRECTION('',(1.,0.));
#1782 = ( GEOMETRIC_REPRESENTATION_CONTEXT(2) 
PARAMETRIC_REPRESENTATION_CONTEXT() REPRESENTATION_CONTEXT('2D SPACE',''
  ) );
#1783 = ORIENTED_EDGE('',*,*,#1699,.T.);
#1784 = ORIENTED_EDGE('',*,*,#1120,.F.);
#1785 = ADVANCED_FACE('',(#1786),#1247,.T.);
#1786 = FACE_BOUND('',#1787,.T.);
#1787 = EDGE_LOOP('',(#1788,#1811,#1839,#1860));
#1788 = ORIENTED_EDGE('',*,*,#1789,.F.);
#1789 = EDGE_CURVE('',#1790,#1231,#1792,.T.);
#1790 = VERTEX_POINT('',#1791);
#1791 = CARTESIAN_POINT('',(283.,7.,-76.));
#1792 = SURFACE_CURVE('',#1793,(#1797,#1804),.PCURVE_S1.);
#1793 = LINE('',#1794,#1795);
#1794 = CARTESIAN_POINT('',(283.,7.,-76.));
#1795 = VECTOR('',#1796,1.);
#1796 = DIRECTION('',(1.,0.,0.));
#1797 = PCURVE('',#1247,#1798);
#1798 = DEFINITIONAL_REPRESENTATION('',(#1799),#1803);
#1799 = LINE('',#1800,#1801);
#1800 = CARTESIAN_POINT('',(0.,9.));
#1801 = VECTOR('',#1802,1.);
#1802 = DIRECTION('',(1.,0.));
#1803 = ( GEOMETRIC_REPRESENTATION_CONTEXT(2) 
PARAMETRIC_REPRESENTATION_CONTEXT() REPRESENTATION_CONTEXT('2D SPACE',''
  ) );
#1804 = PCURVE('',#1323,#1805);
#1805 = DEFINITIONAL_REPRESENTATION('',(#1806),#1810);
#1806 = LINE('',#1807,#1808);
#1807 = CARTESIAN_POINT('',(0.,0.));
#1808 = VECTOR('',#1809,1.);
#1809 = DIRECTION('',(0.,1.));
#1810 = ( GEOMETRIC_REPRESENTATION_CONTEXT(2) 
PARAMETRIC_REPRESENTATION_CONTEXT() REPRESENTATION_CONTEXT('2D SPACE',''
  ) );
#1811 = ORIENTED_EDGE('',*,*,#1812,.F.);
#1812 = EDGE_CURVE('',#1813,#1790,#1815,.T.);
#1813 = VERTEX_POINT('',#1814);
#1814 = CARTESIAN_POINT('',(283.,-2.,-76.));
#1815 = SURFACE_CURVE('',#1816,(#1820,#1827),.PCURVE_S1.);
#1816 = LINE('',#1817,#1818);
#1817 = CARTESIAN_POINT('',(283.,-2.,-76.));
#1818 = VECTOR('',#1819,1.);
#1819 = DIRECTION('',(0.,1.,0.));
#1820 = PCURVE('',#1247,#1821);
#1821 = DEFINITIONAL_REPRESENTATION('',(#1822),#1826);
#1822 = LINE('',#1823,#1824);
#1823 = CARTESIAN_POINT('',(0.,0.));
#1824 = VECTOR('',#1825,1.);
#1825 = DIRECTION('',(0.,1.));
#1826 = ( GEOMETRIC_REPRESENTATION_CONTEXT(2) 
PARAMETRIC_REPRESENTATION_CONTEXT() REPRESENTATION_CONTEXT('2D SPACE',''
  ) );
#1827 = PCURVE('',#1828,#1833);
#1828 = PLANE('',#1829);
#1829 = AXIS2_PLACEMENT_3D('',#1830,#1831,#1832);
#1830 = CARTESIAN_POINT('',(283.,-2.,-76.));
#1831 = DIRECTION('',(1.,0.,0.));
#1832 = DIRECTION('',(0.,0.,1.));
#1833 = DEFINITIONAL_REPRESENTATION('',(#1834),#1838);
#1834 = LINE('',#1835,#1836);
#1835 = CARTESIAN_POINT('',(0.,0.));
#1836 = VECTOR('',#1837,1.);
#1837 = DIRECTION('',(0.,-1.));
#1838 = ( GEOMETRIC_REPRESENTATION_CONTEXT(2) 
PARAMETRIC_REPRESENTATION_CONTEXT() REPRESENTATION_CONTEXT('2D SPACE',''
  ) );
#1839 = ORIENTED_EDGE('',*,*,#1840,.T.);
#1840 = EDGE_CURVE('',#1813,#1233,#1841,.T.);
#1841 = SURFACE_CURVE('',#1842,(#1846,#1853),.PCURVE_S1.);
#1842 = LINE('',#1843,#1844);
#1843 = CARTESIAN_POINT('',(283.,-2.,-76.));
#1844 = VECTOR('',#1845,1.);
#1845 = DIRECTION('',(1.,0.,0.));
#1846 = PCURVE('',#1247,#1847);
#1847 = DEFINITIONAL_REPRESENTATION('',(#1848),#1852);
#1848 = LINE('',#1849,#1850);
#1849 = CARTESIAN_POINT('',(0.,0.));
#1850 = VECTOR('',#1851,1.);
#1851 = DIRECTION('',(1.,0.));
#1852 = ( GEOMETRIC_REPRESENTATION_CONTEXT(2) 
PARAMETRIC_REPRESENTATION_CONTEXT() REPRESENTATION_CONTEXT('2D SPACE',''
  ) );
#1853 = PCURVE('',#1273,#1854);
#1854 = DEFINITIONAL_REPRESENTATION('',(#1855),#1859);
#1855 = LINE('',#1856,#1857);
#1856 = CARTESIAN_POINT('',(0.,0.));
#1857 = VECTOR('',#1858,1.);
#1858 = DIRECTION('',(0.,1.));
#1859 = ( GEOMETRIC_REPRESENTATION_CONTEXT(2) 
PARAMETRIC_REPRESENTATION_CONTEXT() REPRESENTATION_CONTEXT('2D SPACE',''
  ) );
#1860 = ORIENTED_EDGE('',*,*,#1230,.F.);
#1861 = ADVANCED_FACE('',(#1862),#1323,.F.);
#1862 = FACE_BOUND('',#1863,.F.);
#1863 = EDGE_LOOP('',(#1864,#1865,#1888,#1909));
#1864 = ORIENTED_EDGE('',*,*,#1789,.F.);
#1865 = ORIENTED_EDGE('',*,*,#1866,.T.);
#1866 = EDGE_CURVE('',#1790,#1867,#1869,.T.);
#1867 = VERTEX_POINT('',#1868);
#1868 = CARTESIAN_POINT('',(283.,7.,-72.5));
#1869 = SURFACE_CURVE('',#1870,(#1874,#1881),.PCURVE_S1.);
#1870 = LINE('',#1871,#1872);
#1871 = CARTESIAN_POINT('',(283.,7.,-76.));
#1872 = VECTOR('',#1873,1.);
#1873 = DIRECTION('',(0.,0.,1.));
#1874 = PCURVE('',#1323,#1875);
#1875 = DEFINITIONAL_REPRESENTATION('',(#1876),#1880);
#1876 = LINE('',#1877,#1878);
#1877 = CARTESIAN_POINT('',(0.,0.));
#1878 = VECTOR('',#1879,1.);
#1879 = DIRECTION('',(1.,0.));
#1880 = ( GEOMETRIC_REPRESENTATION_CONTEXT(2) 
PARAMETRIC_REPRESENTATION_CONTEXT() REPRESENTATION_CONTEXT('2D SPACE',''
  ) );
#1881 = PCURVE('',#1828,#1882);
#1882 = DEFINITIONAL_REPRESENTATION('',(#1883),#1887);
#1883 = LINE('',#1884,#1885);
#1884 = CARTESIAN_POINT('',(0.,-9.));
#1885 = VECTOR('',#1886,1.);
#1886 = DIRECTION('',(1.,0.));
#1887 = ( GEOMETRIC_REPRESENTATION_CONTEXT(2) 
PARAMETRIC_REPRESENTATION_CONTEXT() REPRESENTATION_CONTEXT('2D SPACE',''
  ) );
#1888 = ORIENTED_EDGE('',*,*,#1889,.T.);
#1889 = EDGE_CURVE('',#1867,#1285,#1890,.T.);
#1890 = SURFACE_CURVE('',#1891,(#1895,#1902),.PCURVE_S1.);
#1891 = LINE('',#1892,#1893);
#1892 = CARTESIAN_POINT('',(283.,7.,-72.5));
#1893 = VECTOR('',#1894,1.);
#1894 = DIRECTION('',(1.,0.,0.));
#1895 = PCURVE('',#1323,#1896);
#1896 = DEFINITIONAL_REPRESENTATION('',(#1897),#1901);
#1897 = LINE('',#1898,#1899);
#1898 = CARTESIAN_POINT('',(3.5,0.));
#1899 = VECTOR('',#1900,1.);
#1900 = DIRECTION('',(0.,1.));
#1901 = ( GEOMETRIC_REPRESENTATION_CONTEXT(2) 
PARAMETRIC_REPRESENTATION_CONTEXT() REPRESENTATION_CONTEXT('2D SPACE',''
  ) );
#1902 = PCURVE('',#1299,#1903);
#1903 = DEFINITIONAL_REPRESENTATION('',(#1904),#1908);
#1904 = LINE('',#1905,#1906);
#1905 = CARTESIAN_POINT('',(0.,9.));
#1906 = VECTOR('',#1907,1.);
#1907 = DIRECTION('',(1.,0.));
#1908 = ( GEOMETRIC_REPRESENTATION_CONTEXT(2) 
PARAMETRIC_REPRESENTATION_CONTEXT() REPRESENTATION_CONTEXT('2D SPACE',''
  ) );
#1909 = ORIENTED_EDGE('',*,*,#1310,.F.);
#1910 = ADVANCED_FACE('',(#1911),#1273,.T.);
#1911 = FACE_BOUND('',#1912,.T.);
#1912 = EDGE_LOOP('',(#1913,#1914,#1937,#1958));
#1913 = ORIENTED_EDGE('',*,*,#1840,.F.);
#1914 = ORIENTED_EDGE('',*,*,#1915,.T.);
#1915 = EDGE_CURVE('',#1813,#1916,#1918,.T.);
#1916 = VERTEX_POINT('',#1917);
#1917 = CARTESIAN_POINT('',(283.,-2.,-72.5));
#1918 = SURFACE_CURVE('',#1919,(#1923,#1930),.PCURVE_S1.);
#1919 = LINE('',#1920,#1921);
#1920 = CARTESIAN_POINT('',(283.,-2.,-76.));
#1921 = VECTOR('',#1922,1.);
#1922 = DIRECTION('',(0.,0.,1.));
#1923 = PCURVE('',#1273,#1924);
#1924 = DEFINITIONAL_REPRESENTATION('',(#1925),#1929);
#1925 = LINE('',#1926,#1927);
#1926 = CARTESIAN_POINT('',(0.,0.));
#1927 = VECTOR('',#1928,1.);
#1928 = DIRECTION('',(1.,0.));
#1929 = ( GEOMETRIC_REPRESENTATION_CONTEXT(2) 
PARAMETRIC_REPRESENTATION_CONTEXT() REPRESENTATION_CONTEXT('2D SPACE',''
  ) );
#1930 = PCURVE('',#1828,#1931);
#1931 = DEFINITIONAL_REPRESENTATION('',(#1932),#1936);
#1932 = LINE('',#1933,#1934);
#1933 = CARTESIAN_POINT('',(0.,0.));
#1934 = VECTOR('',#1935,1.);
#1935 = DIRECTION('',(1.,0.));
#1936 = ( GEOMETRIC_REPRESENTATION_CONTEXT(2) 
PARAMETRIC_REPRESENTATION_CONTEXT() REPRESENTATION_CONTEXT('2D SPACE',''
  ) );
#1937 = ORIENTED_EDGE('',*,*,#1938,.T.);
#1938 = EDGE_CURVE('',#1916,#1259,#1939,.T.);
#1939 = SURFACE_CURVE('',#1940,(#1944,#1951),.PCURVE_S1.);
#1940 = LINE('',#1941,#1942);
#1941 = CARTESIAN_POINT('',(283.,-2.,-72.5));
#1942 = VECTOR('',#1943,1.);
#1943 = DIRECTION('',(1.,0.,0.));
#1944 = PCURVE('',#1273,#1945);
#1945 = DEFINITIONAL_REPRESENTATION('',(#1946),#1950);
#1946 = LINE('',#1947,#1948);
#1947 = CARTESIAN_POINT('',(3.5,0.));
#1948 = VECTOR('',#1949,1.);
#1949 = DIRECTION('',(0.,1.));
#1950 = ( GEOMETRIC_REPRESENTATION_CONTEXT(2) 
PARAMETRIC_REPRESENTATION_CONTEXT() REPRESENTATION_CONTEXT('2D SPACE',''
  ) );
#1951 = PCURVE('',#1299,#1952);
#1952 = DEFINITIONAL_REPRESENTATION('',(#1953),#1957);
#1953 = LINE('',#1954,#1955);
#1954 = CARTESIAN_POINT('',(0.,0.));
#1955 = VECTOR('',#1956,1.);
#1956 = DIRECTION('',(1.,0.));
#1957 = ( GEOMETRIC_REPRESENTATION_CONTEXT(2) 
PARAMETRIC_REPRESENTATION_CONTEXT() REPRESENTATION_CONTEXT('2D SPACE',''
  ) );
#1958 = ORIENTED_EDGE('',*,*,#1258,.F.);
#1959 = ADVANCED_FACE('',(#1960),#1299,.F.);
#1960 = FACE_BOUND('',#1961,.F.);
#1961 = EDGE_LOOP('',(#1962,#1963,#1984,#1985));
#1962 = ORIENTED_EDGE('',*,*,#1889,.F.);
#1963 = ORIENTED_EDGE('',*,*,#1964,.F.);
#1964 = EDGE_CURVE('',#1916,#1867,#1965,.T.);
#1965 = SURFACE_CURVE('',#1966,(#1970,#1977),.PCURVE_S1.);
#1966 = LINE('',#1967,#1968);
#1967 = CARTESIAN_POINT('',(283.,-2.,-72.5));
#1968 = VECTOR('',#1969,1.);
#1969 = DIRECTION('',(0.,1.,0.));
#1970 = PCURVE('',#1299,#1971);
#1971 = DEFINITIONAL_REPRESENTATION('',(#1972),#1976);
#1972 = LINE('',#1973,#1974);
#1973 = CARTESIAN_POINT('',(0.,0.));
#1974 = VECTOR('',#1975,1.);
#1975 = DIRECTION('',(0.,1.));
#1976 = ( GEOMETRIC_REPRESENTATION_CONTEXT(2) 
PARAMETRIC_REPRESENTATION_CONTEXT() REPRESENTATION_CONTEXT('2D SPACE',''
  ) );
#1977 = PCURVE('',#1828,#1978);
#1978 = DEFINITIONAL_REPRESENTATION('',(#1979),#1983);
#1979 = LINE('',#1980,#1981);
#1980 = CARTESIAN_POINT('',(3.5,0.));
#1981 = VECTOR('',#1982,1.);
#1982 = DIRECTION('',(0.,-1.));
#1983 = ( GEOMETRIC_REPRESENTATION_CONTEXT(2) 
PARAMETRIC_REPRESENTATION_CONTEXT() REPRESENTATION_CONTEXT('2D SPACE',''
  ) );
#1984 = ORIENTED_EDGE('',*,*,#1938,.T.);
#1985 = ORIENTED_EDGE('',*,*,#1284,.F.);
#1986 = ADVANCED_FACE('',(#1987),#1353,.T.);
#1987 = FACE_BOUND('',#1988,.T.);
#1988 = EDGE_LOOP('',(#1989,#2012,#2040,#2061));
#1989 = ORIENTED_EDGE('',*,*,#1990,.F.);
#1990 = EDGE_CURVE('',#1991,#1337,#1993,.T.);
#1991 = VERTEX_POINT('',#1992);
#1992 = CARTESIAN_POINT('',(283.,-5.,-76.));
#1993 = SURFACE_CURVE('',#1994,(#1998,#2005),.PCURVE_S1.);
#1994 = LINE('',#1995,#1996);
#1995 = CARTESIAN_POINT('',(283.,-5.,-76.));
#1996 = VECTOR('',#1997,1.);
#1997 = DIRECTION('',(1.,0.,0.));
#1998 = PCURVE('',#1353,#1999);
#1999 = DEFINITIONAL_REPRESENTATION('',(#2000),#2004);
#2000 = LINE('',#2001,#2002);
#2001 = CARTESIAN_POINT('',(0.,9.));
#2002 = VECTOR('',#2003,1.);
#2003 = DIRECTION('',(1.,0.));
#2004 = ( GEOMETRIC_REPRESENTATION_CONTEXT(2) 
PARAMETRIC_REPRESENTATION_CONTEXT() REPRESENTATION_CONTEXT('2D SPACE',''
  ) );
#2005 = PCURVE('',#1429,#2006);
#2006 = DEFINITIONAL_REPRESENTATION('',(#2007),#2011);
#2007 = LINE('',#2008,#2009);
#2008 = CARTESIAN_POINT('',(0.,0.));
#2009 = VECTOR('',#2010,1.);
#2010 = DIRECTION('',(0.,1.));
#2011 = ( GEOMETRIC_REPRESENTATION_CONTEXT(2) 
PARAMETRIC_REPRESENTATION_CONTEXT() REPRESENTATION_CONTEXT('2D SPACE',''
  ) );
#2012 = ORIENTED_EDGE('',*,*,#2013,.F.);
#2013 = EDGE_CURVE('',#2014,#1991,#2016,.T.);
#2014 = VERTEX_POINT('',#2015);
#2015 = CARTESIAN_POINT('',(283.,-14.,-76.));
#2016 = SURFACE_CURVE('',#2017,(#2021,#2028),.PCURVE_S1.);
#2017 = LINE('',#2018,#2019);
#2018 = CARTESIAN_POINT('',(283.,-14.,-76.));
#2019 = VECTOR('',#2020,1.);
#2020 = DIRECTION('',(0.,1.,0.));
#2021 = PCURVE('',#1353,#2022);
#2022 = DEFINITIONAL_REPRESENTATION('',(#2023),#2027);
#2023 = LINE('',#2024,#2025);
#2024 = CARTESIAN_POINT('',(0.,0.));
#2025 = VECTOR('',#2026,1.);
#2026 = DIRECTION('',(0.,1.));
#2027 = ( GEOMETRIC_REPRESENTATION_CONTEXT(2) 
PARAMETRIC_REPRESENTATION_CONTEXT() REPRESENTATION_CONTEXT('2D SPACE',''
  ) );
#2028 = PCURVE('',#2029,#2034);
#2029 = PLANE('',#2030);
#2030 = AXIS2_PLACEMENT_3D('',#2031,#2032,#2033);
#2031 = CARTESIAN_POINT('',(283.,-14.,-76.));
#2032 = DIRECTION('',(1.,0.,0.));
#2033 = DIRECTION('',(0.,0.,1.));
#2034 = DEFINITIONAL_REPRESENTATION('',(#2035),#2039);
#2035 = LINE('',#2036,#2037);
#2036 = CARTESIAN_POINT('',(0.,0.));
#2037 = VECTOR('',#2038,1.);
#2038 = DIRECTION('',(0.,-1.));
#2039 = ( GEOMETRIC_REPRESENTATION_CONTEXT(2) 
PARAMETRIC_REPRESENTATION_CONTEXT() REPRESENTATION_CONTEXT('2D SPACE',''
  ) );
#2040 = ORIENTED_EDGE('',*,*,#2041,.T.);
#2041 = EDGE_CURVE('',#2014,#1339,#2042,.T.);
#2042 = SURFACE_CURVE('',#2043,(#2047,#2054),.PCURVE_S1.);
#2043 = LINE('',#2044,#2045);
#2044 = CARTESIAN_POINT('',(283.,-14.,-76.));
#2045 = VECTOR('',#2046,1.);
#2046 = DIRECTION('',(1.,0.,0.));
#2047 = PCURVE('',#1353,#2048);
#2048 = DEFINITIONAL_REPRESENTATION('',(#2049),#2053);
#2049 = LINE('',#2050,#2051);
#2050 = CARTESIAN_POINT('',(0.,0.));
#2051 = VECTOR('',#2052,1.);
#2052 = DIRECTION('',(1.,0.));
#2053 = ( GEOMETRIC_REPRESENTATION_CONTEXT(2) 
PARAMETRIC_REPRESENTATION_CONTEXT() REPRESENTATION_CONTEXT('2D SPACE',''
  ) );
#2054 = PCURVE('',#1379,#2055);
#2055 = DEFINITIONAL_REPRESENTATION('',(#2056),#2060);
#2056 = LINE('',#2057,#2058);
#2057 = CARTESIAN_POINT('',(0.,0.));
#2058 = VECTOR('',#2059,1.);
#2059 = DIRECTION('',(0.,1.));
#2060 = ( GEOMETRIC_REPRESENTATION_CONTEXT(2) 
PARAMETRIC_REPRESENTATION_CONTEXT() REPRESENTATION_CONTEXT('2D SPACE',''
  ) );
#2061 = ORIENTED_EDGE('',*,*,#1336,.F.);
#2062 = ADVANCED_FACE('',(#2063),#1429,.F.);
#2063 = FACE_BOUND('',#2064,.F.);
#2064 = EDGE_LOOP('',(#2065,#2066,#2089,#2110));
#2065 = ORIENTED_EDGE('',*,*,#1990,.F.);
#2066 = ORIENTED_EDGE('',*,*,#2067,.T.);
#2067 = EDGE_CURVE('',#1991,#2068,#2070,.T.);
#2068 = VERTEX_POINT('',#2069);
#2069 = CARTESIAN_POINT('',(283.,-5.,-72.5));
#2070 = SURFACE_CURVE('',#2071,(#2075,#2082),.PCURVE_S1.);
#2071 = LINE('',#2072,#2073);
#2072 = CARTESIAN_POINT('',(283.,-5.,-76.));
#2073 = VECTOR('',#2074,1.);
#2074 = DIRECTION('',(0.,0.,1.));
#2075 = PCURVE('',#1429,#2076);
#2076 = DEFINITIONAL_REPRESENTATION('',(#2077),#2081);
#2077 = LINE('',#2078,#2079);
#2078 = CARTESIAN_POINT('',(0.,0.));
#2079 = VECTOR('',#2080,1.);
#2080 = DIRECTION('',(1.,0.));
#2081 = ( GEOMETRIC_REPRESENTATION_CONTEXT(2) 
PARAMETRIC_REPRESENTATION_CONTEXT() REPRESENTATION_CONTEXT('2D SPACE',''
  ) );
#2082 = PCURVE('',#2029,#2083);
#2083 = DEFINITIONAL_REPRESENTATION('',(#2084),#2088);
#2084 = LINE('',#2085,#2086);
#2085 = CARTESIAN_POINT('',(0.,-9.));
#2086 = VECTOR('',#2087,1.);
#2087 = DIRECTION('',(1.,0.));
#2088 = ( GEOMETRIC_REPRESENTATION_CONTEXT(2) 
PARAMETRIC_REPRESENTATION_CONTEXT() REPRESENTATION_CONTEXT('2D SPACE',''
  ) );
#2089 = ORIENTED_EDGE('',*,*,#2090,.T.);
#2090 = EDGE_CURVE('',#2068,#1391,#2091,.T.);
#2091 = SURFACE_CURVE('',#2092,(#2096,#2103),.PCURVE_S1.);
#2092 = LINE('',#2093,#2094);
#2093 = CARTESIAN_POINT('',(283.,-5.,-72.5));
#2094 = VECTOR('',#2095,1.);
#2095 = DIRECTION('',(1.,0.,0.));
#2096 = PCURVE('',#1429,#2097);
#2097 = DEFINITIONAL_REPRESENTATION('',(#2098),#2102);
#2098 = LINE('',#2099,#2100);
#2099 = CARTESIAN_POINT('',(3.5,0.));
#2100 = VECTOR('',#2101,1.);
#2101 = DIRECTION('',(0.,1.));
#2102 = ( GEOMETRIC_REPRESENTATION_CONTEXT(2) 
PARAMETRIC_REPRESENTATION_CONTEXT() REPRESENTATION_CONTEXT('2D SPACE',''
  ) );
#2103 = PCURVE('',#1405,#2104);
#2104 = DEFINITIONAL_REPRESENTATION('',(#2105),#2109);
#2105 = LINE('',#2106,#2107);
#2106 = CARTESIAN_POINT('',(0.,9.));
#2107 = VECTOR('',#2108,1.);
#2108 = DIRECTION('',(1.,0.));
#2109 = ( GEOMETRIC_REPRESENTATION_CONTEXT(2) 
PARAMETRIC_REPRESENTATION_CONTEXT() REPRESENTATION_CONTEXT('2D SPACE',''
  ) );
#2110 = ORIENTED_EDGE('',*,*,#1416,.F.);
#2111 = ADVANCED_FACE('',(#2112),#1379,.T.);
#2112 = FACE_BOUND('',#2113,.T.);
#2113 = EDGE_LOOP('',(#2114,#2115,#2138,#2159));
#2114 = ORIENTED_EDGE('',*,*,#2041,.F.);
#2115 = ORIENTED_EDGE('',*,*,#2116,.T.);
#2116 = EDGE_CURVE('',#2014,#2117,#2119,.T.);
#2117 = VERTEX_POINT('',#2118);
#2118 = CARTESIAN_POINT('',(283.,-14.,-72.5));
#2119 = SURFACE_CURVE('',#2120,(#2124,#2131),.PCURVE_S1.);
#2120 = LINE('',#2121,#2122);
#2121 = CARTESIAN_POINT('',(283.,-14.,-76.));
#2122 = VECTOR('',#2123,1.);
#2123 = DIRECTION('',(0.,0.,1.));
#2124 = PCURVE('',#1379,#2125);
#2125 = DEFINITIONAL_REPRESENTATION('',(#2126),#2130);
#2126 = LINE('',#2127,#2128);
#2127 = CARTESIAN_POINT('',(0.,0.));
#2128 = VECTOR('',#2129,1.);
#2129 = DIRECTION('',(1.,0.));
#2130 = ( GEOMETRIC_REPRESENTATION_CONTEXT(2) 
PARAMETRIC_REPRESENTATION_CONTEXT() REPRESENTATION_CONTEXT('2D SPACE',''
  ) );
#2131 = PCURVE('',#2029,#2132);
#2132 = DEFINITIONAL_REPRESENTATION('',(#2133),#2137);
#2133 = LINE('',#2134,#2135);
#2134 = CARTESIAN_POINT('',(0.,0.));
#2135 = VECTOR('',#2136,1.);
#2136 = DIRECTION('',(1.,0.));
#2137 = ( GEOMETRIC_REPRESENTATION_CONTEXT(2) 
PARAMETRIC_REPRESENTATION_CONTEXT() REPRESENTATION_CONTEXT('2D SPACE',''
  ) );
#2138 = ORIENTED_EDGE('',*,*,#2139,.T.);
#2139 = EDGE_CURVE('',#2117,#1365,#2140,.T.);
#2140 = SURFACE_CURVE('',#2141,(#2145,#2152),.PCURVE_S1.);
#2141 = LINE('',#2142,#2143);
#2142 = CARTESIAN_POINT('',(283.,-14.,-72.5));
#2143 = VECTOR('',#2144,1.);
#2144 = DIRECTION('',(1.,0.,0.));
#2145 = PCURVE('',#1379,#2146);
#2146 = DEFINITIONAL_REPRESENTATION('',(#2147),#2151);
#2147 = LINE('',#2148,#2149);
#2148 = CARTESIAN_POINT('',(3.5,0.));
#2149 = VECTOR('',#2150,1.);
#2150 = DIRECTION('',(0.,1.));
#2151 = ( GEOMETRIC_REPRESENTATION_CONTEXT(2) 
PARAMETRIC_REPRESENTATION_CONTEXT() REPRESENTATION_CONTEXT('2D SPACE',''
  ) );
#2152 = PCURVE('',#1405,#2153);
#2153 = DEFINITIONAL_REPRESENTATION('',(#2154),#2158);
#2154 = LINE('',#2155,#2156);
#2155 = CARTESIAN_POINT('',(0.,0.));
#2156 = VECTOR('',#2157,1.);
#2157 = DIRECTION('',(1.,0.));
#2158 = ( GEOMETRIC_REPRESENTATION_CONTEXT(2) 
PARAMETRIC_REPRESENTATION_CONTEXT() REPRESENTATION_CONTEXT('2D SPACE',''
  ) );
#2159 = ORIENTED_EDGE('',*,*,#1364,.F.);
#2160 = ADVANCED_FACE('',(#2161),#1405,.F.);
#2161 = FACE_BOUND('',#2162,.F.);
#2162 = EDGE_LOOP('',(#2163,#2164,#2185,#2186));
#2163 = ORIENTED_EDGE('',*,*,#2090,.F.);
#2164 = ORIENTED_EDGE('',*,*,#2165,.F.);
#2165 = EDGE_CURVE('',#2117,#2068,#2166,.T.);
#2166 = SURFACE_CURVE('',#2167,(#2171,#2178),.PCURVE_S1.);
#2167 = LINE('',#2168,#2169);
#2168 = CARTESIAN_POINT('',(283.,-14.,-72.5));
#2169 = VECTOR('',#2170,1.);
#2170 = DIRECTION('',(0.,1.,0.));
#2171 = PCURVE('',#1405,#2172);
#2172 = DEFINITIONAL_REPRESENTATION('',(#2173),#2177);
#2173 = LINE('',#2174,#2175);
#2174 = CARTESIAN_POINT('',(0.,0.));
#2175 = VECTOR('',#2176,1.);
#2176 = DIRECTION('',(0.,1.));
#2177 = ( GEOMETRIC_REPRESENTATION_CONTEXT(2) 
PARAMETRIC_REPRESENTATION_CONTEXT() REPRESENTATION_CONTEXT('2D SPACE',''
  ) );
#2178 = PCURVE('',#2029,#2179);
#2179 = DEFINITIONAL_REPRESENTATION('',(#2180),#2184);
#2180 = LINE('',#2181,#2182);
#2181 = CARTESIAN_POINT('',(3.5,0.));
#2182 = VECTOR('',#2183,1.);
#2183 = DIRECTION('',(0.,-1.));
#2184 = ( GEOMETRIC_REPRESENTATION_CONTEXT(2) 
PARAMETRIC_REPRESENTATION_CONTEXT() REPRESENTATION_CONTEXT('2D SPACE',''
  ) );
#2185 = ORIENTED_EDGE('',*,*,#2139,.T.);
#2186 = ORIENTED_EDGE('',*,*,#1390,.F.);
#2187 = ADVANCED_FACE('',(#2188),#1612,.T.);
#2188 = FACE_BOUND('',#2189,.T.);
#2189 = EDGE_LOOP('',(#2190,#2191,#2192,#2193));
#2190 = ORIENTED_EDGE('',*,*,#1651,.F.);
#2191 = ORIENTED_EDGE('',*,*,#1596,.T.);
#2192 = ORIENTED_EDGE('',*,*,#1763,.T.);
#2193 = ORIENTED_EDGE('',*,*,#1722,.F.);
#2194 = ADVANCED_FACE('',(#2195),#1828,.T.);
#2195 = FACE_BOUND('',#2196,.T.);
#2196 = EDGE_LOOP('',(#2197,#2198,#2199,#2200));
#2197 = ORIENTED_EDGE('',*,*,#1915,.F.);
#2198 = ORIENTED_EDGE('',*,*,#1812,.T.);
#2199 = ORIENTED_EDGE('',*,*,#1866,.T.);
#2200 = ORIENTED_EDGE('',*,*,#1964,.F.);
#2201 = ADVANCED_FACE('',(#2202),#2029,.T.);
#2202 = FACE_BOUND('',#2203,.T.);
#2203 = EDGE_LOOP('',(#2204,#2205,#2206,#2207));
#2204 = ORIENTED_EDGE('',*,*,#2116,.F.);
#2205 = ORIENTED_EDGE('',*,*,#2013,.T.);
#2206 = ORIENTED_EDGE('',*,*,#2067,.T.);
#2207 = ORIENTED_EDGE('',*,*,#2165,.F.);
#2208 = ( GEOMETRIC_REPRESENTATION_CONTEXT(3) 
GLOBAL_UNCERTAINTY_ASSIGNED_CONTEXT((#2212)) 
GLOBAL_UNIT_ASSIGNED_CONTEXT((#2209,#2210,#2211)) REPRESENTATION_CONTEXT
('Context #1','3D Context with UNIT and UNCERTAINTY') );
#2209 = ( LENGTH_UNIT() NAMED_UNIT(*) SI_UNIT(.MILLI.,.METRE.) );
#2210 = ( NAMED_UNIT(*) PLANE_ANGLE_UNIT() SI_UNIT($,.RADIAN.) );
#2211 = ( NAMED_UNIT(*) SI_UNIT($,.STERADIAN.) SOLID_ANGLE_UNIT() );
#2212 = UNCERTAINTY_MEASURE_WITH_UNIT(LENGTH_MEASURE(2.E-06),#2209,
  'distance_accuracy_value','confusion accuracy');
#2213 = PRODUCT_RELATED_PRODUCT_CATEGORY('part',$,(#7));
ENDSEC;
END-ISO-10303-21;
