ISO-10303-21;
HEADER;
FILE_DESCRIPTION(('Open CASCADE Model'),'2;1');
FILE_NAME('Open CASCADE Shape Model','2026-10-08T06:35:16',('Author'),(
    'Open CASCADE'),'Open CASCADE STEP processor 7.9','Open CASCADE 7.9'
  ,'Unknown');
FILE_SCHEMA(('AUTOMOTIVE_DESIGN { 1 0 10303 214 1 1 1 1 }'));
ENDSEC;
DATA;
#1 = APPLICATION_PROTOCOL_DEFINITION('international standard',
  'automotive_design',2000,#2);
#2 = APPLICATION_CONTEXT(
  'core data for automotive mechanical design processes');
#3 = SHAPE_DEFINITION_REPRESENTATION(#4,#10);
#4 = PRODUCT_DEFINITION_SHAPE('','',#5);
#5 = PRODUCT_DEFINITION('design','',#6,#9);
#6 = PRODUCT_DEFINITION_FORMATION('','',#7);
#7 = PRODUCT('Open CASCADE STEP translator 7.9 4',
  'Open CASCADE STEP translator 7.9 4','',(#8));
#8 = PRODUCT_CONTEXT('',#2,'mechanical');
#9 = PRODUCT_DEFINITION_CONTEXT('part definition',#2,'design');
#10 = SHAPE_REPRESENTATION('',(#11,#15,#19,#23,#27),#31);
#11 = AXIS2_PLACEMENT_3D('',#12,#13,#14);
#12 = CARTESIAN_POINT('',(0.,0.,0.));
#13 = DIRECTION('',(0.,0.,1.));
#14 = DIRECTION('',(1.,0.,-0.));
#15 = AXIS2_PLACEMENT_3D('',#16,#17,#18);
#16 = CARTESIAN_POINT('',(0.,0.,0.));
#17 = DIRECTION('',(0.,0.,1.));
#18 = DIRECTION('',(1.,0.,-0.));
#19 = AXIS2_PLACEMENT_3D('',#20,#21,#22);
#20 = CARTESIAN_POINT('',(0.,0.,0.));
#21 = DIRECTION('',(0.,0.,1.));
#22 = DIRECTION('',(1.,0.,-0.));
#23 = AXIS2_PLACEMENT_3D('',#24,#25,#26);
#24 = CARTESIAN_POINT('',(0.,0.,0.));
#25 = DIRECTION('',(0.,0.,1.));
#26 = DIRECTION('',(1.,0.,-0.));
#27 = AXIS2_PLACEMENT_3D('',#28,#29,#30);
#28 = CARTESIAN_POINT('',(0.,0.,0.));
#29 = DIRECTION('',(0.,0.,1.));
#30 = DIRECTION('',(1.,0.,-0.));
#31 = ( GEOMETRIC_REPRESENTATION_CONTEXT(3) 
GLOBAL_UNCERTAINTY_ASSIGNED_CONTEXT((#35)) GLOBAL_UNIT_ASSIGNED_CONTEXT(
(#32,#33,#34)) REPRESENTATION_CONTEXT('Context #1',
  '3D Context with UNIT and UNCERTAINTY') );
#32 = ( LENGTH_UNIT() NAMED_UNIT(*) SI_UNIT(.MILLI.,.METRE.) );
#33 = ( NAMED_UNIT(*) PLANE_ANGLE_UNIT() SI_UNIT($,.RADIAN.) );
#34 = ( NAMED_UNIT(*) SI_UNIT($,.STERADIAN.) SOLID_ANGLE_UNIT() );
#35 = UNCERTAINTY_MEASURE_WITH_UNIT(LENGTH_MEASURE(2.E-06),#32,
  'distance_accuracy_value','confusion accuracy');
#36 = PRODUCT_RELATED_PRODUCT_CATEGORY('part',$,(#7));
#37 = SHAPE_DEFINITION_REPRESENTATION(#38,#44);
#38 = PRODUCT_DEFINITION_SHAPE('','',#39);
#39 = PRODUCT_DEFINITION('design','',#40,#43);
#40 = PRODUCT_DEFINITION_FORMATION('','',#41);
#41 = PRODUCT('Open CASCADE STEP translator 7.9 4.1',
  'Open CASCADE STEP translator 7.9 4.1','',(#42));
#42 = PRODUCT_CONTEXT('',#2,'mechanical');
#43 = PRODUCT_DEFINITION_CONTEXT('part definition',#2,'design');
#44 = ADVANCED_BREP_SHAPE_REPRESENTATION('',(#11,#45),#1129);
#45 = MANIFOLD_SOLID_BREP('',#46);
#46 = CLOSED_SHELL('',(#47,#586,#848,#1042));
#47 = ADVANCED_FACE('',(#48),#115,.T.);
#48 = FACE_BOUND('',#49,.T.);
#49 = EDGE_LOOP('',(#50,#311,#394,#585));
#50 = ORIENTED_EDGE('',*,*,#51,.F.);
#51 = EDGE_CURVE('',#52,#52,#54,.T.);
#52 = VERTEX_POINT('',#53);
#53 = CARTESIAN_POINT('',(129.99179232146,0.,153.));
#54 = SURFACE_CURVE('',#55,(#114,#244),.PCURVE_S1.);
#55 = B_SPLINE_CURVE_WITH_KNOTS('',8,(#56,#57,#58,#59,#60,#61,#62,#63,
    #64,#65,#66,#67,#68,#69,#70,#71,#72,#73,#74,#75,#76,#77,#78,#79,#80,
    #81,#82,#83,#84,#85,#86,#87,#88,#89,#90,#91,#92,#93,#94,#95,#96,#97,
    #98,#99,#100,#101,#102,#103,#104,#105,#106,#107,#108,#109,#110,#111,
    #112,#113),.UNSPECIFIED.,.T.,.F.,(9,7,7,7,7,7,7,7,9),(0.,0.125,
    0.250000000001,0.375,0.499999999998,0.624999999999,0.75,0.875,1.),
  .UNSPECIFIED.);
#56 = CARTESIAN_POINT('',(129.99179232146,-3.116428197783E-14,153.));
#57 = CARTESIAN_POINT('',(129.99179278466,-12.75865363365,153.));
#58 = CARTESIAN_POINT('',(128.5606368091,-25.52600011615,153.));
#59 = CARTESIAN_POINT('',(125.69494073052,-38.10121321354,153.));
#60 = CARTESIAN_POINT('',(121.42908396328,-50.29757344458,153.));
#61 = CARTESIAN_POINT('',(115.82137118634,-61.93811871604,153.));
#62 = CARTESIAN_POINT('',(108.95570586002,-72.85649030293,153.));
#63 = CARTESIAN_POINT('',(100.93980867981,-82.89634767341,153.));
#64 = CARTESIAN_POINT('',(82.896347673497,-100.9398086797,153.));
#65 = CARTESIAN_POINT('',(72.856490302573,-108.9557058602,153.));
#66 = CARTESIAN_POINT('',(61.93811871689,-115.8213711857,153.));
#67 = CARTESIAN_POINT('',(50.297573443537,-121.429083964,153.));
#68 = CARTESIAN_POINT('',(38.101213214352,-125.6949407299,153.));
#69 = CARTESIAN_POINT('',(25.526000115849,-128.5606368093,153.));
#70 = CARTESIAN_POINT('',(12.758653633728,-129.9917927846,153.));
#71 = CARTESIAN_POINT('',(-12.75865363367,-129.9917927846,153.));
#72 = CARTESIAN_POINT('',(-25.52600011597,-128.5606368092,153.));
#73 = CARTESIAN_POINT('',(-38.10121321396,-125.6949407303,153.));
#74 = CARTESIAN_POINT('',(-50.29757344398,-121.4290839635,153.));
#75 = CARTESIAN_POINT('',(-61.93811871652,-115.8213711861,153.));
#76 = CARTESIAN_POINT('',(-72.85649030269,-108.9557058601,153.));
#77 = CARTESIAN_POINT('',(-82.89634767344,-100.9398086798,153.));
#78 = CARTESIAN_POINT('',(-100.9398086797,-82.89634767342,153.));
#79 = CARTESIAN_POINT('',(-108.9557058601,-72.85649030294,153.));
#80 = CARTESIAN_POINT('',(-115.821371186,-61.93811871605,153.));
#81 = CARTESIAN_POINT('',(-121.4290839635,-50.29757344468,153.));
#82 = CARTESIAN_POINT('',(-125.6949407302,-38.10121321344,153.));
#83 = CARTESIAN_POINT('',(-128.5606368092,-25.52600011626,153.));
#84 = CARTESIAN_POINT('',(-129.9917927846,-12.75865363364,153.));
#85 = CARTESIAN_POINT('',(-129.9917927846,12.758653633647,153.));
#86 = CARTESIAN_POINT('',(-128.5606368092,25.526000116055,153.));
#87 = CARTESIAN_POINT('',(-125.6949407301,38.101213213823,153.));
#88 = CARTESIAN_POINT('',(-121.4290839637,50.297573444115,153.));
#89 = CARTESIAN_POINT('',(-115.8213711859,61.938118716446,153.));
#90 = CARTESIAN_POINT('',(-108.9557058602,72.856490302717,153.));
#91 = CARTESIAN_POINT('',(-100.9398086797,82.896347673448,153.));
#92 = CARTESIAN_POINT('',(-82.89634767344,100.93980867977,153.));
#93 = CARTESIAN_POINT('',(-72.8564903029,108.95570586011,153.));
#94 = CARTESIAN_POINT('',(-61.93811871609,115.82137118615,153.));
#95 = CARTESIAN_POINT('',(-50.29757344466,121.42908396346,153.));
#96 = CARTESIAN_POINT('',(-38.10121321343,125.69494073039,153.));
#97 = CARTESIAN_POINT('',(-25.52600011627,128.56063680915,153.));
#98 = CARTESIAN_POINT('',(-12.75865363364,129.99179278465,153.));
#99 = CARTESIAN_POINT('',(12.758653633559,129.99179278464,153.));
#100 = CARTESIAN_POINT('',(25.526000116445,128.5606368092,153.));
#101 = CARTESIAN_POINT('',(38.101213213046,125.69494073038,153.));
#102 = CARTESIAN_POINT('',(50.297573445007,121.4290839634,153.));
#103 = CARTESIAN_POINT('',(61.938118715851,115.82137118628,153.));
#104 = CARTESIAN_POINT('',(72.856490302934,108.95570586006,153.));
#105 = CARTESIAN_POINT('',(82.896347673418,100.9398086798,153.));
#106 = CARTESIAN_POINT('',(100.93980867971,82.896347673425,153.));
#107 = CARTESIAN_POINT('',(108.95570586041,72.85649030291,153.));
#108 = CARTESIAN_POINT('',(115.82137118546,61.938118716187,153.));
#109 = CARTESIAN_POINT('',(121.42908396437,50.297573444391,153.));
#110 = CARTESIAN_POINT('',(125.69494072968,38.101213213728,153.));
#111 = CARTESIAN_POINT('',(128.56063680948,25.526000116092,153.));
#112 = CARTESIAN_POINT('',(129.99179278458,12.758653633672,153.));
#113 = CARTESIAN_POINT('',(129.99179232146,-2.742572547424E-15,153.));
#114 = PCURVE('',#115,#183);
#115 = SURFACE_OF_REVOLUTION('',#116,#180);
#116 = B_SPLINE_CURVE_WITH_KNOTS('',3,(#117,#118,#119,#120,#121,#122,
    #123,#124,#125,#126,#127,#128,#129,#130,#131,#132,#133,#134,#135,
    #136,#137,#138,#139,#140,#141,#142,#143,#144,#145,#146,#147,#148,
    #149,#150,#151,#152,#153,#154,#155,#156,#157,#158,#159,#160,#161,
    #162,#163,#164,#165,#166,#167,#168,#169,#170,#171,#172,#173,#174,
    #175,#176,#177,#178,#179),.UNSPECIFIED.,.F.,.F.,(4,1,1,1,1,1,1,1,1,1
    ,1,1,1,1,1,1,1,1,1,1,1,1,1,1,1,1,1,1,1,1,1,1,1,1,1,1,1,1,1,1,1,1,1,1
    ,1,1,1,1,1,1,1,1,1,1,1,1,1,1,1,1,4),(0.,7.902864749699,
    15.802786187668,23.697227738035,31.584444719981,39.463827021701,
    47.33617980871,55.203925133064,63.071210750312,70.943917098593,
    78.829559212838,86.737087067448,94.676594921508,102.65895690425,
    110.69541143983,118.79712037513,126.97472934979,135.23795398435,
    143.59521227876,152.05331797539,160.61724346701,169.28995497128,
    178.0723177804,186.96306576504,195.95882703085,205.05419655689,
    214.24184653728,223.51266571574,232.85591998269,242.25942768257,
    251.70974429783,261.19235233654,270.69185329368,280.19215946003,
    289.67668411285,299.12852925025,308.53067054268,317.86613958952,
    327.11820390352,336.27054531734,345.30743772486,354.21392524235,
    362.97600200007,371.58079484454,380.01675022591,388.27382642851,
    396.34369202255,404.21993089484,411.89825335044,419.3767114358,
    426.65591466514,433.73923959245,440.63302307655,447.3467247015,
    453.89303898769,460.28793354085,466.55058645586,472.70319690461,
    478.77064875397,484.78001942796,490.75994448357),.UNSPECIFIED.);
#117 = CARTESIAN_POINT('',(0.,0.,0.));
#118 = CARTESIAN_POINT('',(2.638196702148,0.,0.));
#119 = CARTESIAN_POINT('',(7.901553473032,0.,0.1644580865));
#120 = CARTESIAN_POINT('',(15.773167205104,0.,0.90391480205));
#121 = CARTESIAN_POINT('',(23.575284142837,0.,2.134173619281));
#122 = CARTESIAN_POINT('',(31.27848734916,0.,3.85197990613));
#123 = CARTESIAN_POINT('',(38.850066789557,0.,6.052775135321));
#124 = CARTESIAN_POINT('',(46.259569875607,0.,8.730695230368));
#125 = CARTESIAN_POINT('',(53.477630412858,0.,11.878569373573));
#126 = CARTESIAN_POINT('',(60.476566136714,0.,15.487920514534));
#127 = CARTESIAN_POINT('',(67.23046949937,0.,19.548969437005));
#128 = CARTESIAN_POINT('',(73.715398013106,0.,24.050644740505));
#129 = CARTESIAN_POINT('',(79.909499571977,0.,28.980601240311));
#130 = CARTESIAN_POINT('',(85.793114562218,0.,34.325248893626));
#131 = CARTESIAN_POINT('',(91.348841380073,0.,40.069793370742));
#132 = CARTESIAN_POINT('',(96.561567289095,0.,46.198287968638));
#133 = CARTESIAN_POINT('',(101.41846363269,0.,52.693695063631));
#134 = CARTESIAN_POINT('',(105.90894705996,0.,59.537954143778));
#135 = CARTESIAN_POINT('',(110.02460992606,0.,66.712052975362));
#136 = CARTESIAN_POINT('',(113.75912470599,0.,74.196098733169));
#137 = CARTESIAN_POINT('',(117.10812828962,0.,81.969386800466));
#138 = CARTESIAN_POINT('',(120.06909235621,0.,90.010466099395));
#139 = CARTESIAN_POINT('',(122.64118566781,0.,98.297200907206));
#140 = CARTESIAN_POINT('',(124.82513328367,0.,106.80682991106));
#141 = CARTESIAN_POINT('',(126.62307663671,0.,115.51602366513));
#142 = CARTESIAN_POINT('',(128.03843735172,0.,124.40094167558));
#143 = CARTESIAN_POINT('',(129.07578676592,0.,133.43729015986));
#144 = CARTESIAN_POINT('',(129.74072239362,0.,142.6003812269));
#145 = CARTESIAN_POINT('',(130.03975205526,0.,151.8651939028));
#146 = CARTESIAN_POINT('',(129.98018603158,0.,161.20643714404));
#147 = CARTESIAN_POINT('',(129.57003736189,0.,170.59861476412));
#148 = CARTESIAN_POINT('',(128.81793024125,0.,180.01609205358));
#149 = CARTESIAN_POINT('',(127.73301635611,0.,189.43316378815));
#150 = CARTESIAN_POINT('',(126.32489891222,0.,198.82412327899));
#151 = CARTESIAN_POINT('',(124.603564042,0.,208.16333210975));
#152 = CARTESIAN_POINT('',(122.57931922494,0.,217.42529021277));
#153 = CARTESIAN_POINT('',(120.26273831283,0.,226.58470595439));
#154 = CARTESIAN_POINT('',(117.66461271902,0.,235.61656591852));
#155 = CARTESIAN_POINT('',(114.79590830843,0.,244.49620409549));
#156 = CARTESIAN_POINT('',(111.6677275116,0.,253.19937019728));
#157 = CARTESIAN_POINT('',(108.29127618064,0.,261.70229682759));
#158 = CARTESIAN_POINT('',(104.6778347092,0.,269.98176523572));
#159 = CARTESIAN_POINT('',(100.83873294827,0.,278.01516937538));
#160 = CARTESIAN_POINT('',(96.785328479163,0.,285.7805779712));
#161 = CARTESIAN_POINT('',(92.528987811013,0.,293.25679426745));
#162 = CARTESIAN_POINT('',(88.08107022487,0.,300.42341309304));
#163 = CARTESIAN_POINT('',(83.452913690388,0.,307.26087482704));
#164 = CARTESIAN_POINT('',(78.655823746425,0.,313.75051579426));
#165 = CARTESIAN_POINT('',(73.701061526449,0.,319.87461457366));
#166 = CARTESIAN_POINT('',(68.59984491301,0.,325.6164336884));
#167 = CARTESIAN_POINT('',(63.363313940603,0.,330.96025620866));
#168 = CARTESIAN_POINT('',(58.002638808622,0.,335.89141700411));
#169 = CARTESIAN_POINT('',(52.528635577467,0.,340.39632882429));
#170 = CARTESIAN_POINT('',(46.953171865482,0.,344.46250415832));
#171 = CARTESIAN_POINT('',(41.284188154886,0.,348.07857498423));
#172 = CARTESIAN_POINT('',(35.543671908498,0.,351.23431397453));
#173 = CARTESIAN_POINT('',(29.703145103637,0.,353.9206621096));
#174 = CARTESIAN_POINT('',(23.916608520724,0.,356.12976821376));
#175 = CARTESIAN_POINT('',(17.67692259536,0.,357.8550446213));
#176 = CARTESIAN_POINT('',(12.88703741307,0.,359.0912391347));
#177 = CARTESIAN_POINT('',(2.61452678257,0.,359.83451685202));
#178 = CARTESIAN_POINT('',(9.2359286067,-0.,360.));
#179 = CARTESIAN_POINT('',(0.,0.,360.));
#180 = AXIS1_PLACEMENT('',#181,#182);
#181 = CARTESIAN_POINT('',(0.,0.,0.));
#182 = DIRECTION('',(0.,0.,1.));
#183 = DEFINITIONAL_REPRESENTATION('',(#184),#243);
#184 = B_SPLINE_CURVE_WITH_KNOTS('',8,(#185,#186,#187,#188,#189,#190,
    #191,#192,#193,#194,#195,#196,#197,#198,#199,#200,#201,#202,#203,
    #204,#205,#206,#207,#208,#209,#210,#211,#212,#213,#214,#215,#216,
    #217,#218,#219,#220,#221,#222,#223,#224,#225,#226,#227,#228,#229,
    #230,#231,#232,#233,#234,#235,#236,#237,#238,#239,#240,#241,#242),
  .UNSPECIFIED.,.F.,.F.,(9,7,7,7,7,7,7,7,9),(0.,0.125,0.250000000001,
    0.375,0.499999999998,0.624999999999,0.75,0.875,1.),.UNSPECIFIED.);
#185 = CARTESIAN_POINT('',(6.28318530718,224.67086471179));
#186 = CARTESIAN_POINT('',(6.185035599029,224.67086471179));
#187 = CARTESIAN_POINT('',(6.08681919952,224.67086471179));
#188 = CARTESIAN_POINT('',(5.988639305171,224.67086471179));
#189 = CARTESIAN_POINT('',(5.890486225511,224.67086471179));
#190 = CARTESIAN_POINT('',(5.792333145743,224.67086471179));
#191 = CARTESIAN_POINT('',(5.694153251464,224.67086471179));
#192 = CARTESIAN_POINT('',(5.595936851928,224.67086471179));
#193 = CARTESIAN_POINT('',(5.399637435635,224.67086471179));
#194 = CARTESIAN_POINT('',(5.301421036105,224.67086471179));
#195 = CARTESIAN_POINT('',(5.20324114181,224.67086471179));
#196 = CARTESIAN_POINT('',(5.105088062068,224.67086471179));
#197 = CARTESIAN_POINT('',(5.00693498238,224.67086471179));
#198 = CARTESIAN_POINT('',(4.908755088051,224.67086471179));
#199 = CARTESIAN_POINT('',(4.810538688534,224.67086471179));
#200 = CARTESIAN_POINT('',(4.614239272238,224.67086471179));
#201 = CARTESIAN_POINT('',(4.516022872709,224.67086471179));
#202 = CARTESIAN_POINT('',(4.417842978412,224.67086471179));
#203 = CARTESIAN_POINT('',(4.319689898671,224.67086471179));
#204 = CARTESIAN_POINT('',(4.221536818984,224.67086471179));
#205 = CARTESIAN_POINT('',(4.123356924653,224.67086471179));
#206 = CARTESIAN_POINT('',(4.025140525137,224.67086471179));
#207 = CARTESIAN_POINT('',(3.828841108838,224.67086471179));
#208 = CARTESIAN_POINT('',(3.730624709321,224.67086471179));
#209 = CARTESIAN_POINT('',(3.632444814993,224.67086471179));
#210 = CARTESIAN_POINT('',(3.534291735302,224.67086471179));
#211 = CARTESIAN_POINT('',(3.436138655564,224.67086471179));
#212 = CARTESIAN_POINT('',(3.337958761266,224.67086471179));
#213 = CARTESIAN_POINT('',(3.239742361737,224.67086471179));
#214 = CARTESIAN_POINT('',(3.043442945441,224.67086471179));
#215 = CARTESIAN_POINT('',(2.945226545922,224.67086471179));
#216 = CARTESIAN_POINT('',(2.847046651599,224.67086471179));
#217 = CARTESIAN_POINT('',(2.748893571901,224.67086471179));
#218 = CARTESIAN_POINT('',(2.650740492169,224.67086471179));
#219 = CARTESIAN_POINT('',(2.552560597867,224.67086471179));
#220 = CARTESIAN_POINT('',(2.45434419834,224.67086471179));
#221 = CARTESIAN_POINT('',(2.258044782044,224.67086471179));
#222 = CARTESIAN_POINT('',(2.15982838252,224.67086471179));
#223 = CARTESIAN_POINT('',(2.06164848821,224.67086471179));
#224 = CARTESIAN_POINT('',(1.963495408491,224.67086471179));
#225 = CARTESIAN_POINT('',(1.865342328781,224.67086471179));
#226 = CARTESIAN_POINT('',(1.767162434465,224.67086471179));
#227 = CARTESIAN_POINT('',(1.668946034943,224.67086471179));
#228 = CARTESIAN_POINT('',(1.472646618648,224.67086471179));
#229 = CARTESIAN_POINT('',(1.37443021912,224.67086471179));
#230 = CARTESIAN_POINT('',(1.276250324819,224.67086471179));
#231 = CARTESIAN_POINT('',(1.178097245086,224.67086471179));
#232 = CARTESIAN_POINT('',(1.079944165389,224.67086471179));
#233 = CARTESIAN_POINT('',(0.981764271066,224.67086471179));
#234 = CARTESIAN_POINT('',(0.883547871546,224.67086471179));
#235 = CARTESIAN_POINT('',(0.687248455248,224.67086471179));
#236 = CARTESIAN_POINT('',(0.58903205573,224.67086471179));
#237 = CARTESIAN_POINT('',(0.490852161407,224.67086471179));
#238 = CARTESIAN_POINT('',(0.392699081706,224.67086471179));
#239 = CARTESIAN_POINT('',(0.29454600198,224.67086471179));
#240 = CARTESIAN_POINT('',(0.196366107673,224.67086471179));
#241 = CARTESIAN_POINT('',(9.814970814795E-02,224.67086471179));
#242 = CARTESIAN_POINT('',(0.,224.67086471179));
#243 = ( GEOMETRIC_REPRESENTATION_CONTEXT(2) 
PARAMETRIC_REPRESENTATION_CONTEXT() REPRESENTATION_CONTEXT('2D SPACE',''
  ) );
#244 = PCURVE('',#245,#250);
#245 = PLANE('',#246);
#246 = AXIS2_PLACEMENT_3D('',#247,#248,#249);
#247 = CARTESIAN_POINT('',(-1.40025869572E-14,2.567913688298E-14,153.));
#248 = DIRECTION('',(0.,0.,1.));
#249 = DIRECTION('',(1.,0.,-0.));
#250 = DEFINITIONAL_REPRESENTATION('',(#251),#310);
#251 = B_SPLINE_CURVE_WITH_KNOTS('',8,(#252,#253,#254,#255,#256,#257,
    #258,#259,#260,#261,#262,#263,#264,#265,#266,#267,#268,#269,#270,
    #271,#272,#273,#274,#275,#276,#277,#278,#279,#280,#281,#282,#283,
    #284,#285,#286,#287,#288,#289,#290,#291,#292,#293,#294,#295,#296,
    #297,#298,#299,#300,#301,#302,#303,#304,#305,#306,#307,#308,#309),
  .UNSPECIFIED.,.F.,.F.,(9,7,7,7,7,7,7,7,9),(0.,0.125,0.250000000001,
    0.375,0.499999999998,0.624999999999,0.75,0.875,1.),.UNSPECIFIED.);
#252 = CARTESIAN_POINT('',(129.99179232146,-5.684341886081E-14));
#253 = CARTESIAN_POINT('',(129.99179278466,-12.75865363365));
#254 = CARTESIAN_POINT('',(128.5606368091,-25.52600011615));
#255 = CARTESIAN_POINT('',(125.69494073052,-38.10121321354));
#256 = CARTESIAN_POINT('',(121.42908396328,-50.29757344458));
#257 = CARTESIAN_POINT('',(115.82137118634,-61.93811871604));
#258 = CARTESIAN_POINT('',(108.95570586002,-72.85649030293));
#259 = CARTESIAN_POINT('',(100.93980867981,-82.89634767341));
#260 = CARTESIAN_POINT('',(82.896347673497,-100.9398086797));
#261 = CARTESIAN_POINT('',(72.856490302573,-108.9557058602));
#262 = CARTESIAN_POINT('',(61.93811871689,-115.8213711857));
#263 = CARTESIAN_POINT('',(50.297573443537,-121.429083964));
#264 = CARTESIAN_POINT('',(38.101213214352,-125.6949407299));
#265 = CARTESIAN_POINT('',(25.526000115849,-128.5606368093));
#266 = CARTESIAN_POINT('',(12.758653633728,-129.9917927846));
#267 = CARTESIAN_POINT('',(-12.75865363367,-129.9917927846));
#268 = CARTESIAN_POINT('',(-25.52600011597,-128.5606368092));
#269 = CARTESIAN_POINT('',(-38.10121321396,-125.6949407303));
#270 = CARTESIAN_POINT('',(-50.29757344398,-121.4290839635));
#271 = CARTESIAN_POINT('',(-61.93811871652,-115.8213711861));
#272 = CARTESIAN_POINT('',(-72.85649030269,-108.9557058601));
#273 = CARTESIAN_POINT('',(-82.89634767344,-100.9398086798));
#274 = CARTESIAN_POINT('',(-100.9398086797,-82.89634767342));
#275 = CARTESIAN_POINT('',(-108.9557058601,-72.85649030294));
#276 = CARTESIAN_POINT('',(-115.821371186,-61.93811871605));
#277 = CARTESIAN_POINT('',(-121.4290839635,-50.29757344468));
#278 = CARTESIAN_POINT('',(-125.6949407302,-38.10121321344));
#279 = CARTESIAN_POINT('',(-128.5606368092,-25.52600011626));
#280 = CARTESIAN_POINT('',(-129.9917927846,-12.75865363364));
#281 = CARTESIAN_POINT('',(-129.9917927846,12.758653633647));
#282 = CARTESIAN_POINT('',(-128.5606368092,25.526000116055));
#283 = CARTESIAN_POINT('',(-125.6949407301,38.101213213823));
#284 = CARTESIAN_POINT('',(-121.4290839637,50.297573444115));
#285 = CARTESIAN_POINT('',(-115.8213711859,61.938118716446));
#286 = CARTESIAN_POINT('',(-108.9557058602,72.856490302717));
#287 = CARTESIAN_POINT('',(-100.9398086797,82.896347673448));
#288 = CARTESIAN_POINT('',(-82.89634767344,100.93980867977));
#289 = CARTESIAN_POINT('',(-72.8564903029,108.95570586011));
#290 = CARTESIAN_POINT('',(-61.93811871609,115.82137118615));
#291 = CARTESIAN_POINT('',(-50.29757344466,121.42908396346));
#292 = CARTESIAN_POINT('',(-38.10121321343,125.69494073039));
#293 = CARTESIAN_POINT('',(-25.52600011627,128.56063680915));
#294 = CARTESIAN_POINT('',(-12.75865363364,129.99179278465));
#295 = CARTESIAN_POINT('',(12.758653633559,129.99179278464));
#296 = CARTESIAN_POINT('',(25.526000116445,128.5606368092));
#297 = CARTESIAN_POINT('',(38.101213213046,125.69494073038));
#298 = CARTESIAN_POINT('',(50.297573445007,121.4290839634));
#299 = CARTESIAN_POINT('',(61.938118715851,115.82137118628));
#300 = CARTESIAN_POINT('',(72.856490302934,108.95570586006));
#301 = CARTESIAN_POINT('',(82.896347673418,100.9398086798));
#302 = CARTESIAN_POINT('',(100.93980867971,82.896347673425));
#303 = CARTESIAN_POINT('',(108.95570586041,72.85649030291));
#304 = CARTESIAN_POINT('',(115.82137118546,61.938118716187));
#305 = CARTESIAN_POINT('',(121.42908396437,50.297573444391));
#306 = CARTESIAN_POINT('',(125.69494072968,38.101213213728));
#307 = CARTESIAN_POINT('',(128.56063680948,25.526000116092));
#308 = CARTESIAN_POINT('',(129.99179278458,12.758653633672));
#309 = CARTESIAN_POINT('',(129.99179232146,-2.84217094304E-14));
#310 = ( GEOMETRIC_REPRESENTATION_CONTEXT(2) 
PARAMETRIC_REPRESENTATION_CONTEXT() REPRESENTATION_CONTEXT('2D SPACE',''
  ) );
#311 = ORIENTED_EDGE('',*,*,#312,.T.);
#312 = EDGE_CURVE('',#52,#313,#315,.T.);
#313 = VERTEX_POINT('',#314);
#314 = CARTESIAN_POINT('',(81.409168973281,0.,310.));
#315 = SEAM_CURVE('',#316,(#380,#387),.PCURVE_S1.);
#316 = B_SPLINE_CURVE_WITH_KNOTS('',3,(#317,#318,#319,#320,#321,#322,
    #323,#324,#325,#326,#327,#328,#329,#330,#331,#332,#333,#334,#335,
    #336,#337,#338,#339,#340,#341,#342,#343,#344,#345,#346,#347,#348,
    #349,#350,#351,#352,#353,#354,#355,#356,#357,#358,#359,#360,#361,
    #362,#363,#364,#365,#366,#367,#368,#369,#370,#371,#372,#373,#374,
    #375,#376,#377,#378,#379),.UNSPECIFIED.,.F.,.F.,(4,1,1,1,1,1,1,1,1,1
    ,1,1,1,1,1,1,1,1,1,1,1,1,1,1,1,1,1,1,1,1,1,1,1,1,1,1,1,1,1,1,1,1,1,1
    ,1,1,1,1,1,1,1,1,1,1,1,1,1,1,1,1,4),(0.,7.902864749699,
    15.802786187668,23.697227738035,31.584444719981,39.463827021701,
    47.33617980871,55.203925133064,63.071210750312,70.943917098593,
    78.829559212838,86.737087067448,94.676594921508,102.65895690425,
    110.69541143983,118.79712037513,126.97472934979,135.23795398435,
    143.59521227876,152.05331797539,160.61724346701,169.28995497128,
    178.0723177804,186.96306576504,195.95882703085,205.05419655689,
    214.24184653728,223.51266571574,232.85591998269,242.25942768257,
    251.70974429783,261.19235233654,270.69185329368,280.19215946003,
    289.67668411285,299.12852925025,308.53067054268,317.86613958952,
    327.11820390352,336.27054531734,345.30743772486,354.21392524235,
    362.97600200007,371.58079484454,380.01675022591,388.27382642851,
    396.34369202255,404.21993089484,411.89825335044,419.3767114358,
    426.65591466514,433.73923959245,440.63302307655,447.3467247015,
    453.89303898769,460.28793354085,466.55058645586,472.70319690461,
    478.77064875397,484.78001942796,490.75994448357),.UNSPECIFIED.);
#317 = CARTESIAN_POINT('',(0.,0.,0.));
#318 = CARTESIAN_POINT('',(2.638196702148,0.,0.));
#319 = CARTESIAN_POINT('',(7.901553473032,0.,0.1644580865));
#320 = CARTESIAN_POINT('',(15.773167205104,0.,0.90391480205));
#321 = CARTESIAN_POINT('',(23.575284142837,0.,2.134173619281));
#322 = CARTESIAN_POINT('',(31.27848734916,0.,3.85197990613));
#323 = CARTESIAN_POINT('',(38.850066789557,0.,6.052775135321));
#324 = CARTESIAN_POINT('',(46.259569875607,0.,8.730695230368));
#325 = CARTESIAN_POINT('',(53.477630412858,0.,11.878569373573));
#326 = CARTESIAN_POINT('',(60.476566136714,0.,15.487920514534));
#327 = CARTESIAN_POINT('',(67.23046949937,0.,19.548969437005));
#328 = CARTESIAN_POINT('',(73.715398013106,0.,24.050644740505));
#329 = CARTESIAN_POINT('',(79.909499571977,0.,28.980601240311));
#330 = CARTESIAN_POINT('',(85.793114562218,0.,34.325248893626));
#331 = CARTESIAN_POINT('',(91.348841380073,0.,40.069793370742));
#332 = CARTESIAN_POINT('',(96.561567289095,0.,46.198287968638));
#333 = CARTESIAN_POINT('',(101.41846363269,0.,52.693695063631));
#334 = CARTESIAN_POINT('',(105.90894705996,0.,59.537954143778));
#335 = CARTESIAN_POINT('',(110.02460992606,0.,66.712052975362));
#336 = CARTESIAN_POINT('',(113.75912470599,0.,74.196098733169));
#337 = CARTESIAN_POINT('',(117.10812828962,0.,81.969386800466));
#338 = CARTESIAN_POINT('',(120.06909235621,0.,90.010466099395));
#339 = CARTESIAN_POINT('',(122.64118566781,0.,98.297200907206));
#340 = CARTESIAN_POINT('',(124.82513328367,0.,106.80682991106));
#341 = CARTESIAN_POINT('',(126.62307663671,0.,115.51602366513));
#342 = CARTESIAN_POINT('',(128.03843735172,0.,124.40094167558));
#343 = CARTESIAN_POINT('',(129.07578676592,0.,133.43729015986));
#344 = CARTESIAN_POINT('',(129.74072239362,0.,142.6003812269));
#345 = CARTESIAN_POINT('',(130.03975205526,0.,151.8651939028));
#346 = CARTESIAN_POINT('',(129.98018603158,0.,161.20643714404));
#347 = CARTESIAN_POINT('',(129.57003736189,0.,170.59861476412));
#348 = CARTESIAN_POINT('',(128.81793024125,0.,180.01609205358));
#349 = CARTESIAN_POINT('',(127.73301635611,0.,189.43316378815));
#350 = CARTESIAN_POINT('',(126.32489891222,0.,198.82412327899));
#351 = CARTESIAN_POINT('',(124.603564042,0.,208.16333210975));
#352 = CARTESIAN_POINT('',(122.57931922494,0.,217.42529021277));
#353 = CARTESIAN_POINT('',(120.26273831283,0.,226.58470595439));
#354 = CARTESIAN_POINT('',(117.66461271902,0.,235.61656591852));
#355 = CARTESIAN_POINT('',(114.79590830843,0.,244.49620409549));
#356 = CARTESIAN_POINT('',(111.6677275116,0.,253.19937019728));
#357 = CARTESIAN_POINT('',(108.29127618064,0.,261.70229682759));
#358 = CARTESIAN_POINT('',(104.6778347092,0.,269.98176523572));
#359 = CARTESIAN_POINT('',(100.83873294827,0.,278.01516937538));
#360 = CARTESIAN_POINT('',(96.785328479163,0.,285.7805779712));
#361 = CARTESIAN_POINT('',(92.528987811013,0.,293.25679426745));
#362 = CARTESIAN_POINT('',(88.08107022487,0.,300.42341309304));
#363 = CARTESIAN_POINT('',(83.452913690388,0.,307.26087482704));
#364 = CARTESIAN_POINT('',(78.655823746425,0.,313.75051579426));
#365 = CARTESIAN_POINT('',(73.701061526449,0.,319.87461457366));
#366 = CARTESIAN_POINT('',(68.59984491301,0.,325.6164336884));
#367 = CARTESIAN_POINT('',(63.363313940603,0.,330.96025620866));
#368 = CARTESIAN_POINT('',(58.002638808622,0.,335.89141700411));
#369 = CARTESIAN_POINT('',(52.528635577467,0.,340.39632882429));
#370 = CARTESIAN_POINT('',(46.953171865482,0.,344.46250415832));
#371 = CARTESIAN_POINT('',(41.284188154886,0.,348.07857498423));
#372 = CARTESIAN_POINT('',(35.543671908498,0.,351.23431397453));
#373 = CARTESIAN_POINT('',(29.703145103637,0.,353.9206621096));
#374 = CARTESIAN_POINT('',(23.916608520724,0.,356.12976821376));
#375 = CARTESIAN_POINT('',(17.67692259536,0.,357.8550446213));
#376 = CARTESIAN_POINT('',(12.88703741307,0.,359.0912391347));
#377 = CARTESIAN_POINT('',(2.61452678257,0.,359.83451685202));
#378 = CARTESIAN_POINT('',(9.2359286067,-0.,360.));
#379 = CARTESIAN_POINT('',(0.,0.,360.));
#380 = PCURVE('',#115,#381);
#381 = DEFINITIONAL_REPRESENTATION('',(#382),#386);
#382 = LINE('',#383,#384);
#383 = CARTESIAN_POINT('',(0.,0.));
#384 = VECTOR('',#385,1.);
#385 = DIRECTION('',(0.,1.));
#386 = ( GEOMETRIC_REPRESENTATION_CONTEXT(2) 
PARAMETRIC_REPRESENTATION_CONTEXT() REPRESENTATION_CONTEXT('2D SPACE',''
  ) );
#387 = PCURVE('',#115,#388);
#388 = DEFINITIONAL_REPRESENTATION('',(#389),#393);
#389 = LINE('',#390,#391);
#390 = CARTESIAN_POINT('',(6.28318530718,0.));
#391 = VECTOR('',#392,1.);
#392 = DIRECTION('',(0.,1.));
#393 = ( GEOMETRIC_REPRESENTATION_CONTEXT(2) 
PARAMETRIC_REPRESENTATION_CONTEXT() REPRESENTATION_CONTEXT('2D SPACE',''
  ) );
#394 = ORIENTED_EDGE('',*,*,#395,.T.);
#395 = EDGE_CURVE('',#313,#313,#396,.T.);
#396 = SURFACE_CURVE('',#397,(#456,#518),.PCURVE_S1.);
#397 = B_SPLINE_CURVE_WITH_KNOTS('',8,(#398,#399,#400,#401,#402,#403,
    #404,#405,#406,#407,#408,#409,#410,#411,#412,#413,#414,#415,#416,
    #417,#418,#419,#420,#421,#422,#423,#424,#425,#426,#427,#428,#429,
    #430,#431,#432,#433,#434,#435,#436,#437,#438,#439,#440,#441,#442,
    #443,#444,#445,#446,#447,#448,#449,#450,#451,#452,#453,#454,#455),
  .UNSPECIFIED.,.T.,.F.,(9,7,7,7,7,7,7,7,9),(0.,0.124999999997,
    0.249999999997,0.374999999998,0.499999999999,0.624999999999,
    0.749999999999,0.874999999998,1.),.UNSPECIFIED.);
#398 = CARTESIAN_POINT('',(81.409168973281,-1.695342726263E-14,310.));
#399 = CARTESIAN_POINT('',(81.409169263261,-7.990284580831,310.));
#400 = CARTESIAN_POINT('',(80.512887875747,-15.98601266572,310.));
#401 = CARTESIAN_POINT('',(78.718205940506,-23.86141487383,310.));
#402 = CARTESIAN_POINT('',(76.046653731148,-31.49955534864,310.));
#403 = CARTESIAN_POINT('',(72.53474548944,-38.78960895724,310.));
#404 = CARTESIAN_POINT('',(68.235026949887,-45.62739102982,310.));
#405 = CARTESIAN_POINT('',(63.214960047539,-51.91499122609,310.));
#406 = CARTESIAN_POINT('',(51.914991226112,-63.21496004756,310.));
#407 = CARTESIAN_POINT('',(45.627391029751,-68.23502694972,310.));
#408 = CARTESIAN_POINT('',(38.789608957445,-72.5347454898,310.));
#409 = CARTESIAN_POINT('',(31.499555348402,-76.04665373063,310.));
#410 = CARTESIAN_POINT('',(23.861414874016,-78.71820594092,310.));
#411 = CARTESIAN_POINT('',(15.986012665665,-80.51288787554,310.));
#412 = CARTESIAN_POINT('',(7.990284580849,-81.4091692633,310.));
#413 = CARTESIAN_POINT('',(-7.990284580843,-81.40916926331,310.));
#414 = CARTESIAN_POINT('',(-15.98601266561,-80.5128878755,310.));
#415 = CARTESIAN_POINT('',(-23.86141487405,-78.71820594104,310.));
#416 = CARTESIAN_POINT('',(-31.49955534834,-76.04665373046,310.));
#417 = CARTESIAN_POINT('',(-38.78960895743,-72.53474548997,310.));
#418 = CARTESIAN_POINT('',(-45.62739102974,-68.23502694964,310.));
#419 = CARTESIAN_POINT('',(-51.91499122609,-63.2149600476,310.));
#420 = CARTESIAN_POINT('',(-63.21496004757,-51.91499122612,310.));
#421 = CARTESIAN_POINT('',(-68.23502694968,-45.6273910297,310.));
#422 = CARTESIAN_POINT('',(-72.53474548985,-38.78960895757,310.));
#423 = CARTESIAN_POINT('',(-76.04665373059,-31.49955534821,310.));
#424 = CARTESIAN_POINT('',(-78.71820594094,-23.86141487419,310.));
#425 = CARTESIAN_POINT('',(-80.51288787553,-15.98601266557,310.));
#426 = CARTESIAN_POINT('',(-81.4091692633,-7.990284580879,310.));
#427 = CARTESIAN_POINT('',(-81.40916926331,7.990284580905,310.));
#428 = CARTESIAN_POINT('',(-80.5128878755,15.986012665324,310.));
#429 = CARTESIAN_POINT('',(-78.71820594103,23.861414874648,310.));
#430 = CARTESIAN_POINT('',(-76.04665373047,31.499555347637,310.));
#431 = CARTESIAN_POINT('',(-72.53474548997,38.78960895796,310.));
#432 = CARTESIAN_POINT('',(-68.23502694965,45.627391029517,310.));
#433 = CARTESIAN_POINT('',(-63.21496004759,51.914991226145,310.));
#434 = CARTESIAN_POINT('',(-51.91499122615,63.214960047521,310.));
#435 = CARTESIAN_POINT('',(-45.62739102955,68.235026949928,310.));
#436 = CARTESIAN_POINT('',(-38.78960895791,72.534745489337,310.));
#437 = CARTESIAN_POINT('',(-31.49955534776,76.046653731238,310.));
#438 = CARTESIAN_POINT('',(-23.86141487454,78.718205940463,310.));
#439 = CARTESIAN_POINT('',(-15.98601266541,80.512887875745,310.));
#440 = CARTESIAN_POINT('',(-7.990284580911,81.409169263263,310.));
#441 = CARTESIAN_POINT('',(7.990284580925,81.409169263367,310.));
#442 = CARTESIAN_POINT('',(15.986012665225,80.512887875286,310.));
#443 = CARTESIAN_POINT('',(23.861414874915,78.718205941463,310.));
#444 = CARTESIAN_POINT('',(31.499555347224,76.046653730009,310.));
#445 = CARTESIAN_POINT('',(38.789608958346,72.534745490269,310.));
#446 = CARTESIAN_POINT('',(45.627391029313,68.235026949547,310.));
#447 = CARTESIAN_POINT('',(51.914991226197,63.21496004761,310.));
#448 = CARTESIAN_POINT('',(63.214960047632,51.914991226104,310.));
#449 = CARTESIAN_POINT('',(68.235026949407,45.627391029846,310.));
#450 = CARTESIAN_POINT('',(72.534745490485,38.78960895718,310.));
#451 = CARTESIAN_POINT('',(76.046653729809,31.499555348793,310.));
#452 = CARTESIAN_POINT('',(78.718205941535,23.861414873683,310.));
#453 = CARTESIAN_POINT('',(80.512887875287,15.986012665816,310.));
#454 = CARTESIAN_POINT('',(81.409169263358,7.990284580809,310.));
#455 = CARTESIAN_POINT('',(81.409168973281,-2.742572547424E-15,310.));
#456 = PCURVE('',#115,#457);
#457 = DEFINITIONAL_REPRESENTATION('',(#458),#517);
#458 = B_SPLINE_CURVE_WITH_KNOTS('',8,(#459,#460,#461,#462,#463,#464,
    #465,#466,#467,#468,#469,#470,#471,#472,#473,#474,#475,#476,#477,
    #478,#479,#480,#481,#482,#483,#484,#485,#486,#487,#488,#489,#490,
    #491,#492,#493,#494,#495,#496,#497,#498,#499,#500,#501,#502,#503,
    #504,#505,#506,#507,#508,#509,#510,#511,#512,#513,#514,#515,#516),
  .UNSPECIFIED.,.F.,.F.,(9,7,7,7,7,7,7,7,9),(0.,0.124999999997,
    0.249999999997,0.374999999998,0.499999999999,0.624999999999,
    0.749999999999,0.874999999998,1.),.UNSPECIFIED.);
#459 = CARTESIAN_POINT('',(6.28318530718,391.62776898103));
#460 = CARTESIAN_POINT('',(6.185035596738,391.62776898103));
#461 = CARTESIAN_POINT('',(6.08681920121,391.62776898103));
#462 = CARTESIAN_POINT('',(5.988639306844,391.62776898103));
#463 = CARTESIAN_POINT('',(5.890486225513,391.62776898103));
#464 = CARTESIAN_POINT('',(5.792333144067,391.62776898103));
#465 = CARTESIAN_POINT('',(5.694153249775,391.62776898103));
#466 = CARTESIAN_POINT('',(5.595936854218,391.62776898103));
#467 = CARTESIAN_POINT('',(5.399637433343,391.62776898103));
#468 = CARTESIAN_POINT('',(5.301421037801,391.62776898103));
#469 = CARTESIAN_POINT('',(5.203241143473,391.62776898103));
#470 = CARTESIAN_POINT('',(5.105088062081,391.62776898103));
#471 = CARTESIAN_POINT('',(5.006934980698,391.62776898103));
#472 = CARTESIAN_POINT('',(4.908755086364,391.62776898103));
#473 = CARTESIAN_POINT('',(4.810538690824,391.62776898103));
#474 = CARTESIAN_POINT('',(4.614239269945,391.62776898103));
#475 = CARTESIAN_POINT('',(4.516022874408,391.62776898103));
#476 = CARTESIAN_POINT('',(4.417842980066,391.62776898103));
#477 = CARTESIAN_POINT('',(4.319689898697,391.62776898103));
#478 = CARTESIAN_POINT('',(4.22153681729,391.62776898103));
#479 = CARTESIAN_POINT('',(4.123356922971,391.62776898103));
#480 = CARTESIAN_POINT('',(4.025140527426,391.62776898103));
#481 = CARTESIAN_POINT('',(3.828841106549,391.62776898103));
#482 = CARTESIAN_POINT('',(3.730624711003,391.62776898103));
#483 = CARTESIAN_POINT('',(3.632444816686,391.62776898103));
#484 = CARTESIAN_POINT('',(3.534291735276,391.62776898103));
#485 = CARTESIAN_POINT('',(3.43613865391,391.62776898103));
#486 = CARTESIAN_POINT('',(3.337958759566,391.62776898103));
#487 = CARTESIAN_POINT('',(3.23974236403,391.62776898103));
#488 = CARTESIAN_POINT('',(3.043442943151,391.62776898103));
#489 = CARTESIAN_POINT('',(2.945226547611,391.62776898103));
#490 = CARTESIAN_POINT('',(2.847046653276,391.62776898103));
#491 = CARTESIAN_POINT('',(2.748893571895,391.62776898103));
#492 = CARTESIAN_POINT('',(2.650740490501,391.62776898103));
#493 = CARTESIAN_POINT('',(2.552560596174,391.62776898103));
#494 = CARTESIAN_POINT('',(2.454344200631,391.62776898103));
#495 = CARTESIAN_POINT('',(2.258044779754,391.62776898103));
#496 = CARTESIAN_POINT('',(2.15982838421,391.62776898103));
#497 = CARTESIAN_POINT('',(2.061648489888,391.62776898103));
#498 = CARTESIAN_POINT('',(1.963495408485,391.62776898103));
#499 = CARTESIAN_POINT('',(1.865342327113,391.62776898103));
#500 = CARTESIAN_POINT('',(1.767162432772,391.62776898103));
#501 = CARTESIAN_POINT('',(1.668946037235,391.62776898103));
#502 = CARTESIAN_POINT('',(1.472646616355,391.62776898103));
#503 = CARTESIAN_POINT('',(1.374430220817,391.62776898103));
#504 = CARTESIAN_POINT('',(1.276250326478,391.62776898103));
#505 = CARTESIAN_POINT('',(1.178097245104,391.62776898103));
#506 = CARTESIAN_POINT('',(1.079944163702,391.62776898103));
#507 = CARTESIAN_POINT('',(0.981764269381,391.62776898103));
#508 = CARTESIAN_POINT('',(0.883547873836,391.62776898103));
#509 = CARTESIAN_POINT('',(0.687248452958,391.62776898103));
#510 = CARTESIAN_POINT('',(0.589032057422,391.62776898103));
#511 = CARTESIAN_POINT('',(0.490852163077,391.62776898103));
#512 = CARTESIAN_POINT('',(0.392699081712,391.62776898103));
#513 = CARTESIAN_POINT('',(0.294546000301,391.62776898103));
#514 = CARTESIAN_POINT('',(0.196366105985,391.62776898103));
#515 = CARTESIAN_POINT('',(9.814971043804E-02,391.62776898103));
#516 = CARTESIAN_POINT('',(0.,391.62776898103));
#517 = ( GEOMETRIC_REPRESENTATION_CONTEXT(2) 
PARAMETRIC_REPRESENTATION_CONTEXT() REPRESENTATION_CONTEXT('2D SPACE',''
  ) );
#518 = PCURVE('',#519,#524);
#519 = PLANE('',#520);
#520 = AXIS2_PLACEMENT_3D('',#521,#522,#523);
#521 = CARTESIAN_POINT('',(-1.40025869572E-14,2.567913688298E-14,310.));
#522 = DIRECTION('',(0.,0.,1.));
#523 = DIRECTION('',(1.,0.,-0.));
#524 = DEFINITIONAL_REPRESENTATION('',(#525),#584);
#525 = B_SPLINE_CURVE_WITH_KNOTS('',8,(#526,#527,#528,#529,#530,#531,
    #532,#533,#534,#535,#536,#537,#538,#539,#540,#541,#542,#543,#544,
    #545,#546,#547,#548,#549,#550,#551,#552,#553,#554,#555,#556,#557,
    #558,#559,#560,#561,#562,#563,#564,#565,#566,#567,#568,#569,#570,
    #571,#572,#573,#574,#575,#576,#577,#578,#579,#580,#581,#582,#583),
  .UNSPECIFIED.,.F.,.F.,(9,7,7,7,7,7,7,7,9),(0.,0.124999999997,
    0.249999999997,0.374999999998,0.499999999999,0.624999999999,
    0.749999999999,0.874999999998,1.),.UNSPECIFIED.);
#526 = CARTESIAN_POINT('',(81.409168973281,-4.263256414561E-14));
#527 = CARTESIAN_POINT('',(81.409169263261,-7.990284580831));
#528 = CARTESIAN_POINT('',(80.512887875747,-15.98601266572));
#529 = CARTESIAN_POINT('',(78.718205940506,-23.86141487383));
#530 = CARTESIAN_POINT('',(76.046653731148,-31.49955534864));
#531 = CARTESIAN_POINT('',(72.53474548944,-38.78960895724));
#532 = CARTESIAN_POINT('',(68.235026949887,-45.62739102982));
#533 = CARTESIAN_POINT('',(63.214960047539,-51.91499122609));
#534 = CARTESIAN_POINT('',(51.914991226112,-63.21496004756));
#535 = CARTESIAN_POINT('',(45.627391029751,-68.23502694972));
#536 = CARTESIAN_POINT('',(38.789608957445,-72.5347454898));
#537 = CARTESIAN_POINT('',(31.499555348402,-76.04665373063));
#538 = CARTESIAN_POINT('',(23.861414874016,-78.71820594092));
#539 = CARTESIAN_POINT('',(15.986012665665,-80.51288787554));
#540 = CARTESIAN_POINT('',(7.990284580849,-81.4091692633));
#541 = CARTESIAN_POINT('',(-7.990284580843,-81.40916926331));
#542 = CARTESIAN_POINT('',(-15.98601266561,-80.5128878755));
#543 = CARTESIAN_POINT('',(-23.86141487405,-78.71820594104));
#544 = CARTESIAN_POINT('',(-31.49955534834,-76.04665373046));
#545 = CARTESIAN_POINT('',(-38.78960895743,-72.53474548997));
#546 = CARTESIAN_POINT('',(-45.62739102974,-68.23502694964));
#547 = CARTESIAN_POINT('',(-51.91499122609,-63.2149600476));
#548 = CARTESIAN_POINT('',(-63.21496004757,-51.91499122612));
#549 = CARTESIAN_POINT('',(-68.23502694968,-45.6273910297));
#550 = CARTESIAN_POINT('',(-72.53474548985,-38.78960895757));
#551 = CARTESIAN_POINT('',(-76.04665373059,-31.49955534821));
#552 = CARTESIAN_POINT('',(-78.71820594094,-23.86141487419));
#553 = CARTESIAN_POINT('',(-80.51288787553,-15.98601266557));
#554 = CARTESIAN_POINT('',(-81.4091692633,-7.990284580879));
#555 = CARTESIAN_POINT('',(-81.40916926331,7.990284580905));
#556 = CARTESIAN_POINT('',(-80.5128878755,15.986012665324));
#557 = CARTESIAN_POINT('',(-78.71820594103,23.861414874648));
#558 = CARTESIAN_POINT('',(-76.04665373047,31.499555347637));
#559 = CARTESIAN_POINT('',(-72.53474548997,38.78960895796));
#560 = CARTESIAN_POINT('',(-68.23502694965,45.627391029517));
#561 = CARTESIAN_POINT('',(-63.21496004759,51.914991226145));
#562 = CARTESIAN_POINT('',(-51.91499122615,63.214960047521));
#563 = CARTESIAN_POINT('',(-45.62739102955,68.235026949928));
#564 = CARTESIAN_POINT('',(-38.78960895791,72.534745489337));
#565 = CARTESIAN_POINT('',(-31.49955534776,76.046653731238));
#566 = CARTESIAN_POINT('',(-23.86141487454,78.718205940463));
#567 = CARTESIAN_POINT('',(-15.98601266541,80.512887875745));
#568 = CARTESIAN_POINT('',(-7.990284580911,81.409169263263));
#569 = CARTESIAN_POINT('',(7.990284580925,81.409169263367));
#570 = CARTESIAN_POINT('',(15.986012665225,80.512887875286));
#571 = CARTESIAN_POINT('',(23.861414874915,78.718205941463));
#572 = CARTESIAN_POINT('',(31.499555347224,76.046653730009));
#573 = CARTESIAN_POINT('',(38.789608958346,72.534745490269));
#574 = CARTESIAN_POINT('',(45.627391029313,68.235026949547));
#575 = CARTESIAN_POINT('',(51.914991226197,63.21496004761));
#576 = CARTESIAN_POINT('',(63.214960047632,51.914991226104));
#577 = CARTESIAN_POINT('',(68.235026949407,45.627391029846));
#578 = CARTESIAN_POINT('',(72.534745490485,38.78960895718));
#579 = CARTESIAN_POINT('',(76.046653729809,31.499555348793));
#580 = CARTESIAN_POINT('',(78.718205941535,23.861414873683));
#581 = CARTESIAN_POINT('',(80.512887875287,15.986012665816));
#582 = CARTESIAN_POINT('',(81.409169263358,7.990284580809));
#583 = CARTESIAN_POINT('',(81.409168973281,-2.84217094304E-14));
#584 = ( GEOMETRIC_REPRESENTATION_CONTEXT(2) 
PARAMETRIC_REPRESENTATION_CONTEXT() REPRESENTATION_CONTEXT('2D SPACE',''
  ) );
#585 = ORIENTED_EDGE('',*,*,#312,.F.);
#586 = ADVANCED_FACE('',(#587,#590),#245,.F.);
#587 = FACE_BOUND('',#588,.F.);
#588 = EDGE_LOOP('',(#589));
#589 = ORIENTED_EDGE('',*,*,#51,.F.);
#590 = FACE_BOUND('',#591,.F.);
#591 = EDGE_LOOP('',(#592));
#592 = ORIENTED_EDGE('',*,*,#593,.T.);
#593 = EDGE_CURVE('',#594,#594,#596,.T.);
#594 = VERTEX_POINT('',#595);
#595 = CARTESIAN_POINT('',(127.99172414543,0.,153.));
#596 = SURFACE_CURVE('',#597,(#656,#718),.PCURVE_S1.);
#597 = B_SPLINE_CURVE_WITH_KNOTS('',8,(#598,#599,#600,#601,#602,#603,
    #604,#605,#606,#607,#608,#609,#610,#611,#612,#613,#614,#615,#616,
    #617,#618,#619,#620,#621,#622,#623,#624,#625,#626,#627,#628,#629,
    #630,#631,#632,#633,#634,#635,#636,#637,#638,#639,#640,#641,#642,
    #643,#644,#645,#646,#647,#648,#649,#650,#651,#652,#653,#654,#655),
  .UNSPECIFIED.,.T.,.F.,(9,7,7,7,7,7,7,7,9),(0.,0.125000004885,
    0.250998987989,0.375998992878,0.500998997771,0.625999002665,
    0.750999007557,0.874999995109,1.),.UNSPECIFIED.);
#598 = CARTESIAN_POINT('',(127.99172414543,-3.116428197783E-14,153.));
#599 = CARTESIAN_POINT('',(127.99172460148,-12.56234757563,153.));
#600 = CARTESIAN_POINT('',(126.58258854977,-25.13325423453,153.));
#601 = CARTESIAN_POINT('',(123.76098439312,-37.51498370471,153.));
#602 = CARTESIAN_POINT('',(119.56076257177,-49.52368938493,153.));
#603 = CARTESIAN_POINT('',(114.03933068445,-60.98513193694,153.));
#604 = CARTESIAN_POINT('',(107.27930124618,-71.73551224118,153.));
#605 = CARTESIAN_POINT('',(99.386737559837,-81.6208952431,153.));
#606 = CARTESIAN_POINT('',(81.549904638973,-99.45772821601,153.));
#607 = CARTESIAN_POINT('',(71.577295216673,-107.4055382005,153.));
#608 = CARTESIAN_POINT('',(60.726882806839,-114.2014102273,153.));
#609 = CARTESIAN_POINT('',(49.156555774721,-119.7369993501,153.));
#610 = CARTESIAN_POINT('',(37.03427376447,-123.9281201345,153.));
#611 = CARTESIAN_POINT('',(24.538698948131,-126.7166566819,153.));
#612 = CARTESIAN_POINT('',(11.858303103592,-128.0687600315,153.));
#613 = CARTESIAN_POINT('',(-13.36629003768,-127.910267116,153.));
#614 = CARTESIAN_POINT('',(-25.92809475311,-126.4221740631,153.));
#615 = CARTESIAN_POINT('',(-38.29185127297,-123.5228294139,153.));
#616 = CARTESIAN_POINT('',(-50.27392931404,-119.2472380743,153.));
#617 = CARTESIAN_POINT('',(-61.70045367463,-113.6539012821,153.));
#618 = CARTESIAN_POINT('',(-72.40814753804,-106.8264590937,153.));
#619 = CARTESIAN_POINT('',(-82.2437452968,-98.87193991534,153.));
#620 = CARTESIAN_POINT('',(-99.89761158611,-80.99482293618,153.));
#621 = CARTESIAN_POINT('',(-107.7279081955,-71.06004494932,153.));
#622 = CARTESIAN_POINT('',(-114.4202580093,-60.26740261025,153.));
#623 = CARTESIAN_POINT('',(-119.8695670148,-48.77149434587,153.));
#624 = CARTESIAN_POINT('',(-123.9942535007,-36.73663510876,153.));
#625 = CARTESIAN_POINT('',(-126.7380057725,-24.33742149828,153.));
#626 = CARTESIAN_POINT('',(-128.0681291927,-11.75790917358,153.));
#627 = CARTESIAN_POINT('',(-127.910267116,13.366290037663,153.));
#628 = CARTESIAN_POINT('',(-126.4221740631,25.928094753129,153.));
#629 = CARTESIAN_POINT('',(-123.5228294138,38.291851273085,153.));
#630 = CARTESIAN_POINT('',(-119.2472380744,50.273929313752,153.));
#631 = CARTESIAN_POINT('',(-113.653901282,61.700453674968,153.));
#632 = CARTESIAN_POINT('',(-106.8264590937,72.408147537857,153.));
#633 = CARTESIAN_POINT('',(-98.87193991532,82.243745296856,153.));
#634 = CARTESIAN_POINT('',(-80.99482293618,99.897611586017,153.));
#635 = CARTESIAN_POINT('',(-71.06004494932,107.72790819591,153.));
#636 = CARTESIAN_POINT('',(-60.26740261026,114.4202580085,153.));
#637 = CARTESIAN_POINT('',(-48.77149434584,119.86956701586,153.));
#638 = CARTESIAN_POINT('',(-36.73663510879,123.99425349992,153.));
#639 = CARTESIAN_POINT('',(-24.33742149826,126.73800577287,153.));
#640 = CARTESIAN_POINT('',(-11.75790917358,128.0681291927,153.));
#641 = CARTESIAN_POINT('',(13.265892163964,127.91089790848,153.));
#642 = CARTESIAN_POINT('',(25.727103360764,126.44587157162,153.));
#643 = CARTESIAN_POINT('',(37.994995893963,123.59215442802,153.));
#644 = CARTESIAN_POINT('',(49.890273260529,119.3835741225,153.));
#645 = CARTESIAN_POINT('',(61.243044581723,113.87681870997,153.));
#646 = CARTESIAN_POINT('',(71.893600459357,107.15293975357,153.));
#647 = CARTESIAN_POINT('',(81.691888637409,99.315744116995,153.));
#648 = CARTESIAN_POINT('',(99.386737559803,81.620895243057,153.));
#649 = CARTESIAN_POINT('',(107.27930124622,71.735512241498,153.));
#650 = CARTESIAN_POINT('',(114.03933068444,60.985131936295,153.));
#651 = CARTESIAN_POINT('',(119.56076257168,49.523689385769,153.));
#652 = CARTESIAN_POINT('',(123.76098439324,37.514983704091,153.));
#653 = CARTESIAN_POINT('',(126.58258854969,25.133254234824,153.));
#654 = CARTESIAN_POINT('',(127.9917246015,12.562347575576,153.));
#655 = CARTESIAN_POINT('',(127.99172414543,-2.742572547424E-15,153.));
#656 = PCURVE('',#245,#657);
#657 = DEFINITIONAL_REPRESENTATION('',(#658),#717);
#658 = B_SPLINE_CURVE_WITH_KNOTS('',8,(#659,#660,#661,#662,#663,#664,
    #665,#666,#667,#668,#669,#670,#671,#672,#673,#674,#675,#676,#677,
    #678,#679,#680,#681,#682,#683,#684,#685,#686,#687,#688,#689,#690,
    #691,#692,#693,#694,#695,#696,#697,#698,#699,#700,#701,#702,#703,
    #704,#705,#706,#707,#708,#709,#710,#711,#712,#713,#714,#715,#716),
  .UNSPECIFIED.,.F.,.F.,(9,7,7,7,7,7,7,7,9),(0.,0.125000004885,
    0.250998987989,0.375998992878,0.500998997771,0.625999002665,
    0.750999007557,0.874999995109,1.),.UNSPECIFIED.);
#659 = CARTESIAN_POINT('',(127.99172414543,-5.684341886081E-14));
#660 = CARTESIAN_POINT('',(127.99172460148,-12.56234757563));
#661 = CARTESIAN_POINT('',(126.58258854977,-25.13325423453));
#662 = CARTESIAN_POINT('',(123.76098439312,-37.51498370471));
#663 = CARTESIAN_POINT('',(119.56076257177,-49.52368938493));
#664 = CARTESIAN_POINT('',(114.03933068445,-60.98513193694));
#665 = CARTESIAN_POINT('',(107.27930124618,-71.73551224118));
#666 = CARTESIAN_POINT('',(99.386737559837,-81.6208952431));
#667 = CARTESIAN_POINT('',(81.549904638973,-99.45772821601));
#668 = CARTESIAN_POINT('',(71.577295216673,-107.4055382005));
#669 = CARTESIAN_POINT('',(60.726882806839,-114.2014102273));
#670 = CARTESIAN_POINT('',(49.156555774721,-119.7369993501));
#671 = CARTESIAN_POINT('',(37.03427376447,-123.9281201345));
#672 = CARTESIAN_POINT('',(24.538698948131,-126.7166566819));
#673 = CARTESIAN_POINT('',(11.858303103592,-128.0687600315));
#674 = CARTESIAN_POINT('',(-13.36629003768,-127.910267116));
#675 = CARTESIAN_POINT('',(-25.92809475311,-126.4221740631));
#676 = CARTESIAN_POINT('',(-38.29185127297,-123.5228294139));
#677 = CARTESIAN_POINT('',(-50.27392931404,-119.2472380743));
#678 = CARTESIAN_POINT('',(-61.70045367463,-113.6539012821));
#679 = CARTESIAN_POINT('',(-72.40814753804,-106.8264590937));
#680 = CARTESIAN_POINT('',(-82.2437452968,-98.87193991534));
#681 = CARTESIAN_POINT('',(-99.89761158611,-80.99482293618));
#682 = CARTESIAN_POINT('',(-107.7279081955,-71.06004494932));
#683 = CARTESIAN_POINT('',(-114.4202580093,-60.26740261025));
#684 = CARTESIAN_POINT('',(-119.8695670148,-48.77149434587));
#685 = CARTESIAN_POINT('',(-123.9942535007,-36.73663510876));
#686 = CARTESIAN_POINT('',(-126.7380057725,-24.33742149828));
#687 = CARTESIAN_POINT('',(-128.0681291927,-11.75790917358));
#688 = CARTESIAN_POINT('',(-127.910267116,13.366290037663));
#689 = CARTESIAN_POINT('',(-126.4221740631,25.928094753129));
#690 = CARTESIAN_POINT('',(-123.5228294138,38.291851273085));
#691 = CARTESIAN_POINT('',(-119.2472380744,50.273929313752));
#692 = CARTESIAN_POINT('',(-113.653901282,61.700453674968));
#693 = CARTESIAN_POINT('',(-106.8264590937,72.408147537857));
#694 = CARTESIAN_POINT('',(-98.87193991532,82.243745296856));
#695 = CARTESIAN_POINT('',(-80.99482293618,99.897611586017));
#696 = CARTESIAN_POINT('',(-71.06004494932,107.72790819591));
#697 = CARTESIAN_POINT('',(-60.26740261026,114.4202580085));
#698 = CARTESIAN_POINT('',(-48.77149434584,119.86956701586));
#699 = CARTESIAN_POINT('',(-36.73663510879,123.99425349992));
#700 = CARTESIAN_POINT('',(-24.33742149826,126.73800577287));
#701 = CARTESIAN_POINT('',(-11.75790917358,128.0681291927));
#702 = CARTESIAN_POINT('',(13.265892163964,127.91089790848));
#703 = CARTESIAN_POINT('',(25.727103360764,126.44587157162));
#704 = CARTESIAN_POINT('',(37.994995893963,123.59215442802));
#705 = CARTESIAN_POINT('',(49.89027326053,119.3835741225));
#706 = CARTESIAN_POINT('',(61.243044581723,113.87681870997));
#707 = CARTESIAN_POINT('',(71.893600459357,107.15293975357));
#708 = CARTESIAN_POINT('',(81.691888637409,99.315744116995));
#709 = CARTESIAN_POINT('',(99.386737559803,81.620895243057));
#710 = CARTESIAN_POINT('',(107.27930124622,71.735512241498));
#711 = CARTESIAN_POINT('',(114.03933068444,60.985131936295));
#712 = CARTESIAN_POINT('',(119.56076257168,49.523689385768));
#713 = CARTESIAN_POINT('',(123.76098439324,37.514983704091));
#714 = CARTESIAN_POINT('',(126.58258854969,25.133254234824));
#715 = CARTESIAN_POINT('',(127.9917246015,12.562347575576));
#716 = CARTESIAN_POINT('',(127.99172414543,-2.84217094304E-14));
#717 = ( GEOMETRIC_REPRESENTATION_CONTEXT(2) 
PARAMETRIC_REPRESENTATION_CONTEXT() REPRESENTATION_CONTEXT('2D SPACE',''
  ) );
#718 = PCURVE('',#719,#787);
#719 = SURFACE_OF_REVOLUTION('',#720,#784);
#720 = B_SPLINE_CURVE_WITH_KNOTS('',3,(#721,#722,#723,#724,#725,#726,
    #727,#728,#729,#730,#731,#732,#733,#734,#735,#736,#737,#738,#739,
    #740,#741,#742,#743,#744,#745,#746,#747,#748,#749,#750,#751,#752,
    #753,#754,#755,#756,#757,#758,#759,#760,#761,#762,#763,#764,#765,
    #766,#767,#768,#769,#770,#771,#772,#773,#774,#775,#776,#777,#778,
    #779,#780,#781,#782,#783),.UNSPECIFIED.,.F.,.F.,(4,1,1,1,1,1,1,1,1,1
    ,1,1,1,1,1,1,1,1,1,1,1,1,1,1,1,1,1,1,1,1,1,1,1,1,1,1,1,1,1,1,1,1,1,1
    ,1,1,1,1,1,1,1,1,1,1,1,1,1,1,1,1,4),(0.,7.778004655746,
    15.552735403833,23.321464358112,31.08221388224,38.834223805418,
    46.578234189783,54.316700238988,62.053909959299,69.795993480131,
    77.550819698316,85.327783344919,93.137493572513,100.9913828387,
    108.90126111474,116.87884425371,124.93528606687,133.08074121542,
    141.32398097223,149.67207723224,158.13016300233,166.70127101004,
    175.38624674547,184.18372851928,193.09018497385,202.09999969109,
    211.20559275989,220.39757004862,229.66489217153,238.99505651372,
    248.37428703261,257.78772779387,267.21963728301,276.65358144759,
    286.07262417964,295.45951455971,304.79687067782,314.0673602444,
    323.25387852874,332.33972443071,341.30877571818,350.14566465754,
    358.83595543,367.36632485916,375.72474806006,383.90069062709,
    391.88530885855,399.6716591898,407.25491735864,414.63260669231,
    421.80483306924,428.7745213176,435.54764381726,442.13342673081,
    448.54451275831,454.79705230932,460.9106890908,466.9084038256,
    472.81618368701,478.66248126429,484.47764768179),.UNSPECIFIED.);
#721 = CARTESIAN_POINT('',(0.,0.,2.));
#722 = CARTESIAN_POINT('',(2.596513294424,0.,2.));
#723 = CARTESIAN_POINT('',(7.776589252507,0.,2.161854619812));
#724 = CARTESIAN_POINT('',(15.523383547295,0.,2.889579158962));
#725 = CARTESIAN_POINT('',(23.201174278671,0.,4.100221775361));
#726 = CARTESIAN_POINT('',(30.780811782348,0.,5.790457328179));
#727 = CARTESIAN_POINT('',(38.229982708459,0.,7.955654671576));
#728 = CARTESIAN_POINT('',(45.518717868764,0.,10.589908786431));
#729 = CARTESIAN_POINT('',(52.618244294908,0.,13.686072329446));
#730 = CARTESIAN_POINT('',(59.501569064409,0.,17.235790770436));
#731 = CARTESIAN_POINT('',(66.14355157255,0.,21.229538197011));
#732 = CARTESIAN_POINT('',(72.521060688278,0.,25.656651526122));
#733 = CARTESIAN_POINT('',(78.613057492175,0.,30.505361299768));
#734 = CARTESIAN_POINT('',(84.400649034532,0.,35.762817993985));
#735 = CARTESIAN_POINT('',(89.867105648686,0.,41.415113761845));
#736 = CARTESIAN_POINT('',(94.997849778913,0.,47.447300588918));
#737 = CARTESIAN_POINT('',(99.780420624241,0.,53.84340675564));
#738 = CARTESIAN_POINT('',(104.2044196633,0.,60.586454092778));
#739 = CARTESIAN_POINT('',(108.26144117719,0.,67.658478676626));
#740 = CARTESIAN_POINT('',(111.94499112677,0.,75.040557331833));
#741 = CARTESIAN_POINT('',(115.2503969113,0.,82.712841679826));
#742 = CARTESIAN_POINT('',(118.17470990705,0.,90.654600643065));
#743 = CARTESIAN_POINT('',(120.7166022938,0.,98.844271464585));
#744 = CARTESIAN_POINT('',(122.87625952095,0.,107.25951857867));
#745 = CARTESIAN_POINT('',(124.65526977443,0.,115.87729916603));
#746 = CARTESIAN_POINT('',(126.05651188823,0.,124.67393397293));
#747 = CARTESIAN_POINT('',(127.08404321848,0.,133.62518194109));
#748 = CARTESIAN_POINT('',(127.7429890085,0.,142.70631732225));
#749 = CARTESIAN_POINT('',(128.03943469811,0.,151.89220817012));
#750 = CARTESIAN_POINT('',(127.98032247568,0.,161.15739535152));
#751 = CARTESIAN_POINT('',(127.57335315822,0.,170.47617145547));
#752 = CARTESIAN_POINT('',(126.82689424075,0.,179.8226591794));
#753 = CARTESIAN_POINT('',(125.74989470629,0.,189.17088892643));
#754 = CARTESIAN_POINT('',(124.35180695345,0.,198.49487545856));
#755 = CARTESIAN_POINT('',(122.64251598987,0.,207.76869352373));
#756 = CARTESIAN_POINT('',(120.63227586601,0.,216.96655242028));
#757 = CARTESIAN_POINT('',(118.33165318392,0.,226.06286948893));
#758 = CARTESIAN_POINT('',(115.75147740872,0.,235.03234253821));
#759 = CARTESIAN_POINT('',(112.90279763128,0.,243.85002122077));
#760 = CARTESIAN_POINT('',(109.79684537314,0.,252.49137739053));
#761 = CARTESIAN_POINT('',(106.44500298162,0.,260.93237448751));
#762 = CARTESIAN_POINT('',(102.8587771274,0.,269.14953602077));
#763 = CARTESIAN_POINT('',(99.049776876069,0.,277.12001325149));
#764 = CARTESIAN_POINT('',(95.029695762246,0.,284.82165221651));
#765 = CARTESIAN_POINT('',(90.810297192312,0.,292.23306027503));
#766 = CARTESIAN_POINT('',(86.403402494912,0.,299.33367239846));
#767 = CARTESIAN_POINT('',(81.820880405239,0.,306.10381744348));
#768 = CARTESIAN_POINT('',(77.074637905338,0.,312.52478462547));
#769 = CARTESIAN_POINT('',(72.176607178901,0.,318.57889030793));
#770 = CARTESIAN_POINT('',(67.138740680873,0.,324.24954498962));
#771 = CARTESIAN_POINT('',(61.972962889136,0.,329.52131993606));
#772 = CARTESIAN_POINT('',(56.691253282246,0.,334.3800121926));
#773 = CARTESIAN_POINT('',(51.305225134472,0.,338.81270567737));
#774 = CARTESIAN_POINT('',(45.827463208066,0.,342.80782470576));
#775 = CARTESIAN_POINT('',(40.266518214148,0.,346.35517481673));
#776 = CARTESIAN_POINT('',(34.644563149139,0.,349.44596457522));
#777 = CARTESIAN_POINT('',(28.933724835787,0.,352.07280181474));
#778 = CARTESIAN_POINT('',(23.28493917662,0.,354.22965942323));
#779 = CARTESIAN_POINT('',(17.200538667327,0.,355.91180988329));
#780 = CARTESIAN_POINT('',(12.540166226107,0.,357.11573327254));
#781 = CARTESIAN_POINT('',(2.531906266563,0.,357.83902281315));
#782 = CARTESIAN_POINT('',(9.003055454651,-0.,358.));
#783 = CARTESIAN_POINT('',(0.,0.,358.));
#784 = AXIS1_PLACEMENT('',#785,#786);
#785 = CARTESIAN_POINT('',(0.,0.,0.));
#786 = DIRECTION('',(0.,0.,1.));
#787 = DEFINITIONAL_REPRESENTATION('',(#788),#847);
#788 = B_SPLINE_CURVE_WITH_KNOTS('',8,(#789,#790,#791,#792,#793,#794,
    #795,#796,#797,#798,#799,#800,#801,#802,#803,#804,#805,#806,#807,
    #808,#809,#810,#811,#812,#813,#814,#815,#816,#817,#818,#819,#820,
    #821,#822,#823,#824,#825,#826,#827,#828,#829,#830,#831,#832,#833,
    #834,#835,#836,#837,#838,#839,#840,#841,#842,#843,#844,#845,#846),
  .UNSPECIFIED.,.F.,.F.,(9,7,7,7,7,7,7,7,9),(0.,0.125000004885,
    0.250998987989,0.375998992878,0.500998997771,0.625999002665,
    0.750999007557,0.874999995109,1.),.UNSPECIFIED.);
#789 = CARTESIAN_POINT('',(6.28318530718,221.52973159042));
#790 = CARTESIAN_POINT('',(6.185035598985,221.52973159042));
#791 = CARTESIAN_POINT('',(6.086819199543,221.52973159042));
#792 = CARTESIAN_POINT('',(5.988639305229,221.52973159042));
#793 = CARTESIAN_POINT('',(5.890486225481,221.52973159042));
#794 = CARTESIAN_POINT('',(5.792333145733,221.52973159042));
#795 = CARTESIAN_POINT('',(5.694153251418,221.52973159042));
#796 = CARTESIAN_POINT('',(5.595936851977,221.52973159042));
#797 = CARTESIAN_POINT('',(5.398853040253,221.52973159042));
#798 = CARTESIAN_POINT('',(5.299849543217,221.52973159042));
#799 = CARTESIAN_POINT('',(5.200884128939,221.52973159042));
#800 = CARTESIAN_POINT('',(5.101946469439,221.52973159042));
#801 = CARTESIAN_POINT('',(5.003008809907,221.52973159042));
#802 = CARTESIAN_POINT('',(4.90404339565,221.52973159042));
#803 = CARTESIAN_POINT('',(4.805039898605,221.52973159042));
#804 = CARTESIAN_POINT('',(4.607956086881,221.52973159042));
#805 = CARTESIAN_POINT('',(4.509739687449,221.52973159042));
#806 = CARTESIAN_POINT('',(4.411559793109,221.52973159042));
#807 = CARTESIAN_POINT('',(4.313406713403,221.52973159042));
#808 = CARTESIAN_POINT('',(4.215253633611,221.52973159042));
#809 = CARTESIAN_POINT('',(4.117073739326,221.52973159042));
#810 = CARTESIAN_POINT('',(4.018857339873,221.52973159042));
#811 = CARTESIAN_POINT('',(3.822557923485,221.52973159042));
#812 = CARTESIAN_POINT('',(3.724341524048,221.52973159042));
#813 = CARTESIAN_POINT('',(3.62616162972,221.52973159042));
#814 = CARTESIAN_POINT('',(3.528008549994,221.52973159042));
#815 = CARTESIAN_POINT('',(3.429855470223,221.52973159042));
#816 = CARTESIAN_POINT('',(3.331675575924,221.52973159042));
#817 = CARTESIAN_POINT('',(3.233459176476,221.52973159042));
#818 = CARTESIAN_POINT('',(3.037159760088,221.52973159042));
#819 = CARTESIAN_POINT('',(2.938943360645,221.52973159042));
#820 = CARTESIAN_POINT('',(2.840763466335,221.52973159042));
#821 = CARTESIAN_POINT('',(2.742610386581,221.52973159042));
#822 = CARTESIAN_POINT('',(2.644457306838,221.52973159042));
#823 = CARTESIAN_POINT('',(2.546277412521,221.52973159042));
#824 = CARTESIAN_POINT('',(2.44806101308,221.52973159042));
#825 = CARTESIAN_POINT('',(2.251761596691,221.52973159042));
#826 = CARTESIAN_POINT('',(2.153545197245,221.52973159042));
#827 = CARTESIAN_POINT('',(2.055365302943,221.52973159042));
#828 = CARTESIAN_POINT('',(1.957212223177,221.52973159042));
#829 = CARTESIAN_POINT('',(1.859059143445,221.52973159042));
#830 = CARTESIAN_POINT('',(1.760879249122,221.52973159042));
#831 = CARTESIAN_POINT('',(1.662662849683,221.52973159042));
#832 = CARTESIAN_POINT('',(1.467147859345,221.52973159042));
#833 = CARTESIAN_POINT('',(1.369718503773,221.52973159042));
#834 = CARTESIAN_POINT('',(1.272324129778,221.52973159042));
#835 = CARTESIAN_POINT('',(1.17495565244,221.52973159042));
#836 = CARTESIAN_POINT('',(1.077587175112,221.52973159042));
#837 = CARTESIAN_POINT('',(0.98019280111,221.52973159042));
#838 = CARTESIAN_POINT('',(0.882763445541,221.52973159042));
#839 = CARTESIAN_POINT('',(0.687248455203,221.52973159042));
#840 = CARTESIAN_POINT('',(0.589032055762,221.52973159042));
#841 = CARTESIAN_POINT('',(0.490852161445,221.52973159042));
#842 = CARTESIAN_POINT('',(0.392699081702,221.52973159042));
#843 = CARTESIAN_POINT('',(0.294546001948,221.52973159042));
#844 = CARTESIAN_POINT('',(0.196366107638,221.52973159042));
#845 = CARTESIAN_POINT('',(9.814970819461E-02,221.52973159042));
#846 = CARTESIAN_POINT('',(0.,221.52973159042));
#847 = ( GEOMETRIC_REPRESENTATION_CONTEXT(2) 
PARAMETRIC_REPRESENTATION_CONTEXT() REPRESENTATION_CONTEXT('2D SPACE',''
  ) );
#848 = ADVANCED_FACE('',(#849,#852),#519,.T.);
#849 = FACE_BOUND('',#850,.T.);
#850 = EDGE_LOOP('',(#851));
#851 = ORIENTED_EDGE('',*,*,#395,.F.);
#852 = FACE_BOUND('',#853,.T.);
#853 = EDGE_LOOP('',(#854));
#854 = ORIENTED_EDGE('',*,*,#855,.T.);
#855 = EDGE_CURVE('',#856,#856,#858,.T.);
#856 = VERTEX_POINT('',#857);
#857 = CARTESIAN_POINT('',(78.920740224339,0.,310.));
#858 = SURFACE_CURVE('',#859,(#918,#980),.PCURVE_S1.);
#859 = B_SPLINE_CURVE_WITH_KNOTS('',8,(#860,#861,#862,#863,#864,#865,
    #866,#867,#868,#869,#870,#871,#872,#873,#874,#875,#876,#877,#878,
    #879,#880,#881,#882,#883,#884,#885,#886,#887,#888,#889,#890,#891,
    #892,#893,#894,#895,#896,#897,#898,#899,#900,#901,#902,#903,#904,
    #905,#906,#907,#908,#909,#910,#911,#912,#913,#914,#915,#916,#917),
  .UNSPECIFIED.,.T.,.F.,(9,7,7,7,7,7,7,7,9),(0.,0.125000000003,
    0.250000000003,0.375000000004,0.500000000005,0.625000000005,
    0.750000000003,0.875000000002,1.),.UNSPECIFIED.);
#860 = CARTESIAN_POINT('',(78.920740224339,-1.695342726263E-14,310.));
#861 = CARTESIAN_POINT('',(78.92074050554,-7.746046093233,310.));
#862 = CARTESIAN_POINT('',(78.051855687904,-15.49736924663,310.));
#863 = CARTESIAN_POINT('',(76.312031691181,-23.1320445507,310.));
#864 = CARTESIAN_POINT('',(73.722140637149,-30.53671049934,310.));
#865 = CARTESIAN_POINT('',(70.317580659585,-37.60392953008,310.));
#866 = CARTESIAN_POINT('',(66.149291325921,-44.23270155643,310.));
#867 = CARTESIAN_POINT('',(61.282672507646,-50.32810906778,310.));
#868 = CARTESIAN_POINT('',(50.328109067806,-61.2826725076,310.));
#869 = CARTESIAN_POINT('',(44.232701556395,-66.14929132606,310.));
#870 = CARTESIAN_POINT('',(37.603929530122,-70.31758065926,310.));
#871 = CARTESIAN_POINT('',(30.536710499369,-73.72214063755,310.));
#872 = CARTESIAN_POINT('',(23.132044550657,-76.31203169085,310.));
#873 = CARTESIAN_POINT('',(15.49736924668,-78.05185568805,310.));
#874 = CARTESIAN_POINT('',(7.746046093228,-78.9207405055,310.));
#875 = CARTESIAN_POINT('',(-7.746046093217,-78.9207405055,310.));
#876 = CARTESIAN_POINT('',(-15.49736924664,-78.05185568807,310.));
#877 = CARTESIAN_POINT('',(-23.13204455066,-76.31203169083,310.));
#878 = CARTESIAN_POINT('',(-30.53671049936,-73.72214063758,310.));
#879 = CARTESIAN_POINT('',(-37.60392953006,-70.31758065926,310.));
#880 = CARTESIAN_POINT('',(-44.23270155642,-66.14929132606,310.));
#881 = CARTESIAN_POINT('',(-50.32810906777,-61.28267250762,310.));
#882 = CARTESIAN_POINT('',(-61.28267250761,-50.32810906779,310.));
#883 = CARTESIAN_POINT('',(-66.14929132603,-44.23270155646,310.));
#884 = CARTESIAN_POINT('',(-70.3175806593,-37.60392953002,310.));
#885 = CARTESIAN_POINT('',(-73.72214063752,-30.53671049946,310.));
#886 = CARTESIAN_POINT('',(-76.31203169086,-23.1320445506,310.));
#887 = CARTESIAN_POINT('',(-78.05185568805,-15.4973692467,310.));
#888 = CARTESIAN_POINT('',(-78.9207405055,-7.746046093228,310.));
#889 = CARTESIAN_POINT('',(-78.9207405055,7.746046093154,310.));
#890 = CARTESIAN_POINT('',(-78.05185568805,15.497369246914,310.));
#891 = CARTESIAN_POINT('',(-76.31203169088,23.132044550088,310.));
#892 = CARTESIAN_POINT('',(-73.72214063751,30.536710500079,310.));
#893 = CARTESIAN_POINT('',(-70.31758065932,37.603929529516,310.));
#894 = CARTESIAN_POINT('',(-66.14929132604,44.232701556673,310.));
#895 = CARTESIAN_POINT('',(-61.28267250762,50.328109067725,310.));
#896 = CARTESIAN_POINT('',(-50.32810906785,61.282672507506,310.));
#897 = CARTESIAN_POINT('',(-44.23270155619,66.149291326479,310.));
#898 = CARTESIAN_POINT('',(-37.60392953055,70.317580658428,310.));
#899 = CARTESIAN_POINT('',(-30.53671049888,73.722140638515,310.));
#900 = CARTESIAN_POINT('',(-23.13204455099,76.312031690178,310.));
#901 = CARTESIAN_POINT('',(-15.49736924655,78.051855688334,310.));
#902 = CARTESIAN_POINT('',(-7.746046093254,78.920740505449,310.));
#903 = CARTESIAN_POINT('',(7.746046093253,78.920740505504,310.));
#904 = CARTESIAN_POINT('',(15.497369246473,78.051855688077,310.));
#905 = CARTESIAN_POINT('',(23.132044551068,76.312031690809,310.));
#906 = CARTESIAN_POINT('',(30.536710498791,73.722140637642,310.));
#907 = CARTESIAN_POINT('',(37.603929530572,70.317580659182,310.));
#908 = CARTESIAN_POINT('',(44.232701556158,66.14929132613,310.));
#909 = CARTESIAN_POINT('',(50.328109067848,61.282672507598,310.));
#910 = CARTESIAN_POINT('',(61.282672507587,50.328109067784,310.));
#911 = CARTESIAN_POINT('',(66.149291326159,44.232701556504,310.));
#912 = CARTESIAN_POINT('',(70.317580659053,37.603929529876,310.));
#913 = CARTESIAN_POINT('',(73.722140637816,30.536710499724,310.));
#914 = CARTESIAN_POINT('',(76.312031690664,23.132044550334,310.));
#915 = CARTESIAN_POINT('',(78.051855688139,15.497369246844,310.));
#916 = CARTESIAN_POINT('',(78.920740505489,7.74604609318,310.));
#917 = CARTESIAN_POINT('',(78.920740224339,-2.742572547424E-15,310.));
#918 = PCURVE('',#519,#919);
#919 = DEFINITIONAL_REPRESENTATION('',(#920),#979);
#920 = B_SPLINE_CURVE_WITH_KNOTS('',8,(#921,#922,#923,#924,#925,#926,
    #927,#928,#929,#930,#931,#932,#933,#934,#935,#936,#937,#938,#939,
    #940,#941,#942,#943,#944,#945,#946,#947,#948,#949,#950,#951,#952,
    #953,#954,#955,#956,#957,#958,#959,#960,#961,#962,#963,#964,#965,
    #966,#967,#968,#969,#970,#971,#972,#973,#974,#975,#976,#977,#978),
  .UNSPECIFIED.,.F.,.F.,(9,7,7,7,7,7,7,7,9),(0.,0.125000000003,
    0.250000000003,0.375000000004,0.500000000005,0.625000000005,
    0.750000000003,0.875000000002,1.),.UNSPECIFIED.);
#921 = CARTESIAN_POINT('',(78.920740224339,-4.263256414561E-14));
#922 = CARTESIAN_POINT('',(78.92074050554,-7.746046093233));
#923 = CARTESIAN_POINT('',(78.051855687904,-15.49736924663));
#924 = CARTESIAN_POINT('',(76.312031691181,-23.1320445507));
#925 = CARTESIAN_POINT('',(73.72214063715,-30.53671049934));
#926 = CARTESIAN_POINT('',(70.317580659585,-37.60392953008));
#927 = CARTESIAN_POINT('',(66.149291325921,-44.23270155643));
#928 = CARTESIAN_POINT('',(61.282672507646,-50.32810906778));
#929 = CARTESIAN_POINT('',(50.328109067806,-61.2826725076));
#930 = CARTESIAN_POINT('',(44.232701556395,-66.14929132606));
#931 = CARTESIAN_POINT('',(37.603929530122,-70.31758065926));
#932 = CARTESIAN_POINT('',(30.536710499369,-73.72214063755));
#933 = CARTESIAN_POINT('',(23.132044550657,-76.31203169085));
#934 = CARTESIAN_POINT('',(15.49736924668,-78.05185568805));
#935 = CARTESIAN_POINT('',(7.746046093228,-78.9207405055));
#936 = CARTESIAN_POINT('',(-7.746046093217,-78.9207405055));
#937 = CARTESIAN_POINT('',(-15.49736924664,-78.05185568807));
#938 = CARTESIAN_POINT('',(-23.13204455066,-76.31203169083));
#939 = CARTESIAN_POINT('',(-30.53671049936,-73.72214063758));
#940 = CARTESIAN_POINT('',(-37.60392953006,-70.31758065926));
#941 = CARTESIAN_POINT('',(-44.23270155642,-66.14929132606));
#942 = CARTESIAN_POINT('',(-50.32810906777,-61.28267250762));
#943 = CARTESIAN_POINT('',(-61.28267250761,-50.32810906779));
#944 = CARTESIAN_POINT('',(-66.14929132603,-44.23270155646));
#945 = CARTESIAN_POINT('',(-70.3175806593,-37.60392953002));
#946 = CARTESIAN_POINT('',(-73.72214063752,-30.53671049946));
#947 = CARTESIAN_POINT('',(-76.31203169086,-23.1320445506));
#948 = CARTESIAN_POINT('',(-78.05185568805,-15.4973692467));
#949 = CARTESIAN_POINT('',(-78.9207405055,-7.746046093228));
#950 = CARTESIAN_POINT('',(-78.9207405055,7.746046093154));
#951 = CARTESIAN_POINT('',(-78.05185568805,15.497369246914));
#952 = CARTESIAN_POINT('',(-76.31203169088,23.132044550088));
#953 = CARTESIAN_POINT('',(-73.72214063751,30.536710500079));
#954 = CARTESIAN_POINT('',(-70.31758065932,37.603929529516));
#955 = CARTESIAN_POINT('',(-66.14929132604,44.232701556673));
#956 = CARTESIAN_POINT('',(-61.28267250762,50.328109067724));
#957 = CARTESIAN_POINT('',(-50.32810906785,61.282672507506));
#958 = CARTESIAN_POINT('',(-44.23270155619,66.149291326479));
#959 = CARTESIAN_POINT('',(-37.60392953055,70.317580658428));
#960 = CARTESIAN_POINT('',(-30.53671049888,73.722140638515));
#961 = CARTESIAN_POINT('',(-23.13204455099,76.312031690178));
#962 = CARTESIAN_POINT('',(-15.49736924655,78.051855688334));
#963 = CARTESIAN_POINT('',(-7.746046093254,78.920740505449));
#964 = CARTESIAN_POINT('',(7.746046093253,78.920740505503));
#965 = CARTESIAN_POINT('',(15.497369246473,78.051855688077));
#966 = CARTESIAN_POINT('',(23.132044551068,76.312031690809));
#967 = CARTESIAN_POINT('',(30.536710498791,73.722140637642));
#968 = CARTESIAN_POINT('',(37.603929530572,70.317580659182));
#969 = CARTESIAN_POINT('',(44.232701556158,66.14929132613));
#970 = CARTESIAN_POINT('',(50.328109067848,61.282672507598));
#971 = CARTESIAN_POINT('',(61.282672507587,50.328109067784));
#972 = CARTESIAN_POINT('',(66.149291326159,44.232701556504));
#973 = CARTESIAN_POINT('',(70.317580659053,37.603929529876));
#974 = CARTESIAN_POINT('',(73.722140637816,30.536710499724));
#975 = CARTESIAN_POINT('',(76.312031690664,23.132044550334));
#976 = CARTESIAN_POINT('',(78.051855688139,15.497369246844));
#977 = CARTESIAN_POINT('',(78.920740505489,7.74604609318));
#978 = CARTESIAN_POINT('',(78.920740224339,-2.84217094304E-14));
#979 = ( GEOMETRIC_REPRESENTATION_CONTEXT(2) 
PARAMETRIC_REPRESENTATION_CONTEXT() REPRESENTATION_CONTEXT('2D SPACE',''
  ) );
#980 = PCURVE('',#719,#981);
#981 = DEFINITIONAL_REPRESENTATION('',(#982),#1041);
#982 = B_SPLINE_CURVE_WITH_KNOTS('',8,(#983,#984,#985,#986,#987,#988,
    #989,#990,#991,#992,#993,#994,#995,#996,#997,#998,#999,#1000,#1001,
    #1002,#1003,#1004,#1005,#1006,#1007,#1008,#1009,#1010,#1011,#1012,
    #1013,#1014,#1015,#1016,#1017,#1018,#1019,#1020,#1021,#1022,#1023,
    #1024,#1025,#1026,#1027,#1028,#1029,#1030,#1031,#1032,#1033,#1034,
    #1035,#1036,#1037,#1038,#1039,#1040),.UNSPECIFIED.,.F.,.F.,(9,7,7,7,
    7,7,7,7,9),(0.,0.125000000003,0.250000000003,0.375000000004,
    0.500000000005,0.625000000005,0.750000000003,0.875000000002,1.),
  .UNSPECIFIED.);
#983 = CARTESIAN_POINT('',(6.28318530718,388.69267876638));
#984 = CARTESIAN_POINT('',(6.1850355965,388.69267876638));
#985 = CARTESIAN_POINT('',(6.086819201371,388.69267876638));
#986 = CARTESIAN_POINT('',(5.988639307061,388.69267876638));
#987 = CARTESIAN_POINT('',(5.890486225459,388.69267876638));
#988 = CARTESIAN_POINT('',(5.792333143935,388.69267876638));
#989 = CARTESIAN_POINT('',(5.694153249575,388.69267876638));
#990 = CARTESIAN_POINT('',(5.595936854465,388.69267876638));
#991 = CARTESIAN_POINT('',(5.399637433102,388.69267876638));
#992 = CARTESIAN_POINT('',(5.301421037981,388.69267876638));
#993 = CARTESIAN_POINT('',(5.203241143646,388.69267876638));
#994 = CARTESIAN_POINT('',(5.105088062086,388.69267876638));
#995 = CARTESIAN_POINT('',(5.006934980518,388.69267876638));
#996 = CARTESIAN_POINT('',(4.908755086187,388.69267876638));
#997 = CARTESIAN_POINT('',(4.810538691065,388.69267876638));
#998 = CARTESIAN_POINT('',(4.614239269704,388.69267876638));
#999 = CARTESIAN_POINT('',(4.516022874583,388.69267876638));
#1000 = CARTESIAN_POINT('',(4.417842980248,388.69267876638));
#1001 = CARTESIAN_POINT('',(4.319689898689,388.69267876638));
#1002 = CARTESIAN_POINT('',(4.22153681712,388.69267876638));
#1003 = CARTESIAN_POINT('',(4.12335692279,388.69267876638));
#1004 = CARTESIAN_POINT('',(4.025140527668,388.69267876638));
#1005 = CARTESIAN_POINT('',(3.828841106307,388.69267876638));
#1006 = CARTESIAN_POINT('',(3.730624711185,388.69267876638));
#1007 = CARTESIAN_POINT('',(3.632444816854,388.69267876638));
#1008 = CARTESIAN_POINT('',(3.534291735287,388.69267876638));
#1009 = CARTESIAN_POINT('',(3.436138653727,388.69267876638));
#1010 = CARTESIAN_POINT('',(3.337958759391,388.69267876638));
#1011 = CARTESIAN_POINT('',(3.239742364271,388.69267876638));
#1012 = CARTESIAN_POINT('',(3.04344294291,388.69267876638));
#1013 = CARTESIAN_POINT('',(2.945226547785,388.69267876638));
#1014 = CARTESIAN_POINT('',(2.847046653462,388.69267876638));
#1015 = CARTESIAN_POINT('',(2.748893571882,388.69267876638));
#1016 = CARTESIAN_POINT('',(2.650740490335,388.69267876638));
#1017 = CARTESIAN_POINT('',(2.55256059599,388.69267876638));
#1018 = CARTESIAN_POINT('',(2.454344200874,388.69267876638));
#1019 = CARTESIAN_POINT('',(2.258044779512,388.69267876638));
#1020 = CARTESIAN_POINT('',(2.15982838439,388.69267876638));
#1021 = CARTESIAN_POINT('',(2.061648490058,388.69267876638));
#1022 = CARTESIAN_POINT('',(1.963495408494,388.69267876638));
#1023 = CARTESIAN_POINT('',(1.86534232693,388.69267876638));
#1024 = CARTESIAN_POINT('',(1.767162432597,388.69267876638));
#1025 = CARTESIAN_POINT('',(1.668946037475,388.69267876638));
#1026 = CARTESIAN_POINT('',(1.472646616115,388.69267876638));
#1027 = CARTESIAN_POINT('',(1.374430220991,388.69267876638));
#1028 = CARTESIAN_POINT('',(1.276250326664,388.69267876638));
#1029 = CARTESIAN_POINT('',(1.178097245091,388.69267876638));
#1030 = CARTESIAN_POINT('',(1.079944163536,388.69267876638));
#1031 = CARTESIAN_POINT('',(0.981764269198,388.69267876638));
#1032 = CARTESIAN_POINT('',(0.883547874078,388.69267876638));
#1033 = CARTESIAN_POINT('',(0.687248452717,388.69267876638));
#1034 = CARTESIAN_POINT('',(0.589032057596,388.69267876638));
#1035 = CARTESIAN_POINT('',(0.490852163262,388.69267876638));
#1036 = CARTESIAN_POINT('',(0.3926990817,388.69267876638));
#1037 = CARTESIAN_POINT('',(0.294546000134,388.69267876638));
#1038 = CARTESIAN_POINT('',(0.196366105803,388.69267876638));
#1039 = CARTESIAN_POINT('',(9.814971068032E-02,388.69267876638));
#1040 = CARTESIAN_POINT('',(0.,388.69267876638));
#1041 = ( GEOMETRIC_REPRESENTATION_CONTEXT(2) 
PARAMETRIC_REPRESENTATION_CONTEXT() REPRESENTATION_CONTEXT('2D SPACE',''
  ) );
#1042 = ADVANCED_FACE('',(#1043),#719,.F.);
#1043 = FACE_BOUND('',#1044,.F.);
#1044 = EDGE_LOOP('',(#1045,#1046,#1127,#1128));
#1045 = ORIENTED_EDGE('',*,*,#593,.F.);
#1046 = ORIENTED_EDGE('',*,*,#1047,.T.);
#1047 = EDGE_CURVE('',#594,#856,#1048,.T.);
#1048 = SEAM_CURVE('',#1049,(#1113,#1120),.PCURVE_S1.);
#1049 = B_SPLINE_CURVE_WITH_KNOTS('',3,(#1050,#1051,#1052,#1053,#1054,
    #1055,#1056,#1057,#1058,#1059,#1060,#1061,#1062,#1063,#1064,#1065,
    #1066,#1067,#1068,#1069,#1070,#1071,#1072,#1073,#1074,#1075,#1076,
    #1077,#1078,#1079,#1080,#1081,#1082,#1083,#1084,#1085,#1086,#1087,
    #1088,#1089,#1090,#1091,#1092,#1093,#1094,#1095,#1096,#1097,#1098,
    #1099,#1100,#1101,#1102,#1103,#1104,#1105,#1106,#1107,#1108,#1109,
    #1110,#1111,#1112),.UNSPECIFIED.,.F.,.F.,(4,1,1,1,1,1,1,1,1,1,1,1,1,
    1,1,1,1,1,1,1,1,1,1,1,1,1,1,1,1,1,1,1,1,1,1,1,1,1,1,1,1,1,1,1,1,1,1,
    1,1,1,1,1,1,1,1,1,1,1,1,1,4),(0.,7.778004655746,15.552735403833,
    23.321464358112,31.08221388224,38.834223805418,46.578234189783,
    54.316700238988,62.053909959299,69.795993480131,77.550819698316,
    85.327783344919,93.137493572513,100.9913828387,108.90126111474,
    116.87884425371,124.93528606687,133.08074121542,141.32398097223,
    149.67207723224,158.13016300233,166.70127101004,175.38624674547,
    184.18372851928,193.09018497385,202.09999969109,211.20559275989,
    220.39757004862,229.66489217153,238.99505651372,248.37428703261,
    257.78772779387,267.21963728301,276.65358144759,286.07262417964,
    295.45951455971,304.79687067782,314.0673602444,323.25387852874,
    332.33972443071,341.30877571818,350.14566465754,358.83595543,
    367.36632485916,375.72474806006,383.90069062709,391.88530885855,
    399.6716591898,407.25491735864,414.63260669231,421.80483306924,
    428.7745213176,435.54764381726,442.13342673081,448.54451275831,
    454.79705230932,460.9106890908,466.9084038256,472.81618368701,
    478.66248126429,484.47764768179),.UNSPECIFIED.);
#1050 = CARTESIAN_POINT('',(0.,0.,2.));
#1051 = CARTESIAN_POINT('',(2.596513294424,0.,2.));
#1052 = CARTESIAN_POINT('',(7.776589252507,0.,2.161854619812));
#1053 = CARTESIAN_POINT('',(15.523383547295,0.,2.889579158962));
#1054 = CARTESIAN_POINT('',(23.201174278671,0.,4.100221775361));
#1055 = CARTESIAN_POINT('',(30.780811782348,0.,5.790457328179));
#1056 = CARTESIAN_POINT('',(38.229982708459,0.,7.955654671576));
#1057 = CARTESIAN_POINT('',(45.518717868764,0.,10.589908786431));
#1058 = CARTESIAN_POINT('',(52.618244294908,0.,13.686072329446));
#1059 = CARTESIAN_POINT('',(59.501569064409,0.,17.235790770436));
#1060 = CARTESIAN_POINT('',(66.14355157255,0.,21.229538197011));
#1061 = CARTESIAN_POINT('',(72.521060688278,0.,25.656651526122));
#1062 = CARTESIAN_POINT('',(78.613057492175,0.,30.505361299768));
#1063 = CARTESIAN_POINT('',(84.400649034532,0.,35.762817993985));
#1064 = CARTESIAN_POINT('',(89.867105648686,0.,41.415113761845));
#1065 = CARTESIAN_POINT('',(94.997849778913,0.,47.447300588918));
#1066 = CARTESIAN_POINT('',(99.780420624241,0.,53.84340675564));
#1067 = CARTESIAN_POINT('',(104.2044196633,0.,60.586454092778));
#1068 = CARTESIAN_POINT('',(108.26144117719,0.,67.658478676626));
#1069 = CARTESIAN_POINT('',(111.94499112677,0.,75.040557331833));
#1070 = CARTESIAN_POINT('',(115.2503969113,0.,82.712841679826));
#1071 = CARTESIAN_POINT('',(118.17470990705,0.,90.654600643065));
#1072 = CARTESIAN_POINT('',(120.7166022938,0.,98.844271464585));
#1073 = CARTESIAN_POINT('',(122.87625952095,0.,107.25951857867));
#1074 = CARTESIAN_POINT('',(124.65526977443,0.,115.87729916603));
#1075 = CARTESIAN_POINT('',(126.05651188823,0.,124.67393397293));
#1076 = CARTESIAN_POINT('',(127.08404321848,0.,133.62518194109));
#1077 = CARTESIAN_POINT('',(127.7429890085,0.,142.70631732225));
#1078 = CARTESIAN_POINT('',(128.03943469811,0.,151.89220817012));
#1079 = CARTESIAN_POINT('',(127.98032247568,0.,161.15739535152));
#1080 = CARTESIAN_POINT('',(127.57335315822,0.,170.47617145547));
#1081 = CARTESIAN_POINT('',(126.82689424075,0.,179.8226591794));
#1082 = CARTESIAN_POINT('',(125.74989470629,0.,189.17088892643));
#1083 = CARTESIAN_POINT('',(124.35180695345,0.,198.49487545856));
#1084 = CARTESIAN_POINT('',(122.64251598987,0.,207.76869352373));
#1085 = CARTESIAN_POINT('',(120.63227586601,0.,216.96655242028));
#1086 = CARTESIAN_POINT('',(118.33165318392,0.,226.06286948893));
#1087 = CARTESIAN_POINT('',(115.75147740872,0.,235.03234253821));
#1088 = CARTESIAN_POINT('',(112.90279763128,0.,243.85002122077));
#1089 = CARTESIAN_POINT('',(109.79684537314,0.,252.49137739053));
#1090 = CARTESIAN_POINT('',(106.44500298162,0.,260.93237448751));
#1091 = CARTESIAN_POINT('',(102.8587771274,0.,269.14953602077));
#1092 = CARTESIAN_POINT('',(99.049776876069,0.,277.12001325149));
#1093 = CARTESIAN_POINT('',(95.029695762246,0.,284.82165221651));
#1094 = CARTESIAN_POINT('',(90.810297192312,0.,292.23306027503));
#1095 = CARTESIAN_POINT('',(86.403402494912,0.,299.33367239846));
#1096 = CARTESIAN_POINT('',(81.820880405239,0.,306.10381744348));
#1097 = CARTESIAN_POINT('',(77.074637905338,0.,312.52478462547));
#1098 = CARTESIAN_POINT('',(72.176607178901,0.,318.57889030793));
#1099 = CARTESIAN_POINT('',(67.138740680873,0.,324.24954498962));
#1100 = CARTESIAN_POINT('',(61.972962889136,0.,329.52131993606));
#1101 = CARTESIAN_POINT('',(56.691253282246,0.,334.3800121926));
#1102 = CARTESIAN_POINT('',(51.305225134472,0.,338.81270567737));
#1103 = CARTESIAN_POINT('',(45.827463208066,0.,342.80782470576));
#1104 = CARTESIAN_POINT('',(40.266518214148,0.,346.35517481673));
#1105 = CARTESIAN_POINT('',(34.644563149139,0.,349.44596457522));
#1106 = CARTESIAN_POINT('',(28.933724835787,0.,352.07280181474));
#1107 = CARTESIAN_POINT('',(23.28493917662,0.,354.22965942323));
#1108 = CARTESIAN_POINT('',(17.200538667327,0.,355.91180988329));
#1109 = CARTESIAN_POINT('',(12.540166226107,0.,357.11573327254));
#1110 = CARTESIAN_POINT('',(2.531906266563,0.,357.83902281315));
#1111 = CARTESIAN_POINT('',(9.003055454651,-0.,358.));
#1112 = CARTESIAN_POINT('',(0.,0.,358.));
#1113 = PCURVE('',#719,#1114);
#1114 = DEFINITIONAL_REPRESENTATION('',(#1115),#1119);
#1115 = LINE('',#1116,#1117);
#1116 = CARTESIAN_POINT('',(0.,0.));
#1117 = VECTOR('',#1118,1.);
#1118 = DIRECTION('',(0.,1.));
#1119 = ( GEOMETRIC_REPRESENTATION_CONTEXT(2) 
PARAMETRIC_REPRESENTATION_CONTEXT() REPRESENTATION_CONTEXT('2D SPACE',''
  ) );
#1120 = PCURVE('',#719,#1121);
#1121 = DEFINITIONAL_REPRESENTATION('',(#1122),#1126);
#1122 = LINE('',#1123,#1124);
#1123 = CARTESIAN_POINT('',(6.28318530718,0.));
#1124 = VECTOR('',#1125,1.);
#1125 = DIRECTION('',(0.,1.));
#1126 = ( GEOMETRIC_REPRESENTATION_CONTEXT(2) 
PARAMETRIC_REPRESENTATION_CONTEXT() REPRESENTATION_CONTEXT('2D SPACE',''
  ) );
#1127 = ORIENTED_EDGE('',*,*,#855,.T.);
#1128 = ORIENTED_EDGE('',*,*,#1047,.F.);
#1129 = ( GEOMETRIC_REPRESENTATION_CONTEXT(3) 
GLOBAL_UNCERTAINTY_ASSIGNED_CONTEXT((#1133)) 
GLOBAL_UNIT_ASSIGNED_CONTEXT((#1130,#1131,#1132)) REPRESENTATION_CONTEXT
('Context #1','3D Context with UNIT and UNCERTAINTY') );
#1130 = ( LENGTH_UNIT() NAMED_UNIT(*) SI_UNIT(.MILLI.,.METRE.) );
#1131 = ( NAMED_UNIT(*) PLANE_ANGLE_UNIT() SI_UNIT($,.RADIAN.) );
#1132 = ( NAMED_UNIT(*) SI_UNIT($,.STERADIAN.) SOLID_ANGLE_UNIT() );
#1133 = UNCERTAINTY_MEASURE_WITH_UNIT(LENGTH_MEASURE(5.E-06),#1130,
  'distance_accuracy_value','confusion accuracy');
#1134 = CONTEXT_DEPENDENT_SHAPE_REPRESENTATION(#1135,#1137);
#1135 = ( REPRESENTATION_RELATIONSHIP('','',#44,#10) 
REPRESENTATION_RELATIONSHIP_WITH_TRANSFORMATION(#1136) 
SHAPE_REPRESENTATION_RELATIONSHIP() );
#1136 = ITEM_DEFINED_TRANSFORMATION('','',#11,#15);
#1137 = PRODUCT_DEFINITION_SHAPE('Placement','Placement of an item',
  #1138);
#1138 = NEXT_ASSEMBLY_USAGE_OCCURRENCE('3','','',#5,#39,$);
#1139 = PRODUCT_RELATED_PRODUCT_CATEGORY('part',$,(#41));
#1140 = SHAPE_DEFINITION_REPRESENTATION(#1141,#1147);
#1141 = PRODUCT_DEFINITION_SHAPE('','',#1142);
#1142 = PRODUCT_DEFINITION('design','',#1143,#1146);
#1143 = PRODUCT_DEFINITION_FORMATION('','',#1144);
#1144 = PRODUCT('Open CASCADE STEP translator 7.9 4.2',
  'Open CASCADE STEP translator 7.9 4.2','',(#1145));
#1145 = PRODUCT_CONTEXT('',#2,'mechanical');
#1146 = PRODUCT_DEFINITION_CONTEXT('part definition',#2,'design');
#1147 = ADVANCED_BREP_SHAPE_REPRESENTATION('',(#11,#1148),#1246);
#1148 = MANIFOLD_SOLID_BREP('',#1149);
#1149 = CLOSED_SHELL('',(#1150,#1238,#1242));
#1150 = ADVANCED_FACE('',(#1151),#1165,.T.);
#1151 = FACE_BOUND('',#1152,.F.);
#1152 = EDGE_LOOP('',(#1153,#1183,#1210,#1211));
#1153 = ORIENTED_EDGE('',*,*,#1154,.T.);
#1154 = EDGE_CURVE('',#1155,#1157,#1159,.T.);
#1155 = VERTEX_POINT('',#1156);
#1156 = CARTESIAN_POINT('',(4.,72.907437301384,290.));
#1157 = VERTEX_POINT('',#1158);
#1158 = CARTESIAN_POINT('',(4.,72.907437301384,328.));
#1159 = SEAM_CURVE('',#1160,(#1164,#1176),.PCURVE_S1.);
#1160 = LINE('',#1161,#1162);
#1161 = CARTESIAN_POINT('',(4.,72.907437301384,290.));
#1162 = VECTOR('',#1163,1.);
#1163 = DIRECTION('',(0.,0.,1.));
#1164 = PCURVE('',#1165,#1170);
#1165 = CYLINDRICAL_SURFACE('',#1166,4.);
#1166 = AXIS2_PLACEMENT_3D('',#1167,#1168,#1169);
#1167 = CARTESIAN_POINT('',(4.464292986259E-15,72.907437301384,290.));
#1168 = DIRECTION('',(-0.,-0.,-1.));
#1169 = DIRECTION('',(1.,0.,0.));
#1170 = DEFINITIONAL_REPRESENTATION('',(#1171),#1175);
#1171 = LINE('',#1172,#1173);
#1172 = CARTESIAN_POINT('',(-0.,0.));
#1173 = VECTOR('',#1174,1.);
#1174 = DIRECTION('',(-0.,-1.));
#1175 = ( GEOMETRIC_REPRESENTATION_CONTEXT(2) 
PARAMETRIC_REPRESENTATION_CONTEXT() REPRESENTATION_CONTEXT('2D SPACE',''
  ) );
#1176 = PCURVE('',#1165,#1177);
#1177 = DEFINITIONAL_REPRESENTATION('',(#1178),#1182);
#1178 = LINE('',#1179,#1180);
#1179 = CARTESIAN_POINT('',(-6.28318530718,0.));
#1180 = VECTOR('',#1181,1.);
#1181 = DIRECTION('',(-0.,-1.));
#1182 = ( GEOMETRIC_REPRESENTATION_CONTEXT(2) 
PARAMETRIC_REPRESENTATION_CONTEXT() REPRESENTATION_CONTEXT('2D SPACE',''
  ) );
#1183 = ORIENTED_EDGE('',*,*,#1184,.T.);
#1184 = EDGE_CURVE('',#1157,#1157,#1185,.T.);
#1185 = SURFACE_CURVE('',#1186,(#1191,#1198),.PCURVE_S1.);
#1186 = CIRCLE('',#1187,4.);
#1187 = AXIS2_PLACEMENT_3D('',#1188,#1189,#1190);
#1188 = CARTESIAN_POINT('',(4.464292986259E-15,72.907437301384,328.));
#1189 = DIRECTION('',(0.,0.,1.));
#1190 = DIRECTION('',(1.,0.,0.));
#1191 = PCURVE('',#1165,#1192);
#1192 = DEFINITIONAL_REPRESENTATION('',(#1193),#1197);
#1193 = LINE('',#1194,#1195);
#1194 = CARTESIAN_POINT('',(-0.,-38.));
#1195 = VECTOR('',#1196,1.);
#1196 = DIRECTION('',(-1.,0.));
#1197 = ( GEOMETRIC_REPRESENTATION_CONTEXT(2) 
PARAMETRIC_REPRESENTATION_CONTEXT() REPRESENTATION_CONTEXT('2D SPACE',''
  ) );
#1198 = PCURVE('',#1199,#1204);
#1199 = PLANE('',#1200);
#1200 = AXIS2_PLACEMENT_3D('',#1201,#1202,#1203);
#1201 = CARTESIAN_POINT('',(4.871505472172E-15,72.907437301384,328.));
#1202 = DIRECTION('',(0.,0.,1.));
#1203 = DIRECTION('',(1.,0.,-0.));
#1204 = DEFINITIONAL_REPRESENTATION('',(#1205),#1209);
#1205 = CIRCLE('',#1206,4.);
#1206 = AXIS2_PLACEMENT_2D('',#1207,#1208);
#1207 = CARTESIAN_POINT('',(-4.072124859129E-16,1.42108547152E-14));
#1208 = DIRECTION('',(1.,0.));
#1209 = ( GEOMETRIC_REPRESENTATION_CONTEXT(2) 
PARAMETRIC_REPRESENTATION_CONTEXT() REPRESENTATION_CONTEXT('2D SPACE',''
  ) );
#1210 = ORIENTED_EDGE('',*,*,#1154,.F.);
#1211 = ORIENTED_EDGE('',*,*,#1212,.F.);
#1212 = EDGE_CURVE('',#1155,#1155,#1213,.T.);
#1213 = SURFACE_CURVE('',#1214,(#1219,#1226),.PCURVE_S1.);
#1214 = CIRCLE('',#1215,4.);
#1215 = AXIS2_PLACEMENT_3D('',#1216,#1217,#1218);
#1216 = CARTESIAN_POINT('',(4.464292986259E-15,72.907437301384,290.));
#1217 = DIRECTION('',(0.,0.,1.));
#1218 = DIRECTION('',(1.,0.,0.));
#1219 = PCURVE('',#1165,#1220);
#1220 = DEFINITIONAL_REPRESENTATION('',(#1221),#1225);
#1221 = LINE('',#1222,#1223);
#1222 = CARTESIAN_POINT('',(-0.,0.));
#1223 = VECTOR('',#1224,1.);
#1224 = DIRECTION('',(-1.,0.));
#1225 = ( GEOMETRIC_REPRESENTATION_CONTEXT(2) 
PARAMETRIC_REPRESENTATION_CONTEXT() REPRESENTATION_CONTEXT('2D SPACE',''
  ) );
#1226 = PCURVE('',#1227,#1232);
#1227 = PLANE('',#1228);
#1228 = AXIS2_PLACEMENT_3D('',#1229,#1230,#1231);
#1229 = CARTESIAN_POINT('',(4.871505472172E-15,72.907437301384,290.));
#1230 = DIRECTION('',(0.,0.,1.));
#1231 = DIRECTION('',(1.,0.,-0.));
#1232 = DEFINITIONAL_REPRESENTATION('',(#1233),#1237);
#1233 = CIRCLE('',#1234,4.);
#1234 = AXIS2_PLACEMENT_2D('',#1235,#1236);
#1235 = CARTESIAN_POINT('',(-4.072124859129E-16,1.42108547152E-14));
#1236 = DIRECTION('',(1.,0.));
#1237 = ( GEOMETRIC_REPRESENTATION_CONTEXT(2) 
PARAMETRIC_REPRESENTATION_CONTEXT() REPRESENTATION_CONTEXT('2D SPACE',''
  ) );
#1238 = ADVANCED_FACE('',(#1239),#1227,.F.);
#1239 = FACE_BOUND('',#1240,.F.);
#1240 = EDGE_LOOP('',(#1241));
#1241 = ORIENTED_EDGE('',*,*,#1212,.T.);
#1242 = ADVANCED_FACE('',(#1243),#1199,.T.);
#1243 = FACE_BOUND('',#1244,.T.);
#1244 = EDGE_LOOP('',(#1245));
#1245 = ORIENTED_EDGE('',*,*,#1184,.T.);
#1246 = ( GEOMETRIC_REPRESENTATION_CONTEXT(3) 
GLOBAL_UNCERTAINTY_ASSIGNED_CONTEXT((#1250)) 
GLOBAL_UNIT_ASSIGNED_CONTEXT((#1247,#1248,#1249)) REPRESENTATION_CONTEXT
('Context #1','3D Context with UNIT and UNCERTAINTY') );
#1247 = ( LENGTH_UNIT() NAMED_UNIT(*) SI_UNIT(.MILLI.,.METRE.) );
#1248 = ( NAMED_UNIT(*) PLANE_ANGLE_UNIT() SI_UNIT($,.RADIAN.) );
#1249 = ( NAMED_UNIT(*) SI_UNIT($,.STERADIAN.) SOLID_ANGLE_UNIT() );
#1250 = UNCERTAINTY_MEASURE_WITH_UNIT(LENGTH_MEASURE(1.E-07),#1247,
  'distance_accuracy_value','confusion accuracy');
#1251 = CONTEXT_DEPENDENT_SHAPE_REPRESENTATION(#1252,#1254);
#1252 = ( REPRESENTATION_RELATIONSHIP('','',#1147,#10) 
REPRESENTATION_RELATIONSHIP_WITH_TRANSFORMATION(#1253) 
SHAPE_REPRESENTATION_RELATIONSHIP() );
#1253 = ITEM_DEFINED_TRANSFORMATION('','',#11,#19);
#1254 = PRODUCT_DEFINITION_SHAPE('Placement','Placement of an item',
  #1255);
#1255 = NEXT_ASSEMBLY_USAGE_OCCURRENCE('4','','',#5,#1142,$);
#1256 = PRODUCT_RELATED_PRODUCT_CATEGORY('part',$,(#1144));
#1257 = SHAPE_DEFINITION_REPRESENTATION(#1258,#1264);
#1258 = PRODUCT_DEFINITION_SHAPE('','',#1259);
#1259 = PRODUCT_DEFINITION('design','',#1260,#1263);
#1260 = PRODUCT_DEFINITION_FORMATION('','',#1261);
#1261 = PRODUCT('Open CASCADE STEP translator 7.9 4.3',
  'Open CASCADE STEP translator 7.9 4.3','',(#1262));
#1262 = PRODUCT_CONTEXT('',#2,'mechanical');
#1263 = PRODUCT_DEFINITION_CONTEXT('part definition',#2,'design');
#1264 = ADVANCED_BREP_SHAPE_REPRESENTATION('',(#11,#1265),#1363);
#1265 = MANIFOLD_SOLID_BREP('',#1266);
#1266 = CLOSED_SHELL('',(#1267,#1355,#1359));
#1267 = ADVANCED_FACE('',(#1268),#1282,.T.);
#1268 = FACE_BOUND('',#1269,.F.);
#1269 = EDGE_LOOP('',(#1270,#1300,#1327,#1328));
#1270 = ORIENTED_EDGE('',*,*,#1271,.T.);
#1271 = EDGE_CURVE('',#1272,#1274,#1276,.T.);
#1272 = VERTEX_POINT('',#1273);
#1273 = CARTESIAN_POINT('',(-59.13969282782,-36.45371865069,290.));
#1274 = VERTEX_POINT('',#1275);
#1275 = CARTESIAN_POINT('',(-59.13969282782,-36.45371865069,328.));
#1276 = SEAM_CURVE('',#1277,(#1281,#1293),.PCURVE_S1.);
#1277 = LINE('',#1278,#1279);
#1278 = CARTESIAN_POINT('',(-59.13969282782,-36.45371865069,290.));
#1279 = VECTOR('',#1280,1.);
#1280 = DIRECTION('',(0.,0.,1.));
#1281 = PCURVE('',#1282,#1287);
#1282 = CYLINDRICAL_SURFACE('',#1283,4.);
#1283 = AXIS2_PLACEMENT_3D('',#1284,#1285,#1286);
#1284 = CARTESIAN_POINT('',(-63.13969282782,-36.45371865069,290.));
#1285 = DIRECTION('',(-0.,-0.,-1.));
#1286 = DIRECTION('',(1.,0.,0.));
#1287 = DEFINITIONAL_REPRESENTATION('',(#1288),#1292);
#1288 = LINE('',#1289,#1290);
#1289 = CARTESIAN_POINT('',(-0.,0.));
#1290 = VECTOR('',#1291,1.);
#1291 = DIRECTION('',(-0.,-1.));
#1292 = ( GEOMETRIC_REPRESENTATION_CONTEXT(2) 
PARAMETRIC_REPRESENTATION_CONTEXT() REPRESENTATION_CONTEXT('2D SPACE',''
  ) );
#1293 = PCURVE('',#1282,#1294);
#1294 = DEFINITIONAL_REPRESENTATION('',(#1295),#1299);
#1295 = LINE('',#1296,#1297);
#1296 = CARTESIAN_POINT('',(-6.28318530718,0.));
#1297 = VECTOR('',#1298,1.);
#1298 = DIRECTION('',(-0.,-1.));
#1299 = ( GEOMETRIC_REPRESENTATION_CONTEXT(2) 
PARAMETRIC_REPRESENTATION_CONTEXT() REPRESENTATION_CONTEXT('2D SPACE',''
  ) );
#1300 = ORIENTED_EDGE('',*,*,#1301,.T.);
#1301 = EDGE_CURVE('',#1274,#1274,#1302,.T.);
#1302 = SURFACE_CURVE('',#1303,(#1308,#1315),.PCURVE_S1.);
#1303 = CIRCLE('',#1304,4.);
#1304 = AXIS2_PLACEMENT_3D('',#1305,#1306,#1307);
#1305 = CARTESIAN_POINT('',(-63.13969282782,-36.45371865069,328.));
#1306 = DIRECTION('',(0.,0.,1.));
#1307 = DIRECTION('',(1.,0.,0.));
#1308 = PCURVE('',#1282,#1309);
#1309 = DEFINITIONAL_REPRESENTATION('',(#1310),#1314);
#1310 = LINE('',#1311,#1312);
#1311 = CARTESIAN_POINT('',(-0.,-38.));
#1312 = VECTOR('',#1313,1.);
#1313 = DIRECTION('',(-1.,0.));
#1314 = ( GEOMETRIC_REPRESENTATION_CONTEXT(2) 
PARAMETRIC_REPRESENTATION_CONTEXT() REPRESENTATION_CONTEXT('2D SPACE',''
  ) );
#1315 = PCURVE('',#1316,#1321);
#1316 = PLANE('',#1317);
#1317 = AXIS2_PLACEMENT_3D('',#1318,#1319,#1320);
#1318 = CARTESIAN_POINT('',(-63.13969282782,-36.45371865069,328.));
#1319 = DIRECTION('',(0.,0.,1.));
#1320 = DIRECTION('',(1.,0.,-0.));
#1321 = DEFINITIONAL_REPRESENTATION('',(#1322),#1326);
#1322 = CIRCLE('',#1323,4.);
#1323 = AXIS2_PLACEMENT_2D('',#1324,#1325);
#1324 = CARTESIAN_POINT('',(0.,-7.105427357601E-15));
#1325 = DIRECTION('',(1.,0.));
#1326 = ( GEOMETRIC_REPRESENTATION_CONTEXT(2) 
PARAMETRIC_REPRESENTATION_CONTEXT() REPRESENTATION_CONTEXT('2D SPACE',''
  ) );
#1327 = ORIENTED_EDGE('',*,*,#1271,.F.);
#1328 = ORIENTED_EDGE('',*,*,#1329,.F.);
#1329 = EDGE_CURVE('',#1272,#1272,#1330,.T.);
#1330 = SURFACE_CURVE('',#1331,(#1336,#1343),.PCURVE_S1.);
#1331 = CIRCLE('',#1332,4.);
#1332 = AXIS2_PLACEMENT_3D('',#1333,#1334,#1335);
#1333 = CARTESIAN_POINT('',(-63.13969282782,-36.45371865069,290.));
#1334 = DIRECTION('',(0.,0.,1.));
#1335 = DIRECTION('',(1.,0.,0.));
#1336 = PCURVE('',#1282,#1337);
#1337 = DEFINITIONAL_REPRESENTATION('',(#1338),#1342);
#1338 = LINE('',#1339,#1340);
#1339 = CARTESIAN_POINT('',(-0.,0.));
#1340 = VECTOR('',#1341,1.);
#1341 = DIRECTION('',(-1.,0.));
#1342 = ( GEOMETRIC_REPRESENTATION_CONTEXT(2) 
PARAMETRIC_REPRESENTATION_CONTEXT() REPRESENTATION_CONTEXT('2D SPACE',''
  ) );
#1343 = PCURVE('',#1344,#1349);
#1344 = PLANE('',#1345);
#1345 = AXIS2_PLACEMENT_3D('',#1346,#1347,#1348);
#1346 = CARTESIAN_POINT('',(-63.13969282782,-36.45371865069,290.));
#1347 = DIRECTION('',(0.,0.,1.));
#1348 = DIRECTION('',(1.,0.,-0.));
#1349 = DEFINITIONAL_REPRESENTATION('',(#1350),#1354);
#1350 = CIRCLE('',#1351,4.);
#1351 = AXIS2_PLACEMENT_2D('',#1352,#1353);
#1352 = CARTESIAN_POINT('',(0.,-7.105427357601E-15));
#1353 = DIRECTION('',(1.,0.));
#1354 = ( GEOMETRIC_REPRESENTATION_CONTEXT(2) 
PARAMETRIC_REPRESENTATION_CONTEXT() REPRESENTATION_CONTEXT('2D SPACE',''
  ) );
#1355 = ADVANCED_FACE('',(#1356),#1344,.F.);
#1356 = FACE_BOUND('',#1357,.F.);
#1357 = EDGE_LOOP('',(#1358));
#1358 = ORIENTED_EDGE('',*,*,#1329,.T.);
#1359 = ADVANCED_FACE('',(#1360),#1316,.T.);
#1360 = FACE_BOUND('',#1361,.T.);
#1361 = EDGE_LOOP('',(#1362));
#1362 = ORIENTED_EDGE('',*,*,#1301,.T.);
#1363 = ( GEOMETRIC_REPRESENTATION_CONTEXT(3) 
GLOBAL_UNCERTAINTY_ASSIGNED_CONTEXT((#1367)) 
GLOBAL_UNIT_ASSIGNED_CONTEXT((#1364,#1365,#1366)) REPRESENTATION_CONTEXT
('Context #1','3D Context with UNIT and UNCERTAINTY') );
#1364 = ( LENGTH_UNIT() NAMED_UNIT(*) SI_UNIT(.MILLI.,.METRE.) );
#1365 = ( NAMED_UNIT(*) PLANE_ANGLE_UNIT() SI_UNIT($,.RADIAN.) );
#1366 = ( NAMED_UNIT(*) SI_UNIT($,.STERADIAN.) SOLID_ANGLE_UNIT() );
#1367 = UNCERTAINTY_MEASURE_WITH_UNIT(LENGTH_MEASURE(1.E-07),#1364,
  'distance_accuracy_value','confusion accuracy');
#1368 = CONTEXT_DEPENDENT_SHAPE_REPRESENTATION(#1369,#1371);
#1369 = ( REPRESENTATION_RELATIONSHIP('','',#1264,#10) 
REPRESENTATION_RELATIONSHIP_WITH_TRANSFORMATION(#1370) 
SHAPE_REPRESENTATION_RELATIONSHIP() );
#1370 = ITEM_DEFINED_TRANSFORMATION('','',#11,#23);
#1371 = PRODUCT_DEFINITION_SHAPE('Placement','Placement of an item',
  #1372);
#1372 = NEXT_ASSEMBLY_USAGE_OCCURRENCE('5','','',#5,#1259,$);
#1373 = PRODUCT_RELATED_PRODUCT_CATEGORY('part',$,(#1261));
#1374 = SHAPE_DEFINITION_REPRESENTATION(#1375,#1381);
#1375 = PRODUCT_DEFINITION_SHAPE('','',#1376);
#1376 = PRODUCT_DEFINITION('design','',#1377,#1380);
#1377 = PRODUCT_DEFINITION_FORMATION('','',#1378);
#1378 = PRODUCT('Open CASCADE STEP translator 7.9 4.4',
  'Open CASCADE STEP translator 7.9 4.4','',(#1379));
#1379 = PRODUCT_CONTEXT('',#2,'mechanical');
#1380 = PRODUCT_DEFINITION_CONTEXT('part definition',#2,'design');
#1381 = ADVANCED_BREP_SHAPE_REPRESENTATION('',(#11,#1382),#1480);
#1382 = MANIFOLD_SOLID_BREP('',#1383);
#1383 = CLOSED_SHELL('',(#1384,#1472,#1476));
#1384 = ADVANCED_FACE('',(#1385),#1399,.T.);
#1385 = FACE_BOUND('',#1386,.F.);
#1386 = EDGE_LOOP('',(#1387,#1417,#1444,#1445));
#1387 = ORIENTED_EDGE('',*,*,#1388,.T.);
#1388 = EDGE_CURVE('',#1389,#1391,#1393,.T.);
#1389 = VERTEX_POINT('',#1390);
#1390 = CARTESIAN_POINT('',(67.13969282782,-36.45371865069,290.));
#1391 = VERTEX_POINT('',#1392);
#1392 = CARTESIAN_POINT('',(67.13969282782,-36.45371865069,328.));
#1393 = SEAM_CURVE('',#1394,(#1398,#1410),.PCURVE_S1.);
#1394 = LINE('',#1395,#1396);
#1395 = CARTESIAN_POINT('',(67.13969282782,-36.45371865069,290.));
#1396 = VECTOR('',#1397,1.);
#1397 = DIRECTION('',(0.,0.,1.));
#1398 = PCURVE('',#1399,#1404);
#1399 = CYLINDRICAL_SURFACE('',#1400,4.);
#1400 = AXIS2_PLACEMENT_3D('',#1401,#1402,#1403);
#1401 = CARTESIAN_POINT('',(63.13969282782,-36.45371865069,290.));
#1402 = DIRECTION('',(-0.,-0.,-1.));
#1403 = DIRECTION('',(1.,0.,0.));
#1404 = DEFINITIONAL_REPRESENTATION('',(#1405),#1409);
#1405 = LINE('',#1406,#1407);
#1406 = CARTESIAN_POINT('',(-0.,0.));
#1407 = VECTOR('',#1408,1.);
#1408 = DIRECTION('',(-0.,-1.));
#1409 = ( GEOMETRIC_REPRESENTATION_CONTEXT(2) 
PARAMETRIC_REPRESENTATION_CONTEXT() REPRESENTATION_CONTEXT('2D SPACE',''
  ) );
#1410 = PCURVE('',#1399,#1411);
#1411 = DEFINITIONAL_REPRESENTATION('',(#1412),#1416);
#1412 = LINE('',#1413,#1414);
#1413 = CARTESIAN_POINT('',(-6.28318530718,0.));
#1414 = VECTOR('',#1415,1.);
#1415 = DIRECTION('',(-0.,-1.));
#1416 = ( GEOMETRIC_REPRESENTATION_CONTEXT(2) 
PARAMETRIC_REPRESENTATION_CONTEXT() REPRESENTATION_CONTEXT('2D SPACE',''
  ) );
#1417 = ORIENTED_EDGE('',*,*,#1418,.T.);
#1418 = EDGE_CURVE('',#1391,#1391,#1419,.T.);
#1419 = SURFACE_CURVE('',#1420,(#1425,#1432),.PCURVE_S1.);
#1420 = CIRCLE('',#1421,4.);
#1421 = AXIS2_PLACEMENT_3D('',#1422,#1423,#1424);
#1422 = CARTESIAN_POINT('',(63.13969282782,-36.45371865069,328.));
#1423 = DIRECTION('',(0.,0.,1.));
#1424 = DIRECTION('',(1.,0.,0.));
#1425 = PCURVE('',#1399,#1426);
#1426 = DEFINITIONAL_REPRESENTATION('',(#1427),#1431);
#1427 = LINE('',#1428,#1429);
#1428 = CARTESIAN_POINT('',(-0.,-38.));
#1429 = VECTOR('',#1430,1.);
#1430 = DIRECTION('',(-1.,0.));
#1431 = ( GEOMETRIC_REPRESENTATION_CONTEXT(2) 
PARAMETRIC_REPRESENTATION_CONTEXT() REPRESENTATION_CONTEXT('2D SPACE',''
  ) );
#1432 = PCURVE('',#1433,#1438);
#1433 = PLANE('',#1434);
#1434 = AXIS2_PLACEMENT_3D('',#1435,#1436,#1437);
#1435 = CARTESIAN_POINT('',(63.13969282782,-36.45371865069,328.));
#1436 = DIRECTION('',(0.,0.,1.));
#1437 = DIRECTION('',(1.,0.,-0.));
#1438 = DEFINITIONAL_REPRESENTATION('',(#1439),#1443);
#1439 = CIRCLE('',#1440,4.);
#1440 = AXIS2_PLACEMENT_2D('',#1441,#1442);
#1441 = CARTESIAN_POINT('',(-7.105427357601E-15,-7.105427357601E-15));
#1442 = DIRECTION('',(1.,0.));
#1443 = ( GEOMETRIC_REPRESENTATION_CONTEXT(2) 
PARAMETRIC_REPRESENTATION_CONTEXT() REPRESENTATION_CONTEXT('2D SPACE',''
  ) );
#1444 = ORIENTED_EDGE('',*,*,#1388,.F.);
#1445 = ORIENTED_EDGE('',*,*,#1446,.F.);
#1446 = EDGE_CURVE('',#1389,#1389,#1447,.T.);
#1447 = SURFACE_CURVE('',#1448,(#1453,#1460),.PCURVE_S1.);
#1448 = CIRCLE('',#1449,4.);
#1449 = AXIS2_PLACEMENT_3D('',#1450,#1451,#1452);
#1450 = CARTESIAN_POINT('',(63.13969282782,-36.45371865069,290.));
#1451 = DIRECTION('',(0.,0.,1.));
#1452 = DIRECTION('',(1.,0.,0.));
#1453 = PCURVE('',#1399,#1454);
#1454 = DEFINITIONAL_REPRESENTATION('',(#1455),#1459);
#1455 = LINE('',#1456,#1457);
#1456 = CARTESIAN_POINT('',(-0.,0.));
#1457 = VECTOR('',#1458,1.);
#1458 = DIRECTION('',(-1.,0.));
#1459 = ( GEOMETRIC_REPRESENTATION_CONTEXT(2) 
PARAMETRIC_REPRESENTATION_CONTEXT() REPRESENTATION_CONTEXT('2D SPACE',''
  ) );
#1460 = PCURVE('',#1461,#1466);
#1461 = PLANE('',#1462);
#1462 = AXIS2_PLACEMENT_3D('',#1463,#1464,#1465);
#1463 = CARTESIAN_POINT('',(63.13969282782,-36.45371865069,290.));
#1464 = DIRECTION('',(0.,0.,1.));
#1465 = DIRECTION('',(1.,0.,-0.));
#1466 = DEFINITIONAL_REPRESENTATION('',(#1467),#1471);
#1467 = CIRCLE('',#1468,4.);
#1468 = AXIS2_PLACEMENT_2D('',#1469,#1470);
#1469 = CARTESIAN_POINT('',(-7.105427357601E-15,-7.105427357601E-15));
#1470 = DIRECTION('',(1.,0.));
#1471 = ( GEOMETRIC_REPRESENTATION_CONTEXT(2) 
PARAMETRIC_REPRESENTATION_CONTEXT() REPRESENTATION_CONTEXT('2D SPACE',''
  ) );
#1472 = ADVANCED_FACE('',(#1473),#1461,.F.);
#1473 = FACE_BOUND('',#1474,.F.);
#1474 = EDGE_LOOP('',(#1475));
#1475 = ORIENTED_EDGE('',*,*,#1446,.T.);
#1476 = ADVANCED_FACE('',(#1477),#1433,.T.);
#1477 = FACE_BOUND('',#1478,.T.);
#1478 = EDGE_LOOP('',(#1479));
#1479 = ORIENTED_EDGE('',*,*,#1418,.T.);
#1480 = ( GEOMETRIC_REPRESENTATION_CONTEXT(3) 
GLOBAL_UNCERTAINTY_ASSIGNED_CONTEXT((#1484)) 
GLOBAL_UNIT_ASSIGNED_CONTEXT((#1481,#1482,#1483)) REPRESENTATION_CONTEXT
('Context #1','3D Context with UNIT and UNCERTAINTY') );
#1481 = ( LENGTH_UNIT() NAMED_UNIT(*) SI_UNIT(.MILLI.,.METRE.) );
#1482 = ( NAMED_UNIT(*) PLANE_ANGLE_UNIT() SI_UNIT($,.RADIAN.) );
#1483 = ( NAMED_UNIT(*) SI_UNIT($,.STERADIAN.) SOLID_ANGLE_UNIT() );
#1484 = UNCERTAINTY_MEASURE_WITH_UNIT(LENGTH_MEASURE(1.E-07),#1481,
  'distance_accuracy_value','confusion accuracy');
#1485 = CONTEXT_DEPENDENT_SHAPE_REPRESENTATION(#1486,#1488);
#1486 = ( REPRESENTATION_RELATIONSHIP('','',#1381,#10) 
REPRESENTATION_RELATIONSHIP_WITH_TRANSFORMATION(#1487) 
SHAPE_REPRESENTATION_RELATIONSHIP() );
#1487 = ITEM_DEFINED_TRANSFORMATION('','',#11,#27);
#1488 = PRODUCT_DEFINITION_SHAPE('Placement','Placement of an item',
  #1489);
#1489 = NEXT_ASSEMBLY_USAGE_OCCURRENCE('6','','',#5,#1376,$);
#1490 = PRODUCT_RELATED_PRODUCT_CATEGORY('part',$,(#1378));
ENDSEC;
END-ISO-10303-21;
