ISO-10303-21;
HEADER;
FILE_DESCRIPTION(('Open CASCADE Model'),'2;1');
FILE_NAME('Open CASCADE Shape Model','2026-10-08T06:35:16',('Author'),(
    'Open CASCADE'),'Open CASCADE STEP processor 7.9','Open CASCADE 7.9'
  ,'Unknown');
FILE_SCHEMA(('AUTOMOTIVE_DESIGN { 1 0 10303 214 1 1 1 1 }'));
ENDSEC;
DATA;
#1 = APPLICATION_PROTOCOL_DEFINITION('international standard',
  'automotive_design',2000,#2);
#2 = APPLICATION_CONTEXT(
  'core data for automotive mechanical design processes');
#3 = SHAPE_DEFINITION_REPRESENTATION(#4,#10);
#4 = PRODUCT_DEFINITION_SHAPE('','',#5);
#5 = PRODUCT_DEFINITION('design','',#6,#9);
#6 = PRODUCT_DEFINITION_FORMATION('','',#7);
#7 = PRODUCT('Open CASCADE STEP translator 7.9 1',
  'Open CASCADE STEP translator 7.9 1','',(#8));
#8 = PRODUCT_CONTEXT('',#2,'mechanical');
#9 = PRODUCT_DEFINITION_CONTEXT('part definition',#2,'design');
#10 = SHAPE_REPRESENTATION('',(#11,#15,#19),#23);
#11 = AXIS2_PLACEMENT_3D('',#12,#13,#14);
#12 = CARTESIAN_POINT('',(0.,0.,0.));
#13 = DIRECTION('',(0.,0.,1.));
#14 = DIRECTION('',(1.,0.,-0.));
#15 = AXIS2_PLACEMENT_3D('',#16,#17,#18);
#16 = CARTESIAN_POINT('',(0.,0.,0.));
#17 = DIRECTION('',(0.,0.,1.));
#18 = DIRECTION('',(1.,0.,-0.));
#19 = AXIS2_PLACEMENT_3D('',#20,#21,#22);
#20 = CARTESIAN_POINT('',(0.,0.,0.));
#21 = DIRECTION('',(0.,0.,1.));
#22 = DIRECTION('',(1.,0.,-0.));
#23 = ( GEOMETRIC_REPRESENTATION_CONTEXT(3) 
GLOBAL_UNCERTAINTY_ASSIGNED_CONTEXT((#27)) GLOBAL_UNIT_ASSIGNED_CONTEXT(
(#24,#25,#26)) REPRESENTATION_CONTEXT('Context #1',
  '3D Context with UNIT and UNCERTAINTY') );
#24 = ( LENGTH_UNIT() NAMED_UNIT(*) SI_UNIT(.MILLI.,.METRE.) );
#25 = ( NAMED_UNIT(*) PLANE_ANGLE_UNIT() SI_UNIT($,.RADIAN.) );
#26 = ( NAMED_UNIT(*) SI_UNIT($,.STERADIAN.) SOLID_ANGLE_UNIT() );
#27 = UNCERTAINTY_MEASURE_WITH_UNIT(LENGTH_MEASURE(1.E-06),#24,
  'distance_accuracy_value','confusion accuracy');
#28 = PRODUCT_RELATED_PRODUCT_CATEGORY('part',$,(#7));
#29 = SHAPE_DEFINITION_REPRESENTATION(#30,#36);
#30 = PRODUCT_DEFINITION_SHAPE('','',#31);
#31 = PRODUCT_DEFINITION('design','',#32,#35);
#32 = PRODUCT_DEFINITION_FORMATION('','',#33);
#33 = PRODUCT('Open CASCADE STEP translator 7.9 1.1',
  'Open CASCADE STEP translator 7.9 1.1','',(#34));
#34 = PRODUCT_CONTEXT('',#2,'mechanical');
#35 = PRODUCT_DEFINITION_CONTEXT('part definition',#2,'design');
#36 = ADVANCED_BREP_SHAPE_REPRESENTATION('',(#11,#37),#3730);
#37 = MANIFOLD_SOLID_BREP('',#38);
#38 = CLOSED_SHELL('',(#39,#974,#1236,#2058,#2134,#2183,#2232,#2259,
    #3124,#3195,#3222,#3271,#3320,#3347,#3374,#3475,#3547,#3574,#3581,
    #3588,#3615,#3662,#3689,#3716,#3723));
#39 = ADVANCED_FACE('',(#40,#578),#107,.T.);
#40 = FACE_BOUND('',#41,.T.);
#41 = EDGE_LOOP('',(#42,#303,#386,#577));
#42 = ORIENTED_EDGE('',*,*,#43,.F.);
#43 = EDGE_CURVE('',#44,#44,#46,.T.);
#44 = VERTEX_POINT('',#45);
#45 = CARTESIAN_POINT('',(78.606938475094,0.,28.));
#46 = SURFACE_CURVE('',#47,(#106,#236),.PCURVE_S1.);
#47 = B_SPLINE_CURVE_WITH_KNOTS('',8,(#48,#49,#50,#51,#52,#53,#54,#55,
    #56,#57,#58,#59,#60,#61,#62,#63,#64,#65,#66,#67,#68,#69,#70,#71,#72,
    #73,#74,#75,#76,#77,#78,#79,#80,#81,#82,#83,#84,#85,#86,#87,#88,#89,
    #90,#91,#92,#93,#94,#95,#96,#97,#98,#99,#100,#101,#102,#103,#104,
    #105),.UNSPECIFIED.,.T.,.F.,(9,7,7,7,7,7,7,7,9),(0.,0.124999999997,
    0.249999999993,0.374999999991,0.499999999992,0.624999999994,
    0.749999999997,0.874999999999,1.),.UNSPECIFIED.);
#48 = CARTESIAN_POINT('',(78.606938475094,-1.695342726263E-14,28.));
#49 = CARTESIAN_POINT('',(78.606938755128,-7.7152465517,28.));
#50 = CARTESIAN_POINT('',(77.741508765084,-15.43574917433,28.));
#51 = CARTESIAN_POINT('',(76.008602593626,-23.04006776248,28.));
#52 = CARTESIAN_POINT('',(73.429009369521,-30.41529155288,28.));
#53 = CARTESIAN_POINT('',(70.037986476582,-37.45441016807,28.));
#54 = CARTESIAN_POINT('',(65.886270941192,-44.05682511383,28.));
#55 = CARTESIAN_POINT('',(61.039002597337,-50.12799628678,28.));
#56 = CARTESIAN_POINT('',(50.127996286752,-61.03900259734,28.));
#57 = CARTESIAN_POINT('',(44.056825114015,-65.88627094113,28.));
#58 = CARTESIAN_POINT('',(37.454410167669,-70.0379864767,28.));
#59 = CARTESIAN_POINT('',(30.415291553466,-73.42900936934,28.));
#60 = CARTESIAN_POINT('',(23.040067762007,-76.00860259377,28.));
#61 = CARTESIAN_POINT('',(15.43574917458,-77.741508765,28.));
#62 = CARTESIAN_POINT('',(7.715246551651,-78.60693875514,28.));
#63 = CARTESIAN_POINT('',(-7.715246551744,-78.60693875513,28.));
#64 = CARTESIAN_POINT('',(-15.4357491741,-77.74150876508,28.));
#65 = CARTESIAN_POINT('',(-23.04006776294,-76.00860259358,28.));
#66 = CARTESIAN_POINT('',(-30.4152915523,-73.42900936961,28.));
#67 = CARTESIAN_POINT('',(-37.45441016851,-70.03798647647,28.));
#68 = CARTESIAN_POINT('',(-44.05682511362,-65.88627094126,28.));
#69 = CARTESIAN_POINT('',(-50.12799628682,-61.03900259732,28.));
#70 = CARTESIAN_POINT('',(-61.03900259731,-50.12799628684,28.));
#71 = CARTESIAN_POINT('',(-65.88627094124,-44.05682511363,28.));
#72 = CARTESIAN_POINT('',(-70.03798647648,-37.45441016849,28.));
#73 = CARTESIAN_POINT('',(-73.42900936957,-30.41529155243,28.));
#74 = CARTESIAN_POINT('',(-76.00860259361,-23.04006776281,28.));
#75 = CARTESIAN_POINT('',(-77.74150876506,-15.43574917421,28.));
#76 = CARTESIAN_POINT('',(-78.60693875513,-7.715246551734,28.));
#77 = CARTESIAN_POINT('',(-78.60693875514,7.715246551672,28.));
#78 = CARTESIAN_POINT('',(-77.74150876502,15.435749174403,28.));
#79 = CARTESIAN_POINT('',(-76.00860259374,23.040067762322,28.));
#80 = CARTESIAN_POINT('',(-73.4290093694,30.41529155302,28.));
#81 = CARTESIAN_POINT('',(-70.03798647665,37.454410168018,28.));
#82 = CARTESIAN_POINT('',(-65.88627094118,44.05682511382,28.));
#83 = CARTESIAN_POINT('',(-61.03900259734,50.127996286785,28.));
#84 = CARTESIAN_POINT('',(-50.12799628683,61.039002597301,28.));
#85 = CARTESIAN_POINT('',(-44.05682511361,65.886270941287,28.));
#86 = CARTESIAN_POINT('',(-37.45441016858,70.037986476423,28.));
#87 = CARTESIAN_POINT('',(-30.41529155231,73.429009369608,28.));
#88 = CARTESIAN_POINT('',(-23.04006776289,76.008602593637,28.));
#89 = CARTESIAN_POINT('',(-15.43574917418,77.741508765037,28.));
#90 = CARTESIAN_POINT('',(-7.715246551737,78.606938755145,28.));
#91 = CARTESIAN_POINT('',(7.715246551684,78.606938755136,28.));
#92 = CARTESIAN_POINT('',(15.435749174318,77.741508765068,28.));
#93 = CARTESIAN_POINT('',(23.040067762561,76.008602593634,28.));
#94 = CARTESIAN_POINT('',(30.415291552692,73.429009369554,28.));
#95 = CARTESIAN_POINT('',(37.45441016827,70.037986476537,28.));
#96 = CARTESIAN_POINT('',(44.05682511372,65.886270941227,28.));
#97 = CARTESIAN_POINT('',(50.127996286802,61.039002597332,28.));
#98 = CARTESIAN_POINT('',(61.039002597297,50.127996286846,28.));
#99 = CARTESIAN_POINT('',(65.886270941304,44.056825113581,28.));
#100 = CARTESIAN_POINT('',(70.03798647639,37.454410168649,28.));
#101 = CARTESIAN_POINT('',(73.429009369677,30.415291552185,28.));
#102 = CARTESIAN_POINT('',(76.008602593564,23.040067763028,28.));
#103 = CARTESIAN_POINT('',(77.741508765083,15.435749174096,28.));
#104 = CARTESIAN_POINT('',(78.606938755134,7.715246551752,28.));
#105 = CARTESIAN_POINT('',(78.606938475094,-2.742572547424E-15,28.));
#106 = PCURVE('',#107,#175);
#107 = SURFACE_OF_REVOLUTION('',#108,#172);
#108 = B_SPLINE_CURVE_WITH_KNOTS('',3,(#109,#110,#111,#112,#113,#114,
    #115,#116,#117,#118,#119,#120,#121,#122,#123,#124,#125,#126,#127,
    #128,#129,#130,#131,#132,#133,#134,#135,#136,#137,#138,#139,#140,
    #141,#142,#143,#144,#145,#146,#147,#148,#149,#150,#151,#152,#153,
    #154,#155,#156,#157,#158,#159,#160,#161,#162,#163,#164,#165,#166,
    #167,#168,#169,#170,#171),.UNSPECIFIED.,.F.,.F.,(4,1,1,1,1,1,1,1,1,1
    ,1,1,1,1,1,1,1,1,1,1,1,1,1,1,1,1,1,1,1,1,1,1,1,1,1,1,1,1,1,1,1,1,1,1
    ,1,1,1,1,1,1,1,1,1,1,1,1,1,1,1,1,4),(0.,7.902864749699,
    15.802786187668,23.697227738035,31.584444719981,39.463827021701,
    47.33617980871,55.203925133064,63.071210750312,70.943917098593,
    78.829559212838,86.737087067448,94.676594921508,102.65895690425,
    110.69541143983,118.79712037513,126.97472934979,135.23795398435,
    143.59521227876,152.05331797539,160.61724346701,169.28995497128,
    178.0723177804,186.96306576504,195.95882703085,205.05419655689,
    214.24184653728,223.51266571574,232.85591998269,242.25942768257,
    251.70974429783,261.19235233654,270.69185329368,280.19215946003,
    289.67668411285,299.12852925025,308.53067054268,317.86613958952,
    327.11820390352,336.27054531734,345.30743772486,354.21392524235,
    362.97600200007,371.58079484454,380.01675022591,388.27382642851,
    396.34369202255,404.21993089484,411.89825335044,419.3767114358,
    426.65591466514,433.73923959245,440.63302307655,447.3467247015,
    453.89303898769,460.28793354085,466.55058645586,472.70319690461,
    478.77064875397,484.78001942796,490.75994448357),.UNSPECIFIED.);
#109 = CARTESIAN_POINT('',(0.,0.,0.));
#110 = CARTESIAN_POINT('',(2.638196702148,0.,0.));
#111 = CARTESIAN_POINT('',(7.901553473032,0.,0.1644580865));
#112 = CARTESIAN_POINT('',(15.773167205104,0.,0.90391480205));
#113 = CARTESIAN_POINT('',(23.575284142837,0.,2.134173619281));
#114 = CARTESIAN_POINT('',(31.27848734916,0.,3.85197990613));
#115 = CARTESIAN_POINT('',(38.850066789557,0.,6.052775135321));
#116 = CARTESIAN_POINT('',(46.259569875607,0.,8.730695230368));
#117 = CARTESIAN_POINT('',(53.477630412858,0.,11.878569373573));
#118 = CARTESIAN_POINT('',(60.476566136714,0.,15.487920514534));
#119 = CARTESIAN_POINT('',(67.23046949937,0.,19.548969437005));
#120 = CARTESIAN_POINT('',(73.715398013106,0.,24.050644740505));
#121 = CARTESIAN_POINT('',(79.909499571977,0.,28.980601240311));
#122 = CARTESIAN_POINT('',(85.793114562218,0.,34.325248893626));
#123 = CARTESIAN_POINT('',(91.348841380073,0.,40.069793370742));
#124 = CARTESIAN_POINT('',(96.561567289095,0.,46.198287968638));
#125 = CARTESIAN_POINT('',(101.41846363269,0.,52.693695063631));
#126 = CARTESIAN_POINT('',(105.90894705996,0.,59.537954143778));
#127 = CARTESIAN_POINT('',(110.02460992606,0.,66.712052975362));
#128 = CARTESIAN_POINT('',(113.75912470599,0.,74.196098733169));
#129 = CARTESIAN_POINT('',(117.10812828962,0.,81.969386800466));
#130 = CARTESIAN_POINT('',(120.06909235621,0.,90.010466099395));
#131 = CARTESIAN_POINT('',(122.64118566781,0.,98.297200907206));
#132 = CARTESIAN_POINT('',(124.82513328367,0.,106.80682991106));
#133 = CARTESIAN_POINT('',(126.62307663671,0.,115.51602366513));
#134 = CARTESIAN_POINT('',(128.03843735172,0.,124.40094167558));
#135 = CARTESIAN_POINT('',(129.07578676592,0.,133.43729015986));
#136 = CARTESIAN_POINT('',(129.74072239362,0.,142.6003812269));
#137 = CARTESIAN_POINT('',(130.03975205526,0.,151.8651939028));
#138 = CARTESIAN_POINT('',(129.98018603158,0.,161.20643714404));
#139 = CARTESIAN_POINT('',(129.57003736189,0.,170.59861476412));
#140 = CARTESIAN_POINT('',(128.81793024125,0.,180.01609205358));
#141 = CARTESIAN_POINT('',(127.73301635611,0.,189.43316378815));
#142 = CARTESIAN_POINT('',(126.32489891222,0.,198.82412327899));
#143 = CARTESIAN_POINT('',(124.603564042,0.,208.16333210975));
#144 = CARTESIAN_POINT('',(122.57931922494,0.,217.42529021277));
#145 = CARTESIAN_POINT('',(120.26273831283,0.,226.58470595439));
#146 = CARTESIAN_POINT('',(117.66461271902,0.,235.61656591852));
#147 = CARTESIAN_POINT('',(114.79590830843,0.,244.49620409549));
#148 = CARTESIAN_POINT('',(111.6677275116,0.,253.19937019728));
#149 = CARTESIAN_POINT('',(108.29127618064,0.,261.70229682759));
#150 = CARTESIAN_POINT('',(104.6778347092,0.,269.98176523572));
#151 = CARTESIAN_POINT('',(100.83873294827,0.,278.01516937538));
#152 = CARTESIAN_POINT('',(96.785328479163,0.,285.7805779712));
#153 = CARTESIAN_POINT('',(92.528987811013,0.,293.25679426745));
#154 = CARTESIAN_POINT('',(88.08107022487,0.,300.42341309304));
#155 = CARTESIAN_POINT('',(83.452913690388,0.,307.26087482704));
#156 = CARTESIAN_POINT('',(78.655823746425,0.,313.75051579426));
#157 = CARTESIAN_POINT('',(73.701061526449,0.,319.87461457366));
#158 = CARTESIAN_POINT('',(68.59984491301,0.,325.6164336884));
#159 = CARTESIAN_POINT('',(63.363313940603,0.,330.96025620866));
#160 = CARTESIAN_POINT('',(58.002638808622,0.,335.89141700411));
#161 = CARTESIAN_POINT('',(52.528635577467,0.,340.39632882429));
#162 = CARTESIAN_POINT('',(46.953171865482,0.,344.46250415832));
#163 = CARTESIAN_POINT('',(41.284188154886,0.,348.07857498423));
#164 = CARTESIAN_POINT('',(35.543671908498,0.,351.23431397453));
#165 = CARTESIAN_POINT('',(29.703145103637,0.,353.9206621096));
#166 = CARTESIAN_POINT('',(23.916608520724,0.,356.12976821376));
#167 = CARTESIAN_POINT('',(17.67692259536,0.,357.8550446213));
#168 = CARTESIAN_POINT('',(12.88703741307,0.,359.0912391347));
#169 = CARTESIAN_POINT('',(2.61452678257,0.,359.83451685202));
#170 = CARTESIAN_POINT('',(9.2359286067,-0.,360.));
#171 = CARTESIAN_POINT('',(0.,0.,360.));
#172 = AXIS1_PLACEMENT('',#173,#174);
#173 = CARTESIAN_POINT('',(0.,0.,0.));
#174 = DIRECTION('',(0.,0.,1.));
#175 = DEFINITIONAL_REPRESENTATION('',(#176),#235);
#176 = B_SPLINE_CURVE_WITH_KNOTS('',8,(#177,#178,#179,#180,#181,#182,
    #183,#184,#185,#186,#187,#188,#189,#190,#191,#192,#193,#194,#195,
    #196,#197,#198,#199,#200,#201,#202,#203,#204,#205,#206,#207,#208,
    #209,#210,#211,#212,#213,#214,#215,#216,#217,#218,#219,#220,#221,
    #222,#223,#224,#225,#226,#227,#228,#229,#230,#231,#232,#233,#234),
  .UNSPECIFIED.,.F.,.F.,(9,7,7,7,7,7,7,7,9),(0.,0.124999999997,
    0.249999999993,0.374999999991,0.499999999992,0.624999999994,
    0.749999999997,0.874999999999,1.),.UNSPECIFIED.);
#177 = CARTESIAN_POINT('',(6.28318530718,85.120473874918));
#178 = CARTESIAN_POINT('',(6.185035596465,85.120473874918));
#179 = CARTESIAN_POINT('',(6.086819201408,85.120473874918));
#180 = CARTESIAN_POINT('',(5.988639307058,85.120473874918));
#181 = CARTESIAN_POINT('',(5.890486225489,85.120473874918));
#182 = CARTESIAN_POINT('',(5.79233314389,85.120473874918));
#183 = CARTESIAN_POINT('',(5.69415324956,85.120473874918));
#184 = CARTESIAN_POINT('',(5.595936854495,85.120473874918));
#185 = CARTESIAN_POINT('',(5.39963743307,85.120473874918));
#186 = CARTESIAN_POINT('',(5.301421038001,85.120473874918));
#187 = CARTESIAN_POINT('',(5.203241143676,85.120473874918));
#188 = CARTESIAN_POINT('',(5.105088062078,85.120473874918));
#189 = CARTESIAN_POINT('',(5.0069349805,85.120473874918));
#190 = CARTESIAN_POINT('',(4.908755086162,85.120473874918));
#191 = CARTESIAN_POINT('',(4.810538691098,85.120473874918));
#192 = CARTESIAN_POINT('',(4.614239269671,85.120473874918));
#193 = CARTESIAN_POINT('',(4.516022874614,85.120473874918));
#194 = CARTESIAN_POINT('',(4.417842980258,85.120473874918));
#195 = CARTESIAN_POINT('',(4.319689898705,85.120473874918));
#196 = CARTESIAN_POINT('',(4.221536817084,85.120473874918));
#197 = CARTESIAN_POINT('',(4.123356922772,85.120473874918));
#198 = CARTESIAN_POINT('',(4.025140527699,85.120473874918));
#199 = CARTESIAN_POINT('',(3.828841106274,85.120473874918));
#200 = CARTESIAN_POINT('',(3.730624711212,85.120473874918));
#201 = CARTESIAN_POINT('',(3.632444816871,85.120473874918));
#202 = CARTESIAN_POINT('',(3.534291735295,85.120473874918));
#203 = CARTESIAN_POINT('',(3.436138653697,85.120473874918));
#204 = CARTESIAN_POINT('',(3.33795875937,85.120473874918));
#205 = CARTESIAN_POINT('',(3.239742364302,85.120473874918));
#206 = CARTESIAN_POINT('',(3.043442942877,85.120473874918));
#207 = CARTESIAN_POINT('',(2.945226547814,85.120473874918));
#208 = CARTESIAN_POINT('',(2.847046653474,85.120473874918));
#209 = CARTESIAN_POINT('',(2.748893571897,85.120473874918));
#210 = CARTESIAN_POINT('',(2.6507404903,85.120473874918));
#211 = CARTESIAN_POINT('',(2.552560595972,85.120473874918));
#212 = CARTESIAN_POINT('',(2.454344200905,85.120473874918));
#213 = CARTESIAN_POINT('',(2.25804477948,85.120473874918));
#214 = CARTESIAN_POINT('',(2.159828384415,85.120473874918));
#215 = CARTESIAN_POINT('',(2.06164849008,85.120473874918));
#216 = CARTESIAN_POINT('',(1.963495408495,85.120473874918));
#217 = CARTESIAN_POINT('',(1.865342326906,85.120473874918));
#218 = CARTESIAN_POINT('',(1.767162432574,85.120473874918));
#219 = CARTESIAN_POINT('',(1.668946037507,85.120473874918));
#220 = CARTESIAN_POINT('',(1.472646616083,85.120473874918));
#221 = CARTESIAN_POINT('',(1.374430221014,85.120473874918));
#222 = CARTESIAN_POINT('',(1.276250326689,85.120473874918));
#223 = CARTESIAN_POINT('',(1.17809724509,85.120473874918));
#224 = CARTESIAN_POINT('',(1.079944163514,85.120473874918));
#225 = CARTESIAN_POINT('',(0.981764269174,85.120473874918));
#226 = CARTESIAN_POINT('',(0.883547874111,85.120473874918));
#227 = CARTESIAN_POINT('',(0.687248452685,85.120473874918));
#228 = CARTESIAN_POINT('',(0.589032057619,85.120473874918));
#229 = CARTESIAN_POINT('',(0.490852163288,85.120473874918));
#230 = CARTESIAN_POINT('',(0.392699081696,85.120473874918));
#231 = CARTESIAN_POINT('',(0.294546000114,85.120473874918));
#232 = CARTESIAN_POINT('',(0.196366105777,85.120473874918));
#233 = CARTESIAN_POINT('',(9.814971071288E-02,85.120473874918));
#234 = CARTESIAN_POINT('',(0.,85.120473874918));
#235 = ( GEOMETRIC_REPRESENTATION_CONTEXT(2) 
PARAMETRIC_REPRESENTATION_CONTEXT() REPRESENTATION_CONTEXT('2D SPACE',''
  ) );
#236 = PCURVE('',#237,#242);
#237 = PLANE('',#238);
#238 = AXIS2_PLACEMENT_3D('',#239,#240,#241);
#239 = CARTESIAN_POINT('',(-1.40025869572E-14,2.567913688298E-14,28.));
#240 = DIRECTION('',(0.,0.,1.));
#241 = DIRECTION('',(1.,0.,-0.));
#242 = DEFINITIONAL_REPRESENTATION('',(#243),#302);
#243 = B_SPLINE_CURVE_WITH_KNOTS('',8,(#244,#245,#246,#247,#248,#249,
    #250,#251,#252,#253,#254,#255,#256,#257,#258,#259,#260,#261,#262,
    #263,#264,#265,#266,#267,#268,#269,#270,#271,#272,#273,#274,#275,
    #276,#277,#278,#279,#280,#281,#282,#283,#284,#285,#286,#287,#288,
    #289,#290,#291,#292,#293,#294,#295,#296,#297,#298,#299,#300,#301),
  .UNSPECIFIED.,.F.,.F.,(9,7,7,7,7,7,7,7,9),(0.,0.124999999997,
    0.249999999993,0.374999999991,0.499999999992,0.624999999994,
    0.749999999997,0.874999999999,1.),.UNSPECIFIED.);
#244 = CARTESIAN_POINT('',(78.606938475094,-4.263256414561E-14));
#245 = CARTESIAN_POINT('',(78.606938755128,-7.7152465517));
#246 = CARTESIAN_POINT('',(77.741508765084,-15.43574917433));
#247 = CARTESIAN_POINT('',(76.008602593626,-23.04006776248));
#248 = CARTESIAN_POINT('',(73.429009369521,-30.41529155288));
#249 = CARTESIAN_POINT('',(70.037986476582,-37.45441016807));
#250 = CARTESIAN_POINT('',(65.886270941192,-44.05682511383));
#251 = CARTESIAN_POINT('',(61.039002597337,-50.12799628678));
#252 = CARTESIAN_POINT('',(50.127996286752,-61.03900259734));
#253 = CARTESIAN_POINT('',(44.056825114015,-65.88627094113));
#254 = CARTESIAN_POINT('',(37.454410167669,-70.0379864767));
#255 = CARTESIAN_POINT('',(30.415291553466,-73.42900936934));
#256 = CARTESIAN_POINT('',(23.040067762007,-76.00860259377));
#257 = CARTESIAN_POINT('',(15.43574917458,-77.741508765));
#258 = CARTESIAN_POINT('',(7.715246551651,-78.60693875514));
#259 = CARTESIAN_POINT('',(-7.715246551744,-78.60693875513));
#260 = CARTESIAN_POINT('',(-15.4357491741,-77.74150876508));
#261 = CARTESIAN_POINT('',(-23.04006776294,-76.00860259358));
#262 = CARTESIAN_POINT('',(-30.4152915523,-73.42900936961));
#263 = CARTESIAN_POINT('',(-37.45441016851,-70.03798647647));
#264 = CARTESIAN_POINT('',(-44.05682511362,-65.88627094126));
#265 = CARTESIAN_POINT('',(-50.12799628682,-61.03900259732));
#266 = CARTESIAN_POINT('',(-61.03900259731,-50.12799628684));
#267 = CARTESIAN_POINT('',(-65.88627094124,-44.05682511363));
#268 = CARTESIAN_POINT('',(-70.03798647648,-37.45441016849));
#269 = CARTESIAN_POINT('',(-73.42900936957,-30.41529155243));
#270 = CARTESIAN_POINT('',(-76.00860259361,-23.04006776281));
#271 = CARTESIAN_POINT('',(-77.74150876506,-15.43574917421));
#272 = CARTESIAN_POINT('',(-78.60693875513,-7.715246551734));
#273 = CARTESIAN_POINT('',(-78.60693875514,7.715246551672));
#274 = CARTESIAN_POINT('',(-77.74150876502,15.435749174403));
#275 = CARTESIAN_POINT('',(-76.00860259374,23.040067762322));
#276 = CARTESIAN_POINT('',(-73.4290093694,30.41529155302));
#277 = CARTESIAN_POINT('',(-70.03798647665,37.454410168017));
#278 = CARTESIAN_POINT('',(-65.88627094118,44.05682511382));
#279 = CARTESIAN_POINT('',(-61.03900259734,50.127996286785));
#280 = CARTESIAN_POINT('',(-50.12799628683,61.039002597301));
#281 = CARTESIAN_POINT('',(-44.05682511361,65.886270941287));
#282 = CARTESIAN_POINT('',(-37.45441016858,70.037986476423));
#283 = CARTESIAN_POINT('',(-30.41529155231,73.429009369608));
#284 = CARTESIAN_POINT('',(-23.04006776289,76.008602593637));
#285 = CARTESIAN_POINT('',(-15.43574917418,77.741508765036));
#286 = CARTESIAN_POINT('',(-7.715246551737,78.606938755145));
#287 = CARTESIAN_POINT('',(7.715246551684,78.606938755136));
#288 = CARTESIAN_POINT('',(15.435749174318,77.741508765068));
#289 = CARTESIAN_POINT('',(23.040067762561,76.008602593634));
#290 = CARTESIAN_POINT('',(30.415291552692,73.429009369554));
#291 = CARTESIAN_POINT('',(37.45441016827,70.037986476537));
#292 = CARTESIAN_POINT('',(44.05682511372,65.886270941227));
#293 = CARTESIAN_POINT('',(50.127996286802,61.039002597332));
#294 = CARTESIAN_POINT('',(61.039002597297,50.127996286846));
#295 = CARTESIAN_POINT('',(65.886270941304,44.056825113581));
#296 = CARTESIAN_POINT('',(70.03798647639,37.454410168649));
#297 = CARTESIAN_POINT('',(73.429009369677,30.415291552185));
#298 = CARTESIAN_POINT('',(76.008602593564,23.040067763028));
#299 = CARTESIAN_POINT('',(77.741508765083,15.435749174096));
#300 = CARTESIAN_POINT('',(78.606938755134,7.715246551752));
#301 = CARTESIAN_POINT('',(78.606938475094,-2.84217094304E-14));
#302 = ( GEOMETRIC_REPRESENTATION_CONTEXT(2) 
PARAMETRIC_REPRESENTATION_CONTEXT() REPRESENTATION_CONTEXT('2D SPACE',''
  ) );
#303 = ORIENTED_EDGE('',*,*,#304,.T.);
#304 = EDGE_CURVE('',#44,#305,#307,.T.);
#305 = VERTEX_POINT('',#306);
#306 = CARTESIAN_POINT('',(129.86734718498,0.,147.));
#307 = SEAM_CURVE('',#308,(#372,#379),.PCURVE_S1.);
#308 = B_SPLINE_CURVE_WITH_KNOTS('',3,(#309,#310,#311,#312,#313,#314,
    #315,#316,#317,#318,#319,#320,#321,#322,#323,#324,#325,#326,#327,
    #328,#329,#330,#331,#332,#333,#334,#335,#336,#337,#338,#339,#340,
    #341,#342,#343,#344,#345,#346,#347,#348,#349,#350,#351,#352,#353,
    #354,#355,#356,#357,#358,#359,#360,#361,#362,#363,#364,#365,#366,
    #367,#368,#369,#370,#371),.UNSPECIFIED.,.F.,.F.,(4,1,1,1,1,1,1,1,1,1
    ,1,1,1,1,1,1,1,1,1,1,1,1,1,1,1,1,1,1,1,1,1,1,1,1,1,1,1,1,1,1,1,1,1,1
    ,1,1,1,1,1,1,1,1,1,1,1,1,1,1,1,1,4),(0.,7.902864749699,
    15.802786187668,23.697227738035,31.584444719981,39.463827021701,
    47.33617980871,55.203925133064,63.071210750312,70.943917098593,
    78.829559212838,86.737087067448,94.676594921508,102.65895690425,
    110.69541143983,118.79712037513,126.97472934979,135.23795398435,
    143.59521227876,152.05331797539,160.61724346701,169.28995497128,
    178.0723177804,186.96306576504,195.95882703085,205.05419655689,
    214.24184653728,223.51266571574,232.85591998269,242.25942768257,
    251.70974429783,261.19235233654,270.69185329368,280.19215946003,
    289.67668411285,299.12852925025,308.53067054268,317.86613958952,
    327.11820390352,336.27054531734,345.30743772486,354.21392524235,
    362.97600200007,371.58079484454,380.01675022591,388.27382642851,
    396.34369202255,404.21993089484,411.89825335044,419.3767114358,
    426.65591466514,433.73923959245,440.63302307655,447.3467247015,
    453.89303898769,460.28793354085,466.55058645586,472.70319690461,
    478.77064875397,484.78001942796,490.75994448357),.UNSPECIFIED.);
#309 = CARTESIAN_POINT('',(0.,0.,0.));
#310 = CARTESIAN_POINT('',(2.638196702148,0.,0.));
#311 = CARTESIAN_POINT('',(7.901553473032,0.,0.1644580865));
#312 = CARTESIAN_POINT('',(15.773167205104,0.,0.90391480205));
#313 = CARTESIAN_POINT('',(23.575284142837,0.,2.134173619281));
#314 = CARTESIAN_POINT('',(31.27848734916,0.,3.85197990613));
#315 = CARTESIAN_POINT('',(38.850066789557,0.,6.052775135321));
#316 = CARTESIAN_POINT('',(46.259569875607,0.,8.730695230368));
#317 = CARTESIAN_POINT('',(53.477630412858,0.,11.878569373573));
#318 = CARTESIAN_POINT('',(60.476566136714,0.,15.487920514534));
#319 = CARTESIAN_POINT('',(67.23046949937,0.,19.548969437005));
#320 = CARTESIAN_POINT('',(73.715398013106,0.,24.050644740505));
#321 = CARTESIAN_POINT('',(79.909499571977,0.,28.980601240311));
#322 = CARTESIAN_POINT('',(85.793114562218,0.,34.325248893626));
#323 = CARTESIAN_POINT('',(91.348841380073,0.,40.069793370742));
#324 = CARTESIAN_POINT('',(96.561567289095,0.,46.198287968638));
#325 = CARTESIAN_POINT('',(101.41846363269,0.,52.693695063631));
#326 = CARTESIAN_POINT('',(105.90894705996,0.,59.537954143778));
#327 = CARTESIAN_POINT('',(110.02460992606,0.,66.712052975362));
#328 = CARTESIAN_POINT('',(113.75912470599,0.,74.196098733169));
#329 = CARTESIAN_POINT('',(117.10812828962,0.,81.969386800466));
#330 = CARTESIAN_POINT('',(120.06909235621,0.,90.010466099395));
#331 = CARTESIAN_POINT('',(122.64118566781,0.,98.297200907206));
#332 = CARTESIAN_POINT('',(124.82513328367,0.,106.80682991106));
#333 = CARTESIAN_POINT('',(126.62307663671,0.,115.51602366513));
#334 = CARTESIAN_POINT('',(128.03843735172,0.,124.40094167558));
#335 = CARTESIAN_POINT('',(129.07578676592,0.,133.43729015986));
#336 = CARTESIAN_POINT('',(129.74072239362,0.,142.6003812269));
#337 = CARTESIAN_POINT('',(130.03975205526,0.,151.8651939028));
#338 = CARTESIAN_POINT('',(129.98018603158,0.,161.20643714404));
#339 = CARTESIAN_POINT('',(129.57003736189,0.,170.59861476412));
#340 = CARTESIAN_POINT('',(128.81793024125,0.,180.01609205358));
#341 = CARTESIAN_POINT('',(127.73301635611,0.,189.43316378815));
#342 = CARTESIAN_POINT('',(126.32489891222,0.,198.82412327899));
#343 = CARTESIAN_POINT('',(124.603564042,0.,208.16333210975));
#344 = CARTESIAN_POINT('',(122.57931922494,0.,217.42529021277));
#345 = CARTESIAN_POINT('',(120.26273831283,0.,226.58470595439));
#346 = CARTESIAN_POINT('',(117.66461271902,0.,235.61656591852));
#347 = CARTESIAN_POINT('',(114.79590830843,0.,244.49620409549));
#348 = CARTESIAN_POINT('',(111.6677275116,0.,253.19937019728));
#349 = CARTESIAN_POINT('',(108.29127618064,0.,261.70229682759));
#350 = CARTESIAN_POINT('',(104.6778347092,0.,269.98176523572));
#351 = CARTESIAN_POINT('',(100.83873294827,0.,278.01516937538));
#352 = CARTESIAN_POINT('',(96.785328479163,0.,285.7805779712));
#353 = CARTESIAN_POINT('',(92.528987811013,0.,293.25679426745));
#354 = CARTESIAN_POINT('',(88.08107022487,0.,300.42341309304));
#355 = CARTESIAN_POINT('',(83.452913690388,0.,307.26087482704));
#356 = CARTESIAN_POINT('',(78.655823746425,0.,313.75051579426));
#357 = CARTESIAN_POINT('',(73.701061526449,0.,319.87461457366));
#358 = CARTESIAN_POINT('',(68.59984491301,0.,325.6164336884));
#359 = CARTESIAN_POINT('',(63.363313940603,0.,330.96025620866));
#360 = CARTESIAN_POINT('',(58.002638808622,0.,335.89141700411));
#361 = CARTESIAN_POINT('',(52.528635577467,0.,340.39632882429));
#362 = CARTESIAN_POINT('',(46.953171865482,0.,344.46250415832));
#363 = CARTESIAN_POINT('',(41.284188154886,0.,348.07857498423));
#364 = CARTESIAN_POINT('',(35.543671908498,0.,351.23431397453));
#365 = CARTESIAN_POINT('',(29.703145103637,0.,353.9206621096));
#366 = CARTESIAN_POINT('',(23.916608520724,0.,356.12976821376));
#367 = CARTESIAN_POINT('',(17.67692259536,0.,357.8550446213));
#368 = CARTESIAN_POINT('',(12.88703741307,0.,359.0912391347));
#369 = CARTESIAN_POINT('',(2.61452678257,0.,359.83451685202));
#370 = CARTESIAN_POINT('',(9.2359286067,-0.,360.));
#371 = CARTESIAN_POINT('',(0.,0.,360.));
#372 = PCURVE('',#107,#373);
#373 = DEFINITIONAL_REPRESENTATION('',(#374),#378);
#374 = LINE('',#375,#376);
#375 = CARTESIAN_POINT('',(6.28318530718,0.));
#376 = VECTOR('',#377,1.);
#377 = DIRECTION('',(0.,1.));
#378 = ( GEOMETRIC_REPRESENTATION_CONTEXT(2) 
PARAMETRIC_REPRESENTATION_CONTEXT() REPRESENTATION_CONTEXT('2D SPACE',''
  ) );
#379 = PCURVE('',#107,#380);
#380 = DEFINITIONAL_REPRESENTATION('',(#381),#385);
#381 = LINE('',#382,#383);
#382 = CARTESIAN_POINT('',(0.,0.));
#383 = VECTOR('',#384,1.);
#384 = DIRECTION('',(0.,1.));
#385 = ( GEOMETRIC_REPRESENTATION_CONTEXT(2) 
PARAMETRIC_REPRESENTATION_CONTEXT() REPRESENTATION_CONTEXT('2D SPACE',''
  ) );
#386 = ORIENTED_EDGE('',*,*,#387,.T.);
#387 = EDGE_CURVE('',#305,#305,#388,.T.);
#388 = SURFACE_CURVE('',#389,(#448,#510),.PCURVE_S1.);
#389 = B_SPLINE_CURVE_WITH_KNOTS('',8,(#390,#391,#392,#393,#394,#395,
    #396,#397,#398,#399,#400,#401,#402,#403,#404,#405,#406,#407,#408,
    #409,#410,#411,#412,#413,#414,#415,#416,#417,#418,#419,#420,#421,
    #422,#423,#424,#425,#426,#427,#428,#429,#430,#431,#432,#433,#434,
    #435,#436,#437,#438,#439,#440,#441,#442,#443,#444,#445,#446,#447),
  .UNSPECIFIED.,.T.,.F.,(9,7,7,7,7,7,7,7,9),(0.,0.12500000489,
    0.250998987994,0.375998992883,0.500998997773,0.625999002664,
    0.750999007554,0.874999995107,1.),.UNSPECIFIED.);
#390 = CARTESIAN_POINT('',(129.86734718498,-3.116428197783E-14,147.));
#391 = CARTESIAN_POINT('',(129.86734764771,-12.74643938295,147.));
#392 = CARTESIAN_POINT('',(128.43756176179,-25.50156329158,147.));
#393 = CARTESIAN_POINT('',(125.57460910199,-38.06473775171,147.));
#394 = CARTESIAN_POINT('',(121.31283617092,-50.24942203168,147.));
#395 = CARTESIAN_POINT('',(115.71049182906,-61.87882345287,147.));
#396 = CARTESIAN_POINT('',(108.85139921522,-72.78674254633,147.));
#397 = CARTESIAN_POINT('',(100.84317590007,-82.81698845276,147.));
#398 = CARTESIAN_POINT('',(82.744957534576,-100.915206871,147.));
#399 = CARTESIAN_POINT('',(72.626206969469,-108.979486078,147.));
#400 = CARTESIAN_POINT('',(61.616789874724,-115.8749465264,147.));
#401 = CARTESIAN_POINT('',(49.876908352752,-121.4916555676,147.));
#402 = CARTESIAN_POINT('',(37.576983366877,-125.7441940925,147.));
#403 = CARTESIAN_POINT('',(24.898295242039,-128.5735945623,147.));
#404 = CARTESIAN_POINT('',(12.03207766525,-129.9455119743,147.));
#405 = CARTESIAN_POINT('',(-13.5621630208,-129.7846964637,147.));
#406 = CARTESIAN_POINT('',(-26.30805160381,-128.2747965208,147.));
#407 = CARTESIAN_POINT('',(-38.85298973347,-125.3329641392,147.));
#408 = CARTESIAN_POINT('',(-51.01065616599,-120.9947172068,147.));
#409 = CARTESIAN_POINT('',(-62.6046276961,-115.3194142466,147.));
#410 = CARTESIAN_POINT('',(-73.46923481056,-108.3919209997,147.));
#411 = CARTESIAN_POINT('',(-83.44896590841,-100.3208342808,147.));
#412 = CARTESIAN_POINT('',(-101.3615364033,-82.18174152419,147.));
#413 = CARTESIAN_POINT('',(-109.306580164,-72.10137678636,147.));
#414 = CARTESIAN_POINT('',(-116.0970013591,-61.15057633912,147.));
#415 = CARTESIAN_POINT('',(-121.6261659122,-49.486204137,147.));
#416 = CARTESIAN_POINT('',(-125.8112965939,-37.27498303866,147.));
#417 = CARTESIAN_POINT('',(-128.5952565077,-24.6940682216,147.));
#418 = CARTESIAN_POINT('',(-129.9448718911,-11.93021253743,147.));
#419 = CARTESIAN_POINT('',(-129.7846964637,13.562163020908,147.));
#420 = CARTESIAN_POINT('',(-128.2747965208,26.30805160329,147.));
#421 = CARTESIAN_POINT('',(-125.3329641391,38.852989734643,147.));
#422 = CARTESIAN_POINT('',(-120.9947172069,51.010656164504,147.));
#423 = CARTESIAN_POINT('',(-115.3194142465,62.604627697242,147.));
#424 = CARTESIAN_POINT('',(-108.3919209997,73.469234810058,147.));
#425 = CARTESIAN_POINT('',(-100.3208342808,83.448965908526,147.));
#426 = CARTESIAN_POINT('',(-82.18174152426,101.36153640327,147.));
#427 = CARTESIAN_POINT('',(-72.10137678603,109.30658016429,147.));
#428 = CARTESIAN_POINT('',(-61.15057633979,116.09700135857,147.));
#429 = CARTESIAN_POINT('',(-49.4862041362,121.62616591294,147.));
#430 = CARTESIAN_POINT('',(-37.27498303923,125.81129659345,147.));
#431 = CARTESIAN_POINT('',(-24.69406822136,128.59525650804,147.));
#432 = CARTESIAN_POINT('',(-11.93021253748,129.94487189108,147.));
#433 = CARTESIAN_POINT('',(13.460293891391,129.78533649991,147.));
#434 = CARTESIAN_POINT('',(26.10411483314,128.29884129876,147.));
#435 = CARTESIAN_POINT('',(38.551784159821,125.40330505935,147.));
#436 = CARTESIAN_POINT('',(50.621377920706,121.13305115831,147.));
#437 = CARTESIAN_POINT('',(62.140515614444,115.54559836236,147.));
#438 = CARTESIAN_POINT('',(72.947147429361,108.72318598955,147.));
#439 = CARTESIAN_POINT('',(82.889022202036,100.77114210147,147.));
#440 = CARTESIAN_POINT('',(100.84317590017,82.816988452692,147.));
#441 = CARTESIAN_POINT('',(108.8513992147,72.786742546785,147.));
#442 = CARTESIAN_POINT('',(115.71049183013,61.878823451925,147.));
#443 = CARTESIAN_POINT('',(121.3128361696,50.249422032936,147.));
#444 = CARTESIAN_POINT('',(125.57460910295,38.064737750736,147.));
#445 = CARTESIAN_POINT('',(128.43756176137,25.501563292061,147.));
#446 = CARTESIAN_POINT('',(129.8673476478,12.74643938284,147.));
#447 = CARTESIAN_POINT('',(129.86734718498,-2.742572547424E-15,147.));
#448 = PCURVE('',#107,#449);
#449 = DEFINITIONAL_REPRESENTATION('',(#450),#509);
#450 = B_SPLINE_CURVE_WITH_KNOTS('',8,(#451,#452,#453,#454,#455,#456,
    #457,#458,#459,#460,#461,#462,#463,#464,#465,#466,#467,#468,#469,
    #470,#471,#472,#473,#474,#475,#476,#477,#478,#479,#480,#481,#482,
    #483,#484,#485,#486,#487,#488,#489,#490,#491,#492,#493,#494,#495,
    #496,#497,#498,#499,#500,#501,#502,#503,#504,#505,#506,#507,#508),
  .UNSPECIFIED.,.F.,.F.,(9,7,7,7,7,7,7,7,9),(0.,0.12500000489,
    0.250998987994,0.375998992883,0.500998997773,0.625999002664,
    0.750999007554,0.874999995107,1.),.UNSPECIFIED.);
#451 = CARTESIAN_POINT('',(6.28318530718,218.66980024913));
#452 = CARTESIAN_POINT('',(6.185035599028,218.66980024913));
#453 = CARTESIAN_POINT('',(6.086819199515,218.66980024913));
#454 = CARTESIAN_POINT('',(5.988639305189,218.66980024913));
#455 = CARTESIAN_POINT('',(5.890486225492,218.66980024913));
#456 = CARTESIAN_POINT('',(5.792333145756,218.66980024913));
#457 = CARTESIAN_POINT('',(5.694153251455,218.66980024913));
#458 = CARTESIAN_POINT('',(5.595936851933,218.66980024913));
#459 = CARTESIAN_POINT('',(5.398853040301,218.66980024913));
#460 = CARTESIAN_POINT('',(5.299849543174,218.66980024913));
#461 = CARTESIAN_POINT('',(5.200884128926,218.66980024913));
#462 = CARTESIAN_POINT('',(5.101946469413,218.66980024913));
#463 = CARTESIAN_POINT('',(5.003008809959,218.66980024913));
#464 = CARTESIAN_POINT('',(4.904043395674,218.66980024913));
#465 = CARTESIAN_POINT('',(4.805039898561,218.66980024913));
#466 = CARTESIAN_POINT('',(4.607956086926,218.66980024913));
#467 = CARTESIAN_POINT('',(4.509739687411,218.66980024913));
#468 = CARTESIAN_POINT('',(4.411559793092,218.66980024913));
#469 = CARTESIAN_POINT('',(4.313406713382,218.66980024913));
#470 = CARTESIAN_POINT('',(4.21525363366,218.66980024913));
#471 = CARTESIAN_POINT('',(4.11707373935,218.66980024913));
#472 = CARTESIAN_POINT('',(4.018857339831,218.66980024913));
#473 = CARTESIAN_POINT('',(3.822557923528,218.66980024913));
#474 = CARTESIAN_POINT('',(3.724341524014,218.66980024913));
#475 = CARTESIAN_POINT('',(3.626161629692,218.66980024913));
#476 = CARTESIAN_POINT('',(3.528008549989,218.66980024913));
#477 = CARTESIAN_POINT('',(3.42985547026,218.66980024913));
#478 = CARTESIAN_POINT('',(3.331675575954,218.66980024913));
#479 = CARTESIAN_POINT('',(3.233459176433,218.66980024913));
#480 = CARTESIAN_POINT('',(3.037159760131,218.66980024913));
#481 = CARTESIAN_POINT('',(2.938943360616,218.66980024913));
#482 = CARTESIAN_POINT('',(2.840763466296,218.66980024913));
#483 = CARTESIAN_POINT('',(2.742610386589,218.66980024913));
#484 = CARTESIAN_POINT('',(2.644457306863,218.66980024913));
#485 = CARTESIAN_POINT('',(2.546277412556,218.66980024913));
#486 = CARTESIAN_POINT('',(2.448061013036,218.66980024913));
#487 = CARTESIAN_POINT('',(2.251761596735,218.66980024913));
#488 = CARTESIAN_POINT('',(2.153545197213,218.66980024913));
#489 = CARTESIAN_POINT('',(2.055365302908,218.66980024913));
#490 = CARTESIAN_POINT('',(1.957212223182,218.66980024913));
#491 = CARTESIAN_POINT('',(1.859059143473,218.66980024913));
#492 = CARTESIAN_POINT('',(1.760879249156,218.66980024913));
#493 = CARTESIAN_POINT('',(1.662662849639,218.66980024913));
#494 = CARTESIAN_POINT('',(1.467147859387,218.66980024913));
#495 = CARTESIAN_POINT('',(1.369718503745,218.66980024913));
#496 = CARTESIAN_POINT('',(1.27232412974,218.66980024913));
#497 = CARTESIAN_POINT('',(1.174955652451,218.66980024913));
#498 = CARTESIAN_POINT('',(1.077587175133,218.66980024913));
#499 = CARTESIAN_POINT('',(0.980192801146,218.66980024913));
#500 = CARTESIAN_POINT('',(0.882763445497,218.66980024913));
#501 = CARTESIAN_POINT('',(0.687248455246,218.66980024913));
#502 = CARTESIAN_POINT('',(0.589032055731,218.66980024913));
#503 = CARTESIAN_POINT('',(0.49085216141,218.66980024913));
#504 = CARTESIAN_POINT('',(0.392699081705,218.66980024913));
#505 = CARTESIAN_POINT('',(0.294546001978,218.66980024913));
#506 = CARTESIAN_POINT('',(0.196366107671,218.66980024913));
#507 = CARTESIAN_POINT('',(9.814970815064E-02,218.66980024913));
#508 = CARTESIAN_POINT('',(0.,218.66980024913));
#509 = ( GEOMETRIC_REPRESENTATION_CONTEXT(2) 
PARAMETRIC_REPRESENTATION_CONTEXT() REPRESENTATION_CONTEXT('2D SPACE',''
  ) );
#510 = PCURVE('',#511,#516);
#511 = PLANE('',#512);
#512 = AXIS2_PLACEMENT_3D('',#513,#514,#515);
#513 = CARTESIAN_POINT('',(-1.40025869572E-14,2.567913688298E-14,147.));
#514 = DIRECTION('',(0.,0.,1.));
#515 = DIRECTION('',(1.,0.,-0.));
#516 = DEFINITIONAL_REPRESENTATION('',(#517),#576);
#517 = B_SPLINE_CURVE_WITH_KNOTS('',8,(#518,#519,#520,#521,#522,#523,
    #524,#525,#526,#527,#528,#529,#530,#531,#532,#533,#534,#535,#536,
    #537,#538,#539,#540,#541,#542,#543,#544,#545,#546,#547,#548,#549,
    #550,#551,#552,#553,#554,#555,#556,#557,#558,#559,#560,#561,#562,
    #563,#564,#565,#566,#567,#568,#569,#570,#571,#572,#573,#574,#575),
  .UNSPECIFIED.,.F.,.F.,(9,7,7,7,7,7,7,7,9),(0.,0.12500000489,
    0.250998987994,0.375998992883,0.500998997773,0.625999002664,
    0.750999007554,0.874999995107,1.),.UNSPECIFIED.);
#518 = CARTESIAN_POINT('',(129.86734718498,-5.684341886081E-14));
#519 = CARTESIAN_POINT('',(129.86734764771,-12.74643938295));
#520 = CARTESIAN_POINT('',(128.43756176179,-25.50156329158));
#521 = CARTESIAN_POINT('',(125.57460910199,-38.06473775171));
#522 = CARTESIAN_POINT('',(121.31283617092,-50.24942203168));
#523 = CARTESIAN_POINT('',(115.71049182906,-61.87882345287));
#524 = CARTESIAN_POINT('',(108.85139921522,-72.78674254633));
#525 = CARTESIAN_POINT('',(100.84317590007,-82.81698845276));
#526 = CARTESIAN_POINT('',(82.744957534576,-100.915206871));
#527 = CARTESIAN_POINT('',(72.626206969469,-108.979486078));
#528 = CARTESIAN_POINT('',(61.616789874724,-115.8749465264));
#529 = CARTESIAN_POINT('',(49.876908352752,-121.4916555676));
#530 = CARTESIAN_POINT('',(37.576983366877,-125.7441940925));
#531 = CARTESIAN_POINT('',(24.898295242039,-128.5735945623));
#532 = CARTESIAN_POINT('',(12.03207766525,-129.9455119743));
#533 = CARTESIAN_POINT('',(-13.5621630208,-129.7846964637));
#534 = CARTESIAN_POINT('',(-26.30805160381,-128.2747965208));
#535 = CARTESIAN_POINT('',(-38.85298973347,-125.3329641392));
#536 = CARTESIAN_POINT('',(-51.01065616599,-120.9947172068));
#537 = CARTESIAN_POINT('',(-62.6046276961,-115.3194142466));
#538 = CARTESIAN_POINT('',(-73.46923481056,-108.3919209997));
#539 = CARTESIAN_POINT('',(-83.44896590841,-100.3208342808));
#540 = CARTESIAN_POINT('',(-101.3615364033,-82.18174152419));
#541 = CARTESIAN_POINT('',(-109.306580164,-72.10137678636));
#542 = CARTESIAN_POINT('',(-116.0970013591,-61.15057633912));
#543 = CARTESIAN_POINT('',(-121.6261659122,-49.486204137));
#544 = CARTESIAN_POINT('',(-125.8112965939,-37.27498303866));
#545 = CARTESIAN_POINT('',(-128.5952565077,-24.6940682216));
#546 = CARTESIAN_POINT('',(-129.9448718911,-11.93021253743));
#547 = CARTESIAN_POINT('',(-129.7846964637,13.562163020908));
#548 = CARTESIAN_POINT('',(-128.2747965208,26.30805160329));
#549 = CARTESIAN_POINT('',(-125.3329641391,38.852989734643));
#550 = CARTESIAN_POINT('',(-120.9947172069,51.010656164504));
#551 = CARTESIAN_POINT('',(-115.3194142465,62.604627697242));
#552 = CARTESIAN_POINT('',(-108.3919209997,73.469234810058));
#553 = CARTESIAN_POINT('',(-100.3208342808,83.448965908526));
#554 = CARTESIAN_POINT('',(-82.18174152426,101.36153640327));
#555 = CARTESIAN_POINT('',(-72.10137678603,109.30658016429));
#556 = CARTESIAN_POINT('',(-61.15057633979,116.09700135857));
#557 = CARTESIAN_POINT('',(-49.4862041362,121.62616591294));
#558 = CARTESIAN_POINT('',(-37.27498303923,125.81129659345));
#559 = CARTESIAN_POINT('',(-24.69406822136,128.59525650804));
#560 = CARTESIAN_POINT('',(-11.93021253748,129.94487189108));
#561 = CARTESIAN_POINT('',(13.460293891391,129.78533649991));
#562 = CARTESIAN_POINT('',(26.10411483314,128.29884129876));
#563 = CARTESIAN_POINT('',(38.551784159821,125.40330505935));
#564 = CARTESIAN_POINT('',(50.621377920706,121.13305115831));
#565 = CARTESIAN_POINT('',(62.140515614444,115.54559836236));
#566 = CARTESIAN_POINT('',(72.947147429361,108.72318598955));
#567 = CARTESIAN_POINT('',(82.889022202036,100.77114210147));
#568 = CARTESIAN_POINT('',(100.84317590017,82.816988452692));
#569 = CARTESIAN_POINT('',(108.8513992147,72.786742546785));
#570 = CARTESIAN_POINT('',(115.71049183013,61.878823451925));
#571 = CARTESIAN_POINT('',(121.3128361696,50.249422032936));
#572 = CARTESIAN_POINT('',(125.57460910295,38.064737750736));
#573 = CARTESIAN_POINT('',(128.43756176137,25.501563292061));
#574 = CARTESIAN_POINT('',(129.8673476478,12.74643938284));
#575 = CARTESIAN_POINT('',(129.86734718498,-2.84217094304E-14));
#576 = ( GEOMETRIC_REPRESENTATION_CONTEXT(2) 
PARAMETRIC_REPRESENTATION_CONTEXT() REPRESENTATION_CONTEXT('2D SPACE',''
  ) );
#577 = ORIENTED_EDGE('',*,*,#304,.F.);
#578 = FACE_BOUND('',#579,.T.);
#579 = EDGE_LOOP('',(#580,#628,#779,#825));
#580 = ORIENTED_EDGE('',*,*,#581,.T.);
#581 = EDGE_CURVE('',#582,#584,#586,.T.);
#582 = VERTEX_POINT('',#583);
#583 = CARTESIAN_POINT('',(48.,-112.0495484878,96.));
#584 = VERTEX_POINT('',#585);
#585 = CARTESIAN_POINT('',(-48.,-112.0495484878,96.));
#586 = SURFACE_CURVE('',#587,(#597,#610),.PCURVE_S1.);
#587 = B_SPLINE_CURVE_WITH_KNOTS('',8,(#588,#589,#590,#591,#592,#593,
    #594,#595,#596),.UNSPECIFIED.,.F.,.F.,(9,9),(0.,1.),
  .PIECEWISE_BEZIER_KNOTS.);
#588 = CARTESIAN_POINT('',(48.,-112.0495484878,96.));
#589 = CARTESIAN_POINT('',(36.665610588452,-116.9049959135,96.));
#590 = CARTESIAN_POINT('',(24.761574979136,-120.4536860358,96.));
#591 = CARTESIAN_POINT('',(12.476240354217,-122.6109728265,96.));
#592 = CARTESIAN_POINT('',(-9.19868625715E-11,-123.3350208573,96.));
#593 = CARTESIAN_POINT('',(-12.47624035407,-122.6109728265,96.));
#594 = CARTESIAN_POINT('',(-24.76157497919,-120.4536860357,96.));
#595 = CARTESIAN_POINT('',(-36.66561058844,-116.9049959135,96.));
#596 = CARTESIAN_POINT('',(-48.,-112.0495484878,96.));
#597 = PCURVE('',#107,#598);
#598 = DEFINITIONAL_REPRESENTATION('',(#599),#609);
#599 = B_SPLINE_CURVE_WITH_KNOTS('',8,(#600,#601,#602,#603,#604,#605,
    #606,#607,#608),.UNSPECIFIED.,.F.,.F.,(9,9),(0.,1.),
  .PIECEWISE_BEZIER_KNOTS.);
#600 = CARTESIAN_POINT('',(5.117120648214,166.91392251763));
#601 = CARTESIAN_POINT('',(5.015965493512,166.91392251763));
#602 = CARTESIAN_POINT('',(4.914736129958,166.91392251763));
#603 = CARTESIAN_POINT('',(4.81354820789,166.91392251763));
#604 = CARTESIAN_POINT('',(4.712388980384,166.91392251763));
#605 = CARTESIAN_POINT('',(4.61122975288,166.91392251763));
#606 = CARTESIAN_POINT('',(4.510041830811,166.91392251763));
#607 = CARTESIAN_POINT('',(4.408812467257,166.91392251763));
#608 = CARTESIAN_POINT('',(4.307657312555,166.91392251763));
#609 = ( GEOMETRIC_REPRESENTATION_CONTEXT(2) 
PARAMETRIC_REPRESENTATION_CONTEXT() REPRESENTATION_CONTEXT('2D SPACE',''
  ) );
#610 = PCURVE('',#611,#616);
#611 = PLANE('',#612);
#612 = AXIS2_PLACEMENT_3D('',#613,#614,#615);
#613 = CARTESIAN_POINT('',(-48.,-200.,96.));
#614 = DIRECTION('',(0.,0.,1.));
#615 = DIRECTION('',(1.,0.,0.));
#616 = DEFINITIONAL_REPRESENTATION('',(#617),#627);
#617 = B_SPLINE_CURVE_WITH_KNOTS('',8,(#618,#619,#620,#621,#622,#623,
    #624,#625,#626),.UNSPECIFIED.,.F.,.F.,(9,9),(0.,1.),
  .PIECEWISE_BEZIER_KNOTS.);
#618 = CARTESIAN_POINT('',(96.,87.950451512174));
#619 = CARTESIAN_POINT('',(84.665610588452,83.09500408649));
#620 = CARTESIAN_POINT('',(72.761574979136,79.546313964194));
#621 = CARTESIAN_POINT('',(60.476240354217,77.389027173474));
#622 = CARTESIAN_POINT('',(47.999999999908,76.664979142697));
#623 = CARTESIAN_POINT('',(35.523759645924,77.38902717346));
#624 = CARTESIAN_POINT('',(23.238425020803,79.546313964208));
#625 = CARTESIAN_POINT('',(11.33438941156,83.095004086485));
#626 = CARTESIAN_POINT('',(0.,87.950451512174));
#627 = ( GEOMETRIC_REPRESENTATION_CONTEXT(2) 
PARAMETRIC_REPRESENTATION_CONTEXT() REPRESENTATION_CONTEXT('2D SPACE',''
  ) );
#628 = ORIENTED_EDGE('',*,*,#629,.T.);
#629 = EDGE_CURVE('',#584,#630,#632,.T.);
#630 = VERTEX_POINT('',#631);
#631 = CARTESIAN_POINT('',(-48.,-120.3056034965,140.));
#632 = SURFACE_CURVE('',#633,(#678,#726),.PCURVE_S1.);
#633 = B_SPLINE_CURVE_WITH_KNOTS('',7,(#634,#635,#636,#637,#638,#639,
    #640,#641,#642,#643,#644,#645,#646,#647,#648,#649,#650,#651,#652,
    #653,#654,#655,#656,#657,#658,#659,#660,#661,#662,#663,#664,#665,
    #666,#667,#668,#669,#670,#671,#672,#673,#674,#675,#676,#677),
  .UNSPECIFIED.,.F.,.F.,(8,6,6,6,6,6,6,8),(0.,0.124212803525,
    0.231779501967,0.422867355989,0.566089923978,0.673466725091,
    0.837463784519,1.),.UNSPECIFIED.);
#634 = CARTESIAN_POINT('',(-48.,-112.0495484878,96.));
#635 = CARTESIAN_POINT('',(-48.,-112.2959284864,96.759228995271));
#636 = CARTESIAN_POINT('',(-48.,-112.5378312123,97.519784790012));
#637 = CARTESIAN_POINT('',(-48.,-112.7752823599,98.281629100954));
#638 = CARTESIAN_POINT('',(-48.,-113.0083070069,99.044722021854));
#639 = CARTESIAN_POINT('',(-48.,-113.2369310821,99.809027635509));
#640 = CARTESIAN_POINT('',(-48.,-113.4611812315,100.57451329434));
#641 = CARTESIAN_POINT('',(-48.,-113.871515273,102.00503371235));
#642 = CARTESIAN_POINT('',(-48.,-114.0586865805,102.66978273328));
#643 = CARTESIAN_POINT('',(-48.,-114.2426139021,103.33536700721));
#644 = CARTESIAN_POINT('',(-48.,-114.4233141155,104.0017641312));
#645 = CARTESIAN_POINT('',(-48.,-114.6008040795,104.66895192455));
#646 = CARTESIAN_POINT('',(-48.,-114.7751006339,105.33690842885));
#647 = CARTESIAN_POINT('',(-48.,-115.2502082417,107.19353637375));
#648 = CARTESIAN_POINT('',(-48.,-115.5441712036,108.38381780033));
#649 = CARTESIAN_POINT('',(-48.,-115.8282038215,109.57633333805));
#650 = CARTESIAN_POINT('',(-48.,-116.1023978664,110.77098202114));
#651 = CARTESIAN_POINT('',(-48.,-116.3668477436,111.96764389971));
#652 = CARTESIAN_POINT('',(-48.,-116.6216457071,113.1662163499));
#653 = CARTESIAN_POINT('',(-48.,-117.0506941738,115.26628638316));
#654 = CARTESIAN_POINT('',(-48.,-117.2291336226,116.1669943382));
#655 = CARTESIAN_POINT('',(-48.,-117.4022428586,117.0686686751));
#656 = CARTESIAN_POINT('',(-48.,-117.5700585799,117.97127033852));
#657 = CARTESIAN_POINT('',(-48.,-117.7326180087,118.87475960939));
#658 = CARTESIAN_POINT('',(-48.,-117.8899595008,119.77909470303));
#659 = CARTESIAN_POINT('',(-48.,-118.1561979678,121.36284035617));
#660 = CARTESIAN_POINT('',(-48.,-118.2673638931,122.04189711034));
#661 = CARTESIAN_POINT('',(-48.,-118.375633381,122.72139118808));
#662 = CARTESIAN_POINT('',(-48.,-118.4810224349,123.40130582068));
#663 = CARTESIAN_POINT('',(-48.,-118.5835470903,124.08162432487));
#664 = CARTESIAN_POINT('',(-48.,-118.6832229225,124.76233075913));
#665 = CARTESIAN_POINT('',(-48.,-118.9279712002,126.48362677835));
#666 = CARTESIAN_POINT('',(-48.,-119.0692665898,127.52471398042));
#667 = CARTESIAN_POINT('',(-48.,-119.2040037212,128.56661928664));
#668 = CARTESIAN_POINT('',(-48.,-119.3322354694,129.60929059983));
#669 = CARTESIAN_POINT('',(-48.,-119.4540145846,130.6526766251));
#670 = CARTESIAN_POINT('',(-48.,-119.5693936929,131.69672686989));
#671 = CARTESIAN_POINT('',(-48.,-119.7864856723,133.77675081091));
#672 = CARTESIAN_POINT('',(-48.,-119.8883115479,134.81271318958));
#673 = CARTESIAN_POINT('',(-48.,-119.9839527969,135.84923147773));
#674 = CARTESIAN_POINT('',(-48.,-120.0734553725,136.88626267645));
#675 = CARTESIAN_POINT('',(-48.,-120.1568661226,137.92376350979));
#676 = CARTESIAN_POINT('',(-48.,-120.2342334042,138.96168982882));
#677 = CARTESIAN_POINT('',(-48.,-120.3056034965,140.));
#678 = PCURVE('',#107,#679);
#679 = DEFINITIONAL_REPRESENTATION('',(#680),#725);
#680 = B_SPLINE_CURVE_WITH_KNOTS('',7,(#681,#682,#683,#684,#685,#686,
    #687,#688,#689,#690,#691,#692,#693,#694,#695,#696,#697,#698,#699,
    #700,#701,#702,#703,#704,#705,#706,#707,#708,#709,#710,#711,#712,
    #713,#714,#715,#716,#717,#718,#719,#720,#721,#722,#723,#724),
  .UNSPECIFIED.,.F.,.F.,(8,6,6,6,6,6,6,8),(0.,0.124212803525,
    0.231779501967,0.422867355989,0.566089923978,0.673466725091,
    0.837463784519,1.),.UNSPECIFIED.);
#681 = CARTESIAN_POINT('',(4.307657312555,166.91392251763));
#682 = CARTESIAN_POINT('',(4.30845320456,167.7061238515));
#683 = CARTESIAN_POINT('',(4.309231183163,168.49844607149));
#684 = CARTESIAN_POINT('',(4.309991582338,169.29088485688));
#685 = CARTESIAN_POINT('',(4.310734721411,170.0834385334));
#686 = CARTESIAN_POINT('',(4.311460910426,170.87610224463));
#687 = CARTESIAN_POINT('',(4.31217045037,171.6688686841));
#688 = CARTESIAN_POINT('',(4.313463911412,173.14834780813));
#689 = CARTESIAN_POINT('',(4.314051924421,173.83503514722));
#690 = CARTESIAN_POINT('',(4.314627854132,174.5217947304));
#691 = CARTESIAN_POINT('',(4.315191881741,175.20862414507));
#692 = CARTESIAN_POINT('',(4.31574418278,175.89552124094));
#693 = CARTESIAN_POINT('',(4.316284927112,176.58248412995));
#694 = CARTESIAN_POINT('',(4.317754650876,178.48998674024));
#695 = CARTESIAN_POINT('',(4.318659070756,179.7106650052));
#696 = CARTESIAN_POINT('',(4.319528461007,180.93153791783));
#697 = CARTESIAN_POINT('',(4.320363684334,182.15258108457));
#698 = CARTESIAN_POINT('',(4.321165564228,183.37379198825));
#699 = CARTESIAN_POINT('',(4.321934873907,184.59515612808));
#700 = CARTESIAN_POINT('',(4.323225094165,186.73220562581));
#701 = CARTESIAN_POINT('',(4.323759955624,187.64782582012));
#702 = CARTESIAN_POINT('',(4.32427724432,188.56352737434));
#703 = CARTESIAN_POINT('',(4.324777249729,189.47930336871));
#704 = CARTESIAN_POINT('',(4.325260251029,190.39514858831));
#705 = CARTESIAN_POINT('',(4.325726519625,191.31106077678));
#706 = CARTESIAN_POINT('',(4.326513531077,192.91376060132));
#707 = CARTESIAN_POINT('',(4.326841489429,193.60052087979));
#708 = CARTESIAN_POINT('',(4.327160295393,194.28731497702));
#709 = CARTESIAN_POINT('',(4.327470055038,194.97414198774));
#710 = CARTESIAN_POINT('',(4.32777087133,195.66100125763));
#711 = CARTESIAN_POINT('',(4.328062842821,196.34789179486));
#712 = CARTESIAN_POINT('',(4.328778624786,198.08394743793));
#713 = CARTESIAN_POINT('',(4.329190772251,199.13315161614));
#714 = CARTESIAN_POINT('',(4.329582837082,200.18241839397));
#715 = CARTESIAN_POINT('',(4.32995513681,201.23174279621));
#716 = CARTESIAN_POINT('',(4.33030797416,202.28112069453));
#717 = CARTESIAN_POINT('',(4.330641637055,203.33054880753));
#718 = CARTESIAN_POINT('',(4.331268356349,205.42015213048));
#719 = CARTESIAN_POINT('',(4.331561749648,206.46032683958));
#720 = CARTESIAN_POINT('',(4.331836841809,207.50054546163));
#721 = CARTESIAN_POINT('',(4.332093872232,208.54080220442));
#722 = CARTESIAN_POINT('',(4.332333071041,209.58109276659));
#723 = CARTESIAN_POINT('',(4.332554661511,210.6214148607));
#724 = CARTESIAN_POINT('',(4.332758850278,211.66176534282));
#725 = ( GEOMETRIC_REPRESENTATION_CONTEXT(2) 
PARAMETRIC_REPRESENTATION_CONTEXT() REPRESENTATION_CONTEXT('2D SPACE',''
  ) );
#726 = PCURVE('',#727,#732);
#727 = PLANE('',#728);
#728 = AXIS2_PLACEMENT_3D('',#729,#730,#731);
#729 = CARTESIAN_POINT('',(-48.,-200.,96.));
#730 = DIRECTION('',(1.,0.,0.));
#731 = DIRECTION('',(0.,0.,1.));
#732 = DEFINITIONAL_REPRESENTATION('',(#733),#778);
#733 = B_SPLINE_CURVE_WITH_KNOTS('',7,(#734,#735,#736,#737,#738,#739,
    #740,#741,#742,#743,#744,#745,#746,#747,#748,#749,#750,#751,#752,
    #753,#754,#755,#756,#757,#758,#759,#760,#761,#762,#763,#764,#765,
    #766,#767,#768,#769,#770,#771,#772,#773,#774,#775,#776,#777),
  .UNSPECIFIED.,.F.,.F.,(8,6,6,6,6,6,6,8),(0.,0.124212803525,
    0.231779501967,0.422867355989,0.566089923978,0.673466725091,
    0.837463784519,1.),.UNSPECIFIED.);
#734 = CARTESIAN_POINT('',(0.,-87.95045151217));
#735 = CARTESIAN_POINT('',(0.759228995271,-87.7040715135));
#736 = CARTESIAN_POINT('',(1.519784790012,-87.46216878768));
#737 = CARTESIAN_POINT('',(2.281629100954,-87.22471764009));
#738 = CARTESIAN_POINT('',(3.044722021854,-86.99169299304));
#739 = CARTESIAN_POINT('',(3.809027635509,-86.76306891784));
#740 = CARTESIAN_POINT('',(4.574513294348,-86.53881876842));
#741 = CARTESIAN_POINT('',(6.005033712356,-86.1284847269));
#742 = CARTESIAN_POINT('',(6.669782733283,-85.94131341949));
#743 = CARTESIAN_POINT('',(7.335367007213,-85.75738609788));
#744 = CARTESIAN_POINT('',(8.001764131201,-85.57668588443));
#745 = CARTESIAN_POINT('',(8.668951924557,-85.3991959204));
#746 = CARTESIAN_POINT('',(9.33690842885,-85.224899366));
#747 = CARTESIAN_POINT('',(11.19353637375,-84.74979175829));
#748 = CARTESIAN_POINT('',(12.383817800339,-84.45582879632));
#749 = CARTESIAN_POINT('',(13.576333338055,-84.17179617847));
#750 = CARTESIAN_POINT('',(14.770982021144,-83.89760213354));
#751 = CARTESIAN_POINT('',(15.967643899717,-83.63315225637));
#752 = CARTESIAN_POINT('',(17.166216349908,-83.37835429286));
#753 = CARTESIAN_POINT('',(19.266286383164,-82.94930582614));
#754 = CARTESIAN_POINT('',(20.166994338209,-82.77086637731));
#755 = CARTESIAN_POINT('',(21.068668675102,-82.59775714137));
#756 = CARTESIAN_POINT('',(21.971270338527,-82.42994142005));
#757 = CARTESIAN_POINT('',(22.874759609394,-82.26738199129));
#758 = CARTESIAN_POINT('',(23.779094703033,-82.11004049913));
#759 = CARTESIAN_POINT('',(25.362840356178,-81.84380203211));
#760 = CARTESIAN_POINT('',(26.041897110349,-81.73263610685));
#761 = CARTESIAN_POINT('',(26.721391188081,-81.62436661894));
#762 = CARTESIAN_POINT('',(27.40130582068,-81.51897756506));
#763 = CARTESIAN_POINT('',(28.081624324876,-81.4164529096));
#764 = CARTESIAN_POINT('',(28.762330759131,-81.31677707747));
#765 = CARTESIAN_POINT('',(30.483626778358,-81.07202879974));
#766 = CARTESIAN_POINT('',(31.524713980426,-80.93073341014));
#767 = CARTESIAN_POINT('',(32.566619286648,-80.79599627871));
#768 = CARTESIAN_POINT('',(33.609290599831,-80.66776453057));
#769 = CARTESIAN_POINT('',(34.6526766251,-80.54598541531));
#770 = CARTESIAN_POINT('',(35.696726869898,-80.43060630709));
#771 = CARTESIAN_POINT('',(37.776750810913,-80.21351432769));
#772 = CARTESIAN_POINT('',(38.812713189582,-80.11168845202));
#773 = CARTESIAN_POINT('',(39.849231477738,-80.01604720308));
#774 = CARTESIAN_POINT('',(40.886262676456,-79.92654462747));
#775 = CARTESIAN_POINT('',(41.923763509796,-79.8431338773));
#776 = CARTESIAN_POINT('',(42.961689828823,-79.76576659572));
#777 = CARTESIAN_POINT('',(44.,-79.6943965034));
#778 = ( GEOMETRIC_REPRESENTATION_CONTEXT(2) 
PARAMETRIC_REPRESENTATION_CONTEXT() REPRESENTATION_CONTEXT('2D SPACE',''
  ) );
#779 = ORIENTED_EDGE('',*,*,#780,.F.);
#780 = EDGE_CURVE('',#781,#630,#783,.T.);
#781 = VERTEX_POINT('',#782);
#782 = CARTESIAN_POINT('',(48.,-120.3056034965,140.));
#783 = SURFACE_CURVE('',#784,(#794,#807),.PCURVE_S1.);
#784 = B_SPLINE_CURVE_WITH_KNOTS('',8,(#785,#786,#787,#788,#789,#790,
    #791,#792,#793),.UNSPECIFIED.,.F.,.F.,(9,9),(0.,1.),
  .PIECEWISE_BEZIER_KNOTS.);
#785 = CARTESIAN_POINT('',(48.,-120.3056034965,140.));
#786 = CARTESIAN_POINT('',(36.584533277921,-124.8601910364,140.));
#787 = CARTESIAN_POINT('',(24.668651621663,-128.1794495687,140.));
#788 = CARTESIAN_POINT('',(12.418092378779,-130.1944059939,140.));
#789 = CARTESIAN_POINT('',(-4.685318799602E-11,-130.8701043538,140.));
#790 = CARTESIAN_POINT('',(-12.4180923787,-130.1944059939,140.));
#791 = CARTESIAN_POINT('',(-24.66865162169,-128.1794495687,140.));
#792 = CARTESIAN_POINT('',(-36.58453327791,-124.8601910364,140.));
#793 = CARTESIAN_POINT('',(-48.,-120.3056034965,140.));
#794 = PCURVE('',#107,#795);
#795 = DEFINITIONAL_REPRESENTATION('',(#796),#806);
#796 = B_SPLINE_CURVE_WITH_KNOTS('',8,(#797,#798,#799,#800,#801,#802,
    #803,#804,#805),.UNSPECIFIED.,.F.,.F.,(9,9),(0.,1.),
  .PIECEWISE_BEZIER_KNOTS.);
#797 = CARTESIAN_POINT('',(5.092019110491,211.66176534282));
#798 = CARTESIAN_POINT('',(4.997131870078,211.66176534282));
#799 = CARTESIAN_POINT('',(4.902190633765,211.66176534282));
#800 = CARTESIAN_POINT('',(4.807278868376,211.66176534282));
#801 = CARTESIAN_POINT('',(4.712388980385,211.66176534282));
#802 = CARTESIAN_POINT('',(4.617499092393,211.66176534282));
#803 = CARTESIAN_POINT('',(4.522587327004,211.66176534282));
#804 = CARTESIAN_POINT('',(4.427646090692,211.66176534282));
#805 = CARTESIAN_POINT('',(4.332758850278,211.66176534282));
#806 = ( GEOMETRIC_REPRESENTATION_CONTEXT(2) 
PARAMETRIC_REPRESENTATION_CONTEXT() REPRESENTATION_CONTEXT('2D SPACE',''
  ) );
#807 = PCURVE('',#808,#813);
#808 = PLANE('',#809);
#809 = AXIS2_PLACEMENT_3D('',#810,#811,#812);
#810 = CARTESIAN_POINT('',(-48.,-200.,140.));
#811 = DIRECTION('',(0.,0.,1.));
#812 = DIRECTION('',(1.,0.,0.));
#813 = DEFINITIONAL_REPRESENTATION('',(#814),#824);
#814 = B_SPLINE_CURVE_WITH_KNOTS('',8,(#815,#816,#817,#818,#819,#820,
    #821,#822,#823),.UNSPECIFIED.,.F.,.F.,(9,9),(0.,1.),
  .PIECEWISE_BEZIER_KNOTS.);
#815 = CARTESIAN_POINT('',(96.,79.694396503409));
#816 = CARTESIAN_POINT('',(84.584533277921,75.139808963559));
#817 = CARTESIAN_POINT('',(72.668651621663,71.820550431266));
#818 = CARTESIAN_POINT('',(60.418092378779,69.805594006088));
#819 = CARTESIAN_POINT('',(47.999999999953,69.129895646144));
#820 = CARTESIAN_POINT('',(35.581907621295,69.805594006081));
#821 = CARTESIAN_POINT('',(23.331348378303,71.820550431273));
#822 = CARTESIAN_POINT('',(11.415466722087,75.139808963556));
#823 = CARTESIAN_POINT('',(0.,79.694396503409));
#824 = ( GEOMETRIC_REPRESENTATION_CONTEXT(2) 
PARAMETRIC_REPRESENTATION_CONTEXT() REPRESENTATION_CONTEXT('2D SPACE',''
  ) );
#825 = ORIENTED_EDGE('',*,*,#826,.F.);
#826 = EDGE_CURVE('',#582,#781,#827,.T.);
#827 = SURFACE_CURVE('',#828,(#873,#921),.PCURVE_S1.);
#828 = B_SPLINE_CURVE_WITH_KNOTS('',7,(#829,#830,#831,#832,#833,#834,
    #835,#836,#837,#838,#839,#840,#841,#842,#843,#844,#845,#846,#847,
    #848,#849,#850,#851,#852,#853,#854,#855,#856,#857,#858,#859,#860,
    #861,#862,#863,#864,#865,#866,#867,#868,#869,#870,#871,#872),
  .UNSPECIFIED.,.F.,.F.,(8,6,6,6,6,6,6,8),(0.,0.124212803524,
    0.231779501966,0.422867355988,0.566089923976,0.67346672509,
    0.837463784518,1.),.UNSPECIFIED.);
#829 = CARTESIAN_POINT('',(48.,-112.0495484878,96.));
#830 = CARTESIAN_POINT('',(48.,-112.2959284864,96.75922899527));
#831 = CARTESIAN_POINT('',(48.,-112.5378312123,97.519784790015));
#832 = CARTESIAN_POINT('',(48.,-112.7752823599,98.281629100953));
#833 = CARTESIAN_POINT('',(48.,-113.0083070069,99.044722021853));
#834 = CARTESIAN_POINT('',(48.,-113.2369310821,99.80902763551));
#835 = CARTESIAN_POINT('',(48.,-113.4611812315,100.57451329434));
#836 = CARTESIAN_POINT('',(48.,-113.871515273,102.00503371235));
#837 = CARTESIAN_POINT('',(48.,-114.0586865805,102.66978273328));
#838 = CARTESIAN_POINT('',(48.,-114.2426139021,103.33536700721));
#839 = CARTESIAN_POINT('',(48.,-114.4233141155,104.0017641312));
#840 = CARTESIAN_POINT('',(48.,-114.6008040795,104.66895192455));
#841 = CARTESIAN_POINT('',(48.,-114.7751006339,105.33690842885));
#842 = CARTESIAN_POINT('',(48.,-115.2502082417,107.19353637375));
#843 = CARTESIAN_POINT('',(48.,-115.5441712036,108.38381780032));
#844 = CARTESIAN_POINT('',(48.,-115.8282038215,109.57633333808));
#845 = CARTESIAN_POINT('',(48.,-116.1023978664,110.77098202112));
#846 = CARTESIAN_POINT('',(48.,-116.3668477436,111.96764389972));
#847 = CARTESIAN_POINT('',(48.,-116.6216457071,113.1662163499));
#848 = CARTESIAN_POINT('',(48.,-117.0506941738,115.26628638316));
#849 = CARTESIAN_POINT('',(48.,-117.2291336226,116.1669943382));
#850 = CARTESIAN_POINT('',(48.,-117.4022428586,117.0686686751));
#851 = CARTESIAN_POINT('',(48.,-117.5700585799,117.97127033853));
#852 = CARTESIAN_POINT('',(48.,-117.7326180087,118.87475960938));
#853 = CARTESIAN_POINT('',(48.,-117.8899595008,119.77909470303));
#854 = CARTESIAN_POINT('',(48.,-118.1561979678,121.36284035617));
#855 = CARTESIAN_POINT('',(48.,-118.2673638931,122.04189711034));
#856 = CARTESIAN_POINT('',(48.,-118.375633381,122.72139118808));
#857 = CARTESIAN_POINT('',(48.,-118.4810224349,123.40130582067));
#858 = CARTESIAN_POINT('',(48.,-118.5835470903,124.08162432487));
#859 = CARTESIAN_POINT('',(48.,-118.6832229225,124.76233075913));
#860 = CARTESIAN_POINT('',(48.,-118.9279712002,126.48362677835));
#861 = CARTESIAN_POINT('',(48.,-119.0692665898,127.52471398042));
#862 = CARTESIAN_POINT('',(48.,-119.2040037212,128.56661928664));
#863 = CARTESIAN_POINT('',(48.,-119.3322354694,129.60929059983));
#864 = CARTESIAN_POINT('',(48.,-119.4540145846,130.6526766251));
#865 = CARTESIAN_POINT('',(48.,-119.5693936929,131.69672686989));
#866 = CARTESIAN_POINT('',(48.,-119.7864856723,133.77675081091));
#867 = CARTESIAN_POINT('',(48.,-119.8883115479,134.81271318958));
#868 = CARTESIAN_POINT('',(48.,-119.9839527969,135.84923147773));
#869 = CARTESIAN_POINT('',(48.,-120.0734553725,136.88626267645));
#870 = CARTESIAN_POINT('',(48.,-120.1568661226,137.92376350979));
#871 = CARTESIAN_POINT('',(48.,-120.2342334042,138.96168982882));
#872 = CARTESIAN_POINT('',(48.,-120.3056034965,140.));
#873 = PCURVE('',#107,#874);
#874 = DEFINITIONAL_REPRESENTATION('',(#875),#920);
#875 = B_SPLINE_CURVE_WITH_KNOTS('',7,(#876,#877,#878,#879,#880,#881,
    #882,#883,#884,#885,#886,#887,#888,#889,#890,#891,#892,#893,#894,
    #895,#896,#897,#898,#899,#900,#901,#902,#903,#904,#905,#906,#907,
    #908,#909,#910,#911,#912,#913,#914,#915,#916,#917,#918,#919),
  .UNSPECIFIED.,.F.,.F.,(8,6,6,6,6,6,6,8),(0.,0.124212803524,
    0.231779501966,0.422867355988,0.566089923976,0.67346672509,
    0.837463784518,1.),.UNSPECIFIED.);
#876 = CARTESIAN_POINT('',(5.117120648214,166.91392251763));
#877 = CARTESIAN_POINT('',(5.116324756209,167.7061238515));
#878 = CARTESIAN_POINT('',(5.115546777607,168.49844607149));
#879 = CARTESIAN_POINT('',(5.114786378431,169.29088485688));
#880 = CARTESIAN_POINT('',(5.114043239358,170.0834385334));
#881 = CARTESIAN_POINT('',(5.113317050343,170.87610224463));
#882 = CARTESIAN_POINT('',(5.1126075104,171.6688686841));
#883 = CARTESIAN_POINT('',(5.111314049357,173.14834780813));
#884 = CARTESIAN_POINT('',(5.110726036348,173.83503514722));
#885 = CARTESIAN_POINT('',(5.110150106637,174.5217947304));
#886 = CARTESIAN_POINT('',(5.109586079028,175.20862414507));
#887 = CARTESIAN_POINT('',(5.10903377799,175.89552124094));
#888 = CARTESIAN_POINT('',(5.108493033657,176.58248412995));
#889 = CARTESIAN_POINT('',(5.107023309894,178.48998674024));
#890 = CARTESIAN_POINT('',(5.106118890014,179.71066500518));
#891 = CARTESIAN_POINT('',(5.105249499762,180.93153791786));
#892 = CARTESIAN_POINT('',(5.104414276435,182.15258108454));
#893 = CARTESIAN_POINT('',(5.103612396542,183.37379198826));
#894 = CARTESIAN_POINT('',(5.102843086863,184.59515612808));
#895 = CARTESIAN_POINT('',(5.101552866605,186.73220562581));
#896 = CARTESIAN_POINT('',(5.101018005145,187.64782582011));
#897 = CARTESIAN_POINT('',(5.100500716449,188.56352737434));
#898 = CARTESIAN_POINT('',(5.10000071104,189.47930336871));
#899 = CARTESIAN_POINT('',(5.09951770974,190.3951485883));
#900 = CARTESIAN_POINT('',(5.099051441145,191.31106077679));
#901 = CARTESIAN_POINT('',(5.098264429692,192.91376060132));
#902 = CARTESIAN_POINT('',(5.09793647134,193.6005208798));
#903 = CARTESIAN_POINT('',(5.097617665377,194.28731497702));
#904 = CARTESIAN_POINT('',(5.097307905731,194.97414198773));
#905 = CARTESIAN_POINT('',(5.09700708944,195.66100125763));
#906 = CARTESIAN_POINT('',(5.096715117948,196.34789179486));
#907 = CARTESIAN_POINT('',(5.095999335983,198.08394743793));
#908 = CARTESIAN_POINT('',(5.095587188519,199.13315161614));
#909 = CARTESIAN_POINT('',(5.095195123687,200.18241839397));
#910 = CARTESIAN_POINT('',(5.09482282396,201.23174279621));
#911 = CARTESIAN_POINT('',(5.094469986609,202.28112069453));
#912 = CARTESIAN_POINT('',(5.094136323715,203.33054880753));
#913 = CARTESIAN_POINT('',(5.09350960442,205.42015213048));
#914 = CARTESIAN_POINT('',(5.093216211122,206.46032683958));
#915 = CARTESIAN_POINT('',(5.092941118961,207.50054546163));
#916 = CARTESIAN_POINT('',(5.092684088538,208.54080220442));
#917 = CARTESIAN_POINT('',(5.092444889728,209.58109276659));
#918 = CARTESIAN_POINT('',(5.092223299259,210.6214148607));
#919 = CARTESIAN_POINT('',(5.092019110491,211.66176534282));
#920 = ( GEOMETRIC_REPRESENTATION_CONTEXT(2) 
PARAMETRIC_REPRESENTATION_CONTEXT() REPRESENTATION_CONTEXT('2D SPACE',''
  ) );
#921 = PCURVE('',#922,#927);
#922 = PLANE('',#923);
#923 = AXIS2_PLACEMENT_3D('',#924,#925,#926);
#924 = CARTESIAN_POINT('',(48.,-200.,96.));
#925 = DIRECTION('',(1.,0.,0.));
#926 = DIRECTION('',(0.,0.,1.));
#927 = DEFINITIONAL_REPRESENTATION('',(#928),#973);
#928 = B_SPLINE_CURVE_WITH_KNOTS('',7,(#929,#930,#931,#932,#933,#934,
    #935,#936,#937,#938,#939,#940,#941,#942,#943,#944,#945,#946,#947,
    #948,#949,#950,#951,#952,#953,#954,#955,#956,#957,#958,#959,#960,
    #961,#962,#963,#964,#965,#966,#967,#968,#969,#970,#971,#972),
  .UNSPECIFIED.,.F.,.F.,(8,6,6,6,6,6,6,8),(0.,0.124212803524,
    0.231779501966,0.422867355988,0.566089923976,0.67346672509,
    0.837463784518,1.),.UNSPECIFIED.);
#929 = CARTESIAN_POINT('',(0.,-87.95045151217));
#930 = CARTESIAN_POINT('',(0.75922899527,-87.7040715135));
#931 = CARTESIAN_POINT('',(1.519784790015,-87.46216878768));
#932 = CARTESIAN_POINT('',(2.281629100953,-87.22471764009));
#933 = CARTESIAN_POINT('',(3.044722021853,-86.99169299304));
#934 = CARTESIAN_POINT('',(3.80902763551,-86.76306891784));
#935 = CARTESIAN_POINT('',(4.574513294347,-86.53881876842));
#936 = CARTESIAN_POINT('',(6.005033712356,-86.1284847269));
#937 = CARTESIAN_POINT('',(6.669782733283,-85.94131341949));
#938 = CARTESIAN_POINT('',(7.335367007213,-85.75738609788));
#939 = CARTESIAN_POINT('',(8.0017641312,-85.57668588443));
#940 = CARTESIAN_POINT('',(8.668951924557,-85.3991959204));
#941 = CARTESIAN_POINT('',(9.33690842885,-85.224899366));
#942 = CARTESIAN_POINT('',(11.193536373756,-84.74979175829));
#943 = CARTESIAN_POINT('',(12.38381780032,-84.45582879632));
#944 = CARTESIAN_POINT('',(13.576333338084,-84.17179617847));
#945 = CARTESIAN_POINT('',(14.77098202112,-83.89760213354));
#946 = CARTESIAN_POINT('',(15.967643899728,-83.63315225637));
#947 = CARTESIAN_POINT('',(17.166216349906,-83.37835429286));
#948 = CARTESIAN_POINT('',(19.266286383165,-82.94930582614));
#949 = CARTESIAN_POINT('',(20.166994338204,-82.77086637731));
#950 = CARTESIAN_POINT('',(21.068668675106,-82.59775714137));
#951 = CARTESIAN_POINT('',(21.971270338531,-82.42994142005));
#952 = CARTESIAN_POINT('',(22.874759609387,-82.26738199129));
#953 = CARTESIAN_POINT('',(23.779094703036,-82.11004049913));
#954 = CARTESIAN_POINT('',(25.362840356178,-81.84380203211));
#955 = CARTESIAN_POINT('',(26.041897110349,-81.73263610685));
#956 = CARTESIAN_POINT('',(26.721391188081,-81.62436661894));
#957 = CARTESIAN_POINT('',(27.401305820679,-81.51897756506));
#958 = CARTESIAN_POINT('',(28.081624324876,-81.4164529096));
#959 = CARTESIAN_POINT('',(28.762330759133,-81.31677707746));
#960 = CARTESIAN_POINT('',(30.483626778358,-81.07202879974));
#961 = CARTESIAN_POINT('',(31.524713980426,-80.93073341014));
#962 = CARTESIAN_POINT('',(32.566619286648,-80.79599627871));
#963 = CARTESIAN_POINT('',(33.609290599831,-80.66776453057));
#964 = CARTESIAN_POINT('',(34.6526766251,-80.54598541531));
#965 = CARTESIAN_POINT('',(35.696726869898,-80.43060630709));
#966 = CARTESIAN_POINT('',(37.776750810912,-80.21351432769));
#967 = CARTESIAN_POINT('',(38.812713189583,-80.11168845202));
#968 = CARTESIAN_POINT('',(39.849231477739,-80.01604720308));
#969 = CARTESIAN_POINT('',(40.886262676456,-79.92654462747));
#970 = CARTESIAN_POINT('',(41.923763509795,-79.8431338773));
#971 = CARTESIAN_POINT('',(42.961689828824,-79.76576659572));
#972 = CARTESIAN_POINT('',(44.,-79.6943965034));
#973 = ( GEOMETRIC_REPRESENTATION_CONTEXT(2) 
PARAMETRIC_REPRESENTATION_CONTEXT() REPRESENTATION_CONTEXT('2D SPACE',''
  ) );
#974 = ADVANCED_FACE('',(#975,#978),#237,.F.);
#975 = FACE_BOUND('',#976,.F.);
#976 = EDGE_LOOP('',(#977));
#977 = ORIENTED_EDGE('',*,*,#43,.F.);
#978 = FACE_BOUND('',#979,.F.);
#979 = EDGE_LOOP('',(#980));
#980 = ORIENTED_EDGE('',*,*,#981,.T.);
#981 = EDGE_CURVE('',#982,#982,#984,.T.);
#982 = VERTEX_POINT('',#983);
#983 = CARTESIAN_POINT('',(75.431145355342,0.,28.));
#984 = SURFACE_CURVE('',#985,(#1044,#1106),.PCURVE_S1.);
#985 = B_SPLINE_CURVE_WITH_KNOTS('',8,(#986,#987,#988,#989,#990,#991,
    #992,#993,#994,#995,#996,#997,#998,#999,#1000,#1001,#1002,#1003,
    #1004,#1005,#1006,#1007,#1008,#1009,#1010,#1011,#1012,#1013,#1014,
    #1015,#1016,#1017,#1018,#1019,#1020,#1021,#1022,#1023,#1024,#1025,
    #1026,#1027,#1028,#1029,#1030,#1031,#1032,#1033,#1034,#1035,#1036,
    #1037,#1038,#1039,#1040,#1041,#1042,#1043),.UNSPECIFIED.,.T.,.F.,(9,
    7,7,7,7,7,7,7,9),(0.,0.125000004881,0.250998988099,0.375998992986,
    0.500998997877,0.62599900277,0.750999007665,0.874999995107,1.),
  .UNSPECIFIED.);
#986 = CARTESIAN_POINT('',(75.431145355342,-1.695342726263E-14,28.));
#987 = CARTESIAN_POINT('',(75.431145624084,-7.403543471473,28.));
#988 = CARTESIAN_POINT('',(74.600679801199,-14.81213059142,28.));
#989 = CARTESIAN_POINT('',(72.937784660755,-22.10922766619,28.));
#990 = CARTESIAN_POINT('',(70.462409385085,-29.18648560521,28.));
#991 = CARTESIAN_POINT('',(67.208386948216,-35.94121732823,28.));
#992 = CARTESIAN_POINT('',(63.224404553399,-42.27688858377,28.));
#993 = CARTESIAN_POINT('',(58.572970376996,-48.10277878991,28.));
#994 = CARTESIAN_POINT('',(48.060940902392,-58.61480829511,28.));
#995 = CARTESIAN_POINT('',(42.183644344505,-63.2988015296,28.));
#996 = CARTESIAN_POINT('',(35.78901977858,-67.30390754108,28.));
#997 = CARTESIAN_POINT('',(28.97011764201,-70.56627346205,28.));
#998 = CARTESIAN_POINT('',(21.825924176042,-73.03628509774,28.));
#999 = CARTESIAN_POINT('',(14.461733037392,-74.6796920375,28.));
#1000 = CARTESIAN_POINT('',(6.988619146008,-75.47654598834,28.));
#1001 = CARTESIAN_POINT('',(-7.877342079297,-75.38313914835,28.));
#1002 = CARTESIAN_POINT('',(-15.28056502374,-74.50614049877,28.));
#1003 = CARTESIAN_POINT('',(-22.5670698506,-72.79742947073,28.));
#1004 = CARTESIAN_POINT('',(-29.62863495109,-70.27763562688,28.));
#1005 = CARTESIAN_POINT('',(-36.36278785048,-66.9812364691,28.));
#1006 = CARTESIAN_POINT('',(-42.67330210999,-62.95752478057,28.));
#1007 = CARTESIAN_POINT('',(-48.46985168764,-58.26957751238,28.));
#1008 = CARTESIAN_POINT('',(-58.87405088092,-47.73380687692,28.));
#1009 = CARTESIAN_POINT('',(-63.48878833538,-41.87880603813,28.));
#1010 = CARTESIAN_POINT('',(-67.43288415454,-35.5182279087,28.));
#1011 = CARTESIAN_POINT('',(-70.64440140881,-28.74318402645,28.));
#1012 = CARTESIAN_POINT('',(-73.07526039142,-21.65051264754,28.));
#1013 = CARTESIAN_POINT('',(-74.6922739967,-14.3431114015,28.));
#1014 = CARTESIAN_POINT('',(-75.47617420731,-6.929452584434,28.));
#1015 = CARTESIAN_POINT('',(-75.38313914834,7.877342079373,28.));
#1016 = CARTESIAN_POINT('',(-74.50614049884,15.280565023382,28.));
#1017 = CARTESIAN_POINT('',(-72.79742947056,22.567069851396,28.));
#1018 = CARTESIAN_POINT('',(-70.27763562711,29.628634950088,28.));
#1019 = CARTESIAN_POINT('',(-66.98123646889,36.36278785126,28.));
#1020 = CARTESIAN_POINT('',(-62.95752478068,42.673302109637,28.));
#1021 = CARTESIAN_POINT('',(-58.26957751235,48.469851687727,28.));
#1022 = CARTESIAN_POINT('',(-47.73380687687,58.874050880877,28.));
#1023 = CARTESIAN_POINT('',(-41.8788060383,63.488788335616,28.));
#1024 = CARTESIAN_POINT('',(-35.51822790836,67.432884154013,28.));
#1025 = CARTESIAN_POINT('',(-28.74318402684,70.644401409504,28.));
#1026 = CARTESIAN_POINT('',(-21.65051264725,73.075260390875,28.));
#1027 = CARTESIAN_POINT('',(-14.34311140163,74.692273996949,28.));
#1028 = CARTESIAN_POINT('',(-6.929452584405,75.476174207262,28.));
#1029 = CARTESIAN_POINT('',(7.818173193724,75.383510902127,28.));
#1030 = CARTESIAN_POINT('',(15.162111974143,74.520106483489,28.));
#1031 = CARTESIAN_POINT('',(22.392119940846,72.838285743095,28.));
#1032 = CARTESIAN_POINT('',(29.402529585394,70.357984447286,28.));
#1033 = CARTESIAN_POINT('',(36.093216572946,67.112611503801,28.));
#1034 = CARTESIAN_POINT('',(42.37005691162,63.149934181513,28.));
#1035 = CARTESIAN_POINT('',(48.144618321717,58.531130816648,28.));
#1036 = CARTESIAN_POINT('',(58.572970376942,48.10277879,28.));
#1037 = CARTESIAN_POINT('',(63.224404553563,42.276888583497,28.));
#1038 = CARTESIAN_POINT('',(67.20838694793,35.941217328747,28.));
#1039 = CARTESIAN_POINT('',(70.462409385357,29.186485604714,28.));
#1040 = CARTESIAN_POINT('',(72.937784660594,22.109227666496,28.));
#1041 = CARTESIAN_POINT('',(74.600679801253,14.812130591326,28.));
#1042 = CARTESIAN_POINT('',(75.431145624075,7.403543471492,28.));
#1043 = CARTESIAN_POINT('',(75.431145355342,-2.742572547424E-15,28.));
#1044 = PCURVE('',#237,#1045);
#1045 = DEFINITIONAL_REPRESENTATION('',(#1046),#1105);
#1046 = B_SPLINE_CURVE_WITH_KNOTS('',8,(#1047,#1048,#1049,#1050,#1051,
    #1052,#1053,#1054,#1055,#1056,#1057,#1058,#1059,#1060,#1061,#1062,
    #1063,#1064,#1065,#1066,#1067,#1068,#1069,#1070,#1071,#1072,#1073,
    #1074,#1075,#1076,#1077,#1078,#1079,#1080,#1081,#1082,#1083,#1084,
    #1085,#1086,#1087,#1088,#1089,#1090,#1091,#1092,#1093,#1094,#1095,
    #1096,#1097,#1098,#1099,#1100,#1101,#1102,#1103,#1104),
  .UNSPECIFIED.,.F.,.F.,(9,7,7,7,7,7,7,7,9),(0.,0.125000004881,
    0.250998988099,0.375998992986,0.500998997877,0.62599900277,
    0.750999007665,0.874999995107,1.),.UNSPECIFIED.);
#1047 = CARTESIAN_POINT('',(75.431145355342,-4.263256414561E-14));
#1048 = CARTESIAN_POINT('',(75.431145624084,-7.403543471473));
#1049 = CARTESIAN_POINT('',(74.600679801199,-14.81213059142));
#1050 = CARTESIAN_POINT('',(72.937784660755,-22.10922766619));
#1051 = CARTESIAN_POINT('',(70.462409385085,-29.18648560521));
#1052 = CARTESIAN_POINT('',(67.208386948216,-35.94121732823));
#1053 = CARTESIAN_POINT('',(63.224404553399,-42.27688858377));
#1054 = CARTESIAN_POINT('',(58.572970376996,-48.10277878991));
#1055 = CARTESIAN_POINT('',(48.060940902392,-58.61480829511));
#1056 = CARTESIAN_POINT('',(42.183644344505,-63.2988015296));
#1057 = CARTESIAN_POINT('',(35.78901977858,-67.30390754108));
#1058 = CARTESIAN_POINT('',(28.97011764201,-70.56627346205));
#1059 = CARTESIAN_POINT('',(21.825924176042,-73.03628509774));
#1060 = CARTESIAN_POINT('',(14.461733037392,-74.6796920375));
#1061 = CARTESIAN_POINT('',(6.988619146008,-75.47654598834));
#1062 = CARTESIAN_POINT('',(-7.877342079297,-75.38313914835));
#1063 = CARTESIAN_POINT('',(-15.28056502374,-74.50614049877));
#1064 = CARTESIAN_POINT('',(-22.5670698506,-72.79742947073));
#1065 = CARTESIAN_POINT('',(-29.62863495109,-70.27763562688));
#1066 = CARTESIAN_POINT('',(-36.36278785048,-66.9812364691));
#1067 = CARTESIAN_POINT('',(-42.67330210999,-62.95752478057));
#1068 = CARTESIAN_POINT('',(-48.46985168764,-58.26957751238));
#1069 = CARTESIAN_POINT('',(-58.87405088092,-47.73380687692));
#1070 = CARTESIAN_POINT('',(-63.48878833538,-41.87880603813));
#1071 = CARTESIAN_POINT('',(-67.43288415454,-35.5182279087));
#1072 = CARTESIAN_POINT('',(-70.64440140881,-28.74318402645));
#1073 = CARTESIAN_POINT('',(-73.07526039142,-21.65051264754));
#1074 = CARTESIAN_POINT('',(-74.6922739967,-14.3431114015));
#1075 = CARTESIAN_POINT('',(-75.47617420731,-6.929452584434));
#1076 = CARTESIAN_POINT('',(-75.38313914834,7.877342079373));
#1077 = CARTESIAN_POINT('',(-74.50614049884,15.280565023382));
#1078 = CARTESIAN_POINT('',(-72.79742947056,22.567069851396));
#1079 = CARTESIAN_POINT('',(-70.27763562711,29.628634950088));
#1080 = CARTESIAN_POINT('',(-66.98123646889,36.36278785126));
#1081 = CARTESIAN_POINT('',(-62.95752478068,42.673302109636));
#1082 = CARTESIAN_POINT('',(-58.26957751235,48.469851687727));
#1083 = CARTESIAN_POINT('',(-47.73380687687,58.874050880877));
#1084 = CARTESIAN_POINT('',(-41.8788060383,63.488788335616));
#1085 = CARTESIAN_POINT('',(-35.51822790836,67.432884154013));
#1086 = CARTESIAN_POINT('',(-28.74318402684,70.644401409504));
#1087 = CARTESIAN_POINT('',(-21.65051264725,73.075260390875));
#1088 = CARTESIAN_POINT('',(-14.34311140163,74.692273996949));
#1089 = CARTESIAN_POINT('',(-6.929452584405,75.476174207262));
#1090 = CARTESIAN_POINT('',(7.818173193724,75.383510902127));
#1091 = CARTESIAN_POINT('',(15.162111974143,74.520106483489));
#1092 = CARTESIAN_POINT('',(22.392119940846,72.838285743095));
#1093 = CARTESIAN_POINT('',(29.402529585394,70.357984447286));
#1094 = CARTESIAN_POINT('',(36.093216572946,67.112611503801));
#1095 = CARTESIAN_POINT('',(42.37005691162,63.149934181513));
#1096 = CARTESIAN_POINT('',(48.144618321717,58.531130816648));
#1097 = CARTESIAN_POINT('',(58.572970376942,48.10277879));
#1098 = CARTESIAN_POINT('',(63.224404553563,42.276888583497));
#1099 = CARTESIAN_POINT('',(67.20838694793,35.941217328747));
#1100 = CARTESIAN_POINT('',(70.462409385357,29.186485604714));
#1101 = CARTESIAN_POINT('',(72.937784660594,22.109227666496));
#1102 = CARTESIAN_POINT('',(74.600679801253,14.812130591326));
#1103 = CARTESIAN_POINT('',(75.431145624076,7.403543471492));
#1104 = CARTESIAN_POINT('',(75.431145355342,-2.84217094304E-14));
#1105 = ( GEOMETRIC_REPRESENTATION_CONTEXT(2) 
PARAMETRIC_REPRESENTATION_CONTEXT() REPRESENTATION_CONTEXT('2D SPACE',''
  ) );
#1106 = PCURVE('',#1107,#1175);
#1107 = SURFACE_OF_REVOLUTION('',#1108,#1172);
#1108 = B_SPLINE_CURVE_WITH_KNOTS('',3,(#1109,#1110,#1111,#1112,#1113,
    #1114,#1115,#1116,#1117,#1118,#1119,#1120,#1121,#1122,#1123,#1124,
    #1125,#1126,#1127,#1128,#1129,#1130,#1131,#1132,#1133,#1134,#1135,
    #1136,#1137,#1138,#1139,#1140,#1141,#1142,#1143,#1144,#1145,#1146,
    #1147,#1148,#1149,#1150,#1151,#1152,#1153,#1154,#1155,#1156,#1157,
    #1158,#1159,#1160,#1161,#1162,#1163,#1164,#1165,#1166,#1167,#1168,
    #1169,#1170,#1171),.UNSPECIFIED.,.F.,.F.,(4,1,1,1,1,1,1,1,1,1,1,1,1,
    1,1,1,1,1,1,1,1,1,1,1,1,1,1,1,1,1,1,1,1,1,1,1,1,1,1,1,1,1,1,1,1,1,1,
    1,1,1,1,1,1,1,1,1,1,1,1,1,4),(0.,7.778004655746,15.552735403833,
    23.321464358112,31.08221388224,38.834223805418,46.578234189783,
    54.316700238988,62.053909959299,69.795993480131,77.550819698316,
    85.327783344919,93.137493572513,100.9913828387,108.90126111474,
    116.87884425371,124.93528606687,133.08074121542,141.32398097223,
    149.67207723224,158.13016300233,166.70127101004,175.38624674547,
    184.18372851928,193.09018497385,202.09999969109,211.20559275989,
    220.39757004862,229.66489217153,238.99505651372,248.37428703261,
    257.78772779387,267.21963728301,276.65358144759,286.07262417964,
    295.45951455971,304.79687067782,314.0673602444,323.25387852874,
    332.33972443071,341.30877571818,350.14566465754,358.83595543,
    367.36632485916,375.72474806006,383.90069062709,391.88530885855,
    399.6716591898,407.25491735864,414.63260669231,421.80483306924,
    428.7745213176,435.54764381726,442.13342673081,448.54451275831,
    454.79705230932,460.9106890908,466.9084038256,472.81618368701,
    478.66248126429,484.47764768179),.UNSPECIFIED.);
#1109 = CARTESIAN_POINT('',(0.,0.,2.));
#1110 = CARTESIAN_POINT('',(2.596513294424,0.,2.));
#1111 = CARTESIAN_POINT('',(7.776589252507,0.,2.161854619812));
#1112 = CARTESIAN_POINT('',(15.523383547295,0.,2.889579158962));
#1113 = CARTESIAN_POINT('',(23.201174278671,0.,4.100221775361));
#1114 = CARTESIAN_POINT('',(30.780811782348,0.,5.790457328179));
#1115 = CARTESIAN_POINT('',(38.229982708459,0.,7.955654671576));
#1116 = CARTESIAN_POINT('',(45.518717868764,0.,10.589908786431));
#1117 = CARTESIAN_POINT('',(52.618244294908,0.,13.686072329446));
#1118 = CARTESIAN_POINT('',(59.501569064409,0.,17.235790770436));
#1119 = CARTESIAN_POINT('',(66.14355157255,0.,21.229538197011));
#1120 = CARTESIAN_POINT('',(72.521060688278,0.,25.656651526122));
#1121 = CARTESIAN_POINT('',(78.613057492175,0.,30.505361299768));
#1122 = CARTESIAN_POINT('',(84.400649034532,0.,35.762817993985));
#1123 = CARTESIAN_POINT('',(89.867105648686,0.,41.415113761845));
#1124 = CARTESIAN_POINT('',(94.997849778913,0.,47.447300588918));
#1125 = CARTESIAN_POINT('',(99.780420624241,0.,53.84340675564));
#1126 = CARTESIAN_POINT('',(104.2044196633,0.,60.586454092778));
#1127 = CARTESIAN_POINT('',(108.26144117719,0.,67.658478676626));
#1128 = CARTESIAN_POINT('',(111.94499112677,0.,75.040557331833));
#1129 = CARTESIAN_POINT('',(115.2503969113,0.,82.712841679826));
#1130 = CARTESIAN_POINT('',(118.17470990705,0.,90.654600643065));
#1131 = CARTESIAN_POINT('',(120.7166022938,0.,98.844271464585));
#1132 = CARTESIAN_POINT('',(122.87625952095,0.,107.25951857867));
#1133 = CARTESIAN_POINT('',(124.65526977443,0.,115.87729916603));
#1134 = CARTESIAN_POINT('',(126.05651188823,0.,124.67393397293));
#1135 = CARTESIAN_POINT('',(127.08404321848,0.,133.62518194109));
#1136 = CARTESIAN_POINT('',(127.7429890085,0.,142.70631732225));
#1137 = CARTESIAN_POINT('',(128.03943469811,0.,151.89220817012));
#1138 = CARTESIAN_POINT('',(127.98032247568,0.,161.15739535152));
#1139 = CARTESIAN_POINT('',(127.57335315822,0.,170.47617145547));
#1140 = CARTESIAN_POINT('',(126.82689424075,0.,179.8226591794));
#1141 = CARTESIAN_POINT('',(125.74989470629,0.,189.17088892643));
#1142 = CARTESIAN_POINT('',(124.35180695345,0.,198.49487545856));
#1143 = CARTESIAN_POINT('',(122.64251598987,0.,207.76869352373));
#1144 = CARTESIAN_POINT('',(120.63227586601,0.,216.96655242028));
#1145 = CARTESIAN_POINT('',(118.33165318392,0.,226.06286948893));
#1146 = CARTESIAN_POINT('',(115.75147740872,0.,235.03234253821));
#1147 = CARTESIAN_POINT('',(112.90279763128,0.,243.85002122077));
#1148 = CARTESIAN_POINT('',(109.79684537314,0.,252.49137739053));
#1149 = CARTESIAN_POINT('',(106.44500298162,0.,260.93237448751));
#1150 = CARTESIAN_POINT('',(102.8587771274,0.,269.14953602077));
#1151 = CARTESIAN_POINT('',(99.049776876069,0.,277.12001325149));
#1152 = CARTESIAN_POINT('',(95.029695762246,0.,284.82165221651));
#1153 = CARTESIAN_POINT('',(90.810297192312,0.,292.23306027503));
#1154 = CARTESIAN_POINT('',(86.403402494912,0.,299.33367239846));
#1155 = CARTESIAN_POINT('',(81.820880405239,0.,306.10381744348));
#1156 = CARTESIAN_POINT('',(77.074637905338,0.,312.52478462547));
#1157 = CARTESIAN_POINT('',(72.176607178901,0.,318.57889030793));
#1158 = CARTESIAN_POINT('',(67.138740680873,0.,324.24954498962));
#1159 = CARTESIAN_POINT('',(61.972962889136,0.,329.52131993606));
#1160 = CARTESIAN_POINT('',(56.691253282246,0.,334.3800121926));
#1161 = CARTESIAN_POINT('',(51.305225134472,0.,338.81270567737));
#1162 = CARTESIAN_POINT('',(45.827463208066,0.,342.80782470576));
#1163 = CARTESIAN_POINT('',(40.266518214148,0.,346.35517481673));
#1164 = CARTESIAN_POINT('',(34.644563149139,0.,349.44596457522));
#1165 = CARTESIAN_POINT('',(28.933724835787,0.,352.07280181474));
#1166 = CARTESIAN_POINT('',(23.28493917662,0.,354.22965942323));
#1167 = CARTESIAN_POINT('',(17.200538667327,0.,355.91180988329));
#1168 = CARTESIAN_POINT('',(12.540166226107,0.,357.11573327254));
#1169 = CARTESIAN_POINT('',(2.531906266563,0.,357.83902281315));
#1170 = CARTESIAN_POINT('',(9.003055454651,-0.,358.));
#1171 = CARTESIAN_POINT('',(0.,0.,358.));
#1172 = AXIS1_PLACEMENT('',#1173,#1174);
#1173 = CARTESIAN_POINT('',(0.,0.,0.));
#1174 = DIRECTION('',(0.,0.,1.));
#1175 = DEFINITIONAL_REPRESENTATION('',(#1176),#1235);
#1176 = B_SPLINE_CURVE_WITH_KNOTS('',8,(#1177,#1178,#1179,#1180,#1181,
    #1182,#1183,#1184,#1185,#1186,#1187,#1188,#1189,#1190,#1191,#1192,
    #1193,#1194,#1195,#1196,#1197,#1198,#1199,#1200,#1201,#1202,#1203,
    #1204,#1205,#1206,#1207,#1208,#1209,#1210,#1211,#1212,#1213,#1214,
    #1215,#1216,#1217,#1218,#1219,#1220,#1221,#1222,#1223,#1224,#1225,
    #1226,#1227,#1228,#1229,#1230,#1231,#1232,#1233,#1234),
  .UNSPECIFIED.,.F.,.F.,(9,7,7,7,7,7,7,7,9),(0.,0.125000004881,
    0.250998988099,0.375998992986,0.500998997877,0.62599900277,
    0.750999007665,0.874999995107,1.),.UNSPECIFIED.);
#1177 = CARTESIAN_POINT('',(6.28318530718,81.291690879069));
#1178 = CARTESIAN_POINT('',(6.185035596118,81.291690879069));
#1179 = CARTESIAN_POINT('',(6.086819201665,81.291690879069));
#1180 = CARTESIAN_POINT('',(5.98863930731,81.291690879069));
#1181 = CARTESIAN_POINT('',(5.890486225492,81.291690879069));
#1182 = CARTESIAN_POINT('',(5.792333143634,81.291690879069));
#1183 = CARTESIAN_POINT('',(5.694153249305,81.291690879069));
#1184 = CARTESIAN_POINT('',(5.595936854842,81.291690879069));
#1185 = CARTESIAN_POINT('',(5.398853037272,81.291690879069));
#1186 = CARTESIAN_POINT('',(5.299849545431,81.291690879069));
#1187 = CARTESIAN_POINT('',(5.200884131085,81.291690879069));
#1188 = CARTESIAN_POINT('',(5.101946469463,81.291690879069));
#1189 = CARTESIAN_POINT('',(5.003008807722,81.291690879069));
#1190 = CARTESIAN_POINT('',(4.904043393453,81.291690879069));
#1191 = CARTESIAN_POINT('',(4.805039901582,81.291690879069));
#1192 = CARTESIAN_POINT('',(4.607956084018,81.291690879069));
#1193 = CARTESIAN_POINT('',(4.509739689556,81.291690879069));
#1194 = CARTESIAN_POINT('',(4.41155979522,81.291690879069));
#1195 = CARTESIAN_POINT('',(4.31340671338,81.291690879069));
#1196 = CARTESIAN_POINT('',(4.215253631537,81.291690879069));
#1197 = CARTESIAN_POINT('',(4.117073737203,81.291690879069));
#1198 = CARTESIAN_POINT('',(4.01885734274,81.291690879069));
#1199 = CARTESIAN_POINT('',(3.822557920619,81.291690879069));
#1200 = CARTESIAN_POINT('',(3.724341526165,81.291690879069));
#1201 = CARTESIAN_POINT('',(3.626161631807,81.291690879069));
#1202 = CARTESIAN_POINT('',(3.528008550001,81.291690879069));
#1203 = CARTESIAN_POINT('',(3.429855468125,81.291690879069));
#1204 = CARTESIAN_POINT('',(3.331675573811,81.291690879069));
#1205 = CARTESIAN_POINT('',(3.233459179341,81.291690879069));
#1206 = CARTESIAN_POINT('',(3.037159757221,81.291690879069));
#1207 = CARTESIAN_POINT('',(2.938943362767,81.291690879069));
#1208 = CARTESIAN_POINT('',(2.840763468412,81.291690879069));
#1209 = CARTESIAN_POINT('',(2.742610386601,81.291690879069));
#1210 = CARTESIAN_POINT('',(2.64445730473,81.291690879069));
#1211 = CARTESIAN_POINT('',(2.546277410413,81.291690879069));
#1212 = CARTESIAN_POINT('',(2.448061015944,81.291690879069));
#1213 = CARTESIAN_POINT('',(2.251761593825,81.291690879069));
#1214 = CARTESIAN_POINT('',(2.153545199362,81.291690879069));
#1215 = CARTESIAN_POINT('',(2.055365305033,81.291690879069));
#1216 = CARTESIAN_POINT('',(1.957212223178,81.291690879069));
#1217 = CARTESIAN_POINT('',(1.859059141353,81.291690879069));
#1218 = CARTESIAN_POINT('',(1.760879247006,81.291690879069));
#1219 = CARTESIAN_POINT('',(1.662662852549,81.291690879069));
#1220 = CARTESIAN_POINT('',(1.467147856591,81.291690879069));
#1221 = CARTESIAN_POINT('',(1.369718505799,81.291690879069));
#1222 = CARTESIAN_POINT('',(1.272324131803,81.291690879069));
#1223 = CARTESIAN_POINT('',(1.174955652436,81.291690879069));
#1224 = CARTESIAN_POINT('',(1.077587173094,81.291690879069));
#1225 = CARTESIAN_POINT('',(0.980192799081,81.291690879069));
#1226 = CARTESIAN_POINT('',(0.882763448296,81.291690879069));
#1227 = CARTESIAN_POINT('',(0.687248452337,81.291690879069));
#1228 = CARTESIAN_POINT('',(0.589032057877,81.291690879069));
#1229 = CARTESIAN_POINT('',(0.490852163537,81.291690879069));
#1230 = CARTESIAN_POINT('',(0.392699081703,81.291690879069));
#1231 = CARTESIAN_POINT('',(0.294545999855,81.291690879069));
#1232 = CARTESIAN_POINT('',(0.196366105523,81.291690879069));
#1233 = CARTESIAN_POINT('',(9.81497110599E-02,81.291690879069));
#1234 = CARTESIAN_POINT('',(0.,81.291690879069));
#1235 = ( GEOMETRIC_REPRESENTATION_CONTEXT(2) 
PARAMETRIC_REPRESENTATION_CONTEXT() REPRESENTATION_CONTEXT('2D SPACE',''
  ) );
#1236 = ADVANCED_FACE('',(#1237,#1240),#511,.T.);
#1237 = FACE_BOUND('',#1238,.T.);
#1238 = EDGE_LOOP('',(#1239));
#1239 = ORIENTED_EDGE('',*,*,#387,.F.);
#1240 = FACE_BOUND('',#1241,.T.);
#1241 = EDGE_LOOP('',(#1242,#1272,#1300,#1488,#1516,#1544,#1572,#1760,
    #1788,#1816,#1844,#2032));
#1242 = ORIENTED_EDGE('',*,*,#1243,.T.);
#1243 = EDGE_CURVE('',#1244,#1246,#1248,.T.);
#1244 = VERTEX_POINT('',#1245);
#1245 = CARTESIAN_POINT('',(-68.77304076892,101.11840080278,147.));
#1246 = VERTEX_POINT('',#1247);
#1247 = CARTESIAN_POINT('',(-53.1845835008,110.11840080278,147.));
#1248 = SURFACE_CURVE('',#1249,(#1253,#1260),.PCURVE_S1.);
#1249 = LINE('',#1250,#1251);
#1250 = CARTESIAN_POINT('',(-68.77304076892,101.11840080278,147.));
#1251 = VECTOR('',#1252,1.);
#1252 = DIRECTION('',(0.866025403784,0.5,0.));
#1253 = PCURVE('',#511,#1254);
#1254 = DEFINITIONAL_REPRESENTATION('',(#1255),#1259);
#1255 = LINE('',#1256,#1257);
#1256 = CARTESIAN_POINT('',(-68.77304076892,101.11840080278));
#1257 = VECTOR('',#1258,1.);
#1258 = DIRECTION('',(0.866025403784,0.5));
#1259 = ( GEOMETRIC_REPRESENTATION_CONTEXT(2) 
PARAMETRIC_REPRESENTATION_CONTEXT() REPRESENTATION_CONTEXT('2D SPACE',''
  ) );
#1260 = PCURVE('',#1261,#1266);
#1261 = PLANE('',#1262);
#1262 = AXIS2_PLACEMENT_3D('',#1263,#1264,#1265);
#1263 = CARTESIAN_POINT('',(-68.77304076892,101.11840080278,138.));
#1264 = DIRECTION('',(-0.5,0.866025403784,0.));
#1265 = DIRECTION('',(0.,0.,1.));
#1266 = DEFINITIONAL_REPRESENTATION('',(#1267),#1271);
#1267 = LINE('',#1268,#1269);
#1268 = CARTESIAN_POINT('',(9.,0.));
#1269 = VECTOR('',#1270,1.);
#1270 = DIRECTION('',(0.,1.));
#1271 = ( GEOMETRIC_REPRESENTATION_CONTEXT(2) 
PARAMETRIC_REPRESENTATION_CONTEXT() REPRESENTATION_CONTEXT('2D SPACE',''
  ) );
#1272 = ORIENTED_EDGE('',*,*,#1273,.T.);
#1273 = EDGE_CURVE('',#1246,#1274,#1276,.T.);
#1274 = VERTEX_POINT('',#1275);
#1275 = CARTESIAN_POINT('',(-55.98031754001,114.96075420313,147.));
#1276 = SURFACE_CURVE('',#1277,(#1281,#1288),.PCURVE_S1.);
#1277 = LINE('',#1278,#1279);
#1278 = CARTESIAN_POINT('',(-53.1845835008,110.11840080278,147.));
#1279 = VECTOR('',#1280,1.);
#1280 = DIRECTION('',(-0.5,0.866025403784,0.));
#1281 = PCURVE('',#511,#1282);
#1282 = DEFINITIONAL_REPRESENTATION('',(#1283),#1287);
#1283 = LINE('',#1284,#1285);
#1284 = CARTESIAN_POINT('',(-53.1845835008,110.11840080278));
#1285 = VECTOR('',#1286,1.);
#1286 = DIRECTION('',(-0.5,0.866025403784));
#1287 = ( GEOMETRIC_REPRESENTATION_CONTEXT(2) 
PARAMETRIC_REPRESENTATION_CONTEXT() REPRESENTATION_CONTEXT('2D SPACE',''
  ) );
#1288 = PCURVE('',#1289,#1294);
#1289 = PLANE('',#1290);
#1290 = AXIS2_PLACEMENT_3D('',#1291,#1292,#1293);
#1291 = CARTESIAN_POINT('',(-53.1845835008,110.11840080278,138.));
#1292 = DIRECTION('',(0.866025403784,0.5,0.));
#1293 = DIRECTION('',(0.,0.,1.));
#1294 = DEFINITIONAL_REPRESENTATION('',(#1295),#1299);
#1295 = LINE('',#1296,#1297);
#1296 = CARTESIAN_POINT('',(9.,0.));
#1297 = VECTOR('',#1298,1.);
#1298 = DIRECTION('',(0.,-1.));
#1299 = ( GEOMETRIC_REPRESENTATION_CONTEXT(2) 
PARAMETRIC_REPRESENTATION_CONTEXT() REPRESENTATION_CONTEXT('2D SPACE',''
  ) );
#1300 = ORIENTED_EDGE('',*,*,#1301,.T.);
#1301 = EDGE_CURVE('',#1274,#1302,#1304,.T.);
#1302 = VERTEX_POINT('',#1303);
#1303 = CARTESIAN_POINT('',(127.549092324,8.999999999998,147.));
#1304 = SURFACE_CURVE('',#1305,(#1364,#1426),.PCURVE_S1.);
#1305 = B_SPLINE_CURVE_WITH_KNOTS('',8,(#1306,#1307,#1308,#1309,#1310,
    #1311,#1312,#1313,#1314,#1315,#1316,#1317,#1318,#1319,#1320,#1321,
    #1322,#1323,#1324,#1325,#1326,#1327,#1328,#1329,#1330,#1331,#1332,
    #1333,#1334,#1335,#1336,#1337,#1338,#1339,#1340,#1341,#1342,#1343,
    #1344,#1345,#1346,#1347,#1348,#1349,#1350,#1351,#1352,#1353,#1354,
    #1355,#1356,#1357,#1358,#1359,#1360,#1361,#1362,#1363),
  .UNSPECIFIED.,.T.,.F.,(9,7,7,7,7,7,7,7,9),(0.,0.124999999998,
    0.249999999997,0.374999999998,0.5,0.625000000002,0.750000000002,
    0.875,1.),.UNSPECIFIED.);
#1306 = CARTESIAN_POINT('',(127.86622289566,-3.116428197783E-14,147.));
#1307 = CARTESIAN_POINT('',(127.86622335128,-12.55002966769,147.));
#1308 = CARTESIAN_POINT('',(126.45846901629,-25.10861002523,147.));
#1309 = CARTESIAN_POINT('',(123.63963156146,-37.47819869033,147.));
#1310 = CARTESIAN_POINT('',(119.44352823278,-49.47512933235,147.));
#1311 = CARTESIAN_POINT('',(113.9275103415,-60.92533345905,147.));
#1312 = CARTESIAN_POINT('',(107.1741093947,-71.66517256528,147.));
#1313 = CARTESIAN_POINT('',(99.289284698589,-81.54086253418,147.));
#1314 = CARTESIAN_POINT('',(81.540862534286,-99.2892846985,147.));
#1315 = CARTESIAN_POINT('',(71.665172564949,-107.1741093949,147.));
#1316 = CARTESIAN_POINT('',(60.92533345969,-113.9275103409,147.));
#1317 = CARTESIAN_POINT('',(49.475129331738,-119.4435282334,147.));
#1318 = CARTESIAN_POINT('',(37.478198690726,-123.639631561,147.));
#1319 = CARTESIAN_POINT('',(25.108610025113,-126.4584690164,147.));
#1320 = CARTESIAN_POINT('',(12.550029667734,-127.8662233512,147.));
#1321 = CARTESIAN_POINT('',(-12.5500296677,-127.8662233512,147.));
#1322 = CARTESIAN_POINT('',(-25.10861002512,-126.4584690164,147.));
#1323 = CARTESIAN_POINT('',(-37.47819869056,-123.6396315612,147.));
#1324 = CARTESIAN_POINT('',(-49.47512933199,-119.4435282331,147.));
#1325 = CARTESIAN_POINT('',(-60.92533345936,-113.9275103411,147.));
#1326 = CARTESIAN_POINT('',(-71.6651725651,-107.1741093948,147.));
#1327 = CARTESIAN_POINT('',(-81.54086253422,-99.28928469855,147.));
#1328 = CARTESIAN_POINT('',(-99.28928469853,-81.54086253425,147.));
#1329 = CARTESIAN_POINT('',(-107.1741093948,-71.66517256512,147.));
#1330 = CARTESIAN_POINT('',(-113.9275103411,-60.9253334594,147.));
#1331 = CARTESIAN_POINT('',(-119.4435282331,-49.475129332,147.));
#1332 = CARTESIAN_POINT('',(-123.6396315611,-37.47819869062,147.));
#1333 = CARTESIAN_POINT('',(-126.4584690164,-25.10861002513,147.));
#1334 = CARTESIAN_POINT('',(-127.8662233512,-12.55002966773,147.));
#1335 = CARTESIAN_POINT('',(-127.8662233512,12.550029667638,147.));
#1336 = CARTESIAN_POINT('',(-126.4584690163,25.108610025408,147.));
#1337 = CARTESIAN_POINT('',(-123.6396315614,37.478198689938,147.));
#1338 = CARTESIAN_POINT('',(-119.4435282328,49.475129332785,147.));
#1339 = CARTESIAN_POINT('',(-113.9275103415,60.925333458749,147.));
#1340 = CARTESIAN_POINT('',(-107.1741093947,71.66517256538,147.));
#1341 = CARTESIAN_POINT('',(-99.28928469859,81.540862534166,147.));
#1342 = CARTESIAN_POINT('',(-81.54086253432,99.28928469847,147.));
#1343 = CARTESIAN_POINT('',(-71.66517256483,107.1741093951,147.));
#1344 = CARTESIAN_POINT('',(-60.92533345997,113.9275103407,147.));
#1345 = CARTESIAN_POINT('',(-49.47512933134,119.44352823367,147.));
#1346 = CARTESIAN_POINT('',(-37.47819869107,123.63963156083,147.));
#1347 = CARTESIAN_POINT('',(-25.10861002494,126.45846901654,147.));
#1348 = CARTESIAN_POINT('',(-12.55002966777,127.86622335123,147.));
#1349 = CARTESIAN_POINT('',(12.550029667663,127.86622335119,147.));
#1350 = CARTESIAN_POINT('',(25.108610025351,126.45846901674,147.));
#1351 = CARTESIAN_POINT('',(37.478198690003,123.63963156048,147.));
#1352 = CARTESIAN_POINT('',(49.475129332726,119.44352823407,147.));
#1353 = CARTESIAN_POINT('',(60.925333458831,113.92751034047,147.));
#1354 = CARTESIAN_POINT('',(71.665172565312,107.1741093952,147.));
#1355 = CARTESIAN_POINT('',(81.540862534192,99.289284698476,147.));
#1356 = CARTESIAN_POINT('',(99.28928469866,81.540862534193,147.));
#1357 = CARTESIAN_POINT('',(107.17410939432,71.66517256541,147.));
#1358 = CARTESIAN_POINT('',(113.92751034224,60.925333458717,147.));
#1359 = CARTESIAN_POINT('',(119.44352823191,49.4751293329,147.));
#1360 = CARTESIAN_POINT('',(123.63963156206,37.478198689901,147.));
#1361 = CARTESIAN_POINT('',(126.45846901605,25.108610025438,147.));
#1362 = CARTESIAN_POINT('',(127.86622335133,12.550029667659,147.));
#1363 = CARTESIAN_POINT('',(127.86622289566,-2.742572547424E-15,147.));
#1364 = PCURVE('',#511,#1365);
#1365 = DEFINITIONAL_REPRESENTATION('',(#1366),#1425);
#1366 = B_SPLINE_CURVE_WITH_KNOTS('',8,(#1367,#1368,#1369,#1370,#1371,
    #1372,#1373,#1374,#1375,#1376,#1377,#1378,#1379,#1380,#1381,#1382,
    #1383,#1384,#1385,#1386,#1387,#1388,#1389,#1390,#1391,#1392,#1393,
    #1394,#1395,#1396,#1397,#1398,#1399,#1400,#1401,#1402,#1403,#1404,
    #1405,#1406,#1407,#1408,#1409,#1410,#1411,#1412,#1413,#1414,#1415,
    #1416,#1417,#1418,#1419,#1420,#1421,#1422,#1423,#1424),
  .UNSPECIFIED.,.F.,.F.,(9,7,7,7,7,7,7,7,9),(0.,0.124999999998,
    0.249999999997,0.374999999998,0.5,0.625000000002,0.750000000002,
    0.875,1.),.UNSPECIFIED.);
#1367 = CARTESIAN_POINT('',(127.86622289566,-5.684341886081E-14));
#1368 = CARTESIAN_POINT('',(127.86622335128,-12.55002966769));
#1369 = CARTESIAN_POINT('',(126.45846901629,-25.10861002523));
#1370 = CARTESIAN_POINT('',(123.63963156146,-37.47819869033));
#1371 = CARTESIAN_POINT('',(119.44352823278,-49.47512933235));
#1372 = CARTESIAN_POINT('',(113.9275103415,-60.92533345905));
#1373 = CARTESIAN_POINT('',(107.1741093947,-71.66517256528));
#1374 = CARTESIAN_POINT('',(99.289284698589,-81.54086253418));
#1375 = CARTESIAN_POINT('',(81.540862534287,-99.2892846985));
#1376 = CARTESIAN_POINT('',(71.665172564949,-107.1741093949));
#1377 = CARTESIAN_POINT('',(60.92533345969,-113.9275103409));
#1378 = CARTESIAN_POINT('',(49.475129331738,-119.4435282334));
#1379 = CARTESIAN_POINT('',(37.478198690726,-123.639631561));
#1380 = CARTESIAN_POINT('',(25.108610025113,-126.4584690164));
#1381 = CARTESIAN_POINT('',(12.550029667734,-127.8662233512));
#1382 = CARTESIAN_POINT('',(-12.5500296677,-127.8662233512));
#1383 = CARTESIAN_POINT('',(-25.10861002512,-126.4584690164));
#1384 = CARTESIAN_POINT('',(-37.47819869056,-123.6396315612));
#1385 = CARTESIAN_POINT('',(-49.47512933199,-119.4435282331));
#1386 = CARTESIAN_POINT('',(-60.92533345936,-113.9275103411));
#1387 = CARTESIAN_POINT('',(-71.6651725651,-107.1741093948));
#1388 = CARTESIAN_POINT('',(-81.54086253422,-99.28928469855));
#1389 = CARTESIAN_POINT('',(-99.28928469853,-81.54086253425));
#1390 = CARTESIAN_POINT('',(-107.1741093948,-71.66517256512));
#1391 = CARTESIAN_POINT('',(-113.9275103411,-60.9253334594));
#1392 = CARTESIAN_POINT('',(-119.4435282331,-49.475129332));
#1393 = CARTESIAN_POINT('',(-123.6396315611,-37.47819869062));
#1394 = CARTESIAN_POINT('',(-126.4584690164,-25.10861002513));
#1395 = CARTESIAN_POINT('',(-127.8662233512,-12.55002966774));
#1396 = CARTESIAN_POINT('',(-127.8662233512,12.550029667638));
#1397 = CARTESIAN_POINT('',(-126.4584690163,25.108610025408));
#1398 = CARTESIAN_POINT('',(-123.6396315614,37.478198689938));
#1399 = CARTESIAN_POINT('',(-119.4435282328,49.475129332785));
#1400 = CARTESIAN_POINT('',(-113.9275103415,60.925333458749));
#1401 = CARTESIAN_POINT('',(-107.1741093947,71.66517256538));
#1402 = CARTESIAN_POINT('',(-99.28928469859,81.540862534166));
#1403 = CARTESIAN_POINT('',(-81.54086253432,99.28928469847));
#1404 = CARTESIAN_POINT('',(-71.66517256483,107.1741093951));
#1405 = CARTESIAN_POINT('',(-60.92533345997,113.9275103407));
#1406 = CARTESIAN_POINT('',(-49.47512933134,119.44352823367));
#1407 = CARTESIAN_POINT('',(-37.47819869107,123.63963156083));
#1408 = CARTESIAN_POINT('',(-25.10861002494,126.45846901654));
#1409 = CARTESIAN_POINT('',(-12.55002966777,127.86622335123));
#1410 = CARTESIAN_POINT('',(12.550029667663,127.86622335119));
#1411 = CARTESIAN_POINT('',(25.108610025351,126.45846901674));
#1412 = CARTESIAN_POINT('',(37.478198690003,123.63963156048));
#1413 = CARTESIAN_POINT('',(49.475129332726,119.44352823407));
#1414 = CARTESIAN_POINT('',(60.925333458831,113.92751034047));
#1415 = CARTESIAN_POINT('',(71.665172565312,107.1741093952));
#1416 = CARTESIAN_POINT('',(81.540862534192,99.289284698476));
#1417 = CARTESIAN_POINT('',(99.28928469866,81.540862534193));
#1418 = CARTESIAN_POINT('',(107.17410939432,71.66517256541));
#1419 = CARTESIAN_POINT('',(113.92751034224,60.925333458717));
#1420 = CARTESIAN_POINT('',(119.44352823191,49.4751293329));
#1421 = CARTESIAN_POINT('',(123.63963156206,37.478198689901));
#1422 = CARTESIAN_POINT('',(126.45846901605,25.108610025438));
#1423 = CARTESIAN_POINT('',(127.86622335133,12.550029667659));
#1424 = CARTESIAN_POINT('',(127.86622289566,-2.84217094304E-14));
#1425 = ( GEOMETRIC_REPRESENTATION_CONTEXT(2) 
PARAMETRIC_REPRESENTATION_CONTEXT() REPRESENTATION_CONTEXT('2D SPACE',''
  ) );
#1426 = PCURVE('',#1107,#1427);
#1427 = DEFINITIONAL_REPRESENTATION('',(#1428),#1487);
#1428 = B_SPLINE_CURVE_WITH_KNOTS('',8,(#1429,#1430,#1431,#1432,#1433,
    #1434,#1435,#1436,#1437,#1438,#1439,#1440,#1441,#1442,#1443,#1444,
    #1445,#1446,#1447,#1448,#1449,#1450,#1451,#1452,#1453,#1454,#1455,
    #1456,#1457,#1458,#1459,#1460,#1461,#1462,#1463,#1464,#1465,#1466,
    #1467,#1468,#1469,#1470,#1471,#1472,#1473,#1474,#1475,#1476,#1477,
    #1478,#1479,#1480,#1481,#1482,#1483,#1484,#1485,#1486),
  .UNSPECIFIED.,.F.,.F.,(9,7,7,7,7,7,7,7,9),(0.,0.124999999998,
    0.249999999997,0.374999999998,0.5,0.625000000002,0.750000000002,
    0.875,1.),.UNSPECIFIED.);
#1429 = CARTESIAN_POINT('',(6.28318530718,215.52864250794));
#1430 = CARTESIAN_POINT('',(6.18503559898,215.52864250794));
#1431 = CARTESIAN_POINT('',(6.086819199554,215.52864250794));
#1432 = CARTESIAN_POINT('',(5.988639305215,215.52864250794));
#1433 = CARTESIAN_POINT('',(5.8904862255,215.52864250794));
#1434 = CARTESIAN_POINT('',(5.792333145718,215.52864250794));
#1435 = CARTESIAN_POINT('',(5.694153251421,215.52864250794));
#1436 = CARTESIAN_POINT('',(5.595936851979,215.52864250794));
#1437 = CARTESIAN_POINT('',(5.399637435584,215.52864250794));
#1438 = CARTESIAN_POINT('',(5.30142103615,215.52864250794));
#1439 = CARTESIAN_POINT('',(5.203241141828,215.52864250794));
#1440 = CARTESIAN_POINT('',(5.105088062093,215.52864250794));
#1441 = CARTESIAN_POINT('',(5.006934982325,215.52864250794));
#1442 = CARTESIAN_POINT('',(4.908755088023,215.52864250794));
#1443 = CARTESIAN_POINT('',(4.810538688582,215.52864250794));
#1444 = CARTESIAN_POINT('',(4.614239272186,215.52864250794));
#1445 = CARTESIAN_POINT('',(4.516022872753,215.52864250794));
#1446 = CARTESIAN_POINT('',(4.41784297843,215.52864250794));
#1447 = CARTESIAN_POINT('',(4.319689898694,215.52864250794));
#1448 = CARTESIAN_POINT('',(4.22153681893,215.52864250794));
#1449 = CARTESIAN_POINT('',(4.123356924624,215.52864250794));
#1450 = CARTESIAN_POINT('',(4.025140525185,215.52864250794));
#1451 = CARTESIAN_POINT('',(3.828841108789,215.52864250794));
#1452 = CARTESIAN_POINT('',(3.730624709355,215.52864250794));
#1453 = CARTESIAN_POINT('',(3.632444815034,215.52864250794));
#1454 = CARTESIAN_POINT('',(3.534291735295,215.52864250794));
#1455 = CARTESIAN_POINT('',(3.436138655533,215.52864250794));
#1456 = CARTESIAN_POINT('',(3.337958761227,215.52864250794));
#1457 = CARTESIAN_POINT('',(3.239742361787,215.52864250794));
#1458 = CARTESIAN_POINT('',(3.043442945393,215.52864250794));
#1459 = CARTESIAN_POINT('',(2.945226545952,215.52864250794));
#1460 = CARTESIAN_POINT('',(2.84704665165,215.52864250794));
#1461 = CARTESIAN_POINT('',(2.748893571882,215.52864250794));
#1462 = CARTESIAN_POINT('',(2.650740492148,215.52864250794));
#1463 = CARTESIAN_POINT('',(2.552560597824,215.52864250794));
#1464 = CARTESIAN_POINT('',(2.454344198391,215.52864250794));
#1465 = CARTESIAN_POINT('',(2.258044781996,215.52864250794));
#1466 = CARTESIAN_POINT('',(2.159828382553,215.52864250794));
#1467 = CARTESIAN_POINT('',(2.061648488255,215.52864250794));
#1468 = CARTESIAN_POINT('',(1.963495408481,215.52864250794));
#1469 = CARTESIAN_POINT('',(1.865342328752,215.52864250794));
#1470 = CARTESIAN_POINT('',(1.767162434426,215.52864250794));
#1471 = CARTESIAN_POINT('',(1.668946034994,215.52864250794));
#1472 = CARTESIAN_POINT('',(1.472646618597,215.52864250794));
#1473 = CARTESIAN_POINT('',(1.374430219161,215.52864250794));
#1474 = CARTESIAN_POINT('',(1.276250324847,215.52864250794));
#1475 = CARTESIAN_POINT('',(1.178097245096,215.52864250794));
#1476 = CARTESIAN_POINT('',(1.079944165345,215.52864250794));
#1477 = CARTESIAN_POINT('',(0.981764271032,215.52864250794));
#1478 = CARTESIAN_POINT('',(0.883547871595,215.52864250794));
#1479 = CARTESIAN_POINT('',(0.687248455199,215.52864250794));
#1480 = CARTESIAN_POINT('',(0.589032055768,215.52864250794));
#1481 = CARTESIAN_POINT('',(0.490852161439,215.52864250794));
#1482 = CARTESIAN_POINT('',(0.392699081712,215.52864250794));
#1483 = CARTESIAN_POINT('',(0.294546001938,215.52864250794));
#1484 = CARTESIAN_POINT('',(0.196366107639,215.52864250794));
#1485 = CARTESIAN_POINT('',(9.814970819695E-02,215.52864250794));
#1486 = CARTESIAN_POINT('',(0.,215.52864250794));
#1487 = ( GEOMETRIC_REPRESENTATION_CONTEXT(2) 
PARAMETRIC_REPRESENTATION_CONTEXT() REPRESENTATION_CONTEXT('2D SPACE',''
  ) );
#1488 = ORIENTED_EDGE('',*,*,#1489,.F.);
#1489 = EDGE_CURVE('',#1490,#1302,#1492,.T.);
#1490 = VERTEX_POINT('',#1491);
#1491 = CARTESIAN_POINT('',(121.95762426972,9.,147.));
#1492 = SURFACE_CURVE('',#1493,(#1497,#1504),.PCURVE_S1.);
#1493 = LINE('',#1494,#1495);
#1494 = CARTESIAN_POINT('',(121.95762426972,9.,147.));
#1495 = VECTOR('',#1496,1.);
#1496 = DIRECTION('',(1.,-2.22044604925E-16,0.));
#1497 = PCURVE('',#511,#1498);
#1498 = DEFINITIONAL_REPRESENTATION('',(#1499),#1503);
#1499 = LINE('',#1500,#1501);
#1500 = CARTESIAN_POINT('',(121.95762426972,9.));
#1501 = VECTOR('',#1502,1.);
#1502 = DIRECTION('',(1.,-2.22044604925E-16));
#1503 = ( GEOMETRIC_REPRESENTATION_CONTEXT(2) 
PARAMETRIC_REPRESENTATION_CONTEXT() REPRESENTATION_CONTEXT('2D SPACE',''
  ) );
#1504 = PCURVE('',#1505,#1510);
#1505 = PLANE('',#1506);
#1506 = AXIS2_PLACEMENT_3D('',#1507,#1508,#1509);
#1507 = CARTESIAN_POINT('',(121.95762426972,9.,138.));
#1508 = DIRECTION('',(-2.22044604925E-16,-1.,0.));
#1509 = DIRECTION('',(0.,0.,1.));
#1510 = DEFINITIONAL_REPRESENTATION('',(#1511),#1515);
#1511 = LINE('',#1512,#1513);
#1512 = CARTESIAN_POINT('',(9.,0.));
#1513 = VECTOR('',#1514,1.);
#1514 = DIRECTION('',(0.,-1.));
#1515 = ( GEOMETRIC_REPRESENTATION_CONTEXT(2) 
PARAMETRIC_REPRESENTATION_CONTEXT() REPRESENTATION_CONTEXT('2D SPACE',''
  ) );
#1516 = ORIENTED_EDGE('',*,*,#1517,.T.);
#1517 = EDGE_CURVE('',#1490,#1518,#1520,.T.);
#1518 = VERTEX_POINT('',#1519);
#1519 = CARTESIAN_POINT('',(121.95762426972,-9.,147.));
#1520 = SURFACE_CURVE('',#1521,(#1525,#1532),.PCURVE_S1.);
#1521 = LINE('',#1522,#1523);
#1522 = CARTESIAN_POINT('',(121.95762426972,9.,147.));
#1523 = VECTOR('',#1524,1.);
#1524 = DIRECTION('',(-2.22044604925E-16,-1.,0.));
#1525 = PCURVE('',#511,#1526);
#1526 = DEFINITIONAL_REPRESENTATION('',(#1527),#1531);
#1527 = LINE('',#1528,#1529);
#1528 = CARTESIAN_POINT('',(121.95762426972,9.));
#1529 = VECTOR('',#1530,1.);
#1530 = DIRECTION('',(-2.22044604925E-16,-1.));
#1531 = ( GEOMETRIC_REPRESENTATION_CONTEXT(2) 
PARAMETRIC_REPRESENTATION_CONTEXT() REPRESENTATION_CONTEXT('2D SPACE',''
  ) );
#1532 = PCURVE('',#1533,#1538);
#1533 = PLANE('',#1534);
#1534 = AXIS2_PLACEMENT_3D('',#1535,#1536,#1537);
#1535 = CARTESIAN_POINT('',(121.95762426972,9.,138.));
#1536 = DIRECTION('',(1.,-2.22044604925E-16,0.));
#1537 = DIRECTION('',(0.,0.,1.));
#1538 = DEFINITIONAL_REPRESENTATION('',(#1539),#1543);
#1539 = LINE('',#1540,#1541);
#1540 = CARTESIAN_POINT('',(9.,0.));
#1541 = VECTOR('',#1542,1.);
#1542 = DIRECTION('',(0.,1.));
#1543 = ( GEOMETRIC_REPRESENTATION_CONTEXT(2) 
PARAMETRIC_REPRESENTATION_CONTEXT() REPRESENTATION_CONTEXT('2D SPACE',''
  ) );
#1544 = ORIENTED_EDGE('',*,*,#1545,.T.);
#1545 = EDGE_CURVE('',#1518,#1546,#1548,.T.);
#1546 = VERTEX_POINT('',#1547);
#1547 = CARTESIAN_POINT('',(127.549092324,-8.999999999998,147.));
#1548 = SURFACE_CURVE('',#1549,(#1553,#1560),.PCURVE_S1.);
#1549 = LINE('',#1550,#1551);
#1550 = CARTESIAN_POINT('',(121.95762426972,-9.,147.));
#1551 = VECTOR('',#1552,1.);
#1552 = DIRECTION('',(1.,-2.22044604925E-16,0.));
#1553 = PCURVE('',#511,#1554);
#1554 = DEFINITIONAL_REPRESENTATION('',(#1555),#1559);
#1555 = LINE('',#1556,#1557);
#1556 = CARTESIAN_POINT('',(121.95762426972,-9.));
#1557 = VECTOR('',#1558,1.);
#1558 = DIRECTION('',(1.,-2.22044604925E-16));
#1559 = ( GEOMETRIC_REPRESENTATION_CONTEXT(2) 
PARAMETRIC_REPRESENTATION_CONTEXT() REPRESENTATION_CONTEXT('2D SPACE',''
  ) );
#1560 = PCURVE('',#1561,#1566);
#1561 = PLANE('',#1562);
#1562 = AXIS2_PLACEMENT_3D('',#1563,#1564,#1565);
#1563 = CARTESIAN_POINT('',(121.95762426972,-9.,138.));
#1564 = DIRECTION('',(-2.22044604925E-16,-1.,0.));
#1565 = DIRECTION('',(0.,0.,1.));
#1566 = DEFINITIONAL_REPRESENTATION('',(#1567),#1571);
#1567 = LINE('',#1568,#1569);
#1568 = CARTESIAN_POINT('',(9.,0.));
#1569 = VECTOR('',#1570,1.);
#1570 = DIRECTION('',(0.,-1.));
#1571 = ( GEOMETRIC_REPRESENTATION_CONTEXT(2) 
PARAMETRIC_REPRESENTATION_CONTEXT() REPRESENTATION_CONTEXT('2D SPACE',''
  ) );
#1572 = ORIENTED_EDGE('',*,*,#1573,.T.);
#1573 = EDGE_CURVE('',#1546,#1574,#1576,.T.);
#1574 = VERTEX_POINT('',#1575);
#1575 = CARTESIAN_POINT('',(-55.98031754001,-114.9607542031,147.));
#1576 = SURFACE_CURVE('',#1577,(#1636,#1698),.PCURVE_S1.);
#1577 = B_SPLINE_CURVE_WITH_KNOTS('',8,(#1578,#1579,#1580,#1581,#1582,
    #1583,#1584,#1585,#1586,#1587,#1588,#1589,#1590,#1591,#1592,#1593,
    #1594,#1595,#1596,#1597,#1598,#1599,#1600,#1601,#1602,#1603,#1604,
    #1605,#1606,#1607,#1608,#1609,#1610,#1611,#1612,#1613,#1614,#1615,
    #1616,#1617,#1618,#1619,#1620,#1621,#1622,#1623,#1624,#1625,#1626,
    #1627,#1628,#1629,#1630,#1631,#1632,#1633,#1634,#1635),
  .UNSPECIFIED.,.T.,.F.,(9,7,7,7,7,7,7,7,9),(0.,0.124999999998,
    0.249999999997,0.374999999998,0.5,0.625000000002,0.750000000002,
    0.875,1.),.UNSPECIFIED.);
#1578 = CARTESIAN_POINT('',(127.86622289566,-3.116428197783E-14,147.));
#1579 = CARTESIAN_POINT('',(127.86622335128,-12.55002966769,147.));
#1580 = CARTESIAN_POINT('',(126.45846901629,-25.10861002523,147.));
#1581 = CARTESIAN_POINT('',(123.63963156146,-37.47819869033,147.));
#1582 = CARTESIAN_POINT('',(119.44352823278,-49.47512933235,147.));
#1583 = CARTESIAN_POINT('',(113.9275103415,-60.92533345905,147.));
#1584 = CARTESIAN_POINT('',(107.1741093947,-71.66517256528,147.));
#1585 = CARTESIAN_POINT('',(99.289284698589,-81.54086253418,147.));
#1586 = CARTESIAN_POINT('',(81.540862534286,-99.2892846985,147.));
#1587 = CARTESIAN_POINT('',(71.665172564949,-107.1741093949,147.));
#1588 = CARTESIAN_POINT('',(60.92533345969,-113.9275103409,147.));
#1589 = CARTESIAN_POINT('',(49.475129331738,-119.4435282334,147.));
#1590 = CARTESIAN_POINT('',(37.478198690726,-123.639631561,147.));
#1591 = CARTESIAN_POINT('',(25.108610025113,-126.4584690164,147.));
#1592 = CARTESIAN_POINT('',(12.550029667734,-127.8662233512,147.));
#1593 = CARTESIAN_POINT('',(-12.5500296677,-127.8662233512,147.));
#1594 = CARTESIAN_POINT('',(-25.10861002512,-126.4584690164,147.));
#1595 = CARTESIAN_POINT('',(-37.47819869056,-123.6396315612,147.));
#1596 = CARTESIAN_POINT('',(-49.47512933199,-119.4435282331,147.));
#1597 = CARTESIAN_POINT('',(-60.92533345936,-113.9275103411,147.));
#1598 = CARTESIAN_POINT('',(-71.6651725651,-107.1741093948,147.));
#1599 = CARTESIAN_POINT('',(-81.54086253422,-99.28928469855,147.));
#1600 = CARTESIAN_POINT('',(-99.28928469853,-81.54086253425,147.));
#1601 = CARTESIAN_POINT('',(-107.1741093948,-71.66517256512,147.));
#1602 = CARTESIAN_POINT('',(-113.9275103411,-60.9253334594,147.));
#1603 = CARTESIAN_POINT('',(-119.4435282331,-49.475129332,147.));
#1604 = CARTESIAN_POINT('',(-123.6396315611,-37.47819869062,147.));
#1605 = CARTESIAN_POINT('',(-126.4584690164,-25.10861002513,147.));
#1606 = CARTESIAN_POINT('',(-127.8662233512,-12.55002966773,147.));
#1607 = CARTESIAN_POINT('',(-127.8662233512,12.550029667638,147.));
#1608 = CARTESIAN_POINT('',(-126.4584690163,25.108610025408,147.));
#1609 = CARTESIAN_POINT('',(-123.6396315614,37.478198689938,147.));
#1610 = CARTESIAN_POINT('',(-119.4435282328,49.475129332785,147.));
#1611 = CARTESIAN_POINT('',(-113.9275103415,60.925333458749,147.));
#1612 = CARTESIAN_POINT('',(-107.1741093947,71.66517256538,147.));
#1613 = CARTESIAN_POINT('',(-99.28928469859,81.540862534166,147.));
#1614 = CARTESIAN_POINT('',(-81.54086253432,99.28928469847,147.));
#1615 = CARTESIAN_POINT('',(-71.66517256483,107.1741093951,147.));
#1616 = CARTESIAN_POINT('',(-60.92533345997,113.9275103407,147.));
#1617 = CARTESIAN_POINT('',(-49.47512933134,119.44352823367,147.));
#1618 = CARTESIAN_POINT('',(-37.47819869107,123.63963156083,147.));
#1619 = CARTESIAN_POINT('',(-25.10861002494,126.45846901654,147.));
#1620 = CARTESIAN_POINT('',(-12.55002966777,127.86622335123,147.));
#1621 = CARTESIAN_POINT('',(12.550029667663,127.86622335119,147.));
#1622 = CARTESIAN_POINT('',(25.108610025351,126.45846901674,147.));
#1623 = CARTESIAN_POINT('',(37.478198690003,123.63963156048,147.));
#1624 = CARTESIAN_POINT('',(49.475129332726,119.44352823407,147.));
#1625 = CARTESIAN_POINT('',(60.925333458831,113.92751034047,147.));
#1626 = CARTESIAN_POINT('',(71.665172565312,107.1741093952,147.));
#1627 = CARTESIAN_POINT('',(81.540862534192,99.289284698476,147.));
#1628 = CARTESIAN_POINT('',(99.28928469866,81.540862534193,147.));
#1629 = CARTESIAN_POINT('',(107.17410939432,71.66517256541,147.));
#1630 = CARTESIAN_POINT('',(113.92751034224,60.925333458717,147.));
#1631 = CARTESIAN_POINT('',(119.44352823191,49.4751293329,147.));
#1632 = CARTESIAN_POINT('',(123.63963156206,37.478198689901,147.));
#1633 = CARTESIAN_POINT('',(126.45846901605,25.108610025438,147.));
#1634 = CARTESIAN_POINT('',(127.86622335133,12.550029667659,147.));
#1635 = CARTESIAN_POINT('',(127.86622289566,-2.742572547424E-15,147.));
#1636 = PCURVE('',#511,#1637);
#1637 = DEFINITIONAL_REPRESENTATION('',(#1638),#1697);
#1638 = B_SPLINE_CURVE_WITH_KNOTS('',8,(#1639,#1640,#1641,#1642,#1643,
    #1644,#1645,#1646,#1647,#1648,#1649,#1650,#1651,#1652,#1653,#1654,
    #1655,#1656,#1657,#1658,#1659,#1660,#1661,#1662,#1663,#1664,#1665,
    #1666,#1667,#1668,#1669,#1670,#1671,#1672,#1673,#1674,#1675,#1676,
    #1677,#1678,#1679,#1680,#1681,#1682,#1683,#1684,#1685,#1686,#1687,
    #1688,#1689,#1690,#1691,#1692,#1693,#1694,#1695,#1696),
  .UNSPECIFIED.,.F.,.F.,(9,7,7,7,7,7,7,7,9),(0.,0.124999999998,
    0.249999999997,0.374999999998,0.5,0.625000000002,0.750000000002,
    0.875,1.),.UNSPECIFIED.);
#1639 = CARTESIAN_POINT('',(127.86622289566,-5.684341886081E-14));
#1640 = CARTESIAN_POINT('',(127.86622335128,-12.55002966769));
#1641 = CARTESIAN_POINT('',(126.45846901629,-25.10861002523));
#1642 = CARTESIAN_POINT('',(123.63963156146,-37.47819869033));
#1643 = CARTESIAN_POINT('',(119.44352823278,-49.47512933235));
#1644 = CARTESIAN_POINT('',(113.9275103415,-60.92533345905));
#1645 = CARTESIAN_POINT('',(107.1741093947,-71.66517256528));
#1646 = CARTESIAN_POINT('',(99.289284698589,-81.54086253418));
#1647 = CARTESIAN_POINT('',(81.540862534287,-99.2892846985));
#1648 = CARTESIAN_POINT('',(71.665172564949,-107.1741093949));
#1649 = CARTESIAN_POINT('',(60.92533345969,-113.9275103409));
#1650 = CARTESIAN_POINT('',(49.475129331738,-119.4435282334));
#1651 = CARTESIAN_POINT('',(37.478198690726,-123.639631561));
#1652 = CARTESIAN_POINT('',(25.108610025113,-126.4584690164));
#1653 = CARTESIAN_POINT('',(12.550029667734,-127.8662233512));
#1654 = CARTESIAN_POINT('',(-12.5500296677,-127.8662233512));
#1655 = CARTESIAN_POINT('',(-25.10861002512,-126.4584690164));
#1656 = CARTESIAN_POINT('',(-37.47819869056,-123.6396315612));
#1657 = CARTESIAN_POINT('',(-49.47512933199,-119.4435282331));
#1658 = CARTESIAN_POINT('',(-60.92533345936,-113.9275103411));
#1659 = CARTESIAN_POINT('',(-71.6651725651,-107.1741093948));
#1660 = CARTESIAN_POINT('',(-81.54086253422,-99.28928469855));
#1661 = CARTESIAN_POINT('',(-99.28928469853,-81.54086253425));
#1662 = CARTESIAN_POINT('',(-107.1741093948,-71.66517256512));
#1663 = CARTESIAN_POINT('',(-113.9275103411,-60.9253334594));
#1664 = CARTESIAN_POINT('',(-119.4435282331,-49.475129332));
#1665 = CARTESIAN_POINT('',(-123.6396315611,-37.47819869062));
#1666 = CARTESIAN_POINT('',(-126.4584690164,-25.10861002513));
#1667 = CARTESIAN_POINT('',(-127.8662233512,-12.55002966774));
#1668 = CARTESIAN_POINT('',(-127.8662233512,12.550029667638));
#1669 = CARTESIAN_POINT('',(-126.4584690163,25.108610025408));
#1670 = CARTESIAN_POINT('',(-123.6396315614,37.478198689938));
#1671 = CARTESIAN_POINT('',(-119.4435282328,49.475129332785));
#1672 = CARTESIAN_POINT('',(-113.9275103415,60.925333458749));
#1673 = CARTESIAN_POINT('',(-107.1741093947,71.66517256538));
#1674 = CARTESIAN_POINT('',(-99.28928469859,81.540862534166));
#1675 = CARTESIAN_POINT('',(-81.54086253432,99.28928469847));
#1676 = CARTESIAN_POINT('',(-71.66517256483,107.1741093951));
#1677 = CARTESIAN_POINT('',(-60.92533345997,113.9275103407));
#1678 = CARTESIAN_POINT('',(-49.47512933134,119.44352823367));
#1679 = CARTESIAN_POINT('',(-37.47819869107,123.63963156083));
#1680 = CARTESIAN_POINT('',(-25.10861002494,126.45846901654));
#1681 = CARTESIAN_POINT('',(-12.55002966777,127.86622335123));
#1682 = CARTESIAN_POINT('',(12.550029667663,127.86622335119));
#1683 = CARTESIAN_POINT('',(25.108610025351,126.45846901674));
#1684 = CARTESIAN_POINT('',(37.478198690003,123.63963156048));
#1685 = CARTESIAN_POINT('',(49.475129332726,119.44352823407));
#1686 = CARTESIAN_POINT('',(60.925333458831,113.92751034047));
#1687 = CARTESIAN_POINT('',(71.665172565312,107.1741093952));
#1688 = CARTESIAN_POINT('',(81.540862534192,99.289284698476));
#1689 = CARTESIAN_POINT('',(99.28928469866,81.540862534193));
#1690 = CARTESIAN_POINT('',(107.17410939432,71.66517256541));
#1691 = CARTESIAN_POINT('',(113.92751034224,60.925333458717));
#1692 = CARTESIAN_POINT('',(119.44352823191,49.4751293329));
#1693 = CARTESIAN_POINT('',(123.63963156206,37.478198689901));
#1694 = CARTESIAN_POINT('',(126.45846901605,25.108610025438));
#1695 = CARTESIAN_POINT('',(127.86622335133,12.550029667659));
#1696 = CARTESIAN_POINT('',(127.86622289566,-2.84217094304E-14));
#1697 = ( GEOMETRIC_REPRESENTATION_CONTEXT(2) 
PARAMETRIC_REPRESENTATION_CONTEXT() REPRESENTATION_CONTEXT('2D SPACE',''
  ) );
#1698 = PCURVE('',#1107,#1699);
#1699 = DEFINITIONAL_REPRESENTATION('',(#1700),#1759);
#1700 = B_SPLINE_CURVE_WITH_KNOTS('',8,(#1701,#1702,#1703,#1704,#1705,
    #1706,#1707,#1708,#1709,#1710,#1711,#1712,#1713,#1714,#1715,#1716,
    #1717,#1718,#1719,#1720,#1721,#1722,#1723,#1724,#1725,#1726,#1727,
    #1728,#1729,#1730,#1731,#1732,#1733,#1734,#1735,#1736,#1737,#1738,
    #1739,#1740,#1741,#1742,#1743,#1744,#1745,#1746,#1747,#1748,#1749,
    #1750,#1751,#1752,#1753,#1754,#1755,#1756,#1757,#1758),
  .UNSPECIFIED.,.F.,.F.,(9,7,7,7,7,7,7,7,9),(0.,0.124999999998,
    0.249999999997,0.374999999998,0.5,0.625000000002,0.750000000002,
    0.875,1.),.UNSPECIFIED.);
#1701 = CARTESIAN_POINT('',(6.28318530718,215.52864250794));
#1702 = CARTESIAN_POINT('',(6.18503559898,215.52864250794));
#1703 = CARTESIAN_POINT('',(6.086819199554,215.52864250794));
#1704 = CARTESIAN_POINT('',(5.988639305215,215.52864250794));
#1705 = CARTESIAN_POINT('',(5.8904862255,215.52864250794));
#1706 = CARTESIAN_POINT('',(5.792333145718,215.52864250794));
#1707 = CARTESIAN_POINT('',(5.694153251421,215.52864250794));
#1708 = CARTESIAN_POINT('',(5.595936851979,215.52864250794));
#1709 = CARTESIAN_POINT('',(5.399637435584,215.52864250794));
#1710 = CARTESIAN_POINT('',(5.30142103615,215.52864250794));
#1711 = CARTESIAN_POINT('',(5.203241141828,215.52864250794));
#1712 = CARTESIAN_POINT('',(5.105088062093,215.52864250794));
#1713 = CARTESIAN_POINT('',(5.006934982325,215.52864250794));
#1714 = CARTESIAN_POINT('',(4.908755088023,215.52864250794));
#1715 = CARTESIAN_POINT('',(4.810538688582,215.52864250794));
#1716 = CARTESIAN_POINT('',(4.614239272186,215.52864250794));
#1717 = CARTESIAN_POINT('',(4.516022872753,215.52864250794));
#1718 = CARTESIAN_POINT('',(4.41784297843,215.52864250794));
#1719 = CARTESIAN_POINT('',(4.319689898694,215.52864250794));
#1720 = CARTESIAN_POINT('',(4.22153681893,215.52864250794));
#1721 = CARTESIAN_POINT('',(4.123356924624,215.52864250794));
#1722 = CARTESIAN_POINT('',(4.025140525185,215.52864250794));
#1723 = CARTESIAN_POINT('',(3.828841108789,215.52864250794));
#1724 = CARTESIAN_POINT('',(3.730624709355,215.52864250794));
#1725 = CARTESIAN_POINT('',(3.632444815034,215.52864250794));
#1726 = CARTESIAN_POINT('',(3.534291735295,215.52864250794));
#1727 = CARTESIAN_POINT('',(3.436138655533,215.52864250794));
#1728 = CARTESIAN_POINT('',(3.337958761227,215.52864250794));
#1729 = CARTESIAN_POINT('',(3.239742361787,215.52864250794));
#1730 = CARTESIAN_POINT('',(3.043442945393,215.52864250794));
#1731 = CARTESIAN_POINT('',(2.945226545952,215.52864250794));
#1732 = CARTESIAN_POINT('',(2.84704665165,215.52864250794));
#1733 = CARTESIAN_POINT('',(2.748893571882,215.52864250794));
#1734 = CARTESIAN_POINT('',(2.650740492148,215.52864250794));
#1735 = CARTESIAN_POINT('',(2.552560597824,215.52864250794));
#1736 = CARTESIAN_POINT('',(2.454344198391,215.52864250794));
#1737 = CARTESIAN_POINT('',(2.258044781996,215.52864250794));
#1738 = CARTESIAN_POINT('',(2.159828382553,215.52864250794));
#1739 = CARTESIAN_POINT('',(2.061648488255,215.52864250794));
#1740 = CARTESIAN_POINT('',(1.963495408481,215.52864250794));
#1741 = CARTESIAN_POINT('',(1.865342328752,215.52864250794));
#1742 = CARTESIAN_POINT('',(1.767162434426,215.52864250794));
#1743 = CARTESIAN_POINT('',(1.668946034994,215.52864250794));
#1744 = CARTESIAN_POINT('',(1.472646618597,215.52864250794));
#1745 = CARTESIAN_POINT('',(1.374430219161,215.52864250794));
#1746 = CARTESIAN_POINT('',(1.276250324847,215.52864250794));
#1747 = CARTESIAN_POINT('',(1.178097245096,215.52864250794));
#1748 = CARTESIAN_POINT('',(1.079944165345,215.52864250794));
#1749 = CARTESIAN_POINT('',(0.981764271032,215.52864250794));
#1750 = CARTESIAN_POINT('',(0.883547871595,215.52864250794));
#1751 = CARTESIAN_POINT('',(0.687248455199,215.52864250794));
#1752 = CARTESIAN_POINT('',(0.589032055768,215.52864250794));
#1753 = CARTESIAN_POINT('',(0.490852161439,215.52864250794));
#1754 = CARTESIAN_POINT('',(0.392699081712,215.52864250794));
#1755 = CARTESIAN_POINT('',(0.294546001938,215.52864250794));
#1756 = CARTESIAN_POINT('',(0.196366107639,215.52864250794));
#1757 = CARTESIAN_POINT('',(9.814970819695E-02,215.52864250794));
#1758 = CARTESIAN_POINT('',(0.,215.52864250794));
#1759 = ( GEOMETRIC_REPRESENTATION_CONTEXT(2) 
PARAMETRIC_REPRESENTATION_CONTEXT() REPRESENTATION_CONTEXT('2D SPACE',''
  ) );
#1760 = ORIENTED_EDGE('',*,*,#1761,.F.);
#1761 = EDGE_CURVE('',#1762,#1574,#1764,.T.);
#1762 = VERTEX_POINT('',#1763);
#1763 = CARTESIAN_POINT('',(-53.1845835008,-110.1184008027,147.));
#1764 = SURFACE_CURVE('',#1765,(#1769,#1776),.PCURVE_S1.);
#1765 = LINE('',#1766,#1767);
#1766 = CARTESIAN_POINT('',(-53.1845835008,-110.1184008027,147.));
#1767 = VECTOR('',#1768,1.);
#1768 = DIRECTION('',(-0.5,-0.866025403784,0.));
#1769 = PCURVE('',#511,#1770);
#1770 = DEFINITIONAL_REPRESENTATION('',(#1771),#1775);
#1771 = LINE('',#1772,#1773);
#1772 = CARTESIAN_POINT('',(-53.1845835008,-110.1184008027));
#1773 = VECTOR('',#1774,1.);
#1774 = DIRECTION('',(-0.5,-0.866025403784));
#1775 = ( GEOMETRIC_REPRESENTATION_CONTEXT(2) 
PARAMETRIC_REPRESENTATION_CONTEXT() REPRESENTATION_CONTEXT('2D SPACE',''
  ) );
#1776 = PCURVE('',#1777,#1782);
#1777 = PLANE('',#1778);
#1778 = AXIS2_PLACEMENT_3D('',#1779,#1780,#1781);
#1779 = CARTESIAN_POINT('',(-53.1845835008,-110.1184008027,138.));
#1780 = DIRECTION('',(-0.866025403784,0.5,0.));
#1781 = DIRECTION('',(0.,0.,1.));
#1782 = DEFINITIONAL_REPRESENTATION('',(#1783),#1787);
#1783 = LINE('',#1784,#1785);
#1784 = CARTESIAN_POINT('',(9.,0.));
#1785 = VECTOR('',#1786,1.);
#1786 = DIRECTION('',(0.,-1.));
#1787 = ( GEOMETRIC_REPRESENTATION_CONTEXT(2) 
PARAMETRIC_REPRESENTATION_CONTEXT() REPRESENTATION_CONTEXT('2D SPACE',''
  ) );
#1788 = ORIENTED_EDGE('',*,*,#1789,.T.);
#1789 = EDGE_CURVE('',#1762,#1790,#1792,.T.);
#1790 = VERTEX_POINT('',#1791);
#1791 = CARTESIAN_POINT('',(-68.77304076892,-101.1184008027,147.));
#1792 = SURFACE_CURVE('',#1793,(#1797,#1804),.PCURVE_S1.);
#1793 = LINE('',#1794,#1795);
#1794 = CARTESIAN_POINT('',(-53.1845835008,-110.1184008027,147.));
#1795 = VECTOR('',#1796,1.);
#1796 = DIRECTION('',(-0.866025403784,0.5,0.));
#1797 = PCURVE('',#511,#1798);
#1798 = DEFINITIONAL_REPRESENTATION('',(#1799),#1803);
#1799 = LINE('',#1800,#1801);
#1800 = CARTESIAN_POINT('',(-53.1845835008,-110.1184008027));
#1801 = VECTOR('',#1802,1.);
#1802 = DIRECTION('',(-0.866025403784,0.5));
#1803 = ( GEOMETRIC_REPRESENTATION_CONTEXT(2) 
PARAMETRIC_REPRESENTATION_CONTEXT() REPRESENTATION_CONTEXT('2D SPACE',''
  ) );
#1804 = PCURVE('',#1805,#1810);
#1805 = PLANE('',#1806);
#1806 = AXIS2_PLACEMENT_3D('',#1807,#1808,#1809);
#1807 = CARTESIAN_POINT('',(-53.1845835008,-110.1184008027,138.));
#1808 = DIRECTION('',(-0.5,-0.866025403784,0.));
#1809 = DIRECTION('',(0.,0.,1.));
#1810 = DEFINITIONAL_REPRESENTATION('',(#1811),#1815);
#1811 = LINE('',#1812,#1813);
#1812 = CARTESIAN_POINT('',(9.,0.));
#1813 = VECTOR('',#1814,1.);
#1814 = DIRECTION('',(0.,1.));
#1815 = ( GEOMETRIC_REPRESENTATION_CONTEXT(2) 
PARAMETRIC_REPRESENTATION_CONTEXT() REPRESENTATION_CONTEXT('2D SPACE',''
  ) );
#1816 = ORIENTED_EDGE('',*,*,#1817,.T.);
#1817 = EDGE_CURVE('',#1790,#1818,#1820,.T.);
#1818 = VERTEX_POINT('',#1819);
#1819 = CARTESIAN_POINT('',(-71.56877483634,-105.960754252,147.));
#1820 = SURFACE_CURVE('',#1821,(#1825,#1832),.PCURVE_S1.);
#1821 = LINE('',#1822,#1823);
#1822 = CARTESIAN_POINT('',(-68.77304076892,-101.1184008027,147.));
#1823 = VECTOR('',#1824,1.);
#1824 = DIRECTION('',(-0.5,-0.866025403784,0.));
#1825 = PCURVE('',#511,#1826);
#1826 = DEFINITIONAL_REPRESENTATION('',(#1827),#1831);
#1827 = LINE('',#1828,#1829);
#1828 = CARTESIAN_POINT('',(-68.77304076892,-101.1184008027));
#1829 = VECTOR('',#1830,1.);
#1830 = DIRECTION('',(-0.5,-0.866025403784));
#1831 = ( GEOMETRIC_REPRESENTATION_CONTEXT(2) 
PARAMETRIC_REPRESENTATION_CONTEXT() REPRESENTATION_CONTEXT('2D SPACE',''
  ) );
#1832 = PCURVE('',#1833,#1838);
#1833 = PLANE('',#1834);
#1834 = AXIS2_PLACEMENT_3D('',#1835,#1836,#1837);
#1835 = CARTESIAN_POINT('',(-68.77304076892,-101.1184008027,138.));
#1836 = DIRECTION('',(-0.866025403784,0.5,0.));
#1837 = DIRECTION('',(0.,0.,1.));
#1838 = DEFINITIONAL_REPRESENTATION('',(#1839),#1843);
#1839 = LINE('',#1840,#1841);
#1840 = CARTESIAN_POINT('',(9.,0.));
#1841 = VECTOR('',#1842,1.);
#1842 = DIRECTION('',(0.,-1.));
#1843 = ( GEOMETRIC_REPRESENTATION_CONTEXT(2) 
PARAMETRIC_REPRESENTATION_CONTEXT() REPRESENTATION_CONTEXT('2D SPACE',''
  ) );
#1844 = ORIENTED_EDGE('',*,*,#1845,.T.);
#1845 = EDGE_CURVE('',#1818,#1846,#1848,.T.);
#1846 = VERTEX_POINT('',#1847);
#1847 = CARTESIAN_POINT('',(-71.56877483634,105.96075425201,147.));
#1848 = SURFACE_CURVE('',#1849,(#1908,#1970),.PCURVE_S1.);
#1849 = B_SPLINE_CURVE_WITH_KNOTS('',8,(#1850,#1851,#1852,#1853,#1854,
    #1855,#1856,#1857,#1858,#1859,#1860,#1861,#1862,#1863,#1864,#1865,
    #1866,#1867,#1868,#1869,#1870,#1871,#1872,#1873,#1874,#1875,#1876,
    #1877,#1878,#1879,#1880,#1881,#1882,#1883,#1884,#1885,#1886,#1887,
    #1888,#1889,#1890,#1891,#1892,#1893,#1894,#1895,#1896,#1897,#1898,
    #1899,#1900,#1901,#1902,#1903,#1904,#1905,#1906,#1907),
  .UNSPECIFIED.,.T.,.F.,(9,7,7,7,7,7,7,7,9),(0.,0.124999999998,
    0.249999999997,0.374999999998,0.5,0.625000000002,0.750000000002,
    0.875,1.),.UNSPECIFIED.);
#1850 = CARTESIAN_POINT('',(127.86622289566,-3.116428197783E-14,147.));
#1851 = CARTESIAN_POINT('',(127.86622335128,-12.55002966769,147.));
#1852 = CARTESIAN_POINT('',(126.45846901629,-25.10861002523,147.));
#1853 = CARTESIAN_POINT('',(123.63963156146,-37.47819869033,147.));
#1854 = CARTESIAN_POINT('',(119.44352823278,-49.47512933235,147.));
#1855 = CARTESIAN_POINT('',(113.9275103415,-60.92533345905,147.));
#1856 = CARTESIAN_POINT('',(107.1741093947,-71.66517256528,147.));
#1857 = CARTESIAN_POINT('',(99.289284698589,-81.54086253418,147.));
#1858 = CARTESIAN_POINT('',(81.540862534286,-99.2892846985,147.));
#1859 = CARTESIAN_POINT('',(71.665172564949,-107.1741093949,147.));
#1860 = CARTESIAN_POINT('',(60.92533345969,-113.9275103409,147.));
#1861 = CARTESIAN_POINT('',(49.475129331738,-119.4435282334,147.));
#1862 = CARTESIAN_POINT('',(37.478198690726,-123.639631561,147.));
#1863 = CARTESIAN_POINT('',(25.108610025113,-126.4584690164,147.));
#1864 = CARTESIAN_POINT('',(12.550029667734,-127.8662233512,147.));
#1865 = CARTESIAN_POINT('',(-12.5500296677,-127.8662233512,147.));
#1866 = CARTESIAN_POINT('',(-25.10861002512,-126.4584690164,147.));
#1867 = CARTESIAN_POINT('',(-37.47819869056,-123.6396315612,147.));
#1868 = CARTESIAN_POINT('',(-49.47512933199,-119.4435282331,147.));
#1869 = CARTESIAN_POINT('',(-60.92533345936,-113.9275103411,147.));
#1870 = CARTESIAN_POINT('',(-71.6651725651,-107.1741093948,147.));
#1871 = CARTESIAN_POINT('',(-81.54086253422,-99.28928469855,147.));
#1872 = CARTESIAN_POINT('',(-99.28928469853,-81.54086253425,147.));
#1873 = CARTESIAN_POINT('',(-107.1741093948,-71.66517256512,147.));
#1874 = CARTESIAN_POINT('',(-113.9275103411,-60.9253334594,147.));
#1875 = CARTESIAN_POINT('',(-119.4435282331,-49.475129332,147.));
#1876 = CARTESIAN_POINT('',(-123.6396315611,-37.47819869062,147.));
#1877 = CARTESIAN_POINT('',(-126.4584690164,-25.10861002513,147.));
#1878 = CARTESIAN_POINT('',(-127.8662233512,-12.55002966773,147.));
#1879 = CARTESIAN_POINT('',(-127.8662233512,12.550029667638,147.));
#1880 = CARTESIAN_POINT('',(-126.4584690163,25.108610025408,147.));
#1881 = CARTESIAN_POINT('',(-123.6396315614,37.478198689938,147.));
#1882 = CARTESIAN_POINT('',(-119.4435282328,49.475129332785,147.));
#1883 = CARTESIAN_POINT('',(-113.9275103415,60.925333458749,147.));
#1884 = CARTESIAN_POINT('',(-107.1741093947,71.66517256538,147.));
#1885 = CARTESIAN_POINT('',(-99.28928469859,81.540862534166,147.));
#1886 = CARTESIAN_POINT('',(-81.54086253432,99.28928469847,147.));
#1887 = CARTESIAN_POINT('',(-71.66517256483,107.1741093951,147.));
#1888 = CARTESIAN_POINT('',(-60.92533345997,113.9275103407,147.));
#1889 = CARTESIAN_POINT('',(-49.47512933134,119.44352823367,147.));
#1890 = CARTESIAN_POINT('',(-37.47819869107,123.63963156083,147.));
#1891 = CARTESIAN_POINT('',(-25.10861002494,126.45846901654,147.));
#1892 = CARTESIAN_POINT('',(-12.55002966777,127.86622335123,147.));
#1893 = CARTESIAN_POINT('',(12.550029667663,127.86622335119,147.));
#1894 = CARTESIAN_POINT('',(25.108610025351,126.45846901674,147.));
#1895 = CARTESIAN_POINT('',(37.478198690003,123.63963156048,147.));
#1896 = CARTESIAN_POINT('',(49.475129332726,119.44352823407,147.));
#1897 = CARTESIAN_POINT('',(60.925333458831,113.92751034047,147.));
#1898 = CARTESIAN_POINT('',(71.665172565312,107.1741093952,147.));
#1899 = CARTESIAN_POINT('',(81.540862534192,99.289284698476,147.));
#1900 = CARTESIAN_POINT('',(99.28928469866,81.540862534193,147.));
#1901 = CARTESIAN_POINT('',(107.17410939432,71.66517256541,147.));
#1902 = CARTESIAN_POINT('',(113.92751034224,60.925333458717,147.));
#1903 = CARTESIAN_POINT('',(119.44352823191,49.4751293329,147.));
#1904 = CARTESIAN_POINT('',(123.63963156206,37.478198689901,147.));
#1905 = CARTESIAN_POINT('',(126.45846901605,25.108610025438,147.));
#1906 = CARTESIAN_POINT('',(127.86622335133,12.550029667659,147.));
#1907 = CARTESIAN_POINT('',(127.86622289566,-2.742572547424E-15,147.));
#1908 = PCURVE('',#511,#1909);
#1909 = DEFINITIONAL_REPRESENTATION('',(#1910),#1969);
#1910 = B_SPLINE_CURVE_WITH_KNOTS('',8,(#1911,#1912,#1913,#1914,#1915,
    #1916,#1917,#1918,#1919,#1920,#1921,#1922,#1923,#1924,#1925,#1926,
    #1927,#1928,#1929,#1930,#1931,#1932,#1933,#1934,#1935,#1936,#1937,
    #1938,#1939,#1940,#1941,#1942,#1943,#1944,#1945,#1946,#1947,#1948,
    #1949,#1950,#1951,#1952,#1953,#1954,#1955,#1956,#1957,#1958,#1959,
    #1960,#1961,#1962,#1963,#1964,#1965,#1966,#1967,#1968),
  .UNSPECIFIED.,.F.,.F.,(9,7,7,7,7,7,7,7,9),(0.,0.124999999998,
    0.249999999997,0.374999999998,0.5,0.625000000002,0.750000000002,
    0.875,1.),.UNSPECIFIED.);
#1911 = CARTESIAN_POINT('',(127.86622289566,-5.684341886081E-14));
#1912 = CARTESIAN_POINT('',(127.86622335128,-12.55002966769));
#1913 = CARTESIAN_POINT('',(126.45846901629,-25.10861002523));
#1914 = CARTESIAN_POINT('',(123.63963156146,-37.47819869033));
#1915 = CARTESIAN_POINT('',(119.44352823278,-49.47512933235));
#1916 = CARTESIAN_POINT('',(113.9275103415,-60.92533345905));
#1917 = CARTESIAN_POINT('',(107.1741093947,-71.66517256528));
#1918 = CARTESIAN_POINT('',(99.289284698589,-81.54086253418));
#1919 = CARTESIAN_POINT('',(81.540862534287,-99.2892846985));
#1920 = CARTESIAN_POINT('',(71.665172564949,-107.1741093949));
#1921 = CARTESIAN_POINT('',(60.92533345969,-113.9275103409));
#1922 = CARTESIAN_POINT('',(49.475129331738,-119.4435282334));
#1923 = CARTESIAN_POINT('',(37.478198690726,-123.639631561));
#1924 = CARTESIAN_POINT('',(25.108610025113,-126.4584690164));
#1925 = CARTESIAN_POINT('',(12.550029667734,-127.8662233512));
#1926 = CARTESIAN_POINT('',(-12.5500296677,-127.8662233512));
#1927 = CARTESIAN_POINT('',(-25.10861002512,-126.4584690164));
#1928 = CARTESIAN_POINT('',(-37.47819869056,-123.6396315612));
#1929 = CARTESIAN_POINT('',(-49.47512933199,-119.4435282331));
#1930 = CARTESIAN_POINT('',(-60.92533345936,-113.9275103411));
#1931 = CARTESIAN_POINT('',(-71.6651725651,-107.1741093948));
#1932 = CARTESIAN_POINT('',(-81.54086253422,-99.28928469855));
#1933 = CARTESIAN_POINT('',(-99.28928469853,-81.54086253425));
#1934 = CARTESIAN_POINT('',(-107.1741093948,-71.66517256512));
#1935 = CARTESIAN_POINT('',(-113.9275103411,-60.9253334594));
#1936 = CARTESIAN_POINT('',(-119.4435282331,-49.475129332));
#1937 = CARTESIAN_POINT('',(-123.6396315611,-37.47819869062));
#1938 = CARTESIAN_POINT('',(-126.4584690164,-25.10861002513));
#1939 = CARTESIAN_POINT('',(-127.8662233512,-12.55002966774));
#1940 = CARTESIAN_POINT('',(-127.8662233512,12.550029667638));
#1941 = CARTESIAN_POINT('',(-126.4584690163,25.108610025408));
#1942 = CARTESIAN_POINT('',(-123.6396315614,37.478198689938));
#1943 = CARTESIAN_POINT('',(-119.4435282328,49.475129332785));
#1944 = CARTESIAN_POINT('',(-113.9275103415,60.925333458749));
#1945 = CARTESIAN_POINT('',(-107.1741093947,71.66517256538));
#1946 = CARTESIAN_POINT('',(-99.28928469859,81.540862534166));
#1947 = CARTESIAN_POINT('',(-81.54086253432,99.28928469847));
#1948 = CARTESIAN_POINT('',(-71.66517256483,107.1741093951));
#1949 = CARTESIAN_POINT('',(-60.92533345997,113.9275103407));
#1950 = CARTESIAN_POINT('',(-49.47512933134,119.44352823367));
#1951 = CARTESIAN_POINT('',(-37.47819869107,123.63963156083));
#1952 = CARTESIAN_POINT('',(-25.10861002494,126.45846901654));
#1953 = CARTESIAN_POINT('',(-12.55002966777,127.86622335123));
#1954 = CARTESIAN_POINT('',(12.550029667663,127.86622335119));
#1955 = CARTESIAN_POINT('',(25.108610025351,126.45846901674));
#1956 = CARTESIAN_POINT('',(37.478198690003,123.63963156048));
#1957 = CARTESIAN_POINT('',(49.475129332726,119.44352823407));
#1958 = CARTESIAN_POINT('',(60.925333458831,113.92751034047));
#1959 = CARTESIAN_POINT('',(71.665172565312,107.1741093952));
#1960 = CARTESIAN_POINT('',(81.540862534192,99.289284698476));
#1961 = CARTESIAN_POINT('',(99.28928469866,81.540862534193));
#1962 = CARTESIAN_POINT('',(107.17410939432,71.66517256541));
#1963 = CARTESIAN_POINT('',(113.92751034224,60.925333458717));
#1964 = CARTESIAN_POINT('',(119.44352823191,49.4751293329));
#1965 = CARTESIAN_POINT('',(123.63963156206,37.478198689901));
#1966 = CARTESIAN_POINT('',(126.45846901605,25.108610025438));
#1967 = CARTESIAN_POINT('',(127.86622335133,12.550029667659));
#1968 = CARTESIAN_POINT('',(127.86622289566,-2.84217094304E-14));
#1969 = ( GEOMETRIC_REPRESENTATION_CONTEXT(2) 
PARAMETRIC_REPRESENTATION_CONTEXT() REPRESENTATION_CONTEXT('2D SPACE',''
  ) );
#1970 = PCURVE('',#1107,#1971);
#1971 = DEFINITIONAL_REPRESENTATION('',(#1972),#2031);
#1972 = B_SPLINE_CURVE_WITH_KNOTS('',8,(#1973,#1974,#1975,#1976,#1977,
    #1978,#1979,#1980,#1981,#1982,#1983,#1984,#1985,#1986,#1987,#1988,
    #1989,#1990,#1991,#1992,#1993,#1994,#1995,#1996,#1997,#1998,#1999,
    #2000,#2001,#2002,#2003,#2004,#2005,#2006,#2007,#2008,#2009,#2010,
    #2011,#2012,#2013,#2014,#2015,#2016,#2017,#2018,#2019,#2020,#2021,
    #2022,#2023,#2024,#2025,#2026,#2027,#2028,#2029,#2030),
  .UNSPECIFIED.,.F.,.F.,(9,7,7,7,7,7,7,7,9),(0.,0.124999999998,
    0.249999999997,0.374999999998,0.5,0.625000000002,0.750000000002,
    0.875,1.),.UNSPECIFIED.);
#1973 = CARTESIAN_POINT('',(6.28318530718,215.52864250794));
#1974 = CARTESIAN_POINT('',(6.18503559898,215.52864250794));
#1975 = CARTESIAN_POINT('',(6.086819199554,215.52864250794));
#1976 = CARTESIAN_POINT('',(5.988639305215,215.52864250794));
#1977 = CARTESIAN_POINT('',(5.8904862255,215.52864250794));
#1978 = CARTESIAN_POINT('',(5.792333145718,215.52864250794));
#1979 = CARTESIAN_POINT('',(5.694153251421,215.52864250794));
#1980 = CARTESIAN_POINT('',(5.595936851979,215.52864250794));
#1981 = CARTESIAN_POINT('',(5.399637435584,215.52864250794));
#1982 = CARTESIAN_POINT('',(5.30142103615,215.52864250794));
#1983 = CARTESIAN_POINT('',(5.203241141828,215.52864250794));
#1984 = CARTESIAN_POINT('',(5.105088062093,215.52864250794));
#1985 = CARTESIAN_POINT('',(5.006934982325,215.52864250794));
#1986 = CARTESIAN_POINT('',(4.908755088023,215.52864250794));
#1987 = CARTESIAN_POINT('',(4.810538688582,215.52864250794));
#1988 = CARTESIAN_POINT('',(4.614239272186,215.52864250794));
#1989 = CARTESIAN_POINT('',(4.516022872753,215.52864250794));
#1990 = CARTESIAN_POINT('',(4.41784297843,215.52864250794));
#1991 = CARTESIAN_POINT('',(4.319689898694,215.52864250794));
#1992 = CARTESIAN_POINT('',(4.22153681893,215.52864250794));
#1993 = CARTESIAN_POINT('',(4.123356924624,215.52864250794));
#1994 = CARTESIAN_POINT('',(4.025140525185,215.52864250794));
#1995 = CARTESIAN_POINT('',(3.828841108789,215.52864250794));
#1996 = CARTESIAN_POINT('',(3.730624709355,215.52864250794));
#1997 = CARTESIAN_POINT('',(3.632444815034,215.52864250794));
#1998 = CARTESIAN_POINT('',(3.534291735295,215.52864250794));
#1999 = CARTESIAN_POINT('',(3.436138655533,215.52864250794));
#2000 = CARTESIAN_POINT('',(3.337958761227,215.52864250794));
#2001 = CARTESIAN_POINT('',(3.239742361787,215.52864250794));
#2002 = CARTESIAN_POINT('',(3.043442945393,215.52864250794));
#2003 = CARTESIAN_POINT('',(2.945226545952,215.52864250794));
#2004 = CARTESIAN_POINT('',(2.84704665165,215.52864250794));
#2005 = CARTESIAN_POINT('',(2.748893571882,215.52864250794));
#2006 = CARTESIAN_POINT('',(2.650740492148,215.52864250794));
#2007 = CARTESIAN_POINT('',(2.552560597824,215.52864250794));
#2008 = CARTESIAN_POINT('',(2.454344198391,215.52864250794));
#2009 = CARTESIAN_POINT('',(2.258044781996,215.52864250794));
#2010 = CARTESIAN_POINT('',(2.159828382553,215.52864250794));
#2011 = CARTESIAN_POINT('',(2.061648488255,215.52864250794));
#2012 = CARTESIAN_POINT('',(1.963495408481,215.52864250794));
#2013 = CARTESIAN_POINT('',(1.865342328752,215.52864250794));
#2014 = CARTESIAN_POINT('',(1.767162434426,215.52864250794));
#2015 = CARTESIAN_POINT('',(1.668946034994,215.52864250794));
#2016 = CARTESIAN_POINT('',(1.472646618597,215.52864250794));
#2017 = CARTESIAN_POINT('',(1.374430219161,215.52864250794));
#2018 = CARTESIAN_POINT('',(1.276250324847,215.52864250794));
#2019 = CARTESIAN_POINT('',(1.178097245096,215.52864250794));
#2020 = CARTESIAN_POINT('',(1.079944165345,215.52864250794));
#2021 = CARTESIAN_POINT('',(0.981764271032,215.52864250794));
#2022 = CARTESIAN_POINT('',(0.883547871595,215.52864250794));
#2023 = CARTESIAN_POINT('',(0.687248455199,215.52864250794));
#2024 = CARTESIAN_POINT('',(0.589032055768,215.52864250794));
#2025 = CARTESIAN_POINT('',(0.490852161439,215.52864250794));
#2026 = CARTESIAN_POINT('',(0.392699081712,215.52864250794));
#2027 = CARTESIAN_POINT('',(0.294546001938,215.52864250794));
#2028 = CARTESIAN_POINT('',(0.196366107639,215.52864250794));
#2029 = CARTESIAN_POINT('',(9.814970819695E-02,215.52864250794));
#2030 = CARTESIAN_POINT('',(0.,215.52864250794));
#2031 = ( GEOMETRIC_REPRESENTATION_CONTEXT(2) 
PARAMETRIC_REPRESENTATION_CONTEXT() REPRESENTATION_CONTEXT('2D SPACE',''
  ) );
#2032 = ORIENTED_EDGE('',*,*,#2033,.F.);
#2033 = EDGE_CURVE('',#1244,#1846,#2034,.T.);
#2034 = SURFACE_CURVE('',#2035,(#2039,#2046),.PCURVE_S1.);
#2035 = LINE('',#2036,#2037);
#2036 = CARTESIAN_POINT('',(-68.77304076892,101.11840080278,147.));
#2037 = VECTOR('',#2038,1.);
#2038 = DIRECTION('',(-0.5,0.866025403784,0.));
#2039 = PCURVE('',#511,#2040);
#2040 = DEFINITIONAL_REPRESENTATION('',(#2041),#2045);
#2041 = LINE('',#2042,#2043);
#2042 = CARTESIAN_POINT('',(-68.77304076892,101.11840080278));
#2043 = VECTOR('',#2044,1.);
#2044 = DIRECTION('',(-0.5,0.866025403784));
#2045 = ( GEOMETRIC_REPRESENTATION_CONTEXT(2) 
PARAMETRIC_REPRESENTATION_CONTEXT() REPRESENTATION_CONTEXT('2D SPACE',''
  ) );
#2046 = PCURVE('',#2047,#2052);
#2047 = PLANE('',#2048);
#2048 = AXIS2_PLACEMENT_3D('',#2049,#2050,#2051);
#2049 = CARTESIAN_POINT('',(-68.77304076892,101.11840080278,138.));
#2050 = DIRECTION('',(0.866025403784,0.5,0.));
#2051 = DIRECTION('',(0.,0.,1.));
#2052 = DEFINITIONAL_REPRESENTATION('',(#2053),#2057);
#2053 = LINE('',#2054,#2055);
#2054 = CARTESIAN_POINT('',(9.,0.));
#2055 = VECTOR('',#2056,1.);
#2056 = DIRECTION('',(0.,-1.));
#2057 = ( GEOMETRIC_REPRESENTATION_CONTEXT(2) 
PARAMETRIC_REPRESENTATION_CONTEXT() REPRESENTATION_CONTEXT('2D SPACE',''
  ) );
#2058 = ADVANCED_FACE('',(#2059),#611,.T.);
#2059 = FACE_BOUND('',#2060,.T.);
#2060 = EDGE_LOOP('',(#2061,#2062,#2085,#2113));
#2061 = ORIENTED_EDGE('',*,*,#581,.F.);
#2062 = ORIENTED_EDGE('',*,*,#2063,.T.);
#2063 = EDGE_CURVE('',#582,#2064,#2066,.T.);
#2064 = VERTEX_POINT('',#2065);
#2065 = CARTESIAN_POINT('',(48.,-106.0495491932,96.));
#2066 = SURFACE_CURVE('',#2067,(#2071,#2078),.PCURVE_S1.);
#2067 = LINE('',#2068,#2069);
#2068 = CARTESIAN_POINT('',(48.,-112.0495484878,96.));
#2069 = VECTOR('',#2070,1.);
#2070 = DIRECTION('',(0.,1.,0.));
#2071 = PCURVE('',#611,#2072);
#2072 = DEFINITIONAL_REPRESENTATION('',(#2073),#2077);
#2073 = LINE('',#2074,#2075);
#2074 = CARTESIAN_POINT('',(96.,87.950451512174));
#2075 = VECTOR('',#2076,1.);
#2076 = DIRECTION('',(0.,1.));
#2077 = ( GEOMETRIC_REPRESENTATION_CONTEXT(2) 
PARAMETRIC_REPRESENTATION_CONTEXT() REPRESENTATION_CONTEXT('2D SPACE',''
  ) );
#2078 = PCURVE('',#922,#2079);
#2079 = DEFINITIONAL_REPRESENTATION('',(#2080),#2084);
#2080 = LINE('',#2081,#2082);
#2081 = CARTESIAN_POINT('',(0.,-87.95045151217));
#2082 = VECTOR('',#2083,1.);
#2083 = DIRECTION('',(0.,-1.));
#2084 = ( GEOMETRIC_REPRESENTATION_CONTEXT(2) 
PARAMETRIC_REPRESENTATION_CONTEXT() REPRESENTATION_CONTEXT('2D SPACE',''
  ) );
#2085 = ORIENTED_EDGE('',*,*,#2086,.F.);
#2086 = EDGE_CURVE('',#2087,#2064,#2089,.T.);
#2087 = VERTEX_POINT('',#2088);
#2088 = CARTESIAN_POINT('',(-48.,-106.0495491932,96.));
#2089 = SURFACE_CURVE('',#2090,(#2094,#2101),.PCURVE_S1.);
#2090 = LINE('',#2091,#2092);
#2091 = CARTESIAN_POINT('',(-48.,-106.0495491932,96.));
#2092 = VECTOR('',#2093,1.);
#2093 = DIRECTION('',(1.,0.,0.));
#2094 = PCURVE('',#611,#2095);
#2095 = DEFINITIONAL_REPRESENTATION('',(#2096),#2100);
#2096 = LINE('',#2097,#2098);
#2097 = CARTESIAN_POINT('',(0.,93.950450806732));
#2098 = VECTOR('',#2099,1.);
#2099 = DIRECTION('',(1.,0.));
#2100 = ( GEOMETRIC_REPRESENTATION_CONTEXT(2) 
PARAMETRIC_REPRESENTATION_CONTEXT() REPRESENTATION_CONTEXT('2D SPACE',''
  ) );
#2101 = PCURVE('',#2102,#2107);
#2102 = PLANE('',#2103);
#2103 = AXIS2_PLACEMENT_3D('',#2104,#2105,#2106);
#2104 = CARTESIAN_POINT('',(-49.5,-106.0495491932,94.5));
#2105 = DIRECTION('',(0.,1.,0.));
#2106 = DIRECTION('',(0.,0.,1.));
#2107 = DEFINITIONAL_REPRESENTATION('',(#2108),#2112);
#2108 = LINE('',#2109,#2110);
#2109 = CARTESIAN_POINT('',(1.5,1.5));
#2110 = VECTOR('',#2111,1.);
#2111 = DIRECTION('',(0.,1.));
#2112 = ( GEOMETRIC_REPRESENTATION_CONTEXT(2) 
PARAMETRIC_REPRESENTATION_CONTEXT() REPRESENTATION_CONTEXT('2D SPACE',''
  ) );
#2113 = ORIENTED_EDGE('',*,*,#2114,.T.);
#2114 = EDGE_CURVE('',#2087,#584,#2115,.T.);
#2115 = SURFACE_CURVE('',#2116,(#2120,#2127),.PCURVE_S1.);
#2116 = LINE('',#2117,#2118);
#2117 = CARTESIAN_POINT('',(-48.,-106.0495491932,96.));
#2118 = VECTOR('',#2119,1.);
#2119 = DIRECTION('',(0.,-1.,0.));
#2120 = PCURVE('',#611,#2121);
#2121 = DEFINITIONAL_REPRESENTATION('',(#2122),#2126);
#2122 = LINE('',#2123,#2124);
#2123 = CARTESIAN_POINT('',(0.,93.950450806732));
#2124 = VECTOR('',#2125,1.);
#2125 = DIRECTION('',(0.,-1.));
#2126 = ( GEOMETRIC_REPRESENTATION_CONTEXT(2) 
PARAMETRIC_REPRESENTATION_CONTEXT() REPRESENTATION_CONTEXT('2D SPACE',''
  ) );
#2127 = PCURVE('',#727,#2128);
#2128 = DEFINITIONAL_REPRESENTATION('',(#2129),#2133);
#2129 = LINE('',#2130,#2131);
#2130 = CARTESIAN_POINT('',(0.,-93.95045080673));
#2131 = VECTOR('',#2132,1.);
#2132 = DIRECTION('',(0.,1.));
#2133 = ( GEOMETRIC_REPRESENTATION_CONTEXT(2) 
PARAMETRIC_REPRESENTATION_CONTEXT() REPRESENTATION_CONTEXT('2D SPACE',''
  ) );
#2134 = ADVANCED_FACE('',(#2135),#727,.T.);
#2135 = FACE_BOUND('',#2136,.T.);
#2136 = EDGE_LOOP('',(#2137,#2138,#2139,#2162));
#2137 = ORIENTED_EDGE('',*,*,#629,.F.);
#2138 = ORIENTED_EDGE('',*,*,#2114,.F.);
#2139 = ORIENTED_EDGE('',*,*,#2140,.T.);
#2140 = EDGE_CURVE('',#2087,#2141,#2143,.T.);
#2141 = VERTEX_POINT('',#2142);
#2142 = CARTESIAN_POINT('',(-48.,-106.0495491932,140.));
#2143 = SURFACE_CURVE('',#2144,(#2148,#2155),.PCURVE_S1.);
#2144 = LINE('',#2145,#2146);
#2145 = CARTESIAN_POINT('',(-48.,-106.0495491932,96.));
#2146 = VECTOR('',#2147,1.);
#2147 = DIRECTION('',(0.,0.,1.));
#2148 = PCURVE('',#727,#2149);
#2149 = DEFINITIONAL_REPRESENTATION('',(#2150),#2154);
#2150 = LINE('',#2151,#2152);
#2151 = CARTESIAN_POINT('',(0.,-93.95045080673));
#2152 = VECTOR('',#2153,1.);
#2153 = DIRECTION('',(1.,0.));
#2154 = ( GEOMETRIC_REPRESENTATION_CONTEXT(2) 
PARAMETRIC_REPRESENTATION_CONTEXT() REPRESENTATION_CONTEXT('2D SPACE',''
  ) );
#2155 = PCURVE('',#2102,#2156);
#2156 = DEFINITIONAL_REPRESENTATION('',(#2157),#2161);
#2157 = LINE('',#2158,#2159);
#2158 = CARTESIAN_POINT('',(1.5,1.5));
#2159 = VECTOR('',#2160,1.);
#2160 = DIRECTION('',(1.,0.));
#2161 = ( GEOMETRIC_REPRESENTATION_CONTEXT(2) 
PARAMETRIC_REPRESENTATION_CONTEXT() REPRESENTATION_CONTEXT('2D SPACE',''
  ) );
#2162 = ORIENTED_EDGE('',*,*,#2163,.T.);
#2163 = EDGE_CURVE('',#2141,#630,#2164,.T.);
#2164 = SURFACE_CURVE('',#2165,(#2169,#2176),.PCURVE_S1.);
#2165 = LINE('',#2166,#2167);
#2166 = CARTESIAN_POINT('',(-48.,-106.0495491932,140.));
#2167 = VECTOR('',#2168,1.);
#2168 = DIRECTION('',(0.,-1.,0.));
#2169 = PCURVE('',#727,#2170);
#2170 = DEFINITIONAL_REPRESENTATION('',(#2171),#2175);
#2171 = LINE('',#2172,#2173);
#2172 = CARTESIAN_POINT('',(44.,-93.95045080673));
#2173 = VECTOR('',#2174,1.);
#2174 = DIRECTION('',(0.,1.));
#2175 = ( GEOMETRIC_REPRESENTATION_CONTEXT(2) 
PARAMETRIC_REPRESENTATION_CONTEXT() REPRESENTATION_CONTEXT('2D SPACE',''
  ) );
#2176 = PCURVE('',#808,#2177);
#2177 = DEFINITIONAL_REPRESENTATION('',(#2178),#2182);
#2178 = LINE('',#2179,#2180);
#2179 = CARTESIAN_POINT('',(0.,93.950450806732));
#2180 = VECTOR('',#2181,1.);
#2181 = DIRECTION('',(0.,-1.));
#2182 = ( GEOMETRIC_REPRESENTATION_CONTEXT(2) 
PARAMETRIC_REPRESENTATION_CONTEXT() REPRESENTATION_CONTEXT('2D SPACE',''
  ) );
#2183 = ADVANCED_FACE('',(#2184),#808,.F.);
#2184 = FACE_BOUND('',#2185,.F.);
#2185 = EDGE_LOOP('',(#2186,#2187,#2210,#2231));
#2186 = ORIENTED_EDGE('',*,*,#780,.F.);
#2187 = ORIENTED_EDGE('',*,*,#2188,.T.);
#2188 = EDGE_CURVE('',#781,#2189,#2191,.T.);
#2189 = VERTEX_POINT('',#2190);
#2190 = CARTESIAN_POINT('',(48.,-106.0495491932,140.));
#2191 = SURFACE_CURVE('',#2192,(#2196,#2203),.PCURVE_S1.);
#2192 = LINE('',#2193,#2194);
#2193 = CARTESIAN_POINT('',(48.,-120.3056034965,140.));
#2194 = VECTOR('',#2195,1.);
#2195 = DIRECTION('',(0.,1.,0.));
#2196 = PCURVE('',#808,#2197);
#2197 = DEFINITIONAL_REPRESENTATION('',(#2198),#2202);
#2198 = LINE('',#2199,#2200);
#2199 = CARTESIAN_POINT('',(96.,79.694396503409));
#2200 = VECTOR('',#2201,1.);
#2201 = DIRECTION('',(0.,1.));
#2202 = ( GEOMETRIC_REPRESENTATION_CONTEXT(2) 
PARAMETRIC_REPRESENTATION_CONTEXT() REPRESENTATION_CONTEXT('2D SPACE',''
  ) );
#2203 = PCURVE('',#922,#2204);
#2204 = DEFINITIONAL_REPRESENTATION('',(#2205),#2209);
#2205 = LINE('',#2206,#2207);
#2206 = CARTESIAN_POINT('',(44.,-79.6943965034));
#2207 = VECTOR('',#2208,1.);
#2208 = DIRECTION('',(0.,-1.));
#2209 = ( GEOMETRIC_REPRESENTATION_CONTEXT(2) 
PARAMETRIC_REPRESENTATION_CONTEXT() REPRESENTATION_CONTEXT('2D SPACE',''
  ) );
#2210 = ORIENTED_EDGE('',*,*,#2211,.F.);
#2211 = EDGE_CURVE('',#2141,#2189,#2212,.T.);
#2212 = SURFACE_CURVE('',#2213,(#2217,#2224),.PCURVE_S1.);
#2213 = LINE('',#2214,#2215);
#2214 = CARTESIAN_POINT('',(-48.,-106.0495491932,140.));
#2215 = VECTOR('',#2216,1.);
#2216 = DIRECTION('',(1.,0.,0.));
#2217 = PCURVE('',#808,#2218);
#2218 = DEFINITIONAL_REPRESENTATION('',(#2219),#2223);
#2219 = LINE('',#2220,#2221);
#2220 = CARTESIAN_POINT('',(0.,93.950450806732));
#2221 = VECTOR('',#2222,1.);
#2222 = DIRECTION('',(1.,0.));
#2223 = ( GEOMETRIC_REPRESENTATION_CONTEXT(2) 
PARAMETRIC_REPRESENTATION_CONTEXT() REPRESENTATION_CONTEXT('2D SPACE',''
  ) );
#2224 = PCURVE('',#2102,#2225);
#2225 = DEFINITIONAL_REPRESENTATION('',(#2226),#2230);
#2226 = LINE('',#2227,#2228);
#2227 = CARTESIAN_POINT('',(45.5,1.5));
#2228 = VECTOR('',#2229,1.);
#2229 = DIRECTION('',(0.,1.));
#2230 = ( GEOMETRIC_REPRESENTATION_CONTEXT(2) 
PARAMETRIC_REPRESENTATION_CONTEXT() REPRESENTATION_CONTEXT('2D SPACE',''
  ) );
#2231 = ORIENTED_EDGE('',*,*,#2163,.T.);
#2232 = ADVANCED_FACE('',(#2233),#922,.F.);
#2233 = FACE_BOUND('',#2234,.F.);
#2234 = EDGE_LOOP('',(#2235,#2236,#2237,#2238));
#2235 = ORIENTED_EDGE('',*,*,#2188,.F.);
#2236 = ORIENTED_EDGE('',*,*,#826,.F.);
#2237 = ORIENTED_EDGE('',*,*,#2063,.T.);
#2238 = ORIENTED_EDGE('',*,*,#2239,.T.);
#2239 = EDGE_CURVE('',#2064,#2189,#2240,.T.);
#2240 = SURFACE_CURVE('',#2241,(#2245,#2252),.PCURVE_S1.);
#2241 = LINE('',#2242,#2243);
#2242 = CARTESIAN_POINT('',(48.,-106.0495491932,96.));
#2243 = VECTOR('',#2244,1.);
#2244 = DIRECTION('',(0.,0.,1.));
#2245 = PCURVE('',#922,#2246);
#2246 = DEFINITIONAL_REPRESENTATION('',(#2247),#2251);
#2247 = LINE('',#2248,#2249);
#2248 = CARTESIAN_POINT('',(0.,-93.95045080673));
#2249 = VECTOR('',#2250,1.);
#2250 = DIRECTION('',(1.,0.));
#2251 = ( GEOMETRIC_REPRESENTATION_CONTEXT(2) 
PARAMETRIC_REPRESENTATION_CONTEXT() REPRESENTATION_CONTEXT('2D SPACE',''
  ) );
#2252 = PCURVE('',#2102,#2253);
#2253 = DEFINITIONAL_REPRESENTATION('',(#2254),#2258);
#2254 = LINE('',#2255,#2256);
#2255 = CARTESIAN_POINT('',(1.5,97.5));
#2256 = VECTOR('',#2257,1.);
#2257 = DIRECTION('',(1.,0.));
#2258 = ( GEOMETRIC_REPRESENTATION_CONTEXT(2) 
PARAMETRIC_REPRESENTATION_CONTEXT() REPRESENTATION_CONTEXT('2D SPACE',''
  ) );
#2259 = ADVANCED_FACE('',(#2260,#2719),#1107,.F.);
#2260 = FACE_BOUND('',#2261,.F.);
#2261 = EDGE_LOOP('',(#2262,#2345,#2346,#2347,#2381,#2420,#2421,#2462,
    #2496,#2535,#2536,#2577,#2611,#2650,#2651,#2692));
#2262 = ORIENTED_EDGE('',*,*,#2263,.F.);
#2263 = EDGE_CURVE('',#982,#2264,#2266,.T.);
#2264 = VERTEX_POINT('',#2265);
#2265 = CARTESIAN_POINT('',(127.38580243296,0.,138.));
#2266 = SEAM_CURVE('',#2267,(#2331,#2338),.PCURVE_S1.);
#2267 = B_SPLINE_CURVE_WITH_KNOTS('',3,(#2268,#2269,#2270,#2271,#2272,
    #2273,#2274,#2275,#2276,#2277,#2278,#2279,#2280,#2281,#2282,#2283,
    #2284,#2285,#2286,#2287,#2288,#2289,#2290,#2291,#2292,#2293,#2294,
    #2295,#2296,#2297,#2298,#2299,#2300,#2301,#2302,#2303,#2304,#2305,
    #2306,#2307,#2308,#2309,#2310,#2311,#2312,#2313,#2314,#2315,#2316,
    #2317,#2318,#2319,#2320,#2321,#2322,#2323,#2324,#2325,#2326,#2327,
    #2328,#2329,#2330),.UNSPECIFIED.,.F.,.F.,(4,1,1,1,1,1,1,1,1,1,1,1,1,
    1,1,1,1,1,1,1,1,1,1,1,1,1,1,1,1,1,1,1,1,1,1,1,1,1,1,1,1,1,1,1,1,1,1,
    1,1,1,1,1,1,1,1,1,1,1,1,1,4),(0.,7.778004655746,15.552735403833,
    23.321464358112,31.08221388224,38.834223805418,46.578234189783,
    54.316700238988,62.053909959299,69.795993480131,77.550819698316,
    85.327783344919,93.137493572513,100.9913828387,108.90126111474,
    116.87884425371,124.93528606687,133.08074121542,141.32398097223,
    149.67207723224,158.13016300233,166.70127101004,175.38624674547,
    184.18372851928,193.09018497385,202.09999969109,211.20559275989,
    220.39757004862,229.66489217153,238.99505651372,248.37428703261,
    257.78772779387,267.21963728301,276.65358144759,286.07262417964,
    295.45951455971,304.79687067782,314.0673602444,323.25387852874,
    332.33972443071,341.30877571818,350.14566465754,358.83595543,
    367.36632485916,375.72474806006,383.90069062709,391.88530885855,
    399.6716591898,407.25491735864,414.63260669231,421.80483306924,
    428.7745213176,435.54764381726,442.13342673081,448.54451275831,
    454.79705230932,460.9106890908,466.9084038256,472.81618368701,
    478.66248126429,484.47764768179),.UNSPECIFIED.);
#2268 = CARTESIAN_POINT('',(0.,0.,2.));
#2269 = CARTESIAN_POINT('',(2.596513294424,0.,2.));
#2270 = CARTESIAN_POINT('',(7.776589252507,0.,2.161854619812));
#2271 = CARTESIAN_POINT('',(15.523383547295,0.,2.889579158962));
#2272 = CARTESIAN_POINT('',(23.201174278671,0.,4.100221775361));
#2273 = CARTESIAN_POINT('',(30.780811782348,0.,5.790457328179));
#2274 = CARTESIAN_POINT('',(38.229982708459,0.,7.955654671576));
#2275 = CARTESIAN_POINT('',(45.518717868764,0.,10.589908786431));
#2276 = CARTESIAN_POINT('',(52.618244294908,0.,13.686072329446));
#2277 = CARTESIAN_POINT('',(59.501569064409,0.,17.235790770436));
#2278 = CARTESIAN_POINT('',(66.14355157255,0.,21.229538197011));
#2279 = CARTESIAN_POINT('',(72.521060688278,0.,25.656651526122));
#2280 = CARTESIAN_POINT('',(78.613057492175,0.,30.505361299768));
#2281 = CARTESIAN_POINT('',(84.400649034532,0.,35.762817993985));
#2282 = CARTESIAN_POINT('',(89.867105648686,0.,41.415113761845));
#2283 = CARTESIAN_POINT('',(94.997849778913,0.,47.447300588918));
#2284 = CARTESIAN_POINT('',(99.780420624241,0.,53.84340675564));
#2285 = CARTESIAN_POINT('',(104.2044196633,0.,60.586454092778));
#2286 = CARTESIAN_POINT('',(108.26144117719,0.,67.658478676626));
#2287 = CARTESIAN_POINT('',(111.94499112677,0.,75.040557331833));
#2288 = CARTESIAN_POINT('',(115.2503969113,0.,82.712841679826));
#2289 = CARTESIAN_POINT('',(118.17470990705,0.,90.654600643065));
#2290 = CARTESIAN_POINT('',(120.7166022938,0.,98.844271464585));
#2291 = CARTESIAN_POINT('',(122.87625952095,0.,107.25951857867));
#2292 = CARTESIAN_POINT('',(124.65526977443,0.,115.87729916603));
#2293 = CARTESIAN_POINT('',(126.05651188823,0.,124.67393397293));
#2294 = CARTESIAN_POINT('',(127.08404321848,0.,133.62518194109));
#2295 = CARTESIAN_POINT('',(127.7429890085,0.,142.70631732225));
#2296 = CARTESIAN_POINT('',(128.03943469811,0.,151.89220817012));
#2297 = CARTESIAN_POINT('',(127.98032247568,0.,161.15739535152));
#2298 = CARTESIAN_POINT('',(127.57335315822,0.,170.47617145547));
#2299 = CARTESIAN_POINT('',(126.82689424075,0.,179.8226591794));
#2300 = CARTESIAN_POINT('',(125.74989470629,0.,189.17088892643));
#2301 = CARTESIAN_POINT('',(124.35180695345,0.,198.49487545856));
#2302 = CARTESIAN_POINT('',(122.64251598987,0.,207.76869352373));
#2303 = CARTESIAN_POINT('',(120.63227586601,0.,216.96655242028));
#2304 = CARTESIAN_POINT('',(118.33165318392,0.,226.06286948893));
#2305 = CARTESIAN_POINT('',(115.75147740872,0.,235.03234253821));
#2306 = CARTESIAN_POINT('',(112.90279763128,0.,243.85002122077));
#2307 = CARTESIAN_POINT('',(109.79684537314,0.,252.49137739053));
#2308 = CARTESIAN_POINT('',(106.44500298162,0.,260.93237448751));
#2309 = CARTESIAN_POINT('',(102.8587771274,0.,269.14953602077));
#2310 = CARTESIAN_POINT('',(99.049776876069,0.,277.12001325149));
#2311 = CARTESIAN_POINT('',(95.029695762246,0.,284.82165221651));
#2312 = CARTESIAN_POINT('',(90.810297192312,0.,292.23306027503));
#2313 = CARTESIAN_POINT('',(86.403402494912,0.,299.33367239846));
#2314 = CARTESIAN_POINT('',(81.820880405239,0.,306.10381744348));
#2315 = CARTESIAN_POINT('',(77.074637905338,0.,312.52478462547));
#2316 = CARTESIAN_POINT('',(72.176607178901,0.,318.57889030793));
#2317 = CARTESIAN_POINT('',(67.138740680873,0.,324.24954498962));
#2318 = CARTESIAN_POINT('',(61.972962889136,0.,329.52131993606));
#2319 = CARTESIAN_POINT('',(56.691253282246,0.,334.3800121926));
#2320 = CARTESIAN_POINT('',(51.305225134472,0.,338.81270567737));
#2321 = CARTESIAN_POINT('',(45.827463208066,0.,342.80782470576));
#2322 = CARTESIAN_POINT('',(40.266518214148,0.,346.35517481673));
#2323 = CARTESIAN_POINT('',(34.644563149139,0.,349.44596457522));
#2324 = CARTESIAN_POINT('',(28.933724835787,0.,352.07280181474));
#2325 = CARTESIAN_POINT('',(23.28493917662,0.,354.22965942323));
#2326 = CARTESIAN_POINT('',(17.200538667327,0.,355.91180988329));
#2327 = CARTESIAN_POINT('',(12.540166226107,0.,357.11573327254));
#2328 = CARTESIAN_POINT('',(2.531906266563,0.,357.83902281315));
#2329 = CARTESIAN_POINT('',(9.003055454651,-0.,358.));
#2330 = CARTESIAN_POINT('',(0.,0.,358.));
#2331 = PCURVE('',#1107,#2332);
#2332 = DEFINITIONAL_REPRESENTATION('',(#2333),#2337);
#2333 = LINE('',#2334,#2335);
#2334 = CARTESIAN_POINT('',(0.,0.));
#2335 = VECTOR('',#2336,1.);
#2336 = DIRECTION('',(0.,1.));
#2337 = ( GEOMETRIC_REPRESENTATION_CONTEXT(2) 
PARAMETRIC_REPRESENTATION_CONTEXT() REPRESENTATION_CONTEXT('2D SPACE',''
  ) );
#2338 = PCURVE('',#1107,#2339);
#2339 = DEFINITIONAL_REPRESENTATION('',(#2340),#2344);
#2340 = LINE('',#2341,#2342);
#2341 = CARTESIAN_POINT('',(6.28318530718,0.));
#2342 = VECTOR('',#2343,1.);
#2343 = DIRECTION('',(0.,1.));
#2344 = ( GEOMETRIC_REPRESENTATION_CONTEXT(2) 
PARAMETRIC_REPRESENTATION_CONTEXT() REPRESENTATION_CONTEXT('2D SPACE',''
  ) );
#2345 = ORIENTED_EDGE('',*,*,#981,.F.);
#2346 = ORIENTED_EDGE('',*,*,#2263,.T.);
#2347 = ORIENTED_EDGE('',*,*,#2348,.T.);
#2348 = EDGE_CURVE('',#2264,#2349,#2351,.T.);
#2349 = VERTEX_POINT('',#2350);
#2350 = CARTESIAN_POINT('',(127.06747286969,-9.,138.));
#2351 = SURFACE_CURVE('',#2352,(#2358,#2367),.PCURVE_S1.);
#2352 = B_SPLINE_CURVE_WITH_KNOTS('',4,(#2353,#2354,#2355,#2356,#2357),
  .UNSPECIFIED.,.F.,.F.,(5,5),(0.,1.),.PIECEWISE_BEZIER_KNOTS.);
#2353 = CARTESIAN_POINT('',(127.38580243296,-3.19744231092E-14,138.));
#2354 = CARTESIAN_POINT('',(127.38580243296,-2.251876327351,138.));
#2355 = CARTESIAN_POINT('',(127.33272541872,-4.503751927931,138.));
#2356 = CARTESIAN_POINT('',(127.22657126544,-6.753752101552,138.));
#2357 = CARTESIAN_POINT('',(127.06747286969,-9.,138.));
#2358 = PCURVE('',#1107,#2359);
#2359 = DEFINITIONAL_REPRESENTATION('',(#2360),#2366);
#2360 = B_SPLINE_CURVE_WITH_KNOTS('',4,(#2361,#2362,#2363,#2364,#2365),
  .UNSPECIFIED.,.F.,.F.,(5,5),(0.,1.),.PIECEWISE_BEZIER_KNOTS.);
#2361 = CARTESIAN_POINT('',(6.28318530718,206.51584807106));
#2362 = CARTESIAN_POINT('',(6.265507698809,206.51584807106));
#2363 = CARTESIAN_POINT('',(6.247830097382,206.51584807106));
#2364 = CARTESIAN_POINT('',(6.230152480964,206.51584807106));
#2365 = CARTESIAN_POINT('',(6.212474881436,206.51584807106));
#2366 = ( GEOMETRIC_REPRESENTATION_CONTEXT(2) 
PARAMETRIC_REPRESENTATION_CONTEXT() REPRESENTATION_CONTEXT('2D SPACE',''
  ) );
#2367 = PCURVE('',#2368,#2373);
#2368 = PLANE('',#2369);
#2369 = AXIS2_PLACEMENT_3D('',#2370,#2371,#2372);
#2370 = CARTESIAN_POINT('',(121.95762426972,9.,138.));
#2371 = DIRECTION('',(0.,0.,1.));
#2372 = DIRECTION('',(-2.22044604925E-16,-1.,0.));
#2373 = DEFINITIONAL_REPRESENTATION('',(#2374),#2380);
#2374 = B_SPLINE_CURVE_WITH_KNOTS('',4,(#2375,#2376,#2377,#2378,#2379),
  .UNSPECIFIED.,.F.,.F.,(5,5),(0.,1.),.PIECEWISE_BEZIER_KNOTS.);
#2375 = CARTESIAN_POINT('',(9.,5.428178163238));
#2376 = CARTESIAN_POINT('',(11.251876327351,5.428178163238));
#2377 = CARTESIAN_POINT('',(13.50375192793,5.375101148991));
#2378 = CARTESIAN_POINT('',(15.753752101552,5.26894699572));
#2379 = CARTESIAN_POINT('',(18.,5.109848599967));
#2380 = ( GEOMETRIC_REPRESENTATION_CONTEXT(2) 
PARAMETRIC_REPRESENTATION_CONTEXT() REPRESENTATION_CONTEXT('2D SPACE',''
  ) );
#2381 = ORIENTED_EDGE('',*,*,#2382,.T.);
#2382 = EDGE_CURVE('',#2349,#1546,#2383,.T.);
#2383 = SURFACE_CURVE('',#2384,(#2394,#2407),.PCURVE_S1.);
#2384 = B_SPLINE_CURVE_WITH_KNOTS('',8,(#2385,#2386,#2387,#2388,#2389,
    #2390,#2391,#2392,#2393),.UNSPECIFIED.,.F.,.F.,(9,9),(0.,1.),
  .PIECEWISE_BEZIER_KNOTS.);
#2385 = CARTESIAN_POINT('',(127.06747286969,-9.,138.));
#2386 = CARTESIAN_POINT('',(127.15020673695,-9.,139.12364685056));
#2387 = CARTESIAN_POINT('',(127.22639958098,-9.,140.24777483299));
#2388 = CARTESIAN_POINT('',(127.29610843475,-9.,141.37233215871));
#2389 = CARTESIAN_POINT('',(127.35936766433,-9.,142.4972836973));
#2390 = CARTESIAN_POINT('',(127.41626315483,-9.,143.62255857925));
#2391 = CARTESIAN_POINT('',(127.46681140505,-9.,144.74813511242));
#2392 = CARTESIAN_POINT('',(127.51107311468,-9.,145.87396214599));
#2393 = CARTESIAN_POINT('',(127.54909234331,-9.,147.));
#2394 = PCURVE('',#1107,#2395);
#2395 = DEFINITIONAL_REPRESENTATION('',(#2396),#2406);
#2396 = B_SPLINE_CURVE_WITH_KNOTS('',8,(#2397,#2398,#2399,#2400,#2401,
    #2402,#2403,#2404,#2405),.UNSPECIFIED.,.F.,.F.,(9,9),(0.,1.),
  .PIECEWISE_BEZIER_KNOTS.);
#2397 = CARTESIAN_POINT('',(6.212474881436,206.51584807106));
#2398 = CARTESIAN_POINT('',(6.212520767814,207.6424426891));
#2399 = CARTESIAN_POINT('',(6.212562958423,208.76903758211));
#2400 = CARTESIAN_POINT('',(6.21260150385,209.89563603257));
#2401 = CARTESIAN_POINT('',(6.212636439763,211.0222269672));
#2402 = CARTESIAN_POINT('',(6.2126678279,212.14883389726));
#2403 = CARTESIAN_POINT('',(6.21269568956,213.27543524716));
#2404 = CARTESIAN_POINT('',(6.212720068332,214.40203883457));
#2405 = CARTESIAN_POINT('',(6.212740996641,215.52864249451));
#2406 = ( GEOMETRIC_REPRESENTATION_CONTEXT(2) 
PARAMETRIC_REPRESENTATION_CONTEXT() REPRESENTATION_CONTEXT('2D SPACE',''
  ) );
#2407 = PCURVE('',#1561,#2408);
#2408 = DEFINITIONAL_REPRESENTATION('',(#2409),#2419);
#2409 = B_SPLINE_CURVE_WITH_KNOTS('',8,(#2410,#2411,#2412,#2413,#2414,
    #2415,#2416,#2417,#2418),.UNSPECIFIED.,.F.,.F.,(9,9),(0.,1.),
  .PIECEWISE_BEZIER_KNOTS.);
#2410 = CARTESIAN_POINT('',(0.,-5.109848599967));
#2411 = CARTESIAN_POINT('',(1.12364685056,-5.19258246723));
#2412 = CARTESIAN_POINT('',(2.24777483299,-5.268775311252));
#2413 = CARTESIAN_POINT('',(3.372332158715,-5.338484165024));
#2414 = CARTESIAN_POINT('',(4.497283697307,-5.40174339461));
#2415 = CARTESIAN_POINT('',(5.622558579253,-5.458638885109));
#2416 = CARTESIAN_POINT('',(6.74813511242,-5.509187135321));
#2417 = CARTESIAN_POINT('',(7.873962145991,-5.553448844956));
#2418 = CARTESIAN_POINT('',(9.,-5.591468073587));
#2419 = ( GEOMETRIC_REPRESENTATION_CONTEXT(2) 
PARAMETRIC_REPRESENTATION_CONTEXT() REPRESENTATION_CONTEXT('2D SPACE',''
  ) );
#2420 = ORIENTED_EDGE('',*,*,#1573,.T.);
#2421 = ORIENTED_EDGE('',*,*,#2422,.F.);
#2422 = EDGE_CURVE('',#2423,#1574,#2425,.T.);
#2423 = VERTEX_POINT('',#2424);
#2424 = CARTESIAN_POINT('',(-55.73950780078,-114.5436594998,138.));
#2425 = SURFACE_CURVE('',#2426,(#2436,#2449),.PCURVE_S1.);
#2426 = B_SPLINE_CURVE_WITH_KNOTS('',8,(#2427,#2428,#2429,#2430,#2431,
    #2432,#2433,#2434,#2435),.UNSPECIFIED.,.F.,.F.,(9,9),(0.,1.),
  .PIECEWISE_BEZIER_KNOTS.);
#2427 = CARTESIAN_POINT('',(-55.73950780078,-114.5436594998,138.));
#2428 = CARTESIAN_POINT('',(-55.78087473441,-114.6153091306,
    139.12364685052));
#2429 = CARTESIAN_POINT('',(-55.81897115643,-114.6812940691,
    140.24777483313));
#2430 = CARTESIAN_POINT('',(-55.8538255833,-114.7416637073,
    141.37233215843));
#2431 = CARTESIAN_POINT('',(-55.88545519811,-114.7964478072,
    142.49728369764));
#2432 = CARTESIAN_POINT('',(-55.91390294335,-114.8457207473,
    143.622558579));
#2433 = CARTESIAN_POINT('',(-55.93917706846,-114.8894968161,
    144.74813511252));
#2434 = CARTESIAN_POINT('',(-55.96130792328,-114.9278285811,
    145.87396214596));
#2435 = CARTESIAN_POINT('',(-55.98031753759,-114.9607541989,147.));
#2436 = PCURVE('',#1107,#2437);
#2437 = DEFINITIONAL_REPRESENTATION('',(#2438),#2448);
#2438 = B_SPLINE_CURVE_WITH_KNOTS('',8,(#2439,#2440,#2441,#2442,#2443,
    #2444,#2445,#2446,#2447),.UNSPECIFIED.,.F.,.F.,(9,9),(0.,1.),
  .PIECEWISE_BEZIER_KNOTS.);
#2439 = CARTESIAN_POINT('',(4.25950063053,206.51584807106));
#2440 = CARTESIAN_POINT('',(4.259454744152,207.64244268906));
#2441 = CARTESIAN_POINT('',(4.259412553543,208.76903758232));
#2442 = CARTESIAN_POINT('',(4.259374008116,209.8956360321));
#2443 = CARTESIAN_POINT('',(4.259339072203,211.02222696777));
#2444 = CARTESIAN_POINT('',(4.259307684066,212.14883389686));
#2445 = CARTESIAN_POINT('',(4.259279822406,213.27543524732));
#2446 = CARTESIAN_POINT('',(4.259255443634,214.40203883455));
#2447 = CARTESIAN_POINT('',(4.259234515325,215.52864249451));
#2448 = ( GEOMETRIC_REPRESENTATION_CONTEXT(2) 
PARAMETRIC_REPRESENTATION_CONTEXT() REPRESENTATION_CONTEXT('2D SPACE',''
  ) );
#2449 = PCURVE('',#1777,#2450);
#2450 = DEFINITIONAL_REPRESENTATION('',(#2451),#2461);
#2451 = B_SPLINE_CURVE_WITH_KNOTS('',8,(#2452,#2453,#2454,#2455,#2456,
    #2457,#2458,#2459,#2460),.UNSPECIFIED.,.F.,.F.,(9,9),(0.,1.),
  .PIECEWISE_BEZIER_KNOTS.);
#2452 = CARTESIAN_POINT('',(0.,-5.109848599967));
#2453 = CARTESIAN_POINT('',(1.123646850521,-5.192582467227));
#2454 = CARTESIAN_POINT('',(2.247774833135,-5.268775311263));
#2455 = CARTESIAN_POINT('',(3.372332158433,-5.338484165005));
#2456 = CARTESIAN_POINT('',(4.497283697642,-5.40174339463));
#2457 = CARTESIAN_POINT('',(5.622558579005,-5.458638885096));
#2458 = CARTESIAN_POINT('',(6.748135112529,-5.509187135326));
#2459 = CARTESIAN_POINT('',(7.873962145967,-5.553448844955));
#2460 = CARTESIAN_POINT('',(9.,-5.591468073587));
#2461 = ( GEOMETRIC_REPRESENTATION_CONTEXT(2) 
PARAMETRIC_REPRESENTATION_CONTEXT() REPRESENTATION_CONTEXT('2D SPACE',''
  ) );
#2462 = ORIENTED_EDGE('',*,*,#2463,.T.);
#2463 = EDGE_CURVE('',#2423,#2464,#2466,.T.);
#2464 = VERTEX_POINT('',#2465);
#2465 = CARTESIAN_POINT('',(-71.3279650689,-105.5436594998,138.));
#2466 = SURFACE_CURVE('',#2467,(#2473,#2482),.PCURVE_S1.);
#2467 = B_SPLINE_CURVE_WITH_KNOTS('',4,(#2468,#2469,#2470,#2471,#2472),
  .UNSPECIFIED.,.F.,.F.,(5,5),(0.,1.),.PIECEWISE_BEZIER_KNOTS.);
#2468 = CARTESIAN_POINT('',(-55.73950780078,-114.5436594998,138.));
#2469 = CARTESIAN_POINT('',(-59.78922210033,-112.5729779031,138.));
#2470 = CARTESIAN_POINT('',(-63.74604435337,-110.4113883473,138.));
#2471 = CARTESIAN_POINT('',(-67.5964485267,-108.0654735324,138.));
#2472 = CARTESIAN_POINT('',(-71.3279650689,-105.5436594998,138.));
#2473 = PCURVE('',#1107,#2474);
#2474 = DEFINITIONAL_REPRESENTATION('',(#2475),#2481);
#2475 = B_SPLINE_CURVE_WITH_KNOTS('',4,(#2476,#2477,#2478,#2479,#2480),
  .UNSPECIFIED.,.F.,.F.,(5,5),(0.,1.),.PIECEWISE_BEZIER_KNOTS.);
#2476 = CARTESIAN_POINT('',(4.25950063053,206.51584807106));
#2477 = CARTESIAN_POINT('',(4.22414542783,206.51584807106));
#2478 = CARTESIAN_POINT('',(4.18879020773,206.51584807106));
#2479 = CARTESIAN_POINT('',(4.153434972902,206.51584807106));
#2480 = CARTESIAN_POINT('',(4.118079779043,206.51584807106));
#2481 = ( GEOMETRIC_REPRESENTATION_CONTEXT(2) 
PARAMETRIC_REPRESENTATION_CONTEXT() REPRESENTATION_CONTEXT('2D SPACE',''
  ) );
#2482 = PCURVE('',#2483,#2488);
#2483 = PLANE('',#2484);
#2484 = AXIS2_PLACEMENT_3D('',#2485,#2486,#2487);
#2485 = CARTESIAN_POINT('',(-53.1845835008,-110.1184008027,138.));
#2486 = DIRECTION('',(0.,0.,1.));
#2487 = DIRECTION('',(-0.866025403784,0.5,0.));
#2488 = DEFINITIONAL_REPRESENTATION('',(#2489),#2495);
#2489 = B_SPLINE_CURVE_WITH_KNOTS('',4,(#2490,#2491,#2492,#2493,#2494),
  .UNSPECIFIED.,.F.,.F.,(5,5),(0.,1.),.PIECEWISE_BEZIER_KNOTS.);
#2490 = CARTESIAN_POINT('',(0.,5.109848599967));
#2491 = CARTESIAN_POINT('',(4.492496259807,5.428045424261));
#2492 = CARTESIAN_POINT('',(8.999999627136,5.534465082849));
#2493 = CARTESIAN_POINT('',(13.507504863522,5.428045344698));
#2494 = CARTESIAN_POINT('',(18.,5.109848599967));
#2495 = ( GEOMETRIC_REPRESENTATION_CONTEXT(2) 
PARAMETRIC_REPRESENTATION_CONTEXT() REPRESENTATION_CONTEXT('2D SPACE',''
  ) );
#2496 = ORIENTED_EDGE('',*,*,#2497,.T.);
#2497 = EDGE_CURVE('',#2464,#1818,#2498,.T.);
#2498 = SURFACE_CURVE('',#2499,(#2509,#2522),.PCURVE_S1.);
#2499 = B_SPLINE_CURVE_WITH_KNOTS('',8,(#2500,#2501,#2502,#2503,#2504,
    #2505,#2506,#2507,#2508),.UNSPECIFIED.,.F.,.F.,(9,9),(0.,1.),
  .PIECEWISE_BEZIER_KNOTS.);
#2500 = CARTESIAN_POINT('',(-71.3279650689,-105.5436594998,138.));
#2501 = CARTESIAN_POINT('',(-71.36933200254,-105.6153091306,
    139.12364685058));
#2502 = CARTESIAN_POINT('',(-71.40742842454,-105.6812940691,
    140.24777483288));
#2503 = CARTESIAN_POINT('',(-71.44228285144,-105.7416637074,
    141.37233215893));
#2504 = CARTESIAN_POINT('',(-71.47391246622,-105.7964478072,
    142.49728369704));
#2505 = CARTESIAN_POINT('',(-71.50236021148,-105.8457207473,
    143.62255857945));
#2506 = CARTESIAN_POINT('',(-71.52763433658,-105.8894968161,
    144.74813511233));
#2507 = CARTESIAN_POINT('',(-71.5497651914,-105.9278285811,
    145.87396214601));
#2508 = CARTESIAN_POINT('',(-71.56877480571,-105.9607541989,147.));
#2509 = PCURVE('',#1107,#2510);
#2510 = DEFINITIONAL_REPRESENTATION('',(#2511),#2521);
#2511 = B_SPLINE_CURVE_WITH_KNOTS('',8,(#2512,#2513,#2514,#2515,#2516,
    #2517,#2518,#2519,#2520),.UNSPECIFIED.,.F.,.F.,(9,9),(0.,1.),
  .PIECEWISE_BEZIER_KNOTS.);
#2512 = CARTESIAN_POINT('',(4.118079779043,206.51584807106));
#2513 = CARTESIAN_POINT('',(4.118125665421,207.64244268912));
#2514 = CARTESIAN_POINT('',(4.11816785603,208.76903758201));
#2515 = CARTESIAN_POINT('',(4.118206401456,209.89563603281));
#2516 = CARTESIAN_POINT('',(4.118241337369,211.02222696688));
#2517 = CARTESIAN_POINT('',(4.118272725507,212.14883389751));
#2518 = CARTESIAN_POINT('',(4.118300587167,213.27543524706));
#2519 = CARTESIAN_POINT('',(4.118324965939,214.40203883459));
#2520 = CARTESIAN_POINT('',(4.118345894248,215.52864249451));
#2521 = ( GEOMETRIC_REPRESENTATION_CONTEXT(2) 
PARAMETRIC_REPRESENTATION_CONTEXT() REPRESENTATION_CONTEXT('2D SPACE',''
  ) );
#2522 = PCURVE('',#1833,#2523);
#2523 = DEFINITIONAL_REPRESENTATION('',(#2524),#2534);
#2524 = B_SPLINE_CURVE_WITH_KNOTS('',8,(#2525,#2526,#2527,#2528,#2529,
    #2530,#2531,#2532,#2533),.UNSPECIFIED.,.F.,.F.,(9,9),(0.,1.),
  .PIECEWISE_BEZIER_KNOTS.);
#2525 = CARTESIAN_POINT('',(0.,-5.109848599967));
#2526 = CARTESIAN_POINT('',(1.123646850581,-5.192582467232));
#2527 = CARTESIAN_POINT('',(2.247774832889,-5.268775311246));
#2528 = CARTESIAN_POINT('',(3.372332158933,-5.338484165037));
#2529 = CARTESIAN_POINT('',(4.497283697042,-5.401743394595));
#2530 = CARTESIAN_POINT('',(5.622558579451,-5.458638885119));
#2531 = CARTESIAN_POINT('',(6.74813511233,-5.509187135317));
#2532 = CARTESIAN_POINT('',(7.873962146012,-5.553448844957));
#2533 = CARTESIAN_POINT('',(9.,-5.591468073587));
#2534 = ( GEOMETRIC_REPRESENTATION_CONTEXT(2) 
PARAMETRIC_REPRESENTATION_CONTEXT() REPRESENTATION_CONTEXT('2D SPACE',''
  ) );
#2535 = ORIENTED_EDGE('',*,*,#1845,.T.);
#2536 = ORIENTED_EDGE('',*,*,#2537,.F.);
#2537 = EDGE_CURVE('',#2538,#1846,#2540,.T.);
#2538 = VERTEX_POINT('',#2539);
#2539 = CARTESIAN_POINT('',(-71.3279650689,105.54365949984,138.));
#2540 = SURFACE_CURVE('',#2541,(#2551,#2564),.PCURVE_S1.);
#2541 = B_SPLINE_CURVE_WITH_KNOTS('',8,(#2542,#2543,#2544,#2545,#2546,
    #2547,#2548,#2549,#2550),.UNSPECIFIED.,.F.,.F.,(9,9),(0.,1.),
  .PIECEWISE_BEZIER_KNOTS.);
#2542 = CARTESIAN_POINT('',(-71.3279650689,105.54365949984,138.));
#2543 = CARTESIAN_POINT('',(-71.36933200254,105.61530913065,
    139.12364685058));
#2544 = CARTESIAN_POINT('',(-71.40742842454,105.68129406915,
    140.24777483288));
#2545 = CARTESIAN_POINT('',(-71.44228285144,105.7416637074,
    141.37233215893));
#2546 = CARTESIAN_POINT('',(-71.47391246622,105.79644780723,
    142.49728369702));
#2547 = CARTESIAN_POINT('',(-71.50236021148,105.84572074737,
    143.62255857947));
#2548 = CARTESIAN_POINT('',(-71.52763433658,105.88949681617,
    144.7481351123));
#2549 = CARTESIAN_POINT('',(-71.5497651914,105.92782858113,
    145.87396214602));
#2550 = CARTESIAN_POINT('',(-71.56877480571,105.96075419895,147.));
#2551 = PCURVE('',#1107,#2552);
#2552 = DEFINITIONAL_REPRESENTATION('',(#2553),#2563);
#2553 = B_SPLINE_CURVE_WITH_KNOTS('',8,(#2554,#2555,#2556,#2557,#2558,
    #2559,#2560,#2561,#2562),.UNSPECIFIED.,.F.,.F.,(9,9),(0.,1.),
  .PIECEWISE_BEZIER_KNOTS.);
#2554 = CARTESIAN_POINT('',(2.165105528137,206.51584807106));
#2555 = CARTESIAN_POINT('',(2.165059641758,207.64244268912));
#2556 = CARTESIAN_POINT('',(2.165017451149,208.76903758201));
#2557 = CARTESIAN_POINT('',(2.164978905723,209.89563603281));
#2558 = CARTESIAN_POINT('',(2.16494396981,211.02222696689));
#2559 = CARTESIAN_POINT('',(2.164912581673,212.14883389752));
#2560 = CARTESIAN_POINT('',(2.164884720013,213.27543524704));
#2561 = CARTESIAN_POINT('',(2.164860341241,214.4020388346));
#2562 = CARTESIAN_POINT('',(2.164839412932,215.52864249451));
#2563 = ( GEOMETRIC_REPRESENTATION_CONTEXT(2) 
PARAMETRIC_REPRESENTATION_CONTEXT() REPRESENTATION_CONTEXT('2D SPACE',''
  ) );
#2564 = PCURVE('',#2047,#2565);
#2565 = DEFINITIONAL_REPRESENTATION('',(#2566),#2576);
#2566 = B_SPLINE_CURVE_WITH_KNOTS('',8,(#2567,#2568,#2569,#2570,#2571,
    #2572,#2573,#2574,#2575),.UNSPECIFIED.,.F.,.F.,(9,9),(0.,1.),
  .PIECEWISE_BEZIER_KNOTS.);
#2567 = CARTESIAN_POINT('',(0.,-5.109848599967));
#2568 = CARTESIAN_POINT('',(1.123646850583,-5.192582467232));
#2569 = CARTESIAN_POINT('',(2.247774832884,-5.268775311247));
#2570 = CARTESIAN_POINT('',(3.372332158938,-5.338484165034));
#2571 = CARTESIAN_POINT('',(4.497283697028,-5.401743394599));
#2572 = CARTESIAN_POINT('',(5.622558579477,-5.458638885117));
#2573 = CARTESIAN_POINT('',(6.748135112307,-5.509187135317));
#2574 = CARTESIAN_POINT('',(7.873962146021,-5.553448844957));
#2575 = CARTESIAN_POINT('',(9.,-5.591468073587));
#2576 = ( GEOMETRIC_REPRESENTATION_CONTEXT(2) 
PARAMETRIC_REPRESENTATION_CONTEXT() REPRESENTATION_CONTEXT('2D SPACE',''
  ) );
#2577 = ORIENTED_EDGE('',*,*,#2578,.T.);
#2578 = EDGE_CURVE('',#2538,#2579,#2581,.T.);
#2579 = VERTEX_POINT('',#2580);
#2580 = CARTESIAN_POINT('',(-55.73950780078,114.54365949984,138.));
#2581 = SURFACE_CURVE('',#2582,(#2588,#2597),.PCURVE_S1.);
#2582 = B_SPLINE_CURVE_WITH_KNOTS('',4,(#2583,#2584,#2585,#2586,#2587),
  .UNSPECIFIED.,.F.,.F.,(5,5),(0.,1.),.PIECEWISE_BEZIER_KNOTS.);
#2583 = CARTESIAN_POINT('',(-71.3279650689,105.54365949984,138.));
#2584 = CARTESIAN_POINT('',(-67.5964485267,108.06547353242,138.));
#2585 = CARTESIAN_POINT('',(-63.74604435337,110.41138834732,138.));
#2586 = CARTESIAN_POINT('',(-59.78922210033,112.57297790318,138.));
#2587 = CARTESIAN_POINT('',(-55.73950780078,114.54365949984,138.));
#2588 = PCURVE('',#1107,#2589);
#2589 = DEFINITIONAL_REPRESENTATION('',(#2590),#2596);
#2590 = B_SPLINE_CURVE_WITH_KNOTS('',4,(#2591,#2592,#2593,#2594,#2595),
  .UNSPECIFIED.,.F.,.F.,(5,5),(0.,1.),.PIECEWISE_BEZIER_KNOTS.);
#2591 = CARTESIAN_POINT('',(2.165105528137,206.51584807106));
#2592 = CARTESIAN_POINT('',(2.129750334278,206.51584807106));
#2593 = CARTESIAN_POINT('',(2.094395099449,206.51584807106));
#2594 = CARTESIAN_POINT('',(2.059039879349,206.51584807106));
#2595 = CARTESIAN_POINT('',(2.02368467665,206.51584807106));
#2596 = ( GEOMETRIC_REPRESENTATION_CONTEXT(2) 
PARAMETRIC_REPRESENTATION_CONTEXT() REPRESENTATION_CONTEXT('2D SPACE',''
  ) );
#2597 = PCURVE('',#2598,#2603);
#2598 = PLANE('',#2599);
#2599 = AXIS2_PLACEMENT_3D('',#2600,#2601,#2602);
#2600 = CARTESIAN_POINT('',(-68.77304076892,101.11840080278,138.));
#2601 = DIRECTION('',(0.,0.,1.));
#2602 = DIRECTION('',(0.866025403784,0.5,0.));
#2603 = DEFINITIONAL_REPRESENTATION('',(#2604),#2610);
#2604 = B_SPLINE_CURVE_WITH_KNOTS('',4,(#2605,#2606,#2607,#2608,#2609),
  .UNSPECIFIED.,.F.,.F.,(5,5),(0.,1.),.PIECEWISE_BEZIER_KNOTS.);
#2605 = CARTESIAN_POINT('',(-4.440892098501E-16,5.109848599967));
#2606 = CARTESIAN_POINT('',(4.492495136478,5.428045344698));
#2607 = CARTESIAN_POINT('',(9.000000372864,5.534465082849));
#2608 = CARTESIAN_POINT('',(13.507503740193,5.428045424261));
#2609 = CARTESIAN_POINT('',(18.,5.109848599967));
#2610 = ( GEOMETRIC_REPRESENTATION_CONTEXT(2) 
PARAMETRIC_REPRESENTATION_CONTEXT() REPRESENTATION_CONTEXT('2D SPACE',''
  ) );
#2611 = ORIENTED_EDGE('',*,*,#2612,.T.);
#2612 = EDGE_CURVE('',#2579,#1274,#2613,.T.);
#2613 = SURFACE_CURVE('',#2614,(#2624,#2637),.PCURVE_S1.);
#2614 = B_SPLINE_CURVE_WITH_KNOTS('',8,(#2615,#2616,#2617,#2618,#2619,
    #2620,#2621,#2622,#2623),.UNSPECIFIED.,.F.,.F.,(9,9),(0.,1.),
  .PIECEWISE_BEZIER_KNOTS.);
#2615 = CARTESIAN_POINT('',(-55.73950780078,114.54365949984,138.));
#2616 = CARTESIAN_POINT('',(-55.78087473442,114.61530913065,
    139.12364685057));
#2617 = CARTESIAN_POINT('',(-55.81897115642,114.68129406915,
    140.24777483289));
#2618 = CARTESIAN_POINT('',(-55.85382558332,114.7416637074,
    141.37233215893));
#2619 = CARTESIAN_POINT('',(-55.8854551981,114.79644780722,
    142.49728369702));
#2620 = CARTESIAN_POINT('',(-55.91390294336,114.84572074738,
    143.62255857946));
#2621 = CARTESIAN_POINT('',(-55.93917706846,114.88949681617,
    144.74813511233));
#2622 = CARTESIAN_POINT('',(-55.96130792328,114.92782858113,
    145.873962146));
#2623 = CARTESIAN_POINT('',(-55.98031753759,114.96075419895,147.));
#2624 = PCURVE('',#1107,#2625);
#2625 = DEFINITIONAL_REPRESENTATION('',(#2626),#2636);
#2626 = B_SPLINE_CURVE_WITH_KNOTS('',8,(#2627,#2628,#2629,#2630,#2631,
    #2632,#2633,#2634,#2635),.UNSPECIFIED.,.F.,.F.,(9,9),(0.,1.),
  .PIECEWISE_BEZIER_KNOTS.);
#2627 = CARTESIAN_POINT('',(2.02368467665,206.51584807106));
#2628 = CARTESIAN_POINT('',(2.023730563028,207.64244268912));
#2629 = CARTESIAN_POINT('',(2.023772753637,208.76903758204));
#2630 = CARTESIAN_POINT('',(2.023811299063,209.89563603272));
#2631 = CARTESIAN_POINT('',(2.023846234976,211.022226967));
#2632 = CARTESIAN_POINT('',(2.023877623114,212.14883389742));
#2633 = CARTESIAN_POINT('',(2.023905484774,213.27543524709));
#2634 = CARTESIAN_POINT('',(2.023929863545,214.40203883459));
#2635 = CARTESIAN_POINT('',(2.023950791854,215.52864249451));
#2636 = ( GEOMETRIC_REPRESENTATION_CONTEXT(2) 
PARAMETRIC_REPRESENTATION_CONTEXT() REPRESENTATION_CONTEXT('2D SPACE',''
  ) );
#2637 = PCURVE('',#1289,#2638);
#2638 = DEFINITIONAL_REPRESENTATION('',(#2639),#2649);
#2639 = B_SPLINE_CURVE_WITH_KNOTS('',8,(#2640,#2641,#2642,#2643,#2644,
    #2645,#2646,#2647,#2648),.UNSPECIFIED.,.F.,.F.,(9,9),(0.,1.),
  .PIECEWISE_BEZIER_KNOTS.);
#2640 = CARTESIAN_POINT('',(0.,-5.109848599967));
#2641 = CARTESIAN_POINT('',(1.123646850579,-5.192582467231));
#2642 = CARTESIAN_POINT('',(2.247774832892,-5.268775311247));
#2643 = CARTESIAN_POINT('',(3.372332158937,-5.338484165034));
#2644 = CARTESIAN_POINT('',(4.497283697024,-5.401743394598));
#2645 = CARTESIAN_POINT('',(5.622558579466,-5.458638885118));
#2646 = CARTESIAN_POINT('',(6.74813511233,-5.509187135318));
#2647 = CARTESIAN_POINT('',(7.873962146008,-5.553448844957));
#2648 = CARTESIAN_POINT('',(9.,-5.591468073587));
#2649 = ( GEOMETRIC_REPRESENTATION_CONTEXT(2) 
PARAMETRIC_REPRESENTATION_CONTEXT() REPRESENTATION_CONTEXT('2D SPACE',''
  ) );
#2650 = ORIENTED_EDGE('',*,*,#1301,.T.);
#2651 = ORIENTED_EDGE('',*,*,#2652,.F.);
#2652 = EDGE_CURVE('',#2653,#1302,#2655,.T.);
#2653 = VERTEX_POINT('',#2654);
#2654 = CARTESIAN_POINT('',(127.06747286969,9.,138.));
#2655 = SURFACE_CURVE('',#2656,(#2666,#2679),.PCURVE_S1.);
#2656 = B_SPLINE_CURVE_WITH_KNOTS('',8,(#2657,#2658,#2659,#2660,#2661,
    #2662,#2663,#2664,#2665),.UNSPECIFIED.,.F.,.F.,(9,9),(0.,1.),
  .PIECEWISE_BEZIER_KNOTS.);
#2657 = CARTESIAN_POINT('',(127.06747286969,9.,138.));
#2658 = CARTESIAN_POINT('',(127.15020673695,9.,139.12364685055));
#2659 = CARTESIAN_POINT('',(127.22639958098,9.,140.24777483301));
#2660 = CARTESIAN_POINT('',(127.29610843474,9.,141.37233215867));
#2661 = CARTESIAN_POINT('',(127.35936766434,9.,142.49728369737));
#2662 = CARTESIAN_POINT('',(127.41626315483,9.,143.62255857919));
#2663 = CARTESIAN_POINT('',(127.46681140505,9.,144.74813511245));
#2664 = CARTESIAN_POINT('',(127.51107311468,9.,145.87396214598));
#2665 = CARTESIAN_POINT('',(127.54909234331,9.,147.));
#2666 = PCURVE('',#1107,#2667);
#2667 = DEFINITIONAL_REPRESENTATION('',(#2668),#2678);
#2668 = B_SPLINE_CURVE_WITH_KNOTS('',8,(#2669,#2670,#2671,#2672,#2673,
    #2674,#2675,#2676,#2677),.UNSPECIFIED.,.F.,.F.,(9,9),(0.,1.),
  .PIECEWISE_BEZIER_KNOTS.);
#2669 = CARTESIAN_POINT('',(7.071042574347E-02,206.51584807106));
#2670 = CARTESIAN_POINT('',(7.066453936526E-02,207.64244268909));
#2671 = CARTESIAN_POINT('',(7.06223487562E-02,208.76903758219));
#2672 = CARTESIAN_POINT('',(7.058380333006E-02,209.89563603237));
#2673 = CARTESIAN_POINT('',(7.054886741705E-02,211.02222696747));
#2674 = CARTESIAN_POINT('',(7.051747927968E-02,212.14883389706));
#2675 = CARTESIAN_POINT('',(7.048961761954E-02,213.27543524724));
#2676 = CARTESIAN_POINT('',(7.04652388477E-02,214.40203883457));
#2677 = CARTESIAN_POINT('',(7.044431053876E-02,215.52864249451));
#2678 = ( GEOMETRIC_REPRESENTATION_CONTEXT(2) 
PARAMETRIC_REPRESENTATION_CONTEXT() REPRESENTATION_CONTEXT('2D SPACE',''
  ) );
#2679 = PCURVE('',#1505,#2680);
#2680 = DEFINITIONAL_REPRESENTATION('',(#2681),#2691);
#2681 = B_SPLINE_CURVE_WITH_KNOTS('',8,(#2682,#2683,#2684,#2685,#2686,
    #2687,#2688,#2689,#2690),.UNSPECIFIED.,.F.,.F.,(9,9),(0.,1.),
  .PIECEWISE_BEZIER_KNOTS.);
#2682 = CARTESIAN_POINT('',(0.,-5.109848599967));
#2683 = CARTESIAN_POINT('',(1.123646850551,-5.192582467229));
#2684 = CARTESIAN_POINT('',(2.247774833011,-5.268775311255));
#2685 = CARTESIAN_POINT('',(3.372332158675,-5.338484165019));
#2686 = CARTESIAN_POINT('',(4.497283697372,-5.401743394616));
#2687 = CARTESIAN_POINT('',(5.62255857919,-5.458638885104));
#2688 = CARTESIAN_POINT('',(6.748135112452,-5.509187135323));
#2689 = CARTESIAN_POINT('',(7.873962145984,-5.553448844956));
#2690 = CARTESIAN_POINT('',(9.,-5.591468073587));
#2691 = ( GEOMETRIC_REPRESENTATION_CONTEXT(2) 
PARAMETRIC_REPRESENTATION_CONTEXT() REPRESENTATION_CONTEXT('2D SPACE',''
  ) );
#2692 = ORIENTED_EDGE('',*,*,#2693,.T.);
#2693 = EDGE_CURVE('',#2653,#2264,#2694,.T.);
#2694 = SURFACE_CURVE('',#2695,(#2701,#2710),.PCURVE_S1.);
#2695 = B_SPLINE_CURVE_WITH_KNOTS('',4,(#2696,#2697,#2698,#2699,#2700),
  .UNSPECIFIED.,.F.,.F.,(5,5),(0.,1.),.PIECEWISE_BEZIER_KNOTS.);
#2696 = CARTESIAN_POINT('',(127.06747286969,9.,138.));
#2697 = CARTESIAN_POINT('',(127.22657126544,6.753752101552,138.));
#2698 = CARTESIAN_POINT('',(127.33272541872,4.50375192793,138.));
#2699 = CARTESIAN_POINT('',(127.38580243296,2.251876327351,138.));
#2700 = CARTESIAN_POINT('',(127.38580243296,0.,138.));
#2701 = PCURVE('',#1107,#2702);
#2702 = DEFINITIONAL_REPRESENTATION('',(#2703),#2709);
#2703 = B_SPLINE_CURVE_WITH_KNOTS('',4,(#2704,#2705,#2706,#2707,#2708),
  .UNSPECIFIED.,.F.,.F.,(5,5),(0.,1.),.PIECEWISE_BEZIER_KNOTS.);
#2704 = CARTESIAN_POINT('',(7.071042574347E-02,206.51584807106));
#2705 = CARTESIAN_POINT('',(5.303282621529E-02,206.51584807106));
#2706 = CARTESIAN_POINT('',(3.535520979804E-02,206.51584807106));
#2707 = CARTESIAN_POINT('',(1.767760837034E-02,206.51584807106));
#2708 = CARTESIAN_POINT('',(0.,206.51584807106));
#2709 = ( GEOMETRIC_REPRESENTATION_CONTEXT(2) 
PARAMETRIC_REPRESENTATION_CONTEXT() REPRESENTATION_CONTEXT('2D SPACE',''
  ) );
#2710 = PCURVE('',#2368,#2711);
#2711 = DEFINITIONAL_REPRESENTATION('',(#2712),#2718);
#2712 = B_SPLINE_CURVE_WITH_KNOTS('',4,(#2713,#2714,#2715,#2716,#2717),
  .UNSPECIFIED.,.F.,.F.,(5,5),(0.,1.),.PIECEWISE_BEZIER_KNOTS.);
#2713 = CARTESIAN_POINT('',(0.,5.109848599967));
#2714 = CARTESIAN_POINT('',(2.246247898448,5.26894699572));
#2715 = CARTESIAN_POINT('',(4.49624807207,5.375101148991));
#2716 = CARTESIAN_POINT('',(6.748123672649,5.428178163238));
#2717 = CARTESIAN_POINT('',(9.,5.428178163238));
#2718 = ( GEOMETRIC_REPRESENTATION_CONTEXT(2) 
PARAMETRIC_REPRESENTATION_CONTEXT() REPRESENTATION_CONTEXT('2D SPACE',''
  ) );
#2719 = FACE_BOUND('',#2720,.F.);
#2720 = EDGE_LOOP('',(#2721,#2778,#2929,#2975));
#2721 = ORIENTED_EDGE('',*,*,#2722,.T.);
#2722 = EDGE_CURVE('',#2723,#2725,#2727,.T.);
#2723 = VERTEX_POINT('',#2724);
#2724 = CARTESIAN_POINT('',(49.5,-108.5998696535,94.5));
#2725 = VERTEX_POINT('',#2726);
#2726 = CARTESIAN_POINT('',(-49.5,-108.5998696535,94.5));
#2727 = SURFACE_CURVE('',#2728,(#2741,#2757),.PCURVE_S1.);
#2728 = B_SPLINE_CURVE_WITH_KNOTS('',6,(#2729,#2730,#2731,#2732,#2733,
    #2734,#2735,#2736,#2737,#2738,#2739,#2740),.UNSPECIFIED.,.F.,.F.,(7,
    5,7),(0.,0.5,1.),.UNSPECIFIED.);
#2729 = CARTESIAN_POINT('',(49.5,-108.5998696535,94.5));
#2730 = CARTESIAN_POINT('',(41.759391309297,-112.1280518826,94.5));
#2731 = CARTESIAN_POINT('',(33.716375580144,-114.9944555497,94.5));
#2732 = CARTESIAN_POINT('',(25.443057238027,-117.1659780101,94.5));
#2733 = CARTESIAN_POINT('',(17.014233176578,-118.6213920586,94.5));
#2734 = CARTESIAN_POINT('',(8.506767652528,-119.348991151,94.5));
#2735 = CARTESIAN_POINT('',(-8.506767652509,-119.348991151,94.5));
#2736 = CARTESIAN_POINT('',(-17.01423317656,-118.6213920586,94.5));
#2737 = CARTESIAN_POINT('',(-25.44305723801,-117.1659780101,94.5));
#2738 = CARTESIAN_POINT('',(-33.71637558013,-114.9944555497,94.5));
#2739 = CARTESIAN_POINT('',(-41.75939130929,-112.1280518826,94.5));
#2740 = CARTESIAN_POINT('',(-49.5,-108.5998696535,94.5));
#2741 = PCURVE('',#1107,#2742);
#2742 = DEFINITIONAL_REPRESENTATION('',(#2743),#2756);
#2743 = B_SPLINE_CURVE_WITH_KNOTS('',6,(#2744,#2745,#2746,#2747,#2748,
    #2749,#2750,#2751,#2752,#2753,#2754,#2755),.UNSPECIFIED.,.F.,.F.,(7,
    5,7),(0.,0.5,1.),.UNSPECIFIED.);
#2744 = CARTESIAN_POINT('',(5.140057075885,162.18668379357));
#2745 = CARTESIAN_POINT('',(5.068780667217,162.18668379357));
#2746 = CARTESIAN_POINT('',(4.99749847262,162.18668379357));
#2747 = CARTESIAN_POINT('',(4.926223028202,162.18668379357));
#2748 = CARTESIAN_POINT('',(4.854947584233,162.18668379357));
#2749 = CARTESIAN_POINT('',(4.783665390604,162.18668379357));
#2750 = CARTESIAN_POINT('',(4.641112570166,162.18668379357));
#2751 = CARTESIAN_POINT('',(4.569830376537,162.18668379357));
#2752 = CARTESIAN_POINT('',(4.498554932567,162.18668379357));
#2753 = CARTESIAN_POINT('',(4.42727948815,162.18668379357));
#2754 = CARTESIAN_POINT('',(4.355997293552,162.18668379357));
#2755 = CARTESIAN_POINT('',(4.284720884884,162.18668379357));
#2756 = ( GEOMETRIC_REPRESENTATION_CONTEXT(2) 
PARAMETRIC_REPRESENTATION_CONTEXT() REPRESENTATION_CONTEXT('2D SPACE',''
  ) );
#2757 = PCURVE('',#2758,#2763);
#2758 = PLANE('',#2759);
#2759 = AXIS2_PLACEMENT_3D('',#2760,#2761,#2762);
#2760 = CARTESIAN_POINT('',(-49.5,-200.,94.5));
#2761 = DIRECTION('',(0.,0.,1.));
#2762 = DIRECTION('',(1.,0.,0.));
#2763 = DEFINITIONAL_REPRESENTATION('',(#2764),#2777);
#2764 = B_SPLINE_CURVE_WITH_KNOTS('',6,(#2765,#2766,#2767,#2768,#2769,
    #2770,#2771,#2772,#2773,#2774,#2775,#2776),.UNSPECIFIED.,.F.,.F.,(7,
    5,7),(0.,0.5,1.),.UNSPECIFIED.);
#2765 = CARTESIAN_POINT('',(99.,91.400130346446));
#2766 = CARTESIAN_POINT('',(91.259391309297,87.871948117387));
#2767 = CARTESIAN_POINT('',(83.216375580144,85.005544450296));
#2768 = CARTESIAN_POINT('',(74.943057238027,82.834021989851));
#2769 = CARTESIAN_POINT('',(66.514233176578,81.378607941344));
#2770 = CARTESIAN_POINT('',(58.006767652528,80.651008848969));
#2771 = CARTESIAN_POINT('',(40.993232347491,80.651008848968));
#2772 = CARTESIAN_POINT('',(32.485766823439,81.378607941341));
#2773 = CARTESIAN_POINT('',(24.056942761981,82.834021989848));
#2774 = CARTESIAN_POINT('',(15.783624419865,85.005544450293));
#2775 = CARTESIAN_POINT('',(7.740608690706,87.871948117386));
#2776 = CARTESIAN_POINT('',(0.,91.400130346446));
#2777 = ( GEOMETRIC_REPRESENTATION_CONTEXT(2) 
PARAMETRIC_REPRESENTATION_CONTEXT() REPRESENTATION_CONTEXT('2D SPACE',''
  ) );
#2778 = ORIENTED_EDGE('',*,*,#2779,.T.);
#2779 = EDGE_CURVE('',#2725,#2780,#2782,.T.);
#2780 = VERTEX_POINT('',#2781);
#2781 = CARTESIAN_POINT('',(-49.5,-117.6239676868,141.5));
#2782 = SURFACE_CURVE('',#2783,(#2828,#2876),.PCURVE_S1.);
#2783 = B_SPLINE_CURVE_WITH_KNOTS('',8,(#2784,#2785,#2786,#2787,#2788,
    #2789,#2790,#2791,#2792,#2793,#2794,#2795,#2796,#2797,#2798,#2799,
    #2800,#2801,#2802,#2803,#2804,#2805,#2806,#2807,#2808,#2809,#2810,
    #2811,#2812,#2813,#2814,#2815,#2816,#2817,#2818,#2819,#2820,#2821,
    #2822,#2823,#2824,#2825,#2826,#2827),.UNSPECIFIED.,.F.,.F.,(9,7,7,7,
    7,7,9),(0.,0.121996939418,0.341116118793,0.503875640206,
    0.627275609022,0.81229013416,1.),.UNSPECIFIED.);
#2784 = CARTESIAN_POINT('',(-49.5,-108.5998696535,94.5));
#2785 = CARTESIAN_POINT('',(-49.5,-108.838150072,95.19437417039));
#2786 = CARTESIAN_POINT('',(-49.5,-109.0726023591,95.889934824564));
#2787 = CARTESIAN_POINT('',(-49.5,-109.3032461927,96.586652078931));
#2788 = CARTESIAN_POINT('',(-49.5,-109.5301014287,97.284497212001));
#2789 = CARTESIAN_POINT('',(-49.5,-109.7531877628,97.983441219268));
#2790 = CARTESIAN_POINT('',(-49.5,-109.9725246978,98.683454710778));
#2791 = CARTESIAN_POINT('',(-49.5,-110.188131815,99.384509151417));
#2792 = CARTESIAN_POINT('',(-49.5,-110.7806193419,101.34757063825));
#2793 = CARTESIAN_POINT('',(-49.5,-111.149242086,102.61183708973));
#2794 = CARTESIAN_POINT('',(-49.5,-111.5060125282,103.87923042641));
#2795 = CARTESIAN_POINT('',(-49.5,-111.8510486854,105.14958119272));
#2796 = CARTESIAN_POINT('',(-49.5,-112.1844600623,106.42278116238));
#2797 = CARTESIAN_POINT('',(-49.5,-112.5063697232,107.69862809645));
#2798 = CARTESIAN_POINT('',(-49.5,-112.8168848829,108.97702519036));
#2799 = CARTESIAN_POINT('',(-49.5,-113.3383891976,111.20920062147));
#2800 = CARTESIAN_POINT('',(-49.5,-113.5544343722,112.16190005352));
#2801 = CARTESIAN_POINT('',(-49.5,-113.7643028518,113.11587374639));
#2802 = CARTESIAN_POINT('',(-49.5,-113.9680392699,114.0710717365));
#2803 = CARTESIAN_POINT('',(-49.5,-114.1656906793,115.02743968557));
#2804 = CARTESIAN_POINT('',(-49.5,-114.357304262,115.98492332597));
#2805 = CARTESIAN_POINT('',(-49.5,-114.5429241807,116.94347491128));
#2806 = CARTESIAN_POINT('',(-49.5,-114.8588147529,118.63057324225));
#2807 = CARTESIAN_POINT('',(-49.5,-114.9916153706,119.35868483046));
#2808 = CARTESIAN_POINT('',(-49.5,-115.1210150355,120.08736360816));
#2809 = CARTESIAN_POINT('',(-49.5,-115.247032987,120.81658933039));
#2810 = CARTESIAN_POINT('',(-49.5,-115.3696884328,121.54634196027));
#2811 = CARTESIAN_POINT('',(-49.5,-115.489000548,122.276601669));
#2812 = CARTESIAN_POINT('',(-49.5,-115.604988476,123.00734883583));
#2813 = CARTESIAN_POINT('',(-49.5,-115.8866175974,124.83488065634));
#2814 = CARTESIAN_POINT('',(-49.5,-116.0481343651,125.93224929322));
#2815 = CARTESIAN_POINT('',(-49.5,-116.202287031,127.03060317273));
#2816 = CARTESIAN_POINT('',(-49.5,-116.3491325788,128.12988715976));
#2817 = CARTESIAN_POINT('',(-49.5,-116.48873224,129.23004139769));
#2818 = CARTESIAN_POINT('',(-49.5,-116.6211483053,130.33100540378));
#2819 = CARTESIAN_POINT('',(-49.5,-116.746438992,131.43272465391));
#2820 = CARTESIAN_POINT('',(-49.5,-116.9846139172,133.65361900547));
#2821 = CARTESIAN_POINT('',(-49.5,-117.0972905302,134.77281490403));
#2822 = CARTESIAN_POINT('',(-49.5,-117.2027601617,135.89266832274));
#2823 = CARTESIAN_POINT('',(-49.5,-117.3010756349,137.0131303691));
#2824 = CARTESIAN_POINT('',(-49.5,-117.3922956365,138.13414711953));
#2825 = CARTESIAN_POINT('',(-49.5,-117.4764804901,139.25566391198));
#2826 = CARTESIAN_POINT('',(-49.5,-117.5536849922,140.37763219405));
#2827 = CARTESIAN_POINT('',(-49.5,-117.6239676868,141.5));
#2828 = PCURVE('',#1107,#2829);
#2829 = DEFINITIONAL_REPRESENTATION('',(#2830),#2875);
#2830 = B_SPLINE_CURVE_WITH_KNOTS('',8,(#2831,#2832,#2833,#2834,#2835,
    #2836,#2837,#2838,#2839,#2840,#2841,#2842,#2843,#2844,#2845,#2846,
    #2847,#2848,#2849,#2850,#2851,#2852,#2853,#2854,#2855,#2856,#2857,
    #2858,#2859,#2860,#2861,#2862,#2863,#2864,#2865,#2866,#2867,#2868,
    #2869,#2870,#2871,#2872,#2873,#2874),.UNSPECIFIED.,.F.,.F.,(9,7,7,7,
    7,7,9),(0.,0.121996939418,0.341116118793,0.503875640206,
    0.627275609022,0.81229013416,1.),.UNSPECIFIED.);
#2831 = CARTESIAN_POINT('',(4.284720884884,162.18668379357));
#2832 = CARTESIAN_POINT('',(4.285548933906,162.91404396346));
#2833 = CARTESIAN_POINT('',(4.28636024136,163.64152553453));
#2834 = CARTESIAN_POINT('',(4.287155092239,164.36912483363));
#2835 = CARTESIAN_POINT('',(4.287933762812,165.09683763163));
#2836 = CARTESIAN_POINT('',(4.288696519936,165.82466063332));
#2837 = CARTESIAN_POINT('',(4.289443621364,166.55259158529));
#2838 = CARTESIAN_POINT('',(4.290175317034,167.28062800179));
#2839 = CARTESIAN_POINT('',(4.292178821486,169.31657333234));
#2840 = CARTESIAN_POINT('',(4.293416880676,170.62470633853));
#2841 = CARTESIAN_POINT('',(4.294607437427,171.93313626952));
#2842 = CARTESIAN_POINT('',(4.295751829556,173.24186115832));
#2843 = CARTESIAN_POINT('',(4.296851293331,174.55082728098));
#2844 = CARTESIAN_POINT('',(4.297907041017,175.86007458714));
#2845 = CARTESIAN_POINT('',(4.298920170264,177.16954969667));
#2846 = CARTESIAN_POINT('',(4.300613420883,179.45207670406));
#2847 = CARTESIAN_POINT('',(4.301312168607,180.42502796049));
#2848 = CARTESIAN_POINT('',(4.301988424488,181.3980958405));
#2849 = CARTESIAN_POINT('',(4.302642599191,182.37127179644));
#2850 = CARTESIAN_POINT('',(4.303275094436,183.34455280426));
#2851 = CARTESIAN_POINT('',(4.303886296558,184.31793717293));
#2852 = CARTESIAN_POINT('',(4.304476567314,185.29141858812));
#2853 = CARTESIAN_POINT('',(4.305478172524,187.0031263224));
#2854 = CARTESIAN_POINT('',(4.305898259971,187.74131452189));
#2855 = CARTESIAN_POINT('',(4.306306666011,188.4795522951));
#2856 = CARTESIAN_POINT('',(4.306703537574,189.21783745143));
#2857 = CARTESIAN_POINT('',(4.307089017215,189.95616802733));
#2858 = CARTESIAN_POINT('',(4.307463243117,190.69454228629));
#2859 = CARTESIAN_POINT('',(4.307826349087,191.43295871886));
#2860 = CARTESIAN_POINT('',(4.308706394008,193.27859080449));
#2861 = CARTESIAN_POINT('',(4.309209618234,194.385857535));
#2862 = CARTESIAN_POINT('',(4.309688577672,195.49321309169));
#2863 = CARTESIAN_POINT('',(4.310143666723,196.6006460914));
#2864 = CARTESIAN_POINT('',(4.310575274545,197.70815094982));
#2865 = CARTESIAN_POINT('',(4.310983776126,198.81572440156));
#2866 = CARTESIAN_POINT('',(4.311369517182,199.92335985462));
#2867 = CARTESIAN_POINT('',(4.312101448619,202.1548872079));
#2868 = CARTESIAN_POINT('',(4.312446977668,203.27878050797));
#2869 = CARTESIAN_POINT('',(4.312769793709,204.40273324747));
#2870 = CARTESIAN_POINT('',(4.313070175829,205.52673483263));
#2871 = CARTESIAN_POINT('',(4.313348449088,206.65078062833));
#2872 = CARTESIAN_POINT('',(4.313604921541,207.77486821428));
#2873 = CARTESIAN_POINT('',(4.313839822856,208.89899140953));
#2874 = CARTESIAN_POINT('',(4.31405344613,210.02314854404));
#2875 = ( GEOMETRIC_REPRESENTATION_CONTEXT(2) 
PARAMETRIC_REPRESENTATION_CONTEXT() REPRESENTATION_CONTEXT('2D SPACE',''
  ) );
#2876 = PCURVE('',#2877,#2882);
#2877 = PLANE('',#2878);
#2878 = AXIS2_PLACEMENT_3D('',#2879,#2880,#2881);
#2879 = CARTESIAN_POINT('',(-49.5,-200.,94.5));
#2880 = DIRECTION('',(1.,0.,0.));
#2881 = DIRECTION('',(0.,0.,1.));
#2882 = DEFINITIONAL_REPRESENTATION('',(#2883),#2928);
#2883 = B_SPLINE_CURVE_WITH_KNOTS('',8,(#2884,#2885,#2886,#2887,#2888,
    #2889,#2890,#2891,#2892,#2893,#2894,#2895,#2896,#2897,#2898,#2899,
    #2900,#2901,#2902,#2903,#2904,#2905,#2906,#2907,#2908,#2909,#2910,
    #2911,#2912,#2913,#2914,#2915,#2916,#2917,#2918,#2919,#2920,#2921,
    #2922,#2923,#2924,#2925,#2926,#2927),.UNSPECIFIED.,.F.,.F.,(9,7,7,7,
    7,7,9),(0.,0.121996939418,0.341116118793,0.503875640206,
    0.627275609022,0.81229013416,1.),.UNSPECIFIED.);
#2884 = CARTESIAN_POINT('',(0.,-91.40013034644));
#2885 = CARTESIAN_POINT('',(0.69437417039,-91.16184992799));
#2886 = CARTESIAN_POINT('',(1.389934824564,-90.92739764089));
#2887 = CARTESIAN_POINT('',(2.086652078931,-90.69675380724));
#2888 = CARTESIAN_POINT('',(2.784497212001,-90.46989857126));
#2889 = CARTESIAN_POINT('',(3.483441219268,-90.24681223713));
#2890 = CARTESIAN_POINT('',(4.183454710778,-90.02747530212));
#2891 = CARTESIAN_POINT('',(4.884509151417,-89.81186818494));
#2892 = CARTESIAN_POINT('',(6.847570638257,-89.21938065808));
#2893 = CARTESIAN_POINT('',(8.111837089739,-88.85075791397));
#2894 = CARTESIAN_POINT('',(9.379230426416,-88.49398747178));
#2895 = CARTESIAN_POINT('',(10.64958119272,-88.14895131456));
#2896 = CARTESIAN_POINT('',(11.922781162381,-87.81553993765));
#2897 = CARTESIAN_POINT('',(13.198628096459,-87.4936302767));
#2898 = CARTESIAN_POINT('',(14.477025190365,-87.18311511701));
#2899 = CARTESIAN_POINT('',(16.709200621476,-86.66161080233));
#2900 = CARTESIAN_POINT('',(17.661900053525,-86.44556562776));
#2901 = CARTESIAN_POINT('',(18.615873746395,-86.23569714813));
#2902 = CARTESIAN_POINT('',(19.571071736507,-86.03196073004));
#2903 = CARTESIAN_POINT('',(20.527439685571,-85.83430932063));
#2904 = CARTESIAN_POINT('',(21.484923325972,-85.64269573794));
#2905 = CARTESIAN_POINT('',(22.443474911285,-85.45707581924));
#2906 = CARTESIAN_POINT('',(24.130573242256,-85.14118524709));
#2907 = CARTESIAN_POINT('',(24.858684830467,-85.00838462937));
#2908 = CARTESIAN_POINT('',(25.587363608164,-84.87898496448));
#2909 = CARTESIAN_POINT('',(26.316589330394,-84.7529670129));
#2910 = CARTESIAN_POINT('',(27.046341960278,-84.63031156719));
#2911 = CARTESIAN_POINT('',(27.776601669004,-84.51099945196));
#2912 = CARTESIAN_POINT('',(28.507348835832,-84.39501152392));
#2913 = CARTESIAN_POINT('',(30.334880656344,-84.11338240253));
#2914 = CARTESIAN_POINT('',(31.432249293224,-83.95186563481));
#2915 = CARTESIAN_POINT('',(32.530603172732,-83.79771296898));
#2916 = CARTESIAN_POINT('',(33.629887159767,-83.65086742119));
#2917 = CARTESIAN_POINT('',(34.730041397694,-83.51126775991));
#2918 = CARTESIAN_POINT('',(35.831005403785,-83.37885169465));
#2919 = CARTESIAN_POINT('',(36.93272465391,-83.25356100791));
#2920 = CARTESIAN_POINT('',(39.153619005473,-83.01538608274));
#2921 = CARTESIAN_POINT('',(40.272814904037,-82.90270946979));
#2922 = CARTESIAN_POINT('',(41.392668322744,-82.79723983823));
#2923 = CARTESIAN_POINT('',(42.513130369101,-82.69892436507));
#2924 = CARTESIAN_POINT('',(43.63414711953,-82.60770436347));
#2925 = CARTESIAN_POINT('',(44.755663911987,-82.52351950988));
#2926 = CARTESIAN_POINT('',(45.877632194053,-82.44631500778));
#2927 = CARTESIAN_POINT('',(47.,-82.37603231317));
#2928 = ( GEOMETRIC_REPRESENTATION_CONTEXT(2) 
PARAMETRIC_REPRESENTATION_CONTEXT() REPRESENTATION_CONTEXT('2D SPACE',''
  ) );
#2929 = ORIENTED_EDGE('',*,*,#2930,.F.);
#2930 = EDGE_CURVE('',#2931,#2780,#2933,.T.);
#2931 = VERTEX_POINT('',#2932);
#2932 = CARTESIAN_POINT('',(49.5,-117.6239676868,141.5));
#2933 = SURFACE_CURVE('',#2934,(#2944,#2957),.PCURVE_S1.);
#2934 = B_SPLINE_CURVE_WITH_KNOTS('',8,(#2935,#2936,#2937,#2938,#2939,
    #2940,#2941,#2942,#2943),.UNSPECIFIED.,.F.,.F.,(9,9),(0.,1.),
  .PIECEWISE_BEZIER_KNOTS.);
#2935 = CARTESIAN_POINT('',(49.5,-117.6239676868,141.5));
#2936 = CARTESIAN_POINT('',(37.789569109976,-122.552098751,141.5));
#2937 = CARTESIAN_POINT('',(25.510335330936,-126.1512039471,141.5));
#2938 = CARTESIAN_POINT('',(12.850453288206,-128.3383395614,141.5));
#2939 = CARTESIAN_POINT('',(7.50617346057E-11,-129.0722395739,141.5));
#2940 = CARTESIAN_POINT('',(-12.85045328832,-128.3383395613,141.5));
#2941 = CARTESIAN_POINT('',(-25.51033533087,-126.1512039471,141.5));
#2942 = CARTESIAN_POINT('',(-37.78956910998,-122.552098751,141.5));
#2943 = CARTESIAN_POINT('',(-49.5,-117.6239676868,141.5));
#2944 = PCURVE('',#1107,#2945);
#2945 = DEFINITIONAL_REPRESENTATION('',(#2946),#2956);
#2946 = B_SPLINE_CURVE_WITH_KNOTS('',8,(#2947,#2948,#2949,#2950,#2951,
    #2952,#2953,#2954,#2955),.UNSPECIFIED.,.F.,.F.,(9,9),(0.,1.),
  .PIECEWISE_BEZIER_KNOTS.);
#2947 = CARTESIAN_POINT('',(5.110724512893,210.02314857413));
#2948 = CARTESIAN_POINT('',(5.011166309575,210.02314857413));
#2949 = CARTESIAN_POINT('',(4.911539544496,210.02314857413));
#2950 = CARTESIAN_POINT('',(4.811950842813,210.02314857413));
#2951 = CARTESIAN_POINT('',(4.712388980385,210.02314857413));
#2952 = CARTESIAN_POINT('',(4.612827117956,210.02314857413));
#2953 = CARTESIAN_POINT('',(4.513238416274,210.02314857413));
#2954 = CARTESIAN_POINT('',(4.413611651194,210.02314857413));
#2955 = CARTESIAN_POINT('',(4.314053447876,210.02314857413));
#2956 = ( GEOMETRIC_REPRESENTATION_CONTEXT(2) 
PARAMETRIC_REPRESENTATION_CONTEXT() REPRESENTATION_CONTEXT('2D SPACE',''
  ) );
#2957 = PCURVE('',#2958,#2963);
#2958 = PLANE('',#2959);
#2959 = AXIS2_PLACEMENT_3D('',#2960,#2961,#2962);
#2960 = CARTESIAN_POINT('',(-49.5,-200.,141.5));
#2961 = DIRECTION('',(0.,0.,1.));
#2962 = DIRECTION('',(1.,0.,0.));
#2963 = DEFINITIONAL_REPRESENTATION('',(#2964),#2974);
#2964 = B_SPLINE_CURVE_WITH_KNOTS('',8,(#2965,#2966,#2967,#2968,#2969,
    #2970,#2971,#2972,#2973),.UNSPECIFIED.,.F.,.F.,(9,9),(0.,1.),
  .PIECEWISE_BEZIER_KNOTS.);
#2965 = CARTESIAN_POINT('',(99.,82.376032313177));
#2966 = CARTESIAN_POINT('',(87.289569109976,77.447901248941));
#2967 = CARTESIAN_POINT('',(75.010335330936,73.848796052846));
#2968 = CARTESIAN_POINT('',(62.350453288206,71.661660438588));
#2969 = CARTESIAN_POINT('',(49.500000000075,70.927760426023));
#2970 = CARTESIAN_POINT('',(36.649546711674,71.661660438603));
#2971 = CARTESIAN_POINT('',(23.989664669121,73.848796052831));
#2972 = CARTESIAN_POINT('',(11.710430890012,77.447901248946));
#2973 = CARTESIAN_POINT('',(0.,82.376032313177));
#2974 = ( GEOMETRIC_REPRESENTATION_CONTEXT(2) 
PARAMETRIC_REPRESENTATION_CONTEXT() REPRESENTATION_CONTEXT('2D SPACE',''
  ) );
#2975 = ORIENTED_EDGE('',*,*,#2976,.F.);
#2976 = EDGE_CURVE('',#2723,#2931,#2977,.T.);
#2977 = SURFACE_CURVE('',#2978,(#3023,#3071),.PCURVE_S1.);
#2978 = B_SPLINE_CURVE_WITH_KNOTS('',8,(#2979,#2980,#2981,#2982,#2983,
    #2984,#2985,#2986,#2987,#2988,#2989,#2990,#2991,#2992,#2993,#2994,
    #2995,#2996,#2997,#2998,#2999,#3000,#3001,#3002,#3003,#3004,#3005,
    #3006,#3007,#3008,#3009,#3010,#3011,#3012,#3013,#3014,#3015,#3016,
    #3017,#3018,#3019,#3020,#3021,#3022),.UNSPECIFIED.,.F.,.F.,(9,7,7,7,
    7,7,9),(0.,0.121996939427,0.341116118808,0.503875640217,
    0.627275609031,0.812290134162,1.),.UNSPECIFIED.);
#2979 = CARTESIAN_POINT('',(49.5,-108.5998696535,94.5));
#2980 = CARTESIAN_POINT('',(49.5,-108.838150072,95.19437417039));
#2981 = CARTESIAN_POINT('',(49.5,-109.0726023591,95.889934824565));
#2982 = CARTESIAN_POINT('',(49.5,-109.3032461927,96.58665207893));
#2983 = CARTESIAN_POINT('',(49.5,-109.5301014287,97.284497212001));
#2984 = CARTESIAN_POINT('',(49.5,-109.7531877628,97.983441219268));
#2985 = CARTESIAN_POINT('',(49.5,-109.9725246978,98.683454710779));
#2986 = CARTESIAN_POINT('',(49.5,-110.188131815,99.384509151416));
#2987 = CARTESIAN_POINT('',(49.5,-110.7806193419,101.34757063821));
#2988 = CARTESIAN_POINT('',(49.5,-111.149242086,102.61183708996));
#2989 = CARTESIAN_POINT('',(49.5,-111.5060125281,103.87923042589));
#2990 = CARTESIAN_POINT('',(49.5,-111.8510486855,105.14958119342));
#2991 = CARTESIAN_POINT('',(49.5,-112.1844600622,106.4227811618));
#2992 = CARTESIAN_POINT('',(49.5,-112.5063697233,107.69862809673));
#2993 = CARTESIAN_POINT('',(49.5,-112.8168848829,108.9770251903));
#2994 = CARTESIAN_POINT('',(49.5,-113.3383891976,111.20920062147));
#2995 = CARTESIAN_POINT('',(49.5,-113.5544343722,112.16190005353));
#2996 = CARTESIAN_POINT('',(49.5,-113.7643028518,113.11587374638));
#2997 = CARTESIAN_POINT('',(49.5,-113.9680392699,114.0710717365));
#2998 = CARTESIAN_POINT('',(49.5,-114.1656906793,115.02743968557));
#2999 = CARTESIAN_POINT('',(49.5,-114.357304262,115.98492332596));
#3000 = CARTESIAN_POINT('',(49.5,-114.5429241807,116.94347491128));
#3001 = CARTESIAN_POINT('',(49.5,-114.8588147529,118.63057324225));
#3002 = CARTESIAN_POINT('',(49.5,-114.9916153706,119.35868483046));
#3003 = CARTESIAN_POINT('',(49.5,-115.1210150355,120.08736360816));
#3004 = CARTESIAN_POINT('',(49.5,-115.247032987,120.81658933039));
#3005 = CARTESIAN_POINT('',(49.5,-115.3696884328,121.54634196027));
#3006 = CARTESIAN_POINT('',(49.5,-115.489000548,122.276601669));
#3007 = CARTESIAN_POINT('',(49.5,-115.604988476,123.00734883583));
#3008 = CARTESIAN_POINT('',(49.5,-115.8866175974,124.83488065631));
#3009 = CARTESIAN_POINT('',(49.5,-116.0481343651,125.93224929329));
#3010 = CARTESIAN_POINT('',(49.5,-116.202287031,127.03060317265));
#3011 = CARTESIAN_POINT('',(49.5,-116.3491325788,128.12988715976));
#3012 = CARTESIAN_POINT('',(49.5,-116.48873224,129.23004139777));
#3013 = CARTESIAN_POINT('',(49.5,-116.6211483053,130.33100540371));
#3014 = CARTESIAN_POINT('',(49.5,-116.746438992,131.43272465393));
#3015 = CARTESIAN_POINT('',(49.5,-116.9846139172,133.65361900548));
#3016 = CARTESIAN_POINT('',(49.5,-117.0972905302,134.772814904));
#3017 = CARTESIAN_POINT('',(49.5,-117.2027601617,135.89266832277));
#3018 = CARTESIAN_POINT('',(49.5,-117.3010756349,137.01313036909));
#3019 = CARTESIAN_POINT('',(49.5,-117.3922956365,138.13414711949));
#3020 = CARTESIAN_POINT('',(49.5,-117.4764804901,139.25566391202));
#3021 = CARTESIAN_POINT('',(49.5,-117.5536849922,140.37763219404));
#3022 = CARTESIAN_POINT('',(49.5,-117.6239676868,141.5));
#3023 = PCURVE('',#1107,#3024);
#3024 = DEFINITIONAL_REPRESENTATION('',(#3025),#3070);
#3025 = B_SPLINE_CURVE_WITH_KNOTS('',8,(#3026,#3027,#3028,#3029,#3030,
    #3031,#3032,#3033,#3034,#3035,#3036,#3037,#3038,#3039,#3040,#3041,
    #3042,#3043,#3044,#3045,#3046,#3047,#3048,#3049,#3050,#3051,#3052,
    #3053,#3054,#3055,#3056,#3057,#3058,#3059,#3060,#3061,#3062,#3063,
    #3064,#3065,#3066,#3067,#3068,#3069),.UNSPECIFIED.,.F.,.F.,(9,7,7,7,
    7,7,9),(0.,0.121996939427,0.341116118808,0.503875640217,
    0.627275609031,0.812290134162,1.),.UNSPECIFIED.);
#3026 = CARTESIAN_POINT('',(5.140057075885,162.18668379357));
#3027 = CARTESIAN_POINT('',(5.139229026863,162.91404396346));
#3028 = CARTESIAN_POINT('',(5.138417719409,163.64152553453));
#3029 = CARTESIAN_POINT('',(5.13762286853,164.36912483363));
#3030 = CARTESIAN_POINT('',(5.136844197958,165.09683763163));
#3031 = CARTESIAN_POINT('',(5.136081440833,165.82466063332));
#3032 = CARTESIAN_POINT('',(5.135334339406,166.55259158529));
#3033 = CARTESIAN_POINT('',(5.134602643735,167.28062800179));
#3034 = CARTESIAN_POINT('',(5.132599139284,169.3165733323));
#3035 = CARTESIAN_POINT('',(5.131361080093,170.62470633877));
#3036 = CARTESIAN_POINT('',(5.130170523343,171.93313626894));
#3037 = CARTESIAN_POINT('',(5.129026131213,173.24186115909));
#3038 = CARTESIAN_POINT('',(5.127926667438,174.55082728036));
#3039 = CARTESIAN_POINT('',(5.126870919752,175.86007458742));
#3040 = CARTESIAN_POINT('',(5.125857790506,177.16954969661));
#3041 = CARTESIAN_POINT('',(5.124164539886,179.45207670406));
#3042 = CARTESIAN_POINT('',(5.123465792162,180.42502796051));
#3043 = CARTESIAN_POINT('',(5.122789536281,181.39809584048));
#3044 = CARTESIAN_POINT('',(5.122135361579,182.37127179644));
#3045 = CARTESIAN_POINT('',(5.121502866334,183.34455280428));
#3046 = CARTESIAN_POINT('',(5.120891664212,184.31793717291));
#3047 = CARTESIAN_POINT('',(5.120301393455,185.29141858813));
#3048 = CARTESIAN_POINT('',(5.119299788245,187.0031263224));
#3049 = CARTESIAN_POINT('',(5.118879700798,187.74131452189));
#3050 = CARTESIAN_POINT('',(5.118471294758,188.4795522951));
#3051 = CARTESIAN_POINT('',(5.118074423195,189.21783745143));
#3052 = CARTESIAN_POINT('',(5.117688943554,189.95616802733));
#3053 = CARTESIAN_POINT('',(5.117314717652,190.69454228629));
#3054 = CARTESIAN_POINT('',(5.116951611682,191.43295871886));
#3055 = CARTESIAN_POINT('',(5.116071566761,193.27859080446));
#3056 = CARTESIAN_POINT('',(5.115568342536,194.38585753507));
#3057 = CARTESIAN_POINT('',(5.115089383098,195.49321309161));
#3058 = CARTESIAN_POINT('',(5.114634294047,196.6006460914));
#3059 = CARTESIAN_POINT('',(5.114202686224,197.7081509499));
#3060 = CARTESIAN_POINT('',(5.113794184644,198.81572440149));
#3061 = CARTESIAN_POINT('',(5.113408443587,199.92335985464));
#3062 = CARTESIAN_POINT('',(5.112676512151,202.15488720791));
#3063 = CARTESIAN_POINT('',(5.112330983101,203.27878050794));
#3064 = CARTESIAN_POINT('',(5.11200816706,204.40273324751));
#3065 = CARTESIAN_POINT('',(5.111707784941,205.52673483263));
#3066 = CARTESIAN_POINT('',(5.111429511682,206.6507806283));
#3067 = CARTESIAN_POINT('',(5.111173039229,207.77486821432));
#3068 = CARTESIAN_POINT('',(5.110938137914,208.89899140951));
#3069 = CARTESIAN_POINT('',(5.11072451464,210.02314854404));
#3070 = ( GEOMETRIC_REPRESENTATION_CONTEXT(2) 
PARAMETRIC_REPRESENTATION_CONTEXT() REPRESENTATION_CONTEXT('2D SPACE',''
  ) );
#3071 = PCURVE('',#3072,#3077);
#3072 = PLANE('',#3073);
#3073 = AXIS2_PLACEMENT_3D('',#3074,#3075,#3076);
#3074 = CARTESIAN_POINT('',(49.5,-200.,94.5));
#3075 = DIRECTION('',(1.,0.,0.));
#3076 = DIRECTION('',(0.,0.,1.));
#3077 = DEFINITIONAL_REPRESENTATION('',(#3078),#3123);
#3078 = B_SPLINE_CURVE_WITH_KNOTS('',8,(#3079,#3080,#3081,#3082,#3083,
    #3084,#3085,#3086,#3087,#3088,#3089,#3090,#3091,#3092,#3093,#3094,
    #3095,#3096,#3097,#3098,#3099,#3100,#3101,#3102,#3103,#3104,#3105,
    #3106,#3107,#3108,#3109,#3110,#3111,#3112,#3113,#3114,#3115,#3116,
    #3117,#3118,#3119,#3120,#3121,#3122),.UNSPECIFIED.,.F.,.F.,(9,7,7,7,
    7,7,9),(0.,0.121996939427,0.341116118808,0.503875640217,
    0.627275609031,0.812290134162,1.),.UNSPECIFIED.);
#3079 = CARTESIAN_POINT('',(0.,-91.40013034644));
#3080 = CARTESIAN_POINT('',(0.69437417039,-91.16184992799));
#3081 = CARTESIAN_POINT('',(1.389934824565,-90.92739764089));
#3082 = CARTESIAN_POINT('',(2.08665207893,-90.69675380724));
#3083 = CARTESIAN_POINT('',(2.784497212001,-90.46989857126));
#3084 = CARTESIAN_POINT('',(3.483441219268,-90.24681223713));
#3085 = CARTESIAN_POINT('',(4.183454710779,-90.02747530212));
#3086 = CARTESIAN_POINT('',(4.884509151416,-89.81186818494));
#3087 = CARTESIAN_POINT('',(6.84757063821,-89.21938065809));
#3088 = CARTESIAN_POINT('',(8.111837089965,-88.85075791392));
#3089 = CARTESIAN_POINT('',(9.379230425894,-88.49398747188));
#3090 = CARTESIAN_POINT('',(10.649581193425,-88.14895131444));
#3091 = CARTESIAN_POINT('',(11.922781161806,-87.81553993775));
#3092 = CARTESIAN_POINT('',(13.19862809673,-87.49363027665));
#3093 = CARTESIAN_POINT('',(14.477025190305,-87.18311511703));
#3094 = CARTESIAN_POINT('',(16.709200621472,-86.66161080234));
#3095 = CARTESIAN_POINT('',(17.661900053534,-86.44556562776));
#3096 = CARTESIAN_POINT('',(18.615873746387,-86.23569714813));
#3097 = CARTESIAN_POINT('',(19.571071736507,-86.03196073004));
#3098 = CARTESIAN_POINT('',(20.527439685579,-85.83430932063));
#3099 = CARTESIAN_POINT('',(21.484923325964,-85.64269573795));
#3100 = CARTESIAN_POINT('',(22.443474911289,-85.45707581924));
#3101 = CARTESIAN_POINT('',(24.130573242255,-85.14118524709));
#3102 = CARTESIAN_POINT('',(24.858684830467,-85.00838462937));
#3103 = CARTESIAN_POINT('',(25.587363608164,-84.87898496448));
#3104 = CARTESIAN_POINT('',(26.316589330394,-84.7529670129));
#3105 = CARTESIAN_POINT('',(27.046341960278,-84.63031156719));
#3106 = CARTESIAN_POINT('',(27.776601669004,-84.51099945196));
#3107 = CARTESIAN_POINT('',(28.507348835832,-84.39501152392));
#3108 = CARTESIAN_POINT('',(30.334880656319,-84.11338240253));
#3109 = CARTESIAN_POINT('',(31.432249293296,-83.9518656348));
#3110 = CARTESIAN_POINT('',(32.530603172654,-83.79771296898));
#3111 = CARTESIAN_POINT('',(33.629887159768,-83.65086742119));
#3112 = CARTESIAN_POINT('',(34.730041397772,-83.5112677599));
#3113 = CARTESIAN_POINT('',(35.831005403712,-83.37885169466));
#3114 = CARTESIAN_POINT('',(36.932724653934,-83.25356100791));
#3115 = CARTESIAN_POINT('',(39.153619005482,-83.01538608274));
#3116 = CARTESIAN_POINT('',(40.272814904008,-82.90270946979));
#3117 = CARTESIAN_POINT('',(41.392668322776,-82.79723983823));
#3118 = CARTESIAN_POINT('',(42.513130369099,-82.69892436507));
#3119 = CARTESIAN_POINT('',(43.634147119498,-82.60770436348));
#3120 = CARTESIAN_POINT('',(44.75566391202,-82.52351950988));
#3121 = CARTESIAN_POINT('',(45.87763219404,-82.44631500778));
#3122 = CARTESIAN_POINT('',(47.,-82.37603231317));
#3123 = ( GEOMETRIC_REPRESENTATION_CONTEXT(2) 
PARAMETRIC_REPRESENTATION_CONTEXT() REPRESENTATION_CONTEXT('2D SPACE',''
  ) );
#3124 = ADVANCED_FACE('',(#3125),#1261,.F.);
#3125 = FACE_BOUND('',#3126,.F.);
#3126 = EDGE_LOOP('',(#3127,#3152,#3173,#3174));
#3127 = ORIENTED_EDGE('',*,*,#3128,.F.);
#3128 = EDGE_CURVE('',#3129,#3131,#3133,.T.);
#3129 = VERTEX_POINT('',#3130);
#3130 = CARTESIAN_POINT('',(-68.77304076892,101.11840080278,138.));
#3131 = VERTEX_POINT('',#3132);
#3132 = CARTESIAN_POINT('',(-53.1845835008,110.11840080278,138.));
#3133 = SURFACE_CURVE('',#3134,(#3138,#3145),.PCURVE_S1.);
#3134 = LINE('',#3135,#3136);
#3135 = CARTESIAN_POINT('',(-68.77304076892,101.11840080278,138.));
#3136 = VECTOR('',#3137,1.);
#3137 = DIRECTION('',(0.866025403784,0.5,0.));
#3138 = PCURVE('',#1261,#3139);
#3139 = DEFINITIONAL_REPRESENTATION('',(#3140),#3144);
#3140 = LINE('',#3141,#3142);
#3141 = CARTESIAN_POINT('',(0.,0.));
#3142 = VECTOR('',#3143,1.);
#3143 = DIRECTION('',(0.,1.));
#3144 = ( GEOMETRIC_REPRESENTATION_CONTEXT(2) 
PARAMETRIC_REPRESENTATION_CONTEXT() REPRESENTATION_CONTEXT('2D SPACE',''
  ) );
#3145 = PCURVE('',#2598,#3146);
#3146 = DEFINITIONAL_REPRESENTATION('',(#3147),#3151);
#3147 = LINE('',#3148,#3149);
#3148 = CARTESIAN_POINT('',(0.,0.));
#3149 = VECTOR('',#3150,1.);
#3150 = DIRECTION('',(1.,0.));
#3151 = ( GEOMETRIC_REPRESENTATION_CONTEXT(2) 
PARAMETRIC_REPRESENTATION_CONTEXT() REPRESENTATION_CONTEXT('2D SPACE',''
  ) );
#3152 = ORIENTED_EDGE('',*,*,#3153,.T.);
#3153 = EDGE_CURVE('',#3129,#1244,#3154,.T.);
#3154 = SURFACE_CURVE('',#3155,(#3159,#3166),.PCURVE_S1.);
#3155 = LINE('',#3156,#3157);
#3156 = CARTESIAN_POINT('',(-68.77304076892,101.11840080278,138.));
#3157 = VECTOR('',#3158,1.);
#3158 = DIRECTION('',(0.,0.,1.));
#3159 = PCURVE('',#1261,#3160);
#3160 = DEFINITIONAL_REPRESENTATION('',(#3161),#3165);
#3161 = LINE('',#3162,#3163);
#3162 = CARTESIAN_POINT('',(0.,0.));
#3163 = VECTOR('',#3164,1.);
#3164 = DIRECTION('',(1.,0.));
#3165 = ( GEOMETRIC_REPRESENTATION_CONTEXT(2) 
PARAMETRIC_REPRESENTATION_CONTEXT() REPRESENTATION_CONTEXT('2D SPACE',''
  ) );
#3166 = PCURVE('',#2047,#3167);
#3167 = DEFINITIONAL_REPRESENTATION('',(#3168),#3172);
#3168 = LINE('',#3169,#3170);
#3169 = CARTESIAN_POINT('',(0.,0.));
#3170 = VECTOR('',#3171,1.);
#3171 = DIRECTION('',(1.,0.));
#3172 = ( GEOMETRIC_REPRESENTATION_CONTEXT(2) 
PARAMETRIC_REPRESENTATION_CONTEXT() REPRESENTATION_CONTEXT('2D SPACE',''
  ) );
#3173 = ORIENTED_EDGE('',*,*,#1243,.T.);
#3174 = ORIENTED_EDGE('',*,*,#3175,.F.);
#3175 = EDGE_CURVE('',#3131,#1246,#3176,.T.);
#3176 = SURFACE_CURVE('',#3177,(#3181,#3188),.PCURVE_S1.);
#3177 = LINE('',#3178,#3179);
#3178 = CARTESIAN_POINT('',(-53.1845835008,110.11840080278,138.));
#3179 = VECTOR('',#3180,1.);
#3180 = DIRECTION('',(0.,0.,1.));
#3181 = PCURVE('',#1261,#3182);
#3182 = DEFINITIONAL_REPRESENTATION('',(#3183),#3187);
#3183 = LINE('',#3184,#3185);
#3184 = CARTESIAN_POINT('',(0.,18.));
#3185 = VECTOR('',#3186,1.);
#3186 = DIRECTION('',(1.,0.));
#3187 = ( GEOMETRIC_REPRESENTATION_CONTEXT(2) 
PARAMETRIC_REPRESENTATION_CONTEXT() REPRESENTATION_CONTEXT('2D SPACE',''
  ) );
#3188 = PCURVE('',#1289,#3189);
#3189 = DEFINITIONAL_REPRESENTATION('',(#3190),#3194);
#3190 = LINE('',#3191,#3192);
#3191 = CARTESIAN_POINT('',(0.,0.));
#3192 = VECTOR('',#3193,1.);
#3193 = DIRECTION('',(1.,0.));
#3194 = ( GEOMETRIC_REPRESENTATION_CONTEXT(2) 
PARAMETRIC_REPRESENTATION_CONTEXT() REPRESENTATION_CONTEXT('2D SPACE',''
  ) );
#3195 = ADVANCED_FACE('',(#3196),#2047,.F.);
#3196 = FACE_BOUND('',#3197,.F.);
#3197 = EDGE_LOOP('',(#3198,#3199,#3200,#3221));
#3198 = ORIENTED_EDGE('',*,*,#2033,.F.);
#3199 = ORIENTED_EDGE('',*,*,#3153,.F.);
#3200 = ORIENTED_EDGE('',*,*,#3201,.T.);
#3201 = EDGE_CURVE('',#3129,#2538,#3202,.T.);
#3202 = SURFACE_CURVE('',#3203,(#3207,#3214),.PCURVE_S1.);
#3203 = LINE('',#3204,#3205);
#3204 = CARTESIAN_POINT('',(-68.77304076892,101.11840080278,138.));
#3205 = VECTOR('',#3206,1.);
#3206 = DIRECTION('',(-0.5,0.866025403784,0.));
#3207 = PCURVE('',#2047,#3208);
#3208 = DEFINITIONAL_REPRESENTATION('',(#3209),#3213);
#3209 = LINE('',#3210,#3211);
#3210 = CARTESIAN_POINT('',(0.,0.));
#3211 = VECTOR('',#3212,1.);
#3212 = DIRECTION('',(0.,-1.));
#3213 = ( GEOMETRIC_REPRESENTATION_CONTEXT(2) 
PARAMETRIC_REPRESENTATION_CONTEXT() REPRESENTATION_CONTEXT('2D SPACE',''
  ) );
#3214 = PCURVE('',#2598,#3215);
#3215 = DEFINITIONAL_REPRESENTATION('',(#3216),#3220);
#3216 = LINE('',#3217,#3218);
#3217 = CARTESIAN_POINT('',(0.,0.));
#3218 = VECTOR('',#3219,1.);
#3219 = DIRECTION('',(0.,1.));
#3220 = ( GEOMETRIC_REPRESENTATION_CONTEXT(2) 
PARAMETRIC_REPRESENTATION_CONTEXT() REPRESENTATION_CONTEXT('2D SPACE',''
  ) );
#3221 = ORIENTED_EDGE('',*,*,#2537,.T.);
#3222 = ADVANCED_FACE('',(#3223),#1833,.T.);
#3223 = FACE_BOUND('',#3224,.T.);
#3224 = EDGE_LOOP('',(#3225,#3226,#3249,#3270));
#3225 = ORIENTED_EDGE('',*,*,#1817,.F.);
#3226 = ORIENTED_EDGE('',*,*,#3227,.F.);
#3227 = EDGE_CURVE('',#3228,#1790,#3230,.T.);
#3228 = VERTEX_POINT('',#3229);
#3229 = CARTESIAN_POINT('',(-68.77304076892,-101.1184008027,138.));
#3230 = SURFACE_CURVE('',#3231,(#3235,#3242),.PCURVE_S1.);
#3231 = LINE('',#3232,#3233);
#3232 = CARTESIAN_POINT('',(-68.77304076892,-101.1184008027,138.));
#3233 = VECTOR('',#3234,1.);
#3234 = DIRECTION('',(0.,0.,1.));
#3235 = PCURVE('',#1833,#3236);
#3236 = DEFINITIONAL_REPRESENTATION('',(#3237),#3241);
#3237 = LINE('',#3238,#3239);
#3238 = CARTESIAN_POINT('',(0.,0.));
#3239 = VECTOR('',#3240,1.);
#3240 = DIRECTION('',(1.,0.));
#3241 = ( GEOMETRIC_REPRESENTATION_CONTEXT(2) 
PARAMETRIC_REPRESENTATION_CONTEXT() REPRESENTATION_CONTEXT('2D SPACE',''
  ) );
#3242 = PCURVE('',#1805,#3243);
#3243 = DEFINITIONAL_REPRESENTATION('',(#3244),#3248);
#3244 = LINE('',#3245,#3246);
#3245 = CARTESIAN_POINT('',(0.,18.));
#3246 = VECTOR('',#3247,1.);
#3247 = DIRECTION('',(1.,0.));
#3248 = ( GEOMETRIC_REPRESENTATION_CONTEXT(2) 
PARAMETRIC_REPRESENTATION_CONTEXT() REPRESENTATION_CONTEXT('2D SPACE',''
  ) );
#3249 = ORIENTED_EDGE('',*,*,#3250,.T.);
#3250 = EDGE_CURVE('',#3228,#2464,#3251,.T.);
#3251 = SURFACE_CURVE('',#3252,(#3256,#3263),.PCURVE_S1.);
#3252 = LINE('',#3253,#3254);
#3253 = CARTESIAN_POINT('',(-68.77304076892,-101.1184008027,138.));
#3254 = VECTOR('',#3255,1.);
#3255 = DIRECTION('',(-0.5,-0.866025403784,0.));
#3256 = PCURVE('',#1833,#3257);
#3257 = DEFINITIONAL_REPRESENTATION('',(#3258),#3262);
#3258 = LINE('',#3259,#3260);
#3259 = CARTESIAN_POINT('',(0.,0.));
#3260 = VECTOR('',#3261,1.);
#3261 = DIRECTION('',(0.,-1.));
#3262 = ( GEOMETRIC_REPRESENTATION_CONTEXT(2) 
PARAMETRIC_REPRESENTATION_CONTEXT() REPRESENTATION_CONTEXT('2D SPACE',''
  ) );
#3263 = PCURVE('',#2483,#3264);
#3264 = DEFINITIONAL_REPRESENTATION('',(#3265),#3269);
#3265 = LINE('',#3266,#3267);
#3266 = CARTESIAN_POINT('',(18.,8.881784197001E-16));
#3267 = VECTOR('',#3268,1.);
#3268 = DIRECTION('',(0.,1.));
#3269 = ( GEOMETRIC_REPRESENTATION_CONTEXT(2) 
PARAMETRIC_REPRESENTATION_CONTEXT() REPRESENTATION_CONTEXT('2D SPACE',''
  ) );
#3270 = ORIENTED_EDGE('',*,*,#2497,.T.);
#3271 = ADVANCED_FACE('',(#3272),#1805,.F.);
#3272 = FACE_BOUND('',#3273,.F.);
#3273 = EDGE_LOOP('',(#3274,#3297,#3318,#3319));
#3274 = ORIENTED_EDGE('',*,*,#3275,.F.);
#3275 = EDGE_CURVE('',#3276,#3228,#3278,.T.);
#3276 = VERTEX_POINT('',#3277);
#3277 = CARTESIAN_POINT('',(-53.1845835008,-110.1184008027,138.));
#3278 = SURFACE_CURVE('',#3279,(#3283,#3290),.PCURVE_S1.);
#3279 = LINE('',#3280,#3281);
#3280 = CARTESIAN_POINT('',(-53.1845835008,-110.1184008027,138.));
#3281 = VECTOR('',#3282,1.);
#3282 = DIRECTION('',(-0.866025403784,0.5,0.));
#3283 = PCURVE('',#1805,#3284);
#3284 = DEFINITIONAL_REPRESENTATION('',(#3285),#3289);
#3285 = LINE('',#3286,#3287);
#3286 = CARTESIAN_POINT('',(0.,0.));
#3287 = VECTOR('',#3288,1.);
#3288 = DIRECTION('',(0.,1.));
#3289 = ( GEOMETRIC_REPRESENTATION_CONTEXT(2) 
PARAMETRIC_REPRESENTATION_CONTEXT() REPRESENTATION_CONTEXT('2D SPACE',''
  ) );
#3290 = PCURVE('',#2483,#3291);
#3291 = DEFINITIONAL_REPRESENTATION('',(#3292),#3296);
#3292 = LINE('',#3293,#3294);
#3293 = CARTESIAN_POINT('',(0.,0.));
#3294 = VECTOR('',#3295,1.);
#3295 = DIRECTION('',(1.,0.));
#3296 = ( GEOMETRIC_REPRESENTATION_CONTEXT(2) 
PARAMETRIC_REPRESENTATION_CONTEXT() REPRESENTATION_CONTEXT('2D SPACE',''
  ) );
#3297 = ORIENTED_EDGE('',*,*,#3298,.T.);
#3298 = EDGE_CURVE('',#3276,#1762,#3299,.T.);
#3299 = SURFACE_CURVE('',#3300,(#3304,#3311),.PCURVE_S1.);
#3300 = LINE('',#3301,#3302);
#3301 = CARTESIAN_POINT('',(-53.1845835008,-110.1184008027,138.));
#3302 = VECTOR('',#3303,1.);
#3303 = DIRECTION('',(0.,0.,1.));
#3304 = PCURVE('',#1805,#3305);
#3305 = DEFINITIONAL_REPRESENTATION('',(#3306),#3310);
#3306 = LINE('',#3307,#3308);
#3307 = CARTESIAN_POINT('',(0.,0.));
#3308 = VECTOR('',#3309,1.);
#3309 = DIRECTION('',(1.,0.));
#3310 = ( GEOMETRIC_REPRESENTATION_CONTEXT(2) 
PARAMETRIC_REPRESENTATION_CONTEXT() REPRESENTATION_CONTEXT('2D SPACE',''
  ) );
#3311 = PCURVE('',#1777,#3312);
#3312 = DEFINITIONAL_REPRESENTATION('',(#3313),#3317);
#3313 = LINE('',#3314,#3315);
#3314 = CARTESIAN_POINT('',(0.,0.));
#3315 = VECTOR('',#3316,1.);
#3316 = DIRECTION('',(1.,0.));
#3317 = ( GEOMETRIC_REPRESENTATION_CONTEXT(2) 
PARAMETRIC_REPRESENTATION_CONTEXT() REPRESENTATION_CONTEXT('2D SPACE',''
  ) );
#3318 = ORIENTED_EDGE('',*,*,#1789,.T.);
#3319 = ORIENTED_EDGE('',*,*,#3227,.F.);
#3320 = ADVANCED_FACE('',(#3321),#1777,.F.);
#3321 = FACE_BOUND('',#3322,.F.);
#3322 = EDGE_LOOP('',(#3323,#3324,#3325,#3346));
#3323 = ORIENTED_EDGE('',*,*,#1761,.F.);
#3324 = ORIENTED_EDGE('',*,*,#3298,.F.);
#3325 = ORIENTED_EDGE('',*,*,#3326,.T.);
#3326 = EDGE_CURVE('',#3276,#2423,#3327,.T.);
#3327 = SURFACE_CURVE('',#3328,(#3332,#3339),.PCURVE_S1.);
#3328 = LINE('',#3329,#3330);
#3329 = CARTESIAN_POINT('',(-53.1845835008,-110.1184008027,138.));
#3330 = VECTOR('',#3331,1.);
#3331 = DIRECTION('',(-0.5,-0.866025403784,0.));
#3332 = PCURVE('',#1777,#3333);
#3333 = DEFINITIONAL_REPRESENTATION('',(#3334),#3338);
#3334 = LINE('',#3335,#3336);
#3335 = CARTESIAN_POINT('',(0.,0.));
#3336 = VECTOR('',#3337,1.);
#3337 = DIRECTION('',(0.,-1.));
#3338 = ( GEOMETRIC_REPRESENTATION_CONTEXT(2) 
PARAMETRIC_REPRESENTATION_CONTEXT() REPRESENTATION_CONTEXT('2D SPACE',''
  ) );
#3339 = PCURVE('',#2483,#3340);
#3340 = DEFINITIONAL_REPRESENTATION('',(#3341),#3345);
#3341 = LINE('',#3342,#3343);
#3342 = CARTESIAN_POINT('',(0.,0.));
#3343 = VECTOR('',#3344,1.);
#3344 = DIRECTION('',(0.,1.));
#3345 = ( GEOMETRIC_REPRESENTATION_CONTEXT(2) 
PARAMETRIC_REPRESENTATION_CONTEXT() REPRESENTATION_CONTEXT('2D SPACE',''
  ) );
#3346 = ORIENTED_EDGE('',*,*,#2422,.T.);
#3347 = ADVANCED_FACE('',(#3348),#1289,.T.);
#3348 = FACE_BOUND('',#3349,.T.);
#3349 = EDGE_LOOP('',(#3350,#3351,#3352,#3373));
#3350 = ORIENTED_EDGE('',*,*,#1273,.F.);
#3351 = ORIENTED_EDGE('',*,*,#3175,.F.);
#3352 = ORIENTED_EDGE('',*,*,#3353,.T.);
#3353 = EDGE_CURVE('',#3131,#2579,#3354,.T.);
#3354 = SURFACE_CURVE('',#3355,(#3359,#3366),.PCURVE_S1.);
#3355 = LINE('',#3356,#3357);
#3356 = CARTESIAN_POINT('',(-53.1845835008,110.11840080278,138.));
#3357 = VECTOR('',#3358,1.);
#3358 = DIRECTION('',(-0.5,0.866025403784,0.));
#3359 = PCURVE('',#1289,#3360);
#3360 = DEFINITIONAL_REPRESENTATION('',(#3361),#3365);
#3361 = LINE('',#3362,#3363);
#3362 = CARTESIAN_POINT('',(0.,0.));
#3363 = VECTOR('',#3364,1.);
#3364 = DIRECTION('',(0.,-1.));
#3365 = ( GEOMETRIC_REPRESENTATION_CONTEXT(2) 
PARAMETRIC_REPRESENTATION_CONTEXT() REPRESENTATION_CONTEXT('2D SPACE',''
  ) );
#3366 = PCURVE('',#2598,#3367);
#3367 = DEFINITIONAL_REPRESENTATION('',(#3368),#3372);
#3368 = LINE('',#3369,#3370);
#3369 = CARTESIAN_POINT('',(18.,4.440892098501E-15));
#3370 = VECTOR('',#3371,1.);
#3371 = DIRECTION('',(0.,1.));
#3372 = ( GEOMETRIC_REPRESENTATION_CONTEXT(2) 
PARAMETRIC_REPRESENTATION_CONTEXT() REPRESENTATION_CONTEXT('2D SPACE',''
  ) );
#3373 = ORIENTED_EDGE('',*,*,#2612,.T.);
#3374 = ADVANCED_FACE('',(#3375,#3469),#2102,.T.);
#3375 = FACE_BOUND('',#3376,.T.);
#3376 = EDGE_LOOP('',(#3377,#3402,#3425,#3448));
#3377 = ORIENTED_EDGE('',*,*,#3378,.F.);
#3378 = EDGE_CURVE('',#3379,#3381,#3383,.T.);
#3379 = VERTEX_POINT('',#3380);
#3380 = CARTESIAN_POINT('',(-49.5,-106.0495491932,94.5));
#3381 = VERTEX_POINT('',#3382);
#3382 = CARTESIAN_POINT('',(49.5,-106.0495491932,94.5));
#3383 = SURFACE_CURVE('',#3384,(#3388,#3395),.PCURVE_S1.);
#3384 = LINE('',#3385,#3386);
#3385 = CARTESIAN_POINT('',(-49.5,-106.0495491932,94.5));
#3386 = VECTOR('',#3387,1.);
#3387 = DIRECTION('',(1.,0.,0.));
#3388 = PCURVE('',#2102,#3389);
#3389 = DEFINITIONAL_REPRESENTATION('',(#3390),#3394);
#3390 = LINE('',#3391,#3392);
#3391 = CARTESIAN_POINT('',(0.,0.));
#3392 = VECTOR('',#3393,1.);
#3393 = DIRECTION('',(0.,1.));
#3394 = ( GEOMETRIC_REPRESENTATION_CONTEXT(2) 
PARAMETRIC_REPRESENTATION_CONTEXT() REPRESENTATION_CONTEXT('2D SPACE',''
  ) );
#3395 = PCURVE('',#2758,#3396);
#3396 = DEFINITIONAL_REPRESENTATION('',(#3397),#3401);
#3397 = LINE('',#3398,#3399);
#3398 = CARTESIAN_POINT('',(0.,93.950450806732));
#3399 = VECTOR('',#3400,1.);
#3400 = DIRECTION('',(1.,0.));
#3401 = ( GEOMETRIC_REPRESENTATION_CONTEXT(2) 
PARAMETRIC_REPRESENTATION_CONTEXT() REPRESENTATION_CONTEXT('2D SPACE',''
  ) );
#3402 = ORIENTED_EDGE('',*,*,#3403,.T.);
#3403 = EDGE_CURVE('',#3379,#3404,#3406,.T.);
#3404 = VERTEX_POINT('',#3405);
#3405 = CARTESIAN_POINT('',(-49.5,-106.0495491932,141.5));
#3406 = SURFACE_CURVE('',#3407,(#3411,#3418),.PCURVE_S1.);
#3407 = LINE('',#3408,#3409);
#3408 = CARTESIAN_POINT('',(-49.5,-106.0495491932,94.5));
#3409 = VECTOR('',#3410,1.);
#3410 = DIRECTION('',(0.,0.,1.));
#3411 = PCURVE('',#2102,#3412);
#3412 = DEFINITIONAL_REPRESENTATION('',(#3413),#3417);
#3413 = LINE('',#3414,#3415);
#3414 = CARTESIAN_POINT('',(0.,0.));
#3415 = VECTOR('',#3416,1.);
#3416 = DIRECTION('',(1.,0.));
#3417 = ( GEOMETRIC_REPRESENTATION_CONTEXT(2) 
PARAMETRIC_REPRESENTATION_CONTEXT() REPRESENTATION_CONTEXT('2D SPACE',''
  ) );
#3418 = PCURVE('',#2877,#3419);
#3419 = DEFINITIONAL_REPRESENTATION('',(#3420),#3424);
#3420 = LINE('',#3421,#3422);
#3421 = CARTESIAN_POINT('',(0.,-93.95045080673));
#3422 = VECTOR('',#3423,1.);
#3423 = DIRECTION('',(1.,0.));
#3424 = ( GEOMETRIC_REPRESENTATION_CONTEXT(2) 
PARAMETRIC_REPRESENTATION_CONTEXT() REPRESENTATION_CONTEXT('2D SPACE',''
  ) );
#3425 = ORIENTED_EDGE('',*,*,#3426,.T.);
#3426 = EDGE_CURVE('',#3404,#3427,#3429,.T.);
#3427 = VERTEX_POINT('',#3428);
#3428 = CARTESIAN_POINT('',(49.5,-106.0495491932,141.5));
#3429 = SURFACE_CURVE('',#3430,(#3434,#3441),.PCURVE_S1.);
#3430 = LINE('',#3431,#3432);
#3431 = CARTESIAN_POINT('',(-49.5,-106.0495491932,141.5));
#3432 = VECTOR('',#3433,1.);
#3433 = DIRECTION('',(1.,0.,0.));
#3434 = PCURVE('',#2102,#3435);
#3435 = DEFINITIONAL_REPRESENTATION('',(#3436),#3440);
#3436 = LINE('',#3437,#3438);
#3437 = CARTESIAN_POINT('',(47.,0.));
#3438 = VECTOR('',#3439,1.);
#3439 = DIRECTION('',(0.,1.));
#3440 = ( GEOMETRIC_REPRESENTATION_CONTEXT(2) 
PARAMETRIC_REPRESENTATION_CONTEXT() REPRESENTATION_CONTEXT('2D SPACE',''
  ) );
#3441 = PCURVE('',#2958,#3442);
#3442 = DEFINITIONAL_REPRESENTATION('',(#3443),#3447);
#3443 = LINE('',#3444,#3445);
#3444 = CARTESIAN_POINT('',(0.,93.950450806732));
#3445 = VECTOR('',#3446,1.);
#3446 = DIRECTION('',(1.,0.));
#3447 = ( GEOMETRIC_REPRESENTATION_CONTEXT(2) 
PARAMETRIC_REPRESENTATION_CONTEXT() REPRESENTATION_CONTEXT('2D SPACE',''
  ) );
#3448 = ORIENTED_EDGE('',*,*,#3449,.F.);
#3449 = EDGE_CURVE('',#3381,#3427,#3450,.T.);
#3450 = SURFACE_CURVE('',#3451,(#3455,#3462),.PCURVE_S1.);
#3451 = LINE('',#3452,#3453);
#3452 = CARTESIAN_POINT('',(49.5,-106.0495491932,94.5));
#3453 = VECTOR('',#3454,1.);
#3454 = DIRECTION('',(0.,0.,1.));
#3455 = PCURVE('',#2102,#3456);
#3456 = DEFINITIONAL_REPRESENTATION('',(#3457),#3461);
#3457 = LINE('',#3458,#3459);
#3458 = CARTESIAN_POINT('',(0.,99.));
#3459 = VECTOR('',#3460,1.);
#3460 = DIRECTION('',(1.,0.));
#3461 = ( GEOMETRIC_REPRESENTATION_CONTEXT(2) 
PARAMETRIC_REPRESENTATION_CONTEXT() REPRESENTATION_CONTEXT('2D SPACE',''
  ) );
#3462 = PCURVE('',#3072,#3463);
#3463 = DEFINITIONAL_REPRESENTATION('',(#3464),#3468);
#3464 = LINE('',#3465,#3466);
#3465 = CARTESIAN_POINT('',(0.,-93.95045080673));
#3466 = VECTOR('',#3467,1.);
#3467 = DIRECTION('',(1.,0.));
#3468 = ( GEOMETRIC_REPRESENTATION_CONTEXT(2) 
PARAMETRIC_REPRESENTATION_CONTEXT() REPRESENTATION_CONTEXT('2D SPACE',''
  ) );
#3469 = FACE_BOUND('',#3470,.T.);
#3470 = EDGE_LOOP('',(#3471,#3472,#3473,#3474));
#3471 = ORIENTED_EDGE('',*,*,#2211,.F.);
#3472 = ORIENTED_EDGE('',*,*,#2140,.F.);
#3473 = ORIENTED_EDGE('',*,*,#2086,.T.);
#3474 = ORIENTED_EDGE('',*,*,#2239,.T.);
#3475 = ADVANCED_FACE('',(#3476),#2368,.F.);
#3476 = FACE_BOUND('',#3477,.F.);
#3477 = EDGE_LOOP('',(#3478,#3501,#3524,#3545,#3546));
#3478 = ORIENTED_EDGE('',*,*,#3479,.F.);
#3479 = EDGE_CURVE('',#3480,#2653,#3482,.T.);
#3480 = VERTEX_POINT('',#3481);
#3481 = CARTESIAN_POINT('',(121.95762426972,9.,138.));
#3482 = SURFACE_CURVE('',#3483,(#3487,#3494),.PCURVE_S1.);
#3483 = LINE('',#3484,#3485);
#3484 = CARTESIAN_POINT('',(121.95762426972,9.,138.));
#3485 = VECTOR('',#3486,1.);
#3486 = DIRECTION('',(1.,-2.22044604925E-16,0.));
#3487 = PCURVE('',#2368,#3488);
#3488 = DEFINITIONAL_REPRESENTATION('',(#3489),#3493);
#3489 = LINE('',#3490,#3491);
#3490 = CARTESIAN_POINT('',(0.,0.));
#3491 = VECTOR('',#3492,1.);
#3492 = DIRECTION('',(0.,1.));
#3493 = ( GEOMETRIC_REPRESENTATION_CONTEXT(2) 
PARAMETRIC_REPRESENTATION_CONTEXT() REPRESENTATION_CONTEXT('2D SPACE',''
  ) );
#3494 = PCURVE('',#1505,#3495);
#3495 = DEFINITIONAL_REPRESENTATION('',(#3496),#3500);
#3496 = LINE('',#3497,#3498);
#3497 = CARTESIAN_POINT('',(0.,0.));
#3498 = VECTOR('',#3499,1.);
#3499 = DIRECTION('',(0.,-1.));
#3500 = ( GEOMETRIC_REPRESENTATION_CONTEXT(2) 
PARAMETRIC_REPRESENTATION_CONTEXT() REPRESENTATION_CONTEXT('2D SPACE',''
  ) );
#3501 = ORIENTED_EDGE('',*,*,#3502,.T.);
#3502 = EDGE_CURVE('',#3480,#3503,#3505,.T.);
#3503 = VERTEX_POINT('',#3504);
#3504 = CARTESIAN_POINT('',(121.95762426972,-9.,138.));
#3505 = SURFACE_CURVE('',#3506,(#3510,#3517),.PCURVE_S1.);
#3506 = LINE('',#3507,#3508);
#3507 = CARTESIAN_POINT('',(121.95762426972,9.,138.));
#3508 = VECTOR('',#3509,1.);
#3509 = DIRECTION('',(-2.22044604925E-16,-1.,0.));
#3510 = PCURVE('',#2368,#3511);
#3511 = DEFINITIONAL_REPRESENTATION('',(#3512),#3516);
#3512 = LINE('',#3513,#3514);
#3513 = CARTESIAN_POINT('',(0.,0.));
#3514 = VECTOR('',#3515,1.);
#3515 = DIRECTION('',(1.,0.));
#3516 = ( GEOMETRIC_REPRESENTATION_CONTEXT(2) 
PARAMETRIC_REPRESENTATION_CONTEXT() REPRESENTATION_CONTEXT('2D SPACE',''
  ) );
#3517 = PCURVE('',#1533,#3518);
#3518 = DEFINITIONAL_REPRESENTATION('',(#3519),#3523);
#3519 = LINE('',#3520,#3521);
#3520 = CARTESIAN_POINT('',(0.,0.));
#3521 = VECTOR('',#3522,1.);
#3522 = DIRECTION('',(0.,1.));
#3523 = ( GEOMETRIC_REPRESENTATION_CONTEXT(2) 
PARAMETRIC_REPRESENTATION_CONTEXT() REPRESENTATION_CONTEXT('2D SPACE',''
  ) );
#3524 = ORIENTED_EDGE('',*,*,#3525,.T.);
#3525 = EDGE_CURVE('',#3503,#2349,#3526,.T.);
#3526 = SURFACE_CURVE('',#3527,(#3531,#3538),.PCURVE_S1.);
#3527 = LINE('',#3528,#3529);
#3528 = CARTESIAN_POINT('',(121.95762426972,-9.,138.));
#3529 = VECTOR('',#3530,1.);
#3530 = DIRECTION('',(1.,-2.22044604925E-16,0.));
#3531 = PCURVE('',#2368,#3532);
#3532 = DEFINITIONAL_REPRESENTATION('',(#3533),#3537);
#3533 = LINE('',#3534,#3535);
#3534 = CARTESIAN_POINT('',(18.,3.996802888651E-15));
#3535 = VECTOR('',#3536,1.);
#3536 = DIRECTION('',(0.,1.));
#3537 = ( GEOMETRIC_REPRESENTATION_CONTEXT(2) 
PARAMETRIC_REPRESENTATION_CONTEXT() REPRESENTATION_CONTEXT('2D SPACE',''
  ) );
#3538 = PCURVE('',#1561,#3539);
#3539 = DEFINITIONAL_REPRESENTATION('',(#3540),#3544);
#3540 = LINE('',#3541,#3542);
#3541 = CARTESIAN_POINT('',(0.,0.));
#3542 = VECTOR('',#3543,1.);
#3543 = DIRECTION('',(0.,-1.));
#3544 = ( GEOMETRIC_REPRESENTATION_CONTEXT(2) 
PARAMETRIC_REPRESENTATION_CONTEXT() REPRESENTATION_CONTEXT('2D SPACE',''
  ) );
#3545 = ORIENTED_EDGE('',*,*,#2348,.F.);
#3546 = ORIENTED_EDGE('',*,*,#2693,.F.);
#3547 = ADVANCED_FACE('',(#3548),#1505,.F.);
#3548 = FACE_BOUND('',#3549,.F.);
#3549 = EDGE_LOOP('',(#3550,#3551,#3572,#3573));
#3550 = ORIENTED_EDGE('',*,*,#1489,.F.);
#3551 = ORIENTED_EDGE('',*,*,#3552,.F.);
#3552 = EDGE_CURVE('',#3480,#1490,#3553,.T.);
#3553 = SURFACE_CURVE('',#3554,(#3558,#3565),.PCURVE_S1.);
#3554 = LINE('',#3555,#3556);
#3555 = CARTESIAN_POINT('',(121.95762426972,9.,138.));
#3556 = VECTOR('',#3557,1.);
#3557 = DIRECTION('',(0.,0.,1.));
#3558 = PCURVE('',#1505,#3559);
#3559 = DEFINITIONAL_REPRESENTATION('',(#3560),#3564);
#3560 = LINE('',#3561,#3562);
#3561 = CARTESIAN_POINT('',(0.,0.));
#3562 = VECTOR('',#3563,1.);
#3563 = DIRECTION('',(1.,0.));
#3564 = ( GEOMETRIC_REPRESENTATION_CONTEXT(2) 
PARAMETRIC_REPRESENTATION_CONTEXT() REPRESENTATION_CONTEXT('2D SPACE',''
  ) );
#3565 = PCURVE('',#1533,#3566);
#3566 = DEFINITIONAL_REPRESENTATION('',(#3567),#3571);
#3567 = LINE('',#3568,#3569);
#3568 = CARTESIAN_POINT('',(0.,0.));
#3569 = VECTOR('',#3570,1.);
#3570 = DIRECTION('',(1.,0.));
#3571 = ( GEOMETRIC_REPRESENTATION_CONTEXT(2) 
PARAMETRIC_REPRESENTATION_CONTEXT() REPRESENTATION_CONTEXT('2D SPACE',''
  ) );
#3572 = ORIENTED_EDGE('',*,*,#3479,.T.);
#3573 = ORIENTED_EDGE('',*,*,#2652,.T.);
#3574 = ADVANCED_FACE('',(#3575),#2598,.F.);
#3575 = FACE_BOUND('',#3576,.F.);
#3576 = EDGE_LOOP('',(#3577,#3578,#3579,#3580));
#3577 = ORIENTED_EDGE('',*,*,#3201,.F.);
#3578 = ORIENTED_EDGE('',*,*,#3128,.T.);
#3579 = ORIENTED_EDGE('',*,*,#3353,.T.);
#3580 = ORIENTED_EDGE('',*,*,#2578,.F.);
#3581 = ADVANCED_FACE('',(#3582),#2483,.F.);
#3582 = FACE_BOUND('',#3583,.F.);
#3583 = EDGE_LOOP('',(#3584,#3585,#3586,#3587));
#3584 = ORIENTED_EDGE('',*,*,#3326,.F.);
#3585 = ORIENTED_EDGE('',*,*,#3275,.T.);
#3586 = ORIENTED_EDGE('',*,*,#3250,.T.);
#3587 = ORIENTED_EDGE('',*,*,#2463,.F.);
#3588 = ADVANCED_FACE('',(#3589),#1561,.T.);
#3589 = FACE_BOUND('',#3590,.T.);
#3590 = EDGE_LOOP('',(#3591,#3592,#3613,#3614));
#3591 = ORIENTED_EDGE('',*,*,#1545,.F.);
#3592 = ORIENTED_EDGE('',*,*,#3593,.F.);
#3593 = EDGE_CURVE('',#3503,#1518,#3594,.T.);
#3594 = SURFACE_CURVE('',#3595,(#3599,#3606),.PCURVE_S1.);
#3595 = LINE('',#3596,#3597);
#3596 = CARTESIAN_POINT('',(121.95762426972,-9.,138.));
#3597 = VECTOR('',#3598,1.);
#3598 = DIRECTION('',(0.,0.,1.));
#3599 = PCURVE('',#1561,#3600);
#3600 = DEFINITIONAL_REPRESENTATION('',(#3601),#3605);
#3601 = LINE('',#3602,#3603);
#3602 = CARTESIAN_POINT('',(0.,0.));
#3603 = VECTOR('',#3604,1.);
#3604 = DIRECTION('',(1.,0.));
#3605 = ( GEOMETRIC_REPRESENTATION_CONTEXT(2) 
PARAMETRIC_REPRESENTATION_CONTEXT() REPRESENTATION_CONTEXT('2D SPACE',''
  ) );
#3606 = PCURVE('',#1533,#3607);
#3607 = DEFINITIONAL_REPRESENTATION('',(#3608),#3612);
#3608 = LINE('',#3609,#3610);
#3609 = CARTESIAN_POINT('',(0.,18.));
#3610 = VECTOR('',#3611,1.);
#3611 = DIRECTION('',(1.,0.));
#3612 = ( GEOMETRIC_REPRESENTATION_CONTEXT(2) 
PARAMETRIC_REPRESENTATION_CONTEXT() REPRESENTATION_CONTEXT('2D SPACE',''
  ) );
#3613 = ORIENTED_EDGE('',*,*,#3525,.T.);
#3614 = ORIENTED_EDGE('',*,*,#2382,.T.);
#3615 = ADVANCED_FACE('',(#3616),#2758,.F.);
#3616 = FACE_BOUND('',#3617,.F.);
#3617 = EDGE_LOOP('',(#3618,#3639,#3640,#3661));
#3618 = ORIENTED_EDGE('',*,*,#3619,.F.);
#3619 = EDGE_CURVE('',#2725,#3379,#3620,.T.);
#3620 = SURFACE_CURVE('',#3621,(#3625,#3632),.PCURVE_S1.);
#3621 = LINE('',#3622,#3623);
#3622 = CARTESIAN_POINT('',(-49.5,-200.,94.5));
#3623 = VECTOR('',#3624,1.);
#3624 = DIRECTION('',(0.,1.,0.));
#3625 = PCURVE('',#2758,#3626);
#3626 = DEFINITIONAL_REPRESENTATION('',(#3627),#3631);
#3627 = LINE('',#3628,#3629);
#3628 = CARTESIAN_POINT('',(0.,0.));
#3629 = VECTOR('',#3630,1.);
#3630 = DIRECTION('',(0.,1.));
#3631 = ( GEOMETRIC_REPRESENTATION_CONTEXT(2) 
PARAMETRIC_REPRESENTATION_CONTEXT() REPRESENTATION_CONTEXT('2D SPACE',''
  ) );
#3632 = PCURVE('',#2877,#3633);
#3633 = DEFINITIONAL_REPRESENTATION('',(#3634),#3638);
#3634 = LINE('',#3635,#3636);
#3635 = CARTESIAN_POINT('',(0.,0.));
#3636 = VECTOR('',#3637,1.);
#3637 = DIRECTION('',(0.,-1.));
#3638 = ( GEOMETRIC_REPRESENTATION_CONTEXT(2) 
PARAMETRIC_REPRESENTATION_CONTEXT() REPRESENTATION_CONTEXT('2D SPACE',''
  ) );
#3639 = ORIENTED_EDGE('',*,*,#2722,.F.);
#3640 = ORIENTED_EDGE('',*,*,#3641,.T.);
#3641 = EDGE_CURVE('',#2723,#3381,#3642,.T.);
#3642 = SURFACE_CURVE('',#3643,(#3647,#3654),.PCURVE_S1.);
#3643 = LINE('',#3644,#3645);
#3644 = CARTESIAN_POINT('',(49.5,-200.,94.5));
#3645 = VECTOR('',#3646,1.);
#3646 = DIRECTION('',(0.,1.,0.));
#3647 = PCURVE('',#2758,#3648);
#3648 = DEFINITIONAL_REPRESENTATION('',(#3649),#3653);
#3649 = LINE('',#3650,#3651);
#3650 = CARTESIAN_POINT('',(99.,0.));
#3651 = VECTOR('',#3652,1.);
#3652 = DIRECTION('',(0.,1.));
#3653 = ( GEOMETRIC_REPRESENTATION_CONTEXT(2) 
PARAMETRIC_REPRESENTATION_CONTEXT() REPRESENTATION_CONTEXT('2D SPACE',''
  ) );
#3654 = PCURVE('',#3072,#3655);
#3655 = DEFINITIONAL_REPRESENTATION('',(#3656),#3660);
#3656 = LINE('',#3657,#3658);
#3657 = CARTESIAN_POINT('',(0.,0.));
#3658 = VECTOR('',#3659,1.);
#3659 = DIRECTION('',(0.,-1.));
#3660 = ( GEOMETRIC_REPRESENTATION_CONTEXT(2) 
PARAMETRIC_REPRESENTATION_CONTEXT() REPRESENTATION_CONTEXT('2D SPACE',''
  ) );
#3661 = ORIENTED_EDGE('',*,*,#3378,.F.);
#3662 = ADVANCED_FACE('',(#3663),#3072,.T.);
#3663 = FACE_BOUND('',#3664,.T.);
#3664 = EDGE_LOOP('',(#3665,#3686,#3687,#3688));
#3665 = ORIENTED_EDGE('',*,*,#3666,.F.);
#3666 = EDGE_CURVE('',#2931,#3427,#3667,.T.);
#3667 = SURFACE_CURVE('',#3668,(#3672,#3679),.PCURVE_S1.);
#3668 = LINE('',#3669,#3670);
#3669 = CARTESIAN_POINT('',(49.5,-200.,141.5));
#3670 = VECTOR('',#3671,1.);
#3671 = DIRECTION('',(0.,1.,0.));
#3672 = PCURVE('',#3072,#3673);
#3673 = DEFINITIONAL_REPRESENTATION('',(#3674),#3678);
#3674 = LINE('',#3675,#3676);
#3675 = CARTESIAN_POINT('',(47.,0.));
#3676 = VECTOR('',#3677,1.);
#3677 = DIRECTION('',(0.,-1.));
#3678 = ( GEOMETRIC_REPRESENTATION_CONTEXT(2) 
PARAMETRIC_REPRESENTATION_CONTEXT() REPRESENTATION_CONTEXT('2D SPACE',''
  ) );
#3679 = PCURVE('',#2958,#3680);
#3680 = DEFINITIONAL_REPRESENTATION('',(#3681),#3685);
#3681 = LINE('',#3682,#3683);
#3682 = CARTESIAN_POINT('',(99.,0.));
#3683 = VECTOR('',#3684,1.);
#3684 = DIRECTION('',(0.,1.));
#3685 = ( GEOMETRIC_REPRESENTATION_CONTEXT(2) 
PARAMETRIC_REPRESENTATION_CONTEXT() REPRESENTATION_CONTEXT('2D SPACE',''
  ) );
#3686 = ORIENTED_EDGE('',*,*,#2976,.F.);
#3687 = ORIENTED_EDGE('',*,*,#3641,.T.);
#3688 = ORIENTED_EDGE('',*,*,#3449,.T.);
#3689 = ADVANCED_FACE('',(#3690),#2877,.F.);
#3690 = FACE_BOUND('',#3691,.F.);
#3691 = EDGE_LOOP('',(#3692,#3713,#3714,#3715));
#3692 = ORIENTED_EDGE('',*,*,#3693,.F.);
#3693 = EDGE_CURVE('',#2780,#3404,#3694,.T.);
#3694 = SURFACE_CURVE('',#3695,(#3699,#3706),.PCURVE_S1.);
#3695 = LINE('',#3696,#3697);
#3696 = CARTESIAN_POINT('',(-49.5,-200.,141.5));
#3697 = VECTOR('',#3698,1.);
#3698 = DIRECTION('',(0.,1.,0.));
#3699 = PCURVE('',#2877,#3700);
#3700 = DEFINITIONAL_REPRESENTATION('',(#3701),#3705);
#3701 = LINE('',#3702,#3703);
#3702 = CARTESIAN_POINT('',(47.,0.));
#3703 = VECTOR('',#3704,1.);
#3704 = DIRECTION('',(0.,-1.));
#3705 = ( GEOMETRIC_REPRESENTATION_CONTEXT(2) 
PARAMETRIC_REPRESENTATION_CONTEXT() REPRESENTATION_CONTEXT('2D SPACE',''
  ) );
#3706 = PCURVE('',#2958,#3707);
#3707 = DEFINITIONAL_REPRESENTATION('',(#3708),#3712);
#3708 = LINE('',#3709,#3710);
#3709 = CARTESIAN_POINT('',(0.,0.));
#3710 = VECTOR('',#3711,1.);
#3711 = DIRECTION('',(0.,1.));
#3712 = ( GEOMETRIC_REPRESENTATION_CONTEXT(2) 
PARAMETRIC_REPRESENTATION_CONTEXT() REPRESENTATION_CONTEXT('2D SPACE',''
  ) );
#3713 = ORIENTED_EDGE('',*,*,#2779,.F.);
#3714 = ORIENTED_EDGE('',*,*,#3619,.T.);
#3715 = ORIENTED_EDGE('',*,*,#3403,.T.);
#3716 = ADVANCED_FACE('',(#3717),#2958,.T.);
#3717 = FACE_BOUND('',#3718,.T.);
#3718 = EDGE_LOOP('',(#3719,#3720,#3721,#3722));
#3719 = ORIENTED_EDGE('',*,*,#3693,.F.);
#3720 = ORIENTED_EDGE('',*,*,#2930,.F.);
#3721 = ORIENTED_EDGE('',*,*,#3666,.T.);
#3722 = ORIENTED_EDGE('',*,*,#3426,.F.);
#3723 = ADVANCED_FACE('',(#3724),#1533,.F.);
#3724 = FACE_BOUND('',#3725,.F.);
#3725 = EDGE_LOOP('',(#3726,#3727,#3728,#3729));
#3726 = ORIENTED_EDGE('',*,*,#3502,.F.);
#3727 = ORIENTED_EDGE('',*,*,#3552,.T.);
#3728 = ORIENTED_EDGE('',*,*,#1517,.T.);
#3729 = ORIENTED_EDGE('',*,*,#3593,.F.);
#3730 = ( GEOMETRIC_REPRESENTATION_CONTEXT(3) 
GLOBAL_UNCERTAINTY_ASSIGNED_CONTEXT((#3734)) 
GLOBAL_UNIT_ASSIGNED_CONTEXT((#3731,#3732,#3733)) REPRESENTATION_CONTEXT
('Context #1','3D Context with UNIT and UNCERTAINTY') );
#3731 = ( LENGTH_UNIT() NAMED_UNIT(*) SI_UNIT(.MILLI.,.METRE.) );
#3732 = ( NAMED_UNIT(*) PLANE_ANGLE_UNIT() SI_UNIT($,.RADIAN.) );
#3733 = ( NAMED_UNIT(*) SI_UNIT($,.STERADIAN.) SOLID_ANGLE_UNIT() );
#3734 = UNCERTAINTY_MEASURE_WITH_UNIT(LENGTH_MEASURE(2.E-06),#3731,
  'distance_accuracy_value','confusion accuracy');
#3735 = CONTEXT_DEPENDENT_SHAPE_REPRESENTATION(#3736,#3738);
#3736 = ( REPRESENTATION_RELATIONSHIP('','',#36,#10) 
REPRESENTATION_RELATIONSHIP_WITH_TRANSFORMATION(#3737) 
SHAPE_REPRESENTATION_RELATIONSHIP() );
#3737 = ITEM_DEFINED_TRANSFORMATION('','',#11,#15);
#3738 = PRODUCT_DEFINITION_SHAPE('Placement','Placement of an item',
  #3739);
#3739 = NEXT_ASSEMBLY_USAGE_OCCURRENCE('1','','',#5,#31,$);
#3740 = PRODUCT_RELATED_PRODUCT_CATEGORY('part',$,(#33));
#3741 = SHAPE_DEFINITION_REPRESENTATION(#3742,#3748);
#3742 = PRODUCT_DEFINITION_SHAPE('','',#3743);
#3743 = PRODUCT_DEFINITION('design','',#3744,#3747);
#3744 = PRODUCT_DEFINITION_FORMATION('','',#3745);
#3745 = PRODUCT('Open CASCADE STEP translator 7.9 1.2',
  'Open CASCADE STEP translator 7.9 1.2','',(#3746));
#3746 = PRODUCT_CONTEXT('',#2,'mechanical');
#3747 = PRODUCT_DEFINITION_CONTEXT('part definition',#2,'design');
#3748 = ADVANCED_BREP_SHAPE_REPRESENTATION('',(#11,#3749),#5579);
#3749 = MANIFOLD_SOLID_BREP('',#3750);
#3750 = CLOSED_SHELL('',(#3751,#4401,#4475,#4978,#5005,#5032,#5039,#5086
    ,#5113,#5140,#5147,#5194,#5221,#5248,#5255,#5302,#5329,#5356,#5363,
    #5410,#5437,#5464,#5471,#5518,#5545,#5572));
#3751 = ADVANCED_FACE('',(#3752,#3871,#3977,#4083,#4189,#4295),#3766,.F.
  );
#3752 = FACE_BOUND('',#3753,.F.);
#3753 = EDGE_LOOP('',(#3754,#3789,#3817,#3845));
#3754 = ORIENTED_EDGE('',*,*,#3755,.F.);
#3755 = EDGE_CURVE('',#3756,#3758,#3760,.T.);
#3756 = VERTEX_POINT('',#3757);
#3757 = CARTESIAN_POINT('',(-48.,-106.0495491932,96.));
#3758 = VERTEX_POINT('',#3759);
#3759 = CARTESIAN_POINT('',(48.,-106.0495491932,96.));
#3760 = SURFACE_CURVE('',#3761,(#3765,#3777),.PCURVE_S1.);
#3761 = LINE('',#3762,#3763);
#3762 = CARTESIAN_POINT('',(-48.,-106.0495491932,96.));
#3763 = VECTOR('',#3764,1.);
#3764 = DIRECTION('',(1.,0.,0.));
#3765 = PCURVE('',#3766,#3771);
#3766 = PLANE('',#3767);
#3767 = AXIS2_PLACEMENT_3D('',#3768,#3769,#3770);
#3768 = CARTESIAN_POINT('',(-48.,-106.0495491932,96.));
#3769 = DIRECTION('',(0.,1.,0.));
#3770 = DIRECTION('',(0.,0.,1.));
#3771 = DEFINITIONAL_REPRESENTATION('',(#3772),#3776);
#3772 = LINE('',#3773,#3774);
#3773 = CARTESIAN_POINT('',(0.,0.));
#3774 = VECTOR('',#3775,1.);
#3775 = DIRECTION('',(0.,1.));
#3776 = ( GEOMETRIC_REPRESENTATION_CONTEXT(2) 
PARAMETRIC_REPRESENTATION_CONTEXT() REPRESENTATION_CONTEXT('2D SPACE',''
  ) );
#3777 = PCURVE('',#3778,#3783);
#3778 = PLANE('',#3779);
#3779 = AXIS2_PLACEMENT_3D('',#3780,#3781,#3782);
#3780 = CARTESIAN_POINT('',(-48.,-106.0495491932,96.));
#3781 = DIRECTION('',(0.,0.,1.));
#3782 = DIRECTION('',(1.,0.,0.));
#3783 = DEFINITIONAL_REPRESENTATION('',(#3784),#3788);
#3784 = LINE('',#3785,#3786);
#3785 = CARTESIAN_POINT('',(0.,1.42108547152E-14));
#3786 = VECTOR('',#3787,1.);
#3787 = DIRECTION('',(1.,0.));
#3788 = ( GEOMETRIC_REPRESENTATION_CONTEXT(2) 
PARAMETRIC_REPRESENTATION_CONTEXT() REPRESENTATION_CONTEXT('2D SPACE',''
  ) );
#3789 = ORIENTED_EDGE('',*,*,#3790,.T.);
#3790 = EDGE_CURVE('',#3756,#3791,#3793,.T.);
#3791 = VERTEX_POINT('',#3792);
#3792 = CARTESIAN_POINT('',(-48.,-106.0495491932,140.));
#3793 = SURFACE_CURVE('',#3794,(#3798,#3805),.PCURVE_S1.);
#3794 = LINE('',#3795,#3796);
#3795 = CARTESIAN_POINT('',(-48.,-106.0495491932,96.));
#3796 = VECTOR('',#3797,1.);
#3797 = DIRECTION('',(0.,0.,1.));
#3798 = PCURVE('',#3766,#3799);
#3799 = DEFINITIONAL_REPRESENTATION('',(#3800),#3804);
#3800 = LINE('',#3801,#3802);
#3801 = CARTESIAN_POINT('',(0.,0.));
#3802 = VECTOR('',#3803,1.);
#3803 = DIRECTION('',(1.,0.));
#3804 = ( GEOMETRIC_REPRESENTATION_CONTEXT(2) 
PARAMETRIC_REPRESENTATION_CONTEXT() REPRESENTATION_CONTEXT('2D SPACE',''
  ) );
#3805 = PCURVE('',#3806,#3811);
#3806 = PLANE('',#3807);
#3807 = AXIS2_PLACEMENT_3D('',#3808,#3809,#3810);
#3808 = CARTESIAN_POINT('',(-48.,-106.0495491932,96.));
#3809 = DIRECTION('',(1.,0.,0.));
#3810 = DIRECTION('',(0.,0.,1.));
#3811 = DEFINITIONAL_REPRESENTATION('',(#3812),#3816);
#3812 = LINE('',#3813,#3814);
#3813 = CARTESIAN_POINT('',(0.,-1.42108547152E-14));
#3814 = VECTOR('',#3815,1.);
#3815 = DIRECTION('',(1.,0.));
#3816 = ( GEOMETRIC_REPRESENTATION_CONTEXT(2) 
PARAMETRIC_REPRESENTATION_CONTEXT() REPRESENTATION_CONTEXT('2D SPACE',''
  ) );
#3817 = ORIENTED_EDGE('',*,*,#3818,.T.);
#3818 = EDGE_CURVE('',#3791,#3819,#3821,.T.);
#3819 = VERTEX_POINT('',#3820);
#3820 = CARTESIAN_POINT('',(48.,-106.0495491932,140.));
#3821 = SURFACE_CURVE('',#3822,(#3826,#3833),.PCURVE_S1.);
#3822 = LINE('',#3823,#3824);
#3823 = CARTESIAN_POINT('',(-48.,-106.0495491932,140.));
#3824 = VECTOR('',#3825,1.);
#3825 = DIRECTION('',(1.,0.,0.));
#3826 = PCURVE('',#3766,#3827);
#3827 = DEFINITIONAL_REPRESENTATION('',(#3828),#3832);
#3828 = LINE('',#3829,#3830);
#3829 = CARTESIAN_POINT('',(44.,0.));
#3830 = VECTOR('',#3831,1.);
#3831 = DIRECTION('',(0.,1.));
#3832 = ( GEOMETRIC_REPRESENTATION_CONTEXT(2) 
PARAMETRIC_REPRESENTATION_CONTEXT() REPRESENTATION_CONTEXT('2D SPACE',''
  ) );
#3833 = PCURVE('',#3834,#3839);
#3834 = PLANE('',#3835);
#3835 = AXIS2_PLACEMENT_3D('',#3836,#3837,#3838);
#3836 = CARTESIAN_POINT('',(-48.,-106.0495491932,140.));
#3837 = DIRECTION('',(0.,0.,1.));
#3838 = DIRECTION('',(1.,0.,0.));
#3839 = DEFINITIONAL_REPRESENTATION('',(#3840),#3844);
#3840 = LINE('',#3841,#3842);
#3841 = CARTESIAN_POINT('',(0.,1.42108547152E-14));
#3842 = VECTOR('',#3843,1.);
#3843 = DIRECTION('',(1.,0.));
#3844 = ( GEOMETRIC_REPRESENTATION_CONTEXT(2) 
PARAMETRIC_REPRESENTATION_CONTEXT() REPRESENTATION_CONTEXT('2D SPACE',''
  ) );
#3845 = ORIENTED_EDGE('',*,*,#3846,.F.);
#3846 = EDGE_CURVE('',#3758,#3819,#3847,.T.);
#3847 = SURFACE_CURVE('',#3848,(#3852,#3859),.PCURVE_S1.);
#3848 = LINE('',#3849,#3850);
#3849 = CARTESIAN_POINT('',(48.,-106.0495491932,96.));
#3850 = VECTOR('',#3851,1.);
#3851 = DIRECTION('',(0.,0.,1.));
#3852 = PCURVE('',#3766,#3853);
#3853 = DEFINITIONAL_REPRESENTATION('',(#3854),#3858);
#3854 = LINE('',#3855,#3856);
#3855 = CARTESIAN_POINT('',(0.,96.));
#3856 = VECTOR('',#3857,1.);
#3857 = DIRECTION('',(1.,0.));
#3858 = ( GEOMETRIC_REPRESENTATION_CONTEXT(2) 
PARAMETRIC_REPRESENTATION_CONTEXT() REPRESENTATION_CONTEXT('2D SPACE',''
  ) );
#3859 = PCURVE('',#3860,#3865);
#3860 = PLANE('',#3861);
#3861 = AXIS2_PLACEMENT_3D('',#3862,#3863,#3864);
#3862 = CARTESIAN_POINT('',(48.,-106.0495491932,96.));
#3863 = DIRECTION('',(1.,0.,0.));
#3864 = DIRECTION('',(0.,0.,1.));
#3865 = DEFINITIONAL_REPRESENTATION('',(#3866),#3870);
#3866 = LINE('',#3867,#3868);
#3867 = CARTESIAN_POINT('',(0.,-1.42108547152E-14));
#3868 = VECTOR('',#3869,1.);
#3869 = DIRECTION('',(1.,0.));
#3870 = ( GEOMETRIC_REPRESENTATION_CONTEXT(2) 
PARAMETRIC_REPRESENTATION_CONTEXT() REPRESENTATION_CONTEXT('2D SPACE',''
  ) );
#3871 = FACE_BOUND('',#3872,.F.);
#3872 = EDGE_LOOP('',(#3873,#3901,#3927,#3953));
#3873 = ORIENTED_EDGE('',*,*,#3874,.F.);
#3874 = EDGE_CURVE('',#3875,#3877,#3879,.T.);
#3875 = VERTEX_POINT('',#3876);
#3876 = CARTESIAN_POINT('',(-40.,-106.0495491932,123.));
#3877 = VERTEX_POINT('',#3878);
#3878 = CARTESIAN_POINT('',(-16.,-106.0495491932,123.));
#3879 = SURFACE_CURVE('',#3880,(#3884,#3890),.PCURVE_S1.);
#3880 = LINE('',#3881,#3882);
#3881 = CARTESIAN_POINT('',(-44.,-106.0495491932,123.));
#3882 = VECTOR('',#3883,1.);
#3883 = DIRECTION('',(1.,0.,0.));
#3884 = PCURVE('',#3766,#3885);
#3885 = DEFINITIONAL_REPRESENTATION('',(#3886),#3889);
#3886 = B_SPLINE_CURVE_WITH_KNOTS('',1,(#3887,#3888),.UNSPECIFIED.,.F.,
  .F.,(2,2),(4.,28.),.PIECEWISE_BEZIER_KNOTS.);
#3887 = CARTESIAN_POINT('',(27.,8.));
#3888 = CARTESIAN_POINT('',(27.,32.));
#3889 = ( GEOMETRIC_REPRESENTATION_CONTEXT(2) 
PARAMETRIC_REPRESENTATION_CONTEXT() REPRESENTATION_CONTEXT('2D SPACE',''
  ) );
#3890 = PCURVE('',#3891,#3896);
#3891 = PLANE('',#3892);
#3892 = AXIS2_PLACEMENT_3D('',#3893,#3894,#3895);
#3893 = CARTESIAN_POINT('',(-40.,-107.0495491932,123.));
#3894 = DIRECTION('',(0.,0.,1.));
#3895 = DIRECTION('',(1.,0.,0.));
#3896 = DEFINITIONAL_REPRESENTATION('',(#3897),#3900);
#3897 = B_SPLINE_CURVE_WITH_KNOTS('',1,(#3898,#3899),.UNSPECIFIED.,.F.,
  .F.,(2,2),(4.,28.),.PIECEWISE_BEZIER_KNOTS.);
#3898 = CARTESIAN_POINT('',(0.,1.));
#3899 = CARTESIAN_POINT('',(24.,1.));
#3900 = ( GEOMETRIC_REPRESENTATION_CONTEXT(2) 
PARAMETRIC_REPRESENTATION_CONTEXT() REPRESENTATION_CONTEXT('2D SPACE',''
  ) );
#3901 = ORIENTED_EDGE('',*,*,#3902,.T.);
#3902 = EDGE_CURVE('',#3875,#3903,#3905,.T.);
#3903 = VERTEX_POINT('',#3904);
#3904 = CARTESIAN_POINT('',(-40.,-106.0495491932,103.));
#3905 = SURFACE_CURVE('',#3906,(#3910,#3916),.PCURVE_S1.);
#3906 = LINE('',#3907,#3908);
#3907 = CARTESIAN_POINT('',(-40.,-106.0495491932,99.5));
#3908 = VECTOR('',#3909,1.);
#3909 = DIRECTION('',(0.,0.,-1.));
#3910 = PCURVE('',#3766,#3911);
#3911 = DEFINITIONAL_REPRESENTATION('',(#3912),#3915);
#3912 = B_SPLINE_CURVE_WITH_KNOTS('',1,(#3913,#3914),.UNSPECIFIED.,.F.,
  .F.,(2,2),(-23.5,-3.5),.PIECEWISE_BEZIER_KNOTS.);
#3913 = CARTESIAN_POINT('',(27.,8.));
#3914 = CARTESIAN_POINT('',(7.,8.));
#3915 = ( GEOMETRIC_REPRESENTATION_CONTEXT(2) 
PARAMETRIC_REPRESENTATION_CONTEXT() REPRESENTATION_CONTEXT('2D SPACE',''
  ) );
#3916 = PCURVE('',#3917,#3922);
#3917 = PLANE('',#3918);
#3918 = AXIS2_PLACEMENT_3D('',#3919,#3920,#3921);
#3919 = CARTESIAN_POINT('',(-40.,-107.0495491932,103.));
#3920 = DIRECTION('',(1.,0.,0.));
#3921 = DIRECTION('',(0.,0.,1.));
#3922 = DEFINITIONAL_REPRESENTATION('',(#3923),#3926);
#3923 = B_SPLINE_CURVE_WITH_KNOTS('',1,(#3924,#3925),.UNSPECIFIED.,.F.,
  .F.,(2,2),(-23.5,-3.5),.PIECEWISE_BEZIER_KNOTS.);
#3924 = CARTESIAN_POINT('',(20.,-1.));
#3925 = CARTESIAN_POINT('',(0.,-1.));
#3926 = ( GEOMETRIC_REPRESENTATION_CONTEXT(2) 
PARAMETRIC_REPRESENTATION_CONTEXT() REPRESENTATION_CONTEXT('2D SPACE',''
  ) );
#3927 = ORIENTED_EDGE('',*,*,#3928,.T.);
#3928 = EDGE_CURVE('',#3903,#3929,#3931,.T.);
#3929 = VERTEX_POINT('',#3930);
#3930 = CARTESIAN_POINT('',(-16.,-106.0495491932,103.));
#3931 = SURFACE_CURVE('',#3932,(#3936,#3942),.PCURVE_S1.);
#3932 = LINE('',#3933,#3934);
#3933 = CARTESIAN_POINT('',(-44.,-106.0495491932,103.));
#3934 = VECTOR('',#3935,1.);
#3935 = DIRECTION('',(1.,0.,0.));
#3936 = PCURVE('',#3766,#3937);
#3937 = DEFINITIONAL_REPRESENTATION('',(#3938),#3941);
#3938 = B_SPLINE_CURVE_WITH_KNOTS('',1,(#3939,#3940),.UNSPECIFIED.,.F.,
  .F.,(2,2),(4.,28.),.PIECEWISE_BEZIER_KNOTS.);
#3939 = CARTESIAN_POINT('',(7.,8.));
#3940 = CARTESIAN_POINT('',(7.,32.));
#3941 = ( GEOMETRIC_REPRESENTATION_CONTEXT(2) 
PARAMETRIC_REPRESENTATION_CONTEXT() REPRESENTATION_CONTEXT('2D SPACE',''
  ) );
#3942 = PCURVE('',#3943,#3948);
#3943 = PLANE('',#3944);
#3944 = AXIS2_PLACEMENT_3D('',#3945,#3946,#3947);
#3945 = CARTESIAN_POINT('',(-40.,-107.0495491932,103.));
#3946 = DIRECTION('',(0.,0.,1.));
#3947 = DIRECTION('',(1.,0.,0.));
#3948 = DEFINITIONAL_REPRESENTATION('',(#3949),#3952);
#3949 = B_SPLINE_CURVE_WITH_KNOTS('',1,(#3950,#3951),.UNSPECIFIED.,.F.,
  .F.,(2,2),(4.,28.),.PIECEWISE_BEZIER_KNOTS.);
#3950 = CARTESIAN_POINT('',(0.,1.));
#3951 = CARTESIAN_POINT('',(24.,1.));
#3952 = ( GEOMETRIC_REPRESENTATION_CONTEXT(2) 
PARAMETRIC_REPRESENTATION_CONTEXT() REPRESENTATION_CONTEXT('2D SPACE',''
  ) );
#3953 = ORIENTED_EDGE('',*,*,#3954,.F.);
#3954 = EDGE_CURVE('',#3877,#3929,#3955,.T.);
#3955 = SURFACE_CURVE('',#3956,(#3960,#3966),.PCURVE_S1.);
#3956 = LINE('',#3957,#3958);
#3957 = CARTESIAN_POINT('',(-16.,-106.0495491932,99.5));
#3958 = VECTOR('',#3959,1.);
#3959 = DIRECTION('',(0.,0.,-1.));
#3960 = PCURVE('',#3766,#3961);
#3961 = DEFINITIONAL_REPRESENTATION('',(#3962),#3965);
#3962 = B_SPLINE_CURVE_WITH_KNOTS('',1,(#3963,#3964),.UNSPECIFIED.,.F.,
  .F.,(2,2),(-23.5,-3.5),.PIECEWISE_BEZIER_KNOTS.);
#3963 = CARTESIAN_POINT('',(27.,32.));
#3964 = CARTESIAN_POINT('',(7.,32.));
#3965 = ( GEOMETRIC_REPRESENTATION_CONTEXT(2) 
PARAMETRIC_REPRESENTATION_CONTEXT() REPRESENTATION_CONTEXT('2D SPACE',''
  ) );
#3966 = PCURVE('',#3967,#3972);
#3967 = PLANE('',#3968);
#3968 = AXIS2_PLACEMENT_3D('',#3969,#3970,#3971);
#3969 = CARTESIAN_POINT('',(-16.,-107.0495491932,103.));
#3970 = DIRECTION('',(1.,0.,0.));
#3971 = DIRECTION('',(0.,0.,1.));
#3972 = DEFINITIONAL_REPRESENTATION('',(#3973),#3976);
#3973 = B_SPLINE_CURVE_WITH_KNOTS('',1,(#3974,#3975),.UNSPECIFIED.,.F.,
  .F.,(2,2),(-23.5,-3.5),.PIECEWISE_BEZIER_KNOTS.);
#3974 = CARTESIAN_POINT('',(20.,-1.));
#3975 = CARTESIAN_POINT('',(0.,-1.));
#3976 = ( GEOMETRIC_REPRESENTATION_CONTEXT(2) 
PARAMETRIC_REPRESENTATION_CONTEXT() REPRESENTATION_CONTEXT('2D SPACE',''
  ) );
#3977 = FACE_BOUND('',#3978,.F.);
#3978 = EDGE_LOOP('',(#3979,#4007,#4033,#4059));
#3979 = ORIENTED_EDGE('',*,*,#3980,.F.);
#3980 = EDGE_CURVE('',#3981,#3983,#3985,.T.);
#3981 = VERTEX_POINT('',#3982);
#3982 = CARTESIAN_POINT('',(-8.,-106.0495491932,110.));
#3983 = VERTEX_POINT('',#3984);
#3984 = CARTESIAN_POINT('',(6.,-106.0495491932,110.));
#3985 = SURFACE_CURVE('',#3986,(#3990,#3996),.PCURVE_S1.);
#3986 = LINE('',#3987,#3988);
#3987 = CARTESIAN_POINT('',(-28.,-106.0495491932,110.));
#3988 = VECTOR('',#3989,1.);
#3989 = DIRECTION('',(1.,0.,0.));
#3990 = PCURVE('',#3766,#3991);
#3991 = DEFINITIONAL_REPRESENTATION('',(#3992),#3995);
#3992 = B_SPLINE_CURVE_WITH_KNOTS('',1,(#3993,#3994),.UNSPECIFIED.,.F.,
  .F.,(2,2),(20.,34.),.PIECEWISE_BEZIER_KNOTS.);
#3993 = CARTESIAN_POINT('',(14.,40.));
#3994 = CARTESIAN_POINT('',(14.,54.));
#3995 = ( GEOMETRIC_REPRESENTATION_CONTEXT(2) 
PARAMETRIC_REPRESENTATION_CONTEXT() REPRESENTATION_CONTEXT('2D SPACE',''
  ) );
#3996 = PCURVE('',#3997,#4002);
#3997 = PLANE('',#3998);
#3998 = AXIS2_PLACEMENT_3D('',#3999,#4000,#4001);
#3999 = CARTESIAN_POINT('',(-8.,-107.0495491932,110.));
#4000 = DIRECTION('',(0.,0.,1.));
#4001 = DIRECTION('',(1.,0.,0.));
#4002 = DEFINITIONAL_REPRESENTATION('',(#4003),#4006);
#4003 = B_SPLINE_CURVE_WITH_KNOTS('',1,(#4004,#4005),.UNSPECIFIED.,.F.,
  .F.,(2,2),(20.,34.),.PIECEWISE_BEZIER_KNOTS.);
#4004 = CARTESIAN_POINT('',(0.,1.));
#4005 = CARTESIAN_POINT('',(14.,1.));
#4006 = ( GEOMETRIC_REPRESENTATION_CONTEXT(2) 
PARAMETRIC_REPRESENTATION_CONTEXT() REPRESENTATION_CONTEXT('2D SPACE',''
  ) );
#4007 = ORIENTED_EDGE('',*,*,#4008,.T.);
#4008 = EDGE_CURVE('',#3981,#4009,#4011,.T.);
#4009 = VERTEX_POINT('',#4010);
#4010 = CARTESIAN_POINT('',(-8.,-106.0495491932,104.));
#4011 = SURFACE_CURVE('',#4012,(#4016,#4022),.PCURVE_S1.);
#4012 = LINE('',#4013,#4014);
#4013 = CARTESIAN_POINT('',(-8.,-106.0495491932,100.));
#4014 = VECTOR('',#4015,1.);
#4015 = DIRECTION('',(0.,0.,-1.));
#4016 = PCURVE('',#3766,#4017);
#4017 = DEFINITIONAL_REPRESENTATION('',(#4018),#4021);
#4018 = B_SPLINE_CURVE_WITH_KNOTS('',1,(#4019,#4020),.UNSPECIFIED.,.F.,
  .F.,(2,2),(-10.,-4.),.PIECEWISE_BEZIER_KNOTS.);
#4019 = CARTESIAN_POINT('',(14.,40.));
#4020 = CARTESIAN_POINT('',(8.,40.));
#4021 = ( GEOMETRIC_REPRESENTATION_CONTEXT(2) 
PARAMETRIC_REPRESENTATION_CONTEXT() REPRESENTATION_CONTEXT('2D SPACE',''
  ) );
#4022 = PCURVE('',#4023,#4028);
#4023 = PLANE('',#4024);
#4024 = AXIS2_PLACEMENT_3D('',#4025,#4026,#4027);
#4025 = CARTESIAN_POINT('',(-8.,-107.0495491932,104.));
#4026 = DIRECTION('',(1.,0.,0.));
#4027 = DIRECTION('',(0.,0.,1.));
#4028 = DEFINITIONAL_REPRESENTATION('',(#4029),#4032);
#4029 = B_SPLINE_CURVE_WITH_KNOTS('',1,(#4030,#4031),.UNSPECIFIED.,.F.,
  .F.,(2,2),(-10.,-4.),.PIECEWISE_BEZIER_KNOTS.);
#4030 = CARTESIAN_POINT('',(6.,-1.));
#4031 = CARTESIAN_POINT('',(0.,-1.));
#4032 = ( GEOMETRIC_REPRESENTATION_CONTEXT(2) 
PARAMETRIC_REPRESENTATION_CONTEXT() REPRESENTATION_CONTEXT('2D SPACE',''
  ) );
#4033 = ORIENTED_EDGE('',*,*,#4034,.T.);
#4034 = EDGE_CURVE('',#4009,#4035,#4037,.T.);
#4035 = VERTEX_POINT('',#4036);
#4036 = CARTESIAN_POINT('',(6.,-106.0495491932,104.));
#4037 = SURFACE_CURVE('',#4038,(#4042,#4048),.PCURVE_S1.);
#4038 = LINE('',#4039,#4040);
#4039 = CARTESIAN_POINT('',(-28.,-106.0495491932,104.));
#4040 = VECTOR('',#4041,1.);
#4041 = DIRECTION('',(1.,0.,0.));
#4042 = PCURVE('',#3766,#4043);
#4043 = DEFINITIONAL_REPRESENTATION('',(#4044),#4047);
#4044 = B_SPLINE_CURVE_WITH_KNOTS('',1,(#4045,#4046),.UNSPECIFIED.,.F.,
  .F.,(2,2),(20.,34.),.PIECEWISE_BEZIER_KNOTS.);
#4045 = CARTESIAN_POINT('',(8.,40.));
#4046 = CARTESIAN_POINT('',(8.,54.));
#4047 = ( GEOMETRIC_REPRESENTATION_CONTEXT(2) 
PARAMETRIC_REPRESENTATION_CONTEXT() REPRESENTATION_CONTEXT('2D SPACE',''
  ) );
#4048 = PCURVE('',#4049,#4054);
#4049 = PLANE('',#4050);
#4050 = AXIS2_PLACEMENT_3D('',#4051,#4052,#4053);
#4051 = CARTESIAN_POINT('',(-8.,-107.0495491932,104.));
#4052 = DIRECTION('',(0.,0.,1.));
#4053 = DIRECTION('',(1.,0.,0.));
#4054 = DEFINITIONAL_REPRESENTATION('',(#4055),#4058);
#4055 = B_SPLINE_CURVE_WITH_KNOTS('',1,(#4056,#4057),.UNSPECIFIED.,.F.,
  .F.,(2,2),(20.,34.),.PIECEWISE_BEZIER_KNOTS.);
#4056 = CARTESIAN_POINT('',(0.,1.));
#4057 = CARTESIAN_POINT('',(14.,1.));
#4058 = ( GEOMETRIC_REPRESENTATION_CONTEXT(2) 
PARAMETRIC_REPRESENTATION_CONTEXT() REPRESENTATION_CONTEXT('2D SPACE',''
  ) );
#4059 = ORIENTED_EDGE('',*,*,#4060,.F.);
#4060 = EDGE_CURVE('',#3983,#4035,#4061,.T.);
#4061 = SURFACE_CURVE('',#4062,(#4066,#4072),.PCURVE_S1.);
#4062 = LINE('',#4063,#4064);
#4063 = CARTESIAN_POINT('',(6.,-106.0495491932,100.));
#4064 = VECTOR('',#4065,1.);
#4065 = DIRECTION('',(0.,0.,-1.));
#4066 = PCURVE('',#3766,#4067);
#4067 = DEFINITIONAL_REPRESENTATION('',(#4068),#4071);
#4068 = B_SPLINE_CURVE_WITH_KNOTS('',1,(#4069,#4070),.UNSPECIFIED.,.F.,
  .F.,(2,2),(-10.,-4.),.PIECEWISE_BEZIER_KNOTS.);
#4069 = CARTESIAN_POINT('',(14.,54.));
#4070 = CARTESIAN_POINT('',(8.,54.));
#4071 = ( GEOMETRIC_REPRESENTATION_CONTEXT(2) 
PARAMETRIC_REPRESENTATION_CONTEXT() REPRESENTATION_CONTEXT('2D SPACE',''
  ) );
#4072 = PCURVE('',#4073,#4078);
#4073 = PLANE('',#4074);
#4074 = AXIS2_PLACEMENT_3D('',#4075,#4076,#4077);
#4075 = CARTESIAN_POINT('',(6.,-107.0495491932,104.));
#4076 = DIRECTION('',(1.,0.,0.));
#4077 = DIRECTION('',(0.,0.,1.));
#4078 = DEFINITIONAL_REPRESENTATION('',(#4079),#4082);
#4079 = B_SPLINE_CURVE_WITH_KNOTS('',1,(#4080,#4081),.UNSPECIFIED.,.F.,
  .F.,(2,2),(-10.,-4.),.PIECEWISE_BEZIER_KNOTS.);
#4080 = CARTESIAN_POINT('',(6.,-1.));
#4081 = CARTESIAN_POINT('',(0.,-1.));
#4082 = ( GEOMETRIC_REPRESENTATION_CONTEXT(2) 
PARAMETRIC_REPRESENTATION_CONTEXT() REPRESENTATION_CONTEXT('2D SPACE',''
  ) );
#4083 = FACE_BOUND('',#4084,.F.);
#4084 = EDGE_LOOP('',(#4085,#4113,#4139,#4165));
#4085 = ORIENTED_EDGE('',*,*,#4086,.F.);
#4086 = EDGE_CURVE('',#4087,#4089,#4091,.T.);
#4087 = VERTEX_POINT('',#4088);
#4088 = CARTESIAN_POINT('',(14.,-106.0495491932,120.));
#4089 = VERTEX_POINT('',#4090);
#4090 = CARTESIAN_POINT('',(30.,-106.0495491932,120.));
#4091 = SURFACE_CURVE('',#4092,(#4096,#4102),.PCURVE_S1.);
#4092 = LINE('',#4093,#4094);
#4093 = CARTESIAN_POINT('',(-17.,-106.0495491932,120.));
#4094 = VECTOR('',#4095,1.);
#4095 = DIRECTION('',(1.,0.,0.));
#4096 = PCURVE('',#3766,#4097);
#4097 = DEFINITIONAL_REPRESENTATION('',(#4098),#4101);
#4098 = B_SPLINE_CURVE_WITH_KNOTS('',1,(#4099,#4100),.UNSPECIFIED.,.F.,
  .F.,(2,2),(31.,47.),.PIECEWISE_BEZIER_KNOTS.);
#4099 = CARTESIAN_POINT('',(24.,62.));
#4100 = CARTESIAN_POINT('',(24.,78.));
#4101 = ( GEOMETRIC_REPRESENTATION_CONTEXT(2) 
PARAMETRIC_REPRESENTATION_CONTEXT() REPRESENTATION_CONTEXT('2D SPACE',''
  ) );
#4102 = PCURVE('',#4103,#4108);
#4103 = PLANE('',#4104);
#4104 = AXIS2_PLACEMENT_3D('',#4105,#4106,#4107);
#4105 = CARTESIAN_POINT('',(14.,-107.0495491932,120.));
#4106 = DIRECTION('',(0.,0.,1.));
#4107 = DIRECTION('',(1.,0.,0.));
#4108 = DEFINITIONAL_REPRESENTATION('',(#4109),#4112);
#4109 = B_SPLINE_CURVE_WITH_KNOTS('',1,(#4110,#4111),.UNSPECIFIED.,.F.,
  .F.,(2,2),(31.,47.),.PIECEWISE_BEZIER_KNOTS.);
#4110 = CARTESIAN_POINT('',(0.,1.));
#4111 = CARTESIAN_POINT('',(16.,1.));
#4112 = ( GEOMETRIC_REPRESENTATION_CONTEXT(2) 
PARAMETRIC_REPRESENTATION_CONTEXT() REPRESENTATION_CONTEXT('2D SPACE',''
  ) );
#4113 = ORIENTED_EDGE('',*,*,#4114,.T.);
#4114 = EDGE_CURVE('',#4087,#4115,#4117,.T.);
#4115 = VERTEX_POINT('',#4116);
#4116 = CARTESIAN_POINT('',(14.,-106.0495491932,106.));
#4117 = SURFACE_CURVE('',#4118,(#4122,#4128),.PCURVE_S1.);
#4118 = LINE('',#4119,#4120);
#4119 = CARTESIAN_POINT('',(14.,-106.0495491932,101.));
#4120 = VECTOR('',#4121,1.);
#4121 = DIRECTION('',(0.,0.,-1.));
#4122 = PCURVE('',#3766,#4123);
#4123 = DEFINITIONAL_REPRESENTATION('',(#4124),#4127);
#4124 = B_SPLINE_CURVE_WITH_KNOTS('',1,(#4125,#4126),.UNSPECIFIED.,.F.,
  .F.,(2,2),(-19.,-5.),.PIECEWISE_BEZIER_KNOTS.);
#4125 = CARTESIAN_POINT('',(24.,62.));
#4126 = CARTESIAN_POINT('',(10.,62.));
#4127 = ( GEOMETRIC_REPRESENTATION_CONTEXT(2) 
PARAMETRIC_REPRESENTATION_CONTEXT() REPRESENTATION_CONTEXT('2D SPACE',''
  ) );
#4128 = PCURVE('',#4129,#4134);
#4129 = PLANE('',#4130);
#4130 = AXIS2_PLACEMENT_3D('',#4131,#4132,#4133);
#4131 = CARTESIAN_POINT('',(14.,-107.0495491932,106.));
#4132 = DIRECTION('',(1.,0.,0.));
#4133 = DIRECTION('',(0.,0.,1.));
#4134 = DEFINITIONAL_REPRESENTATION('',(#4135),#4138);
#4135 = B_SPLINE_CURVE_WITH_KNOTS('',1,(#4136,#4137),.UNSPECIFIED.,.F.,
  .F.,(2,2),(-19.,-5.),.PIECEWISE_BEZIER_KNOTS.);
#4136 = CARTESIAN_POINT('',(14.,-1.));
#4137 = CARTESIAN_POINT('',(0.,-1.));
#4138 = ( GEOMETRIC_REPRESENTATION_CONTEXT(2) 
PARAMETRIC_REPRESENTATION_CONTEXT() REPRESENTATION_CONTEXT('2D SPACE',''
  ) );
#4139 = ORIENTED_EDGE('',*,*,#4140,.T.);
#4140 = EDGE_CURVE('',#4115,#4141,#4143,.T.);
#4141 = VERTEX_POINT('',#4142);
#4142 = CARTESIAN_POINT('',(30.,-106.0495491932,106.));
#4143 = SURFACE_CURVE('',#4144,(#4148,#4154),.PCURVE_S1.);
#4144 = LINE('',#4145,#4146);
#4145 = CARTESIAN_POINT('',(-17.,-106.0495491932,106.));
#4146 = VECTOR('',#4147,1.);
#4147 = DIRECTION('',(1.,0.,0.));
#4148 = PCURVE('',#3766,#4149);
#4149 = DEFINITIONAL_REPRESENTATION('',(#4150),#4153);
#4150 = B_SPLINE_CURVE_WITH_KNOTS('',1,(#4151,#4152),.UNSPECIFIED.,.F.,
  .F.,(2,2),(31.,47.),.PIECEWISE_BEZIER_KNOTS.);
#4151 = CARTESIAN_POINT('',(10.,62.));
#4152 = CARTESIAN_POINT('',(10.,78.));
#4153 = ( GEOMETRIC_REPRESENTATION_CONTEXT(2) 
PARAMETRIC_REPRESENTATION_CONTEXT() REPRESENTATION_CONTEXT('2D SPACE',''
  ) );
#4154 = PCURVE('',#4155,#4160);
#4155 = PLANE('',#4156);
#4156 = AXIS2_PLACEMENT_3D('',#4157,#4158,#4159);
#4157 = CARTESIAN_POINT('',(14.,-107.0495491932,106.));
#4158 = DIRECTION('',(0.,0.,1.));
#4159 = DIRECTION('',(1.,0.,0.));
#4160 = DEFINITIONAL_REPRESENTATION('',(#4161),#4164);
#4161 = B_SPLINE_CURVE_WITH_KNOTS('',1,(#4162,#4163),.UNSPECIFIED.,.F.,
  .F.,(2,2),(31.,47.),.PIECEWISE_BEZIER_KNOTS.);
#4162 = CARTESIAN_POINT('',(0.,1.));
#4163 = CARTESIAN_POINT('',(16.,1.));
#4164 = ( GEOMETRIC_REPRESENTATION_CONTEXT(2) 
PARAMETRIC_REPRESENTATION_CONTEXT() REPRESENTATION_CONTEXT('2D SPACE',''
  ) );
#4165 = ORIENTED_EDGE('',*,*,#4166,.F.);
#4166 = EDGE_CURVE('',#4089,#4141,#4167,.T.);
#4167 = SURFACE_CURVE('',#4168,(#4172,#4178),.PCURVE_S1.);
#4168 = LINE('',#4169,#4170);
#4169 = CARTESIAN_POINT('',(30.,-106.0495491932,101.));
#4170 = VECTOR('',#4171,1.);
#4171 = DIRECTION('',(0.,0.,-1.));
#4172 = PCURVE('',#3766,#4173);
#4173 = DEFINITIONAL_REPRESENTATION('',(#4174),#4177);
#4174 = B_SPLINE_CURVE_WITH_KNOTS('',1,(#4175,#4176),.UNSPECIFIED.,.F.,
  .F.,(2,2),(-19.,-5.),.PIECEWISE_BEZIER_KNOTS.);
#4175 = CARTESIAN_POINT('',(24.,78.));
#4176 = CARTESIAN_POINT('',(10.,78.));
#4177 = ( GEOMETRIC_REPRESENTATION_CONTEXT(2) 
PARAMETRIC_REPRESENTATION_CONTEXT() REPRESENTATION_CONTEXT('2D SPACE',''
  ) );
#4178 = PCURVE('',#4179,#4184);
#4179 = PLANE('',#4180);
#4180 = AXIS2_PLACEMENT_3D('',#4181,#4182,#4183);
#4181 = CARTESIAN_POINT('',(30.,-107.0495491932,106.));
#4182 = DIRECTION('',(1.,0.,0.));
#4183 = DIRECTION('',(0.,0.,1.));
#4184 = DEFINITIONAL_REPRESENTATION('',(#4185),#4188);
#4185 = B_SPLINE_CURVE_WITH_KNOTS('',1,(#4186,#4187),.UNSPECIFIED.,.F.,
  .F.,(2,2),(-19.,-5.),.PIECEWISE_BEZIER_KNOTS.);
#4186 = CARTESIAN_POINT('',(14.,-1.));
#4187 = CARTESIAN_POINT('',(0.,-1.));
#4188 = ( GEOMETRIC_REPRESENTATION_CONTEXT(2) 
PARAMETRIC_REPRESENTATION_CONTEXT() REPRESENTATION_CONTEXT('2D SPACE',''
  ) );
#4189 = FACE_BOUND('',#4190,.F.);
#4190 = EDGE_LOOP('',(#4191,#4219,#4245,#4271));
#4191 = ORIENTED_EDGE('',*,*,#4192,.F.);
#4192 = EDGE_CURVE('',#4193,#4195,#4197,.T.);
#4193 = VERTEX_POINT('',#4194);
#4194 = CARTESIAN_POINT('',(-8.,-106.0495491932,119.5));
#4195 = VERTEX_POINT('',#4196);
#4196 = CARTESIAN_POINT('',(1.,-106.0495491932,119.5));
#4197 = SURFACE_CURVE('',#4198,(#4202,#4208),.PCURVE_S1.);
#4198 = LINE('',#4199,#4200);
#4199 = CARTESIAN_POINT('',(-28.,-106.0495491932,119.5));
#4200 = VECTOR('',#4201,1.);
#4201 = DIRECTION('',(1.,0.,0.));
#4202 = PCURVE('',#3766,#4203);
#4203 = DEFINITIONAL_REPRESENTATION('',(#4204),#4207);
#4204 = B_SPLINE_CURVE_WITH_KNOTS('',1,(#4205,#4206),.UNSPECIFIED.,.F.,
  .F.,(2,2),(20.,29.),.PIECEWISE_BEZIER_KNOTS.);
#4205 = CARTESIAN_POINT('',(23.5,40.));
#4206 = CARTESIAN_POINT('',(23.5,49.));
#4207 = ( GEOMETRIC_REPRESENTATION_CONTEXT(2) 
PARAMETRIC_REPRESENTATION_CONTEXT() REPRESENTATION_CONTEXT('2D SPACE',''
  ) );
#4208 = PCURVE('',#4209,#4214);
#4209 = PLANE('',#4210);
#4210 = AXIS2_PLACEMENT_3D('',#4211,#4212,#4213);
#4211 = CARTESIAN_POINT('',(-8.,-107.0495491932,119.5));
#4212 = DIRECTION('',(0.,0.,1.));
#4213 = DIRECTION('',(1.,0.,0.));
#4214 = DEFINITIONAL_REPRESENTATION('',(#4215),#4218);
#4215 = B_SPLINE_CURVE_WITH_KNOTS('',1,(#4216,#4217),.UNSPECIFIED.,.F.,
  .F.,(2,2),(20.,29.),.PIECEWISE_BEZIER_KNOTS.);
#4216 = CARTESIAN_POINT('',(0.,1.));
#4217 = CARTESIAN_POINT('',(9.,1.));
#4218 = ( GEOMETRIC_REPRESENTATION_CONTEXT(2) 
PARAMETRIC_REPRESENTATION_CONTEXT() REPRESENTATION_CONTEXT('2D SPACE',''
  ) );
#4219 = ORIENTED_EDGE('',*,*,#4220,.T.);
#4220 = EDGE_CURVE('',#4193,#4221,#4223,.T.);
#4221 = VERTEX_POINT('',#4222);
#4222 = CARTESIAN_POINT('',(-8.,-106.0495491932,116.));
#4223 = SURFACE_CURVE('',#4224,(#4228,#4234),.PCURVE_S1.);
#4224 = LINE('',#4225,#4226);
#4225 = CARTESIAN_POINT('',(-8.,-106.0495491932,106.));
#4226 = VECTOR('',#4227,1.);
#4227 = DIRECTION('',(0.,0.,-1.));
#4228 = PCURVE('',#3766,#4229);
#4229 = DEFINITIONAL_REPRESENTATION('',(#4230),#4233);
#4230 = B_SPLINE_CURVE_WITH_KNOTS('',1,(#4231,#4232),.UNSPECIFIED.,.F.,
  .F.,(2,2),(-13.5,-10.),.PIECEWISE_BEZIER_KNOTS.);
#4231 = CARTESIAN_POINT('',(23.5,40.));
#4232 = CARTESIAN_POINT('',(20.,40.));
#4233 = ( GEOMETRIC_REPRESENTATION_CONTEXT(2) 
PARAMETRIC_REPRESENTATION_CONTEXT() REPRESENTATION_CONTEXT('2D SPACE',''
  ) );
#4234 = PCURVE('',#4235,#4240);
#4235 = PLANE('',#4236);
#4236 = AXIS2_PLACEMENT_3D('',#4237,#4238,#4239);
#4237 = CARTESIAN_POINT('',(-8.,-107.0495491932,116.));
#4238 = DIRECTION('',(1.,0.,0.));
#4239 = DIRECTION('',(0.,0.,1.));
#4240 = DEFINITIONAL_REPRESENTATION('',(#4241),#4244);
#4241 = B_SPLINE_CURVE_WITH_KNOTS('',1,(#4242,#4243),.UNSPECIFIED.,.F.,
  .F.,(2,2),(-13.5,-10.),.PIECEWISE_BEZIER_KNOTS.);
#4242 = CARTESIAN_POINT('',(3.5,-1.));
#4243 = CARTESIAN_POINT('',(0.,-1.));
#4244 = ( GEOMETRIC_REPRESENTATION_CONTEXT(2) 
PARAMETRIC_REPRESENTATION_CONTEXT() REPRESENTATION_CONTEXT('2D SPACE',''
  ) );
#4245 = ORIENTED_EDGE('',*,*,#4246,.T.);
#4246 = EDGE_CURVE('',#4221,#4247,#4249,.T.);
#4247 = VERTEX_POINT('',#4248);
#4248 = CARTESIAN_POINT('',(1.,-106.0495491932,116.));
#4249 = SURFACE_CURVE('',#4250,(#4254,#4260),.PCURVE_S1.);
#4250 = LINE('',#4251,#4252);
#4251 = CARTESIAN_POINT('',(-28.,-106.0495491932,116.));
#4252 = VECTOR('',#4253,1.);
#4253 = DIRECTION('',(1.,0.,0.));
#4254 = PCURVE('',#3766,#4255);
#4255 = DEFINITIONAL_REPRESENTATION('',(#4256),#4259);
#4256 = B_SPLINE_CURVE_WITH_KNOTS('',1,(#4257,#4258),.UNSPECIFIED.,.F.,
  .F.,(2,2),(20.,29.),.PIECEWISE_BEZIER_KNOTS.);
#4257 = CARTESIAN_POINT('',(20.,40.));
#4258 = CARTESIAN_POINT('',(20.,49.));
#4259 = ( GEOMETRIC_REPRESENTATION_CONTEXT(2) 
PARAMETRIC_REPRESENTATION_CONTEXT() REPRESENTATION_CONTEXT('2D SPACE',''
  ) );
#4260 = PCURVE('',#4261,#4266);
#4261 = PLANE('',#4262);
#4262 = AXIS2_PLACEMENT_3D('',#4263,#4264,#4265);
#4263 = CARTESIAN_POINT('',(-8.,-107.0495491932,116.));
#4264 = DIRECTION('',(0.,0.,1.));
#4265 = DIRECTION('',(1.,0.,0.));
#4266 = DEFINITIONAL_REPRESENTATION('',(#4267),#4270);
#4267 = B_SPLINE_CURVE_WITH_KNOTS('',1,(#4268,#4269),.UNSPECIFIED.,.F.,
  .F.,(2,2),(20.,29.),.PIECEWISE_BEZIER_KNOTS.);
#4268 = CARTESIAN_POINT('',(0.,1.));
#4269 = CARTESIAN_POINT('',(9.,1.));
#4270 = ( GEOMETRIC_REPRESENTATION_CONTEXT(2) 
PARAMETRIC_REPRESENTATION_CONTEXT() REPRESENTATION_CONTEXT('2D SPACE',''
  ) );
#4271 = ORIENTED_EDGE('',*,*,#4272,.F.);
#4272 = EDGE_CURVE('',#4195,#4247,#4273,.T.);
#4273 = SURFACE_CURVE('',#4274,(#4278,#4284),.PCURVE_S1.);
#4274 = LINE('',#4275,#4276);
#4275 = CARTESIAN_POINT('',(1.,-106.0495491932,106.));
#4276 = VECTOR('',#4277,1.);
#4277 = DIRECTION('',(0.,0.,-1.));
#4278 = PCURVE('',#3766,#4279);
#4279 = DEFINITIONAL_REPRESENTATION('',(#4280),#4283);
#4280 = B_SPLINE_CURVE_WITH_KNOTS('',1,(#4281,#4282),.UNSPECIFIED.,.F.,
  .F.,(2,2),(-13.5,-10.),.PIECEWISE_BEZIER_KNOTS.);
#4281 = CARTESIAN_POINT('',(23.5,49.));
#4282 = CARTESIAN_POINT('',(20.,49.));
#4283 = ( GEOMETRIC_REPRESENTATION_CONTEXT(2) 
PARAMETRIC_REPRESENTATION_CONTEXT() REPRESENTATION_CONTEXT('2D SPACE',''
  ) );
#4284 = PCURVE('',#4285,#4290);
#4285 = PLANE('',#4286);
#4286 = AXIS2_PLACEMENT_3D('',#4287,#4288,#4289);
#4287 = CARTESIAN_POINT('',(1.,-107.0495491932,116.));
#4288 = DIRECTION('',(1.,0.,0.));
#4289 = DIRECTION('',(0.,0.,1.));
#4290 = DEFINITIONAL_REPRESENTATION('',(#4291),#4294);
#4291 = B_SPLINE_CURVE_WITH_KNOTS('',1,(#4292,#4293),.UNSPECIFIED.,.F.,
  .F.,(2,2),(-13.5,-10.),.PIECEWISE_BEZIER_KNOTS.);
#4292 = CARTESIAN_POINT('',(3.5,-1.));
#4293 = CARTESIAN_POINT('',(0.,-1.));
#4294 = ( GEOMETRIC_REPRESENTATION_CONTEXT(2) 
PARAMETRIC_REPRESENTATION_CONTEXT() REPRESENTATION_CONTEXT('2D SPACE',''
  ) );
#4295 = FACE_BOUND('',#4296,.F.);
#4296 = EDGE_LOOP('',(#4297,#4325,#4351,#4377));
#4297 = ORIENTED_EDGE('',*,*,#4298,.F.);
#4298 = EDGE_CURVE('',#4299,#4301,#4303,.T.);
#4299 = VERTEX_POINT('',#4300);
#4300 = CARTESIAN_POINT('',(-8.,-106.0495491932,127.5));
#4301 = VERTEX_POINT('',#4302);
#4302 = CARTESIAN_POINT('',(1.,-106.0495491932,127.5));
#4303 = SURFACE_CURVE('',#4304,(#4308,#4314),.PCURVE_S1.);
#4304 = LINE('',#4305,#4306);
#4305 = CARTESIAN_POINT('',(-28.,-106.0495491932,127.5));
#4306 = VECTOR('',#4307,1.);
#4307 = DIRECTION('',(1.,0.,0.));
#4308 = PCURVE('',#3766,#4309);
#4309 = DEFINITIONAL_REPRESENTATION('',(#4310),#4313);
#4310 = B_SPLINE_CURVE_WITH_KNOTS('',1,(#4311,#4312),.UNSPECIFIED.,.F.,
  .F.,(2,2),(20.,29.),.PIECEWISE_BEZIER_KNOTS.);
#4311 = CARTESIAN_POINT('',(31.5,40.));
#4312 = CARTESIAN_POINT('',(31.5,49.));
#4313 = ( GEOMETRIC_REPRESENTATION_CONTEXT(2) 
PARAMETRIC_REPRESENTATION_CONTEXT() REPRESENTATION_CONTEXT('2D SPACE',''
  ) );
#4314 = PCURVE('',#4315,#4320);
#4315 = PLANE('',#4316);
#4316 = AXIS2_PLACEMENT_3D('',#4317,#4318,#4319);
#4317 = CARTESIAN_POINT('',(-8.,-107.0495491932,127.5));
#4318 = DIRECTION('',(0.,0.,1.));
#4319 = DIRECTION('',(1.,0.,0.));
#4320 = DEFINITIONAL_REPRESENTATION('',(#4321),#4324);
#4321 = B_SPLINE_CURVE_WITH_KNOTS('',1,(#4322,#4323),.UNSPECIFIED.,.F.,
  .F.,(2,2),(20.,29.),.PIECEWISE_BEZIER_KNOTS.);
#4322 = CARTESIAN_POINT('',(0.,1.));
#4323 = CARTESIAN_POINT('',(9.,1.));
#4324 = ( GEOMETRIC_REPRESENTATION_CONTEXT(2) 
PARAMETRIC_REPRESENTATION_CONTEXT() REPRESENTATION_CONTEXT('2D SPACE',''
  ) );
#4325 = ORIENTED_EDGE('',*,*,#4326,.T.);
#4326 = EDGE_CURVE('',#4299,#4327,#4329,.T.);
#4327 = VERTEX_POINT('',#4328);
#4328 = CARTESIAN_POINT('',(-8.,-106.0495491932,124.));
#4329 = SURFACE_CURVE('',#4330,(#4334,#4340),.PCURVE_S1.);
#4330 = LINE('',#4331,#4332);
#4331 = CARTESIAN_POINT('',(-8.,-106.0495491932,110.));
#4332 = VECTOR('',#4333,1.);
#4333 = DIRECTION('',(0.,0.,-1.));
#4334 = PCURVE('',#3766,#4335);
#4335 = DEFINITIONAL_REPRESENTATION('',(#4336),#4339);
#4336 = B_SPLINE_CURVE_WITH_KNOTS('',1,(#4337,#4338),.UNSPECIFIED.,.F.,
  .F.,(2,2),(-17.5,-14.),.PIECEWISE_BEZIER_KNOTS.);
#4337 = CARTESIAN_POINT('',(31.5,40.));
#4338 = CARTESIAN_POINT('',(28.,40.));
#4339 = ( GEOMETRIC_REPRESENTATION_CONTEXT(2) 
PARAMETRIC_REPRESENTATION_CONTEXT() REPRESENTATION_CONTEXT('2D SPACE',''
  ) );
#4340 = PCURVE('',#4341,#4346);
#4341 = PLANE('',#4342);
#4342 = AXIS2_PLACEMENT_3D('',#4343,#4344,#4345);
#4343 = CARTESIAN_POINT('',(-8.,-107.0495491932,124.));
#4344 = DIRECTION('',(1.,0.,0.));
#4345 = DIRECTION('',(0.,0.,1.));
#4346 = DEFINITIONAL_REPRESENTATION('',(#4347),#4350);
#4347 = B_SPLINE_CURVE_WITH_KNOTS('',1,(#4348,#4349),.UNSPECIFIED.,.F.,
  .F.,(2,2),(-17.5,-14.),.PIECEWISE_BEZIER_KNOTS.);
#4348 = CARTESIAN_POINT('',(3.5,-1.));
#4349 = CARTESIAN_POINT('',(0.,-1.));
#4350 = ( GEOMETRIC_REPRESENTATION_CONTEXT(2) 
PARAMETRIC_REPRESENTATION_CONTEXT() REPRESENTATION_CONTEXT('2D SPACE',''
  ) );
#4351 = ORIENTED_EDGE('',*,*,#4352,.T.);
#4352 = EDGE_CURVE('',#4327,#4353,#4355,.T.);
#4353 = VERTEX_POINT('',#4354);
#4354 = CARTESIAN_POINT('',(1.,-106.0495491932,124.));
#4355 = SURFACE_CURVE('',#4356,(#4360,#4366),.PCURVE_S1.);
#4356 = LINE('',#4357,#4358);
#4357 = CARTESIAN_POINT('',(-28.,-106.0495491932,124.));
#4358 = VECTOR('',#4359,1.);
#4359 = DIRECTION('',(1.,0.,0.));
#4360 = PCURVE('',#3766,#4361);
#4361 = DEFINITIONAL_REPRESENTATION('',(#4362),#4365);
#4362 = B_SPLINE_CURVE_WITH_KNOTS('',1,(#4363,#4364),.UNSPECIFIED.,.F.,
  .F.,(2,2),(20.,29.),.PIECEWISE_BEZIER_KNOTS.);
#4363 = CARTESIAN_POINT('',(28.,40.));
#4364 = CARTESIAN_POINT('',(28.,49.));
#4365 = ( GEOMETRIC_REPRESENTATION_CONTEXT(2) 
PARAMETRIC_REPRESENTATION_CONTEXT() REPRESENTATION_CONTEXT('2D SPACE',''
  ) );
#4366 = PCURVE('',#4367,#4372);
#4367 = PLANE('',#4368);
#4368 = AXIS2_PLACEMENT_3D('',#4369,#4370,#4371);
#4369 = CARTESIAN_POINT('',(-8.,-107.0495491932,124.));
#4370 = DIRECTION('',(0.,0.,1.));
#4371 = DIRECTION('',(1.,0.,0.));
#4372 = DEFINITIONAL_REPRESENTATION('',(#4373),#4376);
#4373 = B_SPLINE_CURVE_WITH_KNOTS('',1,(#4374,#4375),.UNSPECIFIED.,.F.,
  .F.,(2,2),(20.,29.),.PIECEWISE_BEZIER_KNOTS.);
#4374 = CARTESIAN_POINT('',(0.,1.));
#4375 = CARTESIAN_POINT('',(9.,1.));
#4376 = ( GEOMETRIC_REPRESENTATION_CONTEXT(2) 
PARAMETRIC_REPRESENTATION_CONTEXT() REPRESENTATION_CONTEXT('2D SPACE',''
  ) );
#4377 = ORIENTED_EDGE('',*,*,#4378,.F.);
#4378 = EDGE_CURVE('',#4301,#4353,#4379,.T.);
#4379 = SURFACE_CURVE('',#4380,(#4384,#4390),.PCURVE_S1.);
#4380 = LINE('',#4381,#4382);
#4381 = CARTESIAN_POINT('',(1.,-106.0495491932,110.));
#4382 = VECTOR('',#4383,1.);
#4383 = DIRECTION('',(0.,0.,-1.));
#4384 = PCURVE('',#3766,#4385);
#4385 = DEFINITIONAL_REPRESENTATION('',(#4386),#4389);
#4386 = B_SPLINE_CURVE_WITH_KNOTS('',1,(#4387,#4388),.UNSPECIFIED.,.F.,
  .F.,(2,2),(-17.5,-14.),.PIECEWISE_BEZIER_KNOTS.);
#4387 = CARTESIAN_POINT('',(31.5,49.));
#4388 = CARTESIAN_POINT('',(28.,49.));
#4389 = ( GEOMETRIC_REPRESENTATION_CONTEXT(2) 
PARAMETRIC_REPRESENTATION_CONTEXT() REPRESENTATION_CONTEXT('2D SPACE',''
  ) );
#4390 = PCURVE('',#4391,#4396);
#4391 = PLANE('',#4392);
#4392 = AXIS2_PLACEMENT_3D('',#4393,#4394,#4395);
#4393 = CARTESIAN_POINT('',(1.,-107.0495491932,124.));
#4394 = DIRECTION('',(1.,0.,0.));
#4395 = DIRECTION('',(0.,0.,1.));
#4396 = DEFINITIONAL_REPRESENTATION('',(#4397),#4400);
#4397 = B_SPLINE_CURVE_WITH_KNOTS('',1,(#4398,#4399),.UNSPECIFIED.,.F.,
  .F.,(2,2),(-17.5,-14.),.PIECEWISE_BEZIER_KNOTS.);
#4398 = CARTESIAN_POINT('',(3.5,-1.));
#4399 = CARTESIAN_POINT('',(0.,-1.));
#4400 = ( GEOMETRIC_REPRESENTATION_CONTEXT(2) 
PARAMETRIC_REPRESENTATION_CONTEXT() REPRESENTATION_CONTEXT('2D SPACE',''
  ) );
#4401 = ADVANCED_FACE('',(#4402),#4367,.T.);
#4402 = FACE_BOUND('',#4403,.T.);
#4403 = EDGE_LOOP('',(#4404,#4427,#4428,#4451));
#4404 = ORIENTED_EDGE('',*,*,#4405,.F.);
#4405 = EDGE_CURVE('',#4327,#4406,#4408,.T.);
#4406 = VERTEX_POINT('',#4407);
#4407 = CARTESIAN_POINT('',(-8.,-104.5495491932,124.));
#4408 = SURFACE_CURVE('',#4409,(#4413,#4420),.PCURVE_S1.);
#4409 = LINE('',#4410,#4411);
#4410 = CARTESIAN_POINT('',(-8.,-107.0495491932,124.));
#4411 = VECTOR('',#4412,1.);
#4412 = DIRECTION('',(0.,1.,0.));
#4413 = PCURVE('',#4367,#4414);
#4414 = DEFINITIONAL_REPRESENTATION('',(#4415),#4419);
#4415 = LINE('',#4416,#4417);
#4416 = CARTESIAN_POINT('',(0.,0.));
#4417 = VECTOR('',#4418,1.);
#4418 = DIRECTION('',(0.,1.));
#4419 = ( GEOMETRIC_REPRESENTATION_CONTEXT(2) 
PARAMETRIC_REPRESENTATION_CONTEXT() REPRESENTATION_CONTEXT('2D SPACE',''
  ) );
#4420 = PCURVE('',#4341,#4421);
#4421 = DEFINITIONAL_REPRESENTATION('',(#4422),#4426);
#4422 = LINE('',#4423,#4424);
#4423 = CARTESIAN_POINT('',(0.,0.));
#4424 = VECTOR('',#4425,1.);
#4425 = DIRECTION('',(0.,-1.));
#4426 = ( GEOMETRIC_REPRESENTATION_CONTEXT(2) 
PARAMETRIC_REPRESENTATION_CONTEXT() REPRESENTATION_CONTEXT('2D SPACE',''
  ) );
#4427 = ORIENTED_EDGE('',*,*,#4352,.T.);
#4428 = ORIENTED_EDGE('',*,*,#4429,.T.);
#4429 = EDGE_CURVE('',#4353,#4430,#4432,.T.);
#4430 = VERTEX_POINT('',#4431);
#4431 = CARTESIAN_POINT('',(1.,-104.5495491932,124.));
#4432 = SURFACE_CURVE('',#4433,(#4437,#4444),.PCURVE_S1.);
#4433 = LINE('',#4434,#4435);
#4434 = CARTESIAN_POINT('',(1.,-107.0495491932,124.));
#4435 = VECTOR('',#4436,1.);
#4436 = DIRECTION('',(0.,1.,0.));
#4437 = PCURVE('',#4367,#4438);
#4438 = DEFINITIONAL_REPRESENTATION('',(#4439),#4443);
#4439 = LINE('',#4440,#4441);
#4440 = CARTESIAN_POINT('',(9.,0.));
#4441 = VECTOR('',#4442,1.);
#4442 = DIRECTION('',(0.,1.));
#4443 = ( GEOMETRIC_REPRESENTATION_CONTEXT(2) 
PARAMETRIC_REPRESENTATION_CONTEXT() REPRESENTATION_CONTEXT('2D SPACE',''
  ) );
#4444 = PCURVE('',#4391,#4445);
#4445 = DEFINITIONAL_REPRESENTATION('',(#4446),#4450);
#4446 = LINE('',#4447,#4448);
#4447 = CARTESIAN_POINT('',(0.,0.));
#4448 = VECTOR('',#4449,1.);
#4449 = DIRECTION('',(0.,-1.));
#4450 = ( GEOMETRIC_REPRESENTATION_CONTEXT(2) 
PARAMETRIC_REPRESENTATION_CONTEXT() REPRESENTATION_CONTEXT('2D SPACE',''
  ) );
#4451 = ORIENTED_EDGE('',*,*,#4452,.F.);
#4452 = EDGE_CURVE('',#4406,#4430,#4453,.T.);
#4453 = SURFACE_CURVE('',#4454,(#4458,#4464),.PCURVE_S1.);
#4454 = LINE('',#4455,#4456);
#4455 = CARTESIAN_POINT('',(-28.,-104.5495491932,124.));
#4456 = VECTOR('',#4457,1.);
#4457 = DIRECTION('',(1.,0.,0.));
#4458 = PCURVE('',#4367,#4459);
#4459 = DEFINITIONAL_REPRESENTATION('',(#4460),#4463);
#4460 = B_SPLINE_CURVE_WITH_KNOTS('',1,(#4461,#4462),.UNSPECIFIED.,.F.,
  .F.,(2,2),(20.,29.),.PIECEWISE_BEZIER_KNOTS.);
#4461 = CARTESIAN_POINT('',(0.,2.5));
#4462 = CARTESIAN_POINT('',(9.,2.5));
#4463 = ( GEOMETRIC_REPRESENTATION_CONTEXT(2) 
PARAMETRIC_REPRESENTATION_CONTEXT() REPRESENTATION_CONTEXT('2D SPACE',''
  ) );
#4464 = PCURVE('',#4465,#4470);
#4465 = PLANE('',#4466);
#4466 = AXIS2_PLACEMENT_3D('',#4467,#4468,#4469);
#4467 = CARTESIAN_POINT('',(-48.,-104.5495491932,96.));
#4468 = DIRECTION('',(0.,1.,0.));
#4469 = DIRECTION('',(0.,0.,1.));
#4470 = DEFINITIONAL_REPRESENTATION('',(#4471),#4474);
#4471 = B_SPLINE_CURVE_WITH_KNOTS('',1,(#4472,#4473),.UNSPECIFIED.,.F.,
  .F.,(2,2),(20.,29.),.PIECEWISE_BEZIER_KNOTS.);
#4472 = CARTESIAN_POINT('',(28.,40.));
#4473 = CARTESIAN_POINT('',(28.,49.));
#4474 = ( GEOMETRIC_REPRESENTATION_CONTEXT(2) 
PARAMETRIC_REPRESENTATION_CONTEXT() REPRESENTATION_CONTEXT('2D SPACE',''
  ) );
#4475 = ADVANCED_FACE('',(#4476,#4570,#4656,#4742,#4828,#4914),#4465,.T.
  );
#4476 = FACE_BOUND('',#4477,.T.);
#4477 = EDGE_LOOP('',(#4478,#4503,#4526,#4549));
#4478 = ORIENTED_EDGE('',*,*,#4479,.F.);
#4479 = EDGE_CURVE('',#4480,#4482,#4484,.T.);
#4480 = VERTEX_POINT('',#4481);
#4481 = CARTESIAN_POINT('',(-48.,-104.5495491932,96.));
#4482 = VERTEX_POINT('',#4483);
#4483 = CARTESIAN_POINT('',(48.,-104.5495491932,96.));
#4484 = SURFACE_CURVE('',#4485,(#4489,#4496),.PCURVE_S1.);
#4485 = LINE('',#4486,#4487);
#4486 = CARTESIAN_POINT('',(-48.,-104.5495491932,96.));
#4487 = VECTOR('',#4488,1.);
#4488 = DIRECTION('',(1.,0.,0.));
#4489 = PCURVE('',#4465,#4490);
#4490 = DEFINITIONAL_REPRESENTATION('',(#4491),#4495);
#4491 = LINE('',#4492,#4493);
#4492 = CARTESIAN_POINT('',(0.,0.));
#4493 = VECTOR('',#4494,1.);
#4494 = DIRECTION('',(0.,1.));
#4495 = ( GEOMETRIC_REPRESENTATION_CONTEXT(2) 
PARAMETRIC_REPRESENTATION_CONTEXT() REPRESENTATION_CONTEXT('2D SPACE',''
  ) );
#4496 = PCURVE('',#3778,#4497);
#4497 = DEFINITIONAL_REPRESENTATION('',(#4498),#4502);
#4498 = LINE('',#4499,#4500);
#4499 = CARTESIAN_POINT('',(0.,1.5));
#4500 = VECTOR('',#4501,1.);
#4501 = DIRECTION('',(1.,0.));
#4502 = ( GEOMETRIC_REPRESENTATION_CONTEXT(2) 
PARAMETRIC_REPRESENTATION_CONTEXT() REPRESENTATION_CONTEXT('2D SPACE',''
  ) );
#4503 = ORIENTED_EDGE('',*,*,#4504,.T.);
#4504 = EDGE_CURVE('',#4480,#4505,#4507,.T.);
#4505 = VERTEX_POINT('',#4506);
#4506 = CARTESIAN_POINT('',(-48.,-104.5495491932,140.));
#4507 = SURFACE_CURVE('',#4508,(#4512,#4519),.PCURVE_S1.);
#4508 = LINE('',#4509,#4510);
#4509 = CARTESIAN_POINT('',(-48.,-104.5495491932,96.));
#4510 = VECTOR('',#4511,1.);
#4511 = DIRECTION('',(0.,0.,1.));
#4512 = PCURVE('',#4465,#4513);
#4513 = DEFINITIONAL_REPRESENTATION('',(#4514),#4518);
#4514 = LINE('',#4515,#4516);
#4515 = CARTESIAN_POINT('',(0.,0.));
#4516 = VECTOR('',#4517,1.);
#4517 = DIRECTION('',(1.,0.));
#4518 = ( GEOMETRIC_REPRESENTATION_CONTEXT(2) 
PARAMETRIC_REPRESENTATION_CONTEXT() REPRESENTATION_CONTEXT('2D SPACE',''
  ) );
#4519 = PCURVE('',#3806,#4520);
#4520 = DEFINITIONAL_REPRESENTATION('',(#4521),#4525);
#4521 = LINE('',#4522,#4523);
#4522 = CARTESIAN_POINT('',(0.,-1.5));
#4523 = VECTOR('',#4524,1.);
#4524 = DIRECTION('',(1.,0.));
#4525 = ( GEOMETRIC_REPRESENTATION_CONTEXT(2) 
PARAMETRIC_REPRESENTATION_CONTEXT() REPRESENTATION_CONTEXT('2D SPACE',''
  ) );
#4526 = ORIENTED_EDGE('',*,*,#4527,.T.);
#4527 = EDGE_CURVE('',#4505,#4528,#4530,.T.);
#4528 = VERTEX_POINT('',#4529);
#4529 = CARTESIAN_POINT('',(48.,-104.5495491932,140.));
#4530 = SURFACE_CURVE('',#4531,(#4535,#4542),.PCURVE_S1.);
#4531 = LINE('',#4532,#4533);
#4532 = CARTESIAN_POINT('',(-48.,-104.5495491932,140.));
#4533 = VECTOR('',#4534,1.);
#4534 = DIRECTION('',(1.,0.,0.));
#4535 = PCURVE('',#4465,#4536);
#4536 = DEFINITIONAL_REPRESENTATION('',(#4537),#4541);
#4537 = LINE('',#4538,#4539);
#4538 = CARTESIAN_POINT('',(44.,0.));
#4539 = VECTOR('',#4540,1.);
#4540 = DIRECTION('',(0.,1.));
#4541 = ( GEOMETRIC_REPRESENTATION_CONTEXT(2) 
PARAMETRIC_REPRESENTATION_CONTEXT() REPRESENTATION_CONTEXT('2D SPACE',''
  ) );
#4542 = PCURVE('',#3834,#4543);
#4543 = DEFINITIONAL_REPRESENTATION('',(#4544),#4548);
#4544 = LINE('',#4545,#4546);
#4545 = CARTESIAN_POINT('',(0.,1.5));
#4546 = VECTOR('',#4547,1.);
#4547 = DIRECTION('',(1.,0.));
#4548 = ( GEOMETRIC_REPRESENTATION_CONTEXT(2) 
PARAMETRIC_REPRESENTATION_CONTEXT() REPRESENTATION_CONTEXT('2D SPACE',''
  ) );
#4549 = ORIENTED_EDGE('',*,*,#4550,.F.);
#4550 = EDGE_CURVE('',#4482,#4528,#4551,.T.);
#4551 = SURFACE_CURVE('',#4552,(#4556,#4563),.PCURVE_S1.);
#4552 = LINE('',#4553,#4554);
#4553 = CARTESIAN_POINT('',(48.,-104.5495491932,96.));
#4554 = VECTOR('',#4555,1.);
#4555 = DIRECTION('',(0.,0.,1.));
#4556 = PCURVE('',#4465,#4557);
#4557 = DEFINITIONAL_REPRESENTATION('',(#4558),#4562);
#4558 = LINE('',#4559,#4560);
#4559 = CARTESIAN_POINT('',(0.,96.));
#4560 = VECTOR('',#4561,1.);
#4561 = DIRECTION('',(1.,0.));
#4562 = ( GEOMETRIC_REPRESENTATION_CONTEXT(2) 
PARAMETRIC_REPRESENTATION_CONTEXT() REPRESENTATION_CONTEXT('2D SPACE',''
  ) );
#4563 = PCURVE('',#3860,#4564);
#4564 = DEFINITIONAL_REPRESENTATION('',(#4565),#4569);
#4565 = LINE('',#4566,#4567);
#4566 = CARTESIAN_POINT('',(0.,-1.5));
#4567 = VECTOR('',#4568,1.);
#4568 = DIRECTION('',(1.,0.));
#4569 = ( GEOMETRIC_REPRESENTATION_CONTEXT(2) 
PARAMETRIC_REPRESENTATION_CONTEXT() REPRESENTATION_CONTEXT('2D SPACE',''
  ) );
#4570 = FACE_BOUND('',#4571,.T.);
#4571 = EDGE_LOOP('',(#4572,#4595,#4616,#4637));
#4572 = ORIENTED_EDGE('',*,*,#4573,.F.);
#4573 = EDGE_CURVE('',#4574,#4576,#4578,.T.);
#4574 = VERTEX_POINT('',#4575);
#4575 = CARTESIAN_POINT('',(-40.,-104.5495491932,123.));
#4576 = VERTEX_POINT('',#4577);
#4577 = CARTESIAN_POINT('',(-16.,-104.5495491932,123.));
#4578 = SURFACE_CURVE('',#4579,(#4583,#4589),.PCURVE_S1.);
#4579 = LINE('',#4580,#4581);
#4580 = CARTESIAN_POINT('',(-44.,-104.5495491932,123.));
#4581 = VECTOR('',#4582,1.);
#4582 = DIRECTION('',(1.,0.,0.));
#4583 = PCURVE('',#4465,#4584);
#4584 = DEFINITIONAL_REPRESENTATION('',(#4585),#4588);
#4585 = B_SPLINE_CURVE_WITH_KNOTS('',1,(#4586,#4587),.UNSPECIFIED.,.F.,
  .F.,(2,2),(4.,28.),.PIECEWISE_BEZIER_KNOTS.);
#4586 = CARTESIAN_POINT('',(27.,8.));
#4587 = CARTESIAN_POINT('',(27.,32.));
#4588 = ( GEOMETRIC_REPRESENTATION_CONTEXT(2) 
PARAMETRIC_REPRESENTATION_CONTEXT() REPRESENTATION_CONTEXT('2D SPACE',''
  ) );
#4589 = PCURVE('',#3891,#4590);
#4590 = DEFINITIONAL_REPRESENTATION('',(#4591),#4594);
#4591 = B_SPLINE_CURVE_WITH_KNOTS('',1,(#4592,#4593),.UNSPECIFIED.,.F.,
  .F.,(2,2),(4.,28.),.PIECEWISE_BEZIER_KNOTS.);
#4592 = CARTESIAN_POINT('',(0.,2.5));
#4593 = CARTESIAN_POINT('',(24.,2.5));
#4594 = ( GEOMETRIC_REPRESENTATION_CONTEXT(2) 
PARAMETRIC_REPRESENTATION_CONTEXT() REPRESENTATION_CONTEXT('2D SPACE',''
  ) );
#4595 = ORIENTED_EDGE('',*,*,#4596,.T.);
#4596 = EDGE_CURVE('',#4574,#4597,#4599,.T.);
#4597 = VERTEX_POINT('',#4598);
#4598 = CARTESIAN_POINT('',(-40.,-104.5495491932,103.));
#4599 = SURFACE_CURVE('',#4600,(#4604,#4610),.PCURVE_S1.);
#4600 = LINE('',#4601,#4602);
#4601 = CARTESIAN_POINT('',(-40.,-104.5495491932,99.5));
#4602 = VECTOR('',#4603,1.);
#4603 = DIRECTION('',(0.,0.,-1.));
#4604 = PCURVE('',#4465,#4605);
#4605 = DEFINITIONAL_REPRESENTATION('',(#4606),#4609);
#4606 = B_SPLINE_CURVE_WITH_KNOTS('',1,(#4607,#4608),.UNSPECIFIED.,.F.,
  .F.,(2,2),(-23.5,-3.5),.PIECEWISE_BEZIER_KNOTS.);
#4607 = CARTESIAN_POINT('',(27.,8.));
#4608 = CARTESIAN_POINT('',(7.,8.));
#4609 = ( GEOMETRIC_REPRESENTATION_CONTEXT(2) 
PARAMETRIC_REPRESENTATION_CONTEXT() REPRESENTATION_CONTEXT('2D SPACE',''
  ) );
#4610 = PCURVE('',#3917,#4611);
#4611 = DEFINITIONAL_REPRESENTATION('',(#4612),#4615);
#4612 = B_SPLINE_CURVE_WITH_KNOTS('',1,(#4613,#4614),.UNSPECIFIED.,.F.,
  .F.,(2,2),(-23.5,-3.5),.PIECEWISE_BEZIER_KNOTS.);
#4613 = CARTESIAN_POINT('',(20.,-2.5));
#4614 = CARTESIAN_POINT('',(0.,-2.5));
#4615 = ( GEOMETRIC_REPRESENTATION_CONTEXT(2) 
PARAMETRIC_REPRESENTATION_CONTEXT() REPRESENTATION_CONTEXT('2D SPACE',''
  ) );
#4616 = ORIENTED_EDGE('',*,*,#4617,.T.);
#4617 = EDGE_CURVE('',#4597,#4618,#4620,.T.);
#4618 = VERTEX_POINT('',#4619);
#4619 = CARTESIAN_POINT('',(-16.,-104.5495491932,103.));
#4620 = SURFACE_CURVE('',#4621,(#4625,#4631),.PCURVE_S1.);
#4621 = LINE('',#4622,#4623);
#4622 = CARTESIAN_POINT('',(-44.,-104.5495491932,103.));
#4623 = VECTOR('',#4624,1.);
#4624 = DIRECTION('',(1.,0.,0.));
#4625 = PCURVE('',#4465,#4626);
#4626 = DEFINITIONAL_REPRESENTATION('',(#4627),#4630);
#4627 = B_SPLINE_CURVE_WITH_KNOTS('',1,(#4628,#4629),.UNSPECIFIED.,.F.,
  .F.,(2,2),(4.,28.),.PIECEWISE_BEZIER_KNOTS.);
#4628 = CARTESIAN_POINT('',(7.,8.));
#4629 = CARTESIAN_POINT('',(7.,32.));
#4630 = ( GEOMETRIC_REPRESENTATION_CONTEXT(2) 
PARAMETRIC_REPRESENTATION_CONTEXT() REPRESENTATION_CONTEXT('2D SPACE',''
  ) );
#4631 = PCURVE('',#3943,#4632);
#4632 = DEFINITIONAL_REPRESENTATION('',(#4633),#4636);
#4633 = B_SPLINE_CURVE_WITH_KNOTS('',1,(#4634,#4635),.UNSPECIFIED.,.F.,
  .F.,(2,2),(4.,28.),.PIECEWISE_BEZIER_KNOTS.);
#4634 = CARTESIAN_POINT('',(0.,2.5));
#4635 = CARTESIAN_POINT('',(24.,2.5));
#4636 = ( GEOMETRIC_REPRESENTATION_CONTEXT(2) 
PARAMETRIC_REPRESENTATION_CONTEXT() REPRESENTATION_CONTEXT('2D SPACE',''
  ) );
#4637 = ORIENTED_EDGE('',*,*,#4638,.F.);
#4638 = EDGE_CURVE('',#4576,#4618,#4639,.T.);
#4639 = SURFACE_CURVE('',#4640,(#4644,#4650),.PCURVE_S1.);
#4640 = LINE('',#4641,#4642);
#4641 = CARTESIAN_POINT('',(-16.,-104.5495491932,99.5));
#4642 = VECTOR('',#4643,1.);
#4643 = DIRECTION('',(0.,0.,-1.));
#4644 = PCURVE('',#4465,#4645);
#4645 = DEFINITIONAL_REPRESENTATION('',(#4646),#4649);
#4646 = B_SPLINE_CURVE_WITH_KNOTS('',1,(#4647,#4648),.UNSPECIFIED.,.F.,
  .F.,(2,2),(-23.5,-3.5),.PIECEWISE_BEZIER_KNOTS.);
#4647 = CARTESIAN_POINT('',(27.,32.));
#4648 = CARTESIAN_POINT('',(7.,32.));
#4649 = ( GEOMETRIC_REPRESENTATION_CONTEXT(2) 
PARAMETRIC_REPRESENTATION_CONTEXT() REPRESENTATION_CONTEXT('2D SPACE',''
  ) );
#4650 = PCURVE('',#3967,#4651);
#4651 = DEFINITIONAL_REPRESENTATION('',(#4652),#4655);
#4652 = B_SPLINE_CURVE_WITH_KNOTS('',1,(#4653,#4654),.UNSPECIFIED.,.F.,
  .F.,(2,2),(-23.5,-3.5),.PIECEWISE_BEZIER_KNOTS.);
#4653 = CARTESIAN_POINT('',(20.,-2.5));
#4654 = CARTESIAN_POINT('',(0.,-2.5));
#4655 = ( GEOMETRIC_REPRESENTATION_CONTEXT(2) 
PARAMETRIC_REPRESENTATION_CONTEXT() REPRESENTATION_CONTEXT('2D SPACE',''
  ) );
#4656 = FACE_BOUND('',#4657,.T.);
#4657 = EDGE_LOOP('',(#4658,#4681,#4702,#4723));
#4658 = ORIENTED_EDGE('',*,*,#4659,.F.);
#4659 = EDGE_CURVE('',#4660,#4662,#4664,.T.);
#4660 = VERTEX_POINT('',#4661);
#4661 = CARTESIAN_POINT('',(-8.,-104.5495491932,110.));
#4662 = VERTEX_POINT('',#4663);
#4663 = CARTESIAN_POINT('',(6.,-104.5495491932,110.));
#4664 = SURFACE_CURVE('',#4665,(#4669,#4675),.PCURVE_S1.);
#4665 = LINE('',#4666,#4667);
#4666 = CARTESIAN_POINT('',(-28.,-104.5495491932,110.));
#4667 = VECTOR('',#4668,1.);
#4668 = DIRECTION('',(1.,0.,0.));
#4669 = PCURVE('',#4465,#4670);
#4670 = DEFINITIONAL_REPRESENTATION('',(#4671),#4674);
#4671 = B_SPLINE_CURVE_WITH_KNOTS('',1,(#4672,#4673),.UNSPECIFIED.,.F.,
  .F.,(2,2),(20.,34.),.PIECEWISE_BEZIER_KNOTS.);
#4672 = CARTESIAN_POINT('',(14.,40.));
#4673 = CARTESIAN_POINT('',(14.,54.));
#4674 = ( GEOMETRIC_REPRESENTATION_CONTEXT(2) 
PARAMETRIC_REPRESENTATION_CONTEXT() REPRESENTATION_CONTEXT('2D SPACE',''
  ) );
#4675 = PCURVE('',#3997,#4676);
#4676 = DEFINITIONAL_REPRESENTATION('',(#4677),#4680);
#4677 = B_SPLINE_CURVE_WITH_KNOTS('',1,(#4678,#4679),.UNSPECIFIED.,.F.,
  .F.,(2,2),(20.,34.),.PIECEWISE_BEZIER_KNOTS.);
#4678 = CARTESIAN_POINT('',(0.,2.5));
#4679 = CARTESIAN_POINT('',(14.,2.5));
#4680 = ( GEOMETRIC_REPRESENTATION_CONTEXT(2) 
PARAMETRIC_REPRESENTATION_CONTEXT() REPRESENTATION_CONTEXT('2D SPACE',''
  ) );
#4681 = ORIENTED_EDGE('',*,*,#4682,.T.);
#4682 = EDGE_CURVE('',#4660,#4683,#4685,.T.);
#4683 = VERTEX_POINT('',#4684);
#4684 = CARTESIAN_POINT('',(-8.,-104.5495491932,104.));
#4685 = SURFACE_CURVE('',#4686,(#4690,#4696),.PCURVE_S1.);
#4686 = LINE('',#4687,#4688);
#4687 = CARTESIAN_POINT('',(-8.,-104.5495491932,100.));
#4688 = VECTOR('',#4689,1.);
#4689 = DIRECTION('',(0.,0.,-1.));
#4690 = PCURVE('',#4465,#4691);
#4691 = DEFINITIONAL_REPRESENTATION('',(#4692),#4695);
#4692 = B_SPLINE_CURVE_WITH_KNOTS('',1,(#4693,#4694),.UNSPECIFIED.,.F.,
  .F.,(2,2),(-10.,-4.),.PIECEWISE_BEZIER_KNOTS.);
#4693 = CARTESIAN_POINT('',(14.,40.));
#4694 = CARTESIAN_POINT('',(8.,40.));
#4695 = ( GEOMETRIC_REPRESENTATION_CONTEXT(2) 
PARAMETRIC_REPRESENTATION_CONTEXT() REPRESENTATION_CONTEXT('2D SPACE',''
  ) );
#4696 = PCURVE('',#4023,#4697);
#4697 = DEFINITIONAL_REPRESENTATION('',(#4698),#4701);
#4698 = B_SPLINE_CURVE_WITH_KNOTS('',1,(#4699,#4700),.UNSPECIFIED.,.F.,
  .F.,(2,2),(-10.,-4.),.PIECEWISE_BEZIER_KNOTS.);
#4699 = CARTESIAN_POINT('',(6.,-2.5));
#4700 = CARTESIAN_POINT('',(0.,-2.5));
#4701 = ( GEOMETRIC_REPRESENTATION_CONTEXT(2) 
PARAMETRIC_REPRESENTATION_CONTEXT() REPRESENTATION_CONTEXT('2D SPACE',''
  ) );
#4702 = ORIENTED_EDGE('',*,*,#4703,.T.);
#4703 = EDGE_CURVE('',#4683,#4704,#4706,.T.);
#4704 = VERTEX_POINT('',#4705);
#4705 = CARTESIAN_POINT('',(6.,-104.5495491932,104.));
#4706 = SURFACE_CURVE('',#4707,(#4711,#4717),.PCURVE_S1.);
#4707 = LINE('',#4708,#4709);
#4708 = CARTESIAN_POINT('',(-28.,-104.5495491932,104.));
#4709 = VECTOR('',#4710,1.);
#4710 = DIRECTION('',(1.,0.,0.));
#4711 = PCURVE('',#4465,#4712);
#4712 = DEFINITIONAL_REPRESENTATION('',(#4713),#4716);
#4713 = B_SPLINE_CURVE_WITH_KNOTS('',1,(#4714,#4715),.UNSPECIFIED.,.F.,
  .F.,(2,2),(20.,34.),.PIECEWISE_BEZIER_KNOTS.);
#4714 = CARTESIAN_POINT('',(8.,40.));
#4715 = CARTESIAN_POINT('',(8.,54.));
#4716 = ( GEOMETRIC_REPRESENTATION_CONTEXT(2) 
PARAMETRIC_REPRESENTATION_CONTEXT() REPRESENTATION_CONTEXT('2D SPACE',''
  ) );
#4717 = PCURVE('',#4049,#4718);
#4718 = DEFINITIONAL_REPRESENTATION('',(#4719),#4722);
#4719 = B_SPLINE_CURVE_WITH_KNOTS('',1,(#4720,#4721),.UNSPECIFIED.,.F.,
  .F.,(2,2),(20.,34.),.PIECEWISE_BEZIER_KNOTS.);
#4720 = CARTESIAN_POINT('',(0.,2.5));
#4721 = CARTESIAN_POINT('',(14.,2.5));
#4722 = ( GEOMETRIC_REPRESENTATION_CONTEXT(2) 
PARAMETRIC_REPRESENTATION_CONTEXT() REPRESENTATION_CONTEXT('2D SPACE',''
  ) );
#4723 = ORIENTED_EDGE('',*,*,#4724,.F.);
#4724 = EDGE_CURVE('',#4662,#4704,#4725,.T.);
#4725 = SURFACE_CURVE('',#4726,(#4730,#4736),.PCURVE_S1.);
#4726 = LINE('',#4727,#4728);
#4727 = CARTESIAN_POINT('',(6.,-104.5495491932,100.));
#4728 = VECTOR('',#4729,1.);
#4729 = DIRECTION('',(0.,0.,-1.));
#4730 = PCURVE('',#4465,#4731);
#4731 = DEFINITIONAL_REPRESENTATION('',(#4732),#4735);
#4732 = B_SPLINE_CURVE_WITH_KNOTS('',1,(#4733,#4734),.UNSPECIFIED.,.F.,
  .F.,(2,2),(-10.,-4.),.PIECEWISE_BEZIER_KNOTS.);
#4733 = CARTESIAN_POINT('',(14.,54.));
#4734 = CARTESIAN_POINT('',(8.,54.));
#4735 = ( GEOMETRIC_REPRESENTATION_CONTEXT(2) 
PARAMETRIC_REPRESENTATION_CONTEXT() REPRESENTATION_CONTEXT('2D SPACE',''
  ) );
#4736 = PCURVE('',#4073,#4737);
#4737 = DEFINITIONAL_REPRESENTATION('',(#4738),#4741);
#4738 = B_SPLINE_CURVE_WITH_KNOTS('',1,(#4739,#4740),.UNSPECIFIED.,.F.,
  .F.,(2,2),(-10.,-4.),.PIECEWISE_BEZIER_KNOTS.);
#4739 = CARTESIAN_POINT('',(6.,-2.5));
#4740 = CARTESIAN_POINT('',(0.,-2.5));
#4741 = ( GEOMETRIC_REPRESENTATION_CONTEXT(2) 
PARAMETRIC_REPRESENTATION_CONTEXT() REPRESENTATION_CONTEXT('2D SPACE',''
  ) );
#4742 = FACE_BOUND('',#4743,.T.);
#4743 = EDGE_LOOP('',(#4744,#4767,#4788,#4809));
#4744 = ORIENTED_EDGE('',*,*,#4745,.F.);
#4745 = EDGE_CURVE('',#4746,#4748,#4750,.T.);
#4746 = VERTEX_POINT('',#4747);
#4747 = CARTESIAN_POINT('',(14.,-104.5495491932,120.));
#4748 = VERTEX_POINT('',#4749);
#4749 = CARTESIAN_POINT('',(30.,-104.5495491932,120.));
#4750 = SURFACE_CURVE('',#4751,(#4755,#4761),.PCURVE_S1.);
#4751 = LINE('',#4752,#4753);
#4752 = CARTESIAN_POINT('',(-17.,-104.5495491932,120.));
#4753 = VECTOR('',#4754,1.);
#4754 = DIRECTION('',(1.,0.,0.));
#4755 = PCURVE('',#4465,#4756);
#4756 = DEFINITIONAL_REPRESENTATION('',(#4757),#4760);
#4757 = B_SPLINE_CURVE_WITH_KNOTS('',1,(#4758,#4759),.UNSPECIFIED.,.F.,
  .F.,(2,2),(31.,47.),.PIECEWISE_BEZIER_KNOTS.);
#4758 = CARTESIAN_POINT('',(24.,62.));
#4759 = CARTESIAN_POINT('',(24.,78.));
#4760 = ( GEOMETRIC_REPRESENTATION_CONTEXT(2) 
PARAMETRIC_REPRESENTATION_CONTEXT() REPRESENTATION_CONTEXT('2D SPACE',''
  ) );
#4761 = PCURVE('',#4103,#4762);
#4762 = DEFINITIONAL_REPRESENTATION('',(#4763),#4766);
#4763 = B_SPLINE_CURVE_WITH_KNOTS('',1,(#4764,#4765),.UNSPECIFIED.,.F.,
  .F.,(2,2),(31.,47.),.PIECEWISE_BEZIER_KNOTS.);
#4764 = CARTESIAN_POINT('',(0.,2.5));
#4765 = CARTESIAN_POINT('',(16.,2.5));
#4766 = ( GEOMETRIC_REPRESENTATION_CONTEXT(2) 
PARAMETRIC_REPRESENTATION_CONTEXT() REPRESENTATION_CONTEXT('2D SPACE',''
  ) );
#4767 = ORIENTED_EDGE('',*,*,#4768,.T.);
#4768 = EDGE_CURVE('',#4746,#4769,#4771,.T.);
#4769 = VERTEX_POINT('',#4770);
#4770 = CARTESIAN_POINT('',(14.,-104.5495491932,106.));
#4771 = SURFACE_CURVE('',#4772,(#4776,#4782),.PCURVE_S1.);
#4772 = LINE('',#4773,#4774);
#4773 = CARTESIAN_POINT('',(14.,-104.5495491932,101.));
#4774 = VECTOR('',#4775,1.);
#4775 = DIRECTION('',(0.,0.,-1.));
#4776 = PCURVE('',#4465,#4777);
#4777 = DEFINITIONAL_REPRESENTATION('',(#4778),#4781);
#4778 = B_SPLINE_CURVE_WITH_KNOTS('',1,(#4779,#4780),.UNSPECIFIED.,.F.,
  .F.,(2,2),(-19.,-5.),.PIECEWISE_BEZIER_KNOTS.);
#4779 = CARTESIAN_POINT('',(24.,62.));
#4780 = CARTESIAN_POINT('',(10.,62.));
#4781 = ( GEOMETRIC_REPRESENTATION_CONTEXT(2) 
PARAMETRIC_REPRESENTATION_CONTEXT() REPRESENTATION_CONTEXT('2D SPACE',''
  ) );
#4782 = PCURVE('',#4129,#4783);
#4783 = DEFINITIONAL_REPRESENTATION('',(#4784),#4787);
#4784 = B_SPLINE_CURVE_WITH_KNOTS('',1,(#4785,#4786),.UNSPECIFIED.,.F.,
  .F.,(2,2),(-19.,-5.),.PIECEWISE_BEZIER_KNOTS.);
#4785 = CARTESIAN_POINT('',(14.,-2.5));
#4786 = CARTESIAN_POINT('',(0.,-2.5));
#4787 = ( GEOMETRIC_REPRESENTATION_CONTEXT(2) 
PARAMETRIC_REPRESENTATION_CONTEXT() REPRESENTATION_CONTEXT('2D SPACE',''
  ) );
#4788 = ORIENTED_EDGE('',*,*,#4789,.T.);
#4789 = EDGE_CURVE('',#4769,#4790,#4792,.T.);
#4790 = VERTEX_POINT('',#4791);
#4791 = CARTESIAN_POINT('',(30.,-104.5495491932,106.));
#4792 = SURFACE_CURVE('',#4793,(#4797,#4803),.PCURVE_S1.);
#4793 = LINE('',#4794,#4795);
#4794 = CARTESIAN_POINT('',(-17.,-104.5495491932,106.));
#4795 = VECTOR('',#4796,1.);
#4796 = DIRECTION('',(1.,0.,0.));
#4797 = PCURVE('',#4465,#4798);
#4798 = DEFINITIONAL_REPRESENTATION('',(#4799),#4802);
#4799 = B_SPLINE_CURVE_WITH_KNOTS('',1,(#4800,#4801),.UNSPECIFIED.,.F.,
  .F.,(2,2),(31.,47.),.PIECEWISE_BEZIER_KNOTS.);
#4800 = CARTESIAN_POINT('',(10.,62.));
#4801 = CARTESIAN_POINT('',(10.,78.));
#4802 = ( GEOMETRIC_REPRESENTATION_CONTEXT(2) 
PARAMETRIC_REPRESENTATION_CONTEXT() REPRESENTATION_CONTEXT('2D SPACE',''
  ) );
#4803 = PCURVE('',#4155,#4804);
#4804 = DEFINITIONAL_REPRESENTATION('',(#4805),#4808);
#4805 = B_SPLINE_CURVE_WITH_KNOTS('',1,(#4806,#4807),.UNSPECIFIED.,.F.,
  .F.,(2,2),(31.,47.),.PIECEWISE_BEZIER_KNOTS.);
#4806 = CARTESIAN_POINT('',(0.,2.5));
#4807 = CARTESIAN_POINT('',(16.,2.5));
#4808 = ( GEOMETRIC_REPRESENTATION_CONTEXT(2) 
PARAMETRIC_REPRESENTATION_CONTEXT() REPRESENTATION_CONTEXT('2D SPACE',''
  ) );
#4809 = ORIENTED_EDGE('',*,*,#4810,.F.);
#4810 = EDGE_CURVE('',#4748,#4790,#4811,.T.);
#4811 = SURFACE_CURVE('',#4812,(#4816,#4822),.PCURVE_S1.);
#4812 = LINE('',#4813,#4814);
#4813 = CARTESIAN_POINT('',(30.,-104.5495491932,101.));
#4814 = VECTOR('',#4815,1.);
#4815 = DIRECTION('',(0.,0.,-1.));
#4816 = PCURVE('',#4465,#4817);
#4817 = DEFINITIONAL_REPRESENTATION('',(#4818),#4821);
#4818 = B_SPLINE_CURVE_WITH_KNOTS('',1,(#4819,#4820),.UNSPECIFIED.,.F.,
  .F.,(2,2),(-19.,-5.),.PIECEWISE_BEZIER_KNOTS.);
#4819 = CARTESIAN_POINT('',(24.,78.));
#4820 = CARTESIAN_POINT('',(10.,78.));
#4821 = ( GEOMETRIC_REPRESENTATION_CONTEXT(2) 
PARAMETRIC_REPRESENTATION_CONTEXT() REPRESENTATION_CONTEXT('2D SPACE',''
  ) );
#4822 = PCURVE('',#4179,#4823);
#4823 = DEFINITIONAL_REPRESENTATION('',(#4824),#4827);
#4824 = B_SPLINE_CURVE_WITH_KNOTS('',1,(#4825,#4826),.UNSPECIFIED.,.F.,
  .F.,(2,2),(-19.,-5.),.PIECEWISE_BEZIER_KNOTS.);
#4825 = CARTESIAN_POINT('',(14.,-2.5));
#4826 = CARTESIAN_POINT('',(0.,-2.5));
#4827 = ( GEOMETRIC_REPRESENTATION_CONTEXT(2) 
PARAMETRIC_REPRESENTATION_CONTEXT() REPRESENTATION_CONTEXT('2D SPACE',''
  ) );
#4828 = FACE_BOUND('',#4829,.T.);
#4829 = EDGE_LOOP('',(#4830,#4853,#4874,#4895));
#4830 = ORIENTED_EDGE('',*,*,#4831,.F.);
#4831 = EDGE_CURVE('',#4832,#4834,#4836,.T.);
#4832 = VERTEX_POINT('',#4833);
#4833 = CARTESIAN_POINT('',(-8.,-104.5495491932,119.5));
#4834 = VERTEX_POINT('',#4835);
#4835 = CARTESIAN_POINT('',(1.,-104.5495491932,119.5));
#4836 = SURFACE_CURVE('',#4837,(#4841,#4847),.PCURVE_S1.);
#4837 = LINE('',#4838,#4839);
#4838 = CARTESIAN_POINT('',(-28.,-104.5495491932,119.5));
#4839 = VECTOR('',#4840,1.);
#4840 = DIRECTION('',(1.,0.,0.));
#4841 = PCURVE('',#4465,#4842);
#4842 = DEFINITIONAL_REPRESENTATION('',(#4843),#4846);
#4843 = B_SPLINE_CURVE_WITH_KNOTS('',1,(#4844,#4845),.UNSPECIFIED.,.F.,
  .F.,(2,2),(20.,29.),.PIECEWISE_BEZIER_KNOTS.);
#4844 = CARTESIAN_POINT('',(23.5,40.));
#4845 = CARTESIAN_POINT('',(23.5,49.));
#4846 = ( GEOMETRIC_REPRESENTATION_CONTEXT(2) 
PARAMETRIC_REPRESENTATION_CONTEXT() REPRESENTATION_CONTEXT('2D SPACE',''
  ) );
#4847 = PCURVE('',#4209,#4848);
#4848 = DEFINITIONAL_REPRESENTATION('',(#4849),#4852);
#4849 = B_SPLINE_CURVE_WITH_KNOTS('',1,(#4850,#4851),.UNSPECIFIED.,.F.,
  .F.,(2,2),(20.,29.),.PIECEWISE_BEZIER_KNOTS.);
#4850 = CARTESIAN_POINT('',(0.,2.5));
#4851 = CARTESIAN_POINT('',(9.,2.5));
#4852 = ( GEOMETRIC_REPRESENTATION_CONTEXT(2) 
PARAMETRIC_REPRESENTATION_CONTEXT() REPRESENTATION_CONTEXT('2D SPACE',''
  ) );
#4853 = ORIENTED_EDGE('',*,*,#4854,.T.);
#4854 = EDGE_CURVE('',#4832,#4855,#4857,.T.);
#4855 = VERTEX_POINT('',#4856);
#4856 = CARTESIAN_POINT('',(-8.,-104.5495491932,116.));
#4857 = SURFACE_CURVE('',#4858,(#4862,#4868),.PCURVE_S1.);
#4858 = LINE('',#4859,#4860);
#4859 = CARTESIAN_POINT('',(-8.,-104.5495491932,106.));
#4860 = VECTOR('',#4861,1.);
#4861 = DIRECTION('',(0.,0.,-1.));
#4862 = PCURVE('',#4465,#4863);
#4863 = DEFINITIONAL_REPRESENTATION('',(#4864),#4867);
#4864 = B_SPLINE_CURVE_WITH_KNOTS('',1,(#4865,#4866),.UNSPECIFIED.,.F.,
  .F.,(2,2),(-13.5,-10.),.PIECEWISE_BEZIER_KNOTS.);
#4865 = CARTESIAN_POINT('',(23.5,40.));
#4866 = CARTESIAN_POINT('',(20.,40.));
#4867 = ( GEOMETRIC_REPRESENTATION_CONTEXT(2) 
PARAMETRIC_REPRESENTATION_CONTEXT() REPRESENTATION_CONTEXT('2D SPACE',''
  ) );
#4868 = PCURVE('',#4235,#4869);
#4869 = DEFINITIONAL_REPRESENTATION('',(#4870),#4873);
#4870 = B_SPLINE_CURVE_WITH_KNOTS('',1,(#4871,#4872),.UNSPECIFIED.,.F.,
  .F.,(2,2),(-13.5,-10.),.PIECEWISE_BEZIER_KNOTS.);
#4871 = CARTESIAN_POINT('',(3.5,-2.5));
#4872 = CARTESIAN_POINT('',(0.,-2.5));
#4873 = ( GEOMETRIC_REPRESENTATION_CONTEXT(2) 
PARAMETRIC_REPRESENTATION_CONTEXT() REPRESENTATION_CONTEXT('2D SPACE',''
  ) );
#4874 = ORIENTED_EDGE('',*,*,#4875,.T.);
#4875 = EDGE_CURVE('',#4855,#4876,#4878,.T.);
#4876 = VERTEX_POINT('',#4877);
#4877 = CARTESIAN_POINT('',(1.,-104.5495491932,116.));
#4878 = SURFACE_CURVE('',#4879,(#4883,#4889),.PCURVE_S1.);
#4879 = LINE('',#4880,#4881);
#4880 = CARTESIAN_POINT('',(-28.,-104.5495491932,116.));
#4881 = VECTOR('',#4882,1.);
#4882 = DIRECTION('',(1.,0.,0.));
#4883 = PCURVE('',#4465,#4884);
#4884 = DEFINITIONAL_REPRESENTATION('',(#4885),#4888);
#4885 = B_SPLINE_CURVE_WITH_KNOTS('',1,(#4886,#4887),.UNSPECIFIED.,.F.,
  .F.,(2,2),(20.,29.),.PIECEWISE_BEZIER_KNOTS.);
#4886 = CARTESIAN_POINT('',(20.,40.));
#4887 = CARTESIAN_POINT('',(20.,49.));
#4888 = ( GEOMETRIC_REPRESENTATION_CONTEXT(2) 
PARAMETRIC_REPRESENTATION_CONTEXT() REPRESENTATION_CONTEXT('2D SPACE',''
  ) );
#4889 = PCURVE('',#4261,#4890);
#4890 = DEFINITIONAL_REPRESENTATION('',(#4891),#4894);
#4891 = B_SPLINE_CURVE_WITH_KNOTS('',1,(#4892,#4893),.UNSPECIFIED.,.F.,
  .F.,(2,2),(20.,29.),.PIECEWISE_BEZIER_KNOTS.);
#4892 = CARTESIAN_POINT('',(0.,2.5));
#4893 = CARTESIAN_POINT('',(9.,2.5));
#4894 = ( GEOMETRIC_REPRESENTATION_CONTEXT(2) 
PARAMETRIC_REPRESENTATION_CONTEXT() REPRESENTATION_CONTEXT('2D SPACE',''
  ) );
#4895 = ORIENTED_EDGE('',*,*,#4896,.F.);
#4896 = EDGE_CURVE('',#4834,#4876,#4897,.T.);
#4897 = SURFACE_CURVE('',#4898,(#4902,#4908),.PCURVE_S1.);
#4898 = LINE('',#4899,#4900);
#4899 = CARTESIAN_POINT('',(1.,-104.5495491932,106.));
#4900 = VECTOR('',#4901,1.);
#4901 = DIRECTION('',(0.,0.,-1.));
#4902 = PCURVE('',#4465,#4903);
#4903 = DEFINITIONAL_REPRESENTATION('',(#4904),#4907);
#4904 = B_SPLINE_CURVE_WITH_KNOTS('',1,(#4905,#4906),.UNSPECIFIED.,.F.,
  .F.,(2,2),(-13.5,-10.),.PIECEWISE_BEZIER_KNOTS.);
#4905 = CARTESIAN_POINT('',(23.5,49.));
#4906 = CARTESIAN_POINT('',(20.,49.));
#4907 = ( GEOMETRIC_REPRESENTATION_CONTEXT(2) 
PARAMETRIC_REPRESENTATION_CONTEXT() REPRESENTATION_CONTEXT('2D SPACE',''
  ) );
#4908 = PCURVE('',#4285,#4909);
#4909 = DEFINITIONAL_REPRESENTATION('',(#4910),#4913);
#4910 = B_SPLINE_CURVE_WITH_KNOTS('',1,(#4911,#4912),.UNSPECIFIED.,.F.,
  .F.,(2,2),(-13.5,-10.),.PIECEWISE_BEZIER_KNOTS.);
#4911 = CARTESIAN_POINT('',(3.5,-2.5));
#4912 = CARTESIAN_POINT('',(0.,-2.5));
#4913 = ( GEOMETRIC_REPRESENTATION_CONTEXT(2) 
PARAMETRIC_REPRESENTATION_CONTEXT() REPRESENTATION_CONTEXT('2D SPACE',''
  ) );
#4914 = FACE_BOUND('',#4915,.T.);
#4915 = EDGE_LOOP('',(#4916,#4939,#4958,#4959));
#4916 = ORIENTED_EDGE('',*,*,#4917,.F.);
#4917 = EDGE_CURVE('',#4918,#4920,#4922,.T.);
#4918 = VERTEX_POINT('',#4919);
#4919 = CARTESIAN_POINT('',(-8.,-104.5495491932,127.5));
#4920 = VERTEX_POINT('',#4921);
#4921 = CARTESIAN_POINT('',(1.,-104.5495491932,127.5));
#4922 = SURFACE_CURVE('',#4923,(#4927,#4933),.PCURVE_S1.);
#4923 = LINE('',#4924,#4925);
#4924 = CARTESIAN_POINT('',(-28.,-104.5495491932,127.5));
#4925 = VECTOR('',#4926,1.);
#4926 = DIRECTION('',(1.,0.,0.));
#4927 = PCURVE('',#4465,#4928);
#4928 = DEFINITIONAL_REPRESENTATION('',(#4929),#4932);
#4929 = B_SPLINE_CURVE_WITH_KNOTS('',1,(#4930,#4931),.UNSPECIFIED.,.F.,
  .F.,(2,2),(20.,29.),.PIECEWISE_BEZIER_KNOTS.);
#4930 = CARTESIAN_POINT('',(31.5,40.));
#4931 = CARTESIAN_POINT('',(31.5,49.));
#4932 = ( GEOMETRIC_REPRESENTATION_CONTEXT(2) 
PARAMETRIC_REPRESENTATION_CONTEXT() REPRESENTATION_CONTEXT('2D SPACE',''
  ) );
#4933 = PCURVE('',#4315,#4934);
#4934 = DEFINITIONAL_REPRESENTATION('',(#4935),#4938);
#4935 = B_SPLINE_CURVE_WITH_KNOTS('',1,(#4936,#4937),.UNSPECIFIED.,.F.,
  .F.,(2,2),(20.,29.),.PIECEWISE_BEZIER_KNOTS.);
#4936 = CARTESIAN_POINT('',(0.,2.5));
#4937 = CARTESIAN_POINT('',(9.,2.5));
#4938 = ( GEOMETRIC_REPRESENTATION_CONTEXT(2) 
PARAMETRIC_REPRESENTATION_CONTEXT() REPRESENTATION_CONTEXT('2D SPACE',''
  ) );
#4939 = ORIENTED_EDGE('',*,*,#4940,.T.);
#4940 = EDGE_CURVE('',#4918,#4406,#4941,.T.);
#4941 = SURFACE_CURVE('',#4942,(#4946,#4952),.PCURVE_S1.);
#4942 = LINE('',#4943,#4944);
#4943 = CARTESIAN_POINT('',(-8.,-104.5495491932,110.));
#4944 = VECTOR('',#4945,1.);
#4945 = DIRECTION('',(0.,0.,-1.));
#4946 = PCURVE('',#4465,#4947);
#4947 = DEFINITIONAL_REPRESENTATION('',(#4948),#4951);
#4948 = B_SPLINE_CURVE_WITH_KNOTS('',1,(#4949,#4950),.UNSPECIFIED.,.F.,
  .F.,(2,2),(-17.5,-14.),.PIECEWISE_BEZIER_KNOTS.);
#4949 = CARTESIAN_POINT('',(31.5,40.));
#4950 = CARTESIAN_POINT('',(28.,40.));
#4951 = ( GEOMETRIC_REPRESENTATION_CONTEXT(2) 
PARAMETRIC_REPRESENTATION_CONTEXT() REPRESENTATION_CONTEXT('2D SPACE',''
  ) );
#4952 = PCURVE('',#4341,#4953);
#4953 = DEFINITIONAL_REPRESENTATION('',(#4954),#4957);
#4954 = B_SPLINE_CURVE_WITH_KNOTS('',1,(#4955,#4956),.UNSPECIFIED.,.F.,
  .F.,(2,2),(-17.5,-14.),.PIECEWISE_BEZIER_KNOTS.);
#4955 = CARTESIAN_POINT('',(3.5,-2.5));
#4956 = CARTESIAN_POINT('',(0.,-2.5));
#4957 = ( GEOMETRIC_REPRESENTATION_CONTEXT(2) 
PARAMETRIC_REPRESENTATION_CONTEXT() REPRESENTATION_CONTEXT('2D SPACE',''
  ) );
#4958 = ORIENTED_EDGE('',*,*,#4452,.T.);
#4959 = ORIENTED_EDGE('',*,*,#4960,.F.);
#4960 = EDGE_CURVE('',#4920,#4430,#4961,.T.);
#4961 = SURFACE_CURVE('',#4962,(#4966,#4972),.PCURVE_S1.);
#4962 = LINE('',#4963,#4964);
#4963 = CARTESIAN_POINT('',(1.,-104.5495491932,110.));
#4964 = VECTOR('',#4965,1.);
#4965 = DIRECTION('',(0.,0.,-1.));
#4966 = PCURVE('',#4465,#4967);
#4967 = DEFINITIONAL_REPRESENTATION('',(#4968),#4971);
#4968 = B_SPLINE_CURVE_WITH_KNOTS('',1,(#4969,#4970),.UNSPECIFIED.,.F.,
  .F.,(2,2),(-17.5,-14.),.PIECEWISE_BEZIER_KNOTS.);
#4969 = CARTESIAN_POINT('',(31.5,49.));
#4970 = CARTESIAN_POINT('',(28.,49.));
#4971 = ( GEOMETRIC_REPRESENTATION_CONTEXT(2) 
PARAMETRIC_REPRESENTATION_CONTEXT() REPRESENTATION_CONTEXT('2D SPACE',''
  ) );
#4972 = PCURVE('',#4391,#4973);
#4973 = DEFINITIONAL_REPRESENTATION('',(#4974),#4977);
#4974 = B_SPLINE_CURVE_WITH_KNOTS('',1,(#4975,#4976),.UNSPECIFIED.,.F.,
  .F.,(2,2),(-17.5,-14.),.PIECEWISE_BEZIER_KNOTS.);
#4975 = CARTESIAN_POINT('',(3.5,-2.5));
#4976 = CARTESIAN_POINT('',(0.,-2.5));
#4977 = ( GEOMETRIC_REPRESENTATION_CONTEXT(2) 
PARAMETRIC_REPRESENTATION_CONTEXT() REPRESENTATION_CONTEXT('2D SPACE',''
  ) );
#4978 = ADVANCED_FACE('',(#4979),#4391,.F.);
#4979 = FACE_BOUND('',#4980,.F.);
#4980 = EDGE_LOOP('',(#4981,#5002,#5003,#5004));
#4981 = ORIENTED_EDGE('',*,*,#4982,.F.);
#4982 = EDGE_CURVE('',#4301,#4920,#4983,.T.);
#4983 = SURFACE_CURVE('',#4984,(#4988,#4995),.PCURVE_S1.);
#4984 = LINE('',#4985,#4986);
#4985 = CARTESIAN_POINT('',(1.,-107.0495491932,127.5));
#4986 = VECTOR('',#4987,1.);
#4987 = DIRECTION('',(0.,1.,0.));
#4988 = PCURVE('',#4391,#4989);
#4989 = DEFINITIONAL_REPRESENTATION('',(#4990),#4994);
#4990 = LINE('',#4991,#4992);
#4991 = CARTESIAN_POINT('',(3.5,0.));
#4992 = VECTOR('',#4993,1.);
#4993 = DIRECTION('',(0.,-1.));
#4994 = ( GEOMETRIC_REPRESENTATION_CONTEXT(2) 
PARAMETRIC_REPRESENTATION_CONTEXT() REPRESENTATION_CONTEXT('2D SPACE',''
  ) );
#4995 = PCURVE('',#4315,#4996);
#4996 = DEFINITIONAL_REPRESENTATION('',(#4997),#5001);
#4997 = LINE('',#4998,#4999);
#4998 = CARTESIAN_POINT('',(9.,0.));
#4999 = VECTOR('',#5000,1.);
#5000 = DIRECTION('',(0.,1.));
#5001 = ( GEOMETRIC_REPRESENTATION_CONTEXT(2) 
PARAMETRIC_REPRESENTATION_CONTEXT() REPRESENTATION_CONTEXT('2D SPACE',''
  ) );
#5002 = ORIENTED_EDGE('',*,*,#4378,.T.);
#5003 = ORIENTED_EDGE('',*,*,#4429,.T.);
#5004 = ORIENTED_EDGE('',*,*,#4960,.F.);
#5005 = ADVANCED_FACE('',(#5006),#4341,.T.);
#5006 = FACE_BOUND('',#5007,.T.);
#5007 = EDGE_LOOP('',(#5008,#5029,#5030,#5031));
#5008 = ORIENTED_EDGE('',*,*,#5009,.F.);
#5009 = EDGE_CURVE('',#4299,#4918,#5010,.T.);
#5010 = SURFACE_CURVE('',#5011,(#5015,#5022),.PCURVE_S1.);
#5011 = LINE('',#5012,#5013);
#5012 = CARTESIAN_POINT('',(-8.,-107.0495491932,127.5));
#5013 = VECTOR('',#5014,1.);
#5014 = DIRECTION('',(0.,1.,0.));
#5015 = PCURVE('',#4341,#5016);
#5016 = DEFINITIONAL_REPRESENTATION('',(#5017),#5021);
#5017 = LINE('',#5018,#5019);
#5018 = CARTESIAN_POINT('',(3.5,0.));
#5019 = VECTOR('',#5020,1.);
#5020 = DIRECTION('',(0.,-1.));
#5021 = ( GEOMETRIC_REPRESENTATION_CONTEXT(2) 
PARAMETRIC_REPRESENTATION_CONTEXT() REPRESENTATION_CONTEXT('2D SPACE',''
  ) );
#5022 = PCURVE('',#4315,#5023);
#5023 = DEFINITIONAL_REPRESENTATION('',(#5024),#5028);
#5024 = LINE('',#5025,#5026);
#5025 = CARTESIAN_POINT('',(0.,0.));
#5026 = VECTOR('',#5027,1.);
#5027 = DIRECTION('',(0.,1.));
#5028 = ( GEOMETRIC_REPRESENTATION_CONTEXT(2) 
PARAMETRIC_REPRESENTATION_CONTEXT() REPRESENTATION_CONTEXT('2D SPACE',''
  ) );
#5029 = ORIENTED_EDGE('',*,*,#4326,.T.);
#5030 = ORIENTED_EDGE('',*,*,#4405,.T.);
#5031 = ORIENTED_EDGE('',*,*,#4940,.F.);
#5032 = ADVANCED_FACE('',(#5033),#4315,.F.);
#5033 = FACE_BOUND('',#5034,.F.);
#5034 = EDGE_LOOP('',(#5035,#5036,#5037,#5038));
#5035 = ORIENTED_EDGE('',*,*,#5009,.F.);
#5036 = ORIENTED_EDGE('',*,*,#4298,.T.);
#5037 = ORIENTED_EDGE('',*,*,#4982,.T.);
#5038 = ORIENTED_EDGE('',*,*,#4917,.F.);
#5039 = ADVANCED_FACE('',(#5040),#4261,.T.);
#5040 = FACE_BOUND('',#5041,.T.);
#5041 = EDGE_LOOP('',(#5042,#5063,#5064,#5085));
#5042 = ORIENTED_EDGE('',*,*,#5043,.F.);
#5043 = EDGE_CURVE('',#4221,#4855,#5044,.T.);
#5044 = SURFACE_CURVE('',#5045,(#5049,#5056),.PCURVE_S1.);
#5045 = LINE('',#5046,#5047);
#5046 = CARTESIAN_POINT('',(-8.,-107.0495491932,116.));
#5047 = VECTOR('',#5048,1.);
#5048 = DIRECTION('',(0.,1.,0.));
#5049 = PCURVE('',#4261,#5050);
#5050 = DEFINITIONAL_REPRESENTATION('',(#5051),#5055);
#5051 = LINE('',#5052,#5053);
#5052 = CARTESIAN_POINT('',(0.,0.));
#5053 = VECTOR('',#5054,1.);
#5054 = DIRECTION('',(0.,1.));
#5055 = ( GEOMETRIC_REPRESENTATION_CONTEXT(2) 
PARAMETRIC_REPRESENTATION_CONTEXT() REPRESENTATION_CONTEXT('2D SPACE',''
  ) );
#5056 = PCURVE('',#4235,#5057);
#5057 = DEFINITIONAL_REPRESENTATION('',(#5058),#5062);
#5058 = LINE('',#5059,#5060);
#5059 = CARTESIAN_POINT('',(0.,0.));
#5060 = VECTOR('',#5061,1.);
#5061 = DIRECTION('',(0.,-1.));
#5062 = ( GEOMETRIC_REPRESENTATION_CONTEXT(2) 
PARAMETRIC_REPRESENTATION_CONTEXT() REPRESENTATION_CONTEXT('2D SPACE',''
  ) );
#5063 = ORIENTED_EDGE('',*,*,#4246,.T.);
#5064 = ORIENTED_EDGE('',*,*,#5065,.T.);
#5065 = EDGE_CURVE('',#4247,#4876,#5066,.T.);
#5066 = SURFACE_CURVE('',#5067,(#5071,#5078),.PCURVE_S1.);
#5067 = LINE('',#5068,#5069);
#5068 = CARTESIAN_POINT('',(1.,-107.0495491932,116.));
#5069 = VECTOR('',#5070,1.);
#5070 = DIRECTION('',(0.,1.,0.));
#5071 = PCURVE('',#4261,#5072);
#5072 = DEFINITIONAL_REPRESENTATION('',(#5073),#5077);
#5073 = LINE('',#5074,#5075);
#5074 = CARTESIAN_POINT('',(9.,0.));
#5075 = VECTOR('',#5076,1.);
#5076 = DIRECTION('',(0.,1.));
#5077 = ( GEOMETRIC_REPRESENTATION_CONTEXT(2) 
PARAMETRIC_REPRESENTATION_CONTEXT() REPRESENTATION_CONTEXT('2D SPACE',''
  ) );
#5078 = PCURVE('',#4285,#5079);
#5079 = DEFINITIONAL_REPRESENTATION('',(#5080),#5084);
#5080 = LINE('',#5081,#5082);
#5081 = CARTESIAN_POINT('',(0.,0.));
#5082 = VECTOR('',#5083,1.);
#5083 = DIRECTION('',(0.,-1.));
#5084 = ( GEOMETRIC_REPRESENTATION_CONTEXT(2) 
PARAMETRIC_REPRESENTATION_CONTEXT() REPRESENTATION_CONTEXT('2D SPACE',''
  ) );
#5085 = ORIENTED_EDGE('',*,*,#4875,.F.);
#5086 = ADVANCED_FACE('',(#5087),#4285,.F.);
#5087 = FACE_BOUND('',#5088,.F.);
#5088 = EDGE_LOOP('',(#5089,#5110,#5111,#5112));
#5089 = ORIENTED_EDGE('',*,*,#5090,.F.);
#5090 = EDGE_CURVE('',#4195,#4834,#5091,.T.);
#5091 = SURFACE_CURVE('',#5092,(#5096,#5103),.PCURVE_S1.);
#5092 = LINE('',#5093,#5094);
#5093 = CARTESIAN_POINT('',(1.,-107.0495491932,119.5));
#5094 = VECTOR('',#5095,1.);
#5095 = DIRECTION('',(0.,1.,0.));
#5096 = PCURVE('',#4285,#5097);
#5097 = DEFINITIONAL_REPRESENTATION('',(#5098),#5102);
#5098 = LINE('',#5099,#5100);
#5099 = CARTESIAN_POINT('',(3.5,0.));
#5100 = VECTOR('',#5101,1.);
#5101 = DIRECTION('',(0.,-1.));
#5102 = ( GEOMETRIC_REPRESENTATION_CONTEXT(2) 
PARAMETRIC_REPRESENTATION_CONTEXT() REPRESENTATION_CONTEXT('2D SPACE',''
  ) );
#5103 = PCURVE('',#4209,#5104);
#5104 = DEFINITIONAL_REPRESENTATION('',(#5105),#5109);
#5105 = LINE('',#5106,#5107);
#5106 = CARTESIAN_POINT('',(9.,0.));
#5107 = VECTOR('',#5108,1.);
#5108 = DIRECTION('',(0.,1.));
#5109 = ( GEOMETRIC_REPRESENTATION_CONTEXT(2) 
PARAMETRIC_REPRESENTATION_CONTEXT() REPRESENTATION_CONTEXT('2D SPACE',''
  ) );
#5110 = ORIENTED_EDGE('',*,*,#4272,.T.);
#5111 = ORIENTED_EDGE('',*,*,#5065,.T.);
#5112 = ORIENTED_EDGE('',*,*,#4896,.F.);
#5113 = ADVANCED_FACE('',(#5114),#4235,.T.);
#5114 = FACE_BOUND('',#5115,.T.);
#5115 = EDGE_LOOP('',(#5116,#5137,#5138,#5139));
#5116 = ORIENTED_EDGE('',*,*,#5117,.F.);
#5117 = EDGE_CURVE('',#4193,#4832,#5118,.T.);
#5118 = SURFACE_CURVE('',#5119,(#5123,#5130),.PCURVE_S1.);
#5119 = LINE('',#5120,#5121);
#5120 = CARTESIAN_POINT('',(-8.,-107.0495491932,119.5));
#5121 = VECTOR('',#5122,1.);
#5122 = DIRECTION('',(0.,1.,0.));
#5123 = PCURVE('',#4235,#5124);
#5124 = DEFINITIONAL_REPRESENTATION('',(#5125),#5129);
#5125 = LINE('',#5126,#5127);
#5126 = CARTESIAN_POINT('',(3.5,0.));
#5127 = VECTOR('',#5128,1.);
#5128 = DIRECTION('',(0.,-1.));
#5129 = ( GEOMETRIC_REPRESENTATION_CONTEXT(2) 
PARAMETRIC_REPRESENTATION_CONTEXT() REPRESENTATION_CONTEXT('2D SPACE',''
  ) );
#5130 = PCURVE('',#4209,#5131);
#5131 = DEFINITIONAL_REPRESENTATION('',(#5132),#5136);
#5132 = LINE('',#5133,#5134);
#5133 = CARTESIAN_POINT('',(0.,0.));
#5134 = VECTOR('',#5135,1.);
#5135 = DIRECTION('',(0.,1.));
#5136 = ( GEOMETRIC_REPRESENTATION_CONTEXT(2) 
PARAMETRIC_REPRESENTATION_CONTEXT() REPRESENTATION_CONTEXT('2D SPACE',''
  ) );
#5137 = ORIENTED_EDGE('',*,*,#4220,.T.);
#5138 = ORIENTED_EDGE('',*,*,#5043,.T.);
#5139 = ORIENTED_EDGE('',*,*,#4854,.F.);
#5140 = ADVANCED_FACE('',(#5141),#4209,.F.);
#5141 = FACE_BOUND('',#5142,.F.);
#5142 = EDGE_LOOP('',(#5143,#5144,#5145,#5146));
#5143 = ORIENTED_EDGE('',*,*,#5117,.F.);
#5144 = ORIENTED_EDGE('',*,*,#4192,.T.);
#5145 = ORIENTED_EDGE('',*,*,#5090,.T.);
#5146 = ORIENTED_EDGE('',*,*,#4831,.F.);
#5147 = ADVANCED_FACE('',(#5148),#4129,.T.);
#5148 = FACE_BOUND('',#5149,.T.);
#5149 = EDGE_LOOP('',(#5150,#5171,#5172,#5193));
#5150 = ORIENTED_EDGE('',*,*,#5151,.F.);
#5151 = EDGE_CURVE('',#4087,#4746,#5152,.T.);
#5152 = SURFACE_CURVE('',#5153,(#5157,#5164),.PCURVE_S1.);
#5153 = LINE('',#5154,#5155);
#5154 = CARTESIAN_POINT('',(14.,-107.0495491932,120.));
#5155 = VECTOR('',#5156,1.);
#5156 = DIRECTION('',(0.,1.,0.));
#5157 = PCURVE('',#4129,#5158);
#5158 = DEFINITIONAL_REPRESENTATION('',(#5159),#5163);
#5159 = LINE('',#5160,#5161);
#5160 = CARTESIAN_POINT('',(14.,0.));
#5161 = VECTOR('',#5162,1.);
#5162 = DIRECTION('',(0.,-1.));
#5163 = ( GEOMETRIC_REPRESENTATION_CONTEXT(2) 
PARAMETRIC_REPRESENTATION_CONTEXT() REPRESENTATION_CONTEXT('2D SPACE',''
  ) );
#5164 = PCURVE('',#4103,#5165);
#5165 = DEFINITIONAL_REPRESENTATION('',(#5166),#5170);
#5166 = LINE('',#5167,#5168);
#5167 = CARTESIAN_POINT('',(0.,0.));
#5168 = VECTOR('',#5169,1.);
#5169 = DIRECTION('',(0.,1.));
#5170 = ( GEOMETRIC_REPRESENTATION_CONTEXT(2) 
PARAMETRIC_REPRESENTATION_CONTEXT() REPRESENTATION_CONTEXT('2D SPACE',''
  ) );
#5171 = ORIENTED_EDGE('',*,*,#4114,.T.);
#5172 = ORIENTED_EDGE('',*,*,#5173,.T.);
#5173 = EDGE_CURVE('',#4115,#4769,#5174,.T.);
#5174 = SURFACE_CURVE('',#5175,(#5179,#5186),.PCURVE_S1.);
#5175 = LINE('',#5176,#5177);
#5176 = CARTESIAN_POINT('',(14.,-107.0495491932,106.));
#5177 = VECTOR('',#5178,1.);
#5178 = DIRECTION('',(0.,1.,0.));
#5179 = PCURVE('',#4129,#5180);
#5180 = DEFINITIONAL_REPRESENTATION('',(#5181),#5185);
#5181 = LINE('',#5182,#5183);
#5182 = CARTESIAN_POINT('',(0.,0.));
#5183 = VECTOR('',#5184,1.);
#5184 = DIRECTION('',(0.,-1.));
#5185 = ( GEOMETRIC_REPRESENTATION_CONTEXT(2) 
PARAMETRIC_REPRESENTATION_CONTEXT() REPRESENTATION_CONTEXT('2D SPACE',''
  ) );
#5186 = PCURVE('',#4155,#5187);
#5187 = DEFINITIONAL_REPRESENTATION('',(#5188),#5192);
#5188 = LINE('',#5189,#5190);
#5189 = CARTESIAN_POINT('',(0.,0.));
#5190 = VECTOR('',#5191,1.);
#5191 = DIRECTION('',(0.,1.));
#5192 = ( GEOMETRIC_REPRESENTATION_CONTEXT(2) 
PARAMETRIC_REPRESENTATION_CONTEXT() REPRESENTATION_CONTEXT('2D SPACE',''
  ) );
#5193 = ORIENTED_EDGE('',*,*,#4768,.F.);
#5194 = ADVANCED_FACE('',(#5195),#4155,.T.);
#5195 = FACE_BOUND('',#5196,.T.);
#5196 = EDGE_LOOP('',(#5197,#5198,#5199,#5220));
#5197 = ORIENTED_EDGE('',*,*,#5173,.F.);
#5198 = ORIENTED_EDGE('',*,*,#4140,.T.);
#5199 = ORIENTED_EDGE('',*,*,#5200,.T.);
#5200 = EDGE_CURVE('',#4141,#4790,#5201,.T.);
#5201 = SURFACE_CURVE('',#5202,(#5206,#5213),.PCURVE_S1.);
#5202 = LINE('',#5203,#5204);
#5203 = CARTESIAN_POINT('',(30.,-107.0495491932,106.));
#5204 = VECTOR('',#5205,1.);
#5205 = DIRECTION('',(0.,1.,0.));
#5206 = PCURVE('',#4155,#5207);
#5207 = DEFINITIONAL_REPRESENTATION('',(#5208),#5212);
#5208 = LINE('',#5209,#5210);
#5209 = CARTESIAN_POINT('',(16.,0.));
#5210 = VECTOR('',#5211,1.);
#5211 = DIRECTION('',(0.,1.));
#5212 = ( GEOMETRIC_REPRESENTATION_CONTEXT(2) 
PARAMETRIC_REPRESENTATION_CONTEXT() REPRESENTATION_CONTEXT('2D SPACE',''
  ) );
#5213 = PCURVE('',#4179,#5214);
#5214 = DEFINITIONAL_REPRESENTATION('',(#5215),#5219);
#5215 = LINE('',#5216,#5217);
#5216 = CARTESIAN_POINT('',(0.,0.));
#5217 = VECTOR('',#5218,1.);
#5218 = DIRECTION('',(0.,-1.));
#5219 = ( GEOMETRIC_REPRESENTATION_CONTEXT(2) 
PARAMETRIC_REPRESENTATION_CONTEXT() REPRESENTATION_CONTEXT('2D SPACE',''
  ) );
#5220 = ORIENTED_EDGE('',*,*,#4789,.F.);
#5221 = ADVANCED_FACE('',(#5222),#4179,.F.);
#5222 = FACE_BOUND('',#5223,.F.);
#5223 = EDGE_LOOP('',(#5224,#5245,#5246,#5247));
#5224 = ORIENTED_EDGE('',*,*,#5225,.F.);
#5225 = EDGE_CURVE('',#4089,#4748,#5226,.T.);
#5226 = SURFACE_CURVE('',#5227,(#5231,#5238),.PCURVE_S1.);
#5227 = LINE('',#5228,#5229);
#5228 = CARTESIAN_POINT('',(30.,-107.0495491932,120.));
#5229 = VECTOR('',#5230,1.);
#5230 = DIRECTION('',(0.,1.,0.));
#5231 = PCURVE('',#4179,#5232);
#5232 = DEFINITIONAL_REPRESENTATION('',(#5233),#5237);
#5233 = LINE('',#5234,#5235);
#5234 = CARTESIAN_POINT('',(14.,0.));
#5235 = VECTOR('',#5236,1.);
#5236 = DIRECTION('',(0.,-1.));
#5237 = ( GEOMETRIC_REPRESENTATION_CONTEXT(2) 
PARAMETRIC_REPRESENTATION_CONTEXT() REPRESENTATION_CONTEXT('2D SPACE',''
  ) );
#5238 = PCURVE('',#4103,#5239);
#5239 = DEFINITIONAL_REPRESENTATION('',(#5240),#5244);
#5240 = LINE('',#5241,#5242);
#5241 = CARTESIAN_POINT('',(16.,0.));
#5242 = VECTOR('',#5243,1.);
#5243 = DIRECTION('',(0.,1.));
#5244 = ( GEOMETRIC_REPRESENTATION_CONTEXT(2) 
PARAMETRIC_REPRESENTATION_CONTEXT() REPRESENTATION_CONTEXT('2D SPACE',''
  ) );
#5245 = ORIENTED_EDGE('',*,*,#4166,.T.);
#5246 = ORIENTED_EDGE('',*,*,#5200,.T.);
#5247 = ORIENTED_EDGE('',*,*,#4810,.F.);
#5248 = ADVANCED_FACE('',(#5249),#4103,.F.);
#5249 = FACE_BOUND('',#5250,.F.);
#5250 = EDGE_LOOP('',(#5251,#5252,#5253,#5254));
#5251 = ORIENTED_EDGE('',*,*,#5151,.F.);
#5252 = ORIENTED_EDGE('',*,*,#4086,.T.);
#5253 = ORIENTED_EDGE('',*,*,#5225,.T.);
#5254 = ORIENTED_EDGE('',*,*,#4745,.F.);
#5255 = ADVANCED_FACE('',(#5256),#4049,.T.);
#5256 = FACE_BOUND('',#5257,.T.);
#5257 = EDGE_LOOP('',(#5258,#5279,#5280,#5301));
#5258 = ORIENTED_EDGE('',*,*,#5259,.F.);
#5259 = EDGE_CURVE('',#4009,#4683,#5260,.T.);
#5260 = SURFACE_CURVE('',#5261,(#5265,#5272),.PCURVE_S1.);
#5261 = LINE('',#5262,#5263);
#5262 = CARTESIAN_POINT('',(-8.,-107.0495491932,104.));
#5263 = VECTOR('',#5264,1.);
#5264 = DIRECTION('',(0.,1.,0.));
#5265 = PCURVE('',#4049,#5266);
#5266 = DEFINITIONAL_REPRESENTATION('',(#5267),#5271);
#5267 = LINE('',#5268,#5269);
#5268 = CARTESIAN_POINT('',(0.,0.));
#5269 = VECTOR('',#5270,1.);
#5270 = DIRECTION('',(0.,1.));
#5271 = ( GEOMETRIC_REPRESENTATION_CONTEXT(2) 
PARAMETRIC_REPRESENTATION_CONTEXT() REPRESENTATION_CONTEXT('2D SPACE',''
  ) );
#5272 = PCURVE('',#4023,#5273);
#5273 = DEFINITIONAL_REPRESENTATION('',(#5274),#5278);
#5274 = LINE('',#5275,#5276);
#5275 = CARTESIAN_POINT('',(0.,0.));
#5276 = VECTOR('',#5277,1.);
#5277 = DIRECTION('',(0.,-1.));
#5278 = ( GEOMETRIC_REPRESENTATION_CONTEXT(2) 
PARAMETRIC_REPRESENTATION_CONTEXT() REPRESENTATION_CONTEXT('2D SPACE',''
  ) );
#5279 = ORIENTED_EDGE('',*,*,#4034,.T.);
#5280 = ORIENTED_EDGE('',*,*,#5281,.T.);
#5281 = EDGE_CURVE('',#4035,#4704,#5282,.T.);
#5282 = SURFACE_CURVE('',#5283,(#5287,#5294),.PCURVE_S1.);
#5283 = LINE('',#5284,#5285);
#5284 = CARTESIAN_POINT('',(6.,-107.0495491932,104.));
#5285 = VECTOR('',#5286,1.);
#5286 = DIRECTION('',(0.,1.,0.));
#5287 = PCURVE('',#4049,#5288);
#5288 = DEFINITIONAL_REPRESENTATION('',(#5289),#5293);
#5289 = LINE('',#5290,#5291);
#5290 = CARTESIAN_POINT('',(14.,0.));
#5291 = VECTOR('',#5292,1.);
#5292 = DIRECTION('',(0.,1.));
#5293 = ( GEOMETRIC_REPRESENTATION_CONTEXT(2) 
PARAMETRIC_REPRESENTATION_CONTEXT() REPRESENTATION_CONTEXT('2D SPACE',''
  ) );
#5294 = PCURVE('',#4073,#5295);
#5295 = DEFINITIONAL_REPRESENTATION('',(#5296),#5300);
#5296 = LINE('',#5297,#5298);
#5297 = CARTESIAN_POINT('',(0.,0.));
#5298 = VECTOR('',#5299,1.);
#5299 = DIRECTION('',(0.,-1.));
#5300 = ( GEOMETRIC_REPRESENTATION_CONTEXT(2) 
PARAMETRIC_REPRESENTATION_CONTEXT() REPRESENTATION_CONTEXT('2D SPACE',''
  ) );
#5301 = ORIENTED_EDGE('',*,*,#4703,.F.);
#5302 = ADVANCED_FACE('',(#5303),#4073,.F.);
#5303 = FACE_BOUND('',#5304,.F.);
#5304 = EDGE_LOOP('',(#5305,#5326,#5327,#5328));
#5305 = ORIENTED_EDGE('',*,*,#5306,.F.);
#5306 = EDGE_CURVE('',#3983,#4662,#5307,.T.);
#5307 = SURFACE_CURVE('',#5308,(#5312,#5319),.PCURVE_S1.);
#5308 = LINE('',#5309,#5310);
#5309 = CARTESIAN_POINT('',(6.,-107.0495491932,110.));
#5310 = VECTOR('',#5311,1.);
#5311 = DIRECTION('',(0.,1.,0.));
#5312 = PCURVE('',#4073,#5313);
#5313 = DEFINITIONAL_REPRESENTATION('',(#5314),#5318);
#5314 = LINE('',#5315,#5316);
#5315 = CARTESIAN_POINT('',(6.,0.));
#5316 = VECTOR('',#5317,1.);
#5317 = DIRECTION('',(0.,-1.));
#5318 = ( GEOMETRIC_REPRESENTATION_CONTEXT(2) 
PARAMETRIC_REPRESENTATION_CONTEXT() REPRESENTATION_CONTEXT('2D SPACE',''
  ) );
#5319 = PCURVE('',#3997,#5320);
#5320 = DEFINITIONAL_REPRESENTATION('',(#5321),#5325);
#5321 = LINE('',#5322,#5323);
#5322 = CARTESIAN_POINT('',(14.,0.));
#5323 = VECTOR('',#5324,1.);
#5324 = DIRECTION('',(0.,1.));
#5325 = ( GEOMETRIC_REPRESENTATION_CONTEXT(2) 
PARAMETRIC_REPRESENTATION_CONTEXT() REPRESENTATION_CONTEXT('2D SPACE',''
  ) );
#5326 = ORIENTED_EDGE('',*,*,#4060,.T.);
#5327 = ORIENTED_EDGE('',*,*,#5281,.T.);
#5328 = ORIENTED_EDGE('',*,*,#4724,.F.);
#5329 = ADVANCED_FACE('',(#5330),#4023,.T.);
#5330 = FACE_BOUND('',#5331,.T.);
#5331 = EDGE_LOOP('',(#5332,#5353,#5354,#5355));
#5332 = ORIENTED_EDGE('',*,*,#5333,.F.);
#5333 = EDGE_CURVE('',#3981,#4660,#5334,.T.);
#5334 = SURFACE_CURVE('',#5335,(#5339,#5346),.PCURVE_S1.);
#5335 = LINE('',#5336,#5337);
#5336 = CARTESIAN_POINT('',(-8.,-107.0495491932,110.));
#5337 = VECTOR('',#5338,1.);
#5338 = DIRECTION('',(0.,1.,0.));
#5339 = PCURVE('',#4023,#5340);
#5340 = DEFINITIONAL_REPRESENTATION('',(#5341),#5345);
#5341 = LINE('',#5342,#5343);
#5342 = CARTESIAN_POINT('',(6.,0.));
#5343 = VECTOR('',#5344,1.);
#5344 = DIRECTION('',(0.,-1.));
#5345 = ( GEOMETRIC_REPRESENTATION_CONTEXT(2) 
PARAMETRIC_REPRESENTATION_CONTEXT() REPRESENTATION_CONTEXT('2D SPACE',''
  ) );
#5346 = PCURVE('',#3997,#5347);
#5347 = DEFINITIONAL_REPRESENTATION('',(#5348),#5352);
#5348 = LINE('',#5349,#5350);
#5349 = CARTESIAN_POINT('',(0.,0.));
#5350 = VECTOR('',#5351,1.);
#5351 = DIRECTION('',(0.,1.));
#5352 = ( GEOMETRIC_REPRESENTATION_CONTEXT(2) 
PARAMETRIC_REPRESENTATION_CONTEXT() REPRESENTATION_CONTEXT('2D SPACE',''
  ) );
#5353 = ORIENTED_EDGE('',*,*,#4008,.T.);
#5354 = ORIENTED_EDGE('',*,*,#5259,.T.);
#5355 = ORIENTED_EDGE('',*,*,#4682,.F.);
#5356 = ADVANCED_FACE('',(#5357),#3997,.F.);
#5357 = FACE_BOUND('',#5358,.F.);
#5358 = EDGE_LOOP('',(#5359,#5360,#5361,#5362));
#5359 = ORIENTED_EDGE('',*,*,#5333,.F.);
#5360 = ORIENTED_EDGE('',*,*,#3980,.T.);
#5361 = ORIENTED_EDGE('',*,*,#5306,.T.);
#5362 = ORIENTED_EDGE('',*,*,#4659,.F.);
#5363 = ADVANCED_FACE('',(#5364),#3943,.T.);
#5364 = FACE_BOUND('',#5365,.T.);
#5365 = EDGE_LOOP('',(#5366,#5387,#5388,#5409));
#5366 = ORIENTED_EDGE('',*,*,#5367,.F.);
#5367 = EDGE_CURVE('',#3903,#4597,#5368,.T.);
#5368 = SURFACE_CURVE('',#5369,(#5373,#5380),.PCURVE_S1.);
#5369 = LINE('',#5370,#5371);
#5370 = CARTESIAN_POINT('',(-40.,-107.0495491932,103.));
#5371 = VECTOR('',#5372,1.);
#5372 = DIRECTION('',(0.,1.,0.));
#5373 = PCURVE('',#3943,#5374);
#5374 = DEFINITIONAL_REPRESENTATION('',(#5375),#5379);
#5375 = LINE('',#5376,#5377);
#5376 = CARTESIAN_POINT('',(0.,0.));
#5377 = VECTOR('',#5378,1.);
#5378 = DIRECTION('',(0.,1.));
#5379 = ( GEOMETRIC_REPRESENTATION_CONTEXT(2) 
PARAMETRIC_REPRESENTATION_CONTEXT() REPRESENTATION_CONTEXT('2D SPACE',''
  ) );
#5380 = PCURVE('',#3917,#5381);
#5381 = DEFINITIONAL_REPRESENTATION('',(#5382),#5386);
#5382 = LINE('',#5383,#5384);
#5383 = CARTESIAN_POINT('',(0.,0.));
#5384 = VECTOR('',#5385,1.);
#5385 = DIRECTION('',(0.,-1.));
#5386 = ( GEOMETRIC_REPRESENTATION_CONTEXT(2) 
PARAMETRIC_REPRESENTATION_CONTEXT() REPRESENTATION_CONTEXT('2D SPACE',''
  ) );
#5387 = ORIENTED_EDGE('',*,*,#3928,.T.);
#5388 = ORIENTED_EDGE('',*,*,#5389,.T.);
#5389 = EDGE_CURVE('',#3929,#4618,#5390,.T.);
#5390 = SURFACE_CURVE('',#5391,(#5395,#5402),.PCURVE_S1.);
#5391 = LINE('',#5392,#5393);
#5392 = CARTESIAN_POINT('',(-16.,-107.0495491932,103.));
#5393 = VECTOR('',#5394,1.);
#5394 = DIRECTION('',(0.,1.,0.));
#5395 = PCURVE('',#3943,#5396);
#5396 = DEFINITIONAL_REPRESENTATION('',(#5397),#5401);
#5397 = LINE('',#5398,#5399);
#5398 = CARTESIAN_POINT('',(24.,0.));
#5399 = VECTOR('',#5400,1.);
#5400 = DIRECTION('',(0.,1.));
#5401 = ( GEOMETRIC_REPRESENTATION_CONTEXT(2) 
PARAMETRIC_REPRESENTATION_CONTEXT() REPRESENTATION_CONTEXT('2D SPACE',''
  ) );
#5402 = PCURVE('',#3967,#5403);
#5403 = DEFINITIONAL_REPRESENTATION('',(#5404),#5408);
#5404 = LINE('',#5405,#5406);
#5405 = CARTESIAN_POINT('',(0.,0.));
#5406 = VECTOR('',#5407,1.);
#5407 = DIRECTION('',(0.,-1.));
#5408 = ( GEOMETRIC_REPRESENTATION_CONTEXT(2) 
PARAMETRIC_REPRESENTATION_CONTEXT() REPRESENTATION_CONTEXT('2D SPACE',''
  ) );
#5409 = ORIENTED_EDGE('',*,*,#4617,.F.);
#5410 = ADVANCED_FACE('',(#5411),#3967,.F.);
#5411 = FACE_BOUND('',#5412,.F.);
#5412 = EDGE_LOOP('',(#5413,#5434,#5435,#5436));
#5413 = ORIENTED_EDGE('',*,*,#5414,.F.);
#5414 = EDGE_CURVE('',#3877,#4576,#5415,.T.);
#5415 = SURFACE_CURVE('',#5416,(#5420,#5427),.PCURVE_S1.);
#5416 = LINE('',#5417,#5418);
#5417 = CARTESIAN_POINT('',(-16.,-107.0495491932,123.));
#5418 = VECTOR('',#5419,1.);
#5419 = DIRECTION('',(0.,1.,0.));
#5420 = PCURVE('',#3967,#5421);
#5421 = DEFINITIONAL_REPRESENTATION('',(#5422),#5426);
#5422 = LINE('',#5423,#5424);
#5423 = CARTESIAN_POINT('',(20.,0.));
#5424 = VECTOR('',#5425,1.);
#5425 = DIRECTION('',(0.,-1.));
#5426 = ( GEOMETRIC_REPRESENTATION_CONTEXT(2) 
PARAMETRIC_REPRESENTATION_CONTEXT() REPRESENTATION_CONTEXT('2D SPACE',''
  ) );
#5427 = PCURVE('',#3891,#5428);
#5428 = DEFINITIONAL_REPRESENTATION('',(#5429),#5433);
#5429 = LINE('',#5430,#5431);
#5430 = CARTESIAN_POINT('',(24.,0.));
#5431 = VECTOR('',#5432,1.);
#5432 = DIRECTION('',(0.,1.));
#5433 = ( GEOMETRIC_REPRESENTATION_CONTEXT(2) 
PARAMETRIC_REPRESENTATION_CONTEXT() REPRESENTATION_CONTEXT('2D SPACE',''
  ) );
#5434 = ORIENTED_EDGE('',*,*,#3954,.T.);
#5435 = ORIENTED_EDGE('',*,*,#5389,.T.);
#5436 = ORIENTED_EDGE('',*,*,#4638,.F.);
#5437 = ADVANCED_FACE('',(#5438),#3917,.T.);
#5438 = FACE_BOUND('',#5439,.T.);
#5439 = EDGE_LOOP('',(#5440,#5461,#5462,#5463));
#5440 = ORIENTED_EDGE('',*,*,#5441,.F.);
#5441 = EDGE_CURVE('',#3875,#4574,#5442,.T.);
#5442 = SURFACE_CURVE('',#5443,(#5447,#5454),.PCURVE_S1.);
#5443 = LINE('',#5444,#5445);
#5444 = CARTESIAN_POINT('',(-40.,-107.0495491932,123.));
#5445 = VECTOR('',#5446,1.);
#5446 = DIRECTION('',(0.,1.,0.));
#5447 = PCURVE('',#3917,#5448);
#5448 = DEFINITIONAL_REPRESENTATION('',(#5449),#5453);
#5449 = LINE('',#5450,#5451);
#5450 = CARTESIAN_POINT('',(20.,0.));
#5451 = VECTOR('',#5452,1.);
#5452 = DIRECTION('',(0.,-1.));
#5453 = ( GEOMETRIC_REPRESENTATION_CONTEXT(2) 
PARAMETRIC_REPRESENTATION_CONTEXT() REPRESENTATION_CONTEXT('2D SPACE',''
  ) );
#5454 = PCURVE('',#3891,#5455);
#5455 = DEFINITIONAL_REPRESENTATION('',(#5456),#5460);
#5456 = LINE('',#5457,#5458);
#5457 = CARTESIAN_POINT('',(0.,0.));
#5458 = VECTOR('',#5459,1.);
#5459 = DIRECTION('',(0.,1.));
#5460 = ( GEOMETRIC_REPRESENTATION_CONTEXT(2) 
PARAMETRIC_REPRESENTATION_CONTEXT() REPRESENTATION_CONTEXT('2D SPACE',''
  ) );
#5461 = ORIENTED_EDGE('',*,*,#3902,.T.);
#5462 = ORIENTED_EDGE('',*,*,#5367,.T.);
#5463 = ORIENTED_EDGE('',*,*,#4596,.F.);
#5464 = ADVANCED_FACE('',(#5465),#3891,.F.);
#5465 = FACE_BOUND('',#5466,.F.);
#5466 = EDGE_LOOP('',(#5467,#5468,#5469,#5470));
#5467 = ORIENTED_EDGE('',*,*,#5441,.F.);
#5468 = ORIENTED_EDGE('',*,*,#3874,.T.);
#5469 = ORIENTED_EDGE('',*,*,#5414,.T.);
#5470 = ORIENTED_EDGE('',*,*,#4573,.F.);
#5471 = ADVANCED_FACE('',(#5472),#3834,.T.);
#5472 = FACE_BOUND('',#5473,.T.);
#5473 = EDGE_LOOP('',(#5474,#5495,#5496,#5517));
#5474 = ORIENTED_EDGE('',*,*,#5475,.F.);
#5475 = EDGE_CURVE('',#3791,#4505,#5476,.T.);
#5476 = SURFACE_CURVE('',#5477,(#5481,#5488),.PCURVE_S1.);
#5477 = LINE('',#5478,#5479);
#5478 = CARTESIAN_POINT('',(-48.,-106.0495491932,140.));
#5479 = VECTOR('',#5480,1.);
#5480 = DIRECTION('',(0.,1.,0.));
#5481 = PCURVE('',#3834,#5482);
#5482 = DEFINITIONAL_REPRESENTATION('',(#5483),#5487);
#5483 = LINE('',#5484,#5485);
#5484 = CARTESIAN_POINT('',(0.,0.));
#5485 = VECTOR('',#5486,1.);
#5486 = DIRECTION('',(0.,1.));
#5487 = ( GEOMETRIC_REPRESENTATION_CONTEXT(2) 
PARAMETRIC_REPRESENTATION_CONTEXT() REPRESENTATION_CONTEXT('2D SPACE',''
  ) );
#5488 = PCURVE('',#3806,#5489);
#5489 = DEFINITIONAL_REPRESENTATION('',(#5490),#5494);
#5490 = LINE('',#5491,#5492);
#5491 = CARTESIAN_POINT('',(44.,0.));
#5492 = VECTOR('',#5493,1.);
#5493 = DIRECTION('',(0.,-1.));
#5494 = ( GEOMETRIC_REPRESENTATION_CONTEXT(2) 
PARAMETRIC_REPRESENTATION_CONTEXT() REPRESENTATION_CONTEXT('2D SPACE',''
  ) );
#5495 = ORIENTED_EDGE('',*,*,#3818,.T.);
#5496 = ORIENTED_EDGE('',*,*,#5497,.T.);
#5497 = EDGE_CURVE('',#3819,#4528,#5498,.T.);
#5498 = SURFACE_CURVE('',#5499,(#5503,#5510),.PCURVE_S1.);
#5499 = LINE('',#5500,#5501);
#5500 = CARTESIAN_POINT('',(48.,-106.0495491932,140.));
#5501 = VECTOR('',#5502,1.);
#5502 = DIRECTION('',(0.,1.,0.));
#5503 = PCURVE('',#3834,#5504);
#5504 = DEFINITIONAL_REPRESENTATION('',(#5505),#5509);
#5505 = LINE('',#5506,#5507);
#5506 = CARTESIAN_POINT('',(96.,0.));
#5507 = VECTOR('',#5508,1.);
#5508 = DIRECTION('',(0.,1.));
#5509 = ( GEOMETRIC_REPRESENTATION_CONTEXT(2) 
PARAMETRIC_REPRESENTATION_CONTEXT() REPRESENTATION_CONTEXT('2D SPACE',''
  ) );
#5510 = PCURVE('',#3860,#5511);
#5511 = DEFINITIONAL_REPRESENTATION('',(#5512),#5516);
#5512 = LINE('',#5513,#5514);
#5513 = CARTESIAN_POINT('',(44.,0.));
#5514 = VECTOR('',#5515,1.);
#5515 = DIRECTION('',(0.,-1.));
#5516 = ( GEOMETRIC_REPRESENTATION_CONTEXT(2) 
PARAMETRIC_REPRESENTATION_CONTEXT() REPRESENTATION_CONTEXT('2D SPACE',''
  ) );
#5517 = ORIENTED_EDGE('',*,*,#4527,.F.);
#5518 = ADVANCED_FACE('',(#5519),#3806,.F.);
#5519 = FACE_BOUND('',#5520,.F.);
#5520 = EDGE_LOOP('',(#5521,#5522,#5543,#5544));
#5521 = ORIENTED_EDGE('',*,*,#3790,.F.);
#5522 = ORIENTED_EDGE('',*,*,#5523,.T.);
#5523 = EDGE_CURVE('',#3756,#4480,#5524,.T.);
#5524 = SURFACE_CURVE('',#5525,(#5529,#5536),.PCURVE_S1.);
#5525 = LINE('',#5526,#5527);
#5526 = CARTESIAN_POINT('',(-48.,-106.0495491932,96.));
#5527 = VECTOR('',#5528,1.);
#5528 = DIRECTION('',(0.,1.,0.));
#5529 = PCURVE('',#3806,#5530);
#5530 = DEFINITIONAL_REPRESENTATION('',(#5531),#5535);
#5531 = LINE('',#5532,#5533);
#5532 = CARTESIAN_POINT('',(0.,0.));
#5533 = VECTOR('',#5534,1.);
#5534 = DIRECTION('',(0.,-1.));
#5535 = ( GEOMETRIC_REPRESENTATION_CONTEXT(2) 
PARAMETRIC_REPRESENTATION_CONTEXT() REPRESENTATION_CONTEXT('2D SPACE',''
  ) );
#5536 = PCURVE('',#3778,#5537);
#5537 = DEFINITIONAL_REPRESENTATION('',(#5538),#5542);
#5538 = LINE('',#5539,#5540);
#5539 = CARTESIAN_POINT('',(0.,0.));
#5540 = VECTOR('',#5541,1.);
#5541 = DIRECTION('',(0.,1.));
#5542 = ( GEOMETRIC_REPRESENTATION_CONTEXT(2) 
PARAMETRIC_REPRESENTATION_CONTEXT() REPRESENTATION_CONTEXT('2D SPACE',''
  ) );
#5543 = ORIENTED_EDGE('',*,*,#4504,.T.);
#5544 = ORIENTED_EDGE('',*,*,#5475,.F.);
#5545 = ADVANCED_FACE('',(#5546),#3860,.T.);
#5546 = FACE_BOUND('',#5547,.T.);
#5547 = EDGE_LOOP('',(#5548,#5549,#5570,#5571));
#5548 = ORIENTED_EDGE('',*,*,#3846,.F.);
#5549 = ORIENTED_EDGE('',*,*,#5550,.T.);
#5550 = EDGE_CURVE('',#3758,#4482,#5551,.T.);
#5551 = SURFACE_CURVE('',#5552,(#5556,#5563),.PCURVE_S1.);
#5552 = LINE('',#5553,#5554);
#5553 = CARTESIAN_POINT('',(48.,-106.0495491932,96.));
#5554 = VECTOR('',#5555,1.);
#5555 = DIRECTION('',(0.,1.,0.));
#5556 = PCURVE('',#3860,#5557);
#5557 = DEFINITIONAL_REPRESENTATION('',(#5558),#5562);
#5558 = LINE('',#5559,#5560);
#5559 = CARTESIAN_POINT('',(0.,0.));
#5560 = VECTOR('',#5561,1.);
#5561 = DIRECTION('',(0.,-1.));
#5562 = ( GEOMETRIC_REPRESENTATION_CONTEXT(2) 
PARAMETRIC_REPRESENTATION_CONTEXT() REPRESENTATION_CONTEXT('2D SPACE',''
  ) );
#5563 = PCURVE('',#3778,#5564);
#5564 = DEFINITIONAL_REPRESENTATION('',(#5565),#5569);
#5565 = LINE('',#5566,#5567);
#5566 = CARTESIAN_POINT('',(96.,0.));
#5567 = VECTOR('',#5568,1.);
#5568 = DIRECTION('',(0.,1.));
#5569 = ( GEOMETRIC_REPRESENTATION_CONTEXT(2) 
PARAMETRIC_REPRESENTATION_CONTEXT() REPRESENTATION_CONTEXT('2D SPACE',''
  ) );
#5570 = ORIENTED_EDGE('',*,*,#4550,.T.);
#5571 = ORIENTED_EDGE('',*,*,#5497,.F.);
#5572 = ADVANCED_FACE('',(#5573),#3778,.F.);
#5573 = FACE_BOUND('',#5574,.F.);
#5574 = EDGE_LOOP('',(#5575,#5576,#5577,#5578));
#5575 = ORIENTED_EDGE('',*,*,#5523,.F.);
#5576 = ORIENTED_EDGE('',*,*,#3755,.T.);
#5577 = ORIENTED_EDGE('',*,*,#5550,.T.);
#5578 = ORIENTED_EDGE('',*,*,#4479,.F.);
#5579 = ( GEOMETRIC_REPRESENTATION_CONTEXT(3) 
GLOBAL_UNCERTAINTY_ASSIGNED_CONTEXT((#5583)) 
GLOBAL_UNIT_ASSIGNED_CONTEXT((#5580,#5581,#5582)) REPRESENTATION_CONTEXT
('Context #1','3D Context with UNIT and UNCERTAINTY') );
#5580 = ( LENGTH_UNIT() NAMED_UNIT(*) SI_UNIT(.MILLI.,.METRE.) );
#5581 = ( NAMED_UNIT(*) PLANE_ANGLE_UNIT() SI_UNIT($,.RADIAN.) );
#5582 = ( NAMED_UNIT(*) SI_UNIT($,.STERADIAN.) SOLID_ANGLE_UNIT() );
#5583 = UNCERTAINTY_MEASURE_WITH_UNIT(LENGTH_MEASURE(2.E-07),#5580,
  'distance_accuracy_value','confusion accuracy');
#5584 = CONTEXT_DEPENDENT_SHAPE_REPRESENTATION(#5585,#5587);
#5585 = ( REPRESENTATION_RELATIONSHIP('','',#3748,#10) 
REPRESENTATION_RELATIONSHIP_WITH_TRANSFORMATION(#5586) 
SHAPE_REPRESENTATION_RELATIONSHIP() );
#5586 = ITEM_DEFINED_TRANSFORMATION('','',#11,#19);
#5587 = PRODUCT_DEFINITION_SHAPE('Placement','Placement of an item',
  #5588);
#5588 = NEXT_ASSEMBLY_USAGE_OCCURRENCE('2','','',#5,#3743,$);
#5589 = PRODUCT_RELATED_PRODUCT_CATEGORY('part',$,(#3745));
ENDSEC;
END-ISO-10303-21;
