ISO-10303-21;
HEADER;
FILE_DESCRIPTION(('Open CASCADE Model'),'2;1');
FILE_NAME('Open CASCADE Shape Model','2026-10-08T06:35:16',('Author'),(
    'Open CASCADE'),'Open CASCADE STEP processor 7.9','Open CASCADE 7.9'
  ,'Unknown');
FILE_SCHEMA(('AUTOMOTIVE_DESIGN { 1 0 10303 214 1 1 1 1 }'));
ENDSEC;
DATA;
#1 = APPLICATION_PROTOCOL_DEFINITION('international standard',
  'automotive_design',2000,#2);
#2 = APPLICATION_CONTEXT(
  'core data for automotive mechanical design processes');
#3 = SHAPE_DEFINITION_REPRESENTATION(#4,#10);
#4 = PRODUCT_DEFINITION_SHAPE('','',#5);
#5 = PRODUCT_DEFINITION('design','',#6,#9);
#6 = PRODUCT_DEFINITION_FORMATION('','',#7);
#7 = PRODUCT('Open CASCADE STEP translator 7.9 6',
  'Open CASCADE STEP translator 7.9 6','',(#8));
#8 = PRODUCT_CONTEXT('',#2,'mechanical');
#9 = PRODUCT_DEFINITION_CONTEXT('part definition',#2,'design');
#10 = ADVANCED_BREP_SHAPE_REPRESENTATION('',(#11,#15),#11768);
#11 = AXIS2_PLACEMENT_3D('',#12,#13,#14);
#12 = CARTESIAN_POINT('',(0.,0.,0.));
#13 = DIRECTION('',(0.,0.,1.));
#14 = DIRECTION('',(1.,0.,-0.));
#15 = MANIFOLD_SOLID_BREP('',#16);
#16 = CLOSED_SHELL('',(#17,#85,#4493,#7663,#7670,#7774,#7823,#7872,#7922
    ,#8026,#8075,#8124,#8174,#8278,#8327,#8399,#8426,#8473,#8500,#8527,
    #8534,#8581,#8608,#8635,#8642,#8689,#8716,#8743,#8750,#8797,#8824,
    #8851,#8858,#8905,#8932,#8959,#8966,#9013,#9040,#9067,#9074,#9121,
    #9148,#9175,#9182,#9229,#9256,#9283,#9290,#9337,#9364,#9391,#9398,
    #9445,#9472,#9499,#9506,#9553,#9580,#9607,#9614,#9661,#9688,#9715,
    #9722,#9769,#9796,#9823,#9830,#9877,#9904,#9931,#9938,#9985,#10012,
    #10039,#10046,#10093,#10120,#10147,#10154,#10201,#10228,#10255,
    #10262,#10309,#10336,#10363,#10370,#10417,#10444,#10471,#10478,
    #10525,#10552,#10579,#10586,#10633,#10660,#10687,#10694,#10741,
    #10768,#10795,#10802,#10849,#10876,#10903,#10910,#10957,#10984,
    #11011,#11018,#11065,#11092,#11119,#11126,#11173,#11200,#11227,
    #11234,#11281,#11308,#11335,#11342,#11389,#11416,#11443,#11450,
    #11497,#11524,#11551,#11558,#11605,#11632,#11659,#11666,#11693,
    #11700,#11727,#11734,#11761));
#17 = ADVANCED_FACE('',(#18,#54),#31,.F.);
#18 = FACE_BOUND('',#19,.T.);
#19 = EDGE_LOOP('',(#20));
#20 = ORIENTED_EDGE('',*,*,#21,.T.);
#21 = EDGE_CURVE('',#22,#22,#24,.T.);
#22 = VERTEX_POINT('',#23);
#23 = CARTESIAN_POINT('',(110.,0.,-9.));
#24 = SURFACE_CURVE('',#25,(#30,#42),.PCURVE_S1.);
#25 = CIRCLE('',#26,110.);
#26 = AXIS2_PLACEMENT_3D('',#27,#28,#29);
#27 = CARTESIAN_POINT('',(0.,0.,-9.));
#28 = DIRECTION('',(0.,0.,1.));
#29 = DIRECTION('',(1.,0.,-0.));
#30 = PCURVE('',#31,#36);
#31 = PLANE('',#32);
#32 = AXIS2_PLACEMENT_3D('',#33,#34,#35);
#33 = CARTESIAN_POINT('',(0.,0.,-9.));
#34 = DIRECTION('',(0.,0.,1.));
#35 = DIRECTION('',(1.,0.,-0.));
#36 = DEFINITIONAL_REPRESENTATION('',(#37),#41);
#37 = CIRCLE('',#38,110.);
#38 = AXIS2_PLACEMENT_2D('',#39,#40);
#39 = CARTESIAN_POINT('',(0.,0.));
#40 = DIRECTION('',(1.,-0.));
#41 = ( GEOMETRIC_REPRESENTATION_CONTEXT(2) 
PARAMETRIC_REPRESENTATION_CONTEXT() REPRESENTATION_CONTEXT('2D SPACE',''
  ) );
#42 = PCURVE('',#43,#48);
#43 = CONICAL_SURFACE('',#44,94.170212706335,0.312473414102);
#44 = AXIS2_PLACEMENT_3D('',#45,#46,#47);
#45 = CARTESIAN_POINT('',(0.,0.,40.));
#46 = DIRECTION('',(-0.,-0.,-1.));
#47 = DIRECTION('',(1.,0.,0.));
#48 = DEFINITIONAL_REPRESENTATION('',(#49),#53);
#49 = LINE('',#50,#51);
#50 = CARTESIAN_POINT('',(-0.,49.));
#51 = VECTOR('',#52,1.);
#52 = DIRECTION('',(-1.,0.));
#53 = ( GEOMETRIC_REPRESENTATION_CONTEXT(2) 
PARAMETRIC_REPRESENTATION_CONTEXT() REPRESENTATION_CONTEXT('2D SPACE',''
  ) );
#54 = FACE_BOUND('',#55,.T.);
#55 = EDGE_LOOP('',(#56));
#56 = ORIENTED_EDGE('',*,*,#57,.F.);
#57 = EDGE_CURVE('',#58,#58,#60,.T.);
#58 = VERTEX_POINT('',#59);
#59 = CARTESIAN_POINT('',(112.,0.,-9.));
#60 = SURFACE_CURVE('',#61,(#66,#73),.PCURVE_S1.);
#61 = CIRCLE('',#62,112.);
#62 = AXIS2_PLACEMENT_3D('',#63,#64,#65);
#63 = CARTESIAN_POINT('',(0.,0.,-9.));
#64 = DIRECTION('',(0.,0.,1.));
#65 = DIRECTION('',(1.,0.,-0.));
#66 = PCURVE('',#31,#67);
#67 = DEFINITIONAL_REPRESENTATION('',(#68),#72);
#68 = CIRCLE('',#69,112.);
#69 = AXIS2_PLACEMENT_2D('',#70,#71);
#70 = CARTESIAN_POINT('',(0.,0.));
#71 = DIRECTION('',(1.,-0.));
#72 = ( GEOMETRIC_REPRESENTATION_CONTEXT(2) 
PARAMETRIC_REPRESENTATION_CONTEXT() REPRESENTATION_CONTEXT('2D SPACE',''
  ) );
#73 = PCURVE('',#74,#79);
#74 = CONICAL_SURFACE('',#75,112.,0.312473414102);
#75 = AXIS2_PLACEMENT_3D('',#76,#77,#78);
#76 = CARTESIAN_POINT('',(0.,0.,-9.));
#77 = DIRECTION('',(-0.,-0.,-1.));
#78 = DIRECTION('',(1.,0.,-0.));
#79 = DEFINITIONAL_REPRESENTATION('',(#80),#84);
#80 = LINE('',#81,#82);
#81 = CARTESIAN_POINT('',(-0.,-0.));
#82 = VECTOR('',#83,1.);
#83 = DIRECTION('',(-1.,-0.));
#84 = ( GEOMETRIC_REPRESENTATION_CONTEXT(2) 
PARAMETRIC_REPRESENTATION_CONTEXT() REPRESENTATION_CONTEXT('2D SPACE',''
  ) );
#85 = ADVANCED_FACE('',(#86,#140,#271,#402,#533,#665,#797,#929,#1061,
    #1193,#1325,#1457,#1589,#1721,#1853,#1985,#2117,#2249,#2381,#2513,
    #2645,#2777,#2909,#3041,#3173,#3305,#3437,#3569,#3701,#3833,#3965,
    #4097,#4229,#4361),#43,.F.);
#86 = FACE_BOUND('',#87,.T.);
#87 = EDGE_LOOP('',(#88,#111,#138,#139));
#88 = ORIENTED_EDGE('',*,*,#89,.F.);
#89 = EDGE_CURVE('',#90,#22,#92,.T.);
#90 = VERTEX_POINT('',#91);
#91 = CARTESIAN_POINT('',(94.170212706335,0.,40.));
#92 = SEAM_CURVE('',#93,(#97,#104),.PCURVE_S1.);
#93 = LINE('',#94,#95);
#94 = CARTESIAN_POINT('',(94.170212706335,0.,40.));
#95 = VECTOR('',#96,1.);
#96 = DIRECTION('',(0.307413216183,0.,-0.951576121241));
#97 = PCURVE('',#43,#98);
#98 = DEFINITIONAL_REPRESENTATION('',(#99),#103);
#99 = LINE('',#100,#101);
#100 = CARTESIAN_POINT('',(-0.,0.));
#101 = VECTOR('',#102,1.);
#102 = DIRECTION('',(-0.,1.));
#103 = ( GEOMETRIC_REPRESENTATION_CONTEXT(2) 
PARAMETRIC_REPRESENTATION_CONTEXT() REPRESENTATION_CONTEXT('2D SPACE',''
  ) );
#104 = PCURVE('',#43,#105);
#105 = DEFINITIONAL_REPRESENTATION('',(#106),#110);
#106 = LINE('',#107,#108);
#107 = CARTESIAN_POINT('',(-6.28318530718,0.));
#108 = VECTOR('',#109,1.);
#109 = DIRECTION('',(-0.,1.));
#110 = ( GEOMETRIC_REPRESENTATION_CONTEXT(2) 
PARAMETRIC_REPRESENTATION_CONTEXT() REPRESENTATION_CONTEXT('2D SPACE',''
  ) );
#111 = ORIENTED_EDGE('',*,*,#112,.T.);
#112 = EDGE_CURVE('',#90,#90,#113,.T.);
#113 = SURFACE_CURVE('',#114,(#119,#126),.PCURVE_S1.);
#114 = CIRCLE('',#115,94.170212706335);
#115 = AXIS2_PLACEMENT_3D('',#116,#117,#118);
#116 = CARTESIAN_POINT('',(0.,0.,40.));
#117 = DIRECTION('',(0.,0.,1.));
#118 = DIRECTION('',(1.,0.,-0.));
#119 = PCURVE('',#43,#120);
#120 = DEFINITIONAL_REPRESENTATION('',(#121),#125);
#121 = LINE('',#122,#123);
#122 = CARTESIAN_POINT('',(-0.,0.));
#123 = VECTOR('',#124,1.);
#124 = DIRECTION('',(-1.,0.));
#125 = ( GEOMETRIC_REPRESENTATION_CONTEXT(2) 
PARAMETRIC_REPRESENTATION_CONTEXT() REPRESENTATION_CONTEXT('2D SPACE',''
  ) );
#126 = PCURVE('',#127,#132);
#127 = PLANE('',#128);
#128 = AXIS2_PLACEMENT_3D('',#129,#130,#131);
#129 = CARTESIAN_POINT('',(0.,0.,40.));
#130 = DIRECTION('',(0.,0.,1.));
#131 = DIRECTION('',(1.,0.,-0.));
#132 = DEFINITIONAL_REPRESENTATION('',(#133),#137);
#133 = CIRCLE('',#134,94.170212706335);
#134 = AXIS2_PLACEMENT_2D('',#135,#136);
#135 = CARTESIAN_POINT('',(0.,0.));
#136 = DIRECTION('',(1.,0.));
#137 = ( GEOMETRIC_REPRESENTATION_CONTEXT(2) 
PARAMETRIC_REPRESENTATION_CONTEXT() REPRESENTATION_CONTEXT('2D SPACE',''
  ) );
#138 = ORIENTED_EDGE('',*,*,#89,.T.);
#139 = ORIENTED_EDGE('',*,*,#21,.F.);
#140 = FACE_BOUND('',#141,.T.);
#141 = EDGE_LOOP('',(#142,#176,#208,#240));
#142 = ORIENTED_EDGE('',*,*,#143,.F.);
#143 = EDGE_CURVE('',#144,#146,#148,.T.);
#144 = VERTEX_POINT('',#145);
#145 = CARTESIAN_POINT('',(51.000396421185,84.335277807647,
    26.421049473805));
#146 = VERTEX_POINT('',#147);
#147 = CARTESIAN_POINT('',(50.745298199747,83.893434727196,28.));
#148 = SURFACE_CURVE('',#149,(#154,#164),.PCURVE_S1.);
#149 = HYPERBOLA('',#150,6.190860191736,2.);
#150 = AXIS2_PLACEMENT_3D('',#151,#152,#153);
#151 = CARTESIAN_POINT('',(1.732050807569,-1.,331.49731054548));
#152 = DIRECTION('',(-0.866025403784,0.5,0.));
#153 = DIRECTION('',(0.,0.,-1.));
#154 = PCURVE('',#43,#155);
#155 = DEFINITIONAL_REPRESENTATION('',(#156),#163);
#156 = B_SPLINE_CURVE_WITH_KNOTS('',5,(#157,#158,#159,#160,#161,#162),
  .UNSPECIFIED.,.F.,.F.,(6,6),(-4.606859634271,-4.583362525165),
  .PIECEWISE_BEZIER_KNOTS.);
#157 = CARTESIAN_POINT('',(-1.027231974893,18.6));
#158 = CARTESIAN_POINT('',(-1.027138154461,17.14301237566));
#159 = CARTESIAN_POINT('',(-1.027043783012,15.694585206759));
#160 = CARTESIAN_POINT('',(-1.026948856233,14.254651458015));
#161 = CARTESIAN_POINT('',(-1.026853369759,12.823144881833));
#162 = CARTESIAN_POINT('',(-1.026757319175,11.4));
#163 = ( GEOMETRIC_REPRESENTATION_CONTEXT(2) 
PARAMETRIC_REPRESENTATION_CONTEXT() REPRESENTATION_CONTEXT('2D SPACE',''
  ) );
#164 = PCURVE('',#165,#170);
#165 = PLANE('',#166);
#166 = AXIS2_PLACEMENT_3D('',#167,#168,#169);
#167 = CARTESIAN_POINT('',(35.0355242993,56.683308156202,22.));
#168 = DIRECTION('',(-0.866025403784,0.5,0.));
#169 = DIRECTION('',(0.,0.,1.));
#170 = DEFINITIONAL_REPRESENTATION('',(#171),#175);
#171 = ( BOUNDED_CURVE() B_SPLINE_CURVE(2,(#172,#173,#174),
.UNSPECIFIED.,.F.,.F.) B_SPLINE_CURVE_WITH_KNOTS((3,3),(-4.606859634271,
-4.583362525165),.PIECEWISE_BEZIER_KNOTS.) CURVE() 
GEOMETRIC_REPRESENTATION_ITEM() RATIONAL_B_SPLINE_CURVE((1.,
1.000069015061,1.)) REPRESENTATION_ITEM('') );
#172 = CARTESIAN_POINT('',(-0.6,33.552157517233));
#173 = CARTESIAN_POINT('',(3.042301481882,32.375252387905));
#174 = CARTESIAN_POINT('',(6.6,31.225673251559));
#175 = ( GEOMETRIC_REPRESENTATION_CONTEXT(2) 
PARAMETRIC_REPRESENTATION_CONTEXT() REPRESENTATION_CONTEXT('2D SPACE',''
  ) );
#176 = ORIENTED_EDGE('',*,*,#177,.T.);
#177 = EDGE_CURVE('',#144,#178,#180,.T.);
#178 = VERTEX_POINT('',#179);
#179 = CARTESIAN_POINT('',(47.536294806047,86.335277807647,
    26.421049473805));
#180 = SURFACE_CURVE('',#181,(#186,#196),.PCURVE_S1.);
#181 = HYPERBOLA('',#182,305.01343957202,98.536691227232);
#182 = AXIS2_PLACEMENT_3D('',#183,#184,#185);
#183 = CARTESIAN_POINT('',(49.268345613616,85.335277807647,
    331.49731054548));
#184 = DIRECTION('',(0.5,0.866025403784,0.));
#185 = DIRECTION('',(0.,0.,-1.));
#186 = PCURVE('',#43,#187);
#187 = DEFINITIONAL_REPRESENTATION('',(#188),#195);
#188 = B_SPLINE_CURVE_WITH_KNOTS('',5,(#189,#190,#191,#192,#193,#194),
  .UNSPECIFIED.,.F.,.F.,(6,6),(-2.435400194144E-02,2.435400194144E-02),
  .PIECEWISE_BEZIER_KNOTS.);
#189 = CARTESIAN_POINT('',(-1.022845956362,13.606587888209));
#190 = CARTESIAN_POINT('',(-1.032584668896,13.534217222067));
#191 = CARTESIAN_POINT('',(-1.042326268959,13.49803904264));
#192 = CARTESIAN_POINT('',(-1.052068833434,13.49803904264));
#193 = CARTESIAN_POINT('',(-1.061810433497,13.534217222067));
#194 = CARTESIAN_POINT('',(-1.071549146031,13.606587888209));
#195 = ( GEOMETRIC_REPRESENTATION_CONTEXT(2) 
PARAMETRIC_REPRESENTATION_CONTEXT() REPRESENTATION_CONTEXT('2D SPACE',''
  ) );
#196 = PCURVE('',#197,#202);
#197 = PLANE('',#198);
#198 = AXIS2_PLACEMENT_3D('',#199,#200,#201);
#199 = CARTESIAN_POINT('',(51.000396421185,84.335277807647,22.));
#200 = DIRECTION('',(0.5,0.866025403784,0.));
#201 = DIRECTION('',(0.,0.,1.));
#202 = DEFINITIONAL_REPRESENTATION('',(#203),#207);
#203 = ( BOUNDED_CURVE() B_SPLINE_CURVE(2,(#204,#205,#206),
.UNSPECIFIED.,.F.,.F.) B_SPLINE_CURVE_WITH_KNOTS((3,3),(
    -2.435400194144E-02,2.435400194144E-02),.PIECEWISE_BEZIER_KNOTS.) 
CURVE() GEOMETRIC_REPRESENTATION_ITEM() RATIONAL_B_SPLINE_CURVE((1.,
1.000296573363,1.)) REPRESENTATION_ITEM('') );
#204 = CARTESIAN_POINT('',(4.393412111791,0.4));
#205 = CARTESIAN_POINT('',(4.574303015379,-2.));
#206 = CARTESIAN_POINT('',(4.393412111791,-4.4));
#207 = ( GEOMETRIC_REPRESENTATION_CONTEXT(2) 
PARAMETRIC_REPRESENTATION_CONTEXT() REPRESENTATION_CONTEXT('2D SPACE',''
  ) );
#208 = ORIENTED_EDGE('',*,*,#209,.T.);
#209 = EDGE_CURVE('',#178,#210,#212,.T.);
#210 = VERTEX_POINT('',#211);
#211 = CARTESIAN_POINT('',(47.28119658461,85.893434727196,28.));
#212 = SURFACE_CURVE('',#213,(#218,#228),.PCURVE_S1.);
#213 = HYPERBOLA('',#214,6.190860191736,2.);
#214 = AXIS2_PLACEMENT_3D('',#215,#216,#217);
#215 = CARTESIAN_POINT('',(-1.732050807569,1.,331.49731054548));
#216 = DIRECTION('',(-0.866025403784,0.5,0.));
#217 = DIRECTION('',(0.,0.,-1.));
#218 = PCURVE('',#43,#219);
#219 = DEFINITIONAL_REPRESENTATION('',(#220),#227);
#220 = B_SPLINE_CURVE_WITH_KNOTS('',5,(#221,#222,#223,#224,#225,#226),
  .UNSPECIFIED.,.F.,.F.,(6,6),(-4.606859634271,-4.583362525165),
  .PIECEWISE_BEZIER_KNOTS.);
#221 = CARTESIAN_POINT('',(-1.067163127501,18.6));
#222 = CARTESIAN_POINT('',(-1.067256947932,17.14301237566));
#223 = CARTESIAN_POINT('',(-1.067351319381,15.694585206759));
#224 = CARTESIAN_POINT('',(-1.06744624616,14.254651458015));
#225 = CARTESIAN_POINT('',(-1.067541732634,12.823144881833));
#226 = CARTESIAN_POINT('',(-1.067637783218,11.4));
#227 = ( GEOMETRIC_REPRESENTATION_CONTEXT(2) 
PARAMETRIC_REPRESENTATION_CONTEXT() REPRESENTATION_CONTEXT('2D SPACE',''
  ) );
#228 = PCURVE('',#229,#234);
#229 = PLANE('',#230);
#230 = AXIS2_PLACEMENT_3D('',#231,#232,#233);
#231 = CARTESIAN_POINT('',(31.571422684163,58.683308156202,22.));
#232 = DIRECTION('',(-0.866025403784,0.5,0.));
#233 = DIRECTION('',(0.,0.,1.));
#234 = DEFINITIONAL_REPRESENTATION('',(#235),#239);
#235 = ( BOUNDED_CURVE() B_SPLINE_CURVE(2,(#236,#237,#238),
.UNSPECIFIED.,.F.,.F.) B_SPLINE_CURVE_WITH_KNOTS((3,3),(-4.606859634271,
-4.583362525165),.PIECEWISE_BEZIER_KNOTS.) CURVE() 
GEOMETRIC_REPRESENTATION_ITEM() RATIONAL_B_SPLINE_CURVE((1.,
1.000069015061,1.)) REPRESENTATION_ITEM('') );
#236 = CARTESIAN_POINT('',(-0.6,33.552157517233));
#237 = CARTESIAN_POINT('',(3.042301481882,32.375252387905));
#238 = CARTESIAN_POINT('',(6.6,31.225673251559));
#239 = ( GEOMETRIC_REPRESENTATION_CONTEXT(2) 
PARAMETRIC_REPRESENTATION_CONTEXT() REPRESENTATION_CONTEXT('2D SPACE',''
  ) );
#240 = ORIENTED_EDGE('',*,*,#241,.T.);
#241 = EDGE_CURVE('',#210,#146,#242,.T.);
#242 = SURFACE_CURVE('',#243,(#248,#255),.PCURVE_S1.);
#243 = CIRCLE('',#244,98.046895308865);
#244 = AXIS2_PLACEMENT_3D('',#245,#246,#247);
#245 = CARTESIAN_POINT('',(0.,0.,28.));
#246 = DIRECTION('',(0.,0.,-1.));
#247 = DIRECTION('',(1.,0.,0.));
#248 = PCURVE('',#43,#249);
#249 = DEFINITIONAL_REPRESENTATION('',(#250),#254);
#250 = LINE('',#251,#252);
#251 = CARTESIAN_POINT('',(-6.28318530718,12.));
#252 = VECTOR('',#253,1.);
#253 = DIRECTION('',(1.,-0.));
#254 = ( GEOMETRIC_REPRESENTATION_CONTEXT(2) 
PARAMETRIC_REPRESENTATION_CONTEXT() REPRESENTATION_CONTEXT('2D SPACE',''
  ) );
#255 = PCURVE('',#256,#261);
#256 = PLANE('',#257);
#257 = AXIS2_PLACEMENT_3D('',#258,#259,#260);
#258 = CARTESIAN_POINT('',(35.0355242993,56.683308156202,28.));
#259 = DIRECTION('',(0.,0.,1.));
#260 = DIRECTION('',(0.5,0.866025403784,0.));
#261 = DEFINITIONAL_REPRESENTATION('',(#262),#270);
#262 = ( BOUNDED_CURVE() B_SPLINE_CURVE(2,(#263,#264,#265,#266,#267,#268
,#269),.UNSPECIFIED.,.T.,.F.) B_SPLINE_CURVE_WITH_KNOTS((1,2,2,2,2,1),(
    -2.094395102393,0.,2.094395102393,4.188790204786,6.28318530718,
8.377580409573),.UNSPECIFIED.) CURVE() GEOMETRIC_REPRESENTATION_ITEM() 
RATIONAL_B_SPLINE_CURVE((1.,0.5,1.,0.5,1.,0.5,1.)) REPRESENTATION_ITEM(
  '') );
#263 = CARTESIAN_POINT('',(-17.58349932903,-82.91110209967));
#264 = CARTESIAN_POINT('',(-164.6538422923,-167.8222041993));
#265 = CARTESIAN_POINT('',(-164.6538422923,2.));
#266 = CARTESIAN_POINT('',(-164.6538422923,171.82220419934));
#267 = CARTESIAN_POINT('',(-17.58349932903,86.911102099671));
#268 = CARTESIAN_POINT('',(129.48684363426,2.));
#269 = CARTESIAN_POINT('',(-17.58349932903,-82.91110209967));
#270 = ( GEOMETRIC_REPRESENTATION_CONTEXT(2) 
PARAMETRIC_REPRESENTATION_CONTEXT() REPRESENTATION_CONTEXT('2D SPACE',''
  ) );
#271 = FACE_BOUND('',#272,.T.);
#272 = EDGE_LOOP('',(#273,#307,#339,#371));
#273 = ORIENTED_EDGE('',*,*,#274,.F.);
#274 = EDGE_CURVE('',#275,#277,#279,.T.);
#275 = VERTEX_POINT('',#276);
#276 = CARTESIAN_POINT('',(-98.53669122723,2.,26.421049473805));
#277 = VERTEX_POINT('',#278);
#278 = CARTESIAN_POINT('',(-98.02649478435,2.,28.));
#279 = SURFACE_CURVE('',#280,(#285,#295),.PCURVE_S1.);
#280 = HYPERBOLA('',#281,6.190860191736,2.);
#281 = AXIS2_PLACEMENT_3D('',#282,#283,#284);
#282 = CARTESIAN_POINT('',(2.449293598295E-16,2.,331.49731054548));
#283 = DIRECTION('',(-1.224646799147E-16,-1.,0.));
#284 = DIRECTION('',(0.,-0.,-1.));
#285 = PCURVE('',#43,#286);
#286 = DEFINITIONAL_REPRESENTATION('',(#287),#294);
#287 = B_SPLINE_CURVE_WITH_KNOTS('',5,(#288,#289,#290,#291,#292,#293),
  .UNSPECIFIED.,.F.,.F.,(6,6),(-4.606859634271,-4.583362525165),
  .PIECEWISE_BEZIER_KNOTS.);
#288 = CARTESIAN_POINT('',(-3.121627077286,18.6));
#289 = CARTESIAN_POINT('',(-3.121533256854,17.14301237566));
#290 = CARTESIAN_POINT('',(-3.121438885405,15.694585206759));
#291 = CARTESIAN_POINT('',(-3.121343958626,14.254651458015));
#292 = CARTESIAN_POINT('',(-3.121248472152,12.823144881833));
#293 = CARTESIAN_POINT('',(-3.121152421569,11.4));
#294 = ( GEOMETRIC_REPRESENTATION_CONTEXT(2) 
PARAMETRIC_REPRESENTATION_CONTEXT() REPRESENTATION_CONTEXT('2D SPACE',''
  ) );
#295 = PCURVE('',#296,#301);
#296 = PLANE('',#297);
#297 = AXIS2_PLACEMENT_3D('',#298,#299,#300);
#298 = CARTESIAN_POINT('',(-66.60694698346,2.,22.));
#299 = DIRECTION('',(-1.224646799147E-16,-1.,0.));
#300 = DIRECTION('',(0.,0.,1.));
#301 = DEFINITIONAL_REPRESENTATION('',(#302),#306);
#302 = ( BOUNDED_CURVE() B_SPLINE_CURVE(2,(#303,#304,#305),
.UNSPECIFIED.,.F.,.F.) B_SPLINE_CURVE_WITH_KNOTS((3,3),(-4.606859634271,
-4.583362525165),.PIECEWISE_BEZIER_KNOTS.) CURVE() 
GEOMETRIC_REPRESENTATION_ITEM() RATIONAL_B_SPLINE_CURVE((1.,
1.000069015061,1.)) REPRESENTATION_ITEM('') );
#303 = CARTESIAN_POINT('',(-0.6,33.552157517233));
#304 = CARTESIAN_POINT('',(3.042301481882,32.375252387905));
#305 = CARTESIAN_POINT('',(6.6,31.225673251559));
#306 = ( GEOMETRIC_REPRESENTATION_CONTEXT(2) 
PARAMETRIC_REPRESENTATION_CONTEXT() REPRESENTATION_CONTEXT('2D SPACE',''
  ) );
#307 = ORIENTED_EDGE('',*,*,#308,.T.);
#308 = EDGE_CURVE('',#275,#309,#311,.T.);
#309 = VERTEX_POINT('',#310);
#310 = CARTESIAN_POINT('',(-98.53669122723,-2.,26.421049473805));
#311 = SURFACE_CURVE('',#312,(#317,#327),.PCURVE_S1.);
#312 = HYPERBOLA('',#313,305.01343957202,98.536691227232);
#313 = AXIS2_PLACEMENT_3D('',#314,#315,#316);
#314 = CARTESIAN_POINT('',(-98.53669122723,1.2067264351E-14,
    331.49731054548));
#315 = DIRECTION('',(-1.,1.224646799147E-16,0.));
#316 = DIRECTION('',(0.,0.,-1.));
#317 = PCURVE('',#43,#318);
#318 = DEFINITIONAL_REPRESENTATION('',(#319),#326);
#319 = B_SPLINE_CURVE_WITH_KNOTS('',5,(#320,#321,#322,#323,#324,#325),
  .UNSPECIFIED.,.F.,.F.,(6,6),(-2.435400194144E-02,2.435400194144E-02),
  .PIECEWISE_BEZIER_KNOTS.);
#320 = CARTESIAN_POINT('',(-3.117241058755,13.606587888208));
#321 = CARTESIAN_POINT('',(-3.126979771289,13.534217222067));
#322 = CARTESIAN_POINT('',(-3.136721371352,13.49803904264));
#323 = CARTESIAN_POINT('',(-3.146463935828,13.49803904264));
#324 = CARTESIAN_POINT('',(-3.156205535891,13.534217222067));
#325 = CARTESIAN_POINT('',(-3.165944248424,13.606587888208));
#326 = ( GEOMETRIC_REPRESENTATION_CONTEXT(2) 
PARAMETRIC_REPRESENTATION_CONTEXT() REPRESENTATION_CONTEXT('2D SPACE',''
  ) );
#327 = PCURVE('',#328,#333);
#328 = PLANE('',#329);
#329 = AXIS2_PLACEMENT_3D('',#330,#331,#332);
#330 = CARTESIAN_POINT('',(-98.53669122723,2.,22.));
#331 = DIRECTION('',(-1.,1.224646799147E-16,0.));
#332 = DIRECTION('',(0.,0.,1.));
#333 = DEFINITIONAL_REPRESENTATION('',(#334),#338);
#334 = ( BOUNDED_CURVE() B_SPLINE_CURVE(2,(#335,#336,#337),
.UNSPECIFIED.,.F.,.F.) B_SPLINE_CURVE_WITH_KNOTS((3,3),(
    -2.435400194144E-02,2.435400194144E-02),.PIECEWISE_BEZIER_KNOTS.) 
CURVE() GEOMETRIC_REPRESENTATION_ITEM() RATIONAL_B_SPLINE_CURVE((1.,
1.000296573363,1.)) REPRESENTATION_ITEM('') );
#335 = CARTESIAN_POINT('',(4.393412111792,0.4));
#336 = CARTESIAN_POINT('',(4.574303015379,-2.));
#337 = CARTESIAN_POINT('',(4.393412111792,-4.4));
#338 = ( GEOMETRIC_REPRESENTATION_CONTEXT(2) 
PARAMETRIC_REPRESENTATION_CONTEXT() REPRESENTATION_CONTEXT('2D SPACE',''
  ) );
#339 = ORIENTED_EDGE('',*,*,#340,.T.);
#340 = EDGE_CURVE('',#309,#341,#343,.T.);
#341 = VERTEX_POINT('',#342);
#342 = CARTESIAN_POINT('',(-98.02649478435,-2.,28.));
#343 = SURFACE_CURVE('',#344,(#349,#359),.PCURVE_S1.);
#344 = HYPERBOLA('',#345,6.190860191736,2.);
#345 = AXIS2_PLACEMENT_3D('',#346,#347,#348);
#346 = CARTESIAN_POINT('',(-2.449293598295E-16,-2.,331.49731054548));
#347 = DIRECTION('',(-1.224646799147E-16,-1.,0.));
#348 = DIRECTION('',(0.,-0.,-1.));
#349 = PCURVE('',#43,#350);
#350 = DEFINITIONAL_REPRESENTATION('',(#351),#358);
#351 = B_SPLINE_CURVE_WITH_KNOTS('',5,(#352,#353,#354,#355,#356,#357),
  .UNSPECIFIED.,.F.,.F.,(6,6),(-4.606859634271,-4.583362525165),
  .PIECEWISE_BEZIER_KNOTS.);
#352 = CARTESIAN_POINT('',(-3.161558229894,18.6));
#353 = CARTESIAN_POINT('',(-3.161652050325,17.14301237566));
#354 = CARTESIAN_POINT('',(-3.161746421774,15.694585206759));
#355 = CARTESIAN_POINT('',(-3.161841348554,14.254651458015));
#356 = CARTESIAN_POINT('',(-3.161936835027,12.823144881833));
#357 = CARTESIAN_POINT('',(-3.162032885611,11.4));
#358 = ( GEOMETRIC_REPRESENTATION_CONTEXT(2) 
PARAMETRIC_REPRESENTATION_CONTEXT() REPRESENTATION_CONTEXT('2D SPACE',''
  ) );
#359 = PCURVE('',#360,#365);
#360 = PLANE('',#361);
#361 = AXIS2_PLACEMENT_3D('',#362,#363,#364);
#362 = CARTESIAN_POINT('',(-66.60694698346,-2.,22.));
#363 = DIRECTION('',(-1.224646799147E-16,-1.,0.));
#364 = DIRECTION('',(0.,0.,1.));
#365 = DEFINITIONAL_REPRESENTATION('',(#366),#370);
#366 = ( BOUNDED_CURVE() B_SPLINE_CURVE(2,(#367,#368,#369),
.UNSPECIFIED.,.F.,.F.) B_SPLINE_CURVE_WITH_KNOTS((3,3),(-4.606859634271,
-4.583362525165),.PIECEWISE_BEZIER_KNOTS.) CURVE() 
GEOMETRIC_REPRESENTATION_ITEM() RATIONAL_B_SPLINE_CURVE((1.,
1.000069015061,1.)) REPRESENTATION_ITEM('') );
#367 = CARTESIAN_POINT('',(-0.6,33.552157517233));
#368 = CARTESIAN_POINT('',(3.042301481882,32.375252387905));
#369 = CARTESIAN_POINT('',(6.6,31.225673251559));
#370 = ( GEOMETRIC_REPRESENTATION_CONTEXT(2) 
PARAMETRIC_REPRESENTATION_CONTEXT() REPRESENTATION_CONTEXT('2D SPACE',''
  ) );
#371 = ORIENTED_EDGE('',*,*,#372,.T.);
#372 = EDGE_CURVE('',#341,#277,#373,.T.);
#373 = SURFACE_CURVE('',#374,(#379,#386),.PCURVE_S1.);
#374 = CIRCLE('',#375,98.046895308865);
#375 = AXIS2_PLACEMENT_3D('',#376,#377,#378);
#376 = CARTESIAN_POINT('',(0.,0.,28.));
#377 = DIRECTION('',(0.,0.,-1.));
#378 = DIRECTION('',(1.,0.,0.));
#379 = PCURVE('',#43,#380);
#380 = DEFINITIONAL_REPRESENTATION('',(#381),#385);
#381 = LINE('',#382,#383);
#382 = CARTESIAN_POINT('',(-6.28318530718,12.));
#383 = VECTOR('',#384,1.);
#384 = DIRECTION('',(1.,-0.));
#385 = ( GEOMETRIC_REPRESENTATION_CONTEXT(2) 
PARAMETRIC_REPRESENTATION_CONTEXT() REPRESENTATION_CONTEXT('2D SPACE',''
  ) );
#386 = PCURVE('',#387,#392);
#387 = PLANE('',#388);
#388 = AXIS2_PLACEMENT_3D('',#389,#390,#391);
#389 = CARTESIAN_POINT('',(-66.60694698346,2.,28.));
#390 = DIRECTION('',(0.,0.,1.));
#391 = DIRECTION('',(-1.,1.224646799147E-16,0.));
#392 = DEFINITIONAL_REPRESENTATION('',(#393),#401);
#393 = ( BOUNDED_CURVE() B_SPLINE_CURVE(2,(#394,#395,#396,#397,#398,#399
,#400),.UNSPECIFIED.,.T.,.F.) B_SPLINE_CURVE_WITH_KNOTS((1,2,2,2,2,1),(
    -2.094395102393,0.,2.094395102393,4.188790204786,6.28318530718,
8.377580409573),.UNSPECIFIED.) CURVE() GEOMETRIC_REPRESENTATION_ITEM() 
RATIONAL_B_SPLINE_CURVE((1.,0.5,1.,0.5,1.,0.5,1.)) REPRESENTATION_ITEM(
  '') );
#394 = CARTESIAN_POINT('',(-164.6538422923,2.));
#395 = CARTESIAN_POINT('',(-164.6538422923,171.82220419934));
#396 = CARTESIAN_POINT('',(-17.58349932903,86.911102099671));
#397 = CARTESIAN_POINT('',(129.48684363426,2.));
#398 = CARTESIAN_POINT('',(-17.58349932903,-82.91110209967));
#399 = CARTESIAN_POINT('',(-164.6538422923,-167.8222041993));
#400 = CARTESIAN_POINT('',(-164.6538422923,2.));
#401 = ( GEOMETRIC_REPRESENTATION_CONTEXT(2) 
PARAMETRIC_REPRESENTATION_CONTEXT() REPRESENTATION_CONTEXT('2D SPACE',''
  ) );
#402 = FACE_BOUND('',#403,.T.);
#403 = EDGE_LOOP('',(#404,#438,#470,#502));
#404 = ORIENTED_EDGE('',*,*,#405,.F.);
#405 = EDGE_CURVE('',#406,#408,#410,.T.);
#406 = VERTEX_POINT('',#407);
#407 = CARTESIAN_POINT('',(47.536294806047,-86.33527780764,
    26.421049473805));
#408 = VERTEX_POINT('',#409);
#409 = CARTESIAN_POINT('',(47.28119658461,-85.89343472719,28.));
#410 = SURFACE_CURVE('',#411,(#416,#426),.PCURVE_S1.);
#411 = HYPERBOLA('',#412,6.190860191736,2.);
#412 = AXIS2_PLACEMENT_3D('',#413,#414,#415);
#413 = CARTESIAN_POINT('',(-1.732050807569,-1.,331.49731054548));
#414 = DIRECTION('',(0.866025403784,0.5,0.));
#415 = DIRECTION('',(0.,0.,-1.));
#416 = PCURVE('',#43,#417);
#417 = DEFINITIONAL_REPRESENTATION('',(#418),#425);
#418 = B_SPLINE_CURVE_WITH_KNOTS('',5,(#419,#420,#421,#422,#423,#424),
  .UNSPECIFIED.,.F.,.F.,(6,6),(-4.606859634271,-4.583362525165),
  .PIECEWISE_BEZIER_KNOTS.);
#419 = CARTESIAN_POINT('',(-5.216022179679,18.6));
#420 = CARTESIAN_POINT('',(-5.215928359248,17.14301237566));
#421 = CARTESIAN_POINT('',(-5.215833987799,15.694585206759));
#422 = CARTESIAN_POINT('',(-5.215739061019,14.254651458015));
#423 = CARTESIAN_POINT('',(-5.215643574545,12.823144881833));
#424 = CARTESIAN_POINT('',(-5.215547523962,11.4));
#425 = ( GEOMETRIC_REPRESENTATION_CONTEXT(2) 
PARAMETRIC_REPRESENTATION_CONTEXT() REPRESENTATION_CONTEXT('2D SPACE',''
  ) );
#426 = PCURVE('',#427,#432);
#427 = PLANE('',#428);
#428 = AXIS2_PLACEMENT_3D('',#429,#430,#431);
#429 = CARTESIAN_POINT('',(31.571422684163,-58.6833081562,22.));
#430 = DIRECTION('',(0.866025403784,0.5,0.));
#431 = DIRECTION('',(0.,0.,1.));
#432 = DEFINITIONAL_REPRESENTATION('',(#433),#437);
#433 = ( BOUNDED_CURVE() B_SPLINE_CURVE(2,(#434,#435,#436),
.UNSPECIFIED.,.F.,.F.) B_SPLINE_CURVE_WITH_KNOTS((3,3),(-4.606859634271,
-4.583362525165),.PIECEWISE_BEZIER_KNOTS.) CURVE() 
GEOMETRIC_REPRESENTATION_ITEM() RATIONAL_B_SPLINE_CURVE((1.,
1.000069015061,1.)) REPRESENTATION_ITEM('') );
#434 = CARTESIAN_POINT('',(-0.6,33.552157517233));
#435 = CARTESIAN_POINT('',(3.042301481882,32.375252387905));
#436 = CARTESIAN_POINT('',(6.6,31.225673251559));
#437 = ( GEOMETRIC_REPRESENTATION_CONTEXT(2) 
PARAMETRIC_REPRESENTATION_CONTEXT() REPRESENTATION_CONTEXT('2D SPACE',''
  ) );
#438 = ORIENTED_EDGE('',*,*,#439,.T.);
#439 = EDGE_CURVE('',#406,#440,#442,.T.);
#440 = VERTEX_POINT('',#441);
#441 = CARTESIAN_POINT('',(51.000396421185,-84.33527780764,
    26.421049473805));
#442 = SURFACE_CURVE('',#443,(#448,#458),.PCURVE_S1.);
#443 = HYPERBOLA('',#444,305.01343957202,98.536691227232);
#444 = AXIS2_PLACEMENT_3D('',#445,#446,#447);
#445 = CARTESIAN_POINT('',(49.268345613616,-85.33527780764,
    331.49731054548));
#446 = DIRECTION('',(0.5,-0.866025403784,0.));
#447 = DIRECTION('',(0.,-0.,-1.));
#448 = PCURVE('',#43,#449);
#449 = DEFINITIONAL_REPRESENTATION('',(#450),#457);
#450 = B_SPLINE_CURVE_WITH_KNOTS('',5,(#451,#452,#453,#454,#455,#456),
  .UNSPECIFIED.,.F.,.F.,(6,6),(-2.435400194144E-02,2.435400194144E-02),
  .PIECEWISE_BEZIER_KNOTS.);
#451 = CARTESIAN_POINT('',(-5.211636161148,13.606587888208));
#452 = CARTESIAN_POINT('',(-5.221374873682,13.534217222067));
#453 = CARTESIAN_POINT('',(-5.231116473745,13.49803904264));
#454 = CARTESIAN_POINT('',(-5.240859038221,13.49803904264));
#455 = CARTESIAN_POINT('',(-5.250600638284,13.534217222067));
#456 = CARTESIAN_POINT('',(-5.260339350818,13.606587888208));
#457 = ( GEOMETRIC_REPRESENTATION_CONTEXT(2) 
PARAMETRIC_REPRESENTATION_CONTEXT() REPRESENTATION_CONTEXT('2D SPACE',''
  ) );
#458 = PCURVE('',#459,#464);
#459 = PLANE('',#460);
#460 = AXIS2_PLACEMENT_3D('',#461,#462,#463);
#461 = CARTESIAN_POINT('',(47.536294806047,-86.33527780764,22.));
#462 = DIRECTION('',(0.5,-0.866025403784,0.));
#463 = DIRECTION('',(0.,0.,1.));
#464 = DEFINITIONAL_REPRESENTATION('',(#465),#469);
#465 = ( BOUNDED_CURVE() B_SPLINE_CURVE(2,(#466,#467,#468),
.UNSPECIFIED.,.F.,.F.) B_SPLINE_CURVE_WITH_KNOTS((3,3),(
    -2.435400194144E-02,2.435400194144E-02),.PIECEWISE_BEZIER_KNOTS.) 
CURVE() GEOMETRIC_REPRESENTATION_ITEM() RATIONAL_B_SPLINE_CURVE((1.,
1.000296573363,1.)) REPRESENTATION_ITEM('') );
#466 = CARTESIAN_POINT('',(4.393412111792,0.4));
#467 = CARTESIAN_POINT('',(4.574303015379,-2.));
#468 = CARTESIAN_POINT('',(4.393412111792,-4.4));
#469 = ( GEOMETRIC_REPRESENTATION_CONTEXT(2) 
PARAMETRIC_REPRESENTATION_CONTEXT() REPRESENTATION_CONTEXT('2D SPACE',''
  ) );
#470 = ORIENTED_EDGE('',*,*,#471,.T.);
#471 = EDGE_CURVE('',#440,#472,#474,.T.);
#472 = VERTEX_POINT('',#473);
#473 = CARTESIAN_POINT('',(50.745298199747,-83.89343472719,28.));
#474 = SURFACE_CURVE('',#475,(#480,#490),.PCURVE_S1.);
#475 = HYPERBOLA('',#476,6.190860191736,2.);
#476 = AXIS2_PLACEMENT_3D('',#477,#478,#479);
#477 = CARTESIAN_POINT('',(1.732050807569,1.,331.49731054548));
#478 = DIRECTION('',(0.866025403784,0.5,0.));
#479 = DIRECTION('',(0.,0.,-1.));
#480 = PCURVE('',#43,#481);
#481 = DEFINITIONAL_REPRESENTATION('',(#482),#489);
#482 = B_SPLINE_CURVE_WITH_KNOTS('',5,(#483,#484,#485,#486,#487,#488),
  .UNSPECIFIED.,.F.,.F.,(6,6),(-4.606859634271,-4.583362525165),
  .PIECEWISE_BEZIER_KNOTS.);
#483 = CARTESIAN_POINT('',(-5.255953332287,18.6));
#484 = CARTESIAN_POINT('',(-5.256047152718,17.14301237566));
#485 = CARTESIAN_POINT('',(-5.256141524167,15.694585206759));
#486 = CARTESIAN_POINT('',(-5.256236450947,14.254651458015));
#487 = CARTESIAN_POINT('',(-5.256331937421,12.823144881833));
#488 = CARTESIAN_POINT('',(-5.256427988004,11.4));
#489 = ( GEOMETRIC_REPRESENTATION_CONTEXT(2) 
PARAMETRIC_REPRESENTATION_CONTEXT() REPRESENTATION_CONTEXT('2D SPACE',''
  ) );
#490 = PCURVE('',#491,#496);
#491 = PLANE('',#492);
#492 = AXIS2_PLACEMENT_3D('',#493,#494,#495);
#493 = CARTESIAN_POINT('',(35.0355242993,-56.6833081562,22.));
#494 = DIRECTION('',(0.866025403784,0.5,0.));
#495 = DIRECTION('',(0.,0.,1.));
#496 = DEFINITIONAL_REPRESENTATION('',(#497),#501);
#497 = ( BOUNDED_CURVE() B_SPLINE_CURVE(2,(#498,#499,#500),
.UNSPECIFIED.,.F.,.F.) B_SPLINE_CURVE_WITH_KNOTS((3,3),(-4.606859634271,
-4.583362525165),.PIECEWISE_BEZIER_KNOTS.) CURVE() 
GEOMETRIC_REPRESENTATION_ITEM() RATIONAL_B_SPLINE_CURVE((1.,
1.000069015061,1.)) REPRESENTATION_ITEM('') );
#498 = CARTESIAN_POINT('',(-0.6,33.552157517233));
#499 = CARTESIAN_POINT('',(3.042301481882,32.375252387905));
#500 = CARTESIAN_POINT('',(6.6,31.225673251559));
#501 = ( GEOMETRIC_REPRESENTATION_CONTEXT(2) 
PARAMETRIC_REPRESENTATION_CONTEXT() REPRESENTATION_CONTEXT('2D SPACE',''
  ) );
#502 = ORIENTED_EDGE('',*,*,#503,.T.);
#503 = EDGE_CURVE('',#472,#408,#504,.T.);
#504 = SURFACE_CURVE('',#505,(#510,#517),.PCURVE_S1.);
#505 = CIRCLE('',#506,98.046895308865);
#506 = AXIS2_PLACEMENT_3D('',#507,#508,#509);
#507 = CARTESIAN_POINT('',(0.,0.,28.));
#508 = DIRECTION('',(0.,0.,-1.));
#509 = DIRECTION('',(1.,0.,0.));
#510 = PCURVE('',#43,#511);
#511 = DEFINITIONAL_REPRESENTATION('',(#512),#516);
#512 = LINE('',#513,#514);
#513 = CARTESIAN_POINT('',(-6.28318530718,12.));
#514 = VECTOR('',#515,1.);
#515 = DIRECTION('',(1.,-0.));
#516 = ( GEOMETRIC_REPRESENTATION_CONTEXT(2) 
PARAMETRIC_REPRESENTATION_CONTEXT() REPRESENTATION_CONTEXT('2D SPACE',''
  ) );
#517 = PCURVE('',#518,#523);
#518 = PLANE('',#519);
#519 = AXIS2_PLACEMENT_3D('',#520,#521,#522);
#520 = CARTESIAN_POINT('',(31.571422684163,-58.6833081562,28.));
#521 = DIRECTION('',(0.,0.,1.));
#522 = DIRECTION('',(0.5,-0.866025403784,0.));
#523 = DEFINITIONAL_REPRESENTATION('',(#524),#532);
#524 = ( BOUNDED_CURVE() B_SPLINE_CURVE(2,(#525,#526,#527,#528,#529,#530
,#531),.UNSPECIFIED.,.T.,.F.) B_SPLINE_CURVE_WITH_KNOTS((1,2,2,2,2,1),(
    -2.094395102393,0.,2.094395102393,4.188790204786,6.28318530718,
8.377580409573),.UNSPECIFIED.) CURVE() GEOMETRIC_REPRESENTATION_ITEM() 
RATIONAL_B_SPLINE_CURVE((1.,0.5,1.,0.5,1.,0.5,1.)) REPRESENTATION_ITEM(
  '') );
#525 = CARTESIAN_POINT('',(-17.58349932903,86.911102099671));
#526 = CARTESIAN_POINT('',(129.48684363426,2.));
#527 = CARTESIAN_POINT('',(-17.58349932903,-82.91110209967));
#528 = CARTESIAN_POINT('',(-164.6538422923,-167.8222041993));
#529 = CARTESIAN_POINT('',(-164.6538422923,2.));
#530 = CARTESIAN_POINT('',(-164.6538422923,171.82220419934));
#531 = CARTESIAN_POINT('',(-17.58349932903,86.911102099671));
#532 = ( GEOMETRIC_REPRESENTATION_CONTEXT(2) 
PARAMETRIC_REPRESENTATION_CONTEXT() REPRESENTATION_CONTEXT('2D SPACE',''
  ) );
#533 = FACE_BOUND('',#534,.T.);
#534 = EDGE_LOOP('',(#535,#569,#602,#634));
#535 = ORIENTED_EDGE('',*,*,#536,.F.);
#536 = EDGE_CURVE('',#537,#539,#541,.T.);
#537 = VERTEX_POINT('',#538);
#538 = CARTESIAN_POINT('',(100.36487152471,13.565297907834,18.));
#539 = VERTEX_POINT('',#540);
#540 = CARTESIAN_POINT('',(106.79326608554,14.240949402136,-2.));
#541 = SURFACE_CURVE('',#542,(#547,#557),.PCURVE_S1.);
#542 = HYPERBOLA('',#543,9.286290287604,3.);
#543 = AXIS2_PLACEMENT_3D('',#544,#545,#546);
#544 = CARTESIAN_POINT('',(-0.313585389803,2.983565686105,
    331.49731054548));
#545 = DIRECTION('',(0.104528463268,-0.994521895368,0.));
#546 = DIRECTION('',(0.,-0.,-1.));
#547 = PCURVE('',#43,#548);
#548 = DEFINITIONAL_REPRESENTATION('',(#549),#556);
#549 = B_SPLINE_CURVE_WITH_KNOTS('',5,(#550,#551,#552,#553,#554,#555),
  .UNSPECIFIED.,.F.,.F.,(6,6),(4.205776475288,4.280030381496),
  .PIECEWISE_BEZIER_KNOTS.);
#550 = CARTESIAN_POINT('',(-0.134535955914,20.));
#551 = CARTESIAN_POINT('',(-0.134093227643,24.623922307742));
#552 = CARTESIAN_POINT('',(-0.133658714295,29.333718855705));
#553 = CARTESIAN_POINT('',(-0.133232212812,34.131514209223));
#554 = CARTESIAN_POINT('',(-0.132813527641,39.019511798956));
#555 = CARTESIAN_POINT('',(-0.132402470201,44.));
#556 = ( GEOMETRIC_REPRESENTATION_CONTEXT(2) 
PARAMETRIC_REPRESENTATION_CONTEXT() REPRESENTATION_CONTEXT('2D SPACE',''
  ) );
#557 = PCURVE('',#558,#563);
#558 = PLANE('',#559);
#559 = AXIS2_PLACEMENT_3D('',#560,#561,#562);
#560 = CARTESIAN_POINT('',(59.357728332293,9.255273482164,-2.));
#561 = DIRECTION('',(0.104528463268,-0.994521895368,0.));
#562 = DIRECTION('',(0.,0.,1.));
#563 = DEFINITIONAL_REPRESENTATION('',(#564),#568);
#564 = ( BOUNDED_CURVE() B_SPLINE_CURVE(2,(#565,#566,#567),
.UNSPECIFIED.,.F.,.F.) B_SPLINE_CURVE_WITH_KNOTS((3,3),(4.205776475288,
4.280030381496),.PIECEWISE_BEZIER_KNOTS.) CURVE() 
GEOMETRIC_REPRESENTATION_ITEM() RATIONAL_B_SPLINE_CURVE((1.,
1.000689284494,1.)) REPRESENTATION_ITEM('') );
#565 = CARTESIAN_POINT('',(22.,-40.58662276238));
#566 = CARTESIAN_POINT('',(10.445502690218,-44.32104249168));
#567 = CARTESIAN_POINT('',(-2.,-48.34318885768));
#568 = ( GEOMETRIC_REPRESENTATION_CONTEXT(2) 
PARAMETRIC_REPRESENTATION_CONTEXT() REPRESENTATION_CONTEXT('2D SPACE',''
  ) );
#569 = ORIENTED_EDGE('',*,*,#570,.T.);
#570 = EDGE_CURVE('',#537,#571,#573,.T.);
#571 = VERTEX_POINT('',#572);
#572 = CARTESIAN_POINT('',(100.99204230432,7.598166535624,18.));
#573 = SURFACE_CURVE('',#574,(#579,#586),.PCURVE_S1.);
#574 = CIRCLE('',#575,101.2774641443);
#575 = AXIS2_PLACEMENT_3D('',#576,#577,#578);
#576 = CARTESIAN_POINT('',(0.,0.,18.));
#577 = DIRECTION('',(0.,0.,-1.));
#578 = DIRECTION('',(1.,0.,0.));
#579 = PCURVE('',#43,#580);
#580 = DEFINITIONAL_REPRESENTATION('',(#581),#585);
#581 = LINE('',#582,#583);
#582 = CARTESIAN_POINT('',(-6.28318530718,22.));
#583 = VECTOR('',#584,1.);
#584 = DIRECTION('',(1.,-0.));
#585 = ( GEOMETRIC_REPRESENTATION_CONTEXT(2) 
PARAMETRIC_REPRESENTATION_CONTEXT() REPRESENTATION_CONTEXT('2D SPACE',''
  ) );
#586 = PCURVE('',#587,#592);
#587 = PLANE('',#588);
#588 = AXIS2_PLACEMENT_3D('',#589,#590,#591);
#589 = CARTESIAN_POINT('',(59.357728332293,9.255273482164,18.));
#590 = DIRECTION('',(0.,0.,1.));
#591 = DIRECTION('',(0.104528463268,-0.994521895368,0.));
#592 = DEFINITIONAL_REPRESENTATION('',(#593),#601);
#593 = ( BOUNDED_CURVE() B_SPLINE_CURVE(2,(#594,#595,#596,#597,#598,#599
,#600),.UNSPECIFIED.,.T.,.F.) B_SPLINE_CURVE_WITH_KNOTS((1,2,2,2,2,1),(
    -2.094395102393,0.,2.094395102393,4.188790204786,6.28318530718,
8.377580409573),.UNSPECIFIED.) CURVE() GEOMETRIC_REPRESENTATION_ITEM() 
RATIONAL_B_SPLINE_CURVE((1.,0.5,1.,0.5,1.,0.5,1.)) REPRESENTATION_ITEM(
  '') );
#594 = CARTESIAN_POINT('',(13.586377690649,40.722655598889));
#595 = CARTESIAN_POINT('',(188.04313466118,22.38651157057));
#596 = CARTESIAN_POINT('',(84.935189639944,-119.5293998136));
#597 = CARTESIAN_POINT('',(-18.17275538129,-261.4453111977));
#598 = CARTESIAN_POINT('',(-89.52156733059,-101.1932557852));
#599 = CARTESIAN_POINT('',(-160.8703792798,59.058799627207));
#600 = CARTESIAN_POINT('',(13.586377690649,40.722655598889));
#601 = ( GEOMETRIC_REPRESENTATION_CONTEXT(2) 
PARAMETRIC_REPRESENTATION_CONTEXT() REPRESENTATION_CONTEXT('2D SPACE',''
  ) );
#602 = ORIENTED_EDGE('',*,*,#603,.T.);
#603 = EDGE_CURVE('',#571,#604,#606,.T.);
#604 = VERTEX_POINT('',#605);
#605 = CARTESIAN_POINT('',(107.42043686515,8.273818029926,-2.));
#606 = SURFACE_CURVE('',#607,(#612,#622),.PCURVE_S1.);
#607 = HYPERBOLA('',#608,9.286290287604,3.);
#608 = AXIS2_PLACEMENT_3D('',#609,#610,#611);
#609 = CARTESIAN_POINT('',(0.313585389803,-2.983565686105,
    331.49731054548));
#610 = DIRECTION('',(0.104528463268,-0.994521895368,0.));
#611 = DIRECTION('',(0.,-0.,-1.));
#612 = PCURVE('',#43,#613);
#613 = DEFINITIONAL_REPRESENTATION('',(#614),#621);
#614 = B_SPLINE_CURVE_WITH_KNOTS('',5,(#615,#616,#617,#618,#619,#620),
  .UNSPECIFIED.,.F.,.F.,(6,6),(4.205776475288,4.280030381496),
  .PIECEWISE_BEZIER_KNOTS.);
#615 = CARTESIAN_POINT('',(-7.490355432563E-02,20.));
#616 = CARTESIAN_POINT('',(-7.534628259627E-02,24.623922307742));
#617 = CARTESIAN_POINT('',(-7.57807959441E-02,29.333718855705));
#618 = CARTESIAN_POINT('',(-7.620729742706E-02,34.131514209223));
#619 = CARTESIAN_POINT('',(-7.662598259847E-02,39.019511798956));
#620 = CARTESIAN_POINT('',(-7.70370400385E-02,44.));
#621 = ( GEOMETRIC_REPRESENTATION_CONTEXT(2) 
PARAMETRIC_REPRESENTATION_CONTEXT() REPRESENTATION_CONTEXT('2D SPACE',''
  ) );
#622 = PCURVE('',#623,#628);
#623 = PLANE('',#624);
#624 = AXIS2_PLACEMENT_3D('',#625,#626,#627);
#625 = CARTESIAN_POINT('',(59.984899111899,3.288142109954,-2.));
#626 = DIRECTION('',(0.104528463268,-0.994521895368,0.));
#627 = DIRECTION('',(0.,0.,1.));
#628 = DEFINITIONAL_REPRESENTATION('',(#629),#633);
#629 = ( BOUNDED_CURVE() B_SPLINE_CURVE(2,(#630,#631,#632),
.UNSPECIFIED.,.F.,.F.) B_SPLINE_CURVE_WITH_KNOTS((3,3),(4.205776475288,
4.280030381496),.PIECEWISE_BEZIER_KNOTS.) CURVE() 
GEOMETRIC_REPRESENTATION_ITEM() RATIONAL_B_SPLINE_CURVE((1.,
1.000689284494,1.)) REPRESENTATION_ITEM('') );
#630 = CARTESIAN_POINT('',(22.,-40.58662276238));
#631 = CARTESIAN_POINT('',(10.445502690218,-44.32104249168));
#632 = CARTESIAN_POINT('',(-2.,-48.34318885768));
#633 = ( GEOMETRIC_REPRESENTATION_CONTEXT(2) 
PARAMETRIC_REPRESENTATION_CONTEXT() REPRESENTATION_CONTEXT('2D SPACE',''
  ) );
#634 = ORIENTED_EDGE('',*,*,#635,.F.);
#635 = EDGE_CURVE('',#539,#604,#636,.T.);
#636 = SURFACE_CURVE('',#637,(#642,#649),.PCURVE_S1.);
#637 = CIRCLE('',#638,107.73860181519);
#638 = AXIS2_PLACEMENT_3D('',#639,#640,#641);
#639 = CARTESIAN_POINT('',(0.,0.,-2.));
#640 = DIRECTION('',(0.,0.,-1.));
#641 = DIRECTION('',(1.,0.,0.));
#642 = PCURVE('',#43,#643);
#643 = DEFINITIONAL_REPRESENTATION('',(#644),#648);
#644 = LINE('',#645,#646);
#645 = CARTESIAN_POINT('',(-6.28318530718,42.));
#646 = VECTOR('',#647,1.);
#647 = DIRECTION('',(1.,-0.));
#648 = ( GEOMETRIC_REPRESENTATION_CONTEXT(2) 
PARAMETRIC_REPRESENTATION_CONTEXT() REPRESENTATION_CONTEXT('2D SPACE',''
  ) );
#649 = PCURVE('',#650,#655);
#650 = PLANE('',#651);
#651 = AXIS2_PLACEMENT_3D('',#652,#653,#654);
#652 = CARTESIAN_POINT('',(59.357728332293,9.255273482164,-2.));
#653 = DIRECTION('',(0.,0.,1.));
#654 = DIRECTION('',(0.104528463268,-0.994521895368,0.));
#655 = DEFINITIONAL_REPRESENTATION('',(#656),#664);
#656 = ( BOUNDED_CURVE() B_SPLINE_CURVE(2,(#657,#658,#659,#660,#661,#662
,#663),.UNSPECIFIED.,.T.,.F.) B_SPLINE_CURVE_WITH_KNOTS((1,2,2,2,2,1),(
    -2.094395102393,0.,2.094395102393,4.188790204786,6.28318530718,
8.377580409573),.UNSPECIFIED.) CURVE() GEOMETRIC_REPRESENTATION_ITEM() 
RATIONAL_B_SPLINE_CURVE((1.,0.5,1.,0.5,1.,0.5,1.)) REPRESENTATION_ITEM(
  '') );
#657 = CARTESIAN_POINT('',(14.261750482347,47.148398481571));
#658 = CARTESIAN_POINT('',(199.84822060206,27.642474463982));
#659 = CARTESIAN_POINT('',(90.162359818685,-123.3271612495));
#660 = CARTESIAN_POINT('',(-19.52350096469,-274.2967969631));
#661 = CARTESIAN_POINT('',(-95.42411030103,-103.8212372319));
#662 = CARTESIAN_POINT('',(-171.3247196373,66.65432249916));
#663 = CARTESIAN_POINT('',(14.261750482347,47.148398481571));
#664 = ( GEOMETRIC_REPRESENTATION_CONTEXT(2) 
PARAMETRIC_REPRESENTATION_CONTEXT() REPRESENTATION_CONTEXT('2D SPACE',''
  ) );
#665 = FACE_BOUND('',#666,.T.);
#666 = EDGE_LOOP('',(#667,#701,#734,#766));
#667 = ORIENTED_EDGE('',*,*,#668,.F.);
#668 = EDGE_CURVE('',#669,#671,#673,.T.);
#669 = VERTEX_POINT('',#670);
#670 = CARTESIAN_POINT('',(95.351274255395,34.135893739198,18.));
#671 = VERTEX_POINT('',#672);
#672 = CARTESIAN_POINT('',(101.49871712705,36.133319009667,-2.));
#673 = SURFACE_CURVE('',#674,(#679,#689),.PCURVE_S1.);
#674 = HYPERBOLA('',#675,9.286290287604,3.);
#675 = AXIS2_PLACEMENT_3D('',#676,#677,#678);
#676 = CARTESIAN_POINT('',(-0.927050983125,2.853169548885,
    331.49731054548));
#677 = DIRECTION('',(0.309016994375,-0.951056516295,0.));
#678 = DIRECTION('',(0.,-0.,-1.));
#679 = PCURVE('',#43,#680);
#680 = DEFINITIONAL_REPRESENTATION('',(#681),#688);
#681 = B_SPLINE_CURVE_WITH_KNOTS('',5,(#682,#683,#684,#685,#686,#687),
  .UNSPECIFIED.,.F.,.F.,(6,6),(4.205776475288,4.280030381496),
  .PIECEWISE_BEZIER_KNOTS.);
#682 = CARTESIAN_POINT('',(-0.343975466153,20.));
#683 = CARTESIAN_POINT('',(-0.343532737882,24.623922307742));
#684 = CARTESIAN_POINT('',(-0.343098224535,29.333718855705));
#685 = CARTESIAN_POINT('',(-0.342671723052,34.131514209223));
#686 = CARTESIAN_POINT('',(-0.34225303788,39.019511798956));
#687 = CARTESIAN_POINT('',(-0.34184198044,44.));
#688 = ( GEOMETRIC_REPRESENTATION_CONTEXT(2) 
PARAMETRIC_REPRESENTATION_CONTEXT() REPRESENTATION_CONTEXT('2D SPACE',''
  ) );
#689 = PCURVE('',#690,#695);
#690 = PLANE('',#691);
#691 = AXIS2_PLACEMENT_3D('',#692,#693,#694);
#692 = CARTESIAN_POINT('',(56.136339994584,21.394189211382,-2.));
#693 = DIRECTION('',(0.309016994375,-0.951056516295,0.));
#694 = DIRECTION('',(0.,0.,1.));
#695 = DEFINITIONAL_REPRESENTATION('',(#696),#700);
#696 = ( BOUNDED_CURVE() B_SPLINE_CURVE(2,(#697,#698,#699),
.UNSPECIFIED.,.F.,.F.) B_SPLINE_CURVE_WITH_KNOTS((3,3),(4.205776475288,
4.280030381496),.PIECEWISE_BEZIER_KNOTS.) CURVE() 
GEOMETRIC_REPRESENTATION_ITEM() RATIONAL_B_SPLINE_CURVE((1.,
1.000689284494,1.)) REPRESENTATION_ITEM('') );
#697 = CARTESIAN_POINT('',(22.,-40.58662276238));
#698 = CARTESIAN_POINT('',(10.445502690218,-44.32104249168));
#699 = CARTESIAN_POINT('',(-2.,-48.34318885768));
#700 = ( GEOMETRIC_REPRESENTATION_CONTEXT(2) 
PARAMETRIC_REPRESENTATION_CONTEXT() REPRESENTATION_CONTEXT('2D SPACE',''
  ) );
#701 = ORIENTED_EDGE('',*,*,#702,.T.);
#702 = EDGE_CURVE('',#669,#703,#705,.T.);
#703 = VERTEX_POINT('',#704);
#704 = CARTESIAN_POINT('',(97.205376221645,28.429554641427,18.));
#705 = SURFACE_CURVE('',#706,(#711,#718),.PCURVE_S1.);
#706 = CIRCLE('',#707,101.2774641443);
#707 = AXIS2_PLACEMENT_3D('',#708,#709,#710);
#708 = CARTESIAN_POINT('',(0.,0.,18.));
#709 = DIRECTION('',(0.,0.,-1.));
#710 = DIRECTION('',(1.,0.,0.));
#711 = PCURVE('',#43,#712);
#712 = DEFINITIONAL_REPRESENTATION('',(#713),#717);
#713 = LINE('',#714,#715);
#714 = CARTESIAN_POINT('',(-6.28318530718,22.));
#715 = VECTOR('',#716,1.);
#716 = DIRECTION('',(1.,-0.));
#717 = ( GEOMETRIC_REPRESENTATION_CONTEXT(2) 
PARAMETRIC_REPRESENTATION_CONTEXT() REPRESENTATION_CONTEXT('2D SPACE',''
  ) );
#718 = PCURVE('',#719,#724);
#719 = PLANE('',#720);
#720 = AXIS2_PLACEMENT_3D('',#721,#722,#723);
#721 = CARTESIAN_POINT('',(56.136339994584,21.394189211382,18.));
#722 = DIRECTION('',(0.,0.,1.));
#723 = DIRECTION('',(0.309016994375,-0.951056516295,0.));
#724 = DEFINITIONAL_REPRESENTATION('',(#725),#733);
#725 = ( BOUNDED_CURVE() B_SPLINE_CURVE(2,(#726,#727,#728,#729,#730,#731
,#732),.UNSPECIFIED.,.T.,.F.) B_SPLINE_CURVE_WITH_KNOTS((1,2,2,2,2,1),(
    -2.094395102393,0.,2.094395102393,4.188790204786,6.28318530718,
8.377580409573),.UNSPECIFIED.) CURVE() GEOMETRIC_REPRESENTATION_ITEM() 
RATIONAL_B_SPLINE_CURVE((1.,0.5,1.,0.5,1.,0.5,1.)) REPRESENTATION_ITEM(
  '') );
#726 = CARTESIAN_POINT('',(34.29645756779,36.320592228292));
#727 = CARTESIAN_POINT('',(201.12861712231,-17.88646237604));
#728 = CARTESIAN_POINT('',(70.767850993368,-135.2638234163));
#729 = CARTESIAN_POINT('',(-59.59291513558,-252.6411844565));
#730 = CARTESIAN_POINT('',(-96.06430856115,-81.05676881197));
#731 = CARTESIAN_POINT('',(-132.5357019867,90.527646832628));
#732 = CARTESIAN_POINT('',(34.29645756779,36.320592228292));
#733 = ( GEOMETRIC_REPRESENTATION_CONTEXT(2) 
PARAMETRIC_REPRESENTATION_CONTEXT() REPRESENTATION_CONTEXT('2D SPACE',''
  ) );
#734 = ORIENTED_EDGE('',*,*,#735,.T.);
#735 = EDGE_CURVE('',#703,#736,#738,.T.);
#736 = VERTEX_POINT('',#737);
#737 = CARTESIAN_POINT('',(103.3528190933,30.426979911896,-2.));
#738 = SURFACE_CURVE('',#739,(#744,#754),.PCURVE_S1.);
#739 = HYPERBOLA('',#740,9.286290287604,3.);
#740 = AXIS2_PLACEMENT_3D('',#741,#742,#743);
#741 = CARTESIAN_POINT('',(0.927050983125,-2.853169548885,
    331.49731054548));
#742 = DIRECTION('',(0.309016994375,-0.951056516295,0.));
#743 = DIRECTION('',(0.,-0.,-1.));
#744 = PCURVE('',#43,#745);
#745 = DEFINITIONAL_REPRESENTATION('',(#746),#753);
#746 = B_SPLINE_CURVE_WITH_KNOTS('',5,(#747,#748,#749,#750,#751,#752),
  .UNSPECIFIED.,.F.,.F.,(6,6),(4.205776475288,4.280030381496),
  .PIECEWISE_BEZIER_KNOTS.);
#747 = CARTESIAN_POINT('',(-0.284343064565,20.));
#748 = CARTESIAN_POINT('',(-0.284785792836,24.623922307742));
#749 = CARTESIAN_POINT('',(-0.285220306183,29.333718855705));
#750 = CARTESIAN_POINT('',(-0.285646807666,34.131514209223));
#751 = CARTESIAN_POINT('',(-0.286065492838,39.019511798956));
#752 = CARTESIAN_POINT('',(-0.286476550278,44.));
#753 = ( GEOMETRIC_REPRESENTATION_CONTEXT(2) 
PARAMETRIC_REPRESENTATION_CONTEXT() REPRESENTATION_CONTEXT('2D SPACE',''
  ) );
#754 = PCURVE('',#755,#760);
#755 = PLANE('',#756);
#756 = AXIS2_PLACEMENT_3D('',#757,#758,#759);
#757 = CARTESIAN_POINT('',(57.990441960834,15.687850113611,-2.));
#758 = DIRECTION('',(0.309016994375,-0.951056516295,0.));
#759 = DIRECTION('',(0.,0.,1.));
#760 = DEFINITIONAL_REPRESENTATION('',(#761),#765);
#761 = ( BOUNDED_CURVE() B_SPLINE_CURVE(2,(#762,#763,#764),
.UNSPECIFIED.,.F.,.F.) B_SPLINE_CURVE_WITH_KNOTS((3,3),(4.205776475288,
4.280030381496),.PIECEWISE_BEZIER_KNOTS.) CURVE() 
GEOMETRIC_REPRESENTATION_ITEM() RATIONAL_B_SPLINE_CURVE((1.,
1.000689284494,1.)) REPRESENTATION_ITEM('') );
#762 = CARTESIAN_POINT('',(22.,-40.58662276238));
#763 = CARTESIAN_POINT('',(10.445502690218,-44.32104249168));
#764 = CARTESIAN_POINT('',(-2.,-48.34318885768));
#765 = ( GEOMETRIC_REPRESENTATION_CONTEXT(2) 
PARAMETRIC_REPRESENTATION_CONTEXT() REPRESENTATION_CONTEXT('2D SPACE',''
  ) );
#766 = ORIENTED_EDGE('',*,*,#767,.F.);
#767 = EDGE_CURVE('',#671,#736,#768,.T.);
#768 = SURFACE_CURVE('',#769,(#774,#781),.PCURVE_S1.);
#769 = CIRCLE('',#770,107.73860181519);
#770 = AXIS2_PLACEMENT_3D('',#771,#772,#773);
#771 = CARTESIAN_POINT('',(0.,0.,-2.));
#772 = DIRECTION('',(0.,0.,-1.));
#773 = DIRECTION('',(1.,0.,0.));
#774 = PCURVE('',#43,#775);
#775 = DEFINITIONAL_REPRESENTATION('',(#776),#780);
#776 = LINE('',#777,#778);
#777 = CARTESIAN_POINT('',(-6.28318530718,42.));
#778 = VECTOR('',#779,1.);
#779 = DIRECTION('',(1.,-0.));
#780 = ( GEOMETRIC_REPRESENTATION_CONTEXT(2) 
PARAMETRIC_REPRESENTATION_CONTEXT() REPRESENTATION_CONTEXT('2D SPACE',''
  ) );
#781 = PCURVE('',#782,#787);
#782 = PLANE('',#783);
#783 = AXIS2_PLACEMENT_3D('',#784,#785,#786);
#784 = CARTESIAN_POINT('',(56.136339994584,21.394189211382,-2.));
#785 = DIRECTION('',(0.,0.,1.));
#786 = DIRECTION('',(0.309016994375,-0.951056516295,0.));
#787 = DEFINITIONAL_REPRESENTATION('',(#788),#796);
#788 = ( BOUNDED_CURVE() B_SPLINE_CURVE(2,(#789,#790,#791,#792,#793,#794
,#795),.UNSPECIFIED.,.T.,.F.) B_SPLINE_CURVE_WITH_KNOTS((1,2,2,2,2,1),(
    -2.094395102393,0.,2.094395102393,4.188790204786,6.28318530718,
8.377580409573),.UNSPECIFIED.) CURVE() GEOMETRIC_REPRESENTATION_ITEM() 
RATIONAL_B_SPLINE_CURVE((1.,0.5,1.,0.5,1.,0.5,1.)) REPRESENTATION_ITEM(
  '') );
#789 = CARTESIAN_POINT('',(36.293058911089,42.465499312866));
#790 = CARTESIAN_POINT('',(213.76850974388,-15.19977026052));
#791 = CARTESIAN_POINT('',(75.091195960854,-140.0653844431));
#792 = CARTESIAN_POINT('',(-63.58611782217,-264.9309986257));
#793 = CARTESIAN_POINT('',(-102.3842548719,-82.40011486973));
#794 = CARTESIAN_POINT('',(-141.1823919217,100.13076888625));
#795 = CARTESIAN_POINT('',(36.293058911089,42.465499312866));
#796 = ( GEOMETRIC_REPRESENTATION_CONTEXT(2) 
PARAMETRIC_REPRESENTATION_CONTEXT() REPRESENTATION_CONTEXT('2D SPACE',''
  ) );
#797 = FACE_BOUND('',#798,.T.);
#798 = EDGE_LOOP('',(#799,#833,#866,#898));
#799 = ORIENTED_EDGE('',*,*,#800,.F.);
#800 = EDGE_CURVE('',#801,#803,#805,.T.);
#801 = VERTEX_POINT('',#802);
#802 = CARTESIAN_POINT('',(86.170368754934,53.214587211968,18.));
#803 = VERTEX_POINT('',#804);
#804 = CARTESIAN_POINT('',(91.76818718523,56.446489189574,-2.));
#805 = SURFACE_CURVE('',#806,(#811,#821),.PCURVE_S1.);
#806 = HYPERBOLA('',#807,9.286290287604,3.);
#807 = AXIS2_PLACEMENT_3D('',#808,#809,#810);
#808 = CARTESIAN_POINT('',(-1.5,2.598076211353,331.49731054548));
#809 = DIRECTION('',(0.5,-0.866025403784,0.));
#810 = DIRECTION('',(0.,-0.,-1.));
#811 = PCURVE('',#43,#812);
#812 = DEFINITIONAL_REPRESENTATION('',(#813),#820);
#813 = B_SPLINE_CURVE_WITH_KNOTS('',5,(#814,#815,#816,#817,#818,#819),
  .UNSPECIFIED.,.F.,.F.,(6,6),(4.205776475288,4.280030381496),
  .PIECEWISE_BEZIER_KNOTS.);
#814 = CARTESIAN_POINT('',(-0.553414976392,20.));
#815 = CARTESIAN_POINT('',(-0.552972248122,24.623922307742));
#816 = CARTESIAN_POINT('',(-0.552537734774,29.333718855705));
#817 = CARTESIAN_POINT('',(-0.552111233291,34.131514209223));
#818 = CARTESIAN_POINT('',(-0.551692548119,39.019511798956));
#819 = CARTESIAN_POINT('',(-0.551281490679,44.));
#820 = ( GEOMETRIC_REPRESENTATION_CONTEXT(2) 
PARAMETRIC_REPRESENTATION_CONTEXT() REPRESENTATION_CONTEXT('2D SPACE',''
  ) );
#821 = PCURVE('',#822,#827);
#822 = PLANE('',#823);
#823 = AXIS2_PLACEMENT_3D('',#824,#825,#826);
#824 = CARTESIAN_POINT('',(50.461524227066,32.598076211353,-2.));
#825 = DIRECTION('',(0.5,-0.866025403784,0.));
#826 = DIRECTION('',(0.,0.,1.));
#827 = DEFINITIONAL_REPRESENTATION('',(#828),#832);
#828 = ( BOUNDED_CURVE() B_SPLINE_CURVE(2,(#829,#830,#831),
.UNSPECIFIED.,.F.,.F.) B_SPLINE_CURVE_WITH_KNOTS((3,3),(4.205776475288,
4.280030381496),.PIECEWISE_BEZIER_KNOTS.) CURVE() 
GEOMETRIC_REPRESENTATION_ITEM() RATIONAL_B_SPLINE_CURVE((1.,
1.000689284494,1.)) REPRESENTATION_ITEM('') );
#829 = CARTESIAN_POINT('',(22.,-40.58662276238));
#830 = CARTESIAN_POINT('',(10.445502690218,-44.32104249168));
#831 = CARTESIAN_POINT('',(-2.,-48.34318885768));
#832 = ( GEOMETRIC_REPRESENTATION_CONTEXT(2) 
PARAMETRIC_REPRESENTATION_CONTEXT() REPRESENTATION_CONTEXT('2D SPACE',''
  ) );
#833 = ORIENTED_EDGE('',*,*,#834,.T.);
#834 = EDGE_CURVE('',#801,#835,#837,.T.);
#835 = VERTEX_POINT('',#836);
#836 = CARTESIAN_POINT('',(89.170368754934,48.018434789261,18.));
#837 = SURFACE_CURVE('',#838,(#843,#850),.PCURVE_S1.);
#838 = CIRCLE('',#839,101.2774641443);
#839 = AXIS2_PLACEMENT_3D('',#840,#841,#842);
#840 = CARTESIAN_POINT('',(0.,0.,18.));
#841 = DIRECTION('',(0.,0.,-1.));
#842 = DIRECTION('',(1.,0.,0.));
#843 = PCURVE('',#43,#844);
#844 = DEFINITIONAL_REPRESENTATION('',(#845),#849);
#845 = LINE('',#846,#847);
#846 = CARTESIAN_POINT('',(-6.28318530718,22.));
#847 = VECTOR('',#848,1.);
#848 = DIRECTION('',(1.,-0.));
#849 = ( GEOMETRIC_REPRESENTATION_CONTEXT(2) 
PARAMETRIC_REPRESENTATION_CONTEXT() REPRESENTATION_CONTEXT('2D SPACE',''
  ) );
#850 = PCURVE('',#851,#856);
#851 = PLANE('',#852);
#852 = AXIS2_PLACEMENT_3D('',#853,#854,#855);
#853 = CARTESIAN_POINT('',(50.461524227066,32.598076211353,18.));
#854 = DIRECTION('',(0.,0.,1.));
#855 = DIRECTION('',(0.5,-0.866025403784,0.));
#856 = DEFINITIONAL_REPRESENTATION('',(#857),#865);
#857 = ( BOUNDED_CURVE() B_SPLINE_CURVE(2,(#858,#859,#860,#861,#862,#863
,#864),.UNSPECIFIED.,.T.,.F.) B_SPLINE_CURVE_WITH_KNOTS((1,2,2,2,2,1),(
    -2.094395102393,0.,2.094395102393,4.188790204786,6.28318530718,
8.377580409573),.UNSPECIFIED.) CURVE() GEOMETRIC_REPRESENTATION_ITEM() 
RATIONAL_B_SPLINE_CURVE((1.,0.5,1.,0.5,1.,0.5,1.)) REPRESENTATION_ITEM(
  '') );
#858 = CARTESIAN_POINT('',(53.638732072154,27.708856779837));
#859 = CARTESIAN_POINT('',(205.55492828861,-60.));
#860 = CARTESIAN_POINT('',(53.638732072154,-147.7088567798));
#861 = CARTESIAN_POINT('',(-98.2774641443,-235.4177135596));
#862 = CARTESIAN_POINT('',(-98.2774641443,-60.));
#863 = CARTESIAN_POINT('',(-98.2774641443,115.41771355967));
#864 = CARTESIAN_POINT('',(53.638732072154,27.708856779837));
#865 = ( GEOMETRIC_REPRESENTATION_CONTEXT(2) 
PARAMETRIC_REPRESENTATION_CONTEXT() REPRESENTATION_CONTEXT('2D SPACE',''
  ) );
#866 = ORIENTED_EDGE('',*,*,#867,.T.);
#867 = EDGE_CURVE('',#835,#868,#870,.T.);
#868 = VERTEX_POINT('',#869);
#869 = CARTESIAN_POINT('',(94.76818718523,51.250336766868,-2.));
#870 = SURFACE_CURVE('',#871,(#876,#886),.PCURVE_S1.);
#871 = HYPERBOLA('',#872,9.286290287604,3.);
#872 = AXIS2_PLACEMENT_3D('',#873,#874,#875);
#873 = CARTESIAN_POINT('',(1.5,-2.598076211353,331.49731054548));
#874 = DIRECTION('',(0.5,-0.866025403784,0.));
#875 = DIRECTION('',(0.,-0.,-1.));
#876 = PCURVE('',#43,#877);
#877 = DEFINITIONAL_REPRESENTATION('',(#878),#885);
#878 = B_SPLINE_CURVE_WITH_KNOTS('',5,(#879,#880,#881,#882,#883,#884),
  .UNSPECIFIED.,.F.,.F.,(6,6),(4.205776475288,4.280030381496),
  .PIECEWISE_BEZIER_KNOTS.);
#879 = CARTESIAN_POINT('',(-0.493782574804,20.));
#880 = CARTESIAN_POINT('',(-0.494225303075,24.623922307742));
#881 = CARTESIAN_POINT('',(-0.494659816423,29.333718855705));
#882 = CARTESIAN_POINT('',(-0.495086317906,34.131514209223));
#883 = CARTESIAN_POINT('',(-0.495505003077,39.019511798956));
#884 = CARTESIAN_POINT('',(-0.495916060517,44.));
#885 = ( GEOMETRIC_REPRESENTATION_CONTEXT(2) 
PARAMETRIC_REPRESENTATION_CONTEXT() REPRESENTATION_CONTEXT('2D SPACE',''
  ) );
#886 = PCURVE('',#887,#892);
#887 = PLANE('',#888);
#888 = AXIS2_PLACEMENT_3D('',#889,#890,#891);
#889 = CARTESIAN_POINT('',(53.461524227066,27.401923788647,-2.));
#890 = DIRECTION('',(0.5,-0.866025403784,0.));
#891 = DIRECTION('',(0.,0.,1.));
#892 = DEFINITIONAL_REPRESENTATION('',(#893),#897);
#893 = ( BOUNDED_CURVE() B_SPLINE_CURVE(2,(#894,#895,#896),
.UNSPECIFIED.,.F.,.F.) B_SPLINE_CURVE_WITH_KNOTS((3,3),(4.205776475288,
4.280030381496),.PIECEWISE_BEZIER_KNOTS.) CURVE() 
GEOMETRIC_REPRESENTATION_ITEM() RATIONAL_B_SPLINE_CURVE((1.,
1.000689284494,1.)) REPRESENTATION_ITEM('') );
#894 = CARTESIAN_POINT('',(22.,-40.58662276238));
#895 = CARTESIAN_POINT('',(10.445502690218,-44.32104249168));
#896 = CARTESIAN_POINT('',(-2.,-48.34318885768));
#897 = ( GEOMETRIC_REPRESENTATION_CONTEXT(2) 
PARAMETRIC_REPRESENTATION_CONTEXT() REPRESENTATION_CONTEXT('2D SPACE',''
  ) );
#898 = ORIENTED_EDGE('',*,*,#899,.F.);
#899 = EDGE_CURVE('',#803,#868,#900,.T.);
#900 = SURFACE_CURVE('',#901,(#906,#913),.PCURVE_S1.);
#901 = CIRCLE('',#902,107.73860181519);
#902 = AXIS2_PLACEMENT_3D('',#903,#904,#905);
#903 = CARTESIAN_POINT('',(0.,0.,-2.));
#904 = DIRECTION('',(0.,0.,-1.));
#905 = DIRECTION('',(1.,0.,0.));
#906 = PCURVE('',#43,#907);
#907 = DEFINITIONAL_REPRESENTATION('',(#908),#912);
#908 = LINE('',#909,#910);
#909 = CARTESIAN_POINT('',(-6.28318530718,42.));
#910 = VECTOR('',#911,1.);
#911 = DIRECTION('',(1.,-0.));
#912 = ( GEOMETRIC_REPRESENTATION_CONTEXT(2) 
PARAMETRIC_REPRESENTATION_CONTEXT() REPRESENTATION_CONTEXT('2D SPACE',''
  ) );
#913 = PCURVE('',#914,#919);
#914 = PLANE('',#915);
#915 = AXIS2_PLACEMENT_3D('',#916,#917,#918);
#916 = CARTESIAN_POINT('',(50.461524227066,32.598076211353,-2.));
#917 = DIRECTION('',(0.,0.,1.));
#918 = DIRECTION('',(0.5,-0.866025403784,0.));
#919 = DEFINITIONAL_REPRESENTATION('',(#920),#928);
#920 = ( BOUNDED_CURVE() B_SPLINE_CURVE(2,(#921,#922,#923,#924,#925,#926
,#927),.UNSPECIFIED.,.T.,.F.) B_SPLINE_CURVE_WITH_KNOTS((1,2,2,2,2,1),(
    -2.094395102393,0.,2.094395102393,4.188790204786,6.28318530718,
8.377580409573),.UNSPECIFIED.) CURVE() GEOMETRIC_REPRESENTATION_ITEM() 
RATIONAL_B_SPLINE_CURVE((1.,0.5,1.,0.5,1.,0.5,1.)) REPRESENTATION_ITEM(
  '') );
#921 = CARTESIAN_POINT('',(56.869300907595,33.304366140171));
#922 = CARTESIAN_POINT('',(218.47720363038,-60.));
#923 = CARTESIAN_POINT('',(56.869300907595,-153.3043661401));
#924 = CARTESIAN_POINT('',(-104.7386018151,-246.6087322803));
#925 = CARTESIAN_POINT('',(-104.7386018151,-60.));
#926 = CARTESIAN_POINT('',(-104.7386018151,126.60873228034));
#927 = CARTESIAN_POINT('',(56.869300907595,33.304366140171));
#928 = ( GEOMETRIC_REPRESENTATION_CONTEXT(2) 
PARAMETRIC_REPRESENTATION_CONTEXT() REPRESENTATION_CONTEXT('2D SPACE',''
  ) );
#929 = FACE_BOUND('',#930,.T.);
#930 = EDGE_LOOP('',(#931,#965,#998,#1030));
#931 = ORIENTED_EDGE('',*,*,#932,.F.);
#932 = EDGE_CURVE('',#933,#935,#937,.T.);
#933 = VERTEX_POINT('',#934);
#934 = CARTESIAN_POINT('',(73.223404648576,69.967547871654,18.));
#935 = VERTEX_POINT('',#936);
#936 = CARTESIAN_POINT('',(78.026947110793,74.292676931591,-2.));
#937 = SURFACE_CURVE('',#938,(#943,#953),.PCURVE_S1.);
#938 = HYPERBOLA('',#939,9.286290287604,3.);
#939 = AXIS2_PLACEMENT_3D('',#940,#941,#942);
#940 = CARTESIAN_POINT('',(-2.007391819077,2.229434476432,
    331.49731054548));
#941 = DIRECTION('',(0.669130606359,-0.743144825477,0.));
#942 = DIRECTION('',(0.,-0.,-1.));
#943 = PCURVE('',#43,#944);
#944 = DEFINITIONAL_REPRESENTATION('',(#945),#952);
#945 = B_SPLINE_CURVE_WITH_KNOTS('',5,(#946,#947,#948,#949,#950,#951),
  .UNSPECIFIED.,.F.,.F.,(6,6),(4.205776475288,4.280030381496),
  .PIECEWISE_BEZIER_KNOTS.);
#946 = CARTESIAN_POINT('',(-0.762854486632,20.));
#947 = CARTESIAN_POINT('',(-0.762411758361,24.623922307742));
#948 = CARTESIAN_POINT('',(-0.761977245013,29.333718855705));
#949 = CARTESIAN_POINT('',(-0.76155074353,34.131514209223));
#950 = CARTESIAN_POINT('',(-0.761132058359,39.019511798956));
#951 = CARTESIAN_POINT('',(-0.760721000919,44.));
#952 = ( GEOMETRIC_REPRESENTATION_CONTEXT(2) 
PARAMETRIC_REPRESENTATION_CONTEXT() REPRESENTATION_CONTEXT('2D SPACE',''
  ) );
#953 = PCURVE('',#954,#959);
#954 = PLANE('',#955);
#955 = AXIS2_PLACEMENT_3D('',#956,#957,#958);
#956 = CARTESIAN_POINT('',(42.581297709567,42.377270857964,-2.));
#957 = DIRECTION('',(0.669130606359,-0.743144825477,0.));
#958 = DIRECTION('',(0.,0.,1.));
#959 = DEFINITIONAL_REPRESENTATION('',(#960),#964);
#960 = ( BOUNDED_CURVE() B_SPLINE_CURVE(2,(#961,#962,#963),
.UNSPECIFIED.,.F.,.F.) B_SPLINE_CURVE_WITH_KNOTS((3,3),(4.205776475288,
4.280030381496),.PIECEWISE_BEZIER_KNOTS.) CURVE() 
GEOMETRIC_REPRESENTATION_ITEM() RATIONAL_B_SPLINE_CURVE((1.,
1.000689284494,1.)) REPRESENTATION_ITEM('') );
#961 = CARTESIAN_POINT('',(22.,-40.58662276238));
#962 = CARTESIAN_POINT('',(10.445502690218,-44.32104249168));
#963 = CARTESIAN_POINT('',(-2.,-48.34318885768));
#964 = ( GEOMETRIC_REPRESENTATION_CONTEXT(2) 
PARAMETRIC_REPRESENTATION_CONTEXT() REPRESENTATION_CONTEXT('2D SPACE',''
  ) );
#965 = ORIENTED_EDGE('',*,*,#966,.T.);
#966 = EDGE_CURVE('',#933,#967,#969,.T.);
#967 = VERTEX_POINT('',#968);
#968 = CARTESIAN_POINT('',(77.238188286729,65.50867891879,18.));
#969 = SURFACE_CURVE('',#970,(#975,#982),.PCURVE_S1.);
#970 = CIRCLE('',#971,101.2774641443);
#971 = AXIS2_PLACEMENT_3D('',#972,#973,#974);
#972 = CARTESIAN_POINT('',(0.,0.,18.));
#973 = DIRECTION('',(0.,0.,-1.));
#974 = DIRECTION('',(1.,0.,0.));
#975 = PCURVE('',#43,#976);
#976 = DEFINITIONAL_REPRESENTATION('',(#977),#981);
#977 = LINE('',#978,#979);
#978 = CARTESIAN_POINT('',(-6.28318530718,22.));
#979 = VECTOR('',#980,1.);
#980 = DIRECTION('',(1.,-0.));
#981 = ( GEOMETRIC_REPRESENTATION_CONTEXT(2) 
PARAMETRIC_REPRESENTATION_CONTEXT() REPRESENTATION_CONTEXT('2D SPACE',''
  ) );
#982 = PCURVE('',#983,#988);
#983 = PLANE('',#984);
#984 = AXIS2_PLACEMENT_3D('',#985,#986,#987);
#985 = CARTESIAN_POINT('',(42.581297709567,42.377270857964,18.));
#986 = DIRECTION('',(0.,0.,1.));
#987 = DIRECTION('',(0.669130606359,-0.743144825477,0.));
#988 = DEFINITIONAL_REPRESENTATION('',(#989),#997);
#989 = ( BOUNDED_CURVE() B_SPLINE_CURVE(2,(#990,#991,#992,#993,#994,#995
,#996),.UNSPECIFIED.,.T.,.F.) B_SPLINE_CURVE_WITH_KNOTS((1,2,2,2,2,1),(
    -2.094395102393,0.,2.094395102393,4.188790204786,6.28318530718,
8.377580409573),.UNSPECIFIED.) CURVE() GEOMETRIC_REPRESENTATION_ITEM() 
RATIONAL_B_SPLINE_CURVE((1.,0.5,1.,0.5,1.,0.5,1.)) REPRESENTATION_ITEM(
  '') );
#990 = CARTESIAN_POINT('',(70.767850993368,15.263823416314));
#991 = CARTESIAN_POINT('',(201.12861712231,-102.1135376239));
#992 = CARTESIAN_POINT('',(34.29645756779,-156.3205922282));
#993 = CARTESIAN_POINT('',(-132.5357019867,-210.5276468326));
#994 = CARTESIAN_POINT('',(-96.06430856115,-38.94323118802));
#995 = CARTESIAN_POINT('',(-59.59291513558,132.64118445658));
#996 = CARTESIAN_POINT('',(70.767850993368,15.263823416314));
#997 = ( GEOMETRIC_REPRESENTATION_CONTEXT(2) 
PARAMETRIC_REPRESENTATION_CONTEXT() REPRESENTATION_CONTEXT('2D SPACE',''
  ) );
#998 = ORIENTED_EDGE('',*,*,#999,.T.);
#999 = EDGE_CURVE('',#967,#1000,#1002,.T.);
#1000 = VERTEX_POINT('',#1001);
#1001 = CARTESIAN_POINT('',(82.041730748946,69.833807978726,-2.));
#1002 = SURFACE_CURVE('',#1003,(#1008,#1018),.PCURVE_S1.);
#1003 = HYPERBOLA('',#1004,9.286290287604,3.);
#1004 = AXIS2_PLACEMENT_3D('',#1005,#1006,#1007);
#1005 = CARTESIAN_POINT('',(2.007391819077,-2.229434476432,
    331.49731054548));
#1006 = DIRECTION('',(0.669130606359,-0.743144825477,0.));
#1007 = DIRECTION('',(0.,-0.,-1.));
#1008 = PCURVE('',#43,#1009);
#1009 = DEFINITIONAL_REPRESENTATION('',(#1010),#1017);
#1010 = B_SPLINE_CURVE_WITH_KNOTS('',5,(#1011,#1012,#1013,#1014,#1015,
    #1016),.UNSPECIFIED.,.F.,.F.,(6,6),(4.205776475288,4.280030381496),
  .PIECEWISE_BEZIER_KNOTS.);
#1011 = CARTESIAN_POINT('',(-0.703222085044,20.));
#1012 = CARTESIAN_POINT('',(-0.703664813314,24.623922307742));
#1013 = CARTESIAN_POINT('',(-0.704099326662,29.333718855705));
#1014 = CARTESIAN_POINT('',(-0.704525828145,34.131514209223));
#1015 = CARTESIAN_POINT('',(-0.704944513316,39.019511798956));
#1016 = CARTESIAN_POINT('',(-0.705355570756,44.));
#1017 = ( GEOMETRIC_REPRESENTATION_CONTEXT(2) 
PARAMETRIC_REPRESENTATION_CONTEXT() REPRESENTATION_CONTEXT('2D SPACE',''
  ) );
#1018 = PCURVE('',#1019,#1024);
#1019 = PLANE('',#1020);
#1020 = AXIS2_PLACEMENT_3D('',#1021,#1022,#1023);
#1021 = CARTESIAN_POINT('',(46.59608134772,37.918401905099,-2.));
#1022 = DIRECTION('',(0.669130606359,-0.743144825477,0.));
#1023 = DIRECTION('',(0.,0.,1.));
#1024 = DEFINITIONAL_REPRESENTATION('',(#1025),#1029);
#1025 = ( BOUNDED_CURVE() B_SPLINE_CURVE(2,(#1026,#1027,#1028),
.UNSPECIFIED.,.F.,.F.) B_SPLINE_CURVE_WITH_KNOTS((3,3),(4.205776475288,
4.280030381496),.PIECEWISE_BEZIER_KNOTS.) CURVE() 
GEOMETRIC_REPRESENTATION_ITEM() RATIONAL_B_SPLINE_CURVE((1.,
1.000689284494,1.)) REPRESENTATION_ITEM('') );
#1026 = CARTESIAN_POINT('',(22.,-40.58662276238));
#1027 = CARTESIAN_POINT('',(10.445502690218,-44.32104249168));
#1028 = CARTESIAN_POINT('',(-2.,-48.34318885768));
#1029 = ( GEOMETRIC_REPRESENTATION_CONTEXT(2) 
PARAMETRIC_REPRESENTATION_CONTEXT() REPRESENTATION_CONTEXT('2D SPACE',''
  ) );
#1030 = ORIENTED_EDGE('',*,*,#1031,.F.);
#1031 = EDGE_CURVE('',#935,#1000,#1032,.T.);
#1032 = SURFACE_CURVE('',#1033,(#1038,#1045),.PCURVE_S1.);
#1033 = CIRCLE('',#1034,107.73860181519);
#1034 = AXIS2_PLACEMENT_3D('',#1035,#1036,#1037);
#1035 = CARTESIAN_POINT('',(0.,0.,-2.));
#1036 = DIRECTION('',(0.,0.,-1.));
#1037 = DIRECTION('',(1.,0.,0.));
#1038 = PCURVE('',#43,#1039);
#1039 = DEFINITIONAL_REPRESENTATION('',(#1040),#1044);
#1040 = LINE('',#1041,#1042);
#1041 = CARTESIAN_POINT('',(-6.28318530718,42.));
#1042 = VECTOR('',#1043,1.);
#1043 = DIRECTION('',(1.,-0.));
#1044 = ( GEOMETRIC_REPRESENTATION_CONTEXT(2) 
PARAMETRIC_REPRESENTATION_CONTEXT() REPRESENTATION_CONTEXT('2D SPACE',''
  ) );
#1045 = PCURVE('',#1046,#1051);
#1046 = PLANE('',#1047);
#1047 = AXIS2_PLACEMENT_3D('',#1048,#1049,#1050);
#1048 = CARTESIAN_POINT('',(42.581297709567,42.377270857964,-2.));
#1049 = DIRECTION('',(0.,0.,1.));
#1050 = DIRECTION('',(0.669130606359,-0.743144825477,0.));
#1051 = DEFINITIONAL_REPRESENTATION('',(#1052),#1060);
#1052 = ( BOUNDED_CURVE() B_SPLINE_CURVE(2,(#1053,#1054,#1055,#1056,
#1057,#1058,#1059),.UNSPECIFIED.,.T.,.F.) B_SPLINE_CURVE_WITH_KNOTS((1,2
    ,2,2,2,1),(-2.094395102393,0.,2.094395102393,4.188790204786,
6.28318530718,8.377580409573),.UNSPECIFIED.) CURVE() 
GEOMETRIC_REPRESENTATION_ITEM() RATIONAL_B_SPLINE_CURVE((1.,0.5,1.,0.5,
1.,0.5,1.)) REPRESENTATION_ITEM('') );
#1053 = CARTESIAN_POINT('',(75.091195960854,20.065384443128));
#1054 = CARTESIAN_POINT('',(213.76850974388,-104.8002297394));
#1055 = CARTESIAN_POINT('',(36.29305891109,-162.4654993128));
#1056 = CARTESIAN_POINT('',(-141.1823919217,-220.1307688862));
#1057 = CARTESIAN_POINT('',(-102.3842548719,-37.59988513026));
#1058 = CARTESIAN_POINT('',(-63.58611782217,144.93099862573));
#1059 = CARTESIAN_POINT('',(75.091195960854,20.065384443128));
#1060 = ( GEOMETRIC_REPRESENTATION_CONTEXT(2) 
PARAMETRIC_REPRESENTATION_CONTEXT() REPRESENTATION_CONTEXT('2D SPACE',''
  ) );
#1061 = FACE_BOUND('',#1062,.T.);
#1062 = EDGE_LOOP('',(#1063,#1097,#1130,#1162));
#1063 = ORIENTED_EDGE('',*,*,#1064,.F.);
#1064 = EDGE_CURVE('',#1065,#1067,#1069,.T.);
#1065 = VERTEX_POINT('',#1066);
#1066 = CARTESIAN_POINT('',(57.076226394197,83.662590947805,18.));
#1067 = VERTEX_POINT('',#1068);
#1068 = CARTESIAN_POINT('',(60.875555032781,88.89191819588,-2.));
#1069 = SURFACE_CURVE('',#1070,(#1075,#1085),.PCURVE_S1.);
#1070 = HYPERBOLA('',#1071,9.286290287604,3.);
#1071 = AXIS2_PLACEMENT_3D('',#1072,#1073,#1074);
#1072 = CARTESIAN_POINT('',(-2.427050983125,1.763355756877,
    331.49731054548));
#1073 = DIRECTION('',(0.809016994375,-0.587785252292,0.));
#1074 = DIRECTION('',(0.,-0.,-1.));
#1075 = PCURVE('',#43,#1076);
#1076 = DEFINITIONAL_REPRESENTATION('',(#1077),#1084);
#1077 = B_SPLINE_CURVE_WITH_KNOTS('',5,(#1078,#1079,#1080,#1081,#1082,
    #1083),.UNSPECIFIED.,.F.,.F.,(6,6),(4.205776475288,4.280030381496),
  .PIECEWISE_BEZIER_KNOTS.);
#1078 = CARTESIAN_POINT('',(-0.972293996871,20.));
#1079 = CARTESIAN_POINT('',(-0.9718512686,24.623922307742));
#1080 = CARTESIAN_POINT('',(-0.971416755253,29.333718855705));
#1081 = CARTESIAN_POINT('',(-0.97099025377,34.131514209224));
#1082 = CARTESIAN_POINT('',(-0.970571568598,39.019511798956));
#1083 = CARTESIAN_POINT('',(-0.970160511158,44.));
#1084 = ( GEOMETRIC_REPRESENTATION_CONTEXT(2) 
PARAMETRIC_REPRESENTATION_CONTEXT() REPRESENTATION_CONTEXT('2D SPACE',''
  ) );
#1085 = PCURVE('',#1086,#1091);
#1086 = PLANE('',#1087);
#1087 = AXIS2_PLACEMENT_3D('',#1088,#1089,#1090);
#1088 = CARTESIAN_POINT('',(32.840064154424,50.304375419374,-2.));
#1089 = DIRECTION('',(0.809016994375,-0.587785252292,0.));
#1090 = DIRECTION('',(0.,0.,1.));
#1091 = DEFINITIONAL_REPRESENTATION('',(#1092),#1096);
#1092 = ( BOUNDED_CURVE() B_SPLINE_CURVE(2,(#1093,#1094,#1095),
.UNSPECIFIED.,.F.,.F.) B_SPLINE_CURVE_WITH_KNOTS((3,3),(4.205776475288,
4.280030381496),.PIECEWISE_BEZIER_KNOTS.) CURVE() 
GEOMETRIC_REPRESENTATION_ITEM() RATIONAL_B_SPLINE_CURVE((1.,
1.000689284494,1.)) REPRESENTATION_ITEM('') );
#1093 = CARTESIAN_POINT('',(22.,-40.58662276238));
#1094 = CARTESIAN_POINT('',(10.445502690218,-44.32104249168));
#1095 = CARTESIAN_POINT('',(-2.,-48.34318885768));
#1096 = ( GEOMETRIC_REPRESENTATION_CONTEXT(2) 
PARAMETRIC_REPRESENTATION_CONTEXT() REPRESENTATION_CONTEXT('2D SPACE',''
  ) );
#1097 = ORIENTED_EDGE('',*,*,#1098,.T.);
#1098 = EDGE_CURVE('',#1065,#1099,#1101,.T.);
#1099 = VERTEX_POINT('',#1100);
#1100 = CARTESIAN_POINT('',(61.930328360447,80.13587943405,18.));
#1101 = SURFACE_CURVE('',#1102,(#1107,#1114),.PCURVE_S1.);
#1102 = CIRCLE('',#1103,101.2774641443);
#1103 = AXIS2_PLACEMENT_3D('',#1104,#1105,#1106);
#1104 = CARTESIAN_POINT('',(0.,0.,18.));
#1105 = DIRECTION('',(0.,0.,-1.));
#1106 = DIRECTION('',(1.,0.,0.));
#1107 = PCURVE('',#43,#1108);
#1108 = DEFINITIONAL_REPRESENTATION('',(#1109),#1113);
#1109 = LINE('',#1110,#1111);
#1110 = CARTESIAN_POINT('',(-6.28318530718,22.));
#1111 = VECTOR('',#1112,1.);
#1112 = DIRECTION('',(1.,-0.));
#1113 = ( GEOMETRIC_REPRESENTATION_CONTEXT(2) 
PARAMETRIC_REPRESENTATION_CONTEXT() REPRESENTATION_CONTEXT('2D SPACE',''
  ) );
#1114 = PCURVE('',#1115,#1120);
#1115 = PLANE('',#1116);
#1116 = AXIS2_PLACEMENT_3D('',#1117,#1118,#1119);
#1117 = CARTESIAN_POINT('',(32.840064154424,50.304375419374,18.));
#1118 = DIRECTION('',(0.,0.,1.));
#1119 = DIRECTION('',(0.809016994375,-0.587785252292,0.));
#1120 = DEFINITIONAL_REPRESENTATION('',(#1121),#1129);
#1121 = ( BOUNDED_CURVE() B_SPLINE_CURVE(2,(#1122,#1123,#1124,#1125,
#1126,#1127,#1128),.UNSPECIFIED.,.T.,.F.) B_SPLINE_CURVE_WITH_KNOTS((1,2
    ,2,2,2,1),(-2.094395102393,0.,2.094395102393,4.188790204786,
6.28318530718,8.377580409573),.UNSPECIFIED.) CURVE() 
GEOMETRIC_REPRESENTATION_ITEM() RATIONAL_B_SPLINE_CURVE((1.,0.5,1.,0.5,
1.,0.5,1.)) REPRESENTATION_ITEM('') );
#1122 = CARTESIAN_POINT('',(84.935189639944,-0.470600186397));
#1123 = CARTESIAN_POINT('',(188.04313466118,-142.3865115705));
#1124 = CARTESIAN_POINT('',(13.586377690649,-160.7226555988));
#1125 = CARTESIAN_POINT('',(-160.8703792798,-179.0587996272));
#1126 = CARTESIAN_POINT('',(-89.52156733059,-18.80674421471));
#1127 = CARTESIAN_POINT('',(-18.17275538129,141.44531119777));
#1128 = CARTESIAN_POINT('',(84.935189639944,-0.470600186397));
#1129 = ( GEOMETRIC_REPRESENTATION_CONTEXT(2) 
PARAMETRIC_REPRESENTATION_CONTEXT() REPRESENTATION_CONTEXT('2D SPACE',''
  ) );
#1130 = ORIENTED_EDGE('',*,*,#1131,.T.);
#1131 = EDGE_CURVE('',#1099,#1132,#1134,.T.);
#1132 = VERTEX_POINT('',#1133);
#1133 = CARTESIAN_POINT('',(65.729656999031,85.365206682125,-2.));
#1134 = SURFACE_CURVE('',#1135,(#1140,#1150),.PCURVE_S1.);
#1135 = HYPERBOLA('',#1136,9.286290287604,3.);
#1136 = AXIS2_PLACEMENT_3D('',#1137,#1138,#1139);
#1137 = CARTESIAN_POINT('',(2.427050983125,-1.763355756877,
    331.49731054548));
#1138 = DIRECTION('',(0.809016994375,-0.587785252292,0.));
#1139 = DIRECTION('',(0.,-0.,-1.));
#1140 = PCURVE('',#43,#1141);
#1141 = DEFINITIONAL_REPRESENTATION('',(#1142),#1149);
#1142 = B_SPLINE_CURVE_WITH_KNOTS('',5,(#1143,#1144,#1145,#1146,#1147,
    #1148),.UNSPECIFIED.,.F.,.F.,(6,6),(4.205776475288,4.280030381496),
  .PIECEWISE_BEZIER_KNOTS.);
#1143 = CARTESIAN_POINT('',(-0.912661595283,20.));
#1144 = CARTESIAN_POINT('',(-0.913104323554,24.623922307742));
#1145 = CARTESIAN_POINT('',(-0.913538836901,29.333718855705));
#1146 = CARTESIAN_POINT('',(-0.913965338384,34.131514209224));
#1147 = CARTESIAN_POINT('',(-0.914384023556,39.019511798956));
#1148 = CARTESIAN_POINT('',(-0.914795080996,44.));
#1149 = ( GEOMETRIC_REPRESENTATION_CONTEXT(2) 
PARAMETRIC_REPRESENTATION_CONTEXT() REPRESENTATION_CONTEXT('2D SPACE',''
  ) );
#1150 = PCURVE('',#1151,#1156);
#1151 = PLANE('',#1152);
#1152 = AXIS2_PLACEMENT_3D('',#1153,#1154,#1155);
#1153 = CARTESIAN_POINT('',(37.694166120673,46.777663905619,-2.));
#1154 = DIRECTION('',(0.809016994375,-0.587785252292,0.));
#1155 = DIRECTION('',(0.,0.,1.));
#1156 = DEFINITIONAL_REPRESENTATION('',(#1157),#1161);
#1157 = ( BOUNDED_CURVE() B_SPLINE_CURVE(2,(#1158,#1159,#1160),
.UNSPECIFIED.,.F.,.F.) B_SPLINE_CURVE_WITH_KNOTS((3,3),(4.205776475288,
4.280030381496),.PIECEWISE_BEZIER_KNOTS.) CURVE() 
GEOMETRIC_REPRESENTATION_ITEM() RATIONAL_B_SPLINE_CURVE((1.,
1.000689284494,1.)) REPRESENTATION_ITEM('') );
#1158 = CARTESIAN_POINT('',(22.,-40.58662276238));
#1159 = CARTESIAN_POINT('',(10.445502690218,-44.32104249168));
#1160 = CARTESIAN_POINT('',(-2.,-48.34318885768));
#1161 = ( GEOMETRIC_REPRESENTATION_CONTEXT(2) 
PARAMETRIC_REPRESENTATION_CONTEXT() REPRESENTATION_CONTEXT('2D SPACE',''
  ) );
#1162 = ORIENTED_EDGE('',*,*,#1163,.F.);
#1163 = EDGE_CURVE('',#1067,#1132,#1164,.T.);
#1164 = SURFACE_CURVE('',#1165,(#1170,#1177),.PCURVE_S1.);
#1165 = CIRCLE('',#1166,107.73860181519);
#1166 = AXIS2_PLACEMENT_3D('',#1167,#1168,#1169);
#1167 = CARTESIAN_POINT('',(0.,0.,-2.));
#1168 = DIRECTION('',(0.,0.,-1.));
#1169 = DIRECTION('',(1.,0.,0.));
#1170 = PCURVE('',#43,#1171);
#1171 = DEFINITIONAL_REPRESENTATION('',(#1172),#1176);
#1172 = LINE('',#1173,#1174);
#1173 = CARTESIAN_POINT('',(-6.28318530718,42.));
#1174 = VECTOR('',#1175,1.);
#1175 = DIRECTION('',(1.,-0.));
#1176 = ( GEOMETRIC_REPRESENTATION_CONTEXT(2) 
PARAMETRIC_REPRESENTATION_CONTEXT() REPRESENTATION_CONTEXT('2D SPACE',''
  ) );
#1177 = PCURVE('',#1178,#1183);
#1178 = PLANE('',#1179);
#1179 = AXIS2_PLACEMENT_3D('',#1180,#1181,#1182);
#1180 = CARTESIAN_POINT('',(32.840064154424,50.304375419374,-2.));
#1181 = DIRECTION('',(0.,0.,1.));
#1182 = DIRECTION('',(0.809016994375,-0.587785252292,0.));
#1183 = DEFINITIONAL_REPRESENTATION('',(#1184),#1192);
#1184 = ( BOUNDED_CURVE() B_SPLINE_CURVE(2,(#1185,#1186,#1187,#1188,
#1189,#1190,#1191),.UNSPECIFIED.,.T.,.F.) B_SPLINE_CURVE_WITH_KNOTS((1,2
    ,2,2,2,1),(-2.094395102393,0.,2.094395102393,4.188790204786,
6.28318530718,8.377580409573),.UNSPECIFIED.) CURVE() 
GEOMETRIC_REPRESENTATION_ITEM() RATIONAL_B_SPLINE_CURVE((1.,0.5,1.,0.5,
1.,0.5,1.)) REPRESENTATION_ITEM('') );
#1185 = CARTESIAN_POINT('',(90.162359818685,3.32716124958));
#1186 = CARTESIAN_POINT('',(199.84822060206,-147.6424744639));
#1187 = CARTESIAN_POINT('',(14.261750482348,-167.1483984815));
#1188 = CARTESIAN_POINT('',(-171.3247196373,-186.6543224991));
#1189 = CARTESIAN_POINT('',(-95.42411030103,-16.178762768));
#1190 = CARTESIAN_POINT('',(-19.52350096469,154.29679696314));
#1191 = CARTESIAN_POINT('',(90.162359818685,3.32716124958));
#1192 = ( GEOMETRIC_REPRESENTATION_CONTEXT(2) 
PARAMETRIC_REPRESENTATION_CONTEXT() REPRESENTATION_CONTEXT('2D SPACE',''
  ) );
#1193 = FACE_BOUND('',#1194,.T.);
#1194 = EDGE_LOOP('',(#1195,#1229,#1262,#1294));
#1195 = ORIENTED_EDGE('',*,*,#1196,.F.);
#1196 = EDGE_CURVE('',#1197,#1199,#1201,.T.);
#1197 = VERTEX_POINT('',#1198);
#1198 = CARTESIAN_POINT('',(38.434543164271,93.701177341884,18.));
#1199 = VERTEX_POINT('',#1200);
#1200 = CARTESIAN_POINT('',(41.063609086514,99.606156084261,-2.));
#1201 = SURFACE_CURVE('',#1202,(#1207,#1217),.PCURVE_S1.);
#1202 = HYPERBOLA('',#1203,9.286290287604,3.);
#1203 = AXIS2_PLACEMENT_3D('',#1204,#1205,#1206);
#1204 = CARTESIAN_POINT('',(-2.740636372928,1.220209929227,
    331.49731054548));
#1205 = DIRECTION('',(0.913545457643,-0.406736643076,0.));
#1206 = DIRECTION('',(0.,-0.,-1.));
#1207 = PCURVE('',#43,#1208);
#1208 = DEFINITIONAL_REPRESENTATION('',(#1209),#1216);
#1209 = B_SPLINE_CURVE_WITH_KNOTS('',5,(#1210,#1211,#1212,#1213,#1214,
    #1215),.UNSPECIFIED.,.F.,.F.,(6,6),(4.205776475288,4.280030381496),
  .PIECEWISE_BEZIER_KNOTS.);
#1210 = CARTESIAN_POINT('',(-1.18173350711,20.));
#1211 = CARTESIAN_POINT('',(-1.18129077884,24.623922307742));
#1212 = CARTESIAN_POINT('',(-1.180856265492,29.333718855705));
#1213 = CARTESIAN_POINT('',(-1.180429764009,34.131514209224));
#1214 = CARTESIAN_POINT('',(-1.180011078837,39.019511798956));
#1215 = CARTESIAN_POINT('',(-1.179600021397,44.));
#1216 = ( GEOMETRIC_REPRESENTATION_CONTEXT(2) 
PARAMETRIC_REPRESENTATION_CONTEXT() REPRESENTATION_CONTEXT('2D SPACE',''
  ) );
#1217 = PCURVE('',#1218,#1223);
#1218 = PLANE('',#1219);
#1219 = AXIS2_PLACEMENT_3D('',#1220,#1221,#1222);
#1220 = CARTESIAN_POINT('',(21.66356221162,56.032937387783,-2.));
#1221 = DIRECTION('',(0.913545457643,-0.406736643076,0.));
#1222 = DIRECTION('',(0.,0.,1.));
#1223 = DEFINITIONAL_REPRESENTATION('',(#1224),#1228);
#1224 = ( BOUNDED_CURVE() B_SPLINE_CURVE(2,(#1225,#1226,#1227),
.UNSPECIFIED.,.F.,.F.) B_SPLINE_CURVE_WITH_KNOTS((3,3),(4.205776475288,
4.280030381496),.PIECEWISE_BEZIER_KNOTS.) CURVE() 
GEOMETRIC_REPRESENTATION_ITEM() RATIONAL_B_SPLINE_CURVE((1.,
1.000689284494,1.)) REPRESENTATION_ITEM('') );
#1225 = CARTESIAN_POINT('',(22.,-40.58662276238));
#1226 = CARTESIAN_POINT('',(10.445502690218,-44.32104249168));
#1227 = CARTESIAN_POINT('',(-2.,-48.34318885768));
#1228 = ( GEOMETRIC_REPRESENTATION_CONTEXT(2) 
PARAMETRIC_REPRESENTATION_CONTEXT() REPRESENTATION_CONTEXT('2D SPACE',''
  ) );
#1229 = ORIENTED_EDGE('',*,*,#1230,.T.);
#1230 = EDGE_CURVE('',#1197,#1231,#1233,.T.);
#1231 = VERTEX_POINT('',#1232);
#1232 = CARTESIAN_POINT('',(43.915815910126,91.260757483429,18.));
#1233 = SURFACE_CURVE('',#1234,(#1239,#1246),.PCURVE_S1.);
#1234 = CIRCLE('',#1235,101.2774641443);
#1235 = AXIS2_PLACEMENT_3D('',#1236,#1237,#1238);
#1236 = CARTESIAN_POINT('',(0.,0.,18.));
#1237 = DIRECTION('',(0.,0.,-1.));
#1238 = DIRECTION('',(1.,0.,0.));
#1239 = PCURVE('',#43,#1240);
#1240 = DEFINITIONAL_REPRESENTATION('',(#1241),#1245);
#1241 = LINE('',#1242,#1243);
#1242 = CARTESIAN_POINT('',(-6.28318530718,22.));
#1243 = VECTOR('',#1244,1.);
#1244 = DIRECTION('',(1.,-0.));
#1245 = ( GEOMETRIC_REPRESENTATION_CONTEXT(2) 
PARAMETRIC_REPRESENTATION_CONTEXT() REPRESENTATION_CONTEXT('2D SPACE',''
  ) );
#1246 = PCURVE('',#1247,#1252);
#1247 = PLANE('',#1248);
#1248 = AXIS2_PLACEMENT_3D('',#1249,#1250,#1251);
#1249 = CARTESIAN_POINT('',(21.66356221162,56.032937387783,18.));
#1250 = DIRECTION('',(0.,0.,1.));
#1251 = DIRECTION('',(0.913545457643,-0.406736643076,0.));
#1252 = DEFINITIONAL_REPRESENTATION('',(#1253),#1261);
#1253 = ( BOUNDED_CURVE() B_SPLINE_CURVE(2,(#1254,#1255,#1256,#1257,
#1258,#1259,#1260),.UNSPECIFIED.,.T.,.F.) B_SPLINE_CURVE_WITH_KNOTS((1,2
    ,2,2,2,1),(-2.094395102393,0.,2.094395102393,4.188790204786,
6.28318530718,8.377580409573),.UNSPECIFIED.) CURVE() 
GEOMETRIC_REPRESENTATION_ITEM() RATIONAL_B_SPLINE_CURVE((1.,0.5,1.,0.5,
1.,0.5,1.)) REPRESENTATION_ITEM('') );
#1254 = CARTESIAN_POINT('',(95.521567330593,-18.80674421471));
#1255 = CARTESIAN_POINT('',(166.87037927988,-179.0587996272));
#1256 = CARTESIAN_POINT('',(-7.586377690649,-160.7226555988));
#1257 = CARTESIAN_POINT('',(-182.0431346611,-142.3865115705));
#1258 = CARTESIAN_POINT('',(-78.93518963994,-0.470600186397));
#1259 = CARTESIAN_POINT('',(24.172755381298,141.44531119777));
#1260 = CARTESIAN_POINT('',(95.521567330593,-18.80674421471));
#1261 = ( GEOMETRIC_REPRESENTATION_CONTEXT(2) 
PARAMETRIC_REPRESENTATION_CONTEXT() REPRESENTATION_CONTEXT('2D SPACE',''
  ) );
#1262 = ORIENTED_EDGE('',*,*,#1263,.T.);
#1263 = EDGE_CURVE('',#1231,#1264,#1266,.T.);
#1264 = VERTEX_POINT('',#1265);
#1265 = CARTESIAN_POINT('',(46.54488183237,97.165736225806,-2.));
#1266 = SURFACE_CURVE('',#1267,(#1272,#1282),.PCURVE_S1.);
#1267 = HYPERBOLA('',#1268,9.286290287604,3.);
#1268 = AXIS2_PLACEMENT_3D('',#1269,#1270,#1271);
#1269 = CARTESIAN_POINT('',(2.740636372928,-1.220209929227,
    331.49731054548));
#1270 = DIRECTION('',(0.913545457643,-0.406736643076,0.));
#1271 = DIRECTION('',(0.,-0.,-1.));
#1272 = PCURVE('',#43,#1273);
#1273 = DEFINITIONAL_REPRESENTATION('',(#1274),#1281);
#1274 = B_SPLINE_CURVE_WITH_KNOTS('',5,(#1275,#1276,#1277,#1278,#1279,
    #1280),.UNSPECIFIED.,.F.,.F.,(6,6),(4.205776475288,4.280030381496),
  .PIECEWISE_BEZIER_KNOTS.);
#1275 = CARTESIAN_POINT('',(-1.122101105522,20.));
#1276 = CARTESIAN_POINT('',(-1.122543833793,24.623922307742));
#1277 = CARTESIAN_POINT('',(-1.122978347141,29.333718855705));
#1278 = CARTESIAN_POINT('',(-1.123404848624,34.131514209223));
#1279 = CARTESIAN_POINT('',(-1.123823533795,39.019511798956));
#1280 = CARTESIAN_POINT('',(-1.124234591235,44.));
#1281 = ( GEOMETRIC_REPRESENTATION_CONTEXT(2) 
PARAMETRIC_REPRESENTATION_CONTEXT() REPRESENTATION_CONTEXT('2D SPACE',''
  ) );
#1282 = PCURVE('',#1283,#1288);
#1283 = PLANE('',#1284);
#1284 = AXIS2_PLACEMENT_3D('',#1285,#1286,#1287);
#1285 = CARTESIAN_POINT('',(27.144834957476,53.592517529329,-2.));
#1286 = DIRECTION('',(0.913545457643,-0.406736643076,0.));
#1287 = DIRECTION('',(0.,0.,1.));
#1288 = DEFINITIONAL_REPRESENTATION('',(#1289),#1293);
#1289 = ( BOUNDED_CURVE() B_SPLINE_CURVE(2,(#1290,#1291,#1292),
.UNSPECIFIED.,.F.,.F.) B_SPLINE_CURVE_WITH_KNOTS((3,3),(4.205776475288,
4.280030381496),.PIECEWISE_BEZIER_KNOTS.) CURVE() 
GEOMETRIC_REPRESENTATION_ITEM() RATIONAL_B_SPLINE_CURVE((1.,
1.000689284494,1.)) REPRESENTATION_ITEM('') );
#1290 = CARTESIAN_POINT('',(22.,-40.58662276238));
#1291 = CARTESIAN_POINT('',(10.445502690218,-44.32104249168));
#1292 = CARTESIAN_POINT('',(-2.,-48.34318885768));
#1293 = ( GEOMETRIC_REPRESENTATION_CONTEXT(2) 
PARAMETRIC_REPRESENTATION_CONTEXT() REPRESENTATION_CONTEXT('2D SPACE',''
  ) );
#1294 = ORIENTED_EDGE('',*,*,#1295,.F.);
#1295 = EDGE_CURVE('',#1199,#1264,#1296,.T.);
#1296 = SURFACE_CURVE('',#1297,(#1302,#1309),.PCURVE_S1.);
#1297 = CIRCLE('',#1298,107.73860181519);
#1298 = AXIS2_PLACEMENT_3D('',#1299,#1300,#1301);
#1299 = CARTESIAN_POINT('',(0.,0.,-2.));
#1300 = DIRECTION('',(0.,0.,-1.));
#1301 = DIRECTION('',(1.,0.,0.));
#1302 = PCURVE('',#43,#1303);
#1303 = DEFINITIONAL_REPRESENTATION('',(#1304),#1308);
#1304 = LINE('',#1305,#1306);
#1305 = CARTESIAN_POINT('',(-6.28318530718,42.));
#1306 = VECTOR('',#1307,1.);
#1307 = DIRECTION('',(1.,-0.));
#1308 = ( GEOMETRIC_REPRESENTATION_CONTEXT(2) 
PARAMETRIC_REPRESENTATION_CONTEXT() REPRESENTATION_CONTEXT('2D SPACE',''
  ) );
#1309 = PCURVE('',#1310,#1315);
#1310 = PLANE('',#1311);
#1311 = AXIS2_PLACEMENT_3D('',#1312,#1313,#1314);
#1312 = CARTESIAN_POINT('',(21.66356221162,56.032937387783,-2.));
#1313 = DIRECTION('',(0.,0.,1.));
#1314 = DIRECTION('',(0.913545457643,-0.406736643076,0.));
#1315 = DEFINITIONAL_REPRESENTATION('',(#1316),#1324);
#1316 = ( BOUNDED_CURVE() B_SPLINE_CURVE(2,(#1317,#1318,#1319,#1320,
#1321,#1322,#1323),.UNSPECIFIED.,.T.,.F.) B_SPLINE_CURVE_WITH_KNOTS((1,2
    ,2,2,2,1),(-2.094395102393,0.,2.094395102393,4.188790204786,
6.28318530718,8.377580409573),.UNSPECIFIED.) CURVE() 
GEOMETRIC_REPRESENTATION_ITEM() RATIONAL_B_SPLINE_CURVE((1.,0.5,1.,0.5,
1.,0.5,1.)) REPRESENTATION_ITEM('') );
#1317 = CARTESIAN_POINT('',(101.42411030103,-16.178762768));
#1318 = CARTESIAN_POINT('',(177.32471963737,-186.6543224991));
#1319 = CARTESIAN_POINT('',(-8.261750482347,-167.1483984815));
#1320 = CARTESIAN_POINT('',(-193.848220602,-147.6424744639));
#1321 = CARTESIAN_POINT('',(-84.16235981868,3.32716124958));
#1322 = CARTESIAN_POINT('',(25.523500964695,154.29679696314));
#1323 = CARTESIAN_POINT('',(101.42411030103,-16.178762768));
#1324 = ( GEOMETRIC_REPRESENTATION_CONTEXT(2) 
PARAMETRIC_REPRESENTATION_CONTEXT() REPRESENTATION_CONTEXT('2D SPACE',''
  ) );
#1325 = FACE_BOUND('',#1326,.T.);
#1326 = EDGE_LOOP('',(#1327,#1361,#1394,#1426));
#1327 = ORIENTED_EDGE('',*,*,#1328,.F.);
#1328 = EDGE_CURVE('',#1329,#1331,#1333,.T.);
#1329 = VERTEX_POINT('',#1330);
#1330 = CARTESIAN_POINT('',(18.113085968666,99.644572657988,18.));
#1331 = VERTEX_POINT('',#1332);
#1332 = CARTESIAN_POINT('',(19.456986378108,105.96712698839,-2.));
#1333 = SURFACE_CURVE('',#1334,(#1339,#1349),.PCURVE_S1.);
#1334 = HYPERBOLA('',#1335,9.286290287604,3.);
#1335 = AXIS2_PLACEMENT_3D('',#1336,#1337,#1338);
#1336 = CARTESIAN_POINT('',(-2.934442802201,0.623735072453,
    331.49731054548));
#1337 = DIRECTION('',(0.978147600734,-0.207911690818,0.));
#1338 = DIRECTION('',(0.,-0.,-1.));
#1339 = PCURVE('',#43,#1340);
#1340 = DEFINITIONAL_REPRESENTATION('',(#1341),#1348);
#1341 = B_SPLINE_CURVE_WITH_KNOTS('',5,(#1342,#1343,#1344,#1345,#1346,
    #1347),.UNSPECIFIED.,.F.,.F.,(6,6),(4.205776475288,4.280030381496),
  .PIECEWISE_BEZIER_KNOTS.);
#1342 = CARTESIAN_POINT('',(-1.39117301735,20.));
#1343 = CARTESIAN_POINT('',(-1.390730289079,24.623922307742));
#1344 = CARTESIAN_POINT('',(-1.390295775731,29.333718855705));
#1345 = CARTESIAN_POINT('',(-1.389869274248,34.131514209223));
#1346 = CARTESIAN_POINT('',(-1.389450589077,39.019511798956));
#1347 = CARTESIAN_POINT('',(-1.389039531637,44.));
#1348 = ( GEOMETRIC_REPRESENTATION_CONTEXT(2) 
PARAMETRIC_REPRESENTATION_CONTEXT() REPRESENTATION_CONTEXT('2D SPACE',''
  ) );
#1349 = PCURVE('',#1350,#1355);
#1350 = PLANE('',#1351);
#1351 = AXIS2_PLACEMENT_3D('',#1352,#1353,#1354);
#1352 = CARTESIAN_POINT('',(9.540258646864,59.312591116482,-2.));
#1353 = DIRECTION('',(0.978147600734,-0.207911690818,0.));
#1354 = DIRECTION('',(0.,0.,1.));
#1355 = DEFINITIONAL_REPRESENTATION('',(#1356),#1360);
#1356 = ( BOUNDED_CURVE() B_SPLINE_CURVE(2,(#1357,#1358,#1359),
.UNSPECIFIED.,.F.,.F.) B_SPLINE_CURVE_WITH_KNOTS((3,3),(4.205776475288,
4.280030381496),.PIECEWISE_BEZIER_KNOTS.) CURVE() 
GEOMETRIC_REPRESENTATION_ITEM() RATIONAL_B_SPLINE_CURVE((1.,
1.000689284494,1.)) REPRESENTATION_ITEM('') );
#1357 = CARTESIAN_POINT('',(22.,-40.58662276238));
#1358 = CARTESIAN_POINT('',(10.445502690218,-44.32104249168));
#1359 = CARTESIAN_POINT('',(-2.,-48.34318885768));
#1360 = ( GEOMETRIC_REPRESENTATION_CONTEXT(2) 
PARAMETRIC_REPRESENTATION_CONTEXT() REPRESENTATION_CONTEXT('2D SPACE',''
  ) );
#1361 = ORIENTED_EDGE('',*,*,#1362,.T.);
#1362 = EDGE_CURVE('',#1329,#1363,#1365,.T.);
#1363 = VERTEX_POINT('',#1364);
#1364 = CARTESIAN_POINT('',(23.981971573068,98.397102513082,18.));
#1365 = SURFACE_CURVE('',#1366,(#1371,#1378),.PCURVE_S1.);
#1366 = CIRCLE('',#1367,101.2774641443);
#1367 = AXIS2_PLACEMENT_3D('',#1368,#1369,#1370);
#1368 = CARTESIAN_POINT('',(0.,0.,18.));
#1369 = DIRECTION('',(0.,0.,-1.));
#1370 = DIRECTION('',(1.,0.,0.));
#1371 = PCURVE('',#43,#1372);
#1372 = DEFINITIONAL_REPRESENTATION('',(#1373),#1377);
#1373 = LINE('',#1374,#1375);
#1374 = CARTESIAN_POINT('',(-6.28318530718,22.));
#1375 = VECTOR('',#1376,1.);
#1376 = DIRECTION('',(1.,-0.));
#1377 = ( GEOMETRIC_REPRESENTATION_CONTEXT(2) 
PARAMETRIC_REPRESENTATION_CONTEXT() REPRESENTATION_CONTEXT('2D SPACE',''
  ) );
#1378 = PCURVE('',#1379,#1384);
#1379 = PLANE('',#1380);
#1380 = AXIS2_PLACEMENT_3D('',#1381,#1382,#1383);
#1381 = CARTESIAN_POINT('',(9.540258646864,59.312591116482,18.));
#1382 = DIRECTION('',(0.,0.,1.));
#1383 = DIRECTION('',(0.978147600734,-0.207911690818,0.));
#1384 = DEFINITIONAL_REPRESENTATION('',(#1385),#1393);
#1385 = ( BOUNDED_CURVE() B_SPLINE_CURVE(2,(#1386,#1387,#1388,#1389,
#1390,#1391,#1392),.UNSPECIFIED.,.T.,.F.) B_SPLINE_CURVE_WITH_KNOTS((1,2
    ,2,2,2,1),(-2.094395102393,0.,2.094395102393,4.188790204786,
6.28318530718,8.377580409573),.UNSPECIFIED.) CURVE() 
GEOMETRIC_REPRESENTATION_ITEM() RATIONAL_B_SPLINE_CURVE((1.,0.5,1.,0.5,
1.,0.5,1.)) REPRESENTATION_ITEM('') );
#1386 = CARTESIAN_POINT('',(102.06430856115,-38.94323118802));
#1387 = CARTESIAN_POINT('',(138.53570198673,-210.5276468326));
#1388 = CARTESIAN_POINT('',(-28.29645756779,-156.3205922282));
#1389 = CARTESIAN_POINT('',(-195.1286171223,-102.1135376239));
#1390 = CARTESIAN_POINT('',(-64.76785099336,15.263823416314));
#1391 = CARTESIAN_POINT('',(65.59291513558,132.64118445658));
#1392 = CARTESIAN_POINT('',(102.06430856115,-38.94323118802));
#1393 = ( GEOMETRIC_REPRESENTATION_CONTEXT(2) 
PARAMETRIC_REPRESENTATION_CONTEXT() REPRESENTATION_CONTEXT('2D SPACE',''
  ) );
#1394 = ORIENTED_EDGE('',*,*,#1395,.T.);
#1395 = EDGE_CURVE('',#1363,#1396,#1398,.T.);
#1396 = VERTEX_POINT('',#1397);
#1397 = CARTESIAN_POINT('',(25.325871982511,104.71965684348,-2.));
#1398 = SURFACE_CURVE('',#1399,(#1404,#1414),.PCURVE_S1.);
#1399 = HYPERBOLA('',#1400,9.286290287604,3.);
#1400 = AXIS2_PLACEMENT_3D('',#1401,#1402,#1403);
#1401 = CARTESIAN_POINT('',(2.934442802201,-0.623735072453,
    331.49731054548));
#1402 = DIRECTION('',(0.978147600734,-0.207911690818,0.));
#1403 = DIRECTION('',(0.,-0.,-1.));
#1404 = PCURVE('',#43,#1405);
#1405 = DEFINITIONAL_REPRESENTATION('',(#1406),#1413);
#1406 = B_SPLINE_CURVE_WITH_KNOTS('',5,(#1407,#1408,#1409,#1410,#1411,
    #1412),.UNSPECIFIED.,.F.,.F.,(6,6),(4.205776475288,4.280030381496),
  .PIECEWISE_BEZIER_KNOTS.);
#1407 = CARTESIAN_POINT('',(-1.331540615762,20.));
#1408 = CARTESIAN_POINT('',(-1.331983344032,24.623922307742));
#1409 = CARTESIAN_POINT('',(-1.33241785738,29.333718855705));
#1410 = CARTESIAN_POINT('',(-1.332844358863,34.131514209223));
#1411 = CARTESIAN_POINT('',(-1.333263044034,39.019511798956));
#1412 = CARTESIAN_POINT('',(-1.333674101474,44.));
#1413 = ( GEOMETRIC_REPRESENTATION_CONTEXT(2) 
PARAMETRIC_REPRESENTATION_CONTEXT() REPRESENTATION_CONTEXT('2D SPACE',''
  ) );
#1414 = PCURVE('',#1415,#1420);
#1415 = PLANE('',#1416);
#1416 = AXIS2_PLACEMENT_3D('',#1417,#1418,#1419);
#1417 = CARTESIAN_POINT('',(15.409144251267,58.065120971575,-2.));
#1418 = DIRECTION('',(0.978147600734,-0.207911690818,0.));
#1419 = DIRECTION('',(0.,0.,1.));
#1420 = DEFINITIONAL_REPRESENTATION('',(#1421),#1425);
#1421 = ( BOUNDED_CURVE() B_SPLINE_CURVE(2,(#1422,#1423,#1424),
.UNSPECIFIED.,.F.,.F.) B_SPLINE_CURVE_WITH_KNOTS((3,3),(4.205776475288,
4.280030381496),.PIECEWISE_BEZIER_KNOTS.) CURVE() 
GEOMETRIC_REPRESENTATION_ITEM() RATIONAL_B_SPLINE_CURVE((1.,
1.000689284494,1.)) REPRESENTATION_ITEM('') );
#1422 = CARTESIAN_POINT('',(22.,-40.58662276238));
#1423 = CARTESIAN_POINT('',(10.445502690218,-44.32104249168));
#1424 = CARTESIAN_POINT('',(-2.,-48.34318885768));
#1425 = ( GEOMETRIC_REPRESENTATION_CONTEXT(2) 
PARAMETRIC_REPRESENTATION_CONTEXT() REPRESENTATION_CONTEXT('2D SPACE',''
  ) );
#1426 = ORIENTED_EDGE('',*,*,#1427,.F.);
#1427 = EDGE_CURVE('',#1331,#1396,#1428,.T.);
#1428 = SURFACE_CURVE('',#1429,(#1434,#1441),.PCURVE_S1.);
#1429 = CIRCLE('',#1430,107.73860181519);
#1430 = AXIS2_PLACEMENT_3D('',#1431,#1432,#1433);
#1431 = CARTESIAN_POINT('',(0.,0.,-2.));
#1432 = DIRECTION('',(0.,0.,-1.));
#1433 = DIRECTION('',(1.,0.,0.));
#1434 = PCURVE('',#43,#1435);
#1435 = DEFINITIONAL_REPRESENTATION('',(#1436),#1440);
#1436 = LINE('',#1437,#1438);
#1437 = CARTESIAN_POINT('',(-6.28318530718,42.));
#1438 = VECTOR('',#1439,1.);
#1439 = DIRECTION('',(1.,-0.));
#1440 = ( GEOMETRIC_REPRESENTATION_CONTEXT(2) 
PARAMETRIC_REPRESENTATION_CONTEXT() REPRESENTATION_CONTEXT('2D SPACE',''
  ) );
#1441 = PCURVE('',#1442,#1447);
#1442 = PLANE('',#1443);
#1443 = AXIS2_PLACEMENT_3D('',#1444,#1445,#1446);
#1444 = CARTESIAN_POINT('',(9.540258646864,59.312591116482,-2.));
#1445 = DIRECTION('',(0.,0.,1.));
#1446 = DIRECTION('',(0.978147600734,-0.207911690818,0.));
#1447 = DEFINITIONAL_REPRESENTATION('',(#1448),#1456);
#1448 = ( BOUNDED_CURVE() B_SPLINE_CURVE(2,(#1449,#1450,#1451,#1452,
#1453,#1454,#1455),.UNSPECIFIED.,.T.,.F.) B_SPLINE_CURVE_WITH_KNOTS((1,2
    ,2,2,2,1),(-2.094395102393,0.,2.094395102393,4.188790204786,
6.28318530718,8.377580409573),.UNSPECIFIED.) CURVE() 
GEOMETRIC_REPRESENTATION_ITEM() RATIONAL_B_SPLINE_CURVE((1.,0.5,1.,0.5,
1.,0.5,1.)) REPRESENTATION_ITEM('') );
#1449 = CARTESIAN_POINT('',(108.38425487194,-37.59988513026));
#1450 = CARTESIAN_POINT('',(147.1823919217,-220.1307688862));
#1451 = CARTESIAN_POINT('',(-30.29305891108,-162.4654993128));
#1452 = CARTESIAN_POINT('',(-207.7685097438,-104.8002297394));
#1453 = CARTESIAN_POINT('',(-69.09119596085,20.065384443128));
#1454 = CARTESIAN_POINT('',(69.586117822179,144.93099862573));
#1455 = CARTESIAN_POINT('',(108.38425487194,-37.59988513026));
#1456 = ( GEOMETRIC_REPRESENTATION_CONTEXT(2) 
PARAMETRIC_REPRESENTATION_CONTEXT() REPRESENTATION_CONTEXT('2D SPACE',''
  ) );
#1457 = FACE_BOUND('',#1458,.T.);
#1458 = EDGE_LOOP('',(#1459,#1493,#1526,#1558));
#1459 = ORIENTED_EDGE('',*,*,#1460,.F.);
#1460 = EDGE_CURVE('',#1461,#1463,#1465,.T.);
#1461 = VERTEX_POINT('',#1462);
#1462 = CARTESIAN_POINT('',(-3.,101.23302200122,18.));
#1463 = VERTEX_POINT('',#1464);
#1464 = CARTESIAN_POINT('',(-3.,107.69682595644,-2.));
#1465 = SURFACE_CURVE('',#1466,(#1471,#1481),.PCURVE_S1.);
#1466 = HYPERBOLA('',#1467,9.286290287604,3.);
#1467 = AXIS2_PLACEMENT_3D('',#1468,#1469,#1470);
#1468 = CARTESIAN_POINT('',(-3.,0.,331.49731054548));
#1469 = DIRECTION('',(1.,0.,0.));
#1470 = DIRECTION('',(0.,0.,-1.));
#1471 = PCURVE('',#43,#1472);
#1472 = DEFINITIONAL_REPRESENTATION('',(#1473),#1480);
#1473 = B_SPLINE_CURVE_WITH_KNOTS('',5,(#1474,#1475,#1476,#1477,#1478,
    #1479),.UNSPECIFIED.,.F.,.F.,(6,6),(4.205776475288,4.280030381496),
  .PIECEWISE_BEZIER_KNOTS.);
#1474 = CARTESIAN_POINT('',(-1.600612527589,20.));
#1475 = CARTESIAN_POINT('',(-1.600169799318,24.623922307742));
#1476 = CARTESIAN_POINT('',(-1.59973528597,29.333718855705));
#1477 = CARTESIAN_POINT('',(-1.599308784488,34.131514209223));
#1478 = CARTESIAN_POINT('',(-1.598890099316,39.019511798956));
#1479 = CARTESIAN_POINT('',(-1.598479041876,44.));
#1480 = ( GEOMETRIC_REPRESENTATION_CONTEXT(2) 
PARAMETRIC_REPRESENTATION_CONTEXT() REPRESENTATION_CONTEXT('2D SPACE',''
  ) );
#1481 = PCURVE('',#1482,#1487);
#1482 = PLANE('',#1483);
#1483 = AXIS2_PLACEMENT_3D('',#1484,#1485,#1486);
#1484 = CARTESIAN_POINT('',(-3.,60.,-2.));
#1485 = DIRECTION('',(1.,0.,0.));
#1486 = DIRECTION('',(0.,0.,1.));
#1487 = DEFINITIONAL_REPRESENTATION('',(#1488),#1492);
#1488 = ( BOUNDED_CURVE() B_SPLINE_CURVE(2,(#1489,#1490,#1491),
.UNSPECIFIED.,.F.,.F.) B_SPLINE_CURVE_WITH_KNOTS((3,3),(4.205776475288,
4.280030381496),.PIECEWISE_BEZIER_KNOTS.) CURVE() 
GEOMETRIC_REPRESENTATION_ITEM() RATIONAL_B_SPLINE_CURVE((1.,
1.000689284494,1.)) REPRESENTATION_ITEM('') );
#1489 = CARTESIAN_POINT('',(22.,-40.58662276238));
#1490 = CARTESIAN_POINT('',(10.445502690218,-44.32104249168));
#1491 = CARTESIAN_POINT('',(-2.,-48.34318885768));
#1492 = ( GEOMETRIC_REPRESENTATION_CONTEXT(2) 
PARAMETRIC_REPRESENTATION_CONTEXT() REPRESENTATION_CONTEXT('2D SPACE',''
  ) );
#1493 = ORIENTED_EDGE('',*,*,#1494,.T.);
#1494 = EDGE_CURVE('',#1461,#1495,#1497,.T.);
#1495 = VERTEX_POINT('',#1496);
#1496 = CARTESIAN_POINT('',(3.,101.23302200122,18.));
#1497 = SURFACE_CURVE('',#1498,(#1503,#1510),.PCURVE_S1.);
#1498 = CIRCLE('',#1499,101.2774641443);
#1499 = AXIS2_PLACEMENT_3D('',#1500,#1501,#1502);
#1500 = CARTESIAN_POINT('',(0.,0.,18.));
#1501 = DIRECTION('',(0.,0.,-1.));
#1502 = DIRECTION('',(1.,0.,0.));
#1503 = PCURVE('',#43,#1504);
#1504 = DEFINITIONAL_REPRESENTATION('',(#1505),#1509);
#1505 = LINE('',#1506,#1507);
#1506 = CARTESIAN_POINT('',(-6.28318530718,22.));
#1507 = VECTOR('',#1508,1.);
#1508 = DIRECTION('',(1.,-0.));
#1509 = ( GEOMETRIC_REPRESENTATION_CONTEXT(2) 
PARAMETRIC_REPRESENTATION_CONTEXT() REPRESENTATION_CONTEXT('2D SPACE',''
  ) );
#1510 = PCURVE('',#1511,#1516);
#1511 = PLANE('',#1512);
#1512 = AXIS2_PLACEMENT_3D('',#1513,#1514,#1515);
#1513 = CARTESIAN_POINT('',(-3.,60.,18.));
#1514 = DIRECTION('',(0.,0.,1.));
#1515 = DIRECTION('',(1.,0.,0.));
#1516 = DEFINITIONAL_REPRESENTATION('',(#1517),#1525);
#1517 = ( BOUNDED_CURVE() B_SPLINE_CURVE(2,(#1518,#1519,#1520,#1521,
#1522,#1523,#1524),.UNSPECIFIED.,.T.,.F.) B_SPLINE_CURVE_WITH_KNOTS((1,2
    ,2,2,2,1),(-2.094395102393,0.,2.094395102393,4.188790204786,
6.28318530718,8.377580409573),.UNSPECIFIED.) CURVE() 
GEOMETRIC_REPRESENTATION_ITEM() RATIONAL_B_SPLINE_CURVE((1.,0.5,1.,0.5,
1.,0.5,1.)) REPRESENTATION_ITEM('') );
#1518 = CARTESIAN_POINT('',(104.2774641443,-60.));
#1519 = CARTESIAN_POINT('',(104.2774641443,-235.4177135596));
#1520 = CARTESIAN_POINT('',(-47.63873207215,-147.7088567798));
#1521 = CARTESIAN_POINT('',(-199.5549282886,-60.));
#1522 = CARTESIAN_POINT('',(-47.63873207215,27.708856779837));
#1523 = CARTESIAN_POINT('',(104.2774641443,115.41771355967));
#1524 = CARTESIAN_POINT('',(104.2774641443,-60.));
#1525 = ( GEOMETRIC_REPRESENTATION_CONTEXT(2) 
PARAMETRIC_REPRESENTATION_CONTEXT() REPRESENTATION_CONTEXT('2D SPACE',''
  ) );
#1526 = ORIENTED_EDGE('',*,*,#1527,.T.);
#1527 = EDGE_CURVE('',#1495,#1528,#1530,.T.);
#1528 = VERTEX_POINT('',#1529);
#1529 = CARTESIAN_POINT('',(3.,107.69682595644,-2.));
#1530 = SURFACE_CURVE('',#1531,(#1536,#1546),.PCURVE_S1.);
#1531 = HYPERBOLA('',#1532,9.286290287604,3.);
#1532 = AXIS2_PLACEMENT_3D('',#1533,#1534,#1535);
#1533 = CARTESIAN_POINT('',(3.,0.,331.49731054548));
#1534 = DIRECTION('',(1.,0.,0.));
#1535 = DIRECTION('',(0.,0.,-1.));
#1536 = PCURVE('',#43,#1537);
#1537 = DEFINITIONAL_REPRESENTATION('',(#1538),#1545);
#1538 = B_SPLINE_CURVE_WITH_KNOTS('',5,(#1539,#1540,#1541,#1542,#1543,
    #1544),.UNSPECIFIED.,.F.,.F.,(6,6),(4.205776475288,4.280030381496),
  .PIECEWISE_BEZIER_KNOTS.);
#1539 = CARTESIAN_POINT('',(-1.540980126001,20.));
#1540 = CARTESIAN_POINT('',(-1.541422854272,24.623922307742));
#1541 = CARTESIAN_POINT('',(-1.541857367619,29.333718855705));
#1542 = CARTESIAN_POINT('',(-1.542283869102,34.131514209223));
#1543 = CARTESIAN_POINT('',(-1.542702554274,39.019511798956));
#1544 = CARTESIAN_POINT('',(-1.543113611714,44.));
#1545 = ( GEOMETRIC_REPRESENTATION_CONTEXT(2) 
PARAMETRIC_REPRESENTATION_CONTEXT() REPRESENTATION_CONTEXT('2D SPACE',''
  ) );
#1546 = PCURVE('',#1547,#1552);
#1547 = PLANE('',#1548);
#1548 = AXIS2_PLACEMENT_3D('',#1549,#1550,#1551);
#1549 = CARTESIAN_POINT('',(3.,60.,-2.));
#1550 = DIRECTION('',(1.,0.,0.));
#1551 = DIRECTION('',(0.,0.,1.));
#1552 = DEFINITIONAL_REPRESENTATION('',(#1553),#1557);
#1553 = ( BOUNDED_CURVE() B_SPLINE_CURVE(2,(#1554,#1555,#1556),
.UNSPECIFIED.,.F.,.F.) B_SPLINE_CURVE_WITH_KNOTS((3,3),(4.205776475288,
4.280030381496),.PIECEWISE_BEZIER_KNOTS.) CURVE() 
GEOMETRIC_REPRESENTATION_ITEM() RATIONAL_B_SPLINE_CURVE((1.,
1.000689284494,1.)) REPRESENTATION_ITEM('') );
#1554 = CARTESIAN_POINT('',(22.,-40.58662276238));
#1555 = CARTESIAN_POINT('',(10.445502690218,-44.32104249168));
#1556 = CARTESIAN_POINT('',(-2.,-48.34318885768));
#1557 = ( GEOMETRIC_REPRESENTATION_CONTEXT(2) 
PARAMETRIC_REPRESENTATION_CONTEXT() REPRESENTATION_CONTEXT('2D SPACE',''
  ) );
#1558 = ORIENTED_EDGE('',*,*,#1559,.F.);
#1559 = EDGE_CURVE('',#1463,#1528,#1560,.T.);
#1560 = SURFACE_CURVE('',#1561,(#1566,#1573),.PCURVE_S1.);
#1561 = CIRCLE('',#1562,107.73860181519);
#1562 = AXIS2_PLACEMENT_3D('',#1563,#1564,#1565);
#1563 = CARTESIAN_POINT('',(0.,0.,-2.));
#1564 = DIRECTION('',(0.,0.,-1.));
#1565 = DIRECTION('',(1.,0.,0.));
#1566 = PCURVE('',#43,#1567);
#1567 = DEFINITIONAL_REPRESENTATION('',(#1568),#1572);
#1568 = LINE('',#1569,#1570);
#1569 = CARTESIAN_POINT('',(-6.28318530718,42.));
#1570 = VECTOR('',#1571,1.);
#1571 = DIRECTION('',(1.,-0.));
#1572 = ( GEOMETRIC_REPRESENTATION_CONTEXT(2) 
PARAMETRIC_REPRESENTATION_CONTEXT() REPRESENTATION_CONTEXT('2D SPACE',''
  ) );
#1573 = PCURVE('',#1574,#1579);
#1574 = PLANE('',#1575);
#1575 = AXIS2_PLACEMENT_3D('',#1576,#1577,#1578);
#1576 = CARTESIAN_POINT('',(-3.,60.,-2.));
#1577 = DIRECTION('',(0.,0.,1.));
#1578 = DIRECTION('',(1.,0.,0.));
#1579 = DEFINITIONAL_REPRESENTATION('',(#1580),#1588);
#1580 = ( BOUNDED_CURVE() B_SPLINE_CURVE(2,(#1581,#1582,#1583,#1584,
#1585,#1586,#1587),.UNSPECIFIED.,.T.,.F.) B_SPLINE_CURVE_WITH_KNOTS((1,2
    ,2,2,2,1),(-2.094395102393,0.,2.094395102393,4.188790204786,
6.28318530718,8.377580409573),.UNSPECIFIED.) CURVE() 
GEOMETRIC_REPRESENTATION_ITEM() RATIONAL_B_SPLINE_CURVE((1.,0.5,1.,0.5,
1.,0.5,1.)) REPRESENTATION_ITEM('') );
#1581 = CARTESIAN_POINT('',(110.73860181519,-60.));
#1582 = CARTESIAN_POINT('',(110.73860181519,-246.6087322803));
#1583 = CARTESIAN_POINT('',(-50.86930090759,-153.3043661401));
#1584 = CARTESIAN_POINT('',(-212.4772036303,-60.));
#1585 = CARTESIAN_POINT('',(-50.86930090759,33.304366140171));
#1586 = CARTESIAN_POINT('',(110.73860181519,126.60873228034));
#1587 = CARTESIAN_POINT('',(110.73860181519,-60.));
#1588 = ( GEOMETRIC_REPRESENTATION_CONTEXT(2) 
PARAMETRIC_REPRESENTATION_CONTEXT() REPRESENTATION_CONTEXT('2D SPACE',''
  ) );
#1589 = FACE_BOUND('',#1590,.T.);
#1590 = EDGE_LOOP('',(#1591,#1625,#1658,#1690));
#1591 = ORIENTED_EDGE('',*,*,#1592,.F.);
#1592 = EDGE_CURVE('',#1593,#1595,#1597,.T.);
#1593 = VERTEX_POINT('',#1594);
#1594 = CARTESIAN_POINT('',(-23.98197157306,98.397102513082,18.));
#1595 = VERTEX_POINT('',#1596);
#1596 = CARTESIAN_POINT('',(-25.32587198251,104.71965684348,-2.));
#1597 = SURFACE_CURVE('',#1598,(#1603,#1613),.PCURVE_S1.);
#1598 = HYPERBOLA('',#1599,9.286290287604,3.);
#1599 = AXIS2_PLACEMENT_3D('',#1600,#1601,#1602);
#1600 = CARTESIAN_POINT('',(-2.934442802201,-0.623735072453,
    331.49731054548));
#1601 = DIRECTION('',(0.978147600734,0.207911690818,0.));
#1602 = DIRECTION('',(0.,0.,-1.));
#1603 = PCURVE('',#43,#1604);
#1604 = DEFINITIONAL_REPRESENTATION('',(#1605),#1612);
#1605 = B_SPLINE_CURVE_WITH_KNOTS('',5,(#1606,#1607,#1608,#1609,#1610,
    #1611),.UNSPECIFIED.,.F.,.F.,(6,6),(4.205776475288,4.280030381496),
  .PIECEWISE_BEZIER_KNOTS.);
#1606 = CARTESIAN_POINT('',(-1.810052037828,20.));
#1607 = CARTESIAN_POINT('',(-1.809609309558,24.623922307742));
#1608 = CARTESIAN_POINT('',(-1.80917479621,29.333718855706));
#1609 = CARTESIAN_POINT('',(-1.808748294727,34.131514209224));
#1610 = CARTESIAN_POINT('',(-1.808329609555,39.019511798956));
#1611 = CARTESIAN_POINT('',(-1.807918552115,44.));
#1612 = ( GEOMETRIC_REPRESENTATION_CONTEXT(2) 
PARAMETRIC_REPRESENTATION_CONTEXT() REPRESENTATION_CONTEXT('2D SPACE',''
  ) );
#1613 = PCURVE('',#1614,#1619);
#1614 = PLANE('',#1615);
#1615 = AXIS2_PLACEMENT_3D('',#1616,#1617,#1618);
#1616 = CARTESIAN_POINT('',(-15.40914425126,58.065120971575,-2.));
#1617 = DIRECTION('',(0.978147600734,0.207911690818,0.));
#1618 = DIRECTION('',(0.,0.,1.));
#1619 = DEFINITIONAL_REPRESENTATION('',(#1620),#1624);
#1620 = ( BOUNDED_CURVE() B_SPLINE_CURVE(2,(#1621,#1622,#1623),
.UNSPECIFIED.,.F.,.F.) B_SPLINE_CURVE_WITH_KNOTS((3,3),(4.205776475288,
4.280030381496),.PIECEWISE_BEZIER_KNOTS.) CURVE() 
GEOMETRIC_REPRESENTATION_ITEM() RATIONAL_B_SPLINE_CURVE((1.,
1.000689284494,1.)) REPRESENTATION_ITEM('') );
#1621 = CARTESIAN_POINT('',(22.,-40.58662276238));
#1622 = CARTESIAN_POINT('',(10.445502690219,-44.32104249168));
#1623 = CARTESIAN_POINT('',(-2.,-48.34318885768));
#1624 = ( GEOMETRIC_REPRESENTATION_CONTEXT(2) 
PARAMETRIC_REPRESENTATION_CONTEXT() REPRESENTATION_CONTEXT('2D SPACE',''
  ) );
#1625 = ORIENTED_EDGE('',*,*,#1626,.T.);
#1626 = EDGE_CURVE('',#1593,#1627,#1629,.T.);
#1627 = VERTEX_POINT('',#1628);
#1628 = CARTESIAN_POINT('',(-18.11308596866,99.644572657988,18.));
#1629 = SURFACE_CURVE('',#1630,(#1635,#1642),.PCURVE_S1.);
#1630 = CIRCLE('',#1631,101.2774641443);
#1631 = AXIS2_PLACEMENT_3D('',#1632,#1633,#1634);
#1632 = CARTESIAN_POINT('',(0.,0.,18.));
#1633 = DIRECTION('',(0.,0.,-1.));
#1634 = DIRECTION('',(1.,0.,0.));
#1635 = PCURVE('',#43,#1636);
#1636 = DEFINITIONAL_REPRESENTATION('',(#1637),#1641);
#1637 = LINE('',#1638,#1639);
#1638 = CARTESIAN_POINT('',(-6.28318530718,22.));
#1639 = VECTOR('',#1640,1.);
#1640 = DIRECTION('',(1.,-0.));
#1641 = ( GEOMETRIC_REPRESENTATION_CONTEXT(2) 
PARAMETRIC_REPRESENTATION_CONTEXT() REPRESENTATION_CONTEXT('2D SPACE',''
  ) );
#1642 = PCURVE('',#1643,#1648);
#1643 = PLANE('',#1644);
#1644 = AXIS2_PLACEMENT_3D('',#1645,#1646,#1647);
#1645 = CARTESIAN_POINT('',(-15.40914425126,58.065120971575,18.));
#1646 = DIRECTION('',(0.,0.,1.));
#1647 = DIRECTION('',(0.978147600734,0.207911690818,0.));
#1648 = DEFINITIONAL_REPRESENTATION('',(#1649),#1657);
#1649 = ( BOUNDED_CURVE() B_SPLINE_CURVE(2,(#1650,#1651,#1652,#1653,
#1654,#1655,#1656),.UNSPECIFIED.,.T.,.F.) B_SPLINE_CURVE_WITH_KNOTS((1,2
    ,2,2,2,1),(-2.094395102393,0.,2.094395102393,4.188790204786,
6.28318530718,8.377580409573),.UNSPECIFIED.) CURVE() 
GEOMETRIC_REPRESENTATION_ITEM() RATIONAL_B_SPLINE_CURVE((1.,0.5,1.,0.5,
1.,0.5,1.)) REPRESENTATION_ITEM('') );
#1650 = CARTESIAN_POINT('',(102.06430856115,-81.05676881197));
#1651 = CARTESIAN_POINT('',(65.592915135581,-252.6411844565));
#1652 = CARTESIAN_POINT('',(-64.76785099336,-135.2638234163));
#1653 = CARTESIAN_POINT('',(-195.1286171223,-17.88646237604));
#1654 = CARTESIAN_POINT('',(-28.29645756779,36.320592228292));
#1655 = CARTESIAN_POINT('',(138.53570198673,90.527646832628));
#1656 = CARTESIAN_POINT('',(102.06430856115,-81.05676881197));
#1657 = ( GEOMETRIC_REPRESENTATION_CONTEXT(2) 
PARAMETRIC_REPRESENTATION_CONTEXT() REPRESENTATION_CONTEXT('2D SPACE',''
  ) );
#1658 = ORIENTED_EDGE('',*,*,#1659,.T.);
#1659 = EDGE_CURVE('',#1627,#1660,#1662,.T.);
#1660 = VERTEX_POINT('',#1661);
#1661 = CARTESIAN_POINT('',(-19.4569863781,105.96712698839,-2.));
#1662 = SURFACE_CURVE('',#1663,(#1668,#1678),.PCURVE_S1.);
#1663 = HYPERBOLA('',#1664,9.286290287604,3.);
#1664 = AXIS2_PLACEMENT_3D('',#1665,#1666,#1667);
#1665 = CARTESIAN_POINT('',(2.934442802201,0.623735072453,
    331.49731054548));
#1666 = DIRECTION('',(0.978147600734,0.207911690818,0.));
#1667 = DIRECTION('',(0.,0.,-1.));
#1668 = PCURVE('',#43,#1669);
#1669 = DEFINITIONAL_REPRESENTATION('',(#1670),#1677);
#1670 = B_SPLINE_CURVE_WITH_KNOTS('',5,(#1671,#1672,#1673,#1674,#1675,
    #1676),.UNSPECIFIED.,.F.,.F.,(6,6),(4.205776475288,4.280030381496),
  .PIECEWISE_BEZIER_KNOTS.);
#1671 = CARTESIAN_POINT('',(-1.75041963624,20.));
#1672 = CARTESIAN_POINT('',(-1.750862364511,24.623922307742));
#1673 = CARTESIAN_POINT('',(-1.751296877859,29.333718855705));
#1674 = CARTESIAN_POINT('',(-1.751723379342,34.131514209223));
#1675 = CARTESIAN_POINT('',(-1.752142064513,39.019511798956));
#1676 = CARTESIAN_POINT('',(-1.752553121953,44.));
#1677 = ( GEOMETRIC_REPRESENTATION_CONTEXT(2) 
PARAMETRIC_REPRESENTATION_CONTEXT() REPRESENTATION_CONTEXT('2D SPACE',''
  ) );
#1678 = PCURVE('',#1679,#1684);
#1679 = PLANE('',#1680);
#1680 = AXIS2_PLACEMENT_3D('',#1681,#1682,#1683);
#1681 = CARTESIAN_POINT('',(-9.540258646864,59.312591116482,-2.));
#1682 = DIRECTION('',(0.978147600734,0.207911690818,0.));
#1683 = DIRECTION('',(0.,0.,1.));
#1684 = DEFINITIONAL_REPRESENTATION('',(#1685),#1689);
#1685 = ( BOUNDED_CURVE() B_SPLINE_CURVE(2,(#1686,#1687,#1688),
.UNSPECIFIED.,.F.,.F.) B_SPLINE_CURVE_WITH_KNOTS((3,3),(4.205776475288,
4.280030381496),.PIECEWISE_BEZIER_KNOTS.) CURVE() 
GEOMETRIC_REPRESENTATION_ITEM() RATIONAL_B_SPLINE_CURVE((1.,
1.000689284494,1.)) REPRESENTATION_ITEM('') );
#1686 = CARTESIAN_POINT('',(22.,-40.58662276238));
#1687 = CARTESIAN_POINT('',(10.445502690218,-44.32104249168));
#1688 = CARTESIAN_POINT('',(-2.,-48.34318885768));
#1689 = ( GEOMETRIC_REPRESENTATION_CONTEXT(2) 
PARAMETRIC_REPRESENTATION_CONTEXT() REPRESENTATION_CONTEXT('2D SPACE',''
  ) );
#1690 = ORIENTED_EDGE('',*,*,#1691,.F.);
#1691 = EDGE_CURVE('',#1595,#1660,#1692,.T.);
#1692 = SURFACE_CURVE('',#1693,(#1698,#1705),.PCURVE_S1.);
#1693 = CIRCLE('',#1694,107.73860181519);
#1694 = AXIS2_PLACEMENT_3D('',#1695,#1696,#1697);
#1695 = CARTESIAN_POINT('',(0.,0.,-2.));
#1696 = DIRECTION('',(0.,0.,-1.));
#1697 = DIRECTION('',(1.,0.,0.));
#1698 = PCURVE('',#43,#1699);
#1699 = DEFINITIONAL_REPRESENTATION('',(#1700),#1704);
#1700 = LINE('',#1701,#1702);
#1701 = CARTESIAN_POINT('',(-6.28318530718,42.));
#1702 = VECTOR('',#1703,1.);
#1703 = DIRECTION('',(1.,-0.));
#1704 = ( GEOMETRIC_REPRESENTATION_CONTEXT(2) 
PARAMETRIC_REPRESENTATION_CONTEXT() REPRESENTATION_CONTEXT('2D SPACE',''
  ) );
#1705 = PCURVE('',#1706,#1711);
#1706 = PLANE('',#1707);
#1707 = AXIS2_PLACEMENT_3D('',#1708,#1709,#1710);
#1708 = CARTESIAN_POINT('',(-15.40914425126,58.065120971575,-2.));
#1709 = DIRECTION('',(0.,0.,1.));
#1710 = DIRECTION('',(0.978147600734,0.207911690818,0.));
#1711 = DEFINITIONAL_REPRESENTATION('',(#1712),#1720);
#1712 = ( BOUNDED_CURVE() B_SPLINE_CURVE(2,(#1713,#1714,#1715,#1716,
#1717,#1718,#1719),.UNSPECIFIED.,.T.,.F.) B_SPLINE_CURVE_WITH_KNOTS((1,2
    ,2,2,2,1),(-2.094395102393,0.,2.094395102393,4.188790204786,
6.28318530718,8.377580409573),.UNSPECIFIED.) CURVE() 
GEOMETRIC_REPRESENTATION_ITEM() RATIONAL_B_SPLINE_CURVE((1.,0.5,1.,0.5,
1.,0.5,1.)) REPRESENTATION_ITEM('') );
#1713 = CARTESIAN_POINT('',(108.38425487194,-82.40011486973));
#1714 = CARTESIAN_POINT('',(69.586117822179,-264.9309986257));
#1715 = CARTESIAN_POINT('',(-69.09119596085,-140.0653844431));
#1716 = CARTESIAN_POINT('',(-207.7685097438,-15.19977026052));
#1717 = CARTESIAN_POINT('',(-30.29305891109,42.465499312866));
#1718 = CARTESIAN_POINT('',(147.1823919217,100.13076888625));
#1719 = CARTESIAN_POINT('',(108.38425487194,-82.40011486973));
#1720 = ( GEOMETRIC_REPRESENTATION_CONTEXT(2) 
PARAMETRIC_REPRESENTATION_CONTEXT() REPRESENTATION_CONTEXT('2D SPACE',''
  ) );
#1721 = FACE_BOUND('',#1722,.T.);
#1722 = EDGE_LOOP('',(#1723,#1757,#1790,#1822));
#1723 = ORIENTED_EDGE('',*,*,#1724,.F.);
#1724 = EDGE_CURVE('',#1725,#1727,#1729,.T.);
#1725 = VERTEX_POINT('',#1726);
#1726 = CARTESIAN_POINT('',(-43.91581591012,91.260757483429,18.));
#1727 = VERTEX_POINT('',#1728);
#1728 = CARTESIAN_POINT('',(-46.54488183237,97.165736225806,-2.));
#1729 = SURFACE_CURVE('',#1730,(#1735,#1745),.PCURVE_S1.);
#1730 = HYPERBOLA('',#1731,9.286290287604,3.);
#1731 = AXIS2_PLACEMENT_3D('',#1732,#1733,#1734);
#1732 = CARTESIAN_POINT('',(-2.740636372928,-1.220209929227,
    331.49731054548));
#1733 = DIRECTION('',(0.913545457643,0.406736643076,0.));
#1734 = DIRECTION('',(0.,0.,-1.));
#1735 = PCURVE('',#43,#1736);
#1736 = DEFINITIONAL_REPRESENTATION('',(#1737),#1744);
#1737 = B_SPLINE_CURVE_WITH_KNOTS('',5,(#1738,#1739,#1740,#1741,#1742,
    #1743),.UNSPECIFIED.,.F.,.F.,(6,6),(4.205776475288,4.280030381496),
  .PIECEWISE_BEZIER_KNOTS.);
#1738 = CARTESIAN_POINT('',(-2.019491548068,20.));
#1739 = CARTESIAN_POINT('',(-2.019048819797,24.623922307742));
#1740 = CARTESIAN_POINT('',(-2.018614306449,29.333718855705));
#1741 = CARTESIAN_POINT('',(-2.018187804966,34.131514209223));
#1742 = CARTESIAN_POINT('',(-2.017769119795,39.019511798956));
#1743 = CARTESIAN_POINT('',(-2.017358062355,44.));
#1744 = ( GEOMETRIC_REPRESENTATION_CONTEXT(2) 
PARAMETRIC_REPRESENTATION_CONTEXT() REPRESENTATION_CONTEXT('2D SPACE',''
  ) );
#1745 = PCURVE('',#1746,#1751);
#1746 = PLANE('',#1747);
#1747 = AXIS2_PLACEMENT_3D('',#1748,#1749,#1750);
#1748 = CARTESIAN_POINT('',(-27.14483495747,53.592517529329,-2.));
#1749 = DIRECTION('',(0.913545457643,0.406736643076,0.));
#1750 = DIRECTION('',(0.,0.,1.));
#1751 = DEFINITIONAL_REPRESENTATION('',(#1752),#1756);
#1752 = ( BOUNDED_CURVE() B_SPLINE_CURVE(2,(#1753,#1754,#1755),
.UNSPECIFIED.,.F.,.F.) B_SPLINE_CURVE_WITH_KNOTS((3,3),(4.205776475288,
4.280030381496),.PIECEWISE_BEZIER_KNOTS.) CURVE() 
GEOMETRIC_REPRESENTATION_ITEM() RATIONAL_B_SPLINE_CURVE((1.,
1.000689284494,1.)) REPRESENTATION_ITEM('') );
#1753 = CARTESIAN_POINT('',(22.,-40.58662276238));
#1754 = CARTESIAN_POINT('',(10.445502690218,-44.32104249168));
#1755 = CARTESIAN_POINT('',(-2.,-48.34318885768));
#1756 = ( GEOMETRIC_REPRESENTATION_CONTEXT(2) 
PARAMETRIC_REPRESENTATION_CONTEXT() REPRESENTATION_CONTEXT('2D SPACE',''
  ) );
#1757 = ORIENTED_EDGE('',*,*,#1758,.T.);
#1758 = EDGE_CURVE('',#1725,#1759,#1761,.T.);
#1759 = VERTEX_POINT('',#1760);
#1760 = CARTESIAN_POINT('',(-38.43454316427,93.701177341884,18.));
#1761 = SURFACE_CURVE('',#1762,(#1767,#1774),.PCURVE_S1.);
#1762 = CIRCLE('',#1763,101.2774641443);
#1763 = AXIS2_PLACEMENT_3D('',#1764,#1765,#1766);
#1764 = CARTESIAN_POINT('',(0.,0.,18.));
#1765 = DIRECTION('',(0.,0.,-1.));
#1766 = DIRECTION('',(1.,0.,0.));
#1767 = PCURVE('',#43,#1768);
#1768 = DEFINITIONAL_REPRESENTATION('',(#1769),#1773);
#1769 = LINE('',#1770,#1771);
#1770 = CARTESIAN_POINT('',(-6.28318530718,22.));
#1771 = VECTOR('',#1772,1.);
#1772 = DIRECTION('',(1.,-0.));
#1773 = ( GEOMETRIC_REPRESENTATION_CONTEXT(2) 
PARAMETRIC_REPRESENTATION_CONTEXT() REPRESENTATION_CONTEXT('2D SPACE',''
  ) );
#1774 = PCURVE('',#1775,#1780);
#1775 = PLANE('',#1776);
#1776 = AXIS2_PLACEMENT_3D('',#1777,#1778,#1779);
#1777 = CARTESIAN_POINT('',(-27.14483495747,53.592517529329,18.));
#1778 = DIRECTION('',(0.,0.,1.));
#1779 = DIRECTION('',(0.913545457643,0.406736643076,0.));
#1780 = DEFINITIONAL_REPRESENTATION('',(#1781),#1789);
#1781 = ( BOUNDED_CURVE() B_SPLINE_CURVE(2,(#1782,#1783,#1784,#1785,
#1786,#1787,#1788),.UNSPECIFIED.,.T.,.F.) B_SPLINE_CURVE_WITH_KNOTS((1,2
    ,2,2,2,1),(-2.094395102393,0.,2.094395102393,4.188790204786,
6.28318530718,8.377580409573),.UNSPECIFIED.) CURVE() 
GEOMETRIC_REPRESENTATION_ITEM() RATIONAL_B_SPLINE_CURVE((1.,0.5,1.,0.5,
1.,0.5,1.)) REPRESENTATION_ITEM('') );
#1782 = CARTESIAN_POINT('',(95.521567330593,-101.1932557852));
#1783 = CARTESIAN_POINT('',(24.172755381299,-261.4453111977));
#1784 = CARTESIAN_POINT('',(-78.93518963994,-119.5293998136));
#1785 = CARTESIAN_POINT('',(-182.0431346611,22.38651157057));
#1786 = CARTESIAN_POINT('',(-7.586377690649,40.722655598889));
#1787 = CARTESIAN_POINT('',(166.87037927988,59.058799627207));
#1788 = CARTESIAN_POINT('',(95.521567330593,-101.1932557852));
#1789 = ( GEOMETRIC_REPRESENTATION_CONTEXT(2) 
PARAMETRIC_REPRESENTATION_CONTEXT() REPRESENTATION_CONTEXT('2D SPACE',''
  ) );
#1790 = ORIENTED_EDGE('',*,*,#1791,.T.);
#1791 = EDGE_CURVE('',#1759,#1792,#1794,.T.);
#1792 = VERTEX_POINT('',#1793);
#1793 = CARTESIAN_POINT('',(-41.06360908651,99.606156084261,-2.));
#1794 = SURFACE_CURVE('',#1795,(#1800,#1810),.PCURVE_S1.);
#1795 = HYPERBOLA('',#1796,9.286290287604,3.);
#1796 = AXIS2_PLACEMENT_3D('',#1797,#1798,#1799);
#1797 = CARTESIAN_POINT('',(2.740636372928,1.220209929227,
    331.49731054548));
#1798 = DIRECTION('',(0.913545457643,0.406736643076,0.));
#1799 = DIRECTION('',(0.,0.,-1.));
#1800 = PCURVE('',#43,#1801);
#1801 = DEFINITIONAL_REPRESENTATION('',(#1802),#1809);
#1802 = B_SPLINE_CURVE_WITH_KNOTS('',5,(#1803,#1804,#1805,#1806,#1807,
    #1808),.UNSPECIFIED.,.F.,.F.,(6,6),(4.205776475288,4.280030381496),
  .PIECEWISE_BEZIER_KNOTS.);
#1803 = CARTESIAN_POINT('',(-1.95985914648,20.));
#1804 = CARTESIAN_POINT('',(-1.96030187475,24.623922307742));
#1805 = CARTESIAN_POINT('',(-1.960736388098,29.333718855705));
#1806 = CARTESIAN_POINT('',(-1.961162889581,34.131514209224));
#1807 = CARTESIAN_POINT('',(-1.961581574752,39.019511798956));
#1808 = CARTESIAN_POINT('',(-1.961992632192,44.));
#1809 = ( GEOMETRIC_REPRESENTATION_CONTEXT(2) 
PARAMETRIC_REPRESENTATION_CONTEXT() REPRESENTATION_CONTEXT('2D SPACE',''
  ) );
#1810 = PCURVE('',#1811,#1816);
#1811 = PLANE('',#1812);
#1812 = AXIS2_PLACEMENT_3D('',#1813,#1814,#1815);
#1813 = CARTESIAN_POINT('',(-21.66356221162,56.032937387783,-2.));
#1814 = DIRECTION('',(0.913545457643,0.406736643076,0.));
#1815 = DIRECTION('',(0.,0.,1.));
#1816 = DEFINITIONAL_REPRESENTATION('',(#1817),#1821);
#1817 = ( BOUNDED_CURVE() B_SPLINE_CURVE(2,(#1818,#1819,#1820),
.UNSPECIFIED.,.F.,.F.) B_SPLINE_CURVE_WITH_KNOTS((3,3),(4.205776475288,
4.280030381496),.PIECEWISE_BEZIER_KNOTS.) CURVE() 
GEOMETRIC_REPRESENTATION_ITEM() RATIONAL_B_SPLINE_CURVE((1.,
1.000689284494,1.)) REPRESENTATION_ITEM('') );
#1818 = CARTESIAN_POINT('',(22.,-40.58662276238));
#1819 = CARTESIAN_POINT('',(10.445502690218,-44.32104249168));
#1820 = CARTESIAN_POINT('',(-2.,-48.34318885768));
#1821 = ( GEOMETRIC_REPRESENTATION_CONTEXT(2) 
PARAMETRIC_REPRESENTATION_CONTEXT() REPRESENTATION_CONTEXT('2D SPACE',''
  ) );
#1822 = ORIENTED_EDGE('',*,*,#1823,.F.);
#1823 = EDGE_CURVE('',#1727,#1792,#1824,.T.);
#1824 = SURFACE_CURVE('',#1825,(#1830,#1837),.PCURVE_S1.);
#1825 = CIRCLE('',#1826,107.73860181519);
#1826 = AXIS2_PLACEMENT_3D('',#1827,#1828,#1829);
#1827 = CARTESIAN_POINT('',(0.,0.,-2.));
#1828 = DIRECTION('',(0.,0.,-1.));
#1829 = DIRECTION('',(1.,0.,0.));
#1830 = PCURVE('',#43,#1831);
#1831 = DEFINITIONAL_REPRESENTATION('',(#1832),#1836);
#1832 = LINE('',#1833,#1834);
#1833 = CARTESIAN_POINT('',(-6.28318530718,42.));
#1834 = VECTOR('',#1835,1.);
#1835 = DIRECTION('',(1.,-0.));
#1836 = ( GEOMETRIC_REPRESENTATION_CONTEXT(2) 
PARAMETRIC_REPRESENTATION_CONTEXT() REPRESENTATION_CONTEXT('2D SPACE',''
  ) );
#1837 = PCURVE('',#1838,#1843);
#1838 = PLANE('',#1839);
#1839 = AXIS2_PLACEMENT_3D('',#1840,#1841,#1842);
#1840 = CARTESIAN_POINT('',(-27.14483495747,53.592517529329,-2.));
#1841 = DIRECTION('',(0.,0.,1.));
#1842 = DIRECTION('',(0.913545457643,0.406736643076,0.));
#1843 = DEFINITIONAL_REPRESENTATION('',(#1844),#1852);
#1844 = ( BOUNDED_CURVE() B_SPLINE_CURVE(2,(#1845,#1846,#1847,#1848,
#1849,#1850,#1851),.UNSPECIFIED.,.T.,.F.) B_SPLINE_CURVE_WITH_KNOTS((1,2
    ,2,2,2,1),(-2.094395102393,0.,2.094395102393,4.188790204786,
6.28318530718,8.377580409573),.UNSPECIFIED.) CURVE() 
GEOMETRIC_REPRESENTATION_ITEM() RATIONAL_B_SPLINE_CURVE((1.,0.5,1.,0.5,
1.,0.5,1.)) REPRESENTATION_ITEM('') );
#1845 = CARTESIAN_POINT('',(101.42411030103,-103.8212372319));
#1846 = CARTESIAN_POINT('',(25.523500964695,-274.2967969631));
#1847 = CARTESIAN_POINT('',(-84.16235981868,-123.3271612495));
#1848 = CARTESIAN_POINT('',(-193.848220602,27.642474463982));
#1849 = CARTESIAN_POINT('',(-8.261750482348,47.148398481571));
#1850 = CARTESIAN_POINT('',(177.32471963737,66.65432249916));
#1851 = CARTESIAN_POINT('',(101.42411030103,-103.8212372319));
#1852 = ( GEOMETRIC_REPRESENTATION_CONTEXT(2) 
PARAMETRIC_REPRESENTATION_CONTEXT() REPRESENTATION_CONTEXT('2D SPACE',''
  ) );
#1853 = FACE_BOUND('',#1854,.T.);
#1854 = EDGE_LOOP('',(#1855,#1889,#1922,#1954));
#1855 = ORIENTED_EDGE('',*,*,#1856,.F.);
#1856 = EDGE_CURVE('',#1857,#1859,#1861,.T.);
#1857 = VERTEX_POINT('',#1858);
#1858 = CARTESIAN_POINT('',(-61.93032836044,80.13587943405,18.));
#1859 = VERTEX_POINT('',#1860);
#1860 = CARTESIAN_POINT('',(-65.72965699903,85.365206682125,-2.));
#1861 = SURFACE_CURVE('',#1862,(#1867,#1877),.PCURVE_S1.);
#1862 = HYPERBOLA('',#1863,9.286290287604,3.);
#1863 = AXIS2_PLACEMENT_3D('',#1864,#1865,#1866);
#1864 = CARTESIAN_POINT('',(-2.427050983125,-1.763355756877,
    331.49731054548));
#1865 = DIRECTION('',(0.809016994375,0.587785252292,0.));
#1866 = DIRECTION('',(0.,0.,-1.));
#1867 = PCURVE('',#43,#1868);
#1868 = DEFINITIONAL_REPRESENTATION('',(#1869),#1876);
#1869 = B_SPLINE_CURVE_WITH_KNOTS('',5,(#1870,#1871,#1872,#1873,#1874,
    #1875),.UNSPECIFIED.,.F.,.F.,(6,6),(4.205776475288,4.280030381496),
  .PIECEWISE_BEZIER_KNOTS.);
#1870 = CARTESIAN_POINT('',(-2.228931058307,20.));
#1871 = CARTESIAN_POINT('',(-2.228488330036,24.623922307742));
#1872 = CARTESIAN_POINT('',(-2.228053816688,29.333718855705));
#1873 = CARTESIAN_POINT('',(-2.227627315205,34.131514209223));
#1874 = CARTESIAN_POINT('',(-2.227208630034,39.019511798956));
#1875 = CARTESIAN_POINT('',(-2.226797572594,44.));
#1876 = ( GEOMETRIC_REPRESENTATION_CONTEXT(2) 
PARAMETRIC_REPRESENTATION_CONTEXT() REPRESENTATION_CONTEXT('2D SPACE',''
  ) );
#1877 = PCURVE('',#1878,#1883);
#1878 = PLANE('',#1879);
#1879 = AXIS2_PLACEMENT_3D('',#1880,#1881,#1882);
#1880 = CARTESIAN_POINT('',(-37.69416612067,46.777663905619,-2.));
#1881 = DIRECTION('',(0.809016994375,0.587785252292,0.));
#1882 = DIRECTION('',(0.,0.,1.));
#1883 = DEFINITIONAL_REPRESENTATION('',(#1884),#1888);
#1884 = ( BOUNDED_CURVE() B_SPLINE_CURVE(2,(#1885,#1886,#1887),
.UNSPECIFIED.,.F.,.F.) B_SPLINE_CURVE_WITH_KNOTS((3,3),(4.205776475288,
4.280030381496),.PIECEWISE_BEZIER_KNOTS.) CURVE() 
GEOMETRIC_REPRESENTATION_ITEM() RATIONAL_B_SPLINE_CURVE((1.,
1.000689284494,1.)) REPRESENTATION_ITEM('') );
#1885 = CARTESIAN_POINT('',(22.,-40.58662276238));
#1886 = CARTESIAN_POINT('',(10.445502690219,-44.32104249168));
#1887 = CARTESIAN_POINT('',(-2.,-48.34318885768));
#1888 = ( GEOMETRIC_REPRESENTATION_CONTEXT(2) 
PARAMETRIC_REPRESENTATION_CONTEXT() REPRESENTATION_CONTEXT('2D SPACE',''
  ) );
#1889 = ORIENTED_EDGE('',*,*,#1890,.T.);
#1890 = EDGE_CURVE('',#1857,#1891,#1893,.T.);
#1891 = VERTEX_POINT('',#1892);
#1892 = CARTESIAN_POINT('',(-57.07622639419,83.662590947805,18.));
#1893 = SURFACE_CURVE('',#1894,(#1899,#1906),.PCURVE_S1.);
#1894 = CIRCLE('',#1895,101.2774641443);
#1895 = AXIS2_PLACEMENT_3D('',#1896,#1897,#1898);
#1896 = CARTESIAN_POINT('',(0.,0.,18.));
#1897 = DIRECTION('',(0.,0.,-1.));
#1898 = DIRECTION('',(1.,0.,0.));
#1899 = PCURVE('',#43,#1900);
#1900 = DEFINITIONAL_REPRESENTATION('',(#1901),#1905);
#1901 = LINE('',#1902,#1903);
#1902 = CARTESIAN_POINT('',(-6.28318530718,22.));
#1903 = VECTOR('',#1904,1.);
#1904 = DIRECTION('',(1.,-0.));
#1905 = ( GEOMETRIC_REPRESENTATION_CONTEXT(2) 
PARAMETRIC_REPRESENTATION_CONTEXT() REPRESENTATION_CONTEXT('2D SPACE',''
  ) );
#1906 = PCURVE('',#1907,#1912);
#1907 = PLANE('',#1908);
#1908 = AXIS2_PLACEMENT_3D('',#1909,#1910,#1911);
#1909 = CARTESIAN_POINT('',(-37.69416612067,46.777663905619,18.));
#1910 = DIRECTION('',(0.,0.,1.));
#1911 = DIRECTION('',(0.809016994375,0.587785252292,0.));
#1912 = DEFINITIONAL_REPRESENTATION('',(#1913),#1921);
#1913 = ( BOUNDED_CURVE() B_SPLINE_CURVE(2,(#1914,#1915,#1916,#1917,
#1918,#1919,#1920),.UNSPECIFIED.,.T.,.F.) B_SPLINE_CURVE_WITH_KNOTS((1,2
    ,2,2,2,1),(-2.094395102393,0.,2.094395102393,4.188790204786,
6.28318530718,8.377580409573),.UNSPECIFIED.) CURVE() 
GEOMETRIC_REPRESENTATION_ITEM() RATIONAL_B_SPLINE_CURVE((1.,0.5,1.,0.5,
1.,0.5,1.)) REPRESENTATION_ITEM('') );
#1914 = CARTESIAN_POINT('',(84.935189639944,-119.5293998136));
#1915 = CARTESIAN_POINT('',(-18.17275538129,-261.4453111977));
#1916 = CARTESIAN_POINT('',(-89.52156733059,-101.1932557852));
#1917 = CARTESIAN_POINT('',(-160.8703792798,59.058799627207));
#1918 = CARTESIAN_POINT('',(13.586377690649,40.722655598889));
#1919 = CARTESIAN_POINT('',(188.04313466118,22.38651157057));
#1920 = CARTESIAN_POINT('',(84.935189639944,-119.5293998136));
#1921 = ( GEOMETRIC_REPRESENTATION_CONTEXT(2) 
PARAMETRIC_REPRESENTATION_CONTEXT() REPRESENTATION_CONTEXT('2D SPACE',''
  ) );
#1922 = ORIENTED_EDGE('',*,*,#1923,.T.);
#1923 = EDGE_CURVE('',#1891,#1924,#1926,.T.);
#1924 = VERTEX_POINT('',#1925);
#1925 = CARTESIAN_POINT('',(-60.87555503278,88.89191819588,-2.));
#1926 = SURFACE_CURVE('',#1927,(#1932,#1942),.PCURVE_S1.);
#1927 = HYPERBOLA('',#1928,9.286290287604,3.);
#1928 = AXIS2_PLACEMENT_3D('',#1929,#1930,#1931);
#1929 = CARTESIAN_POINT('',(2.427050983125,1.763355756877,
    331.49731054548));
#1930 = DIRECTION('',(0.809016994375,0.587785252292,0.));
#1931 = DIRECTION('',(0.,0.,-1.));
#1932 = PCURVE('',#43,#1933);
#1933 = DEFINITIONAL_REPRESENTATION('',(#1934),#1941);
#1934 = B_SPLINE_CURVE_WITH_KNOTS('',5,(#1935,#1936,#1937,#1938,#1939,
    #1940),.UNSPECIFIED.,.F.,.F.,(6,6),(4.205776475288,4.280030381496),
  .PIECEWISE_BEZIER_KNOTS.);
#1935 = CARTESIAN_POINT('',(-2.169298656719,20.));
#1936 = CARTESIAN_POINT('',(-2.169741384989,24.623922307742));
#1937 = CARTESIAN_POINT('',(-2.170175898337,29.333718855705));
#1938 = CARTESIAN_POINT('',(-2.17060239982,34.131514209224));
#1939 = CARTESIAN_POINT('',(-2.171021084992,39.019511798956));
#1940 = CARTESIAN_POINT('',(-2.171432142432,44.));
#1941 = ( GEOMETRIC_REPRESENTATION_CONTEXT(2) 
PARAMETRIC_REPRESENTATION_CONTEXT() REPRESENTATION_CONTEXT('2D SPACE',''
  ) );
#1942 = PCURVE('',#1943,#1948);
#1943 = PLANE('',#1944);
#1944 = AXIS2_PLACEMENT_3D('',#1945,#1946,#1947);
#1945 = CARTESIAN_POINT('',(-32.84006415442,50.304375419374,-2.));
#1946 = DIRECTION('',(0.809016994375,0.587785252292,0.));
#1947 = DIRECTION('',(0.,0.,1.));
#1948 = DEFINITIONAL_REPRESENTATION('',(#1949),#1953);
#1949 = ( BOUNDED_CURVE() B_SPLINE_CURVE(2,(#1950,#1951,#1952),
.UNSPECIFIED.,.F.,.F.) B_SPLINE_CURVE_WITH_KNOTS((3,3),(4.205776475288,
4.280030381496),.PIECEWISE_BEZIER_KNOTS.) CURVE() 
GEOMETRIC_REPRESENTATION_ITEM() RATIONAL_B_SPLINE_CURVE((1.,
1.000689284494,1.)) REPRESENTATION_ITEM('') );
#1950 = CARTESIAN_POINT('',(22.,-40.58662276238));
#1951 = CARTESIAN_POINT('',(10.445502690218,-44.32104249168));
#1952 = CARTESIAN_POINT('',(-2.,-48.34318885768));
#1953 = ( GEOMETRIC_REPRESENTATION_CONTEXT(2) 
PARAMETRIC_REPRESENTATION_CONTEXT() REPRESENTATION_CONTEXT('2D SPACE',''
  ) );
#1954 = ORIENTED_EDGE('',*,*,#1955,.F.);
#1955 = EDGE_CURVE('',#1859,#1924,#1956,.T.);
#1956 = SURFACE_CURVE('',#1957,(#1962,#1969),.PCURVE_S1.);
#1957 = CIRCLE('',#1958,107.73860181519);
#1958 = AXIS2_PLACEMENT_3D('',#1959,#1960,#1961);
#1959 = CARTESIAN_POINT('',(0.,0.,-2.));
#1960 = DIRECTION('',(0.,0.,-1.));
#1961 = DIRECTION('',(1.,0.,0.));
#1962 = PCURVE('',#43,#1963);
#1963 = DEFINITIONAL_REPRESENTATION('',(#1964),#1968);
#1964 = LINE('',#1965,#1966);
#1965 = CARTESIAN_POINT('',(-6.28318530718,42.));
#1966 = VECTOR('',#1967,1.);
#1967 = DIRECTION('',(1.,-0.));
#1968 = ( GEOMETRIC_REPRESENTATION_CONTEXT(2) 
PARAMETRIC_REPRESENTATION_CONTEXT() REPRESENTATION_CONTEXT('2D SPACE',''
  ) );
#1969 = PCURVE('',#1970,#1975);
#1970 = PLANE('',#1971);
#1971 = AXIS2_PLACEMENT_3D('',#1972,#1973,#1974);
#1972 = CARTESIAN_POINT('',(-37.69416612067,46.777663905619,-2.));
#1973 = DIRECTION('',(0.,0.,1.));
#1974 = DIRECTION('',(0.809016994375,0.587785252292,0.));
#1975 = DEFINITIONAL_REPRESENTATION('',(#1976),#1984);
#1976 = ( BOUNDED_CURVE() B_SPLINE_CURVE(2,(#1977,#1978,#1979,#1980,
#1981,#1982,#1983),.UNSPECIFIED.,.T.,.F.) B_SPLINE_CURVE_WITH_KNOTS((1,2
    ,2,2,2,1),(-2.094395102393,0.,2.094395102393,4.188790204786,
6.28318530718,8.377580409573),.UNSPECIFIED.) CURVE() 
GEOMETRIC_REPRESENTATION_ITEM() RATIONAL_B_SPLINE_CURVE((1.,0.5,1.,0.5,
1.,0.5,1.)) REPRESENTATION_ITEM('') );
#1977 = CARTESIAN_POINT('',(90.162359818685,-123.3271612495));
#1978 = CARTESIAN_POINT('',(-19.52350096469,-274.2967969631));
#1979 = CARTESIAN_POINT('',(-95.42411030103,-103.8212372319));
#1980 = CARTESIAN_POINT('',(-171.3247196373,66.65432249916));
#1981 = CARTESIAN_POINT('',(14.261750482347,47.148398481571));
#1982 = CARTESIAN_POINT('',(199.84822060206,27.642474463982));
#1983 = CARTESIAN_POINT('',(90.162359818685,-123.3271612495));
#1984 = ( GEOMETRIC_REPRESENTATION_CONTEXT(2) 
PARAMETRIC_REPRESENTATION_CONTEXT() REPRESENTATION_CONTEXT('2D SPACE',''
  ) );
#1985 = FACE_BOUND('',#1986,.T.);
#1986 = EDGE_LOOP('',(#1987,#2021,#2054,#2086));
#1987 = ORIENTED_EDGE('',*,*,#1988,.F.);
#1988 = EDGE_CURVE('',#1989,#1991,#1993,.T.);
#1989 = VERTEX_POINT('',#1990);
#1990 = CARTESIAN_POINT('',(-77.23818828672,65.50867891879,18.));
#1991 = VERTEX_POINT('',#1992);
#1992 = CARTESIAN_POINT('',(-82.04173074894,69.833807978726,-2.));
#1993 = SURFACE_CURVE('',#1994,(#1999,#2009),.PCURVE_S1.);
#1994 = HYPERBOLA('',#1995,9.286290287604,3.);
#1995 = AXIS2_PLACEMENT_3D('',#1996,#1997,#1998);
#1996 = CARTESIAN_POINT('',(-2.007391819077,-2.229434476432,
    331.49731054548));
#1997 = DIRECTION('',(0.669130606359,0.743144825477,0.));
#1998 = DIRECTION('',(0.,0.,-1.));
#1999 = PCURVE('',#43,#2000);
#2000 = DEFINITIONAL_REPRESENTATION('',(#2001),#2008);
#2001 = B_SPLINE_CURVE_WITH_KNOTS('',5,(#2002,#2003,#2004,#2005,#2006,
    #2007),.UNSPECIFIED.,.F.,.F.,(6,6),(4.205776475288,4.280030381496),
  .PIECEWISE_BEZIER_KNOTS.);
#2002 = CARTESIAN_POINT('',(-2.438370568546,20.));
#2003 = CARTESIAN_POINT('',(-2.437927840276,24.623922307742));
#2004 = CARTESIAN_POINT('',(-2.437493326928,29.333718855705));
#2005 = CARTESIAN_POINT('',(-2.437066825445,34.131514209223));
#2006 = CARTESIAN_POINT('',(-2.436648140273,39.019511798956));
#2007 = CARTESIAN_POINT('',(-2.436237082833,44.));
#2008 = ( GEOMETRIC_REPRESENTATION_CONTEXT(2) 
PARAMETRIC_REPRESENTATION_CONTEXT() REPRESENTATION_CONTEXT('2D SPACE',''
  ) );
#2009 = PCURVE('',#2010,#2015);
#2010 = PLANE('',#2011);
#2011 = AXIS2_PLACEMENT_3D('',#2012,#2013,#2014);
#2012 = CARTESIAN_POINT('',(-46.59608134772,37.918401905099,-2.));
#2013 = DIRECTION('',(0.669130606359,0.743144825477,0.));
#2014 = DIRECTION('',(0.,0.,1.));
#2015 = DEFINITIONAL_REPRESENTATION('',(#2016),#2020);
#2016 = ( BOUNDED_CURVE() B_SPLINE_CURVE(2,(#2017,#2018,#2019),
.UNSPECIFIED.,.F.,.F.) B_SPLINE_CURVE_WITH_KNOTS((3,3),(4.205776475288,
4.280030381496),.PIECEWISE_BEZIER_KNOTS.) CURVE() 
GEOMETRIC_REPRESENTATION_ITEM() RATIONAL_B_SPLINE_CURVE((1.,
1.000689284494,1.)) REPRESENTATION_ITEM('') );
#2017 = CARTESIAN_POINT('',(22.,-40.58662276238));
#2018 = CARTESIAN_POINT('',(10.445502690218,-44.32104249168));
#2019 = CARTESIAN_POINT('',(-2.,-48.34318885768));
#2020 = ( GEOMETRIC_REPRESENTATION_CONTEXT(2) 
PARAMETRIC_REPRESENTATION_CONTEXT() REPRESENTATION_CONTEXT('2D SPACE',''
  ) );
#2021 = ORIENTED_EDGE('',*,*,#2022,.T.);
#2022 = EDGE_CURVE('',#1989,#2023,#2025,.T.);
#2023 = VERTEX_POINT('',#2024);
#2024 = CARTESIAN_POINT('',(-73.22340464857,69.967547871654,18.));
#2025 = SURFACE_CURVE('',#2026,(#2031,#2038),.PCURVE_S1.);
#2026 = CIRCLE('',#2027,101.2774641443);
#2027 = AXIS2_PLACEMENT_3D('',#2028,#2029,#2030);
#2028 = CARTESIAN_POINT('',(0.,0.,18.));
#2029 = DIRECTION('',(0.,0.,-1.));
#2030 = DIRECTION('',(1.,0.,0.));
#2031 = PCURVE('',#43,#2032);
#2032 = DEFINITIONAL_REPRESENTATION('',(#2033),#2037);
#2033 = LINE('',#2034,#2035);
#2034 = CARTESIAN_POINT('',(-6.28318530718,22.));
#2035 = VECTOR('',#2036,1.);
#2036 = DIRECTION('',(1.,-0.));
#2037 = ( GEOMETRIC_REPRESENTATION_CONTEXT(2) 
PARAMETRIC_REPRESENTATION_CONTEXT() REPRESENTATION_CONTEXT('2D SPACE',''
  ) );
#2038 = PCURVE('',#2039,#2044);
#2039 = PLANE('',#2040);
#2040 = AXIS2_PLACEMENT_3D('',#2041,#2042,#2043);
#2041 = CARTESIAN_POINT('',(-46.59608134772,37.918401905099,18.));
#2042 = DIRECTION('',(0.,0.,1.));
#2043 = DIRECTION('',(0.669130606359,0.743144825477,0.));
#2044 = DEFINITIONAL_REPRESENTATION('',(#2045),#2053);
#2045 = ( BOUNDED_CURVE() B_SPLINE_CURVE(2,(#2046,#2047,#2048,#2049,
#2050,#2051,#2052),.UNSPECIFIED.,.T.,.F.) B_SPLINE_CURVE_WITH_KNOTS((1,2
    ,2,2,2,1),(-2.094395102393,0.,2.094395102393,4.188790204786,
6.28318530718,8.377580409573),.UNSPECIFIED.) CURVE() 
GEOMETRIC_REPRESENTATION_ITEM() RATIONAL_B_SPLINE_CURVE((1.,0.5,1.,0.5,
1.,0.5,1.)) REPRESENTATION_ITEM('') );
#2046 = CARTESIAN_POINT('',(70.767850993368,-135.2638234163));
#2047 = CARTESIAN_POINT('',(-59.59291513558,-252.6411844565));
#2048 = CARTESIAN_POINT('',(-96.06430856115,-81.05676881197));
#2049 = CARTESIAN_POINT('',(-132.5357019867,90.527646832628));
#2050 = CARTESIAN_POINT('',(34.29645756779,36.320592228292));
#2051 = CARTESIAN_POINT('',(201.12861712231,-17.88646237604));
#2052 = CARTESIAN_POINT('',(70.767850993368,-135.2638234163));
#2053 = ( GEOMETRIC_REPRESENTATION_CONTEXT(2) 
PARAMETRIC_REPRESENTATION_CONTEXT() REPRESENTATION_CONTEXT('2D SPACE',''
  ) );
#2054 = ORIENTED_EDGE('',*,*,#2055,.T.);
#2055 = EDGE_CURVE('',#2023,#2056,#2058,.T.);
#2056 = VERTEX_POINT('',#2057);
#2057 = CARTESIAN_POINT('',(-78.02694711079,74.292676931591,-2.));
#2058 = SURFACE_CURVE('',#2059,(#2064,#2074),.PCURVE_S1.);
#2059 = HYPERBOLA('',#2060,9.286290287604,3.);
#2060 = AXIS2_PLACEMENT_3D('',#2061,#2062,#2063);
#2061 = CARTESIAN_POINT('',(2.007391819077,2.229434476432,
    331.49731054548));
#2062 = DIRECTION('',(0.669130606359,0.743144825477,0.));
#2063 = DIRECTION('',(0.,0.,-1.));
#2064 = PCURVE('',#43,#2065);
#2065 = DEFINITIONAL_REPRESENTATION('',(#2066),#2073);
#2066 = B_SPLINE_CURVE_WITH_KNOTS('',5,(#2067,#2068,#2069,#2070,#2071,
    #2072),.UNSPECIFIED.,.F.,.F.,(6,6),(4.205776475288,4.280030381496),
  .PIECEWISE_BEZIER_KNOTS.);
#2067 = CARTESIAN_POINT('',(-2.378738166958,20.));
#2068 = CARTESIAN_POINT('',(-2.379180895229,24.623922307742));
#2069 = CARTESIAN_POINT('',(-2.379615408577,29.333718855706));
#2070 = CARTESIAN_POINT('',(-2.38004191006,34.131514209224));
#2071 = CARTESIAN_POINT('',(-2.380460595231,39.019511798956));
#2072 = CARTESIAN_POINT('',(-2.380871652671,44.));
#2073 = ( GEOMETRIC_REPRESENTATION_CONTEXT(2) 
PARAMETRIC_REPRESENTATION_CONTEXT() REPRESENTATION_CONTEXT('2D SPACE',''
  ) );
#2074 = PCURVE('',#2075,#2080);
#2075 = PLANE('',#2076);
#2076 = AXIS2_PLACEMENT_3D('',#2077,#2078,#2079);
#2077 = CARTESIAN_POINT('',(-42.58129770956,42.377270857964,-2.));
#2078 = DIRECTION('',(0.669130606359,0.743144825477,0.));
#2079 = DIRECTION('',(0.,0.,1.));
#2080 = DEFINITIONAL_REPRESENTATION('',(#2081),#2085);
#2081 = ( BOUNDED_CURVE() B_SPLINE_CURVE(2,(#2082,#2083,#2084),
.UNSPECIFIED.,.F.,.F.) B_SPLINE_CURVE_WITH_KNOTS((3,3),(4.205776475288,
4.280030381496),.PIECEWISE_BEZIER_KNOTS.) CURVE() 
GEOMETRIC_REPRESENTATION_ITEM() RATIONAL_B_SPLINE_CURVE((1.,
1.000689284494,1.)) REPRESENTATION_ITEM('') );
#2082 = CARTESIAN_POINT('',(22.,-40.58662276238));
#2083 = CARTESIAN_POINT('',(10.445502690218,-44.32104249168));
#2084 = CARTESIAN_POINT('',(-2.,-48.34318885768));
#2085 = ( GEOMETRIC_REPRESENTATION_CONTEXT(2) 
PARAMETRIC_REPRESENTATION_CONTEXT() REPRESENTATION_CONTEXT('2D SPACE',''
  ) );
#2086 = ORIENTED_EDGE('',*,*,#2087,.F.);
#2087 = EDGE_CURVE('',#1991,#2056,#2088,.T.);
#2088 = SURFACE_CURVE('',#2089,(#2094,#2101),.PCURVE_S1.);
#2089 = CIRCLE('',#2090,107.73860181519);
#2090 = AXIS2_PLACEMENT_3D('',#2091,#2092,#2093);
#2091 = CARTESIAN_POINT('',(0.,0.,-2.));
#2092 = DIRECTION('',(0.,0.,-1.));
#2093 = DIRECTION('',(1.,0.,0.));
#2094 = PCURVE('',#43,#2095);
#2095 = DEFINITIONAL_REPRESENTATION('',(#2096),#2100);
#2096 = LINE('',#2097,#2098);
#2097 = CARTESIAN_POINT('',(-6.28318530718,42.));
#2098 = VECTOR('',#2099,1.);
#2099 = DIRECTION('',(1.,-0.));
#2100 = ( GEOMETRIC_REPRESENTATION_CONTEXT(2) 
PARAMETRIC_REPRESENTATION_CONTEXT() REPRESENTATION_CONTEXT('2D SPACE',''
  ) );
#2101 = PCURVE('',#2102,#2107);
#2102 = PLANE('',#2103);
#2103 = AXIS2_PLACEMENT_3D('',#2104,#2105,#2106);
#2104 = CARTESIAN_POINT('',(-46.59608134772,37.918401905099,-2.));
#2105 = DIRECTION('',(0.,0.,1.));
#2106 = DIRECTION('',(0.669130606359,0.743144825477,0.));
#2107 = DEFINITIONAL_REPRESENTATION('',(#2108),#2116);
#2108 = ( BOUNDED_CURVE() B_SPLINE_CURVE(2,(#2109,#2110,#2111,#2112,
#2113,#2114,#2115),.UNSPECIFIED.,.T.,.F.) B_SPLINE_CURVE_WITH_KNOTS((1,2
    ,2,2,2,1),(-2.094395102393,0.,2.094395102393,4.188790204786,
6.28318530718,8.377580409573),.UNSPECIFIED.) CURVE() 
GEOMETRIC_REPRESENTATION_ITEM() RATIONAL_B_SPLINE_CURVE((1.,0.5,1.,0.5,
1.,0.5,1.)) REPRESENTATION_ITEM('') );
#2109 = CARTESIAN_POINT('',(75.091195960854,-140.0653844431));
#2110 = CARTESIAN_POINT('',(-63.58611782217,-264.9309986257));
#2111 = CARTESIAN_POINT('',(-102.3842548719,-82.40011486973));
#2112 = CARTESIAN_POINT('',(-141.1823919217,100.13076888625));
#2113 = CARTESIAN_POINT('',(36.293058911089,42.465499312866));
#2114 = CARTESIAN_POINT('',(213.76850974388,-15.19977026052));
#2115 = CARTESIAN_POINT('',(75.091195960854,-140.0653844431));
#2116 = ( GEOMETRIC_REPRESENTATION_CONTEXT(2) 
PARAMETRIC_REPRESENTATION_CONTEXT() REPRESENTATION_CONTEXT('2D SPACE',''
  ) );
#2117 = FACE_BOUND('',#2118,.T.);
#2118 = EDGE_LOOP('',(#2119,#2153,#2186,#2218));
#2119 = ORIENTED_EDGE('',*,*,#2120,.F.);
#2120 = EDGE_CURVE('',#2121,#2123,#2125,.T.);
#2121 = VERTEX_POINT('',#2122);
#2122 = CARTESIAN_POINT('',(-89.17036875493,48.018434789261,18.));
#2123 = VERTEX_POINT('',#2124);
#2124 = CARTESIAN_POINT('',(-94.76818718523,51.250336766868,-2.));
#2125 = SURFACE_CURVE('',#2126,(#2131,#2141),.PCURVE_S1.);
#2126 = HYPERBOLA('',#2127,9.286290287604,3.);
#2127 = AXIS2_PLACEMENT_3D('',#2128,#2129,#2130);
#2128 = CARTESIAN_POINT('',(-1.5,-2.598076211353,331.49731054548));
#2129 = DIRECTION('',(0.5,0.866025403784,0.));
#2130 = DIRECTION('',(0.,0.,-1.));
#2131 = PCURVE('',#43,#2132);
#2132 = DEFINITIONAL_REPRESENTATION('',(#2133),#2140);
#2133 = B_SPLINE_CURVE_WITH_KNOTS('',5,(#2134,#2135,#2136,#2137,#2138,
    #2139),.UNSPECIFIED.,.F.,.F.,(6,6),(4.205776475288,4.280030381496),
  .PIECEWISE_BEZIER_KNOTS.);
#2134 = CARTESIAN_POINT('',(-2.647810078786,20.));
#2135 = CARTESIAN_POINT('',(-2.647367350515,24.623922307742));
#2136 = CARTESIAN_POINT('',(-2.646932837167,29.333718855705));
#2137 = CARTESIAN_POINT('',(-2.646506335684,34.131514209223));
#2138 = CARTESIAN_POINT('',(-2.646087650513,39.019511798956));
#2139 = CARTESIAN_POINT('',(-2.645676593073,44.));
#2140 = ( GEOMETRIC_REPRESENTATION_CONTEXT(2) 
PARAMETRIC_REPRESENTATION_CONTEXT() REPRESENTATION_CONTEXT('2D SPACE',''
  ) );
#2141 = PCURVE('',#2142,#2147);
#2142 = PLANE('',#2143);
#2143 = AXIS2_PLACEMENT_3D('',#2144,#2145,#2146);
#2144 = CARTESIAN_POINT('',(-53.46152422706,27.401923788647,-2.));
#2145 = DIRECTION('',(0.5,0.866025403784,0.));
#2146 = DIRECTION('',(0.,0.,1.));
#2147 = DEFINITIONAL_REPRESENTATION('',(#2148),#2152);
#2148 = ( BOUNDED_CURVE() B_SPLINE_CURVE(2,(#2149,#2150,#2151),
.UNSPECIFIED.,.F.,.F.) B_SPLINE_CURVE_WITH_KNOTS((3,3),(4.205776475288,
4.280030381496),.PIECEWISE_BEZIER_KNOTS.) CURVE() 
GEOMETRIC_REPRESENTATION_ITEM() RATIONAL_B_SPLINE_CURVE((1.,
1.000689284494,1.)) REPRESENTATION_ITEM('') );
#2149 = CARTESIAN_POINT('',(22.,-40.58662276238));
#2150 = CARTESIAN_POINT('',(10.445502690218,-44.32104249168));
#2151 = CARTESIAN_POINT('',(-2.,-48.34318885768));
#2152 = ( GEOMETRIC_REPRESENTATION_CONTEXT(2) 
PARAMETRIC_REPRESENTATION_CONTEXT() REPRESENTATION_CONTEXT('2D SPACE',''
  ) );
#2153 = ORIENTED_EDGE('',*,*,#2154,.T.);
#2154 = EDGE_CURVE('',#2121,#2155,#2157,.T.);
#2155 = VERTEX_POINT('',#2156);
#2156 = CARTESIAN_POINT('',(-86.17036875493,53.214587211968,18.));
#2157 = SURFACE_CURVE('',#2158,(#2163,#2170),.PCURVE_S1.);
#2158 = CIRCLE('',#2159,101.2774641443);
#2159 = AXIS2_PLACEMENT_3D('',#2160,#2161,#2162);
#2160 = CARTESIAN_POINT('',(0.,0.,18.));
#2161 = DIRECTION('',(0.,0.,-1.));
#2162 = DIRECTION('',(1.,0.,0.));
#2163 = PCURVE('',#43,#2164);
#2164 = DEFINITIONAL_REPRESENTATION('',(#2165),#2169);
#2165 = LINE('',#2166,#2167);
#2166 = CARTESIAN_POINT('',(-6.28318530718,22.));
#2167 = VECTOR('',#2168,1.);
#2168 = DIRECTION('',(1.,-0.));
#2169 = ( GEOMETRIC_REPRESENTATION_CONTEXT(2) 
PARAMETRIC_REPRESENTATION_CONTEXT() REPRESENTATION_CONTEXT('2D SPACE',''
  ) );
#2170 = PCURVE('',#2171,#2176);
#2171 = PLANE('',#2172);
#2172 = AXIS2_PLACEMENT_3D('',#2173,#2174,#2175);
#2173 = CARTESIAN_POINT('',(-53.46152422706,27.401923788647,18.));
#2174 = DIRECTION('',(0.,0.,1.));
#2175 = DIRECTION('',(0.5,0.866025403784,0.));
#2176 = DEFINITIONAL_REPRESENTATION('',(#2177),#2185);
#2177 = ( BOUNDED_CURVE() B_SPLINE_CURVE(2,(#2178,#2179,#2180,#2181,
#2182,#2183,#2184),.UNSPECIFIED.,.T.,.F.) B_SPLINE_CURVE_WITH_KNOTS((1,2
    ,2,2,2,1),(-2.094395102393,0.,2.094395102393,4.188790204786,
6.28318530718,8.377580409573),.UNSPECIFIED.) CURVE() 
GEOMETRIC_REPRESENTATION_ITEM() RATIONAL_B_SPLINE_CURVE((1.,0.5,1.,0.5,
1.,0.5,1.)) REPRESENTATION_ITEM('') );
#2178 = CARTESIAN_POINT('',(53.638732072154,-147.7088567798));
#2179 = CARTESIAN_POINT('',(-98.2774641443,-235.4177135596));
#2180 = CARTESIAN_POINT('',(-98.2774641443,-60.));
#2181 = CARTESIAN_POINT('',(-98.2774641443,115.41771355967));
#2182 = CARTESIAN_POINT('',(53.638732072153,27.708856779838));
#2183 = CARTESIAN_POINT('',(205.55492828861,-60.));
#2184 = CARTESIAN_POINT('',(53.638732072154,-147.7088567798));
#2185 = ( GEOMETRIC_REPRESENTATION_CONTEXT(2) 
PARAMETRIC_REPRESENTATION_CONTEXT() REPRESENTATION_CONTEXT('2D SPACE',''
  ) );
#2186 = ORIENTED_EDGE('',*,*,#2187,.T.);
#2187 = EDGE_CURVE('',#2155,#2188,#2190,.T.);
#2188 = VERTEX_POINT('',#2189);
#2189 = CARTESIAN_POINT('',(-91.76818718523,56.446489189574,-2.));
#2190 = SURFACE_CURVE('',#2191,(#2196,#2206),.PCURVE_S1.);
#2191 = HYPERBOLA('',#2192,9.286290287604,3.);
#2192 = AXIS2_PLACEMENT_3D('',#2193,#2194,#2195);
#2193 = CARTESIAN_POINT('',(1.5,2.598076211353,331.49731054548));
#2194 = DIRECTION('',(0.5,0.866025403784,0.));
#2195 = DIRECTION('',(0.,0.,-1.));
#2196 = PCURVE('',#43,#2197);
#2197 = DEFINITIONAL_REPRESENTATION('',(#2198),#2205);
#2198 = B_SPLINE_CURVE_WITH_KNOTS('',5,(#2199,#2200,#2201,#2202,#2203,
    #2204),.UNSPECIFIED.,.F.,.F.,(6,6),(4.205776475288,4.280030381496),
  .PIECEWISE_BEZIER_KNOTS.);
#2199 = CARTESIAN_POINT('',(-2.588177677197,20.));
#2200 = CARTESIAN_POINT('',(-2.588620405468,24.623922307742));
#2201 = CARTESIAN_POINT('',(-2.589054918816,29.333718855705));
#2202 = CARTESIAN_POINT('',(-2.589481420299,34.131514209223));
#2203 = CARTESIAN_POINT('',(-2.58990010547,39.019511798956));
#2204 = CARTESIAN_POINT('',(-2.59031116291,44.));
#2205 = ( GEOMETRIC_REPRESENTATION_CONTEXT(2) 
PARAMETRIC_REPRESENTATION_CONTEXT() REPRESENTATION_CONTEXT('2D SPACE',''
  ) );
#2206 = PCURVE('',#2207,#2212);
#2207 = PLANE('',#2208);
#2208 = AXIS2_PLACEMENT_3D('',#2209,#2210,#2211);
#2209 = CARTESIAN_POINT('',(-50.46152422706,32.598076211353,-2.));
#2210 = DIRECTION('',(0.5,0.866025403784,0.));
#2211 = DIRECTION('',(0.,0.,1.));
#2212 = DEFINITIONAL_REPRESENTATION('',(#2213),#2217);
#2213 = ( BOUNDED_CURVE() B_SPLINE_CURVE(2,(#2214,#2215,#2216),
.UNSPECIFIED.,.F.,.F.) B_SPLINE_CURVE_WITH_KNOTS((3,3),(4.205776475288,
4.280030381496),.PIECEWISE_BEZIER_KNOTS.) CURVE() 
GEOMETRIC_REPRESENTATION_ITEM() RATIONAL_B_SPLINE_CURVE((1.,
1.000689284494,1.)) REPRESENTATION_ITEM('') );
#2214 = CARTESIAN_POINT('',(22.,-40.58662276238));
#2215 = CARTESIAN_POINT('',(10.445502690218,-44.32104249168));
#2216 = CARTESIAN_POINT('',(-2.,-48.34318885768));
#2217 = ( GEOMETRIC_REPRESENTATION_CONTEXT(2) 
PARAMETRIC_REPRESENTATION_CONTEXT() REPRESENTATION_CONTEXT('2D SPACE',''
  ) );
#2218 = ORIENTED_EDGE('',*,*,#2219,.F.);
#2219 = EDGE_CURVE('',#2123,#2188,#2220,.T.);
#2220 = SURFACE_CURVE('',#2221,(#2226,#2233),.PCURVE_S1.);
#2221 = CIRCLE('',#2222,107.73860181519);
#2222 = AXIS2_PLACEMENT_3D('',#2223,#2224,#2225);
#2223 = CARTESIAN_POINT('',(0.,0.,-2.));
#2224 = DIRECTION('',(0.,0.,-1.));
#2225 = DIRECTION('',(1.,0.,0.));
#2226 = PCURVE('',#43,#2227);
#2227 = DEFINITIONAL_REPRESENTATION('',(#2228),#2232);
#2228 = LINE('',#2229,#2230);
#2229 = CARTESIAN_POINT('',(-6.28318530718,42.));
#2230 = VECTOR('',#2231,1.);
#2231 = DIRECTION('',(1.,-0.));
#2232 = ( GEOMETRIC_REPRESENTATION_CONTEXT(2) 
PARAMETRIC_REPRESENTATION_CONTEXT() REPRESENTATION_CONTEXT('2D SPACE',''
  ) );
#2233 = PCURVE('',#2234,#2239);
#2234 = PLANE('',#2235);
#2235 = AXIS2_PLACEMENT_3D('',#2236,#2237,#2238);
#2236 = CARTESIAN_POINT('',(-53.46152422706,27.401923788647,-2.));
#2237 = DIRECTION('',(0.,0.,1.));
#2238 = DIRECTION('',(0.5,0.866025403784,0.));
#2239 = DEFINITIONAL_REPRESENTATION('',(#2240),#2248);
#2240 = ( BOUNDED_CURVE() B_SPLINE_CURVE(2,(#2241,#2242,#2243,#2244,
#2245,#2246,#2247),.UNSPECIFIED.,.T.,.F.) B_SPLINE_CURVE_WITH_KNOTS((1,2
    ,2,2,2,1),(-2.094395102393,0.,2.094395102393,4.188790204786,
6.28318530718,8.377580409573),.UNSPECIFIED.) CURVE() 
GEOMETRIC_REPRESENTATION_ITEM() RATIONAL_B_SPLINE_CURVE((1.,0.5,1.,0.5,
1.,0.5,1.)) REPRESENTATION_ITEM('') );
#2241 = CARTESIAN_POINT('',(56.869300907595,-153.3043661401));
#2242 = CARTESIAN_POINT('',(-104.7386018151,-246.6087322803));
#2243 = CARTESIAN_POINT('',(-104.7386018151,-60.));
#2244 = CARTESIAN_POINT('',(-104.7386018151,126.60873228034));
#2245 = CARTESIAN_POINT('',(56.869300907595,33.304366140171));
#2246 = CARTESIAN_POINT('',(218.47720363038,-60.));
#2247 = CARTESIAN_POINT('',(56.869300907595,-153.3043661401));
#2248 = ( GEOMETRIC_REPRESENTATION_CONTEXT(2) 
PARAMETRIC_REPRESENTATION_CONTEXT() REPRESENTATION_CONTEXT('2D SPACE',''
  ) );
#2249 = FACE_BOUND('',#2250,.T.);
#2250 = EDGE_LOOP('',(#2251,#2285,#2318,#2350));
#2251 = ORIENTED_EDGE('',*,*,#2252,.F.);
#2252 = EDGE_CURVE('',#2253,#2255,#2257,.T.);
#2253 = VERTEX_POINT('',#2254);
#2254 = CARTESIAN_POINT('',(-97.20537622164,28.429554641427,18.));
#2255 = VERTEX_POINT('',#2256);
#2256 = CARTESIAN_POINT('',(-103.3528190933,30.426979911896,-2.));
#2257 = SURFACE_CURVE('',#2258,(#2263,#2273),.PCURVE_S1.);
#2258 = HYPERBOLA('',#2259,9.286290287604,3.);
#2259 = AXIS2_PLACEMENT_3D('',#2260,#2261,#2262);
#2260 = CARTESIAN_POINT('',(-0.927050983125,-2.853169548885,
    331.49731054548));
#2261 = DIRECTION('',(0.309016994375,0.951056516295,0.));
#2262 = DIRECTION('',(0.,0.,-1.));
#2263 = PCURVE('',#43,#2264);
#2264 = DEFINITIONAL_REPRESENTATION('',(#2265),#2272);
#2265 = B_SPLINE_CURVE_WITH_KNOTS('',5,(#2266,#2267,#2268,#2269,#2270,
    #2271),.UNSPECIFIED.,.F.,.F.,(6,6),(4.205776475288,4.280030381496),
  .PIECEWISE_BEZIER_KNOTS.);
#2266 = CARTESIAN_POINT('',(-2.857249589025,20.));
#2267 = CARTESIAN_POINT('',(-2.856806860754,24.623922307742));
#2268 = CARTESIAN_POINT('',(-2.856372347406,29.333718855705));
#2269 = CARTESIAN_POINT('',(-2.855945845923,34.131514209223));
#2270 = CARTESIAN_POINT('',(-2.855527160752,39.019511798956));
#2271 = CARTESIAN_POINT('',(-2.855116103312,44.));
#2272 = ( GEOMETRIC_REPRESENTATION_CONTEXT(2) 
PARAMETRIC_REPRESENTATION_CONTEXT() REPRESENTATION_CONTEXT('2D SPACE',''
  ) );
#2273 = PCURVE('',#2274,#2279);
#2274 = PLANE('',#2275);
#2275 = AXIS2_PLACEMENT_3D('',#2276,#2277,#2278);
#2276 = CARTESIAN_POINT('',(-57.99044196083,15.687850113611,-2.));
#2277 = DIRECTION('',(0.309016994375,0.951056516295,0.));
#2278 = DIRECTION('',(0.,0.,1.));
#2279 = DEFINITIONAL_REPRESENTATION('',(#2280),#2284);
#2280 = ( BOUNDED_CURVE() B_SPLINE_CURVE(2,(#2281,#2282,#2283),
.UNSPECIFIED.,.F.,.F.) B_SPLINE_CURVE_WITH_KNOTS((3,3),(4.205776475288,
4.280030381496),.PIECEWISE_BEZIER_KNOTS.) CURVE() 
GEOMETRIC_REPRESENTATION_ITEM() RATIONAL_B_SPLINE_CURVE((1.,
1.000689284494,1.)) REPRESENTATION_ITEM('') );
#2281 = CARTESIAN_POINT('',(22.,-40.58662276238));
#2282 = CARTESIAN_POINT('',(10.445502690218,-44.32104249168));
#2283 = CARTESIAN_POINT('',(-2.,-48.34318885768));
#2284 = ( GEOMETRIC_REPRESENTATION_CONTEXT(2) 
PARAMETRIC_REPRESENTATION_CONTEXT() REPRESENTATION_CONTEXT('2D SPACE',''
  ) );
#2285 = ORIENTED_EDGE('',*,*,#2286,.T.);
#2286 = EDGE_CURVE('',#2253,#2287,#2289,.T.);
#2287 = VERTEX_POINT('',#2288);
#2288 = CARTESIAN_POINT('',(-95.35127425539,34.135893739198,18.));
#2289 = SURFACE_CURVE('',#2290,(#2295,#2302),.PCURVE_S1.);
#2290 = CIRCLE('',#2291,101.2774641443);
#2291 = AXIS2_PLACEMENT_3D('',#2292,#2293,#2294);
#2292 = CARTESIAN_POINT('',(0.,0.,18.));
#2293 = DIRECTION('',(0.,0.,-1.));
#2294 = DIRECTION('',(1.,0.,0.));
#2295 = PCURVE('',#43,#2296);
#2296 = DEFINITIONAL_REPRESENTATION('',(#2297),#2301);
#2297 = LINE('',#2298,#2299);
#2298 = CARTESIAN_POINT('',(-6.28318530718,22.));
#2299 = VECTOR('',#2300,1.);
#2300 = DIRECTION('',(1.,-0.));
#2301 = ( GEOMETRIC_REPRESENTATION_CONTEXT(2) 
PARAMETRIC_REPRESENTATION_CONTEXT() REPRESENTATION_CONTEXT('2D SPACE',''
  ) );
#2302 = PCURVE('',#2303,#2308);
#2303 = PLANE('',#2304);
#2304 = AXIS2_PLACEMENT_3D('',#2305,#2306,#2307);
#2305 = CARTESIAN_POINT('',(-57.99044196083,15.687850113611,18.));
#2306 = DIRECTION('',(0.,0.,1.));
#2307 = DIRECTION('',(0.309016994375,0.951056516295,0.));
#2308 = DEFINITIONAL_REPRESENTATION('',(#2309),#2317);
#2309 = ( BOUNDED_CURVE() B_SPLINE_CURVE(2,(#2310,#2311,#2312,#2313,
#2314,#2315,#2316),.UNSPECIFIED.,.T.,.F.) B_SPLINE_CURVE_WITH_KNOTS((1,2
    ,2,2,2,1),(-2.094395102393,0.,2.094395102393,4.188790204786,
6.28318530718,8.377580409573),.UNSPECIFIED.) CURVE() 
GEOMETRIC_REPRESENTATION_ITEM() RATIONAL_B_SPLINE_CURVE((1.,0.5,1.,0.5,
1.,0.5,1.)) REPRESENTATION_ITEM('') );
#2310 = CARTESIAN_POINT('',(34.29645756779,-156.3205922282));
#2311 = CARTESIAN_POINT('',(-132.5357019867,-210.5276468326));
#2312 = CARTESIAN_POINT('',(-96.06430856115,-38.94323118802));
#2313 = CARTESIAN_POINT('',(-59.59291513558,132.64118445658));
#2314 = CARTESIAN_POINT('',(70.767850993368,15.263823416314));
#2315 = CARTESIAN_POINT('',(201.12861712231,-102.1135376239));
#2316 = CARTESIAN_POINT('',(34.29645756779,-156.3205922282));
#2317 = ( GEOMETRIC_REPRESENTATION_CONTEXT(2) 
PARAMETRIC_REPRESENTATION_CONTEXT() REPRESENTATION_CONTEXT('2D SPACE',''
  ) );
#2318 = ORIENTED_EDGE('',*,*,#2319,.T.);
#2319 = EDGE_CURVE('',#2287,#2320,#2322,.T.);
#2320 = VERTEX_POINT('',#2321);
#2321 = CARTESIAN_POINT('',(-101.498717127,36.133319009667,-2.));
#2322 = SURFACE_CURVE('',#2323,(#2328,#2338),.PCURVE_S1.);
#2323 = HYPERBOLA('',#2324,9.286290287604,3.);
#2324 = AXIS2_PLACEMENT_3D('',#2325,#2326,#2327);
#2325 = CARTESIAN_POINT('',(0.927050983125,2.853169548885,
    331.49731054548));
#2326 = DIRECTION('',(0.309016994375,0.951056516295,0.));
#2327 = DIRECTION('',(0.,0.,-1.));
#2328 = PCURVE('',#43,#2329);
#2329 = DEFINITIONAL_REPRESENTATION('',(#2330),#2337);
#2330 = B_SPLINE_CURVE_WITH_KNOTS('',5,(#2331,#2332,#2333,#2334,#2335,
    #2336),.UNSPECIFIED.,.F.,.F.,(6,6),(4.205776475288,4.280030381496),
  .PIECEWISE_BEZIER_KNOTS.);
#2331 = CARTESIAN_POINT('',(-2.797617187437,20.));
#2332 = CARTESIAN_POINT('',(-2.798059915707,24.623922307742));
#2333 = CARTESIAN_POINT('',(-2.798494429055,29.333718855705));
#2334 = CARTESIAN_POINT('',(-2.798920930538,34.131514209223));
#2335 = CARTESIAN_POINT('',(-2.79933961571,39.019511798956));
#2336 = CARTESIAN_POINT('',(-2.79975067315,44.));
#2337 = ( GEOMETRIC_REPRESENTATION_CONTEXT(2) 
PARAMETRIC_REPRESENTATION_CONTEXT() REPRESENTATION_CONTEXT('2D SPACE',''
  ) );
#2338 = PCURVE('',#2339,#2344);
#2339 = PLANE('',#2340);
#2340 = AXIS2_PLACEMENT_3D('',#2341,#2342,#2343);
#2341 = CARTESIAN_POINT('',(-56.13633999458,21.394189211382,-2.));
#2342 = DIRECTION('',(0.309016994375,0.951056516295,0.));
#2343 = DIRECTION('',(0.,0.,1.));
#2344 = DEFINITIONAL_REPRESENTATION('',(#2345),#2349);
#2345 = ( BOUNDED_CURVE() B_SPLINE_CURVE(2,(#2346,#2347,#2348),
.UNSPECIFIED.,.F.,.F.) B_SPLINE_CURVE_WITH_KNOTS((3,3),(4.205776475288,
4.280030381496),.PIECEWISE_BEZIER_KNOTS.) CURVE() 
GEOMETRIC_REPRESENTATION_ITEM() RATIONAL_B_SPLINE_CURVE((1.,
1.000689284494,1.)) REPRESENTATION_ITEM('') );
#2346 = CARTESIAN_POINT('',(22.,-40.58662276238));
#2347 = CARTESIAN_POINT('',(10.445502690218,-44.32104249168));
#2348 = CARTESIAN_POINT('',(-2.,-48.34318885768));
#2349 = ( GEOMETRIC_REPRESENTATION_CONTEXT(2) 
PARAMETRIC_REPRESENTATION_CONTEXT() REPRESENTATION_CONTEXT('2D SPACE',''
  ) );
#2350 = ORIENTED_EDGE('',*,*,#2351,.F.);
#2351 = EDGE_CURVE('',#2255,#2320,#2352,.T.);
#2352 = SURFACE_CURVE('',#2353,(#2358,#2365),.PCURVE_S1.);
#2353 = CIRCLE('',#2354,107.73860181519);
#2354 = AXIS2_PLACEMENT_3D('',#2355,#2356,#2357);
#2355 = CARTESIAN_POINT('',(0.,0.,-2.));
#2356 = DIRECTION('',(0.,0.,-1.));
#2357 = DIRECTION('',(1.,0.,0.));
#2358 = PCURVE('',#43,#2359);
#2359 = DEFINITIONAL_REPRESENTATION('',(#2360),#2364);
#2360 = LINE('',#2361,#2362);
#2361 = CARTESIAN_POINT('',(-6.28318530718,42.));
#2362 = VECTOR('',#2363,1.);
#2363 = DIRECTION('',(1.,-0.));
#2364 = ( GEOMETRIC_REPRESENTATION_CONTEXT(2) 
PARAMETRIC_REPRESENTATION_CONTEXT() REPRESENTATION_CONTEXT('2D SPACE',''
  ) );
#2365 = PCURVE('',#2366,#2371);
#2366 = PLANE('',#2367);
#2367 = AXIS2_PLACEMENT_3D('',#2368,#2369,#2370);
#2368 = CARTESIAN_POINT('',(-57.99044196083,15.687850113611,-2.));
#2369 = DIRECTION('',(0.,0.,1.));
#2370 = DIRECTION('',(0.309016994375,0.951056516295,0.));
#2371 = DEFINITIONAL_REPRESENTATION('',(#2372),#2380);
#2372 = ( BOUNDED_CURVE() B_SPLINE_CURVE(2,(#2373,#2374,#2375,#2376,
#2377,#2378,#2379),.UNSPECIFIED.,.T.,.F.) B_SPLINE_CURVE_WITH_KNOTS((1,2
    ,2,2,2,1),(-2.094395102393,0.,2.094395102393,4.188790204786,
6.28318530718,8.377580409573),.UNSPECIFIED.) CURVE() 
GEOMETRIC_REPRESENTATION_ITEM() RATIONAL_B_SPLINE_CURVE((1.,0.5,1.,0.5,
1.,0.5,1.)) REPRESENTATION_ITEM('') );
#2373 = CARTESIAN_POINT('',(36.293058911089,-162.4654993128));
#2374 = CARTESIAN_POINT('',(-141.1823919217,-220.1307688862));
#2375 = CARTESIAN_POINT('',(-102.3842548719,-37.59988513026));
#2376 = CARTESIAN_POINT('',(-63.58611782217,144.93099862573));
#2377 = CARTESIAN_POINT('',(75.091195960854,20.065384443128));
#2378 = CARTESIAN_POINT('',(213.76850974388,-104.8002297394));
#2379 = CARTESIAN_POINT('',(36.293058911089,-162.4654993128));
#2380 = ( GEOMETRIC_REPRESENTATION_CONTEXT(2) 
PARAMETRIC_REPRESENTATION_CONTEXT() REPRESENTATION_CONTEXT('2D SPACE',''
  ) );
#2381 = FACE_BOUND('',#2382,.T.);
#2382 = EDGE_LOOP('',(#2383,#2417,#2450,#2482));
#2383 = ORIENTED_EDGE('',*,*,#2384,.F.);
#2384 = EDGE_CURVE('',#2385,#2387,#2389,.T.);
#2385 = VERTEX_POINT('',#2386);
#2386 = CARTESIAN_POINT('',(-100.9920423043,7.598166535624,18.));
#2387 = VERTEX_POINT('',#2388);
#2388 = CARTESIAN_POINT('',(-107.4204368651,8.273818029926,-2.));
#2389 = SURFACE_CURVE('',#2390,(#2395,#2405),.PCURVE_S1.);
#2390 = HYPERBOLA('',#2391,9.286290287604,3.);
#2391 = AXIS2_PLACEMENT_3D('',#2392,#2393,#2394);
#2392 = CARTESIAN_POINT('',(-0.313585389803,-2.983565686105,
    331.49731054548));
#2393 = DIRECTION('',(0.104528463268,0.994521895368,0.));
#2394 = DIRECTION('',(0.,0.,-1.));
#2395 = PCURVE('',#43,#2396);
#2396 = DEFINITIONAL_REPRESENTATION('',(#2397),#2404);
#2397 = B_SPLINE_CURVE_WITH_KNOTS('',5,(#2398,#2399,#2400,#2401,#2402,
    #2403),.UNSPECIFIED.,.F.,.F.,(6,6),(4.205776475288,4.280030381496),
  .PIECEWISE_BEZIER_KNOTS.);
#2398 = CARTESIAN_POINT('',(-3.066689099264,20.));
#2399 = CARTESIAN_POINT('',(-3.066246370994,24.623922307742));
#2400 = CARTESIAN_POINT('',(-3.065811857646,29.333718855705));
#2401 = CARTESIAN_POINT('',(-3.065385356163,34.131514209223));
#2402 = CARTESIAN_POINT('',(-3.064966670991,39.019511798956));
#2403 = CARTESIAN_POINT('',(-3.064555613551,44.));
#2404 = ( GEOMETRIC_REPRESENTATION_CONTEXT(2) 
PARAMETRIC_REPRESENTATION_CONTEXT() REPRESENTATION_CONTEXT('2D SPACE',''
  ) );
#2405 = PCURVE('',#2406,#2411);
#2406 = PLANE('',#2407);
#2407 = AXIS2_PLACEMENT_3D('',#2408,#2409,#2410);
#2408 = CARTESIAN_POINT('',(-59.98489911189,3.288142109954,-2.));
#2409 = DIRECTION('',(0.104528463268,0.994521895368,0.));
#2410 = DIRECTION('',(0.,0.,1.));
#2411 = DEFINITIONAL_REPRESENTATION('',(#2412),#2416);
#2412 = ( BOUNDED_CURVE() B_SPLINE_CURVE(2,(#2413,#2414,#2415),
.UNSPECIFIED.,.F.,.F.) B_SPLINE_CURVE_WITH_KNOTS((3,3),(4.205776475288,
4.280030381496),.PIECEWISE_BEZIER_KNOTS.) CURVE() 
GEOMETRIC_REPRESENTATION_ITEM() RATIONAL_B_SPLINE_CURVE((1.,
1.000689284494,1.)) REPRESENTATION_ITEM('') );
#2413 = CARTESIAN_POINT('',(22.,-40.58662276238));
#2414 = CARTESIAN_POINT('',(10.445502690218,-44.32104249168));
#2415 = CARTESIAN_POINT('',(-2.,-48.34318885768));
#2416 = ( GEOMETRIC_REPRESENTATION_CONTEXT(2) 
PARAMETRIC_REPRESENTATION_CONTEXT() REPRESENTATION_CONTEXT('2D SPACE',''
  ) );
#2417 = ORIENTED_EDGE('',*,*,#2418,.T.);
#2418 = EDGE_CURVE('',#2385,#2419,#2421,.T.);
#2419 = VERTEX_POINT('',#2420);
#2420 = CARTESIAN_POINT('',(-100.3648715247,13.565297907834,18.));
#2421 = SURFACE_CURVE('',#2422,(#2427,#2434),.PCURVE_S1.);
#2422 = CIRCLE('',#2423,101.2774641443);
#2423 = AXIS2_PLACEMENT_3D('',#2424,#2425,#2426);
#2424 = CARTESIAN_POINT('',(0.,0.,18.));
#2425 = DIRECTION('',(0.,0.,-1.));
#2426 = DIRECTION('',(1.,0.,0.));
#2427 = PCURVE('',#43,#2428);
#2428 = DEFINITIONAL_REPRESENTATION('',(#2429),#2433);
#2429 = LINE('',#2430,#2431);
#2430 = CARTESIAN_POINT('',(-6.28318530718,22.));
#2431 = VECTOR('',#2432,1.);
#2432 = DIRECTION('',(1.,-0.));
#2433 = ( GEOMETRIC_REPRESENTATION_CONTEXT(2) 
PARAMETRIC_REPRESENTATION_CONTEXT() REPRESENTATION_CONTEXT('2D SPACE',''
  ) );
#2434 = PCURVE('',#2435,#2440);
#2435 = PLANE('',#2436);
#2436 = AXIS2_PLACEMENT_3D('',#2437,#2438,#2439);
#2437 = CARTESIAN_POINT('',(-59.98489911189,3.288142109954,18.));
#2438 = DIRECTION('',(0.,0.,1.));
#2439 = DIRECTION('',(0.104528463268,0.994521895368,0.));
#2440 = DEFINITIONAL_REPRESENTATION('',(#2441),#2449);
#2441 = ( BOUNDED_CURVE() B_SPLINE_CURVE(2,(#2442,#2443,#2444,#2445,
#2446,#2447,#2448),.UNSPECIFIED.,.T.,.F.) B_SPLINE_CURVE_WITH_KNOTS((1,2
    ,2,2,2,1),(-2.094395102393,0.,2.094395102393,4.188790204786,
6.28318530718,8.377580409573),.UNSPECIFIED.) CURVE() 
GEOMETRIC_REPRESENTATION_ITEM() RATIONAL_B_SPLINE_CURVE((1.,0.5,1.,0.5,
1.,0.5,1.)) REPRESENTATION_ITEM('') );
#2442 = CARTESIAN_POINT('',(13.586377690649,-160.7226555988));
#2443 = CARTESIAN_POINT('',(-160.8703792798,-179.0587996272));
#2444 = CARTESIAN_POINT('',(-89.52156733059,-18.80674421471));
#2445 = CARTESIAN_POINT('',(-18.17275538129,141.44531119777));
#2446 = CARTESIAN_POINT('',(84.935189639944,-0.470600186397));
#2447 = CARTESIAN_POINT('',(188.04313466118,-142.3865115705));
#2448 = CARTESIAN_POINT('',(13.586377690649,-160.7226555988));
#2449 = ( GEOMETRIC_REPRESENTATION_CONTEXT(2) 
PARAMETRIC_REPRESENTATION_CONTEXT() REPRESENTATION_CONTEXT('2D SPACE',''
  ) );
#2450 = ORIENTED_EDGE('',*,*,#2451,.T.);
#2451 = EDGE_CURVE('',#2419,#2452,#2454,.T.);
#2452 = VERTEX_POINT('',#2453);
#2453 = CARTESIAN_POINT('',(-106.7932660855,14.240949402136,-2.));
#2454 = SURFACE_CURVE('',#2455,(#2460,#2470),.PCURVE_S1.);
#2455 = HYPERBOLA('',#2456,9.286290287604,3.);
#2456 = AXIS2_PLACEMENT_3D('',#2457,#2458,#2459);
#2457 = CARTESIAN_POINT('',(0.313585389803,2.983565686105,
    331.49731054548));
#2458 = DIRECTION('',(0.104528463268,0.994521895368,0.));
#2459 = DIRECTION('',(0.,0.,-1.));
#2460 = PCURVE('',#43,#2461);
#2461 = DEFINITIONAL_REPRESENTATION('',(#2462),#2469);
#2462 = B_SPLINE_CURVE_WITH_KNOTS('',5,(#2463,#2464,#2465,#2466,#2467,
    #2468),.UNSPECIFIED.,.F.,.F.,(6,6),(4.205776475288,4.280030381496),
  .PIECEWISE_BEZIER_KNOTS.);
#2463 = CARTESIAN_POINT('',(-3.007056697676,20.));
#2464 = CARTESIAN_POINT('',(-3.007499425947,24.623922307742));
#2465 = CARTESIAN_POINT('',(-3.007933939295,29.333718855705));
#2466 = CARTESIAN_POINT('',(-3.008360440778,34.131514209223));
#2467 = CARTESIAN_POINT('',(-3.008779125949,39.019511798956));
#2468 = CARTESIAN_POINT('',(-3.009190183389,44.));
#2469 = ( GEOMETRIC_REPRESENTATION_CONTEXT(2) 
PARAMETRIC_REPRESENTATION_CONTEXT() REPRESENTATION_CONTEXT('2D SPACE',''
  ) );
#2470 = PCURVE('',#2471,#2476);
#2471 = PLANE('',#2472);
#2472 = AXIS2_PLACEMENT_3D('',#2473,#2474,#2475);
#2473 = CARTESIAN_POINT('',(-59.35772833229,9.255273482164,-2.));
#2474 = DIRECTION('',(0.104528463268,0.994521895368,0.));
#2475 = DIRECTION('',(0.,0.,1.));
#2476 = DEFINITIONAL_REPRESENTATION('',(#2477),#2481);
#2477 = ( BOUNDED_CURVE() B_SPLINE_CURVE(2,(#2478,#2479,#2480),
.UNSPECIFIED.,.F.,.F.) B_SPLINE_CURVE_WITH_KNOTS((3,3),(4.205776475288,
4.280030381496),.PIECEWISE_BEZIER_KNOTS.) CURVE() 
GEOMETRIC_REPRESENTATION_ITEM() RATIONAL_B_SPLINE_CURVE((1.,
1.000689284494,1.)) REPRESENTATION_ITEM('') );
#2478 = CARTESIAN_POINT('',(22.,-40.58662276238));
#2479 = CARTESIAN_POINT('',(10.445502690218,-44.32104249168));
#2480 = CARTESIAN_POINT('',(-2.,-48.34318885768));
#2481 = ( GEOMETRIC_REPRESENTATION_CONTEXT(2) 
PARAMETRIC_REPRESENTATION_CONTEXT() REPRESENTATION_CONTEXT('2D SPACE',''
  ) );
#2482 = ORIENTED_EDGE('',*,*,#2483,.F.);
#2483 = EDGE_CURVE('',#2387,#2452,#2484,.T.);
#2484 = SURFACE_CURVE('',#2485,(#2490,#2497),.PCURVE_S1.);
#2485 = CIRCLE('',#2486,107.73860181519);
#2486 = AXIS2_PLACEMENT_3D('',#2487,#2488,#2489);
#2487 = CARTESIAN_POINT('',(0.,0.,-2.));
#2488 = DIRECTION('',(0.,0.,-1.));
#2489 = DIRECTION('',(1.,0.,0.));
#2490 = PCURVE('',#43,#2491);
#2491 = DEFINITIONAL_REPRESENTATION('',(#2492),#2496);
#2492 = LINE('',#2493,#2494);
#2493 = CARTESIAN_POINT('',(-6.28318530718,42.));
#2494 = VECTOR('',#2495,1.);
#2495 = DIRECTION('',(1.,-0.));
#2496 = ( GEOMETRIC_REPRESENTATION_CONTEXT(2) 
PARAMETRIC_REPRESENTATION_CONTEXT() REPRESENTATION_CONTEXT('2D SPACE',''
  ) );
#2497 = PCURVE('',#2498,#2503);
#2498 = PLANE('',#2499);
#2499 = AXIS2_PLACEMENT_3D('',#2500,#2501,#2502);
#2500 = CARTESIAN_POINT('',(-59.98489911189,3.288142109954,-2.));
#2501 = DIRECTION('',(0.,0.,1.));
#2502 = DIRECTION('',(0.104528463268,0.994521895368,0.));
#2503 = DEFINITIONAL_REPRESENTATION('',(#2504),#2512);
#2504 = ( BOUNDED_CURVE() B_SPLINE_CURVE(2,(#2505,#2506,#2507,#2508,
#2509,#2510,#2511),.UNSPECIFIED.,.T.,.F.) B_SPLINE_CURVE_WITH_KNOTS((1,2
    ,2,2,2,1),(-2.094395102393,0.,2.094395102393,4.188790204786,
6.28318530718,8.377580409573),.UNSPECIFIED.) CURVE() 
GEOMETRIC_REPRESENTATION_ITEM() RATIONAL_B_SPLINE_CURVE((1.,0.5,1.,0.5,
1.,0.5,1.)) REPRESENTATION_ITEM('') );
#2505 = CARTESIAN_POINT('',(14.261750482347,-167.1483984815));
#2506 = CARTESIAN_POINT('',(-171.3247196373,-186.6543224991));
#2507 = CARTESIAN_POINT('',(-95.42411030103,-16.178762768));
#2508 = CARTESIAN_POINT('',(-19.52350096469,154.29679696314));
#2509 = CARTESIAN_POINT('',(90.162359818685,3.32716124958));
#2510 = CARTESIAN_POINT('',(199.84822060206,-147.6424744639));
#2511 = CARTESIAN_POINT('',(14.261750482347,-167.1483984815));
#2512 = ( GEOMETRIC_REPRESENTATION_CONTEXT(2) 
PARAMETRIC_REPRESENTATION_CONTEXT() REPRESENTATION_CONTEXT('2D SPACE',''
  ) );
#2513 = FACE_BOUND('',#2514,.T.);
#2514 = EDGE_LOOP('',(#2515,#2549,#2582,#2614));
#2515 = ORIENTED_EDGE('',*,*,#2516,.F.);
#2516 = EDGE_CURVE('',#2517,#2519,#2521,.T.);
#2517 = VERTEX_POINT('',#2518);
#2518 = CARTESIAN_POINT('',(-100.3648715247,-13.56529790783,18.));
#2519 = VERTEX_POINT('',#2520);
#2520 = CARTESIAN_POINT('',(-106.7932660855,-14.24094940213,-2.));
#2521 = SURFACE_CURVE('',#2522,(#2527,#2537),.PCURVE_S1.);
#2522 = HYPERBOLA('',#2523,9.286290287604,3.);
#2523 = AXIS2_PLACEMENT_3D('',#2524,#2525,#2526);
#2524 = CARTESIAN_POINT('',(0.313585389803,-2.983565686105,
    331.49731054548));
#2525 = DIRECTION('',(-0.104528463268,0.994521895368,0.));
#2526 = DIRECTION('',(0.,0.,-1.));
#2527 = PCURVE('',#43,#2528);
#2528 = DEFINITIONAL_REPRESENTATION('',(#2529),#2536);
#2529 = B_SPLINE_CURVE_WITH_KNOTS('',5,(#2530,#2531,#2532,#2533,#2534,
    #2535),.UNSPECIFIED.,.F.,.F.,(6,6),(4.205776475288,4.280030381496),
  .PIECEWISE_BEZIER_KNOTS.);
#2530 = CARTESIAN_POINT('',(-3.276128609503,20.));
#2531 = CARTESIAN_POINT('',(-3.275685881233,24.623922307742));
#2532 = CARTESIAN_POINT('',(-3.275251367885,29.333718855705));
#2533 = CARTESIAN_POINT('',(-3.274824866402,34.131514209223));
#2534 = CARTESIAN_POINT('',(-3.274406181231,39.019511798956));
#2535 = CARTESIAN_POINT('',(-3.273995123791,44.));
#2536 = ( GEOMETRIC_REPRESENTATION_CONTEXT(2) 
PARAMETRIC_REPRESENTATION_CONTEXT() REPRESENTATION_CONTEXT('2D SPACE',''
  ) );
#2537 = PCURVE('',#2538,#2543);
#2538 = PLANE('',#2539);
#2539 = AXIS2_PLACEMENT_3D('',#2540,#2541,#2542);
#2540 = CARTESIAN_POINT('',(-59.35772833229,-9.255273482164,-2.));
#2541 = DIRECTION('',(-0.104528463268,0.994521895368,0.));
#2542 = DIRECTION('',(0.,0.,1.));
#2543 = DEFINITIONAL_REPRESENTATION('',(#2544),#2548);
#2544 = ( BOUNDED_CURVE() B_SPLINE_CURVE(2,(#2545,#2546,#2547),
.UNSPECIFIED.,.F.,.F.) B_SPLINE_CURVE_WITH_KNOTS((3,3),(4.205776475288,
4.280030381496),.PIECEWISE_BEZIER_KNOTS.) CURVE() 
GEOMETRIC_REPRESENTATION_ITEM() RATIONAL_B_SPLINE_CURVE((1.,
1.000689284494,1.)) REPRESENTATION_ITEM('') );
#2545 = CARTESIAN_POINT('',(22.,-40.58662276238));
#2546 = CARTESIAN_POINT('',(10.445502690218,-44.32104249168));
#2547 = CARTESIAN_POINT('',(-2.,-48.34318885768));
#2548 = ( GEOMETRIC_REPRESENTATION_CONTEXT(2) 
PARAMETRIC_REPRESENTATION_CONTEXT() REPRESENTATION_CONTEXT('2D SPACE',''
  ) );
#2549 = ORIENTED_EDGE('',*,*,#2550,.T.);
#2550 = EDGE_CURVE('',#2517,#2551,#2553,.T.);
#2551 = VERTEX_POINT('',#2552);
#2552 = CARTESIAN_POINT('',(-100.9920423043,-7.598166535624,18.));
#2553 = SURFACE_CURVE('',#2554,(#2559,#2566),.PCURVE_S1.);
#2554 = CIRCLE('',#2555,101.2774641443);
#2555 = AXIS2_PLACEMENT_3D('',#2556,#2557,#2558);
#2556 = CARTESIAN_POINT('',(0.,0.,18.));
#2557 = DIRECTION('',(0.,0.,-1.));
#2558 = DIRECTION('',(1.,0.,0.));
#2559 = PCURVE('',#43,#2560);
#2560 = DEFINITIONAL_REPRESENTATION('',(#2561),#2565);
#2561 = LINE('',#2562,#2563);
#2562 = CARTESIAN_POINT('',(-6.28318530718,22.));
#2563 = VECTOR('',#2564,1.);
#2564 = DIRECTION('',(1.,-0.));
#2565 = ( GEOMETRIC_REPRESENTATION_CONTEXT(2) 
PARAMETRIC_REPRESENTATION_CONTEXT() REPRESENTATION_CONTEXT('2D SPACE',''
  ) );
#2566 = PCURVE('',#2567,#2572);
#2567 = PLANE('',#2568);
#2568 = AXIS2_PLACEMENT_3D('',#2569,#2570,#2571);
#2569 = CARTESIAN_POINT('',(-59.35772833229,-9.255273482164,18.));
#2570 = DIRECTION('',(0.,0.,1.));
#2571 = DIRECTION('',(-0.104528463268,0.994521895368,0.));
#2572 = DEFINITIONAL_REPRESENTATION('',(#2573),#2581);
#2573 = ( BOUNDED_CURVE() B_SPLINE_CURVE(2,(#2574,#2575,#2576,#2577,
#2578,#2579,#2580),.UNSPECIFIED.,.T.,.F.) B_SPLINE_CURVE_WITH_KNOTS((1,2
    ,2,2,2,1),(-2.094395102393,0.,2.094395102393,4.188790204786,
6.28318530718,8.377580409573),.UNSPECIFIED.) CURVE() 
GEOMETRIC_REPRESENTATION_ITEM() RATIONAL_B_SPLINE_CURVE((1.,0.5,1.,0.5,
1.,0.5,1.)) REPRESENTATION_ITEM('') );
#2574 = CARTESIAN_POINT('',(-7.586377690649,-160.7226555988));
#2575 = CARTESIAN_POINT('',(-182.0431346611,-142.3865115705));
#2576 = CARTESIAN_POINT('',(-78.93518963994,-0.470600186397));
#2577 = CARTESIAN_POINT('',(24.172755381299,141.44531119777));
#2578 = CARTESIAN_POINT('',(95.521567330593,-18.80674421471));
#2579 = CARTESIAN_POINT('',(166.87037927988,-179.0587996272));
#2580 = CARTESIAN_POINT('',(-7.586377690649,-160.7226555988));
#2581 = ( GEOMETRIC_REPRESENTATION_CONTEXT(2) 
PARAMETRIC_REPRESENTATION_CONTEXT() REPRESENTATION_CONTEXT('2D SPACE',''
  ) );
#2582 = ORIENTED_EDGE('',*,*,#2583,.T.);
#2583 = EDGE_CURVE('',#2551,#2584,#2586,.T.);
#2584 = VERTEX_POINT('',#2585);
#2585 = CARTESIAN_POINT('',(-107.4204368651,-8.273818029926,-2.));
#2586 = SURFACE_CURVE('',#2587,(#2592,#2602),.PCURVE_S1.);
#2587 = HYPERBOLA('',#2588,9.286290287604,3.);
#2588 = AXIS2_PLACEMENT_3D('',#2589,#2590,#2591);
#2589 = CARTESIAN_POINT('',(-0.313585389803,2.983565686105,
    331.49731054548));
#2590 = DIRECTION('',(-0.104528463268,0.994521895368,0.));
#2591 = DIRECTION('',(0.,0.,-1.));
#2592 = PCURVE('',#43,#2593);
#2593 = DEFINITIONAL_REPRESENTATION('',(#2594),#2601);
#2594 = B_SPLINE_CURVE_WITH_KNOTS('',5,(#2595,#2596,#2597,#2598,#2599,
    #2600),.UNSPECIFIED.,.F.,.F.,(6,6),(4.205776475288,4.280030381496),
  .PIECEWISE_BEZIER_KNOTS.);
#2595 = CARTESIAN_POINT('',(-3.216496207915,20.));
#2596 = CARTESIAN_POINT('',(-3.216938936186,24.623922307742));
#2597 = CARTESIAN_POINT('',(-3.217373449534,29.333718855705));
#2598 = CARTESIAN_POINT('',(-3.217799951017,34.131514209223));
#2599 = CARTESIAN_POINT('',(-3.218218636188,39.019511798956));
#2600 = CARTESIAN_POINT('',(-3.218629693628,44.));
#2601 = ( GEOMETRIC_REPRESENTATION_CONTEXT(2) 
PARAMETRIC_REPRESENTATION_CONTEXT() REPRESENTATION_CONTEXT('2D SPACE',''
  ) );
#2602 = PCURVE('',#2603,#2608);
#2603 = PLANE('',#2604);
#2604 = AXIS2_PLACEMENT_3D('',#2605,#2606,#2607);
#2605 = CARTESIAN_POINT('',(-59.98489911189,-3.288142109954,-2.));
#2606 = DIRECTION('',(-0.104528463268,0.994521895368,0.));
#2607 = DIRECTION('',(0.,0.,1.));
#2608 = DEFINITIONAL_REPRESENTATION('',(#2609),#2613);
#2609 = ( BOUNDED_CURVE() B_SPLINE_CURVE(2,(#2610,#2611,#2612),
.UNSPECIFIED.,.F.,.F.) B_SPLINE_CURVE_WITH_KNOTS((3,3),(4.205776475288,
4.280030381496),.PIECEWISE_BEZIER_KNOTS.) CURVE() 
GEOMETRIC_REPRESENTATION_ITEM() RATIONAL_B_SPLINE_CURVE((1.,
1.000689284494,1.)) REPRESENTATION_ITEM('') );
#2610 = CARTESIAN_POINT('',(22.,-40.58662276238));
#2611 = CARTESIAN_POINT('',(10.445502690218,-44.32104249168));
#2612 = CARTESIAN_POINT('',(-2.,-48.34318885768));
#2613 = ( GEOMETRIC_REPRESENTATION_CONTEXT(2) 
PARAMETRIC_REPRESENTATION_CONTEXT() REPRESENTATION_CONTEXT('2D SPACE',''
  ) );
#2614 = ORIENTED_EDGE('',*,*,#2615,.F.);
#2615 = EDGE_CURVE('',#2519,#2584,#2616,.T.);
#2616 = SURFACE_CURVE('',#2617,(#2622,#2629),.PCURVE_S1.);
#2617 = CIRCLE('',#2618,107.73860181519);
#2618 = AXIS2_PLACEMENT_3D('',#2619,#2620,#2621);
#2619 = CARTESIAN_POINT('',(0.,0.,-2.));
#2620 = DIRECTION('',(0.,0.,-1.));
#2621 = DIRECTION('',(1.,0.,0.));
#2622 = PCURVE('',#43,#2623);
#2623 = DEFINITIONAL_REPRESENTATION('',(#2624),#2628);
#2624 = LINE('',#2625,#2626);
#2625 = CARTESIAN_POINT('',(-6.28318530718,42.));
#2626 = VECTOR('',#2627,1.);
#2627 = DIRECTION('',(1.,-0.));
#2628 = ( GEOMETRIC_REPRESENTATION_CONTEXT(2) 
PARAMETRIC_REPRESENTATION_CONTEXT() REPRESENTATION_CONTEXT('2D SPACE',''
  ) );
#2629 = PCURVE('',#2630,#2635);
#2630 = PLANE('',#2631);
#2631 = AXIS2_PLACEMENT_3D('',#2632,#2633,#2634);
#2632 = CARTESIAN_POINT('',(-59.35772833229,-9.255273482164,-2.));
#2633 = DIRECTION('',(0.,0.,1.));
#2634 = DIRECTION('',(-0.104528463268,0.994521895368,0.));
#2635 = DEFINITIONAL_REPRESENTATION('',(#2636),#2644);
#2636 = ( BOUNDED_CURVE() B_SPLINE_CURVE(2,(#2637,#2638,#2639,#2640,
#2641,#2642,#2643),.UNSPECIFIED.,.T.,.F.) B_SPLINE_CURVE_WITH_KNOTS((1,2
    ,2,2,2,1),(-2.094395102393,0.,2.094395102393,4.188790204786,
6.28318530718,8.377580409573),.UNSPECIFIED.) CURVE() 
GEOMETRIC_REPRESENTATION_ITEM() RATIONAL_B_SPLINE_CURVE((1.,0.5,1.,0.5,
1.,0.5,1.)) REPRESENTATION_ITEM('') );
#2637 = CARTESIAN_POINT('',(-8.261750482348,-167.1483984815));
#2638 = CARTESIAN_POINT('',(-193.848220602,-147.6424744639));
#2639 = CARTESIAN_POINT('',(-84.16235981868,3.32716124958));
#2640 = CARTESIAN_POINT('',(25.523500964695,154.29679696314));
#2641 = CARTESIAN_POINT('',(101.42411030103,-16.178762768));
#2642 = CARTESIAN_POINT('',(177.32471963737,-186.6543224991));
#2643 = CARTESIAN_POINT('',(-8.261750482348,-167.1483984815));
#2644 = ( GEOMETRIC_REPRESENTATION_CONTEXT(2) 
PARAMETRIC_REPRESENTATION_CONTEXT() REPRESENTATION_CONTEXT('2D SPACE',''
  ) );
#2645 = FACE_BOUND('',#2646,.T.);
#2646 = EDGE_LOOP('',(#2647,#2681,#2714,#2746));
#2647 = ORIENTED_EDGE('',*,*,#2648,.F.);
#2648 = EDGE_CURVE('',#2649,#2651,#2653,.T.);
#2649 = VERTEX_POINT('',#2650);
#2650 = CARTESIAN_POINT('',(-95.35127425539,-34.13589373919,18.));
#2651 = VERTEX_POINT('',#2652);
#2652 = CARTESIAN_POINT('',(-101.498717127,-36.13331900966,-2.));
#2653 = SURFACE_CURVE('',#2654,(#2659,#2669),.PCURVE_S1.);
#2654 = HYPERBOLA('',#2655,9.286290287604,3.);
#2655 = AXIS2_PLACEMENT_3D('',#2656,#2657,#2658);
#2656 = CARTESIAN_POINT('',(0.927050983125,-2.853169548885,
    331.49731054548));
#2657 = DIRECTION('',(-0.309016994375,0.951056516295,0.));
#2658 = DIRECTION('',(0.,0.,-1.));
#2659 = PCURVE('',#43,#2660);
#2660 = DEFINITIONAL_REPRESENTATION('',(#2661),#2668);
#2661 = B_SPLINE_CURVE_WITH_KNOTS('',5,(#2662,#2663,#2664,#2665,#2666,
    #2667),.UNSPECIFIED.,.F.,.F.,(6,6),(4.205776475288,4.280030381496),
  .PIECEWISE_BEZIER_KNOTS.);
#2662 = CARTESIAN_POINT('',(-3.485568119743,20.));
#2663 = CARTESIAN_POINT('',(-3.485125391472,24.623922307742));
#2664 = CARTESIAN_POINT('',(-3.484690878124,29.333718855705));
#2665 = CARTESIAN_POINT('',(-3.484264376641,34.131514209223));
#2666 = CARTESIAN_POINT('',(-3.48384569147,39.019511798956));
#2667 = CARTESIAN_POINT('',(-3.48343463403,44.));
#2668 = ( GEOMETRIC_REPRESENTATION_CONTEXT(2) 
PARAMETRIC_REPRESENTATION_CONTEXT() REPRESENTATION_CONTEXT('2D SPACE',''
  ) );
#2669 = PCURVE('',#2670,#2675);
#2670 = PLANE('',#2671);
#2671 = AXIS2_PLACEMENT_3D('',#2672,#2673,#2674);
#2672 = CARTESIAN_POINT('',(-56.13633999458,-21.39418921138,-2.));
#2673 = DIRECTION('',(-0.309016994375,0.951056516295,0.));
#2674 = DIRECTION('',(0.,0.,1.));
#2675 = DEFINITIONAL_REPRESENTATION('',(#2676),#2680);
#2676 = ( BOUNDED_CURVE() B_SPLINE_CURVE(2,(#2677,#2678,#2679),
.UNSPECIFIED.,.F.,.F.) B_SPLINE_CURVE_WITH_KNOTS((3,3),(4.205776475288,
4.280030381496),.PIECEWISE_BEZIER_KNOTS.) CURVE() 
GEOMETRIC_REPRESENTATION_ITEM() RATIONAL_B_SPLINE_CURVE((1.,
1.000689284494,1.)) REPRESENTATION_ITEM('') );
#2677 = CARTESIAN_POINT('',(22.,-40.58662276238));
#2678 = CARTESIAN_POINT('',(10.445502690218,-44.32104249168));
#2679 = CARTESIAN_POINT('',(-2.,-48.34318885768));
#2680 = ( GEOMETRIC_REPRESENTATION_CONTEXT(2) 
PARAMETRIC_REPRESENTATION_CONTEXT() REPRESENTATION_CONTEXT('2D SPACE',''
  ) );
#2681 = ORIENTED_EDGE('',*,*,#2682,.T.);
#2682 = EDGE_CURVE('',#2649,#2683,#2685,.T.);
#2683 = VERTEX_POINT('',#2684);
#2684 = CARTESIAN_POINT('',(-97.20537622164,-28.42955464142,18.));
#2685 = SURFACE_CURVE('',#2686,(#2691,#2698),.PCURVE_S1.);
#2686 = CIRCLE('',#2687,101.2774641443);
#2687 = AXIS2_PLACEMENT_3D('',#2688,#2689,#2690);
#2688 = CARTESIAN_POINT('',(0.,0.,18.));
#2689 = DIRECTION('',(0.,0.,-1.));
#2690 = DIRECTION('',(1.,0.,0.));
#2691 = PCURVE('',#43,#2692);
#2692 = DEFINITIONAL_REPRESENTATION('',(#2693),#2697);
#2693 = LINE('',#2694,#2695);
#2694 = CARTESIAN_POINT('',(-6.28318530718,22.));
#2695 = VECTOR('',#2696,1.);
#2696 = DIRECTION('',(1.,-0.));
#2697 = ( GEOMETRIC_REPRESENTATION_CONTEXT(2) 
PARAMETRIC_REPRESENTATION_CONTEXT() REPRESENTATION_CONTEXT('2D SPACE',''
  ) );
#2698 = PCURVE('',#2699,#2704);
#2699 = PLANE('',#2700);
#2700 = AXIS2_PLACEMENT_3D('',#2701,#2702,#2703);
#2701 = CARTESIAN_POINT('',(-56.13633999458,-21.39418921138,18.));
#2702 = DIRECTION('',(0.,0.,1.));
#2703 = DIRECTION('',(-0.309016994375,0.951056516295,0.));
#2704 = DEFINITIONAL_REPRESENTATION('',(#2705),#2713);
#2705 = ( BOUNDED_CURVE() B_SPLINE_CURVE(2,(#2706,#2707,#2708,#2709,
#2710,#2711,#2712),.UNSPECIFIED.,.T.,.F.) B_SPLINE_CURVE_WITH_KNOTS((1,2
    ,2,2,2,1),(-2.094395102393,0.,2.094395102393,4.188790204786,
6.28318530718,8.377580409573),.UNSPECIFIED.) CURVE() 
GEOMETRIC_REPRESENTATION_ITEM() RATIONAL_B_SPLINE_CURVE((1.,0.5,1.,0.5,
1.,0.5,1.)) REPRESENTATION_ITEM('') );
#2706 = CARTESIAN_POINT('',(-28.29645756779,-156.3205922282));
#2707 = CARTESIAN_POINT('',(-195.1286171223,-102.1135376239));
#2708 = CARTESIAN_POINT('',(-64.76785099336,15.263823416314));
#2709 = CARTESIAN_POINT('',(65.59291513558,132.64118445658));
#2710 = CARTESIAN_POINT('',(102.06430856115,-38.94323118802));
#2711 = CARTESIAN_POINT('',(138.53570198673,-210.5276468326));
#2712 = CARTESIAN_POINT('',(-28.29645756779,-156.3205922282));
#2713 = ( GEOMETRIC_REPRESENTATION_CONTEXT(2) 
PARAMETRIC_REPRESENTATION_CONTEXT() REPRESENTATION_CONTEXT('2D SPACE',''
  ) );
#2714 = ORIENTED_EDGE('',*,*,#2715,.T.);
#2715 = EDGE_CURVE('',#2683,#2716,#2718,.T.);
#2716 = VERTEX_POINT('',#2717);
#2717 = CARTESIAN_POINT('',(-103.3528190933,-30.42697991189,-2.));
#2718 = SURFACE_CURVE('',#2719,(#2724,#2734),.PCURVE_S1.);
#2719 = HYPERBOLA('',#2720,9.286290287604,3.);
#2720 = AXIS2_PLACEMENT_3D('',#2721,#2722,#2723);
#2721 = CARTESIAN_POINT('',(-0.927050983125,2.853169548885,
    331.49731054548));
#2722 = DIRECTION('',(-0.309016994375,0.951056516295,0.));
#2723 = DIRECTION('',(0.,0.,-1.));
#2724 = PCURVE('',#43,#2725);
#2725 = DEFINITIONAL_REPRESENTATION('',(#2726),#2733);
#2726 = B_SPLINE_CURVE_WITH_KNOTS('',5,(#2727,#2728,#2729,#2730,#2731,
    #2732),.UNSPECIFIED.,.F.,.F.,(6,6),(4.205776475288,4.280030381496),
  .PIECEWISE_BEZIER_KNOTS.);
#2727 = CARTESIAN_POINT('',(-3.425935718155,20.));
#2728 = CARTESIAN_POINT('',(-3.426378446425,24.623922307742));
#2729 = CARTESIAN_POINT('',(-3.426812959773,29.333718855705));
#2730 = CARTESIAN_POINT('',(-3.427239461256,34.131514209223));
#2731 = CARTESIAN_POINT('',(-3.427658146428,39.019511798956));
#2732 = CARTESIAN_POINT('',(-3.428069203868,44.));
#2733 = ( GEOMETRIC_REPRESENTATION_CONTEXT(2) 
PARAMETRIC_REPRESENTATION_CONTEXT() REPRESENTATION_CONTEXT('2D SPACE',''
  ) );
#2734 = PCURVE('',#2735,#2740);
#2735 = PLANE('',#2736);
#2736 = AXIS2_PLACEMENT_3D('',#2737,#2738,#2739);
#2737 = CARTESIAN_POINT('',(-57.99044196083,-15.68785011361,-2.));
#2738 = DIRECTION('',(-0.309016994375,0.951056516295,0.));
#2739 = DIRECTION('',(0.,0.,1.));
#2740 = DEFINITIONAL_REPRESENTATION('',(#2741),#2745);
#2741 = ( BOUNDED_CURVE() B_SPLINE_CURVE(2,(#2742,#2743,#2744),
.UNSPECIFIED.,.F.,.F.) B_SPLINE_CURVE_WITH_KNOTS((3,3),(4.205776475288,
4.280030381496),.PIECEWISE_BEZIER_KNOTS.) CURVE() 
GEOMETRIC_REPRESENTATION_ITEM() RATIONAL_B_SPLINE_CURVE((1.,
1.000689284494,1.)) REPRESENTATION_ITEM('') );
#2742 = CARTESIAN_POINT('',(22.,-40.58662276238));
#2743 = CARTESIAN_POINT('',(10.445502690218,-44.32104249168));
#2744 = CARTESIAN_POINT('',(-2.,-48.34318885768));
#2745 = ( GEOMETRIC_REPRESENTATION_CONTEXT(2) 
PARAMETRIC_REPRESENTATION_CONTEXT() REPRESENTATION_CONTEXT('2D SPACE',''
  ) );
#2746 = ORIENTED_EDGE('',*,*,#2747,.F.);
#2747 = EDGE_CURVE('',#2651,#2716,#2748,.T.);
#2748 = SURFACE_CURVE('',#2749,(#2754,#2761),.PCURVE_S1.);
#2749 = CIRCLE('',#2750,107.73860181519);
#2750 = AXIS2_PLACEMENT_3D('',#2751,#2752,#2753);
#2751 = CARTESIAN_POINT('',(0.,0.,-2.));
#2752 = DIRECTION('',(0.,0.,-1.));
#2753 = DIRECTION('',(1.,0.,0.));
#2754 = PCURVE('',#43,#2755);
#2755 = DEFINITIONAL_REPRESENTATION('',(#2756),#2760);
#2756 = LINE('',#2757,#2758);
#2757 = CARTESIAN_POINT('',(-6.28318530718,42.));
#2758 = VECTOR('',#2759,1.);
#2759 = DIRECTION('',(1.,-0.));
#2760 = ( GEOMETRIC_REPRESENTATION_CONTEXT(2) 
PARAMETRIC_REPRESENTATION_CONTEXT() REPRESENTATION_CONTEXT('2D SPACE',''
  ) );
#2761 = PCURVE('',#2762,#2767);
#2762 = PLANE('',#2763);
#2763 = AXIS2_PLACEMENT_3D('',#2764,#2765,#2766);
#2764 = CARTESIAN_POINT('',(-56.13633999458,-21.39418921138,-2.));
#2765 = DIRECTION('',(0.,0.,1.));
#2766 = DIRECTION('',(-0.309016994375,0.951056516295,0.));
#2767 = DEFINITIONAL_REPRESENTATION('',(#2768),#2776);
#2768 = ( BOUNDED_CURVE() B_SPLINE_CURVE(2,(#2769,#2770,#2771,#2772,
#2773,#2774,#2775),.UNSPECIFIED.,.T.,.F.) B_SPLINE_CURVE_WITH_KNOTS((1,2
    ,2,2,2,1),(-2.094395102393,0.,2.094395102393,4.188790204786,
6.28318530718,8.377580409573),.UNSPECIFIED.) CURVE() 
GEOMETRIC_REPRESENTATION_ITEM() RATIONAL_B_SPLINE_CURVE((1.,0.5,1.,0.5,
1.,0.5,1.)) REPRESENTATION_ITEM('') );
#2769 = CARTESIAN_POINT('',(-30.29305891108,-162.4654993128));
#2770 = CARTESIAN_POINT('',(-207.7685097438,-104.8002297394));
#2771 = CARTESIAN_POINT('',(-69.09119596085,20.065384443128));
#2772 = CARTESIAN_POINT('',(69.586117822179,144.93099862573));
#2773 = CARTESIAN_POINT('',(108.38425487194,-37.59988513026));
#2774 = CARTESIAN_POINT('',(147.1823919217,-220.1307688862));
#2775 = CARTESIAN_POINT('',(-30.29305891108,-162.4654993128));
#2776 = ( GEOMETRIC_REPRESENTATION_CONTEXT(2) 
PARAMETRIC_REPRESENTATION_CONTEXT() REPRESENTATION_CONTEXT('2D SPACE',''
  ) );
#2777 = FACE_BOUND('',#2778,.T.);
#2778 = EDGE_LOOP('',(#2779,#2813,#2846,#2878));
#2779 = ORIENTED_EDGE('',*,*,#2780,.F.);
#2780 = EDGE_CURVE('',#2781,#2783,#2785,.T.);
#2781 = VERTEX_POINT('',#2782);
#2782 = CARTESIAN_POINT('',(-86.17036875493,-53.21458721196,18.));
#2783 = VERTEX_POINT('',#2784);
#2784 = CARTESIAN_POINT('',(-91.76818718523,-56.44648918957,-2.));
#2785 = SURFACE_CURVE('',#2786,(#2791,#2801),.PCURVE_S1.);
#2786 = HYPERBOLA('',#2787,9.286290287604,3.);
#2787 = AXIS2_PLACEMENT_3D('',#2788,#2789,#2790);
#2788 = CARTESIAN_POINT('',(1.5,-2.598076211353,331.49731054548));
#2789 = DIRECTION('',(-0.5,0.866025403784,0.));
#2790 = DIRECTION('',(0.,0.,-1.));
#2791 = PCURVE('',#43,#2792);
#2792 = DEFINITIONAL_REPRESENTATION('',(#2793),#2800);
#2793 = B_SPLINE_CURVE_WITH_KNOTS('',5,(#2794,#2795,#2796,#2797,#2798,
    #2799),.UNSPECIFIED.,.F.,.F.,(6,6),(4.205776475288,4.280030381496),
  .PIECEWISE_BEZIER_KNOTS.);
#2794 = CARTESIAN_POINT('',(-3.695007629982,20.));
#2795 = CARTESIAN_POINT('',(-3.694564901711,24.623922307742));
#2796 = CARTESIAN_POINT('',(-3.694130388364,29.333718855705));
#2797 = CARTESIAN_POINT('',(-3.693703886881,34.131514209223));
#2798 = CARTESIAN_POINT('',(-3.693285201709,39.019511798956));
#2799 = CARTESIAN_POINT('',(-3.692874144269,44.));
#2800 = ( GEOMETRIC_REPRESENTATION_CONTEXT(2) 
PARAMETRIC_REPRESENTATION_CONTEXT() REPRESENTATION_CONTEXT('2D SPACE',''
  ) );
#2801 = PCURVE('',#2802,#2807);
#2802 = PLANE('',#2803);
#2803 = AXIS2_PLACEMENT_3D('',#2804,#2805,#2806);
#2804 = CARTESIAN_POINT('',(-50.46152422706,-32.59807621135,-2.));
#2805 = DIRECTION('',(-0.5,0.866025403784,0.));
#2806 = DIRECTION('',(0.,0.,1.));
#2807 = DEFINITIONAL_REPRESENTATION('',(#2808),#2812);
#2808 = ( BOUNDED_CURVE() B_SPLINE_CURVE(2,(#2809,#2810,#2811),
.UNSPECIFIED.,.F.,.F.) B_SPLINE_CURVE_WITH_KNOTS((3,3),(4.205776475288,
4.280030381496),.PIECEWISE_BEZIER_KNOTS.) CURVE() 
GEOMETRIC_REPRESENTATION_ITEM() RATIONAL_B_SPLINE_CURVE((1.,
1.000689284494,1.)) REPRESENTATION_ITEM('') );
#2809 = CARTESIAN_POINT('',(22.,-40.58662276238));
#2810 = CARTESIAN_POINT('',(10.445502690218,-44.32104249168));
#2811 = CARTESIAN_POINT('',(-2.,-48.34318885768));
#2812 = ( GEOMETRIC_REPRESENTATION_CONTEXT(2) 
PARAMETRIC_REPRESENTATION_CONTEXT() REPRESENTATION_CONTEXT('2D SPACE',''
  ) );
#2813 = ORIENTED_EDGE('',*,*,#2814,.T.);
#2814 = EDGE_CURVE('',#2781,#2815,#2817,.T.);
#2815 = VERTEX_POINT('',#2816);
#2816 = CARTESIAN_POINT('',(-89.17036875493,-48.01843478926,18.));
#2817 = SURFACE_CURVE('',#2818,(#2823,#2830),.PCURVE_S1.);
#2818 = CIRCLE('',#2819,101.2774641443);
#2819 = AXIS2_PLACEMENT_3D('',#2820,#2821,#2822);
#2820 = CARTESIAN_POINT('',(0.,0.,18.));
#2821 = DIRECTION('',(0.,0.,-1.));
#2822 = DIRECTION('',(1.,0.,0.));
#2823 = PCURVE('',#43,#2824);
#2824 = DEFINITIONAL_REPRESENTATION('',(#2825),#2829);
#2825 = LINE('',#2826,#2827);
#2826 = CARTESIAN_POINT('',(-6.28318530718,22.));
#2827 = VECTOR('',#2828,1.);
#2828 = DIRECTION('',(1.,-0.));
#2829 = ( GEOMETRIC_REPRESENTATION_CONTEXT(2) 
PARAMETRIC_REPRESENTATION_CONTEXT() REPRESENTATION_CONTEXT('2D SPACE',''
  ) );
#2830 = PCURVE('',#2831,#2836);
#2831 = PLANE('',#2832);
#2832 = AXIS2_PLACEMENT_3D('',#2833,#2834,#2835);
#2833 = CARTESIAN_POINT('',(-50.46152422706,-32.59807621135,18.));
#2834 = DIRECTION('',(0.,0.,1.));
#2835 = DIRECTION('',(-0.5,0.866025403784,0.));
#2836 = DEFINITIONAL_REPRESENTATION('',(#2837),#2845);
#2837 = ( BOUNDED_CURVE() B_SPLINE_CURVE(2,(#2838,#2839,#2840,#2841,
#2842,#2843,#2844),.UNSPECIFIED.,.T.,.F.) B_SPLINE_CURVE_WITH_KNOTS((1,2
    ,2,2,2,1),(-2.094395102393,0.,2.094395102393,4.188790204786,
6.28318530718,8.377580409573),.UNSPECIFIED.) CURVE() 
GEOMETRIC_REPRESENTATION_ITEM() RATIONAL_B_SPLINE_CURVE((1.,0.5,1.,0.5,
1.,0.5,1.)) REPRESENTATION_ITEM('') );
#2838 = CARTESIAN_POINT('',(-47.63873207215,-147.7088567798));
#2839 = CARTESIAN_POINT('',(-199.5549282886,-60.));
#2840 = CARTESIAN_POINT('',(-47.63873207215,27.708856779837));
#2841 = CARTESIAN_POINT('',(104.2774641443,115.41771355967));
#2842 = CARTESIAN_POINT('',(104.2774641443,-60.));
#2843 = CARTESIAN_POINT('',(104.2774641443,-235.4177135596));
#2844 = CARTESIAN_POINT('',(-47.63873207215,-147.7088567798));
#2845 = ( GEOMETRIC_REPRESENTATION_CONTEXT(2) 
PARAMETRIC_REPRESENTATION_CONTEXT() REPRESENTATION_CONTEXT('2D SPACE',''
  ) );
#2846 = ORIENTED_EDGE('',*,*,#2847,.T.);
#2847 = EDGE_CURVE('',#2815,#2848,#2850,.T.);
#2848 = VERTEX_POINT('',#2849);
#2849 = CARTESIAN_POINT('',(-94.76818718523,-51.25033676686,-2.));
#2850 = SURFACE_CURVE('',#2851,(#2856,#2866),.PCURVE_S1.);
#2851 = HYPERBOLA('',#2852,9.286290287604,3.);
#2852 = AXIS2_PLACEMENT_3D('',#2853,#2854,#2855);
#2853 = CARTESIAN_POINT('',(-1.5,2.598076211353,331.49731054548));
#2854 = DIRECTION('',(-0.5,0.866025403784,0.));
#2855 = DIRECTION('',(0.,0.,-1.));
#2856 = PCURVE('',#43,#2857);
#2857 = DEFINITIONAL_REPRESENTATION('',(#2858),#2865);
#2858 = B_SPLINE_CURVE_WITH_KNOTS('',5,(#2859,#2860,#2861,#2862,#2863,
    #2864),.UNSPECIFIED.,.F.,.F.,(6,6),(4.205776475288,4.280030381496),
  .PIECEWISE_BEZIER_KNOTS.);
#2859 = CARTESIAN_POINT('',(-3.635375228394,20.));
#2860 = CARTESIAN_POINT('',(-3.635817956665,24.623922307742));
#2861 = CARTESIAN_POINT('',(-3.636252470013,29.333718855706));
#2862 = CARTESIAN_POINT('',(-3.636678971495,34.131514209224));
#2863 = CARTESIAN_POINT('',(-3.637097656667,39.019511798956));
#2864 = CARTESIAN_POINT('',(-3.637508714107,44.));
#2865 = ( GEOMETRIC_REPRESENTATION_CONTEXT(2) 
PARAMETRIC_REPRESENTATION_CONTEXT() REPRESENTATION_CONTEXT('2D SPACE',''
  ) );
#2866 = PCURVE('',#2867,#2872);
#2867 = PLANE('',#2868);
#2868 = AXIS2_PLACEMENT_3D('',#2869,#2870,#2871);
#2869 = CARTESIAN_POINT('',(-53.46152422706,-27.40192378864,-2.));
#2870 = DIRECTION('',(-0.5,0.866025403784,0.));
#2871 = DIRECTION('',(0.,0.,1.));
#2872 = DEFINITIONAL_REPRESENTATION('',(#2873),#2877);
#2873 = ( BOUNDED_CURVE() B_SPLINE_CURVE(2,(#2874,#2875,#2876),
.UNSPECIFIED.,.F.,.F.) B_SPLINE_CURVE_WITH_KNOTS((3,3),(4.205776475288,
4.280030381496),.PIECEWISE_BEZIER_KNOTS.) CURVE() 
GEOMETRIC_REPRESENTATION_ITEM() RATIONAL_B_SPLINE_CURVE((1.,
1.000689284494,1.)) REPRESENTATION_ITEM('') );
#2874 = CARTESIAN_POINT('',(22.,-40.58662276238));
#2875 = CARTESIAN_POINT('',(10.445502690218,-44.32104249168));
#2876 = CARTESIAN_POINT('',(-2.,-48.34318885768));
#2877 = ( GEOMETRIC_REPRESENTATION_CONTEXT(2) 
PARAMETRIC_REPRESENTATION_CONTEXT() REPRESENTATION_CONTEXT('2D SPACE',''
  ) );
#2878 = ORIENTED_EDGE('',*,*,#2879,.F.);
#2879 = EDGE_CURVE('',#2783,#2848,#2880,.T.);
#2880 = SURFACE_CURVE('',#2881,(#2886,#2893),.PCURVE_S1.);
#2881 = CIRCLE('',#2882,107.73860181519);
#2882 = AXIS2_PLACEMENT_3D('',#2883,#2884,#2885);
#2883 = CARTESIAN_POINT('',(0.,0.,-2.));
#2884 = DIRECTION('',(0.,0.,-1.));
#2885 = DIRECTION('',(1.,0.,0.));
#2886 = PCURVE('',#43,#2887);
#2887 = DEFINITIONAL_REPRESENTATION('',(#2888),#2892);
#2888 = LINE('',#2889,#2890);
#2889 = CARTESIAN_POINT('',(-6.28318530718,42.));
#2890 = VECTOR('',#2891,1.);
#2891 = DIRECTION('',(1.,-0.));
#2892 = ( GEOMETRIC_REPRESENTATION_CONTEXT(2) 
PARAMETRIC_REPRESENTATION_CONTEXT() REPRESENTATION_CONTEXT('2D SPACE',''
  ) );
#2893 = PCURVE('',#2894,#2899);
#2894 = PLANE('',#2895);
#2895 = AXIS2_PLACEMENT_3D('',#2896,#2897,#2898);
#2896 = CARTESIAN_POINT('',(-50.46152422706,-32.59807621135,-2.));
#2897 = DIRECTION('',(0.,0.,1.));
#2898 = DIRECTION('',(-0.5,0.866025403784,0.));
#2899 = DEFINITIONAL_REPRESENTATION('',(#2900),#2908);
#2900 = ( BOUNDED_CURVE() B_SPLINE_CURVE(2,(#2901,#2902,#2903,#2904,
#2905,#2906,#2907),.UNSPECIFIED.,.T.,.F.) B_SPLINE_CURVE_WITH_KNOTS((1,2
    ,2,2,2,1),(-2.094395102393,0.,2.094395102393,4.188790204786,
6.28318530718,8.377580409573),.UNSPECIFIED.) CURVE() 
GEOMETRIC_REPRESENTATION_ITEM() RATIONAL_B_SPLINE_CURVE((1.,0.5,1.,0.5,
1.,0.5,1.)) REPRESENTATION_ITEM('') );
#2901 = CARTESIAN_POINT('',(-50.86930090759,-153.3043661401));
#2902 = CARTESIAN_POINT('',(-212.4772036303,-60.));
#2903 = CARTESIAN_POINT('',(-50.86930090759,33.304366140171));
#2904 = CARTESIAN_POINT('',(110.73860181519,126.60873228034));
#2905 = CARTESIAN_POINT('',(110.73860181519,-60.));
#2906 = CARTESIAN_POINT('',(110.73860181519,-246.6087322803));
#2907 = CARTESIAN_POINT('',(-50.86930090759,-153.3043661401));
#2908 = ( GEOMETRIC_REPRESENTATION_CONTEXT(2) 
PARAMETRIC_REPRESENTATION_CONTEXT() REPRESENTATION_CONTEXT('2D SPACE',''
  ) );
#2909 = FACE_BOUND('',#2910,.T.);
#2910 = EDGE_LOOP('',(#2911,#2945,#2978,#3010));
#2911 = ORIENTED_EDGE('',*,*,#2912,.F.);
#2912 = EDGE_CURVE('',#2913,#2915,#2917,.T.);
#2913 = VERTEX_POINT('',#2914);
#2914 = CARTESIAN_POINT('',(-73.22340464857,-69.96754787165,18.));
#2915 = VERTEX_POINT('',#2916);
#2916 = CARTESIAN_POINT('',(-78.02694711079,-74.29267693159,-2.));
#2917 = SURFACE_CURVE('',#2918,(#2923,#2933),.PCURVE_S1.);
#2918 = HYPERBOLA('',#2919,9.286290287604,3.);
#2919 = AXIS2_PLACEMENT_3D('',#2920,#2921,#2922);
#2920 = CARTESIAN_POINT('',(2.007391819077,-2.229434476432,
    331.49731054548));
#2921 = DIRECTION('',(-0.669130606359,0.743144825477,0.));
#2922 = DIRECTION('',(0.,0.,-1.));
#2923 = PCURVE('',#43,#2924);
#2924 = DEFINITIONAL_REPRESENTATION('',(#2925),#2932);
#2925 = B_SPLINE_CURVE_WITH_KNOTS('',5,(#2926,#2927,#2928,#2929,#2930,
    #2931),.UNSPECIFIED.,.F.,.F.,(6,6),(4.205776475288,4.280030381496),
  .PIECEWISE_BEZIER_KNOTS.);
#2926 = CARTESIAN_POINT('',(-3.904447140221,20.));
#2927 = CARTESIAN_POINT('',(-3.904004411951,24.623922307742));
#2928 = CARTESIAN_POINT('',(-3.903569898603,29.333718855706));
#2929 = CARTESIAN_POINT('',(-3.90314339712,34.131514209224));
#2930 = CARTESIAN_POINT('',(-3.902724711949,39.019511798956));
#2931 = CARTESIAN_POINT('',(-3.902313654509,44.));
#2932 = ( GEOMETRIC_REPRESENTATION_CONTEXT(2) 
PARAMETRIC_REPRESENTATION_CONTEXT() REPRESENTATION_CONTEXT('2D SPACE',''
  ) );
#2933 = PCURVE('',#2934,#2939);
#2934 = PLANE('',#2935);
#2935 = AXIS2_PLACEMENT_3D('',#2936,#2937,#2938);
#2936 = CARTESIAN_POINT('',(-42.58129770956,-42.37727085796,-2.));
#2937 = DIRECTION('',(-0.669130606359,0.743144825477,0.));
#2938 = DIRECTION('',(0.,0.,1.));
#2939 = DEFINITIONAL_REPRESENTATION('',(#2940),#2944);
#2940 = ( BOUNDED_CURVE() B_SPLINE_CURVE(2,(#2941,#2942,#2943),
.UNSPECIFIED.,.F.,.F.) B_SPLINE_CURVE_WITH_KNOTS((3,3),(4.205776475288,
4.280030381496),.PIECEWISE_BEZIER_KNOTS.) CURVE() 
GEOMETRIC_REPRESENTATION_ITEM() RATIONAL_B_SPLINE_CURVE((1.,
1.000689284494,1.)) REPRESENTATION_ITEM('') );
#2941 = CARTESIAN_POINT('',(22.,-40.58662276238));
#2942 = CARTESIAN_POINT('',(10.445502690218,-44.32104249168));
#2943 = CARTESIAN_POINT('',(-2.,-48.34318885768));
#2944 = ( GEOMETRIC_REPRESENTATION_CONTEXT(2) 
PARAMETRIC_REPRESENTATION_CONTEXT() REPRESENTATION_CONTEXT('2D SPACE',''
  ) );
#2945 = ORIENTED_EDGE('',*,*,#2946,.T.);
#2946 = EDGE_CURVE('',#2913,#2947,#2949,.T.);
#2947 = VERTEX_POINT('',#2948);
#2948 = CARTESIAN_POINT('',(-77.23818828672,-65.50867891879,18.));
#2949 = SURFACE_CURVE('',#2950,(#2955,#2962),.PCURVE_S1.);
#2950 = CIRCLE('',#2951,101.2774641443);
#2951 = AXIS2_PLACEMENT_3D('',#2952,#2953,#2954);
#2952 = CARTESIAN_POINT('',(0.,0.,18.));
#2953 = DIRECTION('',(0.,0.,-1.));
#2954 = DIRECTION('',(1.,0.,0.));
#2955 = PCURVE('',#43,#2956);
#2956 = DEFINITIONAL_REPRESENTATION('',(#2957),#2961);
#2957 = LINE('',#2958,#2959);
#2958 = CARTESIAN_POINT('',(-6.28318530718,22.));
#2959 = VECTOR('',#2960,1.);
#2960 = DIRECTION('',(1.,-0.));
#2961 = ( GEOMETRIC_REPRESENTATION_CONTEXT(2) 
PARAMETRIC_REPRESENTATION_CONTEXT() REPRESENTATION_CONTEXT('2D SPACE',''
  ) );
#2962 = PCURVE('',#2963,#2968);
#2963 = PLANE('',#2964);
#2964 = AXIS2_PLACEMENT_3D('',#2965,#2966,#2967);
#2965 = CARTESIAN_POINT('',(-42.58129770956,-42.37727085796,18.));
#2966 = DIRECTION('',(0.,0.,1.));
#2967 = DIRECTION('',(-0.669130606359,0.743144825477,0.));
#2968 = DEFINITIONAL_REPRESENTATION('',(#2969),#2977);
#2969 = ( BOUNDED_CURVE() B_SPLINE_CURVE(2,(#2970,#2971,#2972,#2973,
#2974,#2975,#2976),.UNSPECIFIED.,.T.,.F.) B_SPLINE_CURVE_WITH_KNOTS((1,2
    ,2,2,2,1),(-2.094395102393,0.,2.094395102393,4.188790204786,
6.28318530718,8.377580409573),.UNSPECIFIED.) CURVE() 
GEOMETRIC_REPRESENTATION_ITEM() RATIONAL_B_SPLINE_CURVE((1.,0.5,1.,0.5,
1.,0.5,1.)) REPRESENTATION_ITEM('') );
#2970 = CARTESIAN_POINT('',(-64.76785099336,-135.2638234163));
#2971 = CARTESIAN_POINT('',(-195.1286171223,-17.88646237604));
#2972 = CARTESIAN_POINT('',(-28.29645756779,36.320592228292));
#2973 = CARTESIAN_POINT('',(138.53570198673,90.527646832628));
#2974 = CARTESIAN_POINT('',(102.06430856115,-81.05676881197));
#2975 = CARTESIAN_POINT('',(65.592915135581,-252.6411844565));
#2976 = CARTESIAN_POINT('',(-64.76785099336,-135.2638234163));
#2977 = ( GEOMETRIC_REPRESENTATION_CONTEXT(2) 
PARAMETRIC_REPRESENTATION_CONTEXT() REPRESENTATION_CONTEXT('2D SPACE',''
  ) );
#2978 = ORIENTED_EDGE('',*,*,#2979,.T.);
#2979 = EDGE_CURVE('',#2947,#2980,#2982,.T.);
#2980 = VERTEX_POINT('',#2981);
#2981 = CARTESIAN_POINT('',(-82.04173074894,-69.83380797872,-2.));
#2982 = SURFACE_CURVE('',#2983,(#2988,#2998),.PCURVE_S1.);
#2983 = HYPERBOLA('',#2984,9.286290287604,3.);
#2984 = AXIS2_PLACEMENT_3D('',#2985,#2986,#2987);
#2985 = CARTESIAN_POINT('',(-2.007391819077,2.229434476432,
    331.49731054548));
#2986 = DIRECTION('',(-0.669130606359,0.743144825477,0.));
#2987 = DIRECTION('',(0.,0.,-1.));
#2988 = PCURVE('',#43,#2989);
#2989 = DEFINITIONAL_REPRESENTATION('',(#2990),#2997);
#2990 = B_SPLINE_CURVE_WITH_KNOTS('',5,(#2991,#2992,#2993,#2994,#2995,
    #2996),.UNSPECIFIED.,.F.,.F.,(6,6),(4.205776475288,4.280030381496),
  .PIECEWISE_BEZIER_KNOTS.);
#2991 = CARTESIAN_POINT('',(-3.844814738633,20.));
#2992 = CARTESIAN_POINT('',(-3.845257466904,24.623922307742));
#2993 = CARTESIAN_POINT('',(-3.845691980252,29.333718855705));
#2994 = CARTESIAN_POINT('',(-3.846118481735,34.131514209223));
#2995 = CARTESIAN_POINT('',(-3.846537166906,39.019511798956));
#2996 = CARTESIAN_POINT('',(-3.846948224346,44.));
#2997 = ( GEOMETRIC_REPRESENTATION_CONTEXT(2) 
PARAMETRIC_REPRESENTATION_CONTEXT() REPRESENTATION_CONTEXT('2D SPACE',''
  ) );
#2998 = PCURVE('',#2999,#3004);
#2999 = PLANE('',#3000);
#3000 = AXIS2_PLACEMENT_3D('',#3001,#3002,#3003);
#3001 = CARTESIAN_POINT('',(-46.59608134772,-37.91840190509,-2.));
#3002 = DIRECTION('',(-0.669130606359,0.743144825477,0.));
#3003 = DIRECTION('',(0.,0.,1.));
#3004 = DEFINITIONAL_REPRESENTATION('',(#3005),#3009);
#3005 = ( BOUNDED_CURVE() B_SPLINE_CURVE(2,(#3006,#3007,#3008),
.UNSPECIFIED.,.F.,.F.) B_SPLINE_CURVE_WITH_KNOTS((3,3),(4.205776475288,
4.280030381496),.PIECEWISE_BEZIER_KNOTS.) CURVE() 
GEOMETRIC_REPRESENTATION_ITEM() RATIONAL_B_SPLINE_CURVE((1.,
1.000689284494,1.)) REPRESENTATION_ITEM('') );
#3006 = CARTESIAN_POINT('',(22.,-40.58662276238));
#3007 = CARTESIAN_POINT('',(10.445502690218,-44.32104249168));
#3008 = CARTESIAN_POINT('',(-2.,-48.34318885768));
#3009 = ( GEOMETRIC_REPRESENTATION_CONTEXT(2) 
PARAMETRIC_REPRESENTATION_CONTEXT() REPRESENTATION_CONTEXT('2D SPACE',''
  ) );
#3010 = ORIENTED_EDGE('',*,*,#3011,.F.);
#3011 = EDGE_CURVE('',#2915,#2980,#3012,.T.);
#3012 = SURFACE_CURVE('',#3013,(#3018,#3025),.PCURVE_S1.);
#3013 = CIRCLE('',#3014,107.73860181519);
#3014 = AXIS2_PLACEMENT_3D('',#3015,#3016,#3017);
#3015 = CARTESIAN_POINT('',(0.,0.,-2.));
#3016 = DIRECTION('',(0.,0.,-1.));
#3017 = DIRECTION('',(1.,0.,0.));
#3018 = PCURVE('',#43,#3019);
#3019 = DEFINITIONAL_REPRESENTATION('',(#3020),#3024);
#3020 = LINE('',#3021,#3022);
#3021 = CARTESIAN_POINT('',(-6.28318530718,42.));
#3022 = VECTOR('',#3023,1.);
#3023 = DIRECTION('',(1.,-0.));
#3024 = ( GEOMETRIC_REPRESENTATION_CONTEXT(2) 
PARAMETRIC_REPRESENTATION_CONTEXT() REPRESENTATION_CONTEXT('2D SPACE',''
  ) );
#3025 = PCURVE('',#3026,#3031);
#3026 = PLANE('',#3027);
#3027 = AXIS2_PLACEMENT_3D('',#3028,#3029,#3030);
#3028 = CARTESIAN_POINT('',(-42.58129770956,-42.37727085796,-2.));
#3029 = DIRECTION('',(0.,0.,1.));
#3030 = DIRECTION('',(-0.669130606359,0.743144825477,0.));
#3031 = DEFINITIONAL_REPRESENTATION('',(#3032),#3040);
#3032 = ( BOUNDED_CURVE() B_SPLINE_CURVE(2,(#3033,#3034,#3035,#3036,
#3037,#3038,#3039),.UNSPECIFIED.,.T.,.F.) B_SPLINE_CURVE_WITH_KNOTS((1,2
    ,2,2,2,1),(-2.094395102393,0.,2.094395102393,4.188790204786,
6.28318530718,8.377580409573),.UNSPECIFIED.) CURVE() 
GEOMETRIC_REPRESENTATION_ITEM() RATIONAL_B_SPLINE_CURVE((1.,0.5,1.,0.5,
1.,0.5,1.)) REPRESENTATION_ITEM('') );
#3033 = CARTESIAN_POINT('',(-69.09119596085,-140.0653844431));
#3034 = CARTESIAN_POINT('',(-207.7685097438,-15.19977026052));
#3035 = CARTESIAN_POINT('',(-30.29305891109,42.465499312866));
#3036 = CARTESIAN_POINT('',(147.1823919217,100.13076888625));
#3037 = CARTESIAN_POINT('',(108.38425487194,-82.40011486973));
#3038 = CARTESIAN_POINT('',(69.586117822179,-264.9309986257));
#3039 = CARTESIAN_POINT('',(-69.09119596085,-140.0653844431));
#3040 = ( GEOMETRIC_REPRESENTATION_CONTEXT(2) 
PARAMETRIC_REPRESENTATION_CONTEXT() REPRESENTATION_CONTEXT('2D SPACE',''
  ) );
#3041 = FACE_BOUND('',#3042,.T.);
#3042 = EDGE_LOOP('',(#3043,#3077,#3110,#3142));
#3043 = ORIENTED_EDGE('',*,*,#3044,.F.);
#3044 = EDGE_CURVE('',#3045,#3047,#3049,.T.);
#3045 = VERTEX_POINT('',#3046);
#3046 = CARTESIAN_POINT('',(-57.07622639419,-83.6625909478,18.));
#3047 = VERTEX_POINT('',#3048);
#3048 = CARTESIAN_POINT('',(-60.87555503278,-88.89191819588,-2.));
#3049 = SURFACE_CURVE('',#3050,(#3055,#3065),.PCURVE_S1.);
#3050 = HYPERBOLA('',#3051,9.286290287604,3.);
#3051 = AXIS2_PLACEMENT_3D('',#3052,#3053,#3054);
#3052 = CARTESIAN_POINT('',(2.427050983125,-1.763355756877,
    331.49731054548));
#3053 = DIRECTION('',(-0.809016994375,0.587785252292,0.));
#3054 = DIRECTION('',(0.,0.,-1.));
#3055 = PCURVE('',#43,#3056);
#3056 = DEFINITIONAL_REPRESENTATION('',(#3057),#3064);
#3057 = B_SPLINE_CURVE_WITH_KNOTS('',5,(#3058,#3059,#3060,#3061,#3062,
    #3063),.UNSPECIFIED.,.F.,.F.,(6,6),(4.205776475288,4.280030381496),
  .PIECEWISE_BEZIER_KNOTS.);
#3058 = CARTESIAN_POINT('',(-4.113886650461,20.));
#3059 = CARTESIAN_POINT('',(-4.11344392219,24.623922307742));
#3060 = CARTESIAN_POINT('',(-4.113009408842,29.333718855705));
#3061 = CARTESIAN_POINT('',(-4.112582907359,34.131514209224));
#3062 = CARTESIAN_POINT('',(-4.112164222188,39.019511798956));
#3063 = CARTESIAN_POINT('',(-4.111753164748,44.));
#3064 = ( GEOMETRIC_REPRESENTATION_CONTEXT(2) 
PARAMETRIC_REPRESENTATION_CONTEXT() REPRESENTATION_CONTEXT('2D SPACE',''
  ) );
#3065 = PCURVE('',#3066,#3071);
#3066 = PLANE('',#3067);
#3067 = AXIS2_PLACEMENT_3D('',#3068,#3069,#3070);
#3068 = CARTESIAN_POINT('',(-32.84006415442,-50.30437541937,-2.));
#3069 = DIRECTION('',(-0.809016994375,0.587785252292,0.));
#3070 = DIRECTION('',(0.,0.,1.));
#3071 = DEFINITIONAL_REPRESENTATION('',(#3072),#3076);
#3072 = ( BOUNDED_CURVE() B_SPLINE_CURVE(2,(#3073,#3074,#3075),
.UNSPECIFIED.,.F.,.F.) B_SPLINE_CURVE_WITH_KNOTS((3,3),(4.205776475288,
4.280030381496),.PIECEWISE_BEZIER_KNOTS.) CURVE() 
GEOMETRIC_REPRESENTATION_ITEM() RATIONAL_B_SPLINE_CURVE((1.,
1.000689284494,1.)) REPRESENTATION_ITEM('') );
#3073 = CARTESIAN_POINT('',(22.,-40.58662276238));
#3074 = CARTESIAN_POINT('',(10.445502690218,-44.32104249168));
#3075 = CARTESIAN_POINT('',(-2.,-48.34318885768));
#3076 = ( GEOMETRIC_REPRESENTATION_CONTEXT(2) 
PARAMETRIC_REPRESENTATION_CONTEXT() REPRESENTATION_CONTEXT('2D SPACE',''
  ) );
#3077 = ORIENTED_EDGE('',*,*,#3078,.T.);
#3078 = EDGE_CURVE('',#3045,#3079,#3081,.T.);
#3079 = VERTEX_POINT('',#3080);
#3080 = CARTESIAN_POINT('',(-61.93032836044,-80.13587943405,18.));
#3081 = SURFACE_CURVE('',#3082,(#3087,#3094),.PCURVE_S1.);
#3082 = CIRCLE('',#3083,101.2774641443);
#3083 = AXIS2_PLACEMENT_3D('',#3084,#3085,#3086);
#3084 = CARTESIAN_POINT('',(0.,0.,18.));
#3085 = DIRECTION('',(0.,0.,-1.));
#3086 = DIRECTION('',(1.,0.,0.));
#3087 = PCURVE('',#43,#3088);
#3088 = DEFINITIONAL_REPRESENTATION('',(#3089),#3093);
#3089 = LINE('',#3090,#3091);
#3090 = CARTESIAN_POINT('',(-6.28318530718,22.));
#3091 = VECTOR('',#3092,1.);
#3092 = DIRECTION('',(1.,-0.));
#3093 = ( GEOMETRIC_REPRESENTATION_CONTEXT(2) 
PARAMETRIC_REPRESENTATION_CONTEXT() REPRESENTATION_CONTEXT('2D SPACE',''
  ) );
#3094 = PCURVE('',#3095,#3100);
#3095 = PLANE('',#3096);
#3096 = AXIS2_PLACEMENT_3D('',#3097,#3098,#3099);
#3097 = CARTESIAN_POINT('',(-32.84006415442,-50.30437541937,18.));
#3098 = DIRECTION('',(0.,0.,1.));
#3099 = DIRECTION('',(-0.809016994375,0.587785252292,0.));
#3100 = DEFINITIONAL_REPRESENTATION('',(#3101),#3109);
#3101 = ( BOUNDED_CURVE() B_SPLINE_CURVE(2,(#3102,#3103,#3104,#3105,
#3106,#3107,#3108),.UNSPECIFIED.,.T.,.F.) B_SPLINE_CURVE_WITH_KNOTS((1,2
    ,2,2,2,1),(-2.094395102393,0.,2.094395102393,4.188790204786,
6.28318530718,8.377580409573),.UNSPECIFIED.) CURVE() 
GEOMETRIC_REPRESENTATION_ITEM() RATIONAL_B_SPLINE_CURVE((1.,0.5,1.,0.5,
1.,0.5,1.)) REPRESENTATION_ITEM('') );
#3102 = CARTESIAN_POINT('',(-78.93518963994,-119.5293998136));
#3103 = CARTESIAN_POINT('',(-182.0431346611,22.38651157057));
#3104 = CARTESIAN_POINT('',(-7.586377690649,40.722655598889));
#3105 = CARTESIAN_POINT('',(166.87037927988,59.058799627207));
#3106 = CARTESIAN_POINT('',(95.521567330593,-101.1932557852));
#3107 = CARTESIAN_POINT('',(24.172755381299,-261.4453111977));
#3108 = CARTESIAN_POINT('',(-78.93518963994,-119.5293998136));
#3109 = ( GEOMETRIC_REPRESENTATION_CONTEXT(2) 
PARAMETRIC_REPRESENTATION_CONTEXT() REPRESENTATION_CONTEXT('2D SPACE',''
  ) );
#3110 = ORIENTED_EDGE('',*,*,#3111,.T.);
#3111 = EDGE_CURVE('',#3079,#3112,#3114,.T.);
#3112 = VERTEX_POINT('',#3113);
#3113 = CARTESIAN_POINT('',(-65.72965699903,-85.36520668212,-2.));
#3114 = SURFACE_CURVE('',#3115,(#3120,#3130),.PCURVE_S1.);
#3115 = HYPERBOLA('',#3116,9.286290287604,3.);
#3116 = AXIS2_PLACEMENT_3D('',#3117,#3118,#3119);
#3117 = CARTESIAN_POINT('',(-2.427050983125,1.763355756877,
    331.49731054548));
#3118 = DIRECTION('',(-0.809016994375,0.587785252292,0.));
#3119 = DIRECTION('',(0.,0.,-1.));
#3120 = PCURVE('',#43,#3121);
#3121 = DEFINITIONAL_REPRESENTATION('',(#3122),#3129);
#3122 = B_SPLINE_CURVE_WITH_KNOTS('',5,(#3123,#3124,#3125,#3126,#3127,
    #3128),.UNSPECIFIED.,.F.,.F.,(6,6),(4.205776475288,4.280030381496),
  .PIECEWISE_BEZIER_KNOTS.);
#3123 = CARTESIAN_POINT('',(-4.054254248873,20.));
#3124 = CARTESIAN_POINT('',(-4.054696977143,24.623922307742));
#3125 = CARTESIAN_POINT('',(-4.055131490491,29.333718855705));
#3126 = CARTESIAN_POINT('',(-4.055557991974,34.131514209223));
#3127 = CARTESIAN_POINT('',(-4.055976677146,39.019511798956));
#3128 = CARTESIAN_POINT('',(-4.056387734586,44.));
#3129 = ( GEOMETRIC_REPRESENTATION_CONTEXT(2) 
PARAMETRIC_REPRESENTATION_CONTEXT() REPRESENTATION_CONTEXT('2D SPACE',''
  ) );
#3130 = PCURVE('',#3131,#3136);
#3131 = PLANE('',#3132);
#3132 = AXIS2_PLACEMENT_3D('',#3133,#3134,#3135);
#3133 = CARTESIAN_POINT('',(-37.69416612067,-46.77766390561,-2.));
#3134 = DIRECTION('',(-0.809016994375,0.587785252292,0.));
#3135 = DIRECTION('',(0.,0.,1.));
#3136 = DEFINITIONAL_REPRESENTATION('',(#3137),#3141);
#3137 = ( BOUNDED_CURVE() B_SPLINE_CURVE(2,(#3138,#3139,#3140),
.UNSPECIFIED.,.F.,.F.) B_SPLINE_CURVE_WITH_KNOTS((3,3),(4.205776475288,
4.280030381496),.PIECEWISE_BEZIER_KNOTS.) CURVE() 
GEOMETRIC_REPRESENTATION_ITEM() RATIONAL_B_SPLINE_CURVE((1.,
1.000689284494,1.)) REPRESENTATION_ITEM('') );
#3138 = CARTESIAN_POINT('',(22.,-40.58662276238));
#3139 = CARTESIAN_POINT('',(10.445502690219,-44.32104249168));
#3140 = CARTESIAN_POINT('',(-2.,-48.34318885768));
#3141 = ( GEOMETRIC_REPRESENTATION_CONTEXT(2) 
PARAMETRIC_REPRESENTATION_CONTEXT() REPRESENTATION_CONTEXT('2D SPACE',''
  ) );
#3142 = ORIENTED_EDGE('',*,*,#3143,.F.);
#3143 = EDGE_CURVE('',#3047,#3112,#3144,.T.);
#3144 = SURFACE_CURVE('',#3145,(#3150,#3157),.PCURVE_S1.);
#3145 = CIRCLE('',#3146,107.73860181519);
#3146 = AXIS2_PLACEMENT_3D('',#3147,#3148,#3149);
#3147 = CARTESIAN_POINT('',(0.,0.,-2.));
#3148 = DIRECTION('',(0.,0.,-1.));
#3149 = DIRECTION('',(1.,0.,0.));
#3150 = PCURVE('',#43,#3151);
#3151 = DEFINITIONAL_REPRESENTATION('',(#3152),#3156);
#3152 = LINE('',#3153,#3154);
#3153 = CARTESIAN_POINT('',(-6.28318530718,42.));
#3154 = VECTOR('',#3155,1.);
#3155 = DIRECTION('',(1.,-0.));
#3156 = ( GEOMETRIC_REPRESENTATION_CONTEXT(2) 
PARAMETRIC_REPRESENTATION_CONTEXT() REPRESENTATION_CONTEXT('2D SPACE',''
  ) );
#3157 = PCURVE('',#3158,#3163);
#3158 = PLANE('',#3159);
#3159 = AXIS2_PLACEMENT_3D('',#3160,#3161,#3162);
#3160 = CARTESIAN_POINT('',(-32.84006415442,-50.30437541937,-2.));
#3161 = DIRECTION('',(0.,0.,1.));
#3162 = DIRECTION('',(-0.809016994375,0.587785252292,0.));
#3163 = DEFINITIONAL_REPRESENTATION('',(#3164),#3172);
#3164 = ( BOUNDED_CURVE() B_SPLINE_CURVE(2,(#3165,#3166,#3167,#3168,
#3169,#3170,#3171),.UNSPECIFIED.,.T.,.F.) B_SPLINE_CURVE_WITH_KNOTS((1,2
    ,2,2,2,1),(-2.094395102393,0.,2.094395102393,4.188790204786,
6.28318530718,8.377580409573),.UNSPECIFIED.) CURVE() 
GEOMETRIC_REPRESENTATION_ITEM() RATIONAL_B_SPLINE_CURVE((1.,0.5,1.,0.5,
1.,0.5,1.)) REPRESENTATION_ITEM('') );
#3165 = CARTESIAN_POINT('',(-84.16235981868,-123.3271612495));
#3166 = CARTESIAN_POINT('',(-193.848220602,27.642474463982));
#3167 = CARTESIAN_POINT('',(-8.261750482348,47.148398481571));
#3168 = CARTESIAN_POINT('',(177.32471963737,66.65432249916));
#3169 = CARTESIAN_POINT('',(101.42411030103,-103.8212372319));
#3170 = CARTESIAN_POINT('',(25.523500964695,-274.2967969631));
#3171 = CARTESIAN_POINT('',(-84.16235981868,-123.3271612495));
#3172 = ( GEOMETRIC_REPRESENTATION_CONTEXT(2) 
PARAMETRIC_REPRESENTATION_CONTEXT() REPRESENTATION_CONTEXT('2D SPACE',''
  ) );
#3173 = FACE_BOUND('',#3174,.T.);
#3174 = EDGE_LOOP('',(#3175,#3209,#3242,#3274));
#3175 = ORIENTED_EDGE('',*,*,#3176,.F.);
#3176 = EDGE_CURVE('',#3177,#3179,#3181,.T.);
#3177 = VERTEX_POINT('',#3178);
#3178 = CARTESIAN_POINT('',(-38.43454316427,-93.70117734188,18.));
#3179 = VERTEX_POINT('',#3180);
#3180 = CARTESIAN_POINT('',(-41.06360908651,-99.60615608426,-2.));
#3181 = SURFACE_CURVE('',#3182,(#3187,#3197),.PCURVE_S1.);
#3182 = HYPERBOLA('',#3183,9.286290287604,3.);
#3183 = AXIS2_PLACEMENT_3D('',#3184,#3185,#3186);
#3184 = CARTESIAN_POINT('',(2.740636372928,-1.220209929227,
    331.49731054548));
#3185 = DIRECTION('',(-0.913545457643,0.406736643076,0.));
#3186 = DIRECTION('',(0.,0.,-1.));
#3187 = PCURVE('',#43,#3188);
#3188 = DEFINITIONAL_REPRESENTATION('',(#3189),#3196);
#3189 = B_SPLINE_CURVE_WITH_KNOTS('',5,(#3190,#3191,#3192,#3193,#3194,
    #3195),.UNSPECIFIED.,.F.,.F.,(6,6),(4.205776475288,4.280030381496),
  .PIECEWISE_BEZIER_KNOTS.);
#3190 = CARTESIAN_POINT('',(-4.3233261607,20.));
#3191 = CARTESIAN_POINT('',(-4.322883432429,24.623922307742));
#3192 = CARTESIAN_POINT('',(-4.322448919082,29.333718855705));
#3193 = CARTESIAN_POINT('',(-4.322022417599,34.131514209223));
#3194 = CARTESIAN_POINT('',(-4.321603732427,39.019511798956));
#3195 = CARTESIAN_POINT('',(-4.321192674987,44.));
#3196 = ( GEOMETRIC_REPRESENTATION_CONTEXT(2) 
PARAMETRIC_REPRESENTATION_CONTEXT() REPRESENTATION_CONTEXT('2D SPACE',''
  ) );
#3197 = PCURVE('',#3198,#3203);
#3198 = PLANE('',#3199);
#3199 = AXIS2_PLACEMENT_3D('',#3200,#3201,#3202);
#3200 = CARTESIAN_POINT('',(-21.66356221162,-56.03293738778,-2.));
#3201 = DIRECTION('',(-0.913545457643,0.406736643076,0.));
#3202 = DIRECTION('',(0.,0.,1.));
#3203 = DEFINITIONAL_REPRESENTATION('',(#3204),#3208);
#3204 = ( BOUNDED_CURVE() B_SPLINE_CURVE(2,(#3205,#3206,#3207),
.UNSPECIFIED.,.F.,.F.) B_SPLINE_CURVE_WITH_KNOTS((3,3),(4.205776475288,
4.280030381496),.PIECEWISE_BEZIER_KNOTS.) CURVE() 
GEOMETRIC_REPRESENTATION_ITEM() RATIONAL_B_SPLINE_CURVE((1.,
1.000689284494,1.)) REPRESENTATION_ITEM('') );
#3205 = CARTESIAN_POINT('',(22.,-40.58662276238));
#3206 = CARTESIAN_POINT('',(10.445502690218,-44.32104249168));
#3207 = CARTESIAN_POINT('',(-2.,-48.34318885768));
#3208 = ( GEOMETRIC_REPRESENTATION_CONTEXT(2) 
PARAMETRIC_REPRESENTATION_CONTEXT() REPRESENTATION_CONTEXT('2D SPACE',''
  ) );
#3209 = ORIENTED_EDGE('',*,*,#3210,.T.);
#3210 = EDGE_CURVE('',#3177,#3211,#3213,.T.);
#3211 = VERTEX_POINT('',#3212);
#3212 = CARTESIAN_POINT('',(-43.91581591012,-91.26075748342,18.));
#3213 = SURFACE_CURVE('',#3214,(#3219,#3226),.PCURVE_S1.);
#3214 = CIRCLE('',#3215,101.2774641443);
#3215 = AXIS2_PLACEMENT_3D('',#3216,#3217,#3218);
#3216 = CARTESIAN_POINT('',(0.,0.,18.));
#3217 = DIRECTION('',(0.,0.,-1.));
#3218 = DIRECTION('',(1.,0.,0.));
#3219 = PCURVE('',#43,#3220);
#3220 = DEFINITIONAL_REPRESENTATION('',(#3221),#3225);
#3221 = LINE('',#3222,#3223);
#3222 = CARTESIAN_POINT('',(-6.28318530718,22.));
#3223 = VECTOR('',#3224,1.);
#3224 = DIRECTION('',(1.,-0.));
#3225 = ( GEOMETRIC_REPRESENTATION_CONTEXT(2) 
PARAMETRIC_REPRESENTATION_CONTEXT() REPRESENTATION_CONTEXT('2D SPACE',''
  ) );
#3226 = PCURVE('',#3227,#3232);
#3227 = PLANE('',#3228);
#3228 = AXIS2_PLACEMENT_3D('',#3229,#3230,#3231);
#3229 = CARTESIAN_POINT('',(-21.66356221162,-56.03293738778,18.));
#3230 = DIRECTION('',(0.,0.,1.));
#3231 = DIRECTION('',(-0.913545457643,0.406736643076,0.));
#3232 = DEFINITIONAL_REPRESENTATION('',(#3233),#3241);
#3233 = ( BOUNDED_CURVE() B_SPLINE_CURVE(2,(#3234,#3235,#3236,#3237,
#3238,#3239,#3240),.UNSPECIFIED.,.T.,.F.) B_SPLINE_CURVE_WITH_KNOTS((1,2
    ,2,2,2,1),(-2.094395102393,0.,2.094395102393,4.188790204786,
6.28318530718,8.377580409573),.UNSPECIFIED.) CURVE() 
GEOMETRIC_REPRESENTATION_ITEM() RATIONAL_B_SPLINE_CURVE((1.,0.5,1.,0.5,
1.,0.5,1.)) REPRESENTATION_ITEM('') );
#3234 = CARTESIAN_POINT('',(-89.52156733059,-101.1932557852));
#3235 = CARTESIAN_POINT('',(-160.8703792798,59.058799627207));
#3236 = CARTESIAN_POINT('',(13.586377690649,40.722655598889));
#3237 = CARTESIAN_POINT('',(188.04313466118,22.38651157057));
#3238 = CARTESIAN_POINT('',(84.935189639944,-119.5293998136));
#3239 = CARTESIAN_POINT('',(-18.17275538129,-261.4453111977));
#3240 = CARTESIAN_POINT('',(-89.52156733059,-101.1932557852));
#3241 = ( GEOMETRIC_REPRESENTATION_CONTEXT(2) 
PARAMETRIC_REPRESENTATION_CONTEXT() REPRESENTATION_CONTEXT('2D SPACE',''
  ) );
#3242 = ORIENTED_EDGE('',*,*,#3243,.T.);
#3243 = EDGE_CURVE('',#3211,#3244,#3246,.T.);
#3244 = VERTEX_POINT('',#3245);
#3245 = CARTESIAN_POINT('',(-46.54488183237,-97.1657362258,-2.));
#3246 = SURFACE_CURVE('',#3247,(#3252,#3262),.PCURVE_S1.);
#3247 = HYPERBOLA('',#3248,9.286290287604,3.);
#3248 = AXIS2_PLACEMENT_3D('',#3249,#3250,#3251);
#3249 = CARTESIAN_POINT('',(-2.740636372928,1.220209929227,
    331.49731054548));
#3250 = DIRECTION('',(-0.913545457643,0.406736643076,0.));
#3251 = DIRECTION('',(0.,0.,-1.));
#3252 = PCURVE('',#43,#3253);
#3253 = DEFINITIONAL_REPRESENTATION('',(#3254),#3261);
#3254 = B_SPLINE_CURVE_WITH_KNOTS('',5,(#3255,#3256,#3257,#3258,#3259,
    #3260),.UNSPECIFIED.,.F.,.F.,(6,6),(4.205776475288,4.280030381496),
  .PIECEWISE_BEZIER_KNOTS.);
#3255 = CARTESIAN_POINT('',(-4.263693759112,20.));
#3256 = CARTESIAN_POINT('',(-4.264136487383,24.623922307742));
#3257 = CARTESIAN_POINT('',(-4.26457100073,29.333718855705));
#3258 = CARTESIAN_POINT('',(-4.264997502213,34.131514209223));
#3259 = CARTESIAN_POINT('',(-4.265416187385,39.019511798956));
#3260 = CARTESIAN_POINT('',(-4.265827244825,44.));
#3261 = ( GEOMETRIC_REPRESENTATION_CONTEXT(2) 
PARAMETRIC_REPRESENTATION_CONTEXT() REPRESENTATION_CONTEXT('2D SPACE',''
  ) );
#3262 = PCURVE('',#3263,#3268);
#3263 = PLANE('',#3264);
#3264 = AXIS2_PLACEMENT_3D('',#3265,#3266,#3267);
#3265 = CARTESIAN_POINT('',(-27.14483495747,-53.59251752932,-2.));
#3266 = DIRECTION('',(-0.913545457643,0.406736643076,0.));
#3267 = DIRECTION('',(0.,0.,1.));
#3268 = DEFINITIONAL_REPRESENTATION('',(#3269),#3273);
#3269 = ( BOUNDED_CURVE() B_SPLINE_CURVE(2,(#3270,#3271,#3272),
.UNSPECIFIED.,.F.,.F.) B_SPLINE_CURVE_WITH_KNOTS((3,3),(4.205776475288,
4.280030381496),.PIECEWISE_BEZIER_KNOTS.) CURVE() 
GEOMETRIC_REPRESENTATION_ITEM() RATIONAL_B_SPLINE_CURVE((1.,
1.000689284494,1.)) REPRESENTATION_ITEM('') );
#3270 = CARTESIAN_POINT('',(22.,-40.58662276238));
#3271 = CARTESIAN_POINT('',(10.445502690218,-44.32104249168));
#3272 = CARTESIAN_POINT('',(-2.,-48.34318885768));
#3273 = ( GEOMETRIC_REPRESENTATION_CONTEXT(2) 
PARAMETRIC_REPRESENTATION_CONTEXT() REPRESENTATION_CONTEXT('2D SPACE',''
  ) );
#3274 = ORIENTED_EDGE('',*,*,#3275,.F.);
#3275 = EDGE_CURVE('',#3179,#3244,#3276,.T.);
#3276 = SURFACE_CURVE('',#3277,(#3282,#3289),.PCURVE_S1.);
#3277 = CIRCLE('',#3278,107.73860181519);
#3278 = AXIS2_PLACEMENT_3D('',#3279,#3280,#3281);
#3279 = CARTESIAN_POINT('',(0.,0.,-2.));
#3280 = DIRECTION('',(0.,0.,-1.));
#3281 = DIRECTION('',(1.,0.,0.));
#3282 = PCURVE('',#43,#3283);
#3283 = DEFINITIONAL_REPRESENTATION('',(#3284),#3288);
#3284 = LINE('',#3285,#3286);
#3285 = CARTESIAN_POINT('',(-6.28318530718,42.));
#3286 = VECTOR('',#3287,1.);
#3287 = DIRECTION('',(1.,-0.));
#3288 = ( GEOMETRIC_REPRESENTATION_CONTEXT(2) 
PARAMETRIC_REPRESENTATION_CONTEXT() REPRESENTATION_CONTEXT('2D SPACE',''
  ) );
#3289 = PCURVE('',#3290,#3295);
#3290 = PLANE('',#3291);
#3291 = AXIS2_PLACEMENT_3D('',#3292,#3293,#3294);
#3292 = CARTESIAN_POINT('',(-21.66356221162,-56.03293738778,-2.));
#3293 = DIRECTION('',(0.,0.,1.));
#3294 = DIRECTION('',(-0.913545457643,0.406736643076,0.));
#3295 = DEFINITIONAL_REPRESENTATION('',(#3296),#3304);
#3296 = ( BOUNDED_CURVE() B_SPLINE_CURVE(2,(#3297,#3298,#3299,#3300,
#3301,#3302,#3303),.UNSPECIFIED.,.T.,.F.) B_SPLINE_CURVE_WITH_KNOTS((1,2
    ,2,2,2,1),(-2.094395102393,0.,2.094395102393,4.188790204786,
6.28318530718,8.377580409573),.UNSPECIFIED.) CURVE() 
GEOMETRIC_REPRESENTATION_ITEM() RATIONAL_B_SPLINE_CURVE((1.,0.5,1.,0.5,
1.,0.5,1.)) REPRESENTATION_ITEM('') );
#3297 = CARTESIAN_POINT('',(-95.42411030103,-103.8212372319));
#3298 = CARTESIAN_POINT('',(-171.3247196373,66.65432249916));
#3299 = CARTESIAN_POINT('',(14.261750482347,47.148398481571));
#3300 = CARTESIAN_POINT('',(199.84822060206,27.642474463982));
#3301 = CARTESIAN_POINT('',(90.162359818685,-123.3271612495));
#3302 = CARTESIAN_POINT('',(-19.52350096469,-274.2967969631));
#3303 = CARTESIAN_POINT('',(-95.42411030103,-103.8212372319));
#3304 = ( GEOMETRIC_REPRESENTATION_CONTEXT(2) 
PARAMETRIC_REPRESENTATION_CONTEXT() REPRESENTATION_CONTEXT('2D SPACE',''
  ) );
#3305 = FACE_BOUND('',#3306,.T.);
#3306 = EDGE_LOOP('',(#3307,#3341,#3374,#3406));
#3307 = ORIENTED_EDGE('',*,*,#3308,.F.);
#3308 = EDGE_CURVE('',#3309,#3311,#3313,.T.);
#3309 = VERTEX_POINT('',#3310);
#3310 = CARTESIAN_POINT('',(-18.11308596866,-99.64457265798,18.));
#3311 = VERTEX_POINT('',#3312);
#3312 = CARTESIAN_POINT('',(-19.4569863781,-105.9671269883,-2.));
#3313 = SURFACE_CURVE('',#3314,(#3319,#3329),.PCURVE_S1.);
#3314 = HYPERBOLA('',#3315,9.286290287604,3.);
#3315 = AXIS2_PLACEMENT_3D('',#3316,#3317,#3318);
#3316 = CARTESIAN_POINT('',(2.934442802201,-0.623735072453,
    331.49731054548));
#3317 = DIRECTION('',(-0.978147600734,0.207911690818,0.));
#3318 = DIRECTION('',(0.,0.,-1.));
#3319 = PCURVE('',#43,#3320);
#3320 = DEFINITIONAL_REPRESENTATION('',(#3321),#3328);
#3321 = B_SPLINE_CURVE_WITH_KNOTS('',5,(#3322,#3323,#3324,#3325,#3326,
    #3327),.UNSPECIFIED.,.F.,.F.,(6,6),(4.205776475288,4.280030381496),
  .PIECEWISE_BEZIER_KNOTS.);
#3322 = CARTESIAN_POINT('',(-4.532765670939,20.));
#3323 = CARTESIAN_POINT('',(-4.532322942669,24.623922307742));
#3324 = CARTESIAN_POINT('',(-4.531888429321,29.333718855705));
#3325 = CARTESIAN_POINT('',(-4.531461927838,34.131514209223));
#3326 = CARTESIAN_POINT('',(-4.531043242667,39.019511798956));
#3327 = CARTESIAN_POINT('',(-4.530632185227,44.));
#3328 = ( GEOMETRIC_REPRESENTATION_CONTEXT(2) 
PARAMETRIC_REPRESENTATION_CONTEXT() REPRESENTATION_CONTEXT('2D SPACE',''
  ) );
#3329 = PCURVE('',#3330,#3335);
#3330 = PLANE('',#3331);
#3331 = AXIS2_PLACEMENT_3D('',#3332,#3333,#3334);
#3332 = CARTESIAN_POINT('',(-9.540258646864,-59.31259111648,-2.));
#3333 = DIRECTION('',(-0.978147600734,0.207911690818,0.));
#3334 = DIRECTION('',(0.,0.,1.));
#3335 = DEFINITIONAL_REPRESENTATION('',(#3336),#3340);
#3336 = ( BOUNDED_CURVE() B_SPLINE_CURVE(2,(#3337,#3338,#3339),
.UNSPECIFIED.,.F.,.F.) B_SPLINE_CURVE_WITH_KNOTS((3,3),(4.205776475288,
4.280030381496),.PIECEWISE_BEZIER_KNOTS.) CURVE() 
GEOMETRIC_REPRESENTATION_ITEM() RATIONAL_B_SPLINE_CURVE((1.,
1.000689284494,1.)) REPRESENTATION_ITEM('') );
#3337 = CARTESIAN_POINT('',(22.,-40.58662276238));
#3338 = CARTESIAN_POINT('',(10.445502690218,-44.32104249168));
#3339 = CARTESIAN_POINT('',(-2.,-48.34318885768));
#3340 = ( GEOMETRIC_REPRESENTATION_CONTEXT(2) 
PARAMETRIC_REPRESENTATION_CONTEXT() REPRESENTATION_CONTEXT('2D SPACE',''
  ) );
#3341 = ORIENTED_EDGE('',*,*,#3342,.T.);
#3342 = EDGE_CURVE('',#3309,#3343,#3345,.T.);
#3343 = VERTEX_POINT('',#3344);
#3344 = CARTESIAN_POINT('',(-23.98197157306,-98.39710251308,18.));
#3345 = SURFACE_CURVE('',#3346,(#3351,#3358),.PCURVE_S1.);
#3346 = CIRCLE('',#3347,101.2774641443);
#3347 = AXIS2_PLACEMENT_3D('',#3348,#3349,#3350);
#3348 = CARTESIAN_POINT('',(0.,0.,18.));
#3349 = DIRECTION('',(0.,0.,-1.));
#3350 = DIRECTION('',(1.,0.,0.));
#3351 = PCURVE('',#43,#3352);
#3352 = DEFINITIONAL_REPRESENTATION('',(#3353),#3357);
#3353 = LINE('',#3354,#3355);
#3354 = CARTESIAN_POINT('',(-6.28318530718,22.));
#3355 = VECTOR('',#3356,1.);
#3356 = DIRECTION('',(1.,-0.));
#3357 = ( GEOMETRIC_REPRESENTATION_CONTEXT(2) 
PARAMETRIC_REPRESENTATION_CONTEXT() REPRESENTATION_CONTEXT('2D SPACE',''
  ) );
#3358 = PCURVE('',#3359,#3364);
#3359 = PLANE('',#3360);
#3360 = AXIS2_PLACEMENT_3D('',#3361,#3362,#3363);
#3361 = CARTESIAN_POINT('',(-9.540258646864,-59.31259111648,18.));
#3362 = DIRECTION('',(0.,0.,1.));
#3363 = DIRECTION('',(-0.978147600734,0.207911690818,0.));
#3364 = DEFINITIONAL_REPRESENTATION('',(#3365),#3373);
#3365 = ( BOUNDED_CURVE() B_SPLINE_CURVE(2,(#3366,#3367,#3368,#3369,
#3370,#3371,#3372),.UNSPECIFIED.,.T.,.F.) B_SPLINE_CURVE_WITH_KNOTS((1,2
    ,2,2,2,1),(-2.094395102393,0.,2.094395102393,4.188790204786,
6.28318530718,8.377580409573),.UNSPECIFIED.) CURVE() 
GEOMETRIC_REPRESENTATION_ITEM() RATIONAL_B_SPLINE_CURVE((1.,0.5,1.,0.5,
1.,0.5,1.)) REPRESENTATION_ITEM('') );
#3366 = CARTESIAN_POINT('',(-96.06430856115,-81.05676881197));
#3367 = CARTESIAN_POINT('',(-132.5357019867,90.527646832628));
#3368 = CARTESIAN_POINT('',(34.29645756779,36.320592228292));
#3369 = CARTESIAN_POINT('',(201.12861712231,-17.88646237604));
#3370 = CARTESIAN_POINT('',(70.767850993368,-135.2638234163));
#3371 = CARTESIAN_POINT('',(-59.59291513558,-252.6411844565));
#3372 = CARTESIAN_POINT('',(-96.06430856115,-81.05676881197));
#3373 = ( GEOMETRIC_REPRESENTATION_CONTEXT(2) 
PARAMETRIC_REPRESENTATION_CONTEXT() REPRESENTATION_CONTEXT('2D SPACE',''
  ) );
#3374 = ORIENTED_EDGE('',*,*,#3375,.T.);
#3375 = EDGE_CURVE('',#3343,#3376,#3378,.T.);
#3376 = VERTEX_POINT('',#3377);
#3377 = CARTESIAN_POINT('',(-25.32587198251,-104.7196568434,-2.));
#3378 = SURFACE_CURVE('',#3379,(#3384,#3394),.PCURVE_S1.);
#3379 = HYPERBOLA('',#3380,9.286290287604,3.);
#3380 = AXIS2_PLACEMENT_3D('',#3381,#3382,#3383);
#3381 = CARTESIAN_POINT('',(-2.934442802201,0.623735072453,
    331.49731054548));
#3382 = DIRECTION('',(-0.978147600734,0.207911690818,0.));
#3383 = DIRECTION('',(0.,0.,-1.));
#3384 = PCURVE('',#43,#3385);
#3385 = DEFINITIONAL_REPRESENTATION('',(#3386),#3393);
#3386 = B_SPLINE_CURVE_WITH_KNOTS('',5,(#3387,#3388,#3389,#3390,#3391,
    #3392),.UNSPECIFIED.,.F.,.F.,(6,6),(4.205776475288,4.280030381496),
  .PIECEWISE_BEZIER_KNOTS.);
#3387 = CARTESIAN_POINT('',(-4.473133269351,20.));
#3388 = CARTESIAN_POINT('',(-4.473575997622,24.623922307742));
#3389 = CARTESIAN_POINT('',(-4.47401051097,29.333718855706));
#3390 = CARTESIAN_POINT('',(-4.474437012453,34.131514209224));
#3391 = CARTESIAN_POINT('',(-4.474855697624,39.019511798956));
#3392 = CARTESIAN_POINT('',(-4.475266755064,44.));
#3393 = ( GEOMETRIC_REPRESENTATION_CONTEXT(2) 
PARAMETRIC_REPRESENTATION_CONTEXT() REPRESENTATION_CONTEXT('2D SPACE',''
  ) );
#3394 = PCURVE('',#3395,#3400);
#3395 = PLANE('',#3396);
#3396 = AXIS2_PLACEMENT_3D('',#3397,#3398,#3399);
#3397 = CARTESIAN_POINT('',(-15.40914425126,-58.06512097157,-2.));
#3398 = DIRECTION('',(-0.978147600734,0.207911690818,0.));
#3399 = DIRECTION('',(0.,0.,1.));
#3400 = DEFINITIONAL_REPRESENTATION('',(#3401),#3405);
#3401 = ( BOUNDED_CURVE() B_SPLINE_CURVE(2,(#3402,#3403,#3404),
.UNSPECIFIED.,.F.,.F.) B_SPLINE_CURVE_WITH_KNOTS((3,3),(4.205776475288,
4.280030381496),.PIECEWISE_BEZIER_KNOTS.) CURVE() 
GEOMETRIC_REPRESENTATION_ITEM() RATIONAL_B_SPLINE_CURVE((1.,
1.000689284494,1.)) REPRESENTATION_ITEM('') );
#3402 = CARTESIAN_POINT('',(22.,-40.58662276238));
#3403 = CARTESIAN_POINT('',(10.445502690219,-44.32104249168));
#3404 = CARTESIAN_POINT('',(-2.,-48.34318885768));
#3405 = ( GEOMETRIC_REPRESENTATION_CONTEXT(2) 
PARAMETRIC_REPRESENTATION_CONTEXT() REPRESENTATION_CONTEXT('2D SPACE',''
  ) );
#3406 = ORIENTED_EDGE('',*,*,#3407,.F.);
#3407 = EDGE_CURVE('',#3311,#3376,#3408,.T.);
#3408 = SURFACE_CURVE('',#3409,(#3414,#3421),.PCURVE_S1.);
#3409 = CIRCLE('',#3410,107.73860181519);
#3410 = AXIS2_PLACEMENT_3D('',#3411,#3412,#3413);
#3411 = CARTESIAN_POINT('',(0.,0.,-2.));
#3412 = DIRECTION('',(0.,0.,-1.));
#3413 = DIRECTION('',(1.,0.,0.));
#3414 = PCURVE('',#43,#3415);
#3415 = DEFINITIONAL_REPRESENTATION('',(#3416),#3420);
#3416 = LINE('',#3417,#3418);
#3417 = CARTESIAN_POINT('',(-6.28318530718,42.));
#3418 = VECTOR('',#3419,1.);
#3419 = DIRECTION('',(1.,-0.));
#3420 = ( GEOMETRIC_REPRESENTATION_CONTEXT(2) 
PARAMETRIC_REPRESENTATION_CONTEXT() REPRESENTATION_CONTEXT('2D SPACE',''
  ) );
#3421 = PCURVE('',#3422,#3427);
#3422 = PLANE('',#3423);
#3423 = AXIS2_PLACEMENT_3D('',#3424,#3425,#3426);
#3424 = CARTESIAN_POINT('',(-9.540258646864,-59.31259111648,-2.));
#3425 = DIRECTION('',(0.,0.,1.));
#3426 = DIRECTION('',(-0.978147600734,0.207911690818,0.));
#3427 = DEFINITIONAL_REPRESENTATION('',(#3428),#3436);
#3428 = ( BOUNDED_CURVE() B_SPLINE_CURVE(2,(#3429,#3430,#3431,#3432,
#3433,#3434,#3435),.UNSPECIFIED.,.T.,.F.) B_SPLINE_CURVE_WITH_KNOTS((1,2
    ,2,2,2,1),(-2.094395102393,0.,2.094395102393,4.188790204786,
6.28318530718,8.377580409573),.UNSPECIFIED.) CURVE() 
GEOMETRIC_REPRESENTATION_ITEM() RATIONAL_B_SPLINE_CURVE((1.,0.5,1.,0.5,
1.,0.5,1.)) REPRESENTATION_ITEM('') );
#3429 = CARTESIAN_POINT('',(-102.3842548719,-82.40011486973));
#3430 = CARTESIAN_POINT('',(-141.1823919217,100.13076888625));
#3431 = CARTESIAN_POINT('',(36.293058911089,42.465499312866));
#3432 = CARTESIAN_POINT('',(213.76850974388,-15.19977026052));
#3433 = CARTESIAN_POINT('',(75.091195960854,-140.0653844431));
#3434 = CARTESIAN_POINT('',(-63.58611782217,-264.9309986257));
#3435 = CARTESIAN_POINT('',(-102.3842548719,-82.40011486973));
#3436 = ( GEOMETRIC_REPRESENTATION_CONTEXT(2) 
PARAMETRIC_REPRESENTATION_CONTEXT() REPRESENTATION_CONTEXT('2D SPACE',''
  ) );
#3437 = FACE_BOUND('',#3438,.T.);
#3438 = EDGE_LOOP('',(#3439,#3473,#3506,#3538));
#3439 = ORIENTED_EDGE('',*,*,#3440,.F.);
#3440 = EDGE_CURVE('',#3441,#3443,#3445,.T.);
#3441 = VERTEX_POINT('',#3442);
#3442 = CARTESIAN_POINT('',(3.,-101.2330220012,18.));
#3443 = VERTEX_POINT('',#3444);
#3444 = CARTESIAN_POINT('',(3.,-107.6968259564,-2.));
#3445 = SURFACE_CURVE('',#3446,(#3451,#3461),.PCURVE_S1.);
#3446 = HYPERBOLA('',#3447,9.286290287604,3.);
#3447 = AXIS2_PLACEMENT_3D('',#3448,#3449,#3450);
#3448 = CARTESIAN_POINT('',(3.,-3.673940397442E-16,331.49731054548));
#3449 = DIRECTION('',(-1.,1.224646799147E-16,0.));
#3450 = DIRECTION('',(0.,0.,-1.));
#3451 = PCURVE('',#43,#3452);
#3452 = DEFINITIONAL_REPRESENTATION('',(#3453),#3460);
#3453 = B_SPLINE_CURVE_WITH_KNOTS('',5,(#3454,#3455,#3456,#3457,#3458,
    #3459),.UNSPECIFIED.,.F.,.F.,(6,6),(4.205776475288,4.280030381496),
  .PIECEWISE_BEZIER_KNOTS.);
#3454 = CARTESIAN_POINT('',(-4.742205181179,20.));
#3455 = CARTESIAN_POINT('',(-4.741762452908,24.623922307742));
#3456 = CARTESIAN_POINT('',(-4.74132793956,29.333718855705));
#3457 = CARTESIAN_POINT('',(-4.740901438077,34.131514209223));
#3458 = CARTESIAN_POINT('',(-4.740482752906,39.019511798956));
#3459 = CARTESIAN_POINT('',(-4.740071695466,44.));
#3460 = ( GEOMETRIC_REPRESENTATION_CONTEXT(2) 
PARAMETRIC_REPRESENTATION_CONTEXT() REPRESENTATION_CONTEXT('2D SPACE',''
  ) );
#3461 = PCURVE('',#3462,#3467);
#3462 = PLANE('',#3463);
#3463 = AXIS2_PLACEMENT_3D('',#3464,#3465,#3466);
#3464 = CARTESIAN_POINT('',(3.,-60.,-2.));
#3465 = DIRECTION('',(-1.,1.224646799147E-16,0.));
#3466 = DIRECTION('',(0.,0.,1.));
#3467 = DEFINITIONAL_REPRESENTATION('',(#3468),#3472);
#3468 = ( BOUNDED_CURVE() B_SPLINE_CURVE(2,(#3469,#3470,#3471),
.UNSPECIFIED.,.F.,.F.) B_SPLINE_CURVE_WITH_KNOTS((3,3),(4.205776475288,
4.280030381496),.PIECEWISE_BEZIER_KNOTS.) CURVE() 
GEOMETRIC_REPRESENTATION_ITEM() RATIONAL_B_SPLINE_CURVE((1.,
1.000689284494,1.)) REPRESENTATION_ITEM('') );
#3469 = CARTESIAN_POINT('',(22.,-40.58662276238));
#3470 = CARTESIAN_POINT('',(10.445502690218,-44.32104249168));
#3471 = CARTESIAN_POINT('',(-2.,-48.34318885768));
#3472 = ( GEOMETRIC_REPRESENTATION_CONTEXT(2) 
PARAMETRIC_REPRESENTATION_CONTEXT() REPRESENTATION_CONTEXT('2D SPACE',''
  ) );
#3473 = ORIENTED_EDGE('',*,*,#3474,.T.);
#3474 = EDGE_CURVE('',#3441,#3475,#3477,.T.);
#3475 = VERTEX_POINT('',#3476);
#3476 = CARTESIAN_POINT('',(-3.,-101.2330220012,18.));
#3477 = SURFACE_CURVE('',#3478,(#3483,#3490),.PCURVE_S1.);
#3478 = CIRCLE('',#3479,101.2774641443);
#3479 = AXIS2_PLACEMENT_3D('',#3480,#3481,#3482);
#3480 = CARTESIAN_POINT('',(0.,0.,18.));
#3481 = DIRECTION('',(0.,0.,-1.));
#3482 = DIRECTION('',(1.,0.,0.));
#3483 = PCURVE('',#43,#3484);
#3484 = DEFINITIONAL_REPRESENTATION('',(#3485),#3489);
#3485 = LINE('',#3486,#3487);
#3486 = CARTESIAN_POINT('',(-6.28318530718,22.));
#3487 = VECTOR('',#3488,1.);
#3488 = DIRECTION('',(1.,-0.));
#3489 = ( GEOMETRIC_REPRESENTATION_CONTEXT(2) 
PARAMETRIC_REPRESENTATION_CONTEXT() REPRESENTATION_CONTEXT('2D SPACE',''
  ) );
#3490 = PCURVE('',#3491,#3496);
#3491 = PLANE('',#3492);
#3492 = AXIS2_PLACEMENT_3D('',#3493,#3494,#3495);
#3493 = CARTESIAN_POINT('',(3.,-60.,18.));
#3494 = DIRECTION('',(0.,0.,1.));
#3495 = DIRECTION('',(-1.,1.224646799147E-16,0.));
#3496 = DEFINITIONAL_REPRESENTATION('',(#3497),#3505);
#3497 = ( BOUNDED_CURVE() B_SPLINE_CURVE(2,(#3498,#3499,#3500,#3501,
#3502,#3503,#3504),.UNSPECIFIED.,.T.,.F.) B_SPLINE_CURVE_WITH_KNOTS((1,2
    ,2,2,2,1),(-2.094395102393,0.,2.094395102393,4.188790204786,
6.28318530718,8.377580409573),.UNSPECIFIED.) CURVE() 
GEOMETRIC_REPRESENTATION_ITEM() RATIONAL_B_SPLINE_CURVE((1.,0.5,1.,0.5,
1.,0.5,1.)) REPRESENTATION_ITEM('') );
#3498 = CARTESIAN_POINT('',(-98.2774641443,-60.));
#3499 = CARTESIAN_POINT('',(-98.2774641443,115.41771355967));
#3500 = CARTESIAN_POINT('',(53.638732072153,27.708856779837));
#3501 = CARTESIAN_POINT('',(205.55492828861,-60.));
#3502 = CARTESIAN_POINT('',(53.638732072154,-147.7088567798));
#3503 = CARTESIAN_POINT('',(-98.2774641443,-235.4177135596));
#3504 = CARTESIAN_POINT('',(-98.2774641443,-60.));
#3505 = ( GEOMETRIC_REPRESENTATION_CONTEXT(2) 
PARAMETRIC_REPRESENTATION_CONTEXT() REPRESENTATION_CONTEXT('2D SPACE',''
  ) );
#3506 = ORIENTED_EDGE('',*,*,#3507,.T.);
#3507 = EDGE_CURVE('',#3475,#3508,#3510,.T.);
#3508 = VERTEX_POINT('',#3509);
#3509 = CARTESIAN_POINT('',(-3.,-107.6968259564,-2.));
#3510 = SURFACE_CURVE('',#3511,(#3516,#3526),.PCURVE_S1.);
#3511 = HYPERBOLA('',#3512,9.286290287604,3.);
#3512 = AXIS2_PLACEMENT_3D('',#3513,#3514,#3515);
#3513 = CARTESIAN_POINT('',(-3.,3.673940397442E-16,331.49731054548));
#3514 = DIRECTION('',(-1.,1.224646799147E-16,0.));
#3515 = DIRECTION('',(0.,0.,-1.));
#3516 = PCURVE('',#43,#3517);
#3517 = DEFINITIONAL_REPRESENTATION('',(#3518),#3525);
#3518 = B_SPLINE_CURVE_WITH_KNOTS('',5,(#3519,#3520,#3521,#3522,#3523,
    #3524),.UNSPECIFIED.,.F.,.F.,(6,6),(4.205776475288,4.280030381496),
  .PIECEWISE_BEZIER_KNOTS.);
#3519 = CARTESIAN_POINT('',(-4.682572779591,20.));
#3520 = CARTESIAN_POINT('',(-4.683015507861,24.623922307742));
#3521 = CARTESIAN_POINT('',(-4.683450021209,29.333718855705));
#3522 = CARTESIAN_POINT('',(-4.683876522692,34.131514209223));
#3523 = CARTESIAN_POINT('',(-4.684295207864,39.019511798956));
#3524 = CARTESIAN_POINT('',(-4.684706265304,44.));
#3525 = ( GEOMETRIC_REPRESENTATION_CONTEXT(2) 
PARAMETRIC_REPRESENTATION_CONTEXT() REPRESENTATION_CONTEXT('2D SPACE',''
  ) );
#3526 = PCURVE('',#3527,#3532);
#3527 = PLANE('',#3528);
#3528 = AXIS2_PLACEMENT_3D('',#3529,#3530,#3531);
#3529 = CARTESIAN_POINT('',(-3.,-60.,-2.));
#3530 = DIRECTION('',(-1.,1.224646799147E-16,0.));
#3531 = DIRECTION('',(0.,0.,1.));
#3532 = DEFINITIONAL_REPRESENTATION('',(#3533),#3537);
#3533 = ( BOUNDED_CURVE() B_SPLINE_CURVE(2,(#3534,#3535,#3536),
.UNSPECIFIED.,.F.,.F.) B_SPLINE_CURVE_WITH_KNOTS((3,3),(4.205776475288,
4.280030381496),.PIECEWISE_BEZIER_KNOTS.) CURVE() 
GEOMETRIC_REPRESENTATION_ITEM() RATIONAL_B_SPLINE_CURVE((1.,
1.000689284494,1.)) REPRESENTATION_ITEM('') );
#3534 = CARTESIAN_POINT('',(22.,-40.58662276238));
#3535 = CARTESIAN_POINT('',(10.445502690218,-44.32104249168));
#3536 = CARTESIAN_POINT('',(-2.,-48.34318885768));
#3537 = ( GEOMETRIC_REPRESENTATION_CONTEXT(2) 
PARAMETRIC_REPRESENTATION_CONTEXT() REPRESENTATION_CONTEXT('2D SPACE',''
  ) );
#3538 = ORIENTED_EDGE('',*,*,#3539,.F.);
#3539 = EDGE_CURVE('',#3443,#3508,#3540,.T.);
#3540 = SURFACE_CURVE('',#3541,(#3546,#3553),.PCURVE_S1.);
#3541 = CIRCLE('',#3542,107.73860181519);
#3542 = AXIS2_PLACEMENT_3D('',#3543,#3544,#3545);
#3543 = CARTESIAN_POINT('',(0.,0.,-2.));
#3544 = DIRECTION('',(0.,0.,-1.));
#3545 = DIRECTION('',(1.,0.,0.));
#3546 = PCURVE('',#43,#3547);
#3547 = DEFINITIONAL_REPRESENTATION('',(#3548),#3552);
#3548 = LINE('',#3549,#3550);
#3549 = CARTESIAN_POINT('',(-6.28318530718,42.));
#3550 = VECTOR('',#3551,1.);
#3551 = DIRECTION('',(1.,-0.));
#3552 = ( GEOMETRIC_REPRESENTATION_CONTEXT(2) 
PARAMETRIC_REPRESENTATION_CONTEXT() REPRESENTATION_CONTEXT('2D SPACE',''
  ) );
#3553 = PCURVE('',#3554,#3559);
#3554 = PLANE('',#3555);
#3555 = AXIS2_PLACEMENT_3D('',#3556,#3557,#3558);
#3556 = CARTESIAN_POINT('',(3.,-60.,-2.));
#3557 = DIRECTION('',(0.,0.,1.));
#3558 = DIRECTION('',(-1.,1.224646799147E-16,0.));
#3559 = DEFINITIONAL_REPRESENTATION('',(#3560),#3568);
#3560 = ( BOUNDED_CURVE() B_SPLINE_CURVE(2,(#3561,#3562,#3563,#3564,
#3565,#3566,#3567),.UNSPECIFIED.,.T.,.F.) B_SPLINE_CURVE_WITH_KNOTS((1,2
    ,2,2,2,1),(-2.094395102393,0.,2.094395102393,4.188790204786,
6.28318530718,8.377580409573),.UNSPECIFIED.) CURVE() 
GEOMETRIC_REPRESENTATION_ITEM() RATIONAL_B_SPLINE_CURVE((1.,0.5,1.,0.5,
1.,0.5,1.)) REPRESENTATION_ITEM('') );
#3561 = CARTESIAN_POINT('',(-104.7386018151,-60.));
#3562 = CARTESIAN_POINT('',(-104.7386018151,126.60873228034));
#3563 = CARTESIAN_POINT('',(56.869300907595,33.304366140171));
#3564 = CARTESIAN_POINT('',(218.47720363038,-60.));
#3565 = CARTESIAN_POINT('',(56.869300907595,-153.3043661401));
#3566 = CARTESIAN_POINT('',(-104.7386018151,-246.6087322803));
#3567 = CARTESIAN_POINT('',(-104.7386018151,-60.));
#3568 = ( GEOMETRIC_REPRESENTATION_CONTEXT(2) 
PARAMETRIC_REPRESENTATION_CONTEXT() REPRESENTATION_CONTEXT('2D SPACE',''
  ) );
#3569 = FACE_BOUND('',#3570,.T.);
#3570 = EDGE_LOOP('',(#3571,#3605,#3638,#3670));
#3571 = ORIENTED_EDGE('',*,*,#3572,.F.);
#3572 = EDGE_CURVE('',#3573,#3575,#3577,.T.);
#3573 = VERTEX_POINT('',#3574);
#3574 = CARTESIAN_POINT('',(23.981971573068,-98.39710251308,18.));
#3575 = VERTEX_POINT('',#3576);
#3576 = CARTESIAN_POINT('',(25.325871982511,-104.7196568434,-2.));
#3577 = SURFACE_CURVE('',#3578,(#3583,#3593),.PCURVE_S1.);
#3578 = HYPERBOLA('',#3579,9.286290287604,3.);
#3579 = AXIS2_PLACEMENT_3D('',#3580,#3581,#3582);
#3580 = CARTESIAN_POINT('',(2.934442802201,0.623735072453,
    331.49731054548));
#3581 = DIRECTION('',(-0.978147600734,-0.207911690818,0.));
#3582 = DIRECTION('',(0.,-0.,-1.));
#3583 = PCURVE('',#43,#3584);
#3584 = DEFINITIONAL_REPRESENTATION('',(#3585),#3592);
#3585 = B_SPLINE_CURVE_WITH_KNOTS('',5,(#3586,#3587,#3588,#3589,#3590,
    #3591),.UNSPECIFIED.,.F.,.F.,(6,6),(4.205776475288,4.280030381496),
  .PIECEWISE_BEZIER_KNOTS.);
#3586 = CARTESIAN_POINT('',(-4.951644691418,20.));
#3587 = CARTESIAN_POINT('',(-4.951201963147,24.623922307742));
#3588 = CARTESIAN_POINT('',(-4.9507674498,29.333718855705));
#3589 = CARTESIAN_POINT('',(-4.950340948317,34.131514209223));
#3590 = CARTESIAN_POINT('',(-4.949922263145,39.019511798956));
#3591 = CARTESIAN_POINT('',(-4.949511205705,44.));
#3592 = ( GEOMETRIC_REPRESENTATION_CONTEXT(2) 
PARAMETRIC_REPRESENTATION_CONTEXT() REPRESENTATION_CONTEXT('2D SPACE',''
  ) );
#3593 = PCURVE('',#3594,#3599);
#3594 = PLANE('',#3595);
#3595 = AXIS2_PLACEMENT_3D('',#3596,#3597,#3598);
#3596 = CARTESIAN_POINT('',(15.409144251267,-58.06512097157,-2.));
#3597 = DIRECTION('',(-0.978147600734,-0.207911690818,0.));
#3598 = DIRECTION('',(0.,0.,1.));
#3599 = DEFINITIONAL_REPRESENTATION('',(#3600),#3604);
#3600 = ( BOUNDED_CURVE() B_SPLINE_CURVE(2,(#3601,#3602,#3603),
.UNSPECIFIED.,.F.,.F.) B_SPLINE_CURVE_WITH_KNOTS((3,3),(4.205776475288,
4.280030381496),.PIECEWISE_BEZIER_KNOTS.) CURVE() 
GEOMETRIC_REPRESENTATION_ITEM() RATIONAL_B_SPLINE_CURVE((1.,
1.000689284494,1.)) REPRESENTATION_ITEM('') );
#3601 = CARTESIAN_POINT('',(22.,-40.58662276238));
#3602 = CARTESIAN_POINT('',(10.445502690218,-44.32104249168));
#3603 = CARTESIAN_POINT('',(-2.,-48.34318885768));
#3604 = ( GEOMETRIC_REPRESENTATION_CONTEXT(2) 
PARAMETRIC_REPRESENTATION_CONTEXT() REPRESENTATION_CONTEXT('2D SPACE',''
  ) );
#3605 = ORIENTED_EDGE('',*,*,#3606,.T.);
#3606 = EDGE_CURVE('',#3573,#3607,#3609,.T.);
#3607 = VERTEX_POINT('',#3608);
#3608 = CARTESIAN_POINT('',(18.113085968666,-99.64457265798,18.));
#3609 = SURFACE_CURVE('',#3610,(#3615,#3622),.PCURVE_S1.);
#3610 = CIRCLE('',#3611,101.2774641443);
#3611 = AXIS2_PLACEMENT_3D('',#3612,#3613,#3614);
#3612 = CARTESIAN_POINT('',(0.,0.,18.));
#3613 = DIRECTION('',(0.,0.,-1.));
#3614 = DIRECTION('',(1.,0.,0.));
#3615 = PCURVE('',#43,#3616);
#3616 = DEFINITIONAL_REPRESENTATION('',(#3617),#3621);
#3617 = LINE('',#3618,#3619);
#3618 = CARTESIAN_POINT('',(-6.28318530718,22.));
#3619 = VECTOR('',#3620,1.);
#3620 = DIRECTION('',(1.,-0.));
#3621 = ( GEOMETRIC_REPRESENTATION_CONTEXT(2) 
PARAMETRIC_REPRESENTATION_CONTEXT() REPRESENTATION_CONTEXT('2D SPACE',''
  ) );
#3622 = PCURVE('',#3623,#3628);
#3623 = PLANE('',#3624);
#3624 = AXIS2_PLACEMENT_3D('',#3625,#3626,#3627);
#3625 = CARTESIAN_POINT('',(15.409144251267,-58.06512097157,18.));
#3626 = DIRECTION('',(0.,0.,1.));
#3627 = DIRECTION('',(-0.978147600734,-0.207911690818,0.));
#3628 = DEFINITIONAL_REPRESENTATION('',(#3629),#3637);
#3629 = ( BOUNDED_CURVE() B_SPLINE_CURVE(2,(#3630,#3631,#3632,#3633,
#3634,#3635,#3636),.UNSPECIFIED.,.T.,.F.) B_SPLINE_CURVE_WITH_KNOTS((1,2
    ,2,2,2,1),(-2.094395102393,0.,2.094395102393,4.188790204786,
6.28318530718,8.377580409573),.UNSPECIFIED.) CURVE() 
GEOMETRIC_REPRESENTATION_ITEM() RATIONAL_B_SPLINE_CURVE((1.,0.5,1.,0.5,
1.,0.5,1.)) REPRESENTATION_ITEM('') );
#3630 = CARTESIAN_POINT('',(-96.06430856115,-38.94323118802));
#3631 = CARTESIAN_POINT('',(-59.59291513558,132.64118445658));
#3632 = CARTESIAN_POINT('',(70.767850993368,15.263823416314));
#3633 = CARTESIAN_POINT('',(201.12861712231,-102.1135376239));
#3634 = CARTESIAN_POINT('',(34.29645756779,-156.3205922282));
#3635 = CARTESIAN_POINT('',(-132.5357019867,-210.5276468326));
#3636 = CARTESIAN_POINT('',(-96.06430856115,-38.94323118802));
#3637 = ( GEOMETRIC_REPRESENTATION_CONTEXT(2) 
PARAMETRIC_REPRESENTATION_CONTEXT() REPRESENTATION_CONTEXT('2D SPACE',''
  ) );
#3638 = ORIENTED_EDGE('',*,*,#3639,.T.);
#3639 = EDGE_CURVE('',#3607,#3640,#3642,.T.);
#3640 = VERTEX_POINT('',#3641);
#3641 = CARTESIAN_POINT('',(19.456986378108,-105.9671269883,-2.));
#3642 = SURFACE_CURVE('',#3643,(#3648,#3658),.PCURVE_S1.);
#3643 = HYPERBOLA('',#3644,9.286290287604,3.);
#3644 = AXIS2_PLACEMENT_3D('',#3645,#3646,#3647);
#3645 = CARTESIAN_POINT('',(-2.934442802201,-0.623735072453,
    331.49731054548));
#3646 = DIRECTION('',(-0.978147600734,-0.207911690818,0.));
#3647 = DIRECTION('',(0.,-0.,-1.));
#3648 = PCURVE('',#43,#3649);
#3649 = DEFINITIONAL_REPRESENTATION('',(#3650),#3657);
#3650 = B_SPLINE_CURVE_WITH_KNOTS('',5,(#3651,#3652,#3653,#3654,#3655,
    #3656),.UNSPECIFIED.,.F.,.F.,(6,6),(4.205776475288,4.280030381496),
  .PIECEWISE_BEZIER_KNOTS.);
#3651 = CARTESIAN_POINT('',(-4.89201228983,20.));
#3652 = CARTESIAN_POINT('',(-4.892455018101,24.623922307742));
#3653 = CARTESIAN_POINT('',(-4.892889531448,29.333718855705));
#3654 = CARTESIAN_POINT('',(-4.893316032931,34.131514209223));
#3655 = CARTESIAN_POINT('',(-4.893734718103,39.019511798956));
#3656 = CARTESIAN_POINT('',(-4.894145775543,44.));
#3657 = ( GEOMETRIC_REPRESENTATION_CONTEXT(2) 
PARAMETRIC_REPRESENTATION_CONTEXT() REPRESENTATION_CONTEXT('2D SPACE',''
  ) );
#3658 = PCURVE('',#3659,#3664);
#3659 = PLANE('',#3660);
#3660 = AXIS2_PLACEMENT_3D('',#3661,#3662,#3663);
#3661 = CARTESIAN_POINT('',(9.540258646864,-59.31259111648,-2.));
#3662 = DIRECTION('',(-0.978147600734,-0.207911690818,0.));
#3663 = DIRECTION('',(0.,0.,1.));
#3664 = DEFINITIONAL_REPRESENTATION('',(#3665),#3669);
#3665 = ( BOUNDED_CURVE() B_SPLINE_CURVE(2,(#3666,#3667,#3668),
.UNSPECIFIED.,.F.,.F.) B_SPLINE_CURVE_WITH_KNOTS((3,3),(4.205776475288,
4.280030381496),.PIECEWISE_BEZIER_KNOTS.) CURVE() 
GEOMETRIC_REPRESENTATION_ITEM() RATIONAL_B_SPLINE_CURVE((1.,
1.000689284494,1.)) REPRESENTATION_ITEM('') );
#3666 = CARTESIAN_POINT('',(22.,-40.58662276238));
#3667 = CARTESIAN_POINT('',(10.445502690218,-44.32104249168));
#3668 = CARTESIAN_POINT('',(-2.,-48.34318885768));
#3669 = ( GEOMETRIC_REPRESENTATION_CONTEXT(2) 
PARAMETRIC_REPRESENTATION_CONTEXT() REPRESENTATION_CONTEXT('2D SPACE',''
  ) );
#3670 = ORIENTED_EDGE('',*,*,#3671,.F.);
#3671 = EDGE_CURVE('',#3575,#3640,#3672,.T.);
#3672 = SURFACE_CURVE('',#3673,(#3678,#3685),.PCURVE_S1.);
#3673 = CIRCLE('',#3674,107.73860181519);
#3674 = AXIS2_PLACEMENT_3D('',#3675,#3676,#3677);
#3675 = CARTESIAN_POINT('',(0.,0.,-2.));
#3676 = DIRECTION('',(0.,0.,-1.));
#3677 = DIRECTION('',(1.,0.,0.));
#3678 = PCURVE('',#43,#3679);
#3679 = DEFINITIONAL_REPRESENTATION('',(#3680),#3684);
#3680 = LINE('',#3681,#3682);
#3681 = CARTESIAN_POINT('',(-6.28318530718,42.));
#3682 = VECTOR('',#3683,1.);
#3683 = DIRECTION('',(1.,-0.));
#3684 = ( GEOMETRIC_REPRESENTATION_CONTEXT(2) 
PARAMETRIC_REPRESENTATION_CONTEXT() REPRESENTATION_CONTEXT('2D SPACE',''
  ) );
#3685 = PCURVE('',#3686,#3691);
#3686 = PLANE('',#3687);
#3687 = AXIS2_PLACEMENT_3D('',#3688,#3689,#3690);
#3688 = CARTESIAN_POINT('',(15.409144251267,-58.06512097157,-2.));
#3689 = DIRECTION('',(0.,0.,1.));
#3690 = DIRECTION('',(-0.978147600734,-0.207911690818,0.));
#3691 = DEFINITIONAL_REPRESENTATION('',(#3692),#3700);
#3692 = ( BOUNDED_CURVE() B_SPLINE_CURVE(2,(#3693,#3694,#3695,#3696,
#3697,#3698,#3699),.UNSPECIFIED.,.T.,.F.) B_SPLINE_CURVE_WITH_KNOTS((1,2
    ,2,2,2,1),(-2.094395102393,0.,2.094395102393,4.188790204786,
6.28318530718,8.377580409573),.UNSPECIFIED.) CURVE() 
GEOMETRIC_REPRESENTATION_ITEM() RATIONAL_B_SPLINE_CURVE((1.,0.5,1.,0.5,
1.,0.5,1.)) REPRESENTATION_ITEM('') );
#3693 = CARTESIAN_POINT('',(-102.3842548719,-37.59988513026));
#3694 = CARTESIAN_POINT('',(-63.58611782217,144.93099862573));
#3695 = CARTESIAN_POINT('',(75.091195960854,20.065384443128));
#3696 = CARTESIAN_POINT('',(213.76850974388,-104.8002297394));
#3697 = CARTESIAN_POINT('',(36.29305891109,-162.4654993128));
#3698 = CARTESIAN_POINT('',(-141.1823919217,-220.1307688862));
#3699 = CARTESIAN_POINT('',(-102.3842548719,-37.59988513026));
#3700 = ( GEOMETRIC_REPRESENTATION_CONTEXT(2) 
PARAMETRIC_REPRESENTATION_CONTEXT() REPRESENTATION_CONTEXT('2D SPACE',''
  ) );
#3701 = FACE_BOUND('',#3702,.T.);
#3702 = EDGE_LOOP('',(#3703,#3737,#3770,#3802));
#3703 = ORIENTED_EDGE('',*,*,#3704,.F.);
#3704 = EDGE_CURVE('',#3705,#3707,#3709,.T.);
#3705 = VERTEX_POINT('',#3706);
#3706 = CARTESIAN_POINT('',(43.915815910126,-91.26075748342,18.));
#3707 = VERTEX_POINT('',#3708);
#3708 = CARTESIAN_POINT('',(46.54488183237,-97.1657362258,-2.));
#3709 = SURFACE_CURVE('',#3710,(#3715,#3725),.PCURVE_S1.);
#3710 = HYPERBOLA('',#3711,9.286290287604,3.);
#3711 = AXIS2_PLACEMENT_3D('',#3712,#3713,#3714);
#3712 = CARTESIAN_POINT('',(2.740636372928,1.220209929227,
    331.49731054548));
#3713 = DIRECTION('',(-0.913545457643,-0.406736643076,0.));
#3714 = DIRECTION('',(0.,-0.,-1.));
#3715 = PCURVE('',#43,#3716);
#3716 = DEFINITIONAL_REPRESENTATION('',(#3717),#3724);
#3717 = B_SPLINE_CURVE_WITH_KNOTS('',5,(#3718,#3719,#3720,#3721,#3722,
    #3723),.UNSPECIFIED.,.F.,.F.,(6,6),(4.205776475288,4.280030381496),
  .PIECEWISE_BEZIER_KNOTS.);
#3718 = CARTESIAN_POINT('',(-5.161084201657,20.));
#3719 = CARTESIAN_POINT('',(-5.160641473387,24.623922307742));
#3720 = CARTESIAN_POINT('',(-5.160206960039,29.333718855705));
#3721 = CARTESIAN_POINT('',(-5.159780458556,34.131514209223));
#3722 = CARTESIAN_POINT('',(-5.159361773385,39.019511798956));
#3723 = CARTESIAN_POINT('',(-5.158950715944,44.));
#3724 = ( GEOMETRIC_REPRESENTATION_CONTEXT(2) 
PARAMETRIC_REPRESENTATION_CONTEXT() REPRESENTATION_CONTEXT('2D SPACE',''
  ) );
#3725 = PCURVE('',#3726,#3731);
#3726 = PLANE('',#3727);
#3727 = AXIS2_PLACEMENT_3D('',#3728,#3729,#3730);
#3728 = CARTESIAN_POINT('',(27.144834957476,-53.59251752932,-2.));
#3729 = DIRECTION('',(-0.913545457643,-0.406736643076,0.));
#3730 = DIRECTION('',(0.,0.,1.));
#3731 = DEFINITIONAL_REPRESENTATION('',(#3732),#3736);
#3732 = ( BOUNDED_CURVE() B_SPLINE_CURVE(2,(#3733,#3734,#3735),
.UNSPECIFIED.,.F.,.F.) B_SPLINE_CURVE_WITH_KNOTS((3,3),(4.205776475288,
4.280030381496),.PIECEWISE_BEZIER_KNOTS.) CURVE() 
GEOMETRIC_REPRESENTATION_ITEM() RATIONAL_B_SPLINE_CURVE((1.,
1.000689284494,1.)) REPRESENTATION_ITEM('') );
#3733 = CARTESIAN_POINT('',(22.,-40.58662276238));
#3734 = CARTESIAN_POINT('',(10.445502690218,-44.32104249168));
#3735 = CARTESIAN_POINT('',(-2.,-48.34318885768));
#3736 = ( GEOMETRIC_REPRESENTATION_CONTEXT(2) 
PARAMETRIC_REPRESENTATION_CONTEXT() REPRESENTATION_CONTEXT('2D SPACE',''
  ) );
#3737 = ORIENTED_EDGE('',*,*,#3738,.T.);
#3738 = EDGE_CURVE('',#3705,#3739,#3741,.T.);
#3739 = VERTEX_POINT('',#3740);
#3740 = CARTESIAN_POINT('',(38.434543164271,-93.70117734188,18.));
#3741 = SURFACE_CURVE('',#3742,(#3747,#3754),.PCURVE_S1.);
#3742 = CIRCLE('',#3743,101.2774641443);
#3743 = AXIS2_PLACEMENT_3D('',#3744,#3745,#3746);
#3744 = CARTESIAN_POINT('',(0.,0.,18.));
#3745 = DIRECTION('',(0.,0.,-1.));
#3746 = DIRECTION('',(1.,0.,0.));
#3747 = PCURVE('',#43,#3748);
#3748 = DEFINITIONAL_REPRESENTATION('',(#3749),#3753);
#3749 = LINE('',#3750,#3751);
#3750 = CARTESIAN_POINT('',(-6.28318530718,22.));
#3751 = VECTOR('',#3752,1.);
#3752 = DIRECTION('',(1.,-0.));
#3753 = ( GEOMETRIC_REPRESENTATION_CONTEXT(2) 
PARAMETRIC_REPRESENTATION_CONTEXT() REPRESENTATION_CONTEXT('2D SPACE',''
  ) );
#3754 = PCURVE('',#3755,#3760);
#3755 = PLANE('',#3756);
#3756 = AXIS2_PLACEMENT_3D('',#3757,#3758,#3759);
#3757 = CARTESIAN_POINT('',(27.144834957476,-53.59251752932,18.));
#3758 = DIRECTION('',(0.,0.,1.));
#3759 = DIRECTION('',(-0.913545457643,-0.406736643076,0.));
#3760 = DEFINITIONAL_REPRESENTATION('',(#3761),#3769);
#3761 = ( BOUNDED_CURVE() B_SPLINE_CURVE(2,(#3762,#3763,#3764,#3765,
#3766,#3767,#3768),.UNSPECIFIED.,.T.,.F.) B_SPLINE_CURVE_WITH_KNOTS((1,2
    ,2,2,2,1),(-2.094395102393,0.,2.094395102393,4.188790204786,
6.28318530718,8.377580409573),.UNSPECIFIED.) CURVE() 
GEOMETRIC_REPRESENTATION_ITEM() RATIONAL_B_SPLINE_CURVE((1.,0.5,1.,0.5,
1.,0.5,1.)) REPRESENTATION_ITEM('') );
#3762 = CARTESIAN_POINT('',(-89.52156733059,-18.80674421471));
#3763 = CARTESIAN_POINT('',(-18.17275538129,141.44531119777));
#3764 = CARTESIAN_POINT('',(84.935189639944,-0.470600186397));
#3765 = CARTESIAN_POINT('',(188.04313466118,-142.3865115705));
#3766 = CARTESIAN_POINT('',(13.586377690649,-160.7226555988));
#3767 = CARTESIAN_POINT('',(-160.8703792798,-179.0587996272));
#3768 = CARTESIAN_POINT('',(-89.52156733059,-18.80674421471));
#3769 = ( GEOMETRIC_REPRESENTATION_CONTEXT(2) 
PARAMETRIC_REPRESENTATION_CONTEXT() REPRESENTATION_CONTEXT('2D SPACE',''
  ) );
#3770 = ORIENTED_EDGE('',*,*,#3771,.T.);
#3771 = EDGE_CURVE('',#3739,#3772,#3774,.T.);
#3772 = VERTEX_POINT('',#3773);
#3773 = CARTESIAN_POINT('',(41.063609086514,-99.60615608426,-2.));
#3774 = SURFACE_CURVE('',#3775,(#3780,#3790),.PCURVE_S1.);
#3775 = HYPERBOLA('',#3776,9.286290287604,3.);
#3776 = AXIS2_PLACEMENT_3D('',#3777,#3778,#3779);
#3777 = CARTESIAN_POINT('',(-2.740636372928,-1.220209929227,
    331.49731054548));
#3778 = DIRECTION('',(-0.913545457643,-0.406736643076,0.));
#3779 = DIRECTION('',(0.,-0.,-1.));
#3780 = PCURVE('',#43,#3781);
#3781 = DEFINITIONAL_REPRESENTATION('',(#3782),#3789);
#3782 = B_SPLINE_CURVE_WITH_KNOTS('',5,(#3783,#3784,#3785,#3786,#3787,
    #3788),.UNSPECIFIED.,.F.,.F.,(6,6),(4.205776475288,4.280030381496),
  .PIECEWISE_BEZIER_KNOTS.);
#3783 = CARTESIAN_POINT('',(-5.101451800069,20.));
#3784 = CARTESIAN_POINT('',(-5.10189452834,24.623922307742));
#3785 = CARTESIAN_POINT('',(-5.102329041688,29.333718855705));
#3786 = CARTESIAN_POINT('',(-5.102755543171,34.131514209223));
#3787 = CARTESIAN_POINT('',(-5.103174228342,39.019511798956));
#3788 = CARTESIAN_POINT('',(-5.103585285782,44.));
#3789 = ( GEOMETRIC_REPRESENTATION_CONTEXT(2) 
PARAMETRIC_REPRESENTATION_CONTEXT() REPRESENTATION_CONTEXT('2D SPACE',''
  ) );
#3790 = PCURVE('',#3791,#3796);
#3791 = PLANE('',#3792);
#3792 = AXIS2_PLACEMENT_3D('',#3793,#3794,#3795);
#3793 = CARTESIAN_POINT('',(21.66356221162,-56.03293738778,-2.));
#3794 = DIRECTION('',(-0.913545457643,-0.406736643076,0.));
#3795 = DIRECTION('',(0.,0.,1.));
#3796 = DEFINITIONAL_REPRESENTATION('',(#3797),#3801);
#3797 = ( BOUNDED_CURVE() B_SPLINE_CURVE(2,(#3798,#3799,#3800),
.UNSPECIFIED.,.F.,.F.) B_SPLINE_CURVE_WITH_KNOTS((3,3),(4.205776475288,
4.280030381496),.PIECEWISE_BEZIER_KNOTS.) CURVE() 
GEOMETRIC_REPRESENTATION_ITEM() RATIONAL_B_SPLINE_CURVE((1.,
1.000689284494,1.)) REPRESENTATION_ITEM('') );
#3798 = CARTESIAN_POINT('',(22.,-40.58662276238));
#3799 = CARTESIAN_POINT('',(10.445502690218,-44.32104249168));
#3800 = CARTESIAN_POINT('',(-2.,-48.34318885768));
#3801 = ( GEOMETRIC_REPRESENTATION_CONTEXT(2) 
PARAMETRIC_REPRESENTATION_CONTEXT() REPRESENTATION_CONTEXT('2D SPACE',''
  ) );
#3802 = ORIENTED_EDGE('',*,*,#3803,.F.);
#3803 = EDGE_CURVE('',#3707,#3772,#3804,.T.);
#3804 = SURFACE_CURVE('',#3805,(#3810,#3817),.PCURVE_S1.);
#3805 = CIRCLE('',#3806,107.73860181519);
#3806 = AXIS2_PLACEMENT_3D('',#3807,#3808,#3809);
#3807 = CARTESIAN_POINT('',(0.,0.,-2.));
#3808 = DIRECTION('',(0.,0.,-1.));
#3809 = DIRECTION('',(1.,0.,0.));
#3810 = PCURVE('',#43,#3811);
#3811 = DEFINITIONAL_REPRESENTATION('',(#3812),#3816);
#3812 = LINE('',#3813,#3814);
#3813 = CARTESIAN_POINT('',(-6.28318530718,42.));
#3814 = VECTOR('',#3815,1.);
#3815 = DIRECTION('',(1.,-0.));
#3816 = ( GEOMETRIC_REPRESENTATION_CONTEXT(2) 
PARAMETRIC_REPRESENTATION_CONTEXT() REPRESENTATION_CONTEXT('2D SPACE',''
  ) );
#3817 = PCURVE('',#3818,#3823);
#3818 = PLANE('',#3819);
#3819 = AXIS2_PLACEMENT_3D('',#3820,#3821,#3822);
#3820 = CARTESIAN_POINT('',(27.144834957476,-53.59251752932,-2.));
#3821 = DIRECTION('',(0.,0.,1.));
#3822 = DIRECTION('',(-0.913545457643,-0.406736643076,0.));
#3823 = DEFINITIONAL_REPRESENTATION('',(#3824),#3832);
#3824 = ( BOUNDED_CURVE() B_SPLINE_CURVE(2,(#3825,#3826,#3827,#3828,
#3829,#3830,#3831),.UNSPECIFIED.,.T.,.F.) B_SPLINE_CURVE_WITH_KNOTS((1,2
    ,2,2,2,1),(-2.094395102393,0.,2.094395102393,4.188790204786,
6.28318530718,8.377580409573),.UNSPECIFIED.) CURVE() 
GEOMETRIC_REPRESENTATION_ITEM() RATIONAL_B_SPLINE_CURVE((1.,0.5,1.,0.5,
1.,0.5,1.)) REPRESENTATION_ITEM('') );
#3825 = CARTESIAN_POINT('',(-95.42411030103,-16.178762768));
#3826 = CARTESIAN_POINT('',(-19.52350096469,154.29679696314));
#3827 = CARTESIAN_POINT('',(90.162359818685,3.32716124958));
#3828 = CARTESIAN_POINT('',(199.84822060206,-147.6424744639));
#3829 = CARTESIAN_POINT('',(14.261750482348,-167.1483984815));
#3830 = CARTESIAN_POINT('',(-171.3247196373,-186.6543224991));
#3831 = CARTESIAN_POINT('',(-95.42411030103,-16.178762768));
#3832 = ( GEOMETRIC_REPRESENTATION_CONTEXT(2) 
PARAMETRIC_REPRESENTATION_CONTEXT() REPRESENTATION_CONTEXT('2D SPACE',''
  ) );
#3833 = FACE_BOUND('',#3834,.T.);
#3834 = EDGE_LOOP('',(#3835,#3869,#3902,#3934));
#3835 = ORIENTED_EDGE('',*,*,#3836,.F.);
#3836 = EDGE_CURVE('',#3837,#3839,#3841,.T.);
#3837 = VERTEX_POINT('',#3838);
#3838 = CARTESIAN_POINT('',(61.930328360447,-80.13587943405,18.));
#3839 = VERTEX_POINT('',#3840);
#3840 = CARTESIAN_POINT('',(65.729656999031,-85.36520668212,-2.));
#3841 = SURFACE_CURVE('',#3842,(#3847,#3857),.PCURVE_S1.);
#3842 = HYPERBOLA('',#3843,9.286290287604,3.);
#3843 = AXIS2_PLACEMENT_3D('',#3844,#3845,#3846);
#3844 = CARTESIAN_POINT('',(2.427050983125,1.763355756877,
    331.49731054548));
#3845 = DIRECTION('',(-0.809016994375,-0.587785252292,0.));
#3846 = DIRECTION('',(0.,-0.,-1.));
#3847 = PCURVE('',#43,#3848);
#3848 = DEFINITIONAL_REPRESENTATION('',(#3849),#3856);
#3849 = B_SPLINE_CURVE_WITH_KNOTS('',5,(#3850,#3851,#3852,#3853,#3854,
    #3855),.UNSPECIFIED.,.F.,.F.,(6,6),(4.205776475288,4.280030381496),
  .PIECEWISE_BEZIER_KNOTS.);
#3850 = CARTESIAN_POINT('',(-5.370523711897,20.));
#3851 = CARTESIAN_POINT('',(-5.370080983626,24.623922307742));
#3852 = CARTESIAN_POINT('',(-5.369646470278,29.333718855706));
#3853 = CARTESIAN_POINT('',(-5.369219968795,34.131514209223));
#3854 = CARTESIAN_POINT('',(-5.368801283624,39.019511798956));
#3855 = CARTESIAN_POINT('',(-5.368390226184,44.));
#3856 = ( GEOMETRIC_REPRESENTATION_CONTEXT(2) 
PARAMETRIC_REPRESENTATION_CONTEXT() REPRESENTATION_CONTEXT('2D SPACE',''
  ) );
#3857 = PCURVE('',#3858,#3863);
#3858 = PLANE('',#3859);
#3859 = AXIS2_PLACEMENT_3D('',#3860,#3861,#3862);
#3860 = CARTESIAN_POINT('',(37.694166120673,-46.77766390561,-2.));
#3861 = DIRECTION('',(-0.809016994375,-0.587785252292,0.));
#3862 = DIRECTION('',(0.,0.,1.));
#3863 = DEFINITIONAL_REPRESENTATION('',(#3864),#3868);
#3864 = ( BOUNDED_CURVE() B_SPLINE_CURVE(2,(#3865,#3866,#3867),
.UNSPECIFIED.,.F.,.F.) B_SPLINE_CURVE_WITH_KNOTS((3,3),(4.205776475288,
4.280030381496),.PIECEWISE_BEZIER_KNOTS.) CURVE() 
GEOMETRIC_REPRESENTATION_ITEM() RATIONAL_B_SPLINE_CURVE((1.,
1.000689284494,1.)) REPRESENTATION_ITEM('') );
#3865 = CARTESIAN_POINT('',(22.,-40.58662276238));
#3866 = CARTESIAN_POINT('',(10.445502690219,-44.32104249168));
#3867 = CARTESIAN_POINT('',(-2.,-48.34318885768));
#3868 = ( GEOMETRIC_REPRESENTATION_CONTEXT(2) 
PARAMETRIC_REPRESENTATION_CONTEXT() REPRESENTATION_CONTEXT('2D SPACE',''
  ) );
#3869 = ORIENTED_EDGE('',*,*,#3870,.T.);
#3870 = EDGE_CURVE('',#3837,#3871,#3873,.T.);
#3871 = VERTEX_POINT('',#3872);
#3872 = CARTESIAN_POINT('',(57.076226394197,-83.6625909478,18.));
#3873 = SURFACE_CURVE('',#3874,(#3879,#3886),.PCURVE_S1.);
#3874 = CIRCLE('',#3875,101.2774641443);
#3875 = AXIS2_PLACEMENT_3D('',#3876,#3877,#3878);
#3876 = CARTESIAN_POINT('',(0.,0.,18.));
#3877 = DIRECTION('',(0.,0.,-1.));
#3878 = DIRECTION('',(1.,0.,0.));
#3879 = PCURVE('',#43,#3880);
#3880 = DEFINITIONAL_REPRESENTATION('',(#3881),#3885);
#3881 = LINE('',#3882,#3883);
#3882 = CARTESIAN_POINT('',(-6.28318530718,22.));
#3883 = VECTOR('',#3884,1.);
#3884 = DIRECTION('',(1.,-0.));
#3885 = ( GEOMETRIC_REPRESENTATION_CONTEXT(2) 
PARAMETRIC_REPRESENTATION_CONTEXT() REPRESENTATION_CONTEXT('2D SPACE',''
  ) );
#3886 = PCURVE('',#3887,#3892);
#3887 = PLANE('',#3888);
#3888 = AXIS2_PLACEMENT_3D('',#3889,#3890,#3891);
#3889 = CARTESIAN_POINT('',(37.694166120673,-46.77766390561,18.));
#3890 = DIRECTION('',(0.,0.,1.));
#3891 = DIRECTION('',(-0.809016994375,-0.587785252292,0.));
#3892 = DEFINITIONAL_REPRESENTATION('',(#3893),#3901);
#3893 = ( BOUNDED_CURVE() B_SPLINE_CURVE(2,(#3894,#3895,#3896,#3897,
#3898,#3899,#3900),.UNSPECIFIED.,.T.,.F.) B_SPLINE_CURVE_WITH_KNOTS((1,2
    ,2,2,2,1),(-2.094395102393,0.,2.094395102393,4.188790204786,
6.28318530718,8.377580409573),.UNSPECIFIED.) CURVE() 
GEOMETRIC_REPRESENTATION_ITEM() RATIONAL_B_SPLINE_CURVE((1.,0.5,1.,0.5,
1.,0.5,1.)) REPRESENTATION_ITEM('') );
#3894 = CARTESIAN_POINT('',(-78.93518963994,-0.470600186397));
#3895 = CARTESIAN_POINT('',(24.172755381299,141.44531119777));
#3896 = CARTESIAN_POINT('',(95.521567330593,-18.80674421471));
#3897 = CARTESIAN_POINT('',(166.87037927988,-179.0587996272));
#3898 = CARTESIAN_POINT('',(-7.586377690649,-160.7226555988));
#3899 = CARTESIAN_POINT('',(-182.0431346611,-142.3865115705));
#3900 = CARTESIAN_POINT('',(-78.93518963994,-0.470600186397));
#3901 = ( GEOMETRIC_REPRESENTATION_CONTEXT(2) 
PARAMETRIC_REPRESENTATION_CONTEXT() REPRESENTATION_CONTEXT('2D SPACE',''
  ) );
#3902 = ORIENTED_EDGE('',*,*,#3903,.T.);
#3903 = EDGE_CURVE('',#3871,#3904,#3906,.T.);
#3904 = VERTEX_POINT('',#3905);
#3905 = CARTESIAN_POINT('',(60.875555032781,-88.89191819588,-2.));
#3906 = SURFACE_CURVE('',#3907,(#3912,#3922),.PCURVE_S1.);
#3907 = HYPERBOLA('',#3908,9.286290287604,3.);
#3908 = AXIS2_PLACEMENT_3D('',#3909,#3910,#3911);
#3909 = CARTESIAN_POINT('',(-2.427050983125,-1.763355756877,
    331.49731054548));
#3910 = DIRECTION('',(-0.809016994375,-0.587785252292,0.));
#3911 = DIRECTION('',(0.,-0.,-1.));
#3912 = PCURVE('',#43,#3913);
#3913 = DEFINITIONAL_REPRESENTATION('',(#3914),#3921);
#3914 = B_SPLINE_CURVE_WITH_KNOTS('',5,(#3915,#3916,#3917,#3918,#3919,
    #3920),.UNSPECIFIED.,.F.,.F.,(6,6),(4.205776475288,4.280030381496),
  .PIECEWISE_BEZIER_KNOTS.);
#3915 = CARTESIAN_POINT('',(-5.310891310309,20.));
#3916 = CARTESIAN_POINT('',(-5.311334038579,24.623922307742));
#3917 = CARTESIAN_POINT('',(-5.311768551927,29.333718855705));
#3918 = CARTESIAN_POINT('',(-5.31219505341,34.131514209224));
#3919 = CARTESIAN_POINT('',(-5.312613738581,39.019511798956));
#3920 = CARTESIAN_POINT('',(-5.313024796021,44.));
#3921 = ( GEOMETRIC_REPRESENTATION_CONTEXT(2) 
PARAMETRIC_REPRESENTATION_CONTEXT() REPRESENTATION_CONTEXT('2D SPACE',''
  ) );
#3922 = PCURVE('',#3923,#3928);
#3923 = PLANE('',#3924);
#3924 = AXIS2_PLACEMENT_3D('',#3925,#3926,#3927);
#3925 = CARTESIAN_POINT('',(32.840064154424,-50.30437541937,-2.));
#3926 = DIRECTION('',(-0.809016994375,-0.587785252292,0.));
#3927 = DIRECTION('',(0.,0.,1.));
#3928 = DEFINITIONAL_REPRESENTATION('',(#3929),#3933);
#3929 = ( BOUNDED_CURVE() B_SPLINE_CURVE(2,(#3930,#3931,#3932),
.UNSPECIFIED.,.F.,.F.) B_SPLINE_CURVE_WITH_KNOTS((3,3),(4.205776475288,
4.280030381496),.PIECEWISE_BEZIER_KNOTS.) CURVE() 
GEOMETRIC_REPRESENTATION_ITEM() RATIONAL_B_SPLINE_CURVE((1.,
1.000689284494,1.)) REPRESENTATION_ITEM('') );
#3930 = CARTESIAN_POINT('',(22.,-40.58662276238));
#3931 = CARTESIAN_POINT('',(10.445502690218,-44.32104249168));
#3932 = CARTESIAN_POINT('',(-2.,-48.34318885768));
#3933 = ( GEOMETRIC_REPRESENTATION_CONTEXT(2) 
PARAMETRIC_REPRESENTATION_CONTEXT() REPRESENTATION_CONTEXT('2D SPACE',''
  ) );
#3934 = ORIENTED_EDGE('',*,*,#3935,.F.);
#3935 = EDGE_CURVE('',#3839,#3904,#3936,.T.);
#3936 = SURFACE_CURVE('',#3937,(#3942,#3949),.PCURVE_S1.);
#3937 = CIRCLE('',#3938,107.73860181519);
#3938 = AXIS2_PLACEMENT_3D('',#3939,#3940,#3941);
#3939 = CARTESIAN_POINT('',(0.,0.,-2.));
#3940 = DIRECTION('',(0.,0.,-1.));
#3941 = DIRECTION('',(1.,0.,0.));
#3942 = PCURVE('',#43,#3943);
#3943 = DEFINITIONAL_REPRESENTATION('',(#3944),#3948);
#3944 = LINE('',#3945,#3946);
#3945 = CARTESIAN_POINT('',(-6.28318530718,42.));
#3946 = VECTOR('',#3947,1.);
#3947 = DIRECTION('',(1.,-0.));
#3948 = ( GEOMETRIC_REPRESENTATION_CONTEXT(2) 
PARAMETRIC_REPRESENTATION_CONTEXT() REPRESENTATION_CONTEXT('2D SPACE',''
  ) );
#3949 = PCURVE('',#3950,#3955);
#3950 = PLANE('',#3951);
#3951 = AXIS2_PLACEMENT_3D('',#3952,#3953,#3954);
#3952 = CARTESIAN_POINT('',(37.694166120673,-46.77766390561,-2.));
#3953 = DIRECTION('',(0.,0.,1.));
#3954 = DIRECTION('',(-0.809016994375,-0.587785252292,0.));
#3955 = DEFINITIONAL_REPRESENTATION('',(#3956),#3964);
#3956 = ( BOUNDED_CURVE() B_SPLINE_CURVE(2,(#3957,#3958,#3959,#3960,
#3961,#3962,#3963),.UNSPECIFIED.,.T.,.F.) B_SPLINE_CURVE_WITH_KNOTS((1,2
    ,2,2,2,1),(-2.094395102393,0.,2.094395102393,4.188790204786,
6.28318530718,8.377580409573),.UNSPECIFIED.) CURVE() 
GEOMETRIC_REPRESENTATION_ITEM() RATIONAL_B_SPLINE_CURVE((1.,0.5,1.,0.5,
1.,0.5,1.)) REPRESENTATION_ITEM('') );
#3957 = CARTESIAN_POINT('',(-84.16235981868,3.32716124958));
#3958 = CARTESIAN_POINT('',(25.523500964695,154.29679696314));
#3959 = CARTESIAN_POINT('',(101.42411030103,-16.178762768));
#3960 = CARTESIAN_POINT('',(177.32471963737,-186.6543224991));
#3961 = CARTESIAN_POINT('',(-8.261750482347,-167.1483984815));
#3962 = CARTESIAN_POINT('',(-193.848220602,-147.6424744639));
#3963 = CARTESIAN_POINT('',(-84.16235981868,3.32716124958));
#3964 = ( GEOMETRIC_REPRESENTATION_CONTEXT(2) 
PARAMETRIC_REPRESENTATION_CONTEXT() REPRESENTATION_CONTEXT('2D SPACE',''
  ) );
#3965 = FACE_BOUND('',#3966,.T.);
#3966 = EDGE_LOOP('',(#3967,#4001,#4034,#4066));
#3967 = ORIENTED_EDGE('',*,*,#3968,.F.);
#3968 = EDGE_CURVE('',#3969,#3971,#3973,.T.);
#3969 = VERTEX_POINT('',#3970);
#3970 = CARTESIAN_POINT('',(77.238188286729,-65.50867891879,18.));
#3971 = VERTEX_POINT('',#3972);
#3972 = CARTESIAN_POINT('',(82.041730748946,-69.83380797872,-2.));
#3973 = SURFACE_CURVE('',#3974,(#3979,#3989),.PCURVE_S1.);
#3974 = HYPERBOLA('',#3975,9.286290287604,3.);
#3975 = AXIS2_PLACEMENT_3D('',#3976,#3977,#3978);
#3976 = CARTESIAN_POINT('',(2.007391819077,2.229434476432,
    331.49731054548));
#3977 = DIRECTION('',(-0.669130606359,-0.743144825477,0.));
#3978 = DIRECTION('',(0.,-0.,-1.));
#3979 = PCURVE('',#43,#3980);
#3980 = DEFINITIONAL_REPRESENTATION('',(#3981),#3988);
#3981 = B_SPLINE_CURVE_WITH_KNOTS('',5,(#3982,#3983,#3984,#3985,#3986,
    #3987),.UNSPECIFIED.,.F.,.F.,(6,6),(4.205776475288,4.280030381496),
  .PIECEWISE_BEZIER_KNOTS.);
#3982 = CARTESIAN_POINT('',(-5.579963222136,20.));
#3983 = CARTESIAN_POINT('',(-5.579520493865,24.623922307742));
#3984 = CARTESIAN_POINT('',(-5.579085980518,29.333718855705));
#3985 = CARTESIAN_POINT('',(-5.578659479035,34.131514209224));
#3986 = CARTESIAN_POINT('',(-5.578240793863,39.019511798956));
#3987 = CARTESIAN_POINT('',(-5.577829736423,44.));
#3988 = ( GEOMETRIC_REPRESENTATION_CONTEXT(2) 
PARAMETRIC_REPRESENTATION_CONTEXT() REPRESENTATION_CONTEXT('2D SPACE',''
  ) );
#3989 = PCURVE('',#3990,#3995);
#3990 = PLANE('',#3991);
#3991 = AXIS2_PLACEMENT_3D('',#3992,#3993,#3994);
#3992 = CARTESIAN_POINT('',(46.59608134772,-37.91840190509,-2.));
#3993 = DIRECTION('',(-0.669130606359,-0.743144825477,0.));
#3994 = DIRECTION('',(0.,0.,1.));
#3995 = DEFINITIONAL_REPRESENTATION('',(#3996),#4000);
#3996 = ( BOUNDED_CURVE() B_SPLINE_CURVE(2,(#3997,#3998,#3999),
.UNSPECIFIED.,.F.,.F.) B_SPLINE_CURVE_WITH_KNOTS((3,3),(4.205776475288,
4.280030381496),.PIECEWISE_BEZIER_KNOTS.) CURVE() 
GEOMETRIC_REPRESENTATION_ITEM() RATIONAL_B_SPLINE_CURVE((1.,
1.000689284494,1.)) REPRESENTATION_ITEM('') );
#3997 = CARTESIAN_POINT('',(22.,-40.58662276238));
#3998 = CARTESIAN_POINT('',(10.445502690218,-44.32104249168));
#3999 = CARTESIAN_POINT('',(-2.,-48.34318885768));
#4000 = ( GEOMETRIC_REPRESENTATION_CONTEXT(2) 
PARAMETRIC_REPRESENTATION_CONTEXT() REPRESENTATION_CONTEXT('2D SPACE',''
  ) );
#4001 = ORIENTED_EDGE('',*,*,#4002,.T.);
#4002 = EDGE_CURVE('',#3969,#4003,#4005,.T.);
#4003 = VERTEX_POINT('',#4004);
#4004 = CARTESIAN_POINT('',(73.223404648576,-69.96754787165,18.));
#4005 = SURFACE_CURVE('',#4006,(#4011,#4018),.PCURVE_S1.);
#4006 = CIRCLE('',#4007,101.2774641443);
#4007 = AXIS2_PLACEMENT_3D('',#4008,#4009,#4010);
#4008 = CARTESIAN_POINT('',(0.,0.,18.));
#4009 = DIRECTION('',(0.,0.,-1.));
#4010 = DIRECTION('',(1.,0.,0.));
#4011 = PCURVE('',#43,#4012);
#4012 = DEFINITIONAL_REPRESENTATION('',(#4013),#4017);
#4013 = LINE('',#4014,#4015);
#4014 = CARTESIAN_POINT('',(-6.28318530718,22.));
#4015 = VECTOR('',#4016,1.);
#4016 = DIRECTION('',(1.,-0.));
#4017 = ( GEOMETRIC_REPRESENTATION_CONTEXT(2) 
PARAMETRIC_REPRESENTATION_CONTEXT() REPRESENTATION_CONTEXT('2D SPACE',''
  ) );
#4018 = PCURVE('',#4019,#4024);
#4019 = PLANE('',#4020);
#4020 = AXIS2_PLACEMENT_3D('',#4021,#4022,#4023);
#4021 = CARTESIAN_POINT('',(46.59608134772,-37.91840190509,18.));
#4022 = DIRECTION('',(0.,0.,1.));
#4023 = DIRECTION('',(-0.669130606359,-0.743144825477,0.));
#4024 = DEFINITIONAL_REPRESENTATION('',(#4025),#4033);
#4025 = ( BOUNDED_CURVE() B_SPLINE_CURVE(2,(#4026,#4027,#4028,#4029,
#4030,#4031,#4032),.UNSPECIFIED.,.T.,.F.) B_SPLINE_CURVE_WITH_KNOTS((1,2
    ,2,2,2,1),(-2.094395102393,0.,2.094395102393,4.188790204786,
6.28318530718,8.377580409573),.UNSPECIFIED.) CURVE() 
GEOMETRIC_REPRESENTATION_ITEM() RATIONAL_B_SPLINE_CURVE((1.,0.5,1.,0.5,
1.,0.5,1.)) REPRESENTATION_ITEM('') );
#4026 = CARTESIAN_POINT('',(-64.76785099336,15.263823416314));
#4027 = CARTESIAN_POINT('',(65.59291513558,132.64118445658));
#4028 = CARTESIAN_POINT('',(102.06430856115,-38.94323118802));
#4029 = CARTESIAN_POINT('',(138.53570198673,-210.5276468326));
#4030 = CARTESIAN_POINT('',(-28.29645756779,-156.3205922282));
#4031 = CARTESIAN_POINT('',(-195.1286171223,-102.1135376239));
#4032 = CARTESIAN_POINT('',(-64.76785099336,15.263823416314));
#4033 = ( GEOMETRIC_REPRESENTATION_CONTEXT(2) 
PARAMETRIC_REPRESENTATION_CONTEXT() REPRESENTATION_CONTEXT('2D SPACE',''
  ) );
#4034 = ORIENTED_EDGE('',*,*,#4035,.T.);
#4035 = EDGE_CURVE('',#4003,#4036,#4038,.T.);
#4036 = VERTEX_POINT('',#4037);
#4037 = CARTESIAN_POINT('',(78.026947110793,-74.29267693159,-2.));
#4038 = SURFACE_CURVE('',#4039,(#4044,#4054),.PCURVE_S1.);
#4039 = HYPERBOLA('',#4040,9.286290287604,3.);
#4040 = AXIS2_PLACEMENT_3D('',#4041,#4042,#4043);
#4041 = CARTESIAN_POINT('',(-2.007391819077,-2.229434476432,
    331.49731054548));
#4042 = DIRECTION('',(-0.669130606359,-0.743144825477,0.));
#4043 = DIRECTION('',(0.,-0.,-1.));
#4044 = PCURVE('',#43,#4045);
#4045 = DEFINITIONAL_REPRESENTATION('',(#4046),#4053);
#4046 = B_SPLINE_CURVE_WITH_KNOTS('',5,(#4047,#4048,#4049,#4050,#4051,
    #4052),.UNSPECIFIED.,.F.,.F.,(6,6),(4.205776475288,4.280030381496),
  .PIECEWISE_BEZIER_KNOTS.);
#4047 = CARTESIAN_POINT('',(-5.520330820548,20.));
#4048 = CARTESIAN_POINT('',(-5.520773548819,24.623922307742));
#4049 = CARTESIAN_POINT('',(-5.521208062166,29.333718855705));
#4050 = CARTESIAN_POINT('',(-5.521634563649,34.131514209223));
#4051 = CARTESIAN_POINT('',(-5.522053248821,39.019511798956));
#4052 = CARTESIAN_POINT('',(-5.522464306261,44.));
#4053 = ( GEOMETRIC_REPRESENTATION_CONTEXT(2) 
PARAMETRIC_REPRESENTATION_CONTEXT() REPRESENTATION_CONTEXT('2D SPACE',''
  ) );
#4054 = PCURVE('',#4055,#4060);
#4055 = PLANE('',#4056);
#4056 = AXIS2_PLACEMENT_3D('',#4057,#4058,#4059);
#4057 = CARTESIAN_POINT('',(42.581297709567,-42.37727085796,-2.));
#4058 = DIRECTION('',(-0.669130606359,-0.743144825477,0.));
#4059 = DIRECTION('',(0.,0.,1.));
#4060 = DEFINITIONAL_REPRESENTATION('',(#4061),#4065);
#4061 = ( BOUNDED_CURVE() B_SPLINE_CURVE(2,(#4062,#4063,#4064),
.UNSPECIFIED.,.F.,.F.) B_SPLINE_CURVE_WITH_KNOTS((3,3),(4.205776475288,
4.280030381496),.PIECEWISE_BEZIER_KNOTS.) CURVE() 
GEOMETRIC_REPRESENTATION_ITEM() RATIONAL_B_SPLINE_CURVE((1.,
1.000689284494,1.)) REPRESENTATION_ITEM('') );
#4062 = CARTESIAN_POINT('',(22.,-40.58662276238));
#4063 = CARTESIAN_POINT('',(10.445502690219,-44.32104249168));
#4064 = CARTESIAN_POINT('',(-2.,-48.34318885768));
#4065 = ( GEOMETRIC_REPRESENTATION_CONTEXT(2) 
PARAMETRIC_REPRESENTATION_CONTEXT() REPRESENTATION_CONTEXT('2D SPACE',''
  ) );
#4066 = ORIENTED_EDGE('',*,*,#4067,.F.);
#4067 = EDGE_CURVE('',#3971,#4036,#4068,.T.);
#4068 = SURFACE_CURVE('',#4069,(#4074,#4081),.PCURVE_S1.);
#4069 = CIRCLE('',#4070,107.73860181519);
#4070 = AXIS2_PLACEMENT_3D('',#4071,#4072,#4073);
#4071 = CARTESIAN_POINT('',(0.,0.,-2.));
#4072 = DIRECTION('',(0.,0.,-1.));
#4073 = DIRECTION('',(1.,0.,0.));
#4074 = PCURVE('',#43,#4075);
#4075 = DEFINITIONAL_REPRESENTATION('',(#4076),#4080);
#4076 = LINE('',#4077,#4078);
#4077 = CARTESIAN_POINT('',(-6.28318530718,42.));
#4078 = VECTOR('',#4079,1.);
#4079 = DIRECTION('',(1.,-0.));
#4080 = ( GEOMETRIC_REPRESENTATION_CONTEXT(2) 
PARAMETRIC_REPRESENTATION_CONTEXT() REPRESENTATION_CONTEXT('2D SPACE',''
  ) );
#4081 = PCURVE('',#4082,#4087);
#4082 = PLANE('',#4083);
#4083 = AXIS2_PLACEMENT_3D('',#4084,#4085,#4086);
#4084 = CARTESIAN_POINT('',(46.59608134772,-37.91840190509,-2.));
#4085 = DIRECTION('',(0.,0.,1.));
#4086 = DIRECTION('',(-0.669130606359,-0.743144825477,0.));
#4087 = DEFINITIONAL_REPRESENTATION('',(#4088),#4096);
#4088 = ( BOUNDED_CURVE() B_SPLINE_CURVE(2,(#4089,#4090,#4091,#4092,
#4093,#4094,#4095),.UNSPECIFIED.,.T.,.F.) B_SPLINE_CURVE_WITH_KNOTS((1,2
    ,2,2,2,1),(-2.094395102393,0.,2.094395102393,4.188790204786,
6.28318530718,8.377580409573),.UNSPECIFIED.) CURVE() 
GEOMETRIC_REPRESENTATION_ITEM() RATIONAL_B_SPLINE_CURVE((1.,0.5,1.,0.5,
1.,0.5,1.)) REPRESENTATION_ITEM('') );
#4089 = CARTESIAN_POINT('',(-69.09119596085,20.065384443128));
#4090 = CARTESIAN_POINT('',(69.586117822179,144.93099862573));
#4091 = CARTESIAN_POINT('',(108.38425487194,-37.59988513026));
#4092 = CARTESIAN_POINT('',(147.1823919217,-220.1307688862));
#4093 = CARTESIAN_POINT('',(-30.29305891108,-162.4654993128));
#4094 = CARTESIAN_POINT('',(-207.7685097438,-104.8002297394));
#4095 = CARTESIAN_POINT('',(-69.09119596085,20.065384443128));
#4096 = ( GEOMETRIC_REPRESENTATION_CONTEXT(2) 
PARAMETRIC_REPRESENTATION_CONTEXT() REPRESENTATION_CONTEXT('2D SPACE',''
  ) );
#4097 = FACE_BOUND('',#4098,.T.);
#4098 = EDGE_LOOP('',(#4099,#4133,#4166,#4198));
#4099 = ORIENTED_EDGE('',*,*,#4100,.F.);
#4100 = EDGE_CURVE('',#4101,#4103,#4105,.T.);
#4101 = VERTEX_POINT('',#4102);
#4102 = CARTESIAN_POINT('',(89.170368754934,-48.01843478926,18.));
#4103 = VERTEX_POINT('',#4104);
#4104 = CARTESIAN_POINT('',(94.76818718523,-51.25033676686,-2.));
#4105 = SURFACE_CURVE('',#4106,(#4111,#4121),.PCURVE_S1.);
#4106 = HYPERBOLA('',#4107,9.286290287604,3.);
#4107 = AXIS2_PLACEMENT_3D('',#4108,#4109,#4110);
#4108 = CARTESIAN_POINT('',(1.5,2.598076211353,331.49731054548));
#4109 = DIRECTION('',(-0.5,-0.866025403784,0.));
#4110 = DIRECTION('',(0.,-0.,-1.));
#4111 = PCURVE('',#43,#4112);
#4112 = DEFINITIONAL_REPRESENTATION('',(#4113),#4120);
#4113 = B_SPLINE_CURVE_WITH_KNOTS('',5,(#4114,#4115,#4116,#4117,#4118,
    #4119),.UNSPECIFIED.,.F.,.F.,(6,6),(4.205776475288,4.280030381496),
  .PIECEWISE_BEZIER_KNOTS.);
#4114 = CARTESIAN_POINT('',(-5.789402732375,20.));
#4115 = CARTESIAN_POINT('',(-5.788960004105,24.623922307742));
#4116 = CARTESIAN_POINT('',(-5.788525490757,29.333718855705));
#4117 = CARTESIAN_POINT('',(-5.788098989274,34.131514209223));
#4118 = CARTESIAN_POINT('',(-5.787680304102,39.019511798956));
#4119 = CARTESIAN_POINT('',(-5.787269246662,44.));
#4120 = ( GEOMETRIC_REPRESENTATION_CONTEXT(2) 
PARAMETRIC_REPRESENTATION_CONTEXT() REPRESENTATION_CONTEXT('2D SPACE',''
  ) );
#4121 = PCURVE('',#4122,#4127);
#4122 = PLANE('',#4123);
#4123 = AXIS2_PLACEMENT_3D('',#4124,#4125,#4126);
#4124 = CARTESIAN_POINT('',(53.461524227066,-27.40192378864,-2.));
#4125 = DIRECTION('',(-0.5,-0.866025403784,0.));
#4126 = DIRECTION('',(0.,0.,1.));
#4127 = DEFINITIONAL_REPRESENTATION('',(#4128),#4132);
#4128 = ( BOUNDED_CURVE() B_SPLINE_CURVE(2,(#4129,#4130,#4131),
.UNSPECIFIED.,.F.,.F.) B_SPLINE_CURVE_WITH_KNOTS((3,3),(4.205776475288,
4.280030381496),.PIECEWISE_BEZIER_KNOTS.) CURVE() 
GEOMETRIC_REPRESENTATION_ITEM() RATIONAL_B_SPLINE_CURVE((1.,
1.000689284494,1.)) REPRESENTATION_ITEM('') );
#4129 = CARTESIAN_POINT('',(22.,-40.58662276238));
#4130 = CARTESIAN_POINT('',(10.445502690218,-44.32104249168));
#4131 = CARTESIAN_POINT('',(-2.,-48.34318885768));
#4132 = ( GEOMETRIC_REPRESENTATION_CONTEXT(2) 
PARAMETRIC_REPRESENTATION_CONTEXT() REPRESENTATION_CONTEXT('2D SPACE',''
  ) );
#4133 = ORIENTED_EDGE('',*,*,#4134,.T.);
#4134 = EDGE_CURVE('',#4101,#4135,#4137,.T.);
#4135 = VERTEX_POINT('',#4136);
#4136 = CARTESIAN_POINT('',(86.170368754934,-53.21458721196,18.));
#4137 = SURFACE_CURVE('',#4138,(#4143,#4150),.PCURVE_S1.);
#4138 = CIRCLE('',#4139,101.2774641443);
#4139 = AXIS2_PLACEMENT_3D('',#4140,#4141,#4142);
#4140 = CARTESIAN_POINT('',(0.,0.,18.));
#4141 = DIRECTION('',(0.,0.,-1.));
#4142 = DIRECTION('',(1.,0.,0.));
#4143 = PCURVE('',#43,#4144);
#4144 = DEFINITIONAL_REPRESENTATION('',(#4145),#4149);
#4145 = LINE('',#4146,#4147);
#4146 = CARTESIAN_POINT('',(-6.28318530718,22.));
#4147 = VECTOR('',#4148,1.);
#4148 = DIRECTION('',(1.,-0.));
#4149 = ( GEOMETRIC_REPRESENTATION_CONTEXT(2) 
PARAMETRIC_REPRESENTATION_CONTEXT() REPRESENTATION_CONTEXT('2D SPACE',''
  ) );
#4150 = PCURVE('',#4151,#4156);
#4151 = PLANE('',#4152);
#4152 = AXIS2_PLACEMENT_3D('',#4153,#4154,#4155);
#4153 = CARTESIAN_POINT('',(53.461524227066,-27.40192378864,18.));
#4154 = DIRECTION('',(0.,0.,1.));
#4155 = DIRECTION('',(-0.5,-0.866025403784,0.));
#4156 = DEFINITIONAL_REPRESENTATION('',(#4157),#4165);
#4157 = ( BOUNDED_CURVE() B_SPLINE_CURVE(2,(#4158,#4159,#4160,#4161,
#4162,#4163,#4164),.UNSPECIFIED.,.T.,.F.) B_SPLINE_CURVE_WITH_KNOTS((1,2
    ,2,2,2,1),(-2.094395102393,0.,2.094395102393,4.188790204786,
6.28318530718,8.377580409573),.UNSPECIFIED.) CURVE() 
GEOMETRIC_REPRESENTATION_ITEM() RATIONAL_B_SPLINE_CURVE((1.,0.5,1.,0.5,
1.,0.5,1.)) REPRESENTATION_ITEM('') );
#4158 = CARTESIAN_POINT('',(-47.63873207215,27.708856779837));
#4159 = CARTESIAN_POINT('',(104.2774641443,115.41771355967));
#4160 = CARTESIAN_POINT('',(104.2774641443,-60.));
#4161 = CARTESIAN_POINT('',(104.2774641443,-235.4177135596));
#4162 = CARTESIAN_POINT('',(-47.63873207215,-147.7088567798));
#4163 = CARTESIAN_POINT('',(-199.5549282886,-60.));
#4164 = CARTESIAN_POINT('',(-47.63873207215,27.708856779837));
#4165 = ( GEOMETRIC_REPRESENTATION_CONTEXT(2) 
PARAMETRIC_REPRESENTATION_CONTEXT() REPRESENTATION_CONTEXT('2D SPACE',''
  ) );
#4166 = ORIENTED_EDGE('',*,*,#4167,.T.);
#4167 = EDGE_CURVE('',#4135,#4168,#4170,.T.);
#4168 = VERTEX_POINT('',#4169);
#4169 = CARTESIAN_POINT('',(91.76818718523,-56.44648918957,-2.));
#4170 = SURFACE_CURVE('',#4171,(#4176,#4186),.PCURVE_S1.);
#4171 = HYPERBOLA('',#4172,9.286290287604,3.);
#4172 = AXIS2_PLACEMENT_3D('',#4173,#4174,#4175);
#4173 = CARTESIAN_POINT('',(-1.5,-2.598076211353,331.49731054548));
#4174 = DIRECTION('',(-0.5,-0.866025403784,0.));
#4175 = DIRECTION('',(0.,-0.,-1.));
#4176 = PCURVE('',#43,#4177);
#4177 = DEFINITIONAL_REPRESENTATION('',(#4178),#4185);
#4178 = B_SPLINE_CURVE_WITH_KNOTS('',5,(#4179,#4180,#4181,#4182,#4183,
    #4184),.UNSPECIFIED.,.F.,.F.,(6,6),(4.205776475288,4.280030381496),
  .PIECEWISE_BEZIER_KNOTS.);
#4179 = CARTESIAN_POINT('',(-5.729770330787,20.));
#4180 = CARTESIAN_POINT('',(-5.730213059058,24.623922307742));
#4181 = CARTESIAN_POINT('',(-5.730647572406,29.333718855705));
#4182 = CARTESIAN_POINT('',(-5.731074073889,34.131514209223));
#4183 = CARTESIAN_POINT('',(-5.73149275906,39.019511798956));
#4184 = CARTESIAN_POINT('',(-5.7319038165,44.));
#4185 = ( GEOMETRIC_REPRESENTATION_CONTEXT(2) 
PARAMETRIC_REPRESENTATION_CONTEXT() REPRESENTATION_CONTEXT('2D SPACE',''
  ) );
#4186 = PCURVE('',#4187,#4192);
#4187 = PLANE('',#4188);
#4188 = AXIS2_PLACEMENT_3D('',#4189,#4190,#4191);
#4189 = CARTESIAN_POINT('',(50.461524227066,-32.59807621135,-2.));
#4190 = DIRECTION('',(-0.5,-0.866025403784,0.));
#4191 = DIRECTION('',(0.,0.,1.));
#4192 = DEFINITIONAL_REPRESENTATION('',(#4193),#4197);
#4193 = ( BOUNDED_CURVE() B_SPLINE_CURVE(2,(#4194,#4195,#4196),
.UNSPECIFIED.,.F.,.F.) B_SPLINE_CURVE_WITH_KNOTS((3,3),(4.205776475288,
4.280030381496),.PIECEWISE_BEZIER_KNOTS.) CURVE() 
GEOMETRIC_REPRESENTATION_ITEM() RATIONAL_B_SPLINE_CURVE((1.,
1.000689284494,1.)) REPRESENTATION_ITEM('') );
#4194 = CARTESIAN_POINT('',(22.,-40.58662276238));
#4195 = CARTESIAN_POINT('',(10.445502690218,-44.32104249168));
#4196 = CARTESIAN_POINT('',(-2.,-48.34318885768));
#4197 = ( GEOMETRIC_REPRESENTATION_CONTEXT(2) 
PARAMETRIC_REPRESENTATION_CONTEXT() REPRESENTATION_CONTEXT('2D SPACE',''
  ) );
#4198 = ORIENTED_EDGE('',*,*,#4199,.F.);
#4199 = EDGE_CURVE('',#4103,#4168,#4200,.T.);
#4200 = SURFACE_CURVE('',#4201,(#4206,#4213),.PCURVE_S1.);
#4201 = CIRCLE('',#4202,107.73860181519);
#4202 = AXIS2_PLACEMENT_3D('',#4203,#4204,#4205);
#4203 = CARTESIAN_POINT('',(0.,0.,-2.));
#4204 = DIRECTION('',(0.,0.,-1.));
#4205 = DIRECTION('',(1.,0.,0.));
#4206 = PCURVE('',#43,#4207);
#4207 = DEFINITIONAL_REPRESENTATION('',(#4208),#4212);
#4208 = LINE('',#4209,#4210);
#4209 = CARTESIAN_POINT('',(-6.28318530718,42.));
#4210 = VECTOR('',#4211,1.);
#4211 = DIRECTION('',(1.,-0.));
#4212 = ( GEOMETRIC_REPRESENTATION_CONTEXT(2) 
PARAMETRIC_REPRESENTATION_CONTEXT() REPRESENTATION_CONTEXT('2D SPACE',''
  ) );
#4213 = PCURVE('',#4214,#4219);
#4214 = PLANE('',#4215);
#4215 = AXIS2_PLACEMENT_3D('',#4216,#4217,#4218);
#4216 = CARTESIAN_POINT('',(53.461524227066,-27.40192378864,-2.));
#4217 = DIRECTION('',(0.,0.,1.));
#4218 = DIRECTION('',(-0.5,-0.866025403784,0.));
#4219 = DEFINITIONAL_REPRESENTATION('',(#4220),#4228);
#4220 = ( BOUNDED_CURVE() B_SPLINE_CURVE(2,(#4221,#4222,#4223,#4224,
#4225,#4226,#4227),.UNSPECIFIED.,.T.,.F.) B_SPLINE_CURVE_WITH_KNOTS((1,2
    ,2,2,2,1),(-2.094395102393,0.,2.094395102393,4.188790204786,
6.28318530718,8.377580409573),.UNSPECIFIED.) CURVE() 
GEOMETRIC_REPRESENTATION_ITEM() RATIONAL_B_SPLINE_CURVE((1.,0.5,1.,0.5,
1.,0.5,1.)) REPRESENTATION_ITEM('') );
#4221 = CARTESIAN_POINT('',(-50.86930090759,33.304366140171));
#4222 = CARTESIAN_POINT('',(110.73860181519,126.60873228034));
#4223 = CARTESIAN_POINT('',(110.73860181519,-60.));
#4224 = CARTESIAN_POINT('',(110.73860181519,-246.6087322803));
#4225 = CARTESIAN_POINT('',(-50.86930090759,-153.3043661401));
#4226 = CARTESIAN_POINT('',(-212.4772036303,-60.));
#4227 = CARTESIAN_POINT('',(-50.86930090759,33.304366140171));
#4228 = ( GEOMETRIC_REPRESENTATION_CONTEXT(2) 
PARAMETRIC_REPRESENTATION_CONTEXT() REPRESENTATION_CONTEXT('2D SPACE',''
  ) );
#4229 = FACE_BOUND('',#4230,.T.);
#4230 = EDGE_LOOP('',(#4231,#4265,#4298,#4330));
#4231 = ORIENTED_EDGE('',*,*,#4232,.F.);
#4232 = EDGE_CURVE('',#4233,#4235,#4237,.T.);
#4233 = VERTEX_POINT('',#4234);
#4234 = CARTESIAN_POINT('',(97.205376221645,-28.42955464142,18.));
#4235 = VERTEX_POINT('',#4236);
#4236 = CARTESIAN_POINT('',(103.3528190933,-30.42697991189,-2.));
#4237 = SURFACE_CURVE('',#4238,(#4243,#4253),.PCURVE_S1.);
#4238 = HYPERBOLA('',#4239,9.286290287604,3.);
#4239 = AXIS2_PLACEMENT_3D('',#4240,#4241,#4242);
#4240 = CARTESIAN_POINT('',(0.927050983125,2.853169548885,
    331.49731054548));
#4241 = DIRECTION('',(-0.309016994375,-0.951056516295,0.));
#4242 = DIRECTION('',(0.,-0.,-1.));
#4243 = PCURVE('',#43,#4244);
#4244 = DEFINITIONAL_REPRESENTATION('',(#4245),#4252);
#4245 = B_SPLINE_CURVE_WITH_KNOTS('',5,(#4246,#4247,#4248,#4249,#4250,
    #4251),.UNSPECIFIED.,.F.,.F.,(6,6),(4.205776475288,4.280030381496),
  .PIECEWISE_BEZIER_KNOTS.);
#4246 = CARTESIAN_POINT('',(-5.998842242615,20.));
#4247 = CARTESIAN_POINT('',(-5.998399514344,24.623922307742));
#4248 = CARTESIAN_POINT('',(-5.997965000996,29.333718855705));
#4249 = CARTESIAN_POINT('',(-5.997538499513,34.131514209223));
#4250 = CARTESIAN_POINT('',(-5.997119814342,39.019511798956));
#4251 = CARTESIAN_POINT('',(-5.996708756902,44.));
#4252 = ( GEOMETRIC_REPRESENTATION_CONTEXT(2) 
PARAMETRIC_REPRESENTATION_CONTEXT() REPRESENTATION_CONTEXT('2D SPACE',''
  ) );
#4253 = PCURVE('',#4254,#4259);
#4254 = PLANE('',#4255);
#4255 = AXIS2_PLACEMENT_3D('',#4256,#4257,#4258);
#4256 = CARTESIAN_POINT('',(57.990441960834,-15.68785011361,-2.));
#4257 = DIRECTION('',(-0.309016994375,-0.951056516295,0.));
#4258 = DIRECTION('',(0.,0.,1.));
#4259 = DEFINITIONAL_REPRESENTATION('',(#4260),#4264);
#4260 = ( BOUNDED_CURVE() B_SPLINE_CURVE(2,(#4261,#4262,#4263),
.UNSPECIFIED.,.F.,.F.) B_SPLINE_CURVE_WITH_KNOTS((3,3),(4.205776475288,
4.280030381496),.PIECEWISE_BEZIER_KNOTS.) CURVE() 
GEOMETRIC_REPRESENTATION_ITEM() RATIONAL_B_SPLINE_CURVE((1.,
1.000689284494,1.)) REPRESENTATION_ITEM('') );
#4261 = CARTESIAN_POINT('',(22.,-40.58662276238));
#4262 = CARTESIAN_POINT('',(10.445502690218,-44.32104249168));
#4263 = CARTESIAN_POINT('',(-2.,-48.34318885768));
#4264 = ( GEOMETRIC_REPRESENTATION_CONTEXT(2) 
PARAMETRIC_REPRESENTATION_CONTEXT() REPRESENTATION_CONTEXT('2D SPACE',''
  ) );
#4265 = ORIENTED_EDGE('',*,*,#4266,.T.);
#4266 = EDGE_CURVE('',#4233,#4267,#4269,.T.);
#4267 = VERTEX_POINT('',#4268);
#4268 = CARTESIAN_POINT('',(95.351274255395,-34.13589373919,18.));
#4269 = SURFACE_CURVE('',#4270,(#4275,#4282),.PCURVE_S1.);
#4270 = CIRCLE('',#4271,101.2774641443);
#4271 = AXIS2_PLACEMENT_3D('',#4272,#4273,#4274);
#4272 = CARTESIAN_POINT('',(0.,0.,18.));
#4273 = DIRECTION('',(0.,0.,-1.));
#4274 = DIRECTION('',(1.,0.,0.));
#4275 = PCURVE('',#43,#4276);
#4276 = DEFINITIONAL_REPRESENTATION('',(#4277),#4281);
#4277 = LINE('',#4278,#4279);
#4278 = CARTESIAN_POINT('',(-6.28318530718,22.));
#4279 = VECTOR('',#4280,1.);
#4280 = DIRECTION('',(1.,-0.));
#4281 = ( GEOMETRIC_REPRESENTATION_CONTEXT(2) 
PARAMETRIC_REPRESENTATION_CONTEXT() REPRESENTATION_CONTEXT('2D SPACE',''
  ) );
#4282 = PCURVE('',#4283,#4288);
#4283 = PLANE('',#4284);
#4284 = AXIS2_PLACEMENT_3D('',#4285,#4286,#4287);
#4285 = CARTESIAN_POINT('',(57.990441960834,-15.68785011361,18.));
#4286 = DIRECTION('',(0.,0.,1.));
#4287 = DIRECTION('',(-0.309016994375,-0.951056516295,0.));
#4288 = DEFINITIONAL_REPRESENTATION('',(#4289),#4297);
#4289 = ( BOUNDED_CURVE() B_SPLINE_CURVE(2,(#4290,#4291,#4292,#4293,
#4294,#4295,#4296),.UNSPECIFIED.,.T.,.F.) B_SPLINE_CURVE_WITH_KNOTS((1,2
    ,2,2,2,1),(-2.094395102393,0.,2.094395102393,4.188790204786,
6.28318530718,8.377580409573),.UNSPECIFIED.) CURVE() 
GEOMETRIC_REPRESENTATION_ITEM() RATIONAL_B_SPLINE_CURVE((1.,0.5,1.,0.5,
1.,0.5,1.)) REPRESENTATION_ITEM('') );
#4290 = CARTESIAN_POINT('',(-28.29645756779,36.320592228292));
#4291 = CARTESIAN_POINT('',(138.53570198673,90.527646832628));
#4292 = CARTESIAN_POINT('',(102.06430856115,-81.05676881197));
#4293 = CARTESIAN_POINT('',(65.592915135581,-252.6411844565));
#4294 = CARTESIAN_POINT('',(-64.76785099336,-135.2638234163));
#4295 = CARTESIAN_POINT('',(-195.1286171223,-17.88646237604));
#4296 = CARTESIAN_POINT('',(-28.29645756779,36.320592228292));
#4297 = ( GEOMETRIC_REPRESENTATION_CONTEXT(2) 
PARAMETRIC_REPRESENTATION_CONTEXT() REPRESENTATION_CONTEXT('2D SPACE',''
  ) );
#4298 = ORIENTED_EDGE('',*,*,#4299,.T.);
#4299 = EDGE_CURVE('',#4267,#4300,#4302,.T.);
#4300 = VERTEX_POINT('',#4301);
#4301 = CARTESIAN_POINT('',(101.49871712705,-36.13331900966,-2.));
#4302 = SURFACE_CURVE('',#4303,(#4308,#4318),.PCURVE_S1.);
#4303 = HYPERBOLA('',#4304,9.286290287604,3.);
#4304 = AXIS2_PLACEMENT_3D('',#4305,#4306,#4307);
#4305 = CARTESIAN_POINT('',(-0.927050983125,-2.853169548885,
    331.49731054548));
#4306 = DIRECTION('',(-0.309016994375,-0.951056516295,0.));
#4307 = DIRECTION('',(0.,-0.,-1.));
#4308 = PCURVE('',#43,#4309);
#4309 = DEFINITIONAL_REPRESENTATION('',(#4310),#4317);
#4310 = B_SPLINE_CURVE_WITH_KNOTS('',5,(#4311,#4312,#4313,#4314,#4315,
    #4316),.UNSPECIFIED.,.F.,.F.,(6,6),(4.205776475288,4.280030381496),
  .PIECEWISE_BEZIER_KNOTS.);
#4311 = CARTESIAN_POINT('',(-5.939209841027,20.));
#4312 = CARTESIAN_POINT('',(-5.939652569297,24.623922307742));
#4313 = CARTESIAN_POINT('',(-5.940087082645,29.333718855705));
#4314 = CARTESIAN_POINT('',(-5.940513584128,34.131514209223));
#4315 = CARTESIAN_POINT('',(-5.940932269299,39.019511798956));
#4316 = CARTESIAN_POINT('',(-5.941343326739,44.));
#4317 = ( GEOMETRIC_REPRESENTATION_CONTEXT(2) 
PARAMETRIC_REPRESENTATION_CONTEXT() REPRESENTATION_CONTEXT('2D SPACE',''
  ) );
#4318 = PCURVE('',#4319,#4324);
#4319 = PLANE('',#4320);
#4320 = AXIS2_PLACEMENT_3D('',#4321,#4322,#4323);
#4321 = CARTESIAN_POINT('',(56.136339994584,-21.39418921138,-2.));
#4322 = DIRECTION('',(-0.309016994375,-0.951056516295,0.));
#4323 = DIRECTION('',(0.,0.,1.));
#4324 = DEFINITIONAL_REPRESENTATION('',(#4325),#4329);
#4325 = ( BOUNDED_CURVE() B_SPLINE_CURVE(2,(#4326,#4327,#4328),
.UNSPECIFIED.,.F.,.F.) B_SPLINE_CURVE_WITH_KNOTS((3,3),(4.205776475288,
4.280030381496),.PIECEWISE_BEZIER_KNOTS.) CURVE() 
GEOMETRIC_REPRESENTATION_ITEM() RATIONAL_B_SPLINE_CURVE((1.,
1.000689284494,1.)) REPRESENTATION_ITEM('') );
#4326 = CARTESIAN_POINT('',(22.,-40.58662276238));
#4327 = CARTESIAN_POINT('',(10.445502690218,-44.32104249168));
#4328 = CARTESIAN_POINT('',(-2.,-48.34318885768));
#4329 = ( GEOMETRIC_REPRESENTATION_CONTEXT(2) 
PARAMETRIC_REPRESENTATION_CONTEXT() REPRESENTATION_CONTEXT('2D SPACE',''
  ) );
#4330 = ORIENTED_EDGE('',*,*,#4331,.F.);
#4331 = EDGE_CURVE('',#4235,#4300,#4332,.T.);
#4332 = SURFACE_CURVE('',#4333,(#4338,#4345),.PCURVE_S1.);
#4333 = CIRCLE('',#4334,107.73860181519);
#4334 = AXIS2_PLACEMENT_3D('',#4335,#4336,#4337);
#4335 = CARTESIAN_POINT('',(0.,0.,-2.));
#4336 = DIRECTION('',(0.,0.,-1.));
#4337 = DIRECTION('',(1.,0.,0.));
#4338 = PCURVE('',#43,#4339);
#4339 = DEFINITIONAL_REPRESENTATION('',(#4340),#4344);
#4340 = LINE('',#4341,#4342);
#4341 = CARTESIAN_POINT('',(-6.28318530718,42.));
#4342 = VECTOR('',#4343,1.);
#4343 = DIRECTION('',(1.,-0.));
#4344 = ( GEOMETRIC_REPRESENTATION_CONTEXT(2) 
PARAMETRIC_REPRESENTATION_CONTEXT() REPRESENTATION_CONTEXT('2D SPACE',''
  ) );
#4345 = PCURVE('',#4346,#4351);
#4346 = PLANE('',#4347);
#4347 = AXIS2_PLACEMENT_3D('',#4348,#4349,#4350);
#4348 = CARTESIAN_POINT('',(57.990441960834,-15.68785011361,-2.));
#4349 = DIRECTION('',(0.,0.,1.));
#4350 = DIRECTION('',(-0.309016994375,-0.951056516295,0.));
#4351 = DEFINITIONAL_REPRESENTATION('',(#4352),#4360);
#4352 = ( BOUNDED_CURVE() B_SPLINE_CURVE(2,(#4353,#4354,#4355,#4356,
#4357,#4358,#4359),.UNSPECIFIED.,.T.,.F.) B_SPLINE_CURVE_WITH_KNOTS((1,2
    ,2,2,2,1),(-2.094395102393,0.,2.094395102393,4.188790204786,
6.28318530718,8.377580409573),.UNSPECIFIED.) CURVE() 
GEOMETRIC_REPRESENTATION_ITEM() RATIONAL_B_SPLINE_CURVE((1.,0.5,1.,0.5,
1.,0.5,1.)) REPRESENTATION_ITEM('') );
#4353 = CARTESIAN_POINT('',(-30.29305891108,42.465499312866));
#4354 = CARTESIAN_POINT('',(147.1823919217,100.13076888625));
#4355 = CARTESIAN_POINT('',(108.38425487194,-82.40011486973));
#4356 = CARTESIAN_POINT('',(69.586117822179,-264.9309986257));
#4357 = CARTESIAN_POINT('',(-69.09119596085,-140.0653844431));
#4358 = CARTESIAN_POINT('',(-207.7685097438,-15.19977026052));
#4359 = CARTESIAN_POINT('',(-30.29305891108,42.465499312866));
#4360 = ( GEOMETRIC_REPRESENTATION_CONTEXT(2) 
PARAMETRIC_REPRESENTATION_CONTEXT() REPRESENTATION_CONTEXT('2D SPACE',''
  ) );
#4361 = FACE_BOUND('',#4362,.T.);
#4362 = EDGE_LOOP('',(#4363,#4397,#4430,#4462));
#4363 = ORIENTED_EDGE('',*,*,#4364,.F.);
#4364 = EDGE_CURVE('',#4365,#4367,#4369,.T.);
#4365 = VERTEX_POINT('',#4366);
#4366 = CARTESIAN_POINT('',(100.99204230432,-7.598166535624,18.));
#4367 = VERTEX_POINT('',#4368);
#4368 = CARTESIAN_POINT('',(107.42043686515,-8.273818029926,-2.));
#4369 = SURFACE_CURVE('',#4370,(#4375,#4385),.PCURVE_S1.);
#4370 = HYPERBOLA('',#4371,9.286290287604,3.);
#4371 = AXIS2_PLACEMENT_3D('',#4372,#4373,#4374);
#4372 = CARTESIAN_POINT('',(0.313585389803,2.983565686105,
    331.49731054548));
#4373 = DIRECTION('',(-0.104528463268,-0.994521895368,0.));
#4374 = DIRECTION('',(0.,-0.,-1.));
#4375 = PCURVE('',#43,#4376);
#4376 = DEFINITIONAL_REPRESENTATION('',(#4377),#4384);
#4377 = B_SPLINE_CURVE_WITH_KNOTS('',5,(#4378,#4379,#4380,#4381,#4382,
    #4383),.UNSPECIFIED.,.F.,.F.,(6,6),(4.205776475288,4.280030381496),
  .PIECEWISE_BEZIER_KNOTS.);
#4378 = CARTESIAN_POINT('',(-6.208281752854,20.));
#4379 = CARTESIAN_POINT('',(-6.207839024583,24.623922307742));
#4380 = CARTESIAN_POINT('',(-6.207404511236,29.333718855705));
#4381 = CARTESIAN_POINT('',(-6.206978009753,34.131514209223));
#4382 = CARTESIAN_POINT('',(-6.206559324581,39.019511798956));
#4383 = CARTESIAN_POINT('',(-6.206148267141,44.));
#4384 = ( GEOMETRIC_REPRESENTATION_CONTEXT(2) 
PARAMETRIC_REPRESENTATION_CONTEXT() REPRESENTATION_CONTEXT('2D SPACE',''
  ) );
#4385 = PCURVE('',#4386,#4391);
#4386 = PLANE('',#4387);
#4387 = AXIS2_PLACEMENT_3D('',#4388,#4389,#4390);
#4388 = CARTESIAN_POINT('',(59.984899111899,-3.288142109954,-2.));
#4389 = DIRECTION('',(-0.104528463268,-0.994521895368,0.));
#4390 = DIRECTION('',(0.,0.,1.));
#4391 = DEFINITIONAL_REPRESENTATION('',(#4392),#4396);
#4392 = ( BOUNDED_CURVE() B_SPLINE_CURVE(2,(#4393,#4394,#4395),
.UNSPECIFIED.,.F.,.F.) B_SPLINE_CURVE_WITH_KNOTS((3,3),(4.205776475288,
4.280030381496),.PIECEWISE_BEZIER_KNOTS.) CURVE() 
GEOMETRIC_REPRESENTATION_ITEM() RATIONAL_B_SPLINE_CURVE((1.,
1.000689284494,1.)) REPRESENTATION_ITEM('') );
#4393 = CARTESIAN_POINT('',(22.,-40.58662276238));
#4394 = CARTESIAN_POINT('',(10.445502690219,-44.32104249168));
#4395 = CARTESIAN_POINT('',(-2.,-48.34318885768));
#4396 = ( GEOMETRIC_REPRESENTATION_CONTEXT(2) 
PARAMETRIC_REPRESENTATION_CONTEXT() REPRESENTATION_CONTEXT('2D SPACE',''
  ) );
#4397 = ORIENTED_EDGE('',*,*,#4398,.T.);
#4398 = EDGE_CURVE('',#4365,#4399,#4401,.T.);
#4399 = VERTEX_POINT('',#4400);
#4400 = CARTESIAN_POINT('',(100.36487152471,-13.56529790783,18.));
#4401 = SURFACE_CURVE('',#4402,(#4407,#4414),.PCURVE_S1.);
#4402 = CIRCLE('',#4403,101.2774641443);
#4403 = AXIS2_PLACEMENT_3D('',#4404,#4405,#4406);
#4404 = CARTESIAN_POINT('',(0.,0.,18.));
#4405 = DIRECTION('',(0.,0.,-1.));
#4406 = DIRECTION('',(1.,0.,0.));
#4407 = PCURVE('',#43,#4408);
#4408 = DEFINITIONAL_REPRESENTATION('',(#4409),#4413);
#4409 = LINE('',#4410,#4411);
#4410 = CARTESIAN_POINT('',(-6.28318530718,22.));
#4411 = VECTOR('',#4412,1.);
#4412 = DIRECTION('',(1.,-0.));
#4413 = ( GEOMETRIC_REPRESENTATION_CONTEXT(2) 
PARAMETRIC_REPRESENTATION_CONTEXT() REPRESENTATION_CONTEXT('2D SPACE',''
  ) );
#4414 = PCURVE('',#4415,#4420);
#4415 = PLANE('',#4416);
#4416 = AXIS2_PLACEMENT_3D('',#4417,#4418,#4419);
#4417 = CARTESIAN_POINT('',(59.984899111899,-3.288142109954,18.));
#4418 = DIRECTION('',(0.,0.,1.));
#4419 = DIRECTION('',(-0.104528463268,-0.994521895368,0.));
#4420 = DEFINITIONAL_REPRESENTATION('',(#4421),#4429);
#4421 = ( BOUNDED_CURVE() B_SPLINE_CURVE(2,(#4422,#4423,#4424,#4425,
#4426,#4427,#4428),.UNSPECIFIED.,.T.,.F.) B_SPLINE_CURVE_WITH_KNOTS((1,2
    ,2,2,2,1),(-2.094395102393,0.,2.094395102393,4.188790204786,
6.28318530718,8.377580409573),.UNSPECIFIED.) CURVE() 
GEOMETRIC_REPRESENTATION_ITEM() RATIONAL_B_SPLINE_CURVE((1.,0.5,1.,0.5,
1.,0.5,1.)) REPRESENTATION_ITEM('') );
#4422 = CARTESIAN_POINT('',(-7.586377690649,40.722655598889));
#4423 = CARTESIAN_POINT('',(166.87037927988,59.058799627207));
#4424 = CARTESIAN_POINT('',(95.521567330593,-101.1932557852));
#4425 = CARTESIAN_POINT('',(24.172755381299,-261.4453111977));
#4426 = CARTESIAN_POINT('',(-78.93518963994,-119.5293998136));
#4427 = CARTESIAN_POINT('',(-182.0431346611,22.38651157057));
#4428 = CARTESIAN_POINT('',(-7.586377690649,40.722655598889));
#4429 = ( GEOMETRIC_REPRESENTATION_CONTEXT(2) 
PARAMETRIC_REPRESENTATION_CONTEXT() REPRESENTATION_CONTEXT('2D SPACE',''
  ) );
#4430 = ORIENTED_EDGE('',*,*,#4431,.T.);
#4431 = EDGE_CURVE('',#4399,#4432,#4434,.T.);
#4432 = VERTEX_POINT('',#4433);
#4433 = CARTESIAN_POINT('',(106.79326608554,-14.24094940213,-2.));
#4434 = SURFACE_CURVE('',#4435,(#4440,#4450),.PCURVE_S1.);
#4435 = HYPERBOLA('',#4436,9.286290287604,3.);
#4436 = AXIS2_PLACEMENT_3D('',#4437,#4438,#4439);
#4437 = CARTESIAN_POINT('',(-0.313585389803,-2.983565686105,
    331.49731054548));
#4438 = DIRECTION('',(-0.104528463268,-0.994521895368,0.));
#4439 = DIRECTION('',(0.,-0.,-1.));
#4440 = PCURVE('',#43,#4441);
#4441 = DEFINITIONAL_REPRESENTATION('',(#4442),#4449);
#4442 = B_SPLINE_CURVE_WITH_KNOTS('',5,(#4443,#4444,#4445,#4446,#4447,
    #4448),.UNSPECIFIED.,.F.,.F.,(6,6),(4.205776475288,4.280030381496),
  .PIECEWISE_BEZIER_KNOTS.);
#4443 = CARTESIAN_POINT('',(-6.148649351266,20.));
#4444 = CARTESIAN_POINT('',(-6.149092079537,24.623922307742));
#4445 = CARTESIAN_POINT('',(-6.149526592884,29.333718855705));
#4446 = CARTESIAN_POINT('',(-6.149953094367,34.131514209223));
#4447 = CARTESIAN_POINT('',(-6.150371779539,39.019511798956));
#4448 = CARTESIAN_POINT('',(-6.150782836979,44.));
#4449 = ( GEOMETRIC_REPRESENTATION_CONTEXT(2) 
PARAMETRIC_REPRESENTATION_CONTEXT() REPRESENTATION_CONTEXT('2D SPACE',''
  ) );
#4450 = PCURVE('',#4451,#4456);
#4451 = PLANE('',#4452);
#4452 = AXIS2_PLACEMENT_3D('',#4453,#4454,#4455);
#4453 = CARTESIAN_POINT('',(59.357728332293,-9.255273482164,-2.));
#4454 = DIRECTION('',(-0.104528463268,-0.994521895368,0.));
#4455 = DIRECTION('',(0.,0.,1.));
#4456 = DEFINITIONAL_REPRESENTATION('',(#4457),#4461);
#4457 = ( BOUNDED_CURVE() B_SPLINE_CURVE(2,(#4458,#4459,#4460),
.UNSPECIFIED.,.F.,.F.) B_SPLINE_CURVE_WITH_KNOTS((3,3),(4.205776475288,
4.280030381496),.PIECEWISE_BEZIER_KNOTS.) CURVE() 
GEOMETRIC_REPRESENTATION_ITEM() RATIONAL_B_SPLINE_CURVE((1.,
1.000689284494,1.)) REPRESENTATION_ITEM('') );
#4458 = CARTESIAN_POINT('',(22.,-40.58662276238));
#4459 = CARTESIAN_POINT('',(10.445502690218,-44.32104249168));
#4460 = CARTESIAN_POINT('',(-2.,-48.34318885768));
#4461 = ( GEOMETRIC_REPRESENTATION_CONTEXT(2) 
PARAMETRIC_REPRESENTATION_CONTEXT() REPRESENTATION_CONTEXT('2D SPACE',''
  ) );
#4462 = ORIENTED_EDGE('',*,*,#4463,.F.);
#4463 = EDGE_CURVE('',#4367,#4432,#4464,.T.);
#4464 = SURFACE_CURVE('',#4465,(#4470,#4477),.PCURVE_S1.);
#4465 = CIRCLE('',#4466,107.73860181519);
#4466 = AXIS2_PLACEMENT_3D('',#4467,#4468,#4469);
#4467 = CARTESIAN_POINT('',(0.,0.,-2.));
#4468 = DIRECTION('',(0.,0.,-1.));
#4469 = DIRECTION('',(1.,0.,0.));
#4470 = PCURVE('',#43,#4471);
#4471 = DEFINITIONAL_REPRESENTATION('',(#4472),#4476);
#4472 = LINE('',#4473,#4474);
#4473 = CARTESIAN_POINT('',(-6.28318530718,42.));
#4474 = VECTOR('',#4475,1.);
#4475 = DIRECTION('',(1.,-0.));
#4476 = ( GEOMETRIC_REPRESENTATION_CONTEXT(2) 
PARAMETRIC_REPRESENTATION_CONTEXT() REPRESENTATION_CONTEXT('2D SPACE',''
  ) );
#4477 = PCURVE('',#4478,#4483);
#4478 = PLANE('',#4479);
#4479 = AXIS2_PLACEMENT_3D('',#4480,#4481,#4482);
#4480 = CARTESIAN_POINT('',(59.984899111899,-3.288142109954,-2.));
#4481 = DIRECTION('',(0.,0.,1.));
#4482 = DIRECTION('',(-0.104528463268,-0.994521895368,0.));
#4483 = DEFINITIONAL_REPRESENTATION('',(#4484),#4492);
#4484 = ( BOUNDED_CURVE() B_SPLINE_CURVE(2,(#4485,#4486,#4487,#4488,
#4489,#4490,#4491),.UNSPECIFIED.,.T.,.F.) B_SPLINE_CURVE_WITH_KNOTS((1,2
    ,2,2,2,1),(-2.094395102393,0.,2.094395102393,4.188790204786,
6.28318530718,8.377580409573),.UNSPECIFIED.) CURVE() 
GEOMETRIC_REPRESENTATION_ITEM() RATIONAL_B_SPLINE_CURVE((1.,0.5,1.,0.5,
1.,0.5,1.)) REPRESENTATION_ITEM('') );
#4485 = CARTESIAN_POINT('',(-8.261750482347,47.148398481571));
#4486 = CARTESIAN_POINT('',(177.32471963737,66.65432249916));
#4487 = CARTESIAN_POINT('',(101.42411030103,-103.8212372319));
#4488 = CARTESIAN_POINT('',(25.523500964695,-274.2967969631));
#4489 = CARTESIAN_POINT('',(-84.16235981868,-123.3271612495));
#4490 = CARTESIAN_POINT('',(-193.848220602,27.642474463982));
#4491 = CARTESIAN_POINT('',(-8.261750482347,47.148398481571));
#4492 = ( GEOMETRIC_REPRESENTATION_CONTEXT(2) 
PARAMETRIC_REPRESENTATION_CONTEXT() REPRESENTATION_CONTEXT('2D SPACE',''
  ) );
#4493 = ADVANCED_FACE('',(#4494,#4543,#4647,#4751,#4855,#4959,#5063,
    #5167,#5271,#5375,#5479,#5583,#5687,#5791,#5895,#5999,#6103,#6207,
    #6311,#6415,#6519,#6623,#6727,#6831,#6935,#7039,#7143,#7247,#7351,
    #7455,#7559),#74,.T.);
#4494 = FACE_BOUND('',#4495,.T.);
#4495 = EDGE_LOOP('',(#4496,#4497,#4520,#4542));
#4496 = ORIENTED_EDGE('',*,*,#57,.T.);
#4497 = ORIENTED_EDGE('',*,*,#4498,.T.);
#4498 = EDGE_CURVE('',#58,#4499,#4501,.T.);
#4499 = VERTEX_POINT('',#4500);
#4500 = CARTESIAN_POINT('',(96.170212706335,0.,40.));
#4501 = SEAM_CURVE('',#4502,(#4506,#4513),.PCURVE_S1.);
#4502 = LINE('',#4503,#4504);
#4503 = CARTESIAN_POINT('',(112.,0.,-9.));
#4504 = VECTOR('',#4505,1.);
#4505 = DIRECTION('',(-0.307413216183,0.,0.951576121241));
#4506 = PCURVE('',#74,#4507);
#4507 = DEFINITIONAL_REPRESENTATION('',(#4508),#4512);
#4508 = LINE('',#4509,#4510);
#4509 = CARTESIAN_POINT('',(-0.,-0.));
#4510 = VECTOR('',#4511,1.);
#4511 = DIRECTION('',(-0.,-1.));
#4512 = ( GEOMETRIC_REPRESENTATION_CONTEXT(2) 
PARAMETRIC_REPRESENTATION_CONTEXT() REPRESENTATION_CONTEXT('2D SPACE',''
  ) );
#4513 = PCURVE('',#74,#4514);
#4514 = DEFINITIONAL_REPRESENTATION('',(#4515),#4519);
#4515 = LINE('',#4516,#4517);
#4516 = CARTESIAN_POINT('',(-6.28318530718,-0.));
#4517 = VECTOR('',#4518,1.);
#4518 = DIRECTION('',(-0.,-1.));
#4519 = ( GEOMETRIC_REPRESENTATION_CONTEXT(2) 
PARAMETRIC_REPRESENTATION_CONTEXT() REPRESENTATION_CONTEXT('2D SPACE',''
  ) );
#4520 = ORIENTED_EDGE('',*,*,#4521,.F.);
#4521 = EDGE_CURVE('',#4499,#4499,#4522,.T.);
#4522 = SURFACE_CURVE('',#4523,(#4528,#4535),.PCURVE_S1.);
#4523 = CIRCLE('',#4524,96.170212706335);
#4524 = AXIS2_PLACEMENT_3D('',#4525,#4526,#4527);
#4525 = CARTESIAN_POINT('',(0.,0.,40.));
#4526 = DIRECTION('',(0.,0.,1.));
#4527 = DIRECTION('',(1.,0.,-0.));
#4528 = PCURVE('',#74,#4529);
#4529 = DEFINITIONAL_REPRESENTATION('',(#4530),#4534);
#4530 = LINE('',#4531,#4532);
#4531 = CARTESIAN_POINT('',(-0.,-49.));
#4532 = VECTOR('',#4533,1.);
#4533 = DIRECTION('',(-1.,-0.));
#4534 = ( GEOMETRIC_REPRESENTATION_CONTEXT(2) 
PARAMETRIC_REPRESENTATION_CONTEXT() REPRESENTATION_CONTEXT('2D SPACE',''
  ) );
#4535 = PCURVE('',#127,#4536);
#4536 = DEFINITIONAL_REPRESENTATION('',(#4537),#4541);
#4537 = CIRCLE('',#4538,96.170212706335);
#4538 = AXIS2_PLACEMENT_2D('',#4539,#4540);
#4539 = CARTESIAN_POINT('',(0.,0.));
#4540 = DIRECTION('',(1.,0.));
#4541 = ( GEOMETRIC_REPRESENTATION_CONTEXT(2) 
PARAMETRIC_REPRESENTATION_CONTEXT() REPRESENTATION_CONTEXT('2D SPACE',''
  ) );
#4542 = ORIENTED_EDGE('',*,*,#4498,.F.);
#4543 = FACE_BOUND('',#4544,.T.);
#4544 = EDGE_LOOP('',(#4545,#4571,#4598,#4622));
#4545 = ORIENTED_EDGE('',*,*,#4546,.T.);
#4546 = EDGE_CURVE('',#4547,#4549,#4551,.T.);
#4547 = VERTEX_POINT('',#4548);
#4548 = CARTESIAN_POINT('',(102.98194238114,7.807313461453,18.));
#4549 = VERTEX_POINT('',#4550);
#4550 = CARTESIAN_POINT('',(102.35477160153,13.774444833663,18.));
#4551 = SURFACE_CURVE('',#4552,(#4557,#4564),.PCURVE_S1.);
#4552 = CIRCLE('',#4553,103.2774641443);
#4553 = AXIS2_PLACEMENT_3D('',#4554,#4555,#4556);
#4554 = CARTESIAN_POINT('',(0.,0.,18.));
#4555 = DIRECTION('',(0.,0.,1.));
#4556 = DIRECTION('',(1.,0.,-0.));
#4557 = PCURVE('',#74,#4558);
#4558 = DEFINITIONAL_REPRESENTATION('',(#4559),#4563);
#4559 = LINE('',#4560,#4561);
#4560 = CARTESIAN_POINT('',(-0.,-27.));
#4561 = VECTOR('',#4562,1.);
#4562 = DIRECTION('',(-1.,-0.));
#4563 = ( GEOMETRIC_REPRESENTATION_CONTEXT(2) 
PARAMETRIC_REPRESENTATION_CONTEXT() REPRESENTATION_CONTEXT('2D SPACE',''
  ) );
#4564 = PCURVE('',#587,#4565);
#4565 = DEFINITIONAL_REPRESENTATION('',(#4566),#4570);
#4566 = CIRCLE('',#4567,103.2774641443);
#4567 = AXIS2_PLACEMENT_2D('',#4568,#4569);
#4568 = CARTESIAN_POINT('',(3.,-60.));
#4569 = DIRECTION('',(0.104528463268,0.994521895368));
#4570 = ( GEOMETRIC_REPRESENTATION_CONTEXT(2) 
PARAMETRIC_REPRESENTATION_CONTEXT() REPRESENTATION_CONTEXT('2D SPACE',''
  ) );
#4571 = ORIENTED_EDGE('',*,*,#4572,.T.);
#4572 = EDGE_CURVE('',#4549,#4573,#4575,.T.);
#4573 = VERTEX_POINT('',#4574);
#4574 = CARTESIAN_POINT('',(108.78306736149,14.450085943575,-2.));
#4575 = SURFACE_CURVE('',#4576,(#4581,#4591),.PCURVE_S1.);
#4576 = HYPERBOLA('',#4577,9.286290287604,3.);
#4577 = AXIS2_PLACEMENT_3D('',#4578,#4579,#4580);
#4578 = CARTESIAN_POINT('',(-0.313585389803,2.983565686105,
    337.68817073721));
#4579 = DIRECTION('',(0.104528463268,-0.994521895368,0.));
#4580 = DIRECTION('',(0.,-0.,-1.));
#4581 = PCURVE('',#74,#4582);
#4582 = DEFINITIONAL_REPRESENTATION('',(#4583),#4590);
#4583 = B_SPLINE_CURVE_WITH_KNOTS('',5,(#4584,#4585,#4586,#4587,#4588,
    #4589),.UNSPECIFIED.,.F.,.F.,(6,6),(4.225464658291,4.298321862656),
  .PIECEWISE_BEZIER_KNOTS.);
#4584 = CARTESIAN_POINT('',(-0.133954753725,-29.));
#4585 = CARTESIAN_POINT('',(-0.133528818351,-24.37280370648));
#4586 = CARTESIAN_POINT('',(-0.133110637777,-19.66129023821));
#4587 = CARTESIAN_POINT('',(-0.132700023914,-14.86341275583));
#4588 = CARTESIAN_POINT('',(-0.132296795495,-9.977049868629));
#4589 = CARTESIAN_POINT('',(-0.131900777601,-5.));
#4590 = ( GEOMETRIC_REPRESENTATION_CONTEXT(2) 
PARAMETRIC_REPRESENTATION_CONTEXT() REPRESENTATION_CONTEXT('2D SPACE',''
  ) );
#4591 = PCURVE('',#558,#4592);
#4592 = DEFINITIONAL_REPRESENTATION('',(#4593),#4597);
#4593 = ( BOUNDED_CURVE() B_SPLINE_CURVE(2,(#4594,#4595,#4596),
.UNSPECIFIED.,.F.,.F.) B_SPLINE_CURVE_WITH_KNOTS((3,3),(4.225464658291,
4.298321862656),.PIECEWISE_BEZIER_KNOTS.) CURVE() 
GEOMETRIC_REPRESENTATION_ITEM() RATIONAL_B_SPLINE_CURVE((1.,
1.000663594909,1.)) REPRESENTATION_ITEM('') );
#4594 = CARTESIAN_POINT('',(22.,-42.5874947557));
#4595 = CARTESIAN_POINT('',(10.437123625379,-46.32455845476));
#4596 = CARTESIAN_POINT('',(-2.,-50.34394153817));
#4597 = ( GEOMETRIC_REPRESENTATION_CONTEXT(2) 
PARAMETRIC_REPRESENTATION_CONTEXT() REPRESENTATION_CONTEXT('2D SPACE',''
  ) );
#4598 = ORIENTED_EDGE('',*,*,#4599,.F.);
#4599 = EDGE_CURVE('',#4600,#4573,#4602,.T.);
#4600 = VERTEX_POINT('',#4601);
#4601 = CARTESIAN_POINT('',(109.4102381411,8.482954571366,-2.));
#4602 = SURFACE_CURVE('',#4603,(#4608,#4615),.PCURVE_S1.);
#4603 = CIRCLE('',#4604,109.73860181519);
#4604 = AXIS2_PLACEMENT_3D('',#4605,#4606,#4607);
#4605 = CARTESIAN_POINT('',(0.,0.,-2.));
#4606 = DIRECTION('',(0.,0.,1.));
#4607 = DIRECTION('',(1.,0.,-0.));
#4608 = PCURVE('',#74,#4609);
#4609 = DEFINITIONAL_REPRESENTATION('',(#4610),#4614);
#4610 = LINE('',#4611,#4612);
#4611 = CARTESIAN_POINT('',(-0.,-7.));
#4612 = VECTOR('',#4613,1.);
#4613 = DIRECTION('',(-1.,-0.));
#4614 = ( GEOMETRIC_REPRESENTATION_CONTEXT(2) 
PARAMETRIC_REPRESENTATION_CONTEXT() REPRESENTATION_CONTEXT('2D SPACE',''
  ) );
#4615 = PCURVE('',#650,#4616);
#4616 = DEFINITIONAL_REPRESENTATION('',(#4617),#4621);
#4617 = CIRCLE('',#4618,109.73860181519);
#4618 = AXIS2_PLACEMENT_2D('',#4619,#4620);
#4619 = CARTESIAN_POINT('',(3.,-60.));
#4620 = DIRECTION('',(0.104528463268,0.994521895368));
#4621 = ( GEOMETRIC_REPRESENTATION_CONTEXT(2) 
PARAMETRIC_REPRESENTATION_CONTEXT() REPRESENTATION_CONTEXT('2D SPACE',''
  ) );
#4622 = ORIENTED_EDGE('',*,*,#4623,.F.);
#4623 = EDGE_CURVE('',#4547,#4600,#4624,.T.);
#4624 = SURFACE_CURVE('',#4625,(#4630,#4640),.PCURVE_S1.);
#4625 = HYPERBOLA('',#4626,9.286290287604,3.);
#4626 = AXIS2_PLACEMENT_3D('',#4627,#4628,#4629);
#4627 = CARTESIAN_POINT('',(0.313585389803,-2.983565686105,
    337.68817073721));
#4628 = DIRECTION('',(0.104528463268,-0.994521895368,0.));
#4629 = DIRECTION('',(0.,-0.,-1.));
#4630 = PCURVE('',#74,#4631);
#4631 = DEFINITIONAL_REPRESENTATION('',(#4632),#4639);
#4632 = B_SPLINE_CURVE_WITH_KNOTS('',5,(#4633,#4634,#4635,#4636,#4637,
    #4638),.UNSPECIFIED.,.F.,.F.,(6,6),(4.225464658291,4.298321862656),
  .PIECEWISE_BEZIER_KNOTS.);
#4633 = CARTESIAN_POINT('',(-7.548475651388E-02,-29.));
#4634 = CARTESIAN_POINT('',(-7.591069188799E-02,-24.37280370648));
#4635 = CARTESIAN_POINT('',(-7.632887246221E-02,-19.66129023821));
#4636 = CARTESIAN_POINT('',(-7.673948632529E-02,-14.86341275583));
#4637 = CARTESIAN_POINT('',(-7.714271474414E-02,-9.977049868629));
#4638 = CARTESIAN_POINT('',(-7.753873263835E-02,-5.));
#4639 = ( GEOMETRIC_REPRESENTATION_CONTEXT(2) 
PARAMETRIC_REPRESENTATION_CONTEXT() REPRESENTATION_CONTEXT('2D SPACE',''
  ) );
#4640 = PCURVE('',#623,#4641);
#4641 = DEFINITIONAL_REPRESENTATION('',(#4642),#4646);
#4642 = ( BOUNDED_CURVE() B_SPLINE_CURVE(2,(#4643,#4644,#4645),
.UNSPECIFIED.,.F.,.F.) B_SPLINE_CURVE_WITH_KNOTS((3,3),(4.225464658291,
4.298321862656),.PIECEWISE_BEZIER_KNOTS.) CURVE() 
GEOMETRIC_REPRESENTATION_ITEM() RATIONAL_B_SPLINE_CURVE((1.,
1.000663594909,1.)) REPRESENTATION_ITEM('') );
#4643 = CARTESIAN_POINT('',(22.,-42.5874947557));
#4644 = CARTESIAN_POINT('',(10.437123625379,-46.32455845476));
#4645 = CARTESIAN_POINT('',(-2.,-50.34394153817));
#4646 = ( GEOMETRIC_REPRESENTATION_CONTEXT(2) 
PARAMETRIC_REPRESENTATION_CONTEXT() REPRESENTATION_CONTEXT('2D SPACE',''
  ) );
#4647 = FACE_BOUND('',#4648,.T.);
#4648 = EDGE_LOOP('',(#4649,#4675,#4702,#4726));
#4649 = ORIENTED_EDGE('',*,*,#4650,.T.);
#4650 = EDGE_CURVE('',#4651,#4653,#4655,.T.);
#4651 = VERTEX_POINT('',#4652);
#4652 = CARTESIAN_POINT('',(99.108308116508,29.047854694658,18.));
#4653 = VERTEX_POINT('',#4654);
#4654 = CARTESIAN_POINT('',(97.254206150258,34.754193792429,18.));
#4655 = SURFACE_CURVE('',#4656,(#4661,#4668),.PCURVE_S1.);
#4656 = CIRCLE('',#4657,103.2774641443);
#4657 = AXIS2_PLACEMENT_3D('',#4658,#4659,#4660);
#4658 = CARTESIAN_POINT('',(0.,0.,18.));
#4659 = DIRECTION('',(0.,0.,1.));
#4660 = DIRECTION('',(1.,0.,-0.));
#4661 = PCURVE('',#74,#4662);
#4662 = DEFINITIONAL_REPRESENTATION('',(#4663),#4667);
#4663 = LINE('',#4664,#4665);
#4664 = CARTESIAN_POINT('',(-0.,-27.));
#4665 = VECTOR('',#4666,1.);
#4666 = DIRECTION('',(-1.,-0.));
#4667 = ( GEOMETRIC_REPRESENTATION_CONTEXT(2) 
PARAMETRIC_REPRESENTATION_CONTEXT() REPRESENTATION_CONTEXT('2D SPACE',''
  ) );
#4668 = PCURVE('',#719,#4669);
#4669 = DEFINITIONAL_REPRESENTATION('',(#4670),#4674);
#4670 = CIRCLE('',#4671,103.2774641443);
#4671 = AXIS2_PLACEMENT_2D('',#4672,#4673);
#4672 = CARTESIAN_POINT('',(3.,-60.));
#4673 = DIRECTION('',(0.309016994375,0.951056516295));
#4674 = ( GEOMETRIC_REPRESENTATION_CONTEXT(2) 
PARAMETRIC_REPRESENTATION_CONTEXT() REPRESENTATION_CONTEXT('2D SPACE',''
  ) );
#4675 = ORIENTED_EDGE('',*,*,#4676,.T.);
#4676 = EDGE_CURVE('',#4653,#4677,#4679,.T.);
#4677 = VERTEX_POINT('',#4678);
#4678 = CARTESIAN_POINT('',(103.40155453912,36.751588363577,-2.));
#4679 = SURFACE_CURVE('',#4680,(#4685,#4695),.PCURVE_S1.);
#4680 = HYPERBOLA('',#4681,9.286290287604,3.);
#4681 = AXIS2_PLACEMENT_3D('',#4682,#4683,#4684);
#4682 = CARTESIAN_POINT('',(-0.927050983125,2.853169548885,
    337.68817073721));
#4683 = DIRECTION('',(0.309016994375,-0.951056516295,0.));
#4684 = DIRECTION('',(0.,-0.,-1.));
#4685 = PCURVE('',#74,#4686);
#4686 = DEFINITIONAL_REPRESENTATION('',(#4687),#4694);
#4687 = B_SPLINE_CURVE_WITH_KNOTS('',5,(#4688,#4689,#4690,#4691,#4692,
    #4693),.UNSPECIFIED.,.F.,.F.,(6,6),(4.225464658291,4.298321862656),
  .PIECEWISE_BEZIER_KNOTS.);
#4688 = CARTESIAN_POINT('',(-0.343394263965,-29.));
#4689 = CARTESIAN_POINT('',(-0.342968328591,-24.37280370648));
#4690 = CARTESIAN_POINT('',(-0.342550148016,-19.66129023821));
#4691 = CARTESIAN_POINT('',(-0.342139534153,-14.86341275583));
#4692 = CARTESIAN_POINT('',(-0.341736305735,-9.977049868629));
#4693 = CARTESIAN_POINT('',(-0.34134028784,-5.));
#4694 = ( GEOMETRIC_REPRESENTATION_CONTEXT(2) 
PARAMETRIC_REPRESENTATION_CONTEXT() REPRESENTATION_CONTEXT('2D SPACE',''
  ) );
#4695 = PCURVE('',#690,#4696);
#4696 = DEFINITIONAL_REPRESENTATION('',(#4697),#4701);
#4697 = ( BOUNDED_CURVE() B_SPLINE_CURVE(2,(#4698,#4699,#4700),
.UNSPECIFIED.,.F.,.F.) B_SPLINE_CURVE_WITH_KNOTS((3,3),(4.225464658291,
4.298321862656),.PIECEWISE_BEZIER_KNOTS.) CURVE() 
GEOMETRIC_REPRESENTATION_ITEM() RATIONAL_B_SPLINE_CURVE((1.,
1.000663594909,1.)) REPRESENTATION_ITEM('') );
#4698 = CARTESIAN_POINT('',(22.,-42.5874947557));
#4699 = CARTESIAN_POINT('',(10.437123625379,-46.32455845476));
#4700 = CARTESIAN_POINT('',(-2.,-50.34394153817));
#4701 = ( GEOMETRIC_REPRESENTATION_CONTEXT(2) 
PARAMETRIC_REPRESENTATION_CONTEXT() REPRESENTATION_CONTEXT('2D SPACE',''
  ) );
#4702 = ORIENTED_EDGE('',*,*,#4703,.F.);
#4703 = EDGE_CURVE('',#4704,#4677,#4706,.T.);
#4704 = VERTEX_POINT('',#4705);
#4705 = CARTESIAN_POINT('',(105.25565650537,31.045249265806,-2.));
#4706 = SURFACE_CURVE('',#4707,(#4712,#4719),.PCURVE_S1.);
#4707 = CIRCLE('',#4708,109.73860181519);
#4708 = AXIS2_PLACEMENT_3D('',#4709,#4710,#4711);
#4709 = CARTESIAN_POINT('',(0.,0.,-2.));
#4710 = DIRECTION('',(0.,0.,1.));
#4711 = DIRECTION('',(1.,0.,-0.));
#4712 = PCURVE('',#74,#4713);
#4713 = DEFINITIONAL_REPRESENTATION('',(#4714),#4718);
#4714 = LINE('',#4715,#4716);
#4715 = CARTESIAN_POINT('',(-0.,-7.));
#4716 = VECTOR('',#4717,1.);
#4717 = DIRECTION('',(-1.,-0.));
#4718 = ( GEOMETRIC_REPRESENTATION_CONTEXT(2) 
PARAMETRIC_REPRESENTATION_CONTEXT() REPRESENTATION_CONTEXT('2D SPACE',''
  ) );
#4719 = PCURVE('',#782,#4720);
#4720 = DEFINITIONAL_REPRESENTATION('',(#4721),#4725);
#4721 = CIRCLE('',#4722,109.73860181519);
#4722 = AXIS2_PLACEMENT_2D('',#4723,#4724);
#4723 = CARTESIAN_POINT('',(3.,-60.));
#4724 = DIRECTION('',(0.309016994375,0.951056516295));
#4725 = ( GEOMETRIC_REPRESENTATION_CONTEXT(2) 
PARAMETRIC_REPRESENTATION_CONTEXT() REPRESENTATION_CONTEXT('2D SPACE',''
  ) );
#4726 = ORIENTED_EDGE('',*,*,#4727,.F.);
#4727 = EDGE_CURVE('',#4651,#4704,#4728,.T.);
#4728 = SURFACE_CURVE('',#4729,(#4734,#4744),.PCURVE_S1.);
#4729 = HYPERBOLA('',#4730,9.286290287604,3.);
#4730 = AXIS2_PLACEMENT_3D('',#4731,#4732,#4733);
#4731 = CARTESIAN_POINT('',(0.927050983125,-2.853169548885,
    337.68817073721));
#4732 = DIRECTION('',(0.309016994375,-0.951056516295,0.));
#4733 = DIRECTION('',(0.,-0.,-1.));
#4734 = PCURVE('',#74,#4735);
#4735 = DEFINITIONAL_REPRESENTATION('',(#4736),#4743);
#4736 = B_SPLINE_CURVE_WITH_KNOTS('',5,(#4737,#4738,#4739,#4740,#4741,
    #4742),.UNSPECIFIED.,.F.,.F.,(6,6),(4.225464658291,4.298321862656),
  .PIECEWISE_BEZIER_KNOTS.);
#4737 = CARTESIAN_POINT('',(-0.284924266753,-29.));
#4738 = CARTESIAN_POINT('',(-0.285350202127,-24.37280370648));
#4739 = CARTESIAN_POINT('',(-0.285768382702,-19.66129023821));
#4740 = CARTESIAN_POINT('',(-0.286178996565,-14.86341275583));
#4741 = CARTESIAN_POINT('',(-0.286582224983,-9.977049868629));
#4742 = CARTESIAN_POINT('',(-0.286978242878,-5.));
#4743 = ( GEOMETRIC_REPRESENTATION_CONTEXT(2) 
PARAMETRIC_REPRESENTATION_CONTEXT() REPRESENTATION_CONTEXT('2D SPACE',''
  ) );
#4744 = PCURVE('',#755,#4745);
#4745 = DEFINITIONAL_REPRESENTATION('',(#4746),#4750);
#4746 = ( BOUNDED_CURVE() B_SPLINE_CURVE(2,(#4747,#4748,#4749),
.UNSPECIFIED.,.F.,.F.) B_SPLINE_CURVE_WITH_KNOTS((3,3),(4.225464658291,
4.298321862656),.PIECEWISE_BEZIER_KNOTS.) CURVE() 
GEOMETRIC_REPRESENTATION_ITEM() RATIONAL_B_SPLINE_CURVE((1.,
1.000663594909,1.)) REPRESENTATION_ITEM('') );
#4747 = CARTESIAN_POINT('',(22.,-42.5874947557));
#4748 = CARTESIAN_POINT('',(10.437123625379,-46.32455845476));
#4749 = CARTESIAN_POINT('',(-2.,-50.34394153817));
#4750 = ( GEOMETRIC_REPRESENTATION_CONTEXT(2) 
PARAMETRIC_REPRESENTATION_CONTEXT() REPRESENTATION_CONTEXT('2D SPACE',''
  ) );
#4751 = FACE_BOUND('',#4752,.T.);
#4752 = EDGE_LOOP('',(#4753,#4779,#4806,#4830));
#4753 = ORIENTED_EDGE('',*,*,#4754,.T.);
#4754 = EDGE_CURVE('',#4755,#4757,#4759,.T.);
#4755 = VERTEX_POINT('',#4756);
#4756 = CARTESIAN_POINT('',(90.903165212754,49.018865290635,18.));
#4757 = VERTEX_POINT('',#4758);
#4758 = CARTESIAN_POINT('',(87.903165212754,54.215017713341,18.));
#4759 = SURFACE_CURVE('',#4760,(#4765,#4772),.PCURVE_S1.);
#4760 = CIRCLE('',#4761,103.2774641443);
#4761 = AXIS2_PLACEMENT_3D('',#4762,#4763,#4764);
#4762 = CARTESIAN_POINT('',(0.,0.,18.));
#4763 = DIRECTION('',(0.,0.,1.));
#4764 = DIRECTION('',(1.,0.,-0.));
#4765 = PCURVE('',#74,#4766);
#4766 = DEFINITIONAL_REPRESENTATION('',(#4767),#4771);
#4767 = LINE('',#4768,#4769);
#4768 = CARTESIAN_POINT('',(-0.,-27.));
#4769 = VECTOR('',#4770,1.);
#4770 = DIRECTION('',(-1.,-0.));
#4771 = ( GEOMETRIC_REPRESENTATION_CONTEXT(2) 
PARAMETRIC_REPRESENTATION_CONTEXT() REPRESENTATION_CONTEXT('2D SPACE',''
  ) );
#4772 = PCURVE('',#851,#4773);
#4773 = DEFINITIONAL_REPRESENTATION('',(#4774),#4778);
#4774 = CIRCLE('',#4775,103.2774641443);
#4775 = AXIS2_PLACEMENT_2D('',#4776,#4777);
#4776 = CARTESIAN_POINT('',(3.,-60.));
#4777 = DIRECTION('',(0.5,0.866025403784));
#4778 = ( GEOMETRIC_REPRESENTATION_CONTEXT(2) 
PARAMETRIC_REPRESENTATION_CONTEXT() REPRESENTATION_CONTEXT('2D SPACE',''
  ) );
#4779 = ORIENTED_EDGE('',*,*,#4780,.T.);
#4780 = EDGE_CURVE('',#4757,#4781,#4783,.T.);
#4781 = VERTEX_POINT('',#4782);
#4782 = CARTESIAN_POINT('',(93.500897607679,57.446870018403,-2.));
#4783 = SURFACE_CURVE('',#4784,(#4789,#4799),.PCURVE_S1.);
#4784 = HYPERBOLA('',#4785,9.286290287604,3.);
#4785 = AXIS2_PLACEMENT_3D('',#4786,#4787,#4788);
#4786 = CARTESIAN_POINT('',(-1.5,2.598076211353,337.68817073721));
#4787 = DIRECTION('',(0.5,-0.866025403784,0.));
#4788 = DIRECTION('',(0.,-0.,-1.));
#4789 = PCURVE('',#74,#4790);
#4790 = DEFINITIONAL_REPRESENTATION('',(#4791),#4798);
#4791 = B_SPLINE_CURVE_WITH_KNOTS('',5,(#4792,#4793,#4794,#4795,#4796,
    #4797),.UNSPECIFIED.,.F.,.F.,(6,6),(4.225464658291,4.298321862656),
  .PIECEWISE_BEZIER_KNOTS.);
#4792 = CARTESIAN_POINT('',(-0.552833774204,-29.));
#4793 = CARTESIAN_POINT('',(-0.55240783883,-24.37280370648));
#4794 = CARTESIAN_POINT('',(-0.551989658256,-19.66129023821));
#4795 = CARTESIAN_POINT('',(-0.551579044393,-14.86341275583));
#4796 = CARTESIAN_POINT('',(-0.551175815974,-9.977049868629));
#4797 = CARTESIAN_POINT('',(-0.55077979808,-5.));
#4798 = ( GEOMETRIC_REPRESENTATION_CONTEXT(2) 
PARAMETRIC_REPRESENTATION_CONTEXT() REPRESENTATION_CONTEXT('2D SPACE',''
  ) );
#4799 = PCURVE('',#822,#4800);
#4800 = DEFINITIONAL_REPRESENTATION('',(#4801),#4805);
#4801 = ( BOUNDED_CURVE() B_SPLINE_CURVE(2,(#4802,#4803,#4804),
.UNSPECIFIED.,.F.,.F.) B_SPLINE_CURVE_WITH_KNOTS((3,3),(4.225464658291,
4.298321862656),.PIECEWISE_BEZIER_KNOTS.) CURVE() 
GEOMETRIC_REPRESENTATION_ITEM() RATIONAL_B_SPLINE_CURVE((1.,
1.000663594909,1.)) REPRESENTATION_ITEM('') );
#4802 = CARTESIAN_POINT('',(22.,-42.5874947557));
#4803 = CARTESIAN_POINT('',(10.437123625379,-46.32455845476));
#4804 = CARTESIAN_POINT('',(-2.,-50.34394153817));
#4805 = ( GEOMETRIC_REPRESENTATION_CONTEXT(2) 
PARAMETRIC_REPRESENTATION_CONTEXT() REPRESENTATION_CONTEXT('2D SPACE',''
  ) );
#4806 = ORIENTED_EDGE('',*,*,#4807,.F.);
#4807 = EDGE_CURVE('',#4808,#4781,#4810,.T.);
#4808 = VERTEX_POINT('',#4809);
#4809 = CARTESIAN_POINT('',(96.500897607679,52.250717595696,-2.));
#4810 = SURFACE_CURVE('',#4811,(#4816,#4823),.PCURVE_S1.);
#4811 = CIRCLE('',#4812,109.73860181519);
#4812 = AXIS2_PLACEMENT_3D('',#4813,#4814,#4815);
#4813 = CARTESIAN_POINT('',(0.,0.,-2.));
#4814 = DIRECTION('',(0.,0.,1.));
#4815 = DIRECTION('',(1.,0.,-0.));
#4816 = PCURVE('',#74,#4817);
#4817 = DEFINITIONAL_REPRESENTATION('',(#4818),#4822);
#4818 = LINE('',#4819,#4820);
#4819 = CARTESIAN_POINT('',(-0.,-7.));
#4820 = VECTOR('',#4821,1.);
#4821 = DIRECTION('',(-1.,-0.));
#4822 = ( GEOMETRIC_REPRESENTATION_CONTEXT(2) 
PARAMETRIC_REPRESENTATION_CONTEXT() REPRESENTATION_CONTEXT('2D SPACE',''
  ) );
#4823 = PCURVE('',#914,#4824);
#4824 = DEFINITIONAL_REPRESENTATION('',(#4825),#4829);
#4825 = CIRCLE('',#4826,109.73860181519);
#4826 = AXIS2_PLACEMENT_2D('',#4827,#4828);
#4827 = CARTESIAN_POINT('',(3.,-60.));
#4828 = DIRECTION('',(0.5,0.866025403784));
#4829 = ( GEOMETRIC_REPRESENTATION_CONTEXT(2) 
PARAMETRIC_REPRESENTATION_CONTEXT() REPRESENTATION_CONTEXT('2D SPACE',''
  ) );
#4830 = ORIENTED_EDGE('',*,*,#4831,.F.);
#4831 = EDGE_CURVE('',#4755,#4808,#4832,.T.);
#4832 = SURFACE_CURVE('',#4833,(#4838,#4848),.PCURVE_S1.);
#4833 = HYPERBOLA('',#4834,9.286290287604,3.);
#4834 = AXIS2_PLACEMENT_3D('',#4835,#4836,#4837);
#4835 = CARTESIAN_POINT('',(1.5,-2.598076211353,337.68817073721));
#4836 = DIRECTION('',(0.5,-0.866025403784,0.));
#4837 = DIRECTION('',(0.,-0.,-1.));
#4838 = PCURVE('',#74,#4839);
#4839 = DEFINITIONAL_REPRESENTATION('',(#4840),#4847);
#4840 = B_SPLINE_CURVE_WITH_KNOTS('',5,(#4841,#4842,#4843,#4844,#4845,
    #4846),.UNSPECIFIED.,.F.,.F.,(6,6),(4.225464658291,4.298321862656),
  .PIECEWISE_BEZIER_KNOTS.);
#4841 = CARTESIAN_POINT('',(-0.494363776993,-29.));
#4842 = CARTESIAN_POINT('',(-0.494789712367,-24.37280370648));
#4843 = CARTESIAN_POINT('',(-0.495207892941,-19.66129023821));
#4844 = CARTESIAN_POINT('',(-0.495618506804,-14.86341275583));
#4845 = CARTESIAN_POINT('',(-0.496021735223,-9.977049868629));
#4846 = CARTESIAN_POINT('',(-0.496417753117,-5.));
#4847 = ( GEOMETRIC_REPRESENTATION_CONTEXT(2) 
PARAMETRIC_REPRESENTATION_CONTEXT() REPRESENTATION_CONTEXT('2D SPACE',''
  ) );
#4848 = PCURVE('',#887,#4849);
#4849 = DEFINITIONAL_REPRESENTATION('',(#4850),#4854);
#4850 = ( BOUNDED_CURVE() B_SPLINE_CURVE(2,(#4851,#4852,#4853),
.UNSPECIFIED.,.F.,.F.) B_SPLINE_CURVE_WITH_KNOTS((3,3),(4.225464658291,
4.298321862656),.PIECEWISE_BEZIER_KNOTS.) CURVE() 
GEOMETRIC_REPRESENTATION_ITEM() RATIONAL_B_SPLINE_CURVE((1.,
1.000663594909,1.)) REPRESENTATION_ITEM('') );
#4851 = CARTESIAN_POINT('',(22.,-42.5874947557));
#4852 = CARTESIAN_POINT('',(10.437123625379,-46.32455845476));
#4853 = CARTESIAN_POINT('',(-2.,-50.34394153817));
#4854 = ( GEOMETRIC_REPRESENTATION_CONTEXT(2) 
PARAMETRIC_REPRESENTATION_CONTEXT() REPRESENTATION_CONTEXT('2D SPACE',''
  ) );
#4855 = FACE_BOUND('',#4856,.T.);
#4856 = EDGE_LOOP('',(#4857,#4883,#4910,#4934));
#4857 = ORIENTED_EDGE('',*,*,#4858,.T.);
#4858 = EDGE_CURVE('',#4859,#4861,#4863,.T.);
#4859 = VERTEX_POINT('',#4860);
#4860 = CARTESIAN_POINT('',(78.72511778742,66.847516254798,18.));
#4861 = VERTEX_POINT('',#4862);
#4862 = CARTESIAN_POINT('',(74.710334149267,71.306385207662,18.));
#4863 = SURFACE_CURVE('',#4864,(#4869,#4876),.PCURVE_S1.);
#4864 = CIRCLE('',#4865,103.2774641443);
#4865 = AXIS2_PLACEMENT_3D('',#4866,#4867,#4868);
#4866 = CARTESIAN_POINT('',(0.,0.,18.));
#4867 = DIRECTION('',(0.,0.,1.));
#4868 = DIRECTION('',(1.,0.,-0.));
#4869 = PCURVE('',#74,#4870);
#4870 = DEFINITIONAL_REPRESENTATION('',(#4871),#4875);
#4871 = LINE('',#4872,#4873);
#4872 = CARTESIAN_POINT('',(-0.,-27.));
#4873 = VECTOR('',#4874,1.);
#4874 = DIRECTION('',(-1.,-0.));
#4875 = ( GEOMETRIC_REPRESENTATION_CONTEXT(2) 
PARAMETRIC_REPRESENTATION_CONTEXT() REPRESENTATION_CONTEXT('2D SPACE',''
  ) );
#4876 = PCURVE('',#983,#4877);
#4877 = DEFINITIONAL_REPRESENTATION('',(#4878),#4882);
#4878 = CIRCLE('',#4879,103.2774641443);
#4879 = AXIS2_PLACEMENT_2D('',#4880,#4881);
#4880 = CARTESIAN_POINT('',(3.,-60.));
#4881 = DIRECTION('',(0.669130606359,0.743144825477));
#4882 = ( GEOMETRIC_REPRESENTATION_CONTEXT(2) 
PARAMETRIC_REPRESENTATION_CONTEXT() REPRESENTATION_CONTEXT('2D SPACE',''
  ) );
#4883 = ORIENTED_EDGE('',*,*,#4884,.T.);
#4884 = EDGE_CURVE('',#4861,#4885,#4887,.T.);
#4885 = VERTEX_POINT('',#4886);
#4886 = CARTESIAN_POINT('',(79.513802783694,75.631447792758,-2.));
#4887 = SURFACE_CURVE('',#4888,(#4893,#4903),.PCURVE_S1.);
#4888 = HYPERBOLA('',#4889,9.286290287604,3.);
#4889 = AXIS2_PLACEMENT_3D('',#4890,#4891,#4892);
#4890 = CARTESIAN_POINT('',(-2.007391819077,2.229434476432,
    337.68817073721));
#4891 = DIRECTION('',(0.669130606359,-0.743144825477,0.));
#4892 = DIRECTION('',(0.,-0.,-1.));
#4893 = PCURVE('',#74,#4894);
#4894 = DEFINITIONAL_REPRESENTATION('',(#4895),#4902);
#4895 = B_SPLINE_CURVE_WITH_KNOTS('',5,(#4896,#4897,#4898,#4899,#4900,
    #4901),.UNSPECIFIED.,.F.,.F.,(6,6),(4.225464658291,4.298321862656),
  .PIECEWISE_BEZIER_KNOTS.);
#4896 = CARTESIAN_POINT('',(-0.762273284443,-29.));
#4897 = CARTESIAN_POINT('',(-0.761847349069,-24.37280370648));
#4898 = CARTESIAN_POINT('',(-0.761429168495,-19.66129023821));
#4899 = CARTESIAN_POINT('',(-0.761018554632,-14.86341275583));
#4900 = CARTESIAN_POINT('',(-0.760615326213,-9.977049868629));
#4901 = CARTESIAN_POINT('',(-0.760219308319,-5.));
#4902 = ( GEOMETRIC_REPRESENTATION_CONTEXT(2) 
PARAMETRIC_REPRESENTATION_CONTEXT() REPRESENTATION_CONTEXT('2D SPACE',''
  ) );
#4903 = PCURVE('',#954,#4904);
#4904 = DEFINITIONAL_REPRESENTATION('',(#4905),#4909);
#4905 = ( BOUNDED_CURVE() B_SPLINE_CURVE(2,(#4906,#4907,#4908),
.UNSPECIFIED.,.F.,.F.) B_SPLINE_CURVE_WITH_KNOTS((3,3),(4.225464658291,
4.298321862656),.PIECEWISE_BEZIER_KNOTS.) CURVE() 
GEOMETRIC_REPRESENTATION_ITEM() RATIONAL_B_SPLINE_CURVE((1.,
1.000663594909,1.)) REPRESENTATION_ITEM('') );
#4906 = CARTESIAN_POINT('',(22.,-42.5874947557));
#4907 = CARTESIAN_POINT('',(10.437123625379,-46.32455845476));
#4908 = CARTESIAN_POINT('',(-2.,-50.34394153817));
#4909 = ( GEOMETRIC_REPRESENTATION_CONTEXT(2) 
PARAMETRIC_REPRESENTATION_CONTEXT() REPRESENTATION_CONTEXT('2D SPACE',''
  ) );
#4910 = ORIENTED_EDGE('',*,*,#4911,.F.);
#4911 = EDGE_CURVE('',#4912,#4885,#4914,.T.);
#4912 = VERTEX_POINT('',#4913);
#4913 = CARTESIAN_POINT('',(83.528586421848,71.172578839894,-2.));
#4914 = SURFACE_CURVE('',#4915,(#4920,#4927),.PCURVE_S1.);
#4915 = CIRCLE('',#4916,109.73860181519);
#4916 = AXIS2_PLACEMENT_3D('',#4917,#4918,#4919);
#4917 = CARTESIAN_POINT('',(0.,0.,-2.));
#4918 = DIRECTION('',(0.,0.,1.));
#4919 = DIRECTION('',(1.,0.,-0.));
#4920 = PCURVE('',#74,#4921);
#4921 = DEFINITIONAL_REPRESENTATION('',(#4922),#4926);
#4922 = LINE('',#4923,#4924);
#4923 = CARTESIAN_POINT('',(-0.,-7.));
#4924 = VECTOR('',#4925,1.);
#4925 = DIRECTION('',(-1.,-0.));
#4926 = ( GEOMETRIC_REPRESENTATION_CONTEXT(2) 
PARAMETRIC_REPRESENTATION_CONTEXT() REPRESENTATION_CONTEXT('2D SPACE',''
  ) );
#4927 = PCURVE('',#1046,#4928);
#4928 = DEFINITIONAL_REPRESENTATION('',(#4929),#4933);
#4929 = CIRCLE('',#4930,109.73860181519);
#4930 = AXIS2_PLACEMENT_2D('',#4931,#4932);
#4931 = CARTESIAN_POINT('',(3.,-60.));
#4932 = DIRECTION('',(0.669130606359,0.743144825477));
#4933 = ( GEOMETRIC_REPRESENTATION_CONTEXT(2) 
PARAMETRIC_REPRESENTATION_CONTEXT() REPRESENTATION_CONTEXT('2D SPACE',''
  ) );
#4934 = ORIENTED_EDGE('',*,*,#4935,.F.);
#4935 = EDGE_CURVE('',#4859,#4912,#4936,.T.);
#4936 = SURFACE_CURVE('',#4937,(#4942,#4952),.PCURVE_S1.);
#4937 = HYPERBOLA('',#4938,9.286290287604,3.);
#4938 = AXIS2_PLACEMENT_3D('',#4939,#4940,#4941);
#4939 = CARTESIAN_POINT('',(2.007391819077,-2.229434476432,
    337.68817073721));
#4940 = DIRECTION('',(0.669130606359,-0.743144825477,0.));
#4941 = DIRECTION('',(0.,-0.,-1.));
#4942 = PCURVE('',#74,#4943);
#4943 = DEFINITIONAL_REPRESENTATION('',(#4944),#4951);
#4944 = B_SPLINE_CURVE_WITH_KNOTS('',5,(#4945,#4946,#4947,#4948,#4949,
    #4950),.UNSPECIFIED.,.F.,.F.,(6,6),(4.225464658291,4.298321862656),
  .PIECEWISE_BEZIER_KNOTS.);
#4945 = CARTESIAN_POINT('',(-0.703803287232,-29.));
#4946 = CARTESIAN_POINT('',(-0.704229222606,-24.37280370648));
#4947 = CARTESIAN_POINT('',(-0.70464740318,-19.66129023821));
#4948 = CARTESIAN_POINT('',(-0.705058017043,-14.86341275583));
#4949 = CARTESIAN_POINT('',(-0.705461245462,-9.977049868629));
#4950 = CARTESIAN_POINT('',(-0.705857263356,-5.));
#4951 = ( GEOMETRIC_REPRESENTATION_CONTEXT(2) 
PARAMETRIC_REPRESENTATION_CONTEXT() REPRESENTATION_CONTEXT('2D SPACE',''
  ) );
#4952 = PCURVE('',#1019,#4953);
#4953 = DEFINITIONAL_REPRESENTATION('',(#4954),#4958);
#4954 = ( BOUNDED_CURVE() B_SPLINE_CURVE(2,(#4955,#4956,#4957),
.UNSPECIFIED.,.F.,.F.) B_SPLINE_CURVE_WITH_KNOTS((3,3),(4.225464658291,
4.298321862656),.PIECEWISE_BEZIER_KNOTS.) CURVE() 
GEOMETRIC_REPRESENTATION_ITEM() RATIONAL_B_SPLINE_CURVE((1.,
1.000663594909,1.)) REPRESENTATION_ITEM('') );
#4955 = CARTESIAN_POINT('',(22.,-42.5874947557));
#4956 = CARTESIAN_POINT('',(10.437123625379,-46.32455845476));
#4957 = CARTESIAN_POINT('',(-2.,-50.34394153817));
#4958 = ( GEOMETRIC_REPRESENTATION_CONTEXT(2) 
PARAMETRIC_REPRESENTATION_CONTEXT() REPRESENTATION_CONTEXT('2D SPACE',''
  ) );
#4959 = FACE_BOUND('',#4960,.T.);
#4960 = EDGE_LOOP('',(#4961,#4987,#5014,#5038));
#4961 = ORIENTED_EDGE('',*,*,#4962,.T.);
#4962 = EDGE_CURVE('',#4963,#4965,#4967,.T.);
#4963 = VERTEX_POINT('',#4964);
#4964 = CARTESIAN_POINT('',(63.106404949749,81.754609988654,18.));
#4965 = VERTEX_POINT('',#4966);
#4966 = CARTESIAN_POINT('',(58.252302983499,85.281321502409,18.));
#4967 = SURFACE_CURVE('',#4968,(#4973,#4980),.PCURVE_S1.);
#4968 = CIRCLE('',#4969,103.2774641443);
#4969 = AXIS2_PLACEMENT_3D('',#4970,#4971,#4972);
#4970 = CARTESIAN_POINT('',(0.,0.,18.));
#4971 = DIRECTION('',(0.,0.,1.));
#4972 = DIRECTION('',(1.,0.,-0.));
#4973 = PCURVE('',#74,#4974);
#4974 = DEFINITIONAL_REPRESENTATION('',(#4975),#4979);
#4975 = LINE('',#4976,#4977);
#4976 = CARTESIAN_POINT('',(-0.,-27.));
#4977 = VECTOR('',#4978,1.);
#4978 = DIRECTION('',(-1.,-0.));
#4979 = ( GEOMETRIC_REPRESENTATION_CONTEXT(2) 
PARAMETRIC_REPRESENTATION_CONTEXT() REPRESENTATION_CONTEXT('2D SPACE',''
  ) );
#4980 = PCURVE('',#1115,#4981);
#4981 = DEFINITIONAL_REPRESENTATION('',(#4982),#4986);
#4982 = CIRCLE('',#4983,103.2774641443);
#4983 = AXIS2_PLACEMENT_2D('',#4984,#4985);
#4984 = CARTESIAN_POINT('',(3.,-60.));
#4985 = DIRECTION('',(0.809016994375,0.587785252292));
#4986 = ( GEOMETRIC_REPRESENTATION_CONTEXT(2) 
PARAMETRIC_REPRESENTATION_CONTEXT() REPRESENTATION_CONTEXT('2D SPACE',''
  ) );
#4987 = ORIENTED_EDGE('',*,*,#4988,.T.);
#4988 = EDGE_CURVE('',#4965,#4989,#4991,.T.);
#4989 = VERTEX_POINT('',#4990);
#4990 = CARTESIAN_POINT('',(62.051573228504,90.510568378618,-2.));
#4991 = SURFACE_CURVE('',#4992,(#4997,#5007),.PCURVE_S1.);
#4992 = HYPERBOLA('',#4993,9.286290287604,3.);
#4993 = AXIS2_PLACEMENT_3D('',#4994,#4995,#4996);
#4994 = CARTESIAN_POINT('',(-2.427050983125,1.763355756877,
    337.68817073721));
#4995 = DIRECTION('',(0.809016994375,-0.587785252292,0.));
#4996 = DIRECTION('',(0.,-0.,-1.));
#4997 = PCURVE('',#74,#4998);
#4998 = DEFINITIONAL_REPRESENTATION('',(#4999),#5006);
#4999 = B_SPLINE_CURVE_WITH_KNOTS('',5,(#5000,#5001,#5002,#5003,#5004,
    #5005),.UNSPECIFIED.,.F.,.F.,(6,6),(4.225464658291,4.298321862656),
  .PIECEWISE_BEZIER_KNOTS.);
#5000 = CARTESIAN_POINT('',(-0.971712794683,-29.));
#5001 = CARTESIAN_POINT('',(-0.971286859309,-24.37280370648));
#5002 = CARTESIAN_POINT('',(-0.970868678734,-19.66129023822));
#5003 = CARTESIAN_POINT('',(-0.970458064871,-14.86341275583));
#5004 = CARTESIAN_POINT('',(-0.970054836452,-9.977049868629));
#5005 = CARTESIAN_POINT('',(-0.969658818558,-5.));
#5006 = ( GEOMETRIC_REPRESENTATION_CONTEXT(2) 
PARAMETRIC_REPRESENTATION_CONTEXT() REPRESENTATION_CONTEXT('2D SPACE',''
  ) );
#5007 = PCURVE('',#1086,#5008);
#5008 = DEFINITIONAL_REPRESENTATION('',(#5009),#5013);
#5009 = ( BOUNDED_CURVE() B_SPLINE_CURVE(2,(#5010,#5011,#5012),
.UNSPECIFIED.,.F.,.F.) B_SPLINE_CURVE_WITH_KNOTS((3,3),(4.225464658291,
4.298321862656),.PIECEWISE_BEZIER_KNOTS.) CURVE() 
GEOMETRIC_REPRESENTATION_ITEM() RATIONAL_B_SPLINE_CURVE((1.,
1.000663594909,1.)) REPRESENTATION_ITEM('') );
#5010 = CARTESIAN_POINT('',(22.,-42.5874947557));
#5011 = CARTESIAN_POINT('',(10.437123625378,-46.32455845476));
#5012 = CARTESIAN_POINT('',(-2.,-50.34394153817));
#5013 = ( GEOMETRIC_REPRESENTATION_CONTEXT(2) 
PARAMETRIC_REPRESENTATION_CONTEXT() REPRESENTATION_CONTEXT('2D SPACE',''
  ) );
#5014 = ORIENTED_EDGE('',*,*,#5015,.F.);
#5015 = EDGE_CURVE('',#5016,#4989,#5018,.T.);
#5016 = VERTEX_POINT('',#5017);
#5017 = CARTESIAN_POINT('',(66.905675194754,86.983856864864,-2.));
#5018 = SURFACE_CURVE('',#5019,(#5024,#5031),.PCURVE_S1.);
#5019 = CIRCLE('',#5020,109.73860181519);
#5020 = AXIS2_PLACEMENT_3D('',#5021,#5022,#5023);
#5021 = CARTESIAN_POINT('',(0.,0.,-2.));
#5022 = DIRECTION('',(0.,0.,1.));
#5023 = DIRECTION('',(1.,0.,-0.));
#5024 = PCURVE('',#74,#5025);
#5025 = DEFINITIONAL_REPRESENTATION('',(#5026),#5030);
#5026 = LINE('',#5027,#5028);
#5027 = CARTESIAN_POINT('',(-0.,-7.));
#5028 = VECTOR('',#5029,1.);
#5029 = DIRECTION('',(-1.,-0.));
#5030 = ( GEOMETRIC_REPRESENTATION_CONTEXT(2) 
PARAMETRIC_REPRESENTATION_CONTEXT() REPRESENTATION_CONTEXT('2D SPACE',''
  ) );
#5031 = PCURVE('',#1178,#5032);
#5032 = DEFINITIONAL_REPRESENTATION('',(#5033),#5037);
#5033 = CIRCLE('',#5034,109.73860181519);
#5034 = AXIS2_PLACEMENT_2D('',#5035,#5036);
#5035 = CARTESIAN_POINT('',(3.,-60.));
#5036 = DIRECTION('',(0.809016994375,0.587785252292));
#5037 = ( GEOMETRIC_REPRESENTATION_CONTEXT(2) 
PARAMETRIC_REPRESENTATION_CONTEXT() REPRESENTATION_CONTEXT('2D SPACE',''
  ) );
#5038 = ORIENTED_EDGE('',*,*,#5039,.F.);
#5039 = EDGE_CURVE('',#4963,#5016,#5040,.T.);
#5040 = SURFACE_CURVE('',#5041,(#5046,#5056),.PCURVE_S1.);
#5041 = HYPERBOLA('',#5042,9.286290287604,3.);
#5042 = AXIS2_PLACEMENT_3D('',#5043,#5044,#5045);
#5043 = CARTESIAN_POINT('',(2.427050983125,-1.763355756877,
    337.68817073721));
#5044 = DIRECTION('',(0.809016994375,-0.587785252292,0.));
#5045 = DIRECTION('',(0.,-0.,-1.));
#5046 = PCURVE('',#74,#5047);
#5047 = DEFINITIONAL_REPRESENTATION('',(#5048),#5055);
#5048 = B_SPLINE_CURVE_WITH_KNOTS('',5,(#5049,#5050,#5051,#5052,#5053,
    #5054),.UNSPECIFIED.,.F.,.F.,(6,6),(4.225464658291,4.298321862656),
  .PIECEWISE_BEZIER_KNOTS.);
#5049 = CARTESIAN_POINT('',(-0.913242797471,-29.));
#5050 = CARTESIAN_POINT('',(-0.913668732845,-24.37280370648));
#5051 = CARTESIAN_POINT('',(-0.914086913419,-19.66129023822));
#5052 = CARTESIAN_POINT('',(-0.914497527283,-14.86341275583));
#5053 = CARTESIAN_POINT('',(-0.914900755701,-9.977049868629));
#5054 = CARTESIAN_POINT('',(-0.915296773596,-5.));
#5055 = ( GEOMETRIC_REPRESENTATION_CONTEXT(2) 
PARAMETRIC_REPRESENTATION_CONTEXT() REPRESENTATION_CONTEXT('2D SPACE',''
  ) );
#5056 = PCURVE('',#1151,#5057);
#5057 = DEFINITIONAL_REPRESENTATION('',(#5058),#5062);
#5058 = ( BOUNDED_CURVE() B_SPLINE_CURVE(2,(#5059,#5060,#5061),
.UNSPECIFIED.,.F.,.F.) B_SPLINE_CURVE_WITH_KNOTS((3,3),(4.225464658291,
4.298321862656),.PIECEWISE_BEZIER_KNOTS.) CURVE() 
GEOMETRIC_REPRESENTATION_ITEM() RATIONAL_B_SPLINE_CURVE((1.,
1.000663594909,1.)) REPRESENTATION_ITEM('') );
#5059 = CARTESIAN_POINT('',(22.,-42.5874947557));
#5060 = CARTESIAN_POINT('',(10.437123625378,-46.32455845476));
#5061 = CARTESIAN_POINT('',(-2.,-50.34394153817));
#5062 = ( GEOMETRIC_REPRESENTATION_CONTEXT(2) 
PARAMETRIC_REPRESENTATION_CONTEXT() REPRESENTATION_CONTEXT('2D SPACE',''
  ) );
#5063 = FACE_BOUND('',#5064,.T.);
#5064 = EDGE_LOOP('',(#5065,#5091,#5118,#5142));
#5065 = ORIENTED_EDGE('',*,*,#5066,.T.);
#5066 = EDGE_CURVE('',#5067,#5069,#5071,.T.);
#5067 = VERTEX_POINT('',#5068);
#5068 = CARTESIAN_POINT('',(44.729639397645,93.088634963863,18.));
#5069 = VERTEX_POINT('',#5070);
#5070 = CARTESIAN_POINT('',(39.248366651789,95.529054822317,18.));
#5071 = SURFACE_CURVE('',#5072,(#5077,#5084),.PCURVE_S1.);
#5072 = CIRCLE('',#5073,103.2774641443);
#5073 = AXIS2_PLACEMENT_3D('',#5074,#5075,#5076);
#5074 = CARTESIAN_POINT('',(0.,0.,18.));
#5075 = DIRECTION('',(0.,0.,1.));
#5076 = DIRECTION('',(1.,0.,-0.));
#5077 = PCURVE('',#74,#5078);
#5078 = DEFINITIONAL_REPRESENTATION('',(#5079),#5083);
#5079 = LINE('',#5080,#5081);
#5080 = CARTESIAN_POINT('',(-0.,-27.));
#5081 = VECTOR('',#5082,1.);
#5082 = DIRECTION('',(-1.,-0.));
#5083 = ( GEOMETRIC_REPRESENTATION_CONTEXT(2) 
PARAMETRIC_REPRESENTATION_CONTEXT() REPRESENTATION_CONTEXT('2D SPACE',''
  ) );
#5084 = PCURVE('',#1247,#5085);
#5085 = DEFINITIONAL_REPRESENTATION('',(#5086),#5090);
#5086 = CIRCLE('',#5087,103.2774641443);
#5087 = AXIS2_PLACEMENT_2D('',#5088,#5089);
#5088 = CARTESIAN_POINT('',(3.,-60.));
#5089 = DIRECTION('',(0.913545457643,0.406736643076));
#5090 = ( GEOMETRIC_REPRESENTATION_CONTEXT(2) 
PARAMETRIC_REPRESENTATION_CONTEXT() REPRESENTATION_CONTEXT('2D SPACE',''
  ) );
#5091 = ORIENTED_EDGE('',*,*,#5092,.T.);
#5092 = EDGE_CURVE('',#5069,#5093,#5095,.T.);
#5093 = VERTEX_POINT('',#5094);
#5094 = CARTESIAN_POINT('',(41.877392166744,101.43394280843,-2.));
#5095 = SURFACE_CURVE('',#5096,(#5101,#5111),.PCURVE_S1.);
#5096 = HYPERBOLA('',#5097,9.286290287604,3.);
#5097 = AXIS2_PLACEMENT_3D('',#5098,#5099,#5100);
#5098 = CARTESIAN_POINT('',(-2.740636372928,1.220209929227,
    337.68817073721));
#5099 = DIRECTION('',(0.913545457643,-0.406736643076,0.));
#5100 = DIRECTION('',(0.,-0.,-1.));
#5101 = PCURVE('',#74,#5102);
#5102 = DEFINITIONAL_REPRESENTATION('',(#5103),#5110);
#5103 = B_SPLINE_CURVE_WITH_KNOTS('',5,(#5104,#5105,#5106,#5107,#5108,
    #5109),.UNSPECIFIED.,.F.,.F.,(6,6),(4.225464658291,4.298321862656),
  .PIECEWISE_BEZIER_KNOTS.);
#5104 = CARTESIAN_POINT('',(-1.181152304922,-29.));
#5105 = CARTESIAN_POINT('',(-1.180726369548,-24.37280370648));
#5106 = CARTESIAN_POINT('',(-1.180308188974,-19.66129023822));
#5107 = CARTESIAN_POINT('',(-1.179897575111,-14.86341275583));
#5108 = CARTESIAN_POINT('',(-1.179494346692,-9.977049868629));
#5109 = CARTESIAN_POINT('',(-1.179098328798,-5.));
#5110 = ( GEOMETRIC_REPRESENTATION_CONTEXT(2) 
PARAMETRIC_REPRESENTATION_CONTEXT() REPRESENTATION_CONTEXT('2D SPACE',''
  ) );
#5111 = PCURVE('',#1218,#5112);
#5112 = DEFINITIONAL_REPRESENTATION('',(#5113),#5117);
#5113 = ( BOUNDED_CURVE() B_SPLINE_CURVE(2,(#5114,#5115,#5116),
.UNSPECIFIED.,.F.,.F.) B_SPLINE_CURVE_WITH_KNOTS((3,3),(4.225464658291,
4.298321862656),.PIECEWISE_BEZIER_KNOTS.) CURVE() 
GEOMETRIC_REPRESENTATION_ITEM() RATIONAL_B_SPLINE_CURVE((1.,
1.000663594909,1.)) REPRESENTATION_ITEM('') );
#5114 = CARTESIAN_POINT('',(22.,-42.5874947557));
#5115 = CARTESIAN_POINT('',(10.437123625378,-46.32455845476));
#5116 = CARTESIAN_POINT('',(-2.,-50.34394153817));
#5117 = ( GEOMETRIC_REPRESENTATION_CONTEXT(2) 
PARAMETRIC_REPRESENTATION_CONTEXT() REPRESENTATION_CONTEXT('2D SPACE',''
  ) );
#5118 = ORIENTED_EDGE('',*,*,#5119,.F.);
#5119 = EDGE_CURVE('',#5120,#5093,#5122,.T.);
#5120 = VERTEX_POINT('',#5121);
#5121 = CARTESIAN_POINT('',(47.3586649126,98.993522949984,-2.));
#5122 = SURFACE_CURVE('',#5123,(#5128,#5135),.PCURVE_S1.);
#5123 = CIRCLE('',#5124,109.73860181519);
#5124 = AXIS2_PLACEMENT_3D('',#5125,#5126,#5127);
#5125 = CARTESIAN_POINT('',(0.,0.,-2.));
#5126 = DIRECTION('',(0.,0.,1.));
#5127 = DIRECTION('',(1.,0.,-0.));
#5128 = PCURVE('',#74,#5129);
#5129 = DEFINITIONAL_REPRESENTATION('',(#5130),#5134);
#5130 = LINE('',#5131,#5132);
#5131 = CARTESIAN_POINT('',(-0.,-7.));
#5132 = VECTOR('',#5133,1.);
#5133 = DIRECTION('',(-1.,-0.));
#5134 = ( GEOMETRIC_REPRESENTATION_CONTEXT(2) 
PARAMETRIC_REPRESENTATION_CONTEXT() REPRESENTATION_CONTEXT('2D SPACE',''
  ) );
#5135 = PCURVE('',#1310,#5136);
#5136 = DEFINITIONAL_REPRESENTATION('',(#5137),#5141);
#5137 = CIRCLE('',#5138,109.73860181519);
#5138 = AXIS2_PLACEMENT_2D('',#5139,#5140);
#5139 = CARTESIAN_POINT('',(3.,-60.));
#5140 = DIRECTION('',(0.913545457643,0.406736643076));
#5141 = ( GEOMETRIC_REPRESENTATION_CONTEXT(2) 
PARAMETRIC_REPRESENTATION_CONTEXT() REPRESENTATION_CONTEXT('2D SPACE',''
  ) );
#5142 = ORIENTED_EDGE('',*,*,#5143,.F.);
#5143 = EDGE_CURVE('',#5067,#5120,#5144,.T.);
#5144 = SURFACE_CURVE('',#5145,(#5150,#5160),.PCURVE_S1.);
#5145 = HYPERBOLA('',#5146,9.286290287604,3.);
#5146 = AXIS2_PLACEMENT_3D('',#5147,#5148,#5149);
#5147 = CARTESIAN_POINT('',(2.740636372928,-1.220209929227,
    337.68817073721));
#5148 = DIRECTION('',(0.913545457643,-0.406736643076,0.));
#5149 = DIRECTION('',(0.,-0.,-1.));
#5150 = PCURVE('',#74,#5151);
#5151 = DEFINITIONAL_REPRESENTATION('',(#5152),#5159);
#5152 = B_SPLINE_CURVE_WITH_KNOTS('',5,(#5153,#5154,#5155,#5156,#5157,
    #5158),.UNSPECIFIED.,.F.,.F.,(6,6),(4.225464658291,4.298321862656),
  .PIECEWISE_BEZIER_KNOTS.);
#5153 = CARTESIAN_POINT('',(-1.12268230771,-29.));
#5154 = CARTESIAN_POINT('',(-1.123108243085,-24.37280370648));
#5155 = CARTESIAN_POINT('',(-1.123526423659,-19.66129023821));
#5156 = CARTESIAN_POINT('',(-1.123937037522,-14.86341275583));
#5157 = CARTESIAN_POINT('',(-1.124340265941,-9.977049868629));
#5158 = CARTESIAN_POINT('',(-1.124736283835,-5.));
#5159 = ( GEOMETRIC_REPRESENTATION_CONTEXT(2) 
PARAMETRIC_REPRESENTATION_CONTEXT() REPRESENTATION_CONTEXT('2D SPACE',''
  ) );
#5160 = PCURVE('',#1283,#5161);
#5161 = DEFINITIONAL_REPRESENTATION('',(#5162),#5166);
#5162 = ( BOUNDED_CURVE() B_SPLINE_CURVE(2,(#5163,#5164,#5165),
.UNSPECIFIED.,.F.,.F.) B_SPLINE_CURVE_WITH_KNOTS((3,3),(4.225464658291,
4.298321862656),.PIECEWISE_BEZIER_KNOTS.) CURVE() 
GEOMETRIC_REPRESENTATION_ITEM() RATIONAL_B_SPLINE_CURVE((1.,
1.000663594909,1.)) REPRESENTATION_ITEM('') );
#5163 = CARTESIAN_POINT('',(22.,-42.5874947557));
#5164 = CARTESIAN_POINT('',(10.437123625379,-46.32455845476));
#5165 = CARTESIAN_POINT('',(-2.,-50.34394153817));
#5166 = ( GEOMETRIC_REPRESENTATION_CONTEXT(2) 
PARAMETRIC_REPRESENTATION_CONTEXT() REPRESENTATION_CONTEXT('2D SPACE',''
  ) );
#5167 = FACE_BOUND('',#5168,.T.);
#5168 = EDGE_LOOP('',(#5169,#5195,#5222,#5246));
#5169 = ORIENTED_EDGE('',*,*,#5170,.T.);
#5170 = EDGE_CURVE('',#5171,#5173,#5175,.T.);
#5171 = VERTEX_POINT('',#5172);
#5172 = CARTESIAN_POINT('',(24.397973967241,100.35423990232,18.));
#5173 = VERTEX_POINT('',#5174);
#5174 = CARTESIAN_POINT('',(18.529088362838,101.60171004722,18.));
#5175 = SURFACE_CURVE('',#5176,(#5181,#5188),.PCURVE_S1.);
#5176 = CIRCLE('',#5177,103.2774641443);
#5177 = AXIS2_PLACEMENT_3D('',#5178,#5179,#5180);
#5178 = CARTESIAN_POINT('',(0.,0.,18.));
#5179 = DIRECTION('',(0.,0.,1.));
#5180 = DIRECTION('',(1.,0.,-0.));
#5181 = PCURVE('',#74,#5182);
#5182 = DEFINITIONAL_REPRESENTATION('',(#5183),#5187);
#5183 = LINE('',#5184,#5185);
#5184 = CARTESIAN_POINT('',(-0.,-27.));
#5185 = VECTOR('',#5186,1.);
#5186 = DIRECTION('',(-1.,-0.));
#5187 = ( GEOMETRIC_REPRESENTATION_CONTEXT(2) 
PARAMETRIC_REPRESENTATION_CONTEXT() REPRESENTATION_CONTEXT('2D SPACE',''
  ) );
#5188 = PCURVE('',#1379,#5189);
#5189 = DEFINITIONAL_REPRESENTATION('',(#5190),#5194);
#5190 = CIRCLE('',#5191,103.2774641443);
#5191 = AXIS2_PLACEMENT_2D('',#5192,#5193);
#5192 = CARTESIAN_POINT('',(3.,-60.));
#5193 = DIRECTION('',(0.978147600734,0.207911690818));
#5194 = ( GEOMETRIC_REPRESENTATION_CONTEXT(2) 
PARAMETRIC_REPRESENTATION_CONTEXT() REPRESENTATION_CONTEXT('2D SPACE',''
  ) );
#5195 = ORIENTED_EDGE('',*,*,#5196,.T.);
#5196 = EDGE_CURVE('',#5173,#5197,#5199,.T.);
#5197 = VERTEX_POINT('',#5198);
#5198 = CARTESIAN_POINT('',(19.872968117275,107.92416720347,-2.));
#5199 = SURFACE_CURVE('',#5200,(#5205,#5215),.PCURVE_S1.);
#5200 = HYPERBOLA('',#5201,9.286290287604,3.);
#5201 = AXIS2_PLACEMENT_3D('',#5202,#5203,#5204);
#5202 = CARTESIAN_POINT('',(-2.934442802201,0.623735072453,
    337.68817073721));
#5203 = DIRECTION('',(0.978147600734,-0.207911690818,0.));
#5204 = DIRECTION('',(0.,-0.,-1.));
#5205 = PCURVE('',#74,#5206);
#5206 = DEFINITIONAL_REPRESENTATION('',(#5207),#5214);
#5207 = B_SPLINE_CURVE_WITH_KNOTS('',5,(#5208,#5209,#5210,#5211,#5212,
    #5213),.UNSPECIFIED.,.F.,.F.,(6,6),(4.225464658291,4.298321862656),
  .PIECEWISE_BEZIER_KNOTS.);
#5208 = CARTESIAN_POINT('',(-1.390591815161,-29.));
#5209 = CARTESIAN_POINT('',(-1.390165879787,-24.37280370648));
#5210 = CARTESIAN_POINT('',(-1.389747699213,-19.66129023821));
#5211 = CARTESIAN_POINT('',(-1.38933708535,-14.86341275583));
#5212 = CARTESIAN_POINT('',(-1.388933856931,-9.977049868629));
#5213 = CARTESIAN_POINT('',(-1.388537839037,-5.));
#5214 = ( GEOMETRIC_REPRESENTATION_CONTEXT(2) 
PARAMETRIC_REPRESENTATION_CONTEXT() REPRESENTATION_CONTEXT('2D SPACE',''
  ) );
#5215 = PCURVE('',#1350,#5216);
#5216 = DEFINITIONAL_REPRESENTATION('',(#5217),#5221);
#5217 = ( BOUNDED_CURVE() B_SPLINE_CURVE(2,(#5218,#5219,#5220),
.UNSPECIFIED.,.F.,.F.) B_SPLINE_CURVE_WITH_KNOTS((3,3),(4.225464658291,
4.298321862656),.PIECEWISE_BEZIER_KNOTS.) CURVE() 
GEOMETRIC_REPRESENTATION_ITEM() RATIONAL_B_SPLINE_CURVE((1.,
1.000663594909,1.)) REPRESENTATION_ITEM('') );
#5218 = CARTESIAN_POINT('',(22.,-42.5874947557));
#5219 = CARTESIAN_POINT('',(10.437123625379,-46.32455845476));
#5220 = CARTESIAN_POINT('',(-2.,-50.34394153817));
#5221 = ( GEOMETRIC_REPRESENTATION_CONTEXT(2) 
PARAMETRIC_REPRESENTATION_CONTEXT() REPRESENTATION_CONTEXT('2D SPACE',''
  ) );
#5222 = ORIENTED_EDGE('',*,*,#5223,.F.);
#5223 = EDGE_CURVE('',#5224,#5197,#5226,.T.);
#5224 = VERTEX_POINT('',#5225);
#5225 = CARTESIAN_POINT('',(25.741853721678,106.67669705856,-2.));
#5226 = SURFACE_CURVE('',#5227,(#5232,#5239),.PCURVE_S1.);
#5227 = CIRCLE('',#5228,109.73860181519);
#5228 = AXIS2_PLACEMENT_3D('',#5229,#5230,#5231);
#5229 = CARTESIAN_POINT('',(0.,0.,-2.));
#5230 = DIRECTION('',(0.,0.,1.));
#5231 = DIRECTION('',(1.,0.,-0.));
#5232 = PCURVE('',#74,#5233);
#5233 = DEFINITIONAL_REPRESENTATION('',(#5234),#5238);
#5234 = LINE('',#5235,#5236);
#5235 = CARTESIAN_POINT('',(-0.,-7.));
#5236 = VECTOR('',#5237,1.);
#5237 = DIRECTION('',(-1.,-0.));
#5238 = ( GEOMETRIC_REPRESENTATION_CONTEXT(2) 
PARAMETRIC_REPRESENTATION_CONTEXT() REPRESENTATION_CONTEXT('2D SPACE',''
  ) );
#5239 = PCURVE('',#1442,#5240);
#5240 = DEFINITIONAL_REPRESENTATION('',(#5241),#5245);
#5241 = CIRCLE('',#5242,109.73860181519);
#5242 = AXIS2_PLACEMENT_2D('',#5243,#5244);
#5243 = CARTESIAN_POINT('',(3.,-60.));
#5244 = DIRECTION('',(0.978147600734,0.207911690818));
#5245 = ( GEOMETRIC_REPRESENTATION_CONTEXT(2) 
PARAMETRIC_REPRESENTATION_CONTEXT() REPRESENTATION_CONTEXT('2D SPACE',''
  ) );
#5246 = ORIENTED_EDGE('',*,*,#5247,.F.);
#5247 = EDGE_CURVE('',#5171,#5224,#5248,.T.);
#5248 = SURFACE_CURVE('',#5249,(#5254,#5264),.PCURVE_S1.);
#5249 = HYPERBOLA('',#5250,9.286290287604,3.);
#5250 = AXIS2_PLACEMENT_3D('',#5251,#5252,#5253);
#5251 = CARTESIAN_POINT('',(2.934442802201,-0.623735072453,
    337.68817073721));
#5252 = DIRECTION('',(0.978147600734,-0.207911690818,0.));
#5253 = DIRECTION('',(0.,-0.,-1.));
#5254 = PCURVE('',#74,#5255);
#5255 = DEFINITIONAL_REPRESENTATION('',(#5256),#5263);
#5256 = B_SPLINE_CURVE_WITH_KNOTS('',5,(#5257,#5258,#5259,#5260,#5261,
    #5262),.UNSPECIFIED.,.F.,.F.,(6,6),(4.225464658291,4.298321862656),
  .PIECEWISE_BEZIER_KNOTS.);
#5257 = CARTESIAN_POINT('',(-1.33212181795,-29.));
#5258 = CARTESIAN_POINT('',(-1.332547753324,-24.37280370648));
#5259 = CARTESIAN_POINT('',(-1.332965933898,-19.66129023821));
#5260 = CARTESIAN_POINT('',(-1.333376547761,-14.86341275583));
#5261 = CARTESIAN_POINT('',(-1.33377977618,-9.977049868629));
#5262 = CARTESIAN_POINT('',(-1.334175794074,-5.));
#5263 = ( GEOMETRIC_REPRESENTATION_CONTEXT(2) 
PARAMETRIC_REPRESENTATION_CONTEXT() REPRESENTATION_CONTEXT('2D SPACE',''
  ) );
#5264 = PCURVE('',#1415,#5265);
#5265 = DEFINITIONAL_REPRESENTATION('',(#5266),#5270);
#5266 = ( BOUNDED_CURVE() B_SPLINE_CURVE(2,(#5267,#5268,#5269),
.UNSPECIFIED.,.F.,.F.) B_SPLINE_CURVE_WITH_KNOTS((3,3),(4.225464658291,
4.298321862656),.PIECEWISE_BEZIER_KNOTS.) CURVE() 
GEOMETRIC_REPRESENTATION_ITEM() RATIONAL_B_SPLINE_CURVE((1.,
1.000663594909,1.)) REPRESENTATION_ITEM('') );
#5267 = CARTESIAN_POINT('',(22.,-42.5874947557));
#5268 = CARTESIAN_POINT('',(10.437123625379,-46.32455845476));
#5269 = CARTESIAN_POINT('',(-2.,-50.34394153817));
#5270 = ( GEOMETRIC_REPRESENTATION_CONTEXT(2) 
PARAMETRIC_REPRESENTATION_CONTEXT() REPRESENTATION_CONTEXT('2D SPACE',''
  ) );
#5271 = FACE_BOUND('',#5272,.T.);
#5272 = EDGE_LOOP('',(#5273,#5299,#5326,#5350));
#5273 = ORIENTED_EDGE('',*,*,#5274,.T.);
#5274 = EDGE_CURVE('',#5275,#5277,#5279,.T.);
#5275 = VERTEX_POINT('',#5276);
#5276 = CARTESIAN_POINT('',(3.,103.23388300397,18.));
#5277 = VERTEX_POINT('',#5278);
#5278 = CARTESIAN_POINT('',(-3.,103.23388300397,18.));
#5279 = SURFACE_CURVE('',#5280,(#5285,#5292),.PCURVE_S1.);
#5280 = CIRCLE('',#5281,103.2774641443);
#5281 = AXIS2_PLACEMENT_3D('',#5282,#5283,#5284);
#5282 = CARTESIAN_POINT('',(0.,0.,18.));
#5283 = DIRECTION('',(0.,0.,1.));
#5284 = DIRECTION('',(1.,0.,-0.));
#5285 = PCURVE('',#74,#5286);
#5286 = DEFINITIONAL_REPRESENTATION('',(#5287),#5291);
#5287 = LINE('',#5288,#5289);
#5288 = CARTESIAN_POINT('',(-0.,-27.));
#5289 = VECTOR('',#5290,1.);
#5290 = DIRECTION('',(-1.,-0.));
#5291 = ( GEOMETRIC_REPRESENTATION_CONTEXT(2) 
PARAMETRIC_REPRESENTATION_CONTEXT() REPRESENTATION_CONTEXT('2D SPACE',''
  ) );
#5292 = PCURVE('',#1511,#5293);
#5293 = DEFINITIONAL_REPRESENTATION('',(#5294),#5298);
#5294 = CIRCLE('',#5295,103.2774641443);
#5295 = AXIS2_PLACEMENT_2D('',#5296,#5297);
#5296 = CARTESIAN_POINT('',(3.,-60.));
#5297 = DIRECTION('',(1.,0.));
#5298 = ( GEOMETRIC_REPRESENTATION_CONTEXT(2) 
PARAMETRIC_REPRESENTATION_CONTEXT() REPRESENTATION_CONTEXT('2D SPACE',''
  ) );
#5299 = ORIENTED_EDGE('',*,*,#5300,.T.);
#5300 = EDGE_CURVE('',#5277,#5301,#5303,.T.);
#5301 = VERTEX_POINT('',#5302);
#5302 = CARTESIAN_POINT('',(-3.,109.69758761409,-2.));
#5303 = SURFACE_CURVE('',#5304,(#5309,#5319),.PCURVE_S1.);
#5304 = HYPERBOLA('',#5305,9.286290287604,3.);
#5305 = AXIS2_PLACEMENT_3D('',#5306,#5307,#5308);
#5306 = CARTESIAN_POINT('',(-3.,0.,337.68817073721));
#5307 = DIRECTION('',(1.,0.,0.));
#5308 = DIRECTION('',(0.,0.,-1.));
#5309 = PCURVE('',#74,#5310);
#5310 = DEFINITIONAL_REPRESENTATION('',(#5311),#5318);
#5311 = B_SPLINE_CURVE_WITH_KNOTS('',5,(#5312,#5313,#5314,#5315,#5316,
    #5317),.UNSPECIFIED.,.F.,.F.,(6,6),(4.225464658291,4.298321862656),
  .PIECEWISE_BEZIER_KNOTS.);
#5312 = CARTESIAN_POINT('',(-1.600031325401,-29.));
#5313 = CARTESIAN_POINT('',(-1.599605390027,-24.37280370648));
#5314 = CARTESIAN_POINT('',(-1.599187209452,-19.66129023821));
#5315 = CARTESIAN_POINT('',(-1.598776595589,-14.86341275583));
#5316 = CARTESIAN_POINT('',(-1.59837336717,-9.977049868629));
#5317 = CARTESIAN_POINT('',(-1.597977349276,-5.));
#5318 = ( GEOMETRIC_REPRESENTATION_CONTEXT(2) 
PARAMETRIC_REPRESENTATION_CONTEXT() REPRESENTATION_CONTEXT('2D SPACE',''
  ) );
#5319 = PCURVE('',#1482,#5320);
#5320 = DEFINITIONAL_REPRESENTATION('',(#5321),#5325);
#5321 = ( BOUNDED_CURVE() B_SPLINE_CURVE(2,(#5322,#5323,#5324),
.UNSPECIFIED.,.F.,.F.) B_SPLINE_CURVE_WITH_KNOTS((3,3),(4.225464658291,
4.298321862656),.PIECEWISE_BEZIER_KNOTS.) CURVE() 
GEOMETRIC_REPRESENTATION_ITEM() RATIONAL_B_SPLINE_CURVE((1.,
1.000663594909,1.)) REPRESENTATION_ITEM('') );
#5322 = CARTESIAN_POINT('',(22.,-42.5874947557));
#5323 = CARTESIAN_POINT('',(10.437123625379,-46.32455845476));
#5324 = CARTESIAN_POINT('',(-2.,-50.34394153817));
#5325 = ( GEOMETRIC_REPRESENTATION_CONTEXT(2) 
PARAMETRIC_REPRESENTATION_CONTEXT() REPRESENTATION_CONTEXT('2D SPACE',''
  ) );
#5326 = ORIENTED_EDGE('',*,*,#5327,.F.);
#5327 = EDGE_CURVE('',#5328,#5301,#5330,.T.);
#5328 = VERTEX_POINT('',#5329);
#5329 = CARTESIAN_POINT('',(3.,109.69758761409,-2.));
#5330 = SURFACE_CURVE('',#5331,(#5336,#5343),.PCURVE_S1.);
#5331 = CIRCLE('',#5332,109.73860181519);
#5332 = AXIS2_PLACEMENT_3D('',#5333,#5334,#5335);
#5333 = CARTESIAN_POINT('',(0.,0.,-2.));
#5334 = DIRECTION('',(0.,0.,1.));
#5335 = DIRECTION('',(1.,0.,-0.));
#5336 = PCURVE('',#74,#5337);
#5337 = DEFINITIONAL_REPRESENTATION('',(#5338),#5342);
#5338 = LINE('',#5339,#5340);
#5339 = CARTESIAN_POINT('',(-0.,-7.));
#5340 = VECTOR('',#5341,1.);
#5341 = DIRECTION('',(-1.,-0.));
#5342 = ( GEOMETRIC_REPRESENTATION_CONTEXT(2) 
PARAMETRIC_REPRESENTATION_CONTEXT() REPRESENTATION_CONTEXT('2D SPACE',''
  ) );
#5343 = PCURVE('',#1574,#5344);
#5344 = DEFINITIONAL_REPRESENTATION('',(#5345),#5349);
#5345 = CIRCLE('',#5346,109.73860181519);
#5346 = AXIS2_PLACEMENT_2D('',#5347,#5348);
#5347 = CARTESIAN_POINT('',(3.,-60.));
#5348 = DIRECTION('',(1.,0.));
#5349 = ( GEOMETRIC_REPRESENTATION_CONTEXT(2) 
PARAMETRIC_REPRESENTATION_CONTEXT() REPRESENTATION_CONTEXT('2D SPACE',''
  ) );
#5350 = ORIENTED_EDGE('',*,*,#5351,.F.);
#5351 = EDGE_CURVE('',#5275,#5328,#5352,.T.);
#5352 = SURFACE_CURVE('',#5353,(#5358,#5368),.PCURVE_S1.);
#5353 = HYPERBOLA('',#5354,9.286290287604,3.);
#5354 = AXIS2_PLACEMENT_3D('',#5355,#5356,#5357);
#5355 = CARTESIAN_POINT('',(3.,0.,337.68817073721));
#5356 = DIRECTION('',(1.,0.,0.));
#5357 = DIRECTION('',(0.,0.,-1.));
#5358 = PCURVE('',#74,#5359);
#5359 = DEFINITIONAL_REPRESENTATION('',(#5360),#5367);
#5360 = B_SPLINE_CURVE_WITH_KNOTS('',5,(#5361,#5362,#5363,#5364,#5365,
    #5366),.UNSPECIFIED.,.F.,.F.,(6,6),(4.225464658291,4.298321862656),
  .PIECEWISE_BEZIER_KNOTS.);
#5361 = CARTESIAN_POINT('',(-1.541561328189,-29.));
#5362 = CARTESIAN_POINT('',(-1.541987263563,-24.37280370648));
#5363 = CARTESIAN_POINT('',(-1.542405444137,-19.66129023821));
#5364 = CARTESIAN_POINT('',(-1.542816058001,-14.86341275583));
#5365 = CARTESIAN_POINT('',(-1.543219286419,-9.977049868629));
#5366 = CARTESIAN_POINT('',(-1.543615304314,-5.));
#5367 = ( GEOMETRIC_REPRESENTATION_CONTEXT(2) 
PARAMETRIC_REPRESENTATION_CONTEXT() REPRESENTATION_CONTEXT('2D SPACE',''
  ) );
#5368 = PCURVE('',#1547,#5369);
#5369 = DEFINITIONAL_REPRESENTATION('',(#5370),#5374);
#5370 = ( BOUNDED_CURVE() B_SPLINE_CURVE(2,(#5371,#5372,#5373),
.UNSPECIFIED.,.F.,.F.) B_SPLINE_CURVE_WITH_KNOTS((3,3),(4.225464658291,
4.298321862656),.PIECEWISE_BEZIER_KNOTS.) CURVE() 
GEOMETRIC_REPRESENTATION_ITEM() RATIONAL_B_SPLINE_CURVE((1.,
1.000663594909,1.)) REPRESENTATION_ITEM('') );
#5371 = CARTESIAN_POINT('',(22.,-42.5874947557));
#5372 = CARTESIAN_POINT('',(10.437123625379,-46.32455845476));
#5373 = CARTESIAN_POINT('',(-2.,-50.34394153817));
#5374 = ( GEOMETRIC_REPRESENTATION_CONTEXT(2) 
PARAMETRIC_REPRESENTATION_CONTEXT() REPRESENTATION_CONTEXT('2D SPACE',''
  ) );
#5375 = FACE_BOUND('',#5376,.T.);
#5376 = EDGE_LOOP('',(#5377,#5403,#5430,#5454));
#5377 = ORIENTED_EDGE('',*,*,#5378,.T.);
#5378 = EDGE_CURVE('',#5379,#5381,#5383,.T.);
#5379 = VERTEX_POINT('',#5380);
#5380 = CARTESIAN_POINT('',(-18.52908836283,101.60171004722,18.));
#5381 = VERTEX_POINT('',#5382);
#5382 = CARTESIAN_POINT('',(-24.39797396724,100.35423990232,18.));
#5383 = SURFACE_CURVE('',#5384,(#5389,#5396),.PCURVE_S1.);
#5384 = CIRCLE('',#5385,103.2774641443);
#5385 = AXIS2_PLACEMENT_3D('',#5386,#5387,#5388);
#5386 = CARTESIAN_POINT('',(0.,0.,18.));
#5387 = DIRECTION('',(0.,0.,1.));
#5388 = DIRECTION('',(1.,0.,-0.));
#5389 = PCURVE('',#74,#5390);
#5390 = DEFINITIONAL_REPRESENTATION('',(#5391),#5395);
#5391 = LINE('',#5392,#5393);
#5392 = CARTESIAN_POINT('',(-0.,-27.));
#5393 = VECTOR('',#5394,1.);
#5394 = DIRECTION('',(-1.,-0.));
#5395 = ( GEOMETRIC_REPRESENTATION_CONTEXT(2) 
PARAMETRIC_REPRESENTATION_CONTEXT() REPRESENTATION_CONTEXT('2D SPACE',''
  ) );
#5396 = PCURVE('',#1643,#5397);
#5397 = DEFINITIONAL_REPRESENTATION('',(#5398),#5402);
#5398 = CIRCLE('',#5399,103.2774641443);
#5399 = AXIS2_PLACEMENT_2D('',#5400,#5401);
#5400 = CARTESIAN_POINT('',(3.,-60.));
#5401 = DIRECTION('',(0.978147600734,-0.207911690818));
#5402 = ( GEOMETRIC_REPRESENTATION_CONTEXT(2) 
PARAMETRIC_REPRESENTATION_CONTEXT() REPRESENTATION_CONTEXT('2D SPACE',''
  ) );
#5403 = ORIENTED_EDGE('',*,*,#5404,.T.);
#5404 = EDGE_CURVE('',#5381,#5405,#5407,.T.);
#5405 = VERTEX_POINT('',#5406);
#5406 = CARTESIAN_POINT('',(-25.74185372167,106.67669705856,-2.));
#5407 = SURFACE_CURVE('',#5408,(#5413,#5423),.PCURVE_S1.);
#5408 = HYPERBOLA('',#5409,9.286290287604,3.);
#5409 = AXIS2_PLACEMENT_3D('',#5410,#5411,#5412);
#5410 = CARTESIAN_POINT('',(-2.934442802201,-0.623735072453,
    337.68817073721));
#5411 = DIRECTION('',(0.978147600734,0.207911690818,0.));
#5412 = DIRECTION('',(0.,0.,-1.));
#5413 = PCURVE('',#74,#5414);
#5414 = DEFINITIONAL_REPRESENTATION('',(#5415),#5422);
#5415 = B_SPLINE_CURVE_WITH_KNOTS('',5,(#5416,#5417,#5418,#5419,#5420,
    #5421),.UNSPECIFIED.,.F.,.F.,(6,6),(4.225464658291,4.298321862656),
  .PIECEWISE_BEZIER_KNOTS.);
#5416 = CARTESIAN_POINT('',(-1.80947083564,-29.));
#5417 = CARTESIAN_POINT('',(-1.809044900266,-24.37280370648));
#5418 = CARTESIAN_POINT('',(-1.808626719692,-19.66129023822));
#5419 = CARTESIAN_POINT('',(-1.808216105829,-14.86341275584));
#5420 = CARTESIAN_POINT('',(-1.80781287741,-9.977049868629));
#5421 = CARTESIAN_POINT('',(-1.807416859516,-5.));
#5422 = ( GEOMETRIC_REPRESENTATION_CONTEXT(2) 
PARAMETRIC_REPRESENTATION_CONTEXT() REPRESENTATION_CONTEXT('2D SPACE',''
  ) );
#5423 = PCURVE('',#1614,#5424);
#5424 = DEFINITIONAL_REPRESENTATION('',(#5425),#5429);
#5425 = ( BOUNDED_CURVE() B_SPLINE_CURVE(2,(#5426,#5427,#5428),
.UNSPECIFIED.,.F.,.F.) B_SPLINE_CURVE_WITH_KNOTS((3,3),(4.225464658291,
4.298321862656),.PIECEWISE_BEZIER_KNOTS.) CURVE() 
GEOMETRIC_REPRESENTATION_ITEM() RATIONAL_B_SPLINE_CURVE((1.,
1.000663594909,1.)) REPRESENTATION_ITEM('') );
#5426 = CARTESIAN_POINT('',(22.,-42.5874947557));
#5427 = CARTESIAN_POINT('',(10.437123625378,-46.32455845476));
#5428 = CARTESIAN_POINT('',(-2.,-50.34394153817));
#5429 = ( GEOMETRIC_REPRESENTATION_CONTEXT(2) 
PARAMETRIC_REPRESENTATION_CONTEXT() REPRESENTATION_CONTEXT('2D SPACE',''
  ) );
#5430 = ORIENTED_EDGE('',*,*,#5431,.F.);
#5431 = EDGE_CURVE('',#5432,#5405,#5434,.T.);
#5432 = VERTEX_POINT('',#5433);
#5433 = CARTESIAN_POINT('',(-19.87296811727,107.92416720347,-2.));
#5434 = SURFACE_CURVE('',#5435,(#5440,#5447),.PCURVE_S1.);
#5435 = CIRCLE('',#5436,109.73860181519);
#5436 = AXIS2_PLACEMENT_3D('',#5437,#5438,#5439);
#5437 = CARTESIAN_POINT('',(0.,0.,-2.));
#5438 = DIRECTION('',(0.,0.,1.));
#5439 = DIRECTION('',(1.,0.,-0.));
#5440 = PCURVE('',#74,#5441);
#5441 = DEFINITIONAL_REPRESENTATION('',(#5442),#5446);
#5442 = LINE('',#5443,#5444);
#5443 = CARTESIAN_POINT('',(-0.,-7.));
#5444 = VECTOR('',#5445,1.);
#5445 = DIRECTION('',(-1.,-0.));
#5446 = ( GEOMETRIC_REPRESENTATION_CONTEXT(2) 
PARAMETRIC_REPRESENTATION_CONTEXT() REPRESENTATION_CONTEXT('2D SPACE',''
  ) );
#5447 = PCURVE('',#1706,#5448);
#5448 = DEFINITIONAL_REPRESENTATION('',(#5449),#5453);
#5449 = CIRCLE('',#5450,109.73860181519);
#5450 = AXIS2_PLACEMENT_2D('',#5451,#5452);
#5451 = CARTESIAN_POINT('',(3.,-60.));
#5452 = DIRECTION('',(0.978147600734,-0.207911690818));
#5453 = ( GEOMETRIC_REPRESENTATION_CONTEXT(2) 
PARAMETRIC_REPRESENTATION_CONTEXT() REPRESENTATION_CONTEXT('2D SPACE',''
  ) );
#5454 = ORIENTED_EDGE('',*,*,#5455,.F.);
#5455 = EDGE_CURVE('',#5379,#5432,#5456,.T.);
#5456 = SURFACE_CURVE('',#5457,(#5462,#5472),.PCURVE_S1.);
#5457 = HYPERBOLA('',#5458,9.286290287604,3.);
#5458 = AXIS2_PLACEMENT_3D('',#5459,#5460,#5461);
#5459 = CARTESIAN_POINT('',(2.934442802201,0.623735072453,
    337.68817073721));
#5460 = DIRECTION('',(0.978147600734,0.207911690818,0.));
#5461 = DIRECTION('',(0.,0.,-1.));
#5462 = PCURVE('',#74,#5463);
#5463 = DEFINITIONAL_REPRESENTATION('',(#5464),#5471);
#5464 = B_SPLINE_CURVE_WITH_KNOTS('',5,(#5465,#5466,#5467,#5468,#5469,
    #5470),.UNSPECIFIED.,.F.,.F.,(6,6),(4.225464658291,4.298321862656),
  .PIECEWISE_BEZIER_KNOTS.);
#5465 = CARTESIAN_POINT('',(-1.751000838428,-29.));
#5466 = CARTESIAN_POINT('',(-1.751426773803,-24.37280370648));
#5467 = CARTESIAN_POINT('',(-1.751844954377,-19.66129023822));
#5468 = CARTESIAN_POINT('',(-1.75225556824,-14.86341275583));
#5469 = CARTESIAN_POINT('',(-1.752658796659,-9.977049868629));
#5470 = CARTESIAN_POINT('',(-1.753054814553,-5.));
#5471 = ( GEOMETRIC_REPRESENTATION_CONTEXT(2) 
PARAMETRIC_REPRESENTATION_CONTEXT() REPRESENTATION_CONTEXT('2D SPACE',''
  ) );
#5472 = PCURVE('',#1679,#5473);
#5473 = DEFINITIONAL_REPRESENTATION('',(#5474),#5478);
#5474 = ( BOUNDED_CURVE() B_SPLINE_CURVE(2,(#5475,#5476,#5477),
.UNSPECIFIED.,.F.,.F.) B_SPLINE_CURVE_WITH_KNOTS((3,3),(4.225464658291,
4.298321862656),.PIECEWISE_BEZIER_KNOTS.) CURVE() 
GEOMETRIC_REPRESENTATION_ITEM() RATIONAL_B_SPLINE_CURVE((1.,
1.000663594909,1.)) REPRESENTATION_ITEM('') );
#5475 = CARTESIAN_POINT('',(22.,-42.5874947557));
#5476 = CARTESIAN_POINT('',(10.437123625378,-46.32455845476));
#5477 = CARTESIAN_POINT('',(-2.,-50.34394153817));
#5478 = ( GEOMETRIC_REPRESENTATION_CONTEXT(2) 
PARAMETRIC_REPRESENTATION_CONTEXT() REPRESENTATION_CONTEXT('2D SPACE',''
  ) );
#5479 = FACE_BOUND('',#5480,.T.);
#5480 = EDGE_LOOP('',(#5481,#5507,#5534,#5558));
#5481 = ORIENTED_EDGE('',*,*,#5482,.T.);
#5482 = EDGE_CURVE('',#5483,#5485,#5487,.T.);
#5483 = VERTEX_POINT('',#5484);
#5484 = CARTESIAN_POINT('',(-39.24836665178,95.529054822317,18.));
#5485 = VERTEX_POINT('',#5486);
#5486 = CARTESIAN_POINT('',(-44.72963939764,93.088634963863,18.));
#5487 = SURFACE_CURVE('',#5488,(#5493,#5500),.PCURVE_S1.);
#5488 = CIRCLE('',#5489,103.2774641443);
#5489 = AXIS2_PLACEMENT_3D('',#5490,#5491,#5492);
#5490 = CARTESIAN_POINT('',(0.,0.,18.));
#5491 = DIRECTION('',(0.,0.,1.));
#5492 = DIRECTION('',(1.,0.,-0.));
#5493 = PCURVE('',#74,#5494);
#5494 = DEFINITIONAL_REPRESENTATION('',(#5495),#5499);
#5495 = LINE('',#5496,#5497);
#5496 = CARTESIAN_POINT('',(-0.,-27.));
#5497 = VECTOR('',#5498,1.);
#5498 = DIRECTION('',(-1.,-0.));
#5499 = ( GEOMETRIC_REPRESENTATION_CONTEXT(2) 
PARAMETRIC_REPRESENTATION_CONTEXT() REPRESENTATION_CONTEXT('2D SPACE',''
  ) );
#5500 = PCURVE('',#1775,#5501);
#5501 = DEFINITIONAL_REPRESENTATION('',(#5502),#5506);
#5502 = CIRCLE('',#5503,103.2774641443);
#5503 = AXIS2_PLACEMENT_2D('',#5504,#5505);
#5504 = CARTESIAN_POINT('',(3.,-60.));
#5505 = DIRECTION('',(0.913545457643,-0.406736643076));
#5506 = ( GEOMETRIC_REPRESENTATION_CONTEXT(2) 
PARAMETRIC_REPRESENTATION_CONTEXT() REPRESENTATION_CONTEXT('2D SPACE',''
  ) );
#5507 = ORIENTED_EDGE('',*,*,#5508,.T.);
#5508 = EDGE_CURVE('',#5485,#5509,#5511,.T.);
#5509 = VERTEX_POINT('',#5510);
#5510 = CARTESIAN_POINT('',(-47.3586649126,98.993522949984,-2.));
#5511 = SURFACE_CURVE('',#5512,(#5517,#5527),.PCURVE_S1.);
#5512 = HYPERBOLA('',#5513,9.286290287604,3.);
#5513 = AXIS2_PLACEMENT_3D('',#5514,#5515,#5516);
#5514 = CARTESIAN_POINT('',(-2.740636372928,-1.220209929227,
    337.68817073721));
#5515 = DIRECTION('',(0.913545457643,0.406736643076,0.));
#5516 = DIRECTION('',(0.,0.,-1.));
#5517 = PCURVE('',#74,#5518);
#5518 = DEFINITIONAL_REPRESENTATION('',(#5519),#5526);
#5519 = B_SPLINE_CURVE_WITH_KNOTS('',5,(#5520,#5521,#5522,#5523,#5524,
    #5525),.UNSPECIFIED.,.F.,.F.,(6,6),(4.225464658291,4.298321862656),
  .PIECEWISE_BEZIER_KNOTS.);
#5520 = CARTESIAN_POINT('',(-2.018910345879,-29.));
#5521 = CARTESIAN_POINT('',(-2.018484410505,-24.37280370648));
#5522 = CARTESIAN_POINT('',(-2.018066229931,-19.66129023821));
#5523 = CARTESIAN_POINT('',(-2.017655616068,-14.86341275583));
#5524 = CARTESIAN_POINT('',(-2.017252387649,-9.977049868629));
#5525 = CARTESIAN_POINT('',(-2.016856369755,-5.));
#5526 = ( GEOMETRIC_REPRESENTATION_CONTEXT(2) 
PARAMETRIC_REPRESENTATION_CONTEXT() REPRESENTATION_CONTEXT('2D SPACE',''
  ) );
#5527 = PCURVE('',#1746,#5528);
#5528 = DEFINITIONAL_REPRESENTATION('',(#5529),#5533);
#5529 = ( BOUNDED_CURVE() B_SPLINE_CURVE(2,(#5530,#5531,#5532),
.UNSPECIFIED.,.F.,.F.) B_SPLINE_CURVE_WITH_KNOTS((3,3),(4.225464658291,
4.298321862656),.PIECEWISE_BEZIER_KNOTS.) CURVE() 
GEOMETRIC_REPRESENTATION_ITEM() RATIONAL_B_SPLINE_CURVE((1.,
1.000663594909,1.)) REPRESENTATION_ITEM('') );
#5530 = CARTESIAN_POINT('',(22.,-42.5874947557));
#5531 = CARTESIAN_POINT('',(10.437123625379,-46.32455845476));
#5532 = CARTESIAN_POINT('',(-2.,-50.34394153817));
#5533 = ( GEOMETRIC_REPRESENTATION_CONTEXT(2) 
PARAMETRIC_REPRESENTATION_CONTEXT() REPRESENTATION_CONTEXT('2D SPACE',''
  ) );
#5534 = ORIENTED_EDGE('',*,*,#5535,.F.);
#5535 = EDGE_CURVE('',#5536,#5509,#5538,.T.);
#5536 = VERTEX_POINT('',#5537);
#5537 = CARTESIAN_POINT('',(-41.87739216674,101.43394280843,-2.));
#5538 = SURFACE_CURVE('',#5539,(#5544,#5551),.PCURVE_S1.);
#5539 = CIRCLE('',#5540,109.73860181519);
#5540 = AXIS2_PLACEMENT_3D('',#5541,#5542,#5543);
#5541 = CARTESIAN_POINT('',(0.,0.,-2.));
#5542 = DIRECTION('',(0.,0.,1.));
#5543 = DIRECTION('',(1.,0.,-0.));
#5544 = PCURVE('',#74,#5545);
#5545 = DEFINITIONAL_REPRESENTATION('',(#5546),#5550);
#5546 = LINE('',#5547,#5548);
#5547 = CARTESIAN_POINT('',(-0.,-7.));
#5548 = VECTOR('',#5549,1.);
#5549 = DIRECTION('',(-1.,-0.));
#5550 = ( GEOMETRIC_REPRESENTATION_CONTEXT(2) 
PARAMETRIC_REPRESENTATION_CONTEXT() REPRESENTATION_CONTEXT('2D SPACE',''
  ) );
#5551 = PCURVE('',#1838,#5552);
#5552 = DEFINITIONAL_REPRESENTATION('',(#5553),#5557);
#5553 = CIRCLE('',#5554,109.73860181519);
#5554 = AXIS2_PLACEMENT_2D('',#5555,#5556);
#5555 = CARTESIAN_POINT('',(3.,-60.));
#5556 = DIRECTION('',(0.913545457643,-0.406736643076));
#5557 = ( GEOMETRIC_REPRESENTATION_CONTEXT(2) 
PARAMETRIC_REPRESENTATION_CONTEXT() REPRESENTATION_CONTEXT('2D SPACE',''
  ) );
#5558 = ORIENTED_EDGE('',*,*,#5559,.F.);
#5559 = EDGE_CURVE('',#5483,#5536,#5560,.T.);
#5560 = SURFACE_CURVE('',#5561,(#5566,#5576),.PCURVE_S1.);
#5561 = HYPERBOLA('',#5562,9.286290287604,3.);
#5562 = AXIS2_PLACEMENT_3D('',#5563,#5564,#5565);
#5563 = CARTESIAN_POINT('',(2.740636372928,1.220209929227,
    337.68817073721));
#5564 = DIRECTION('',(0.913545457643,0.406736643076,0.));
#5565 = DIRECTION('',(0.,0.,-1.));
#5566 = PCURVE('',#74,#5567);
#5567 = DEFINITIONAL_REPRESENTATION('',(#5568),#5575);
#5568 = B_SPLINE_CURVE_WITH_KNOTS('',5,(#5569,#5570,#5571,#5572,#5573,
    #5574),.UNSPECIFIED.,.F.,.F.,(6,6),(4.225464658291,4.298321862656),
  .PIECEWISE_BEZIER_KNOTS.);
#5569 = CARTESIAN_POINT('',(-1.960440348668,-29.));
#5570 = CARTESIAN_POINT('',(-1.960866284042,-24.37280370648));
#5571 = CARTESIAN_POINT('',(-1.961284464616,-19.66129023822));
#5572 = CARTESIAN_POINT('',(-1.961695078479,-14.86341275583));
#5573 = CARTESIAN_POINT('',(-1.962098306898,-9.977049868629));
#5574 = CARTESIAN_POINT('',(-1.962494324792,-5.));
#5575 = ( GEOMETRIC_REPRESENTATION_CONTEXT(2) 
PARAMETRIC_REPRESENTATION_CONTEXT() REPRESENTATION_CONTEXT('2D SPACE',''
  ) );
#5576 = PCURVE('',#1811,#5577);
#5577 = DEFINITIONAL_REPRESENTATION('',(#5578),#5582);
#5578 = ( BOUNDED_CURVE() B_SPLINE_CURVE(2,(#5579,#5580,#5581),
.UNSPECIFIED.,.F.,.F.) B_SPLINE_CURVE_WITH_KNOTS((3,3),(4.225464658291,
4.298321862656),.PIECEWISE_BEZIER_KNOTS.) CURVE() 
GEOMETRIC_REPRESENTATION_ITEM() RATIONAL_B_SPLINE_CURVE((1.,
1.000663594909,1.)) REPRESENTATION_ITEM('') );
#5579 = CARTESIAN_POINT('',(22.,-42.5874947557));
#5580 = CARTESIAN_POINT('',(10.437123625378,-46.32455845476));
#5581 = CARTESIAN_POINT('',(-2.,-50.34394153817));
#5582 = ( GEOMETRIC_REPRESENTATION_CONTEXT(2) 
PARAMETRIC_REPRESENTATION_CONTEXT() REPRESENTATION_CONTEXT('2D SPACE',''
  ) );
#5583 = FACE_BOUND('',#5584,.T.);
#5584 = EDGE_LOOP('',(#5585,#5611,#5638,#5662));
#5585 = ORIENTED_EDGE('',*,*,#5586,.T.);
#5586 = EDGE_CURVE('',#5587,#5589,#5591,.T.);
#5587 = VERTEX_POINT('',#5588);
#5588 = CARTESIAN_POINT('',(-58.25230298349,85.281321502409,18.));
#5589 = VERTEX_POINT('',#5590);
#5590 = CARTESIAN_POINT('',(-63.10640494974,81.754609988654,18.));
#5591 = SURFACE_CURVE('',#5592,(#5597,#5604),.PCURVE_S1.);
#5592 = CIRCLE('',#5593,103.2774641443);
#5593 = AXIS2_PLACEMENT_3D('',#5594,#5595,#5596);
#5594 = CARTESIAN_POINT('',(0.,0.,18.));
#5595 = DIRECTION('',(0.,0.,1.));
#5596 = DIRECTION('',(1.,0.,-0.));
#5597 = PCURVE('',#74,#5598);
#5598 = DEFINITIONAL_REPRESENTATION('',(#5599),#5603);
#5599 = LINE('',#5600,#5601);
#5600 = CARTESIAN_POINT('',(-0.,-27.));
#5601 = VECTOR('',#5602,1.);
#5602 = DIRECTION('',(-1.,-0.));
#5603 = ( GEOMETRIC_REPRESENTATION_CONTEXT(2) 
PARAMETRIC_REPRESENTATION_CONTEXT() REPRESENTATION_CONTEXT('2D SPACE',''
  ) );
#5604 = PCURVE('',#1907,#5605);
#5605 = DEFINITIONAL_REPRESENTATION('',(#5606),#5610);
#5606 = CIRCLE('',#5607,103.2774641443);
#5607 = AXIS2_PLACEMENT_2D('',#5608,#5609);
#5608 = CARTESIAN_POINT('',(3.,-60.));
#5609 = DIRECTION('',(0.809016994375,-0.587785252292));
#5610 = ( GEOMETRIC_REPRESENTATION_CONTEXT(2) 
PARAMETRIC_REPRESENTATION_CONTEXT() REPRESENTATION_CONTEXT('2D SPACE',''
  ) );
#5611 = ORIENTED_EDGE('',*,*,#5612,.T.);
#5612 = EDGE_CURVE('',#5589,#5613,#5615,.T.);
#5613 = VERTEX_POINT('',#5614);
#5614 = CARTESIAN_POINT('',(-66.90567519475,86.983856864864,-2.));
#5615 = SURFACE_CURVE('',#5616,(#5621,#5631),.PCURVE_S1.);
#5616 = HYPERBOLA('',#5617,9.286290287604,3.);
#5617 = AXIS2_PLACEMENT_3D('',#5618,#5619,#5620);
#5618 = CARTESIAN_POINT('',(-2.427050983125,-1.763355756877,
    337.68817073721));
#5619 = DIRECTION('',(0.809016994375,0.587785252292,0.));
#5620 = DIRECTION('',(0.,0.,-1.));
#5621 = PCURVE('',#74,#5622);
#5622 = DEFINITIONAL_REPRESENTATION('',(#5623),#5630);
#5623 = B_SPLINE_CURVE_WITH_KNOTS('',5,(#5624,#5625,#5626,#5627,#5628,
    #5629),.UNSPECIFIED.,.F.,.F.,(6,6),(4.225464658291,4.298321862656),
  .PIECEWISE_BEZIER_KNOTS.);
#5624 = CARTESIAN_POINT('',(-2.228349856119,-29.));
#5625 = CARTESIAN_POINT('',(-2.227923920745,-24.37280370648));
#5626 = CARTESIAN_POINT('',(-2.22750574017,-19.66129023822));
#5627 = CARTESIAN_POINT('',(-2.227095126307,-14.86341275584));
#5628 = CARTESIAN_POINT('',(-2.226691897888,-9.977049868629));
#5629 = CARTESIAN_POINT('',(-2.226295879994,-5.));
#5630 = ( GEOMETRIC_REPRESENTATION_CONTEXT(2) 
PARAMETRIC_REPRESENTATION_CONTEXT() REPRESENTATION_CONTEXT('2D SPACE',''
  ) );
#5631 = PCURVE('',#1878,#5632);
#5632 = DEFINITIONAL_REPRESENTATION('',(#5633),#5637);
#5633 = ( BOUNDED_CURVE() B_SPLINE_CURVE(2,(#5634,#5635,#5636),
.UNSPECIFIED.,.F.,.F.) B_SPLINE_CURVE_WITH_KNOTS((3,3),(4.225464658291,
4.298321862656),.PIECEWISE_BEZIER_KNOTS.) CURVE() 
GEOMETRIC_REPRESENTATION_ITEM() RATIONAL_B_SPLINE_CURVE((1.,
1.000663594909,1.)) REPRESENTATION_ITEM('') );
#5634 = CARTESIAN_POINT('',(22.,-42.5874947557));
#5635 = CARTESIAN_POINT('',(10.437123625378,-46.32455845476));
#5636 = CARTESIAN_POINT('',(-2.,-50.34394153817));
#5637 = ( GEOMETRIC_REPRESENTATION_CONTEXT(2) 
PARAMETRIC_REPRESENTATION_CONTEXT() REPRESENTATION_CONTEXT('2D SPACE',''
  ) );
#5638 = ORIENTED_EDGE('',*,*,#5639,.F.);
#5639 = EDGE_CURVE('',#5640,#5613,#5642,.T.);
#5640 = VERTEX_POINT('',#5641);
#5641 = CARTESIAN_POINT('',(-62.0515732285,90.510568378618,-2.));
#5642 = SURFACE_CURVE('',#5643,(#5648,#5655),.PCURVE_S1.);
#5643 = CIRCLE('',#5644,109.73860181519);
#5644 = AXIS2_PLACEMENT_3D('',#5645,#5646,#5647);
#5645 = CARTESIAN_POINT('',(0.,0.,-2.));
#5646 = DIRECTION('',(0.,0.,1.));
#5647 = DIRECTION('',(1.,0.,-0.));
#5648 = PCURVE('',#74,#5649);
#5649 = DEFINITIONAL_REPRESENTATION('',(#5650),#5654);
#5650 = LINE('',#5651,#5652);
#5651 = CARTESIAN_POINT('',(-0.,-7.));
#5652 = VECTOR('',#5653,1.);
#5653 = DIRECTION('',(-1.,-0.));
#5654 = ( GEOMETRIC_REPRESENTATION_CONTEXT(2) 
PARAMETRIC_REPRESENTATION_CONTEXT() REPRESENTATION_CONTEXT('2D SPACE',''
  ) );
#5655 = PCURVE('',#1970,#5656);
#5656 = DEFINITIONAL_REPRESENTATION('',(#5657),#5661);
#5657 = CIRCLE('',#5658,109.73860181519);
#5658 = AXIS2_PLACEMENT_2D('',#5659,#5660);
#5659 = CARTESIAN_POINT('',(3.,-60.));
#5660 = DIRECTION('',(0.809016994375,-0.587785252292));
#5661 = ( GEOMETRIC_REPRESENTATION_CONTEXT(2) 
PARAMETRIC_REPRESENTATION_CONTEXT() REPRESENTATION_CONTEXT('2D SPACE',''
  ) );
#5662 = ORIENTED_EDGE('',*,*,#5663,.F.);
#5663 = EDGE_CURVE('',#5587,#5640,#5664,.T.);
#5664 = SURFACE_CURVE('',#5665,(#5670,#5680),.PCURVE_S1.);
#5665 = HYPERBOLA('',#5666,9.286290287604,3.);
#5666 = AXIS2_PLACEMENT_3D('',#5667,#5668,#5669);
#5667 = CARTESIAN_POINT('',(2.427050983125,1.763355756877,
    337.68817073721));
#5668 = DIRECTION('',(0.809016994375,0.587785252292,0.));
#5669 = DIRECTION('',(0.,0.,-1.));
#5670 = PCURVE('',#74,#5671);
#5671 = DEFINITIONAL_REPRESENTATION('',(#5672),#5679);
#5672 = B_SPLINE_CURVE_WITH_KNOTS('',5,(#5673,#5674,#5675,#5676,#5677,
    #5678),.UNSPECIFIED.,.F.,.F.,(6,6),(4.225464658291,4.298321862656),
  .PIECEWISE_BEZIER_KNOTS.);
#5673 = CARTESIAN_POINT('',(-2.169879858907,-29.));
#5674 = CARTESIAN_POINT('',(-2.170305794281,-24.37280370648));
#5675 = CARTESIAN_POINT('',(-2.170723974855,-19.66129023822));
#5676 = CARTESIAN_POINT('',(-2.171134588718,-14.86341275583));
#5677 = CARTESIAN_POINT('',(-2.171537817137,-9.977049868629));
#5678 = CARTESIAN_POINT('',(-2.171933835032,-5.));
#5679 = ( GEOMETRIC_REPRESENTATION_CONTEXT(2) 
PARAMETRIC_REPRESENTATION_CONTEXT() REPRESENTATION_CONTEXT('2D SPACE',''
  ) );
#5680 = PCURVE('',#1943,#5681);
#5681 = DEFINITIONAL_REPRESENTATION('',(#5682),#5686);
#5682 = ( BOUNDED_CURVE() B_SPLINE_CURVE(2,(#5683,#5684,#5685),
.UNSPECIFIED.,.F.,.F.) B_SPLINE_CURVE_WITH_KNOTS((3,3),(4.225464658291,
4.298321862656),.PIECEWISE_BEZIER_KNOTS.) CURVE() 
GEOMETRIC_REPRESENTATION_ITEM() RATIONAL_B_SPLINE_CURVE((1.,
1.000663594909,1.)) REPRESENTATION_ITEM('') );
#5683 = CARTESIAN_POINT('',(22.,-42.5874947557));
#5684 = CARTESIAN_POINT('',(10.437123625378,-46.32455845476));
#5685 = CARTESIAN_POINT('',(-2.,-50.34394153817));
#5686 = ( GEOMETRIC_REPRESENTATION_CONTEXT(2) 
PARAMETRIC_REPRESENTATION_CONTEXT() REPRESENTATION_CONTEXT('2D SPACE',''
  ) );
#5687 = FACE_BOUND('',#5688,.T.);
#5688 = EDGE_LOOP('',(#5689,#5715,#5742,#5766));
#5689 = ORIENTED_EDGE('',*,*,#5690,.T.);
#5690 = EDGE_CURVE('',#5691,#5693,#5695,.T.);
#5691 = VERTEX_POINT('',#5692);
#5692 = CARTESIAN_POINT('',(-74.71033414926,71.306385207662,18.));
#5693 = VERTEX_POINT('',#5694);
#5694 = CARTESIAN_POINT('',(-78.72511778742,66.847516254798,18.));
#5695 = SURFACE_CURVE('',#5696,(#5701,#5708),.PCURVE_S1.);
#5696 = CIRCLE('',#5697,103.2774641443);
#5697 = AXIS2_PLACEMENT_3D('',#5698,#5699,#5700);
#5698 = CARTESIAN_POINT('',(0.,0.,18.));
#5699 = DIRECTION('',(0.,0.,1.));
#5700 = DIRECTION('',(1.,0.,-0.));
#5701 = PCURVE('',#74,#5702);
#5702 = DEFINITIONAL_REPRESENTATION('',(#5703),#5707);
#5703 = LINE('',#5704,#5705);
#5704 = CARTESIAN_POINT('',(-0.,-27.));
#5705 = VECTOR('',#5706,1.);
#5706 = DIRECTION('',(-1.,-0.));
#5707 = ( GEOMETRIC_REPRESENTATION_CONTEXT(2) 
PARAMETRIC_REPRESENTATION_CONTEXT() REPRESENTATION_CONTEXT('2D SPACE',''
  ) );
#5708 = PCURVE('',#2039,#5709);
#5709 = DEFINITIONAL_REPRESENTATION('',(#5710),#5714);
#5710 = CIRCLE('',#5711,103.2774641443);
#5711 = AXIS2_PLACEMENT_2D('',#5712,#5713);
#5712 = CARTESIAN_POINT('',(3.,-60.));
#5713 = DIRECTION('',(0.669130606359,-0.743144825477));
#5714 = ( GEOMETRIC_REPRESENTATION_CONTEXT(2) 
PARAMETRIC_REPRESENTATION_CONTEXT() REPRESENTATION_CONTEXT('2D SPACE',''
  ) );
#5715 = ORIENTED_EDGE('',*,*,#5716,.T.);
#5716 = EDGE_CURVE('',#5693,#5717,#5719,.T.);
#5717 = VERTEX_POINT('',#5718);
#5718 = CARTESIAN_POINT('',(-83.52858642184,71.172578839894,-2.));
#5719 = SURFACE_CURVE('',#5720,(#5725,#5735),.PCURVE_S1.);
#5720 = HYPERBOLA('',#5721,9.286290287604,3.);
#5721 = AXIS2_PLACEMENT_3D('',#5722,#5723,#5724);
#5722 = CARTESIAN_POINT('',(-2.007391819077,-2.229434476432,
    337.68817073721));
#5723 = DIRECTION('',(0.669130606359,0.743144825477,0.));
#5724 = DIRECTION('',(0.,0.,-1.));
#5725 = PCURVE('',#74,#5726);
#5726 = DEFINITIONAL_REPRESENTATION('',(#5727),#5734);
#5727 = B_SPLINE_CURVE_WITH_KNOTS('',5,(#5728,#5729,#5730,#5731,#5732,
    #5733),.UNSPECIFIED.,.F.,.F.,(6,6),(4.225464658291,4.298321862656),
  .PIECEWISE_BEZIER_KNOTS.);
#5728 = CARTESIAN_POINT('',(-2.437789366358,-29.));
#5729 = CARTESIAN_POINT('',(-2.437363430984,-24.37280370648));
#5730 = CARTESIAN_POINT('',(-2.43694525041,-19.66129023821));
#5731 = CARTESIAN_POINT('',(-2.436534636547,-14.86341275583));
#5732 = CARTESIAN_POINT('',(-2.436131408128,-9.977049868629));
#5733 = CARTESIAN_POINT('',(-2.435735390233,-5.));
#5734 = ( GEOMETRIC_REPRESENTATION_CONTEXT(2) 
PARAMETRIC_REPRESENTATION_CONTEXT() REPRESENTATION_CONTEXT('2D SPACE',''
  ) );
#5735 = PCURVE('',#2010,#5736);
#5736 = DEFINITIONAL_REPRESENTATION('',(#5737),#5741);
#5737 = ( BOUNDED_CURVE() B_SPLINE_CURVE(2,(#5738,#5739,#5740),
.UNSPECIFIED.,.F.,.F.) B_SPLINE_CURVE_WITH_KNOTS((3,3),(4.225464658291,
4.298321862656),.PIECEWISE_BEZIER_KNOTS.) CURVE() 
GEOMETRIC_REPRESENTATION_ITEM() RATIONAL_B_SPLINE_CURVE((1.,
1.000663594909,1.)) REPRESENTATION_ITEM('') );
#5738 = CARTESIAN_POINT('',(22.,-42.5874947557));
#5739 = CARTESIAN_POINT('',(10.437123625379,-46.32455845476));
#5740 = CARTESIAN_POINT('',(-2.,-50.34394153817));
#5741 = ( GEOMETRIC_REPRESENTATION_CONTEXT(2) 
PARAMETRIC_REPRESENTATION_CONTEXT() REPRESENTATION_CONTEXT('2D SPACE',''
  ) );
#5742 = ORIENTED_EDGE('',*,*,#5743,.F.);
#5743 = EDGE_CURVE('',#5744,#5717,#5746,.T.);
#5744 = VERTEX_POINT('',#5745);
#5745 = CARTESIAN_POINT('',(-79.51380278369,75.631447792758,-2.));
#5746 = SURFACE_CURVE('',#5747,(#5752,#5759),.PCURVE_S1.);
#5747 = CIRCLE('',#5748,109.73860181519);
#5748 = AXIS2_PLACEMENT_3D('',#5749,#5750,#5751);
#5749 = CARTESIAN_POINT('',(0.,0.,-2.));
#5750 = DIRECTION('',(0.,0.,1.));
#5751 = DIRECTION('',(1.,0.,-0.));
#5752 = PCURVE('',#74,#5753);
#5753 = DEFINITIONAL_REPRESENTATION('',(#5754),#5758);
#5754 = LINE('',#5755,#5756);
#5755 = CARTESIAN_POINT('',(-0.,-7.));
#5756 = VECTOR('',#5757,1.);
#5757 = DIRECTION('',(-1.,-0.));
#5758 = ( GEOMETRIC_REPRESENTATION_CONTEXT(2) 
PARAMETRIC_REPRESENTATION_CONTEXT() REPRESENTATION_CONTEXT('2D SPACE',''
  ) );
#5759 = PCURVE('',#2102,#5760);
#5760 = DEFINITIONAL_REPRESENTATION('',(#5761),#5765);
#5761 = CIRCLE('',#5762,109.73860181519);
#5762 = AXIS2_PLACEMENT_2D('',#5763,#5764);
#5763 = CARTESIAN_POINT('',(3.,-60.));
#5764 = DIRECTION('',(0.669130606359,-0.743144825477));
#5765 = ( GEOMETRIC_REPRESENTATION_CONTEXT(2) 
PARAMETRIC_REPRESENTATION_CONTEXT() REPRESENTATION_CONTEXT('2D SPACE',''
  ) );
#5766 = ORIENTED_EDGE('',*,*,#5767,.F.);
#5767 = EDGE_CURVE('',#5691,#5744,#5768,.T.);
#5768 = SURFACE_CURVE('',#5769,(#5774,#5784),.PCURVE_S1.);
#5769 = HYPERBOLA('',#5770,9.286290287604,3.);
#5770 = AXIS2_PLACEMENT_3D('',#5771,#5772,#5773);
#5771 = CARTESIAN_POINT('',(2.007391819077,2.229434476432,
    337.68817073721));
#5772 = DIRECTION('',(0.669130606359,0.743144825477,0.));
#5773 = DIRECTION('',(0.,0.,-1.));
#5774 = PCURVE('',#74,#5775);
#5775 = DEFINITIONAL_REPRESENTATION('',(#5776),#5783);
#5776 = B_SPLINE_CURVE_WITH_KNOTS('',5,(#5777,#5778,#5779,#5780,#5781,
    #5782),.UNSPECIFIED.,.F.,.F.,(6,6),(4.225464658291,4.298321862656),
  .PIECEWISE_BEZIER_KNOTS.);
#5777 = CARTESIAN_POINT('',(-2.379319369146,-29.));
#5778 = CARTESIAN_POINT('',(-2.379745304521,-24.37280370648));
#5779 = CARTESIAN_POINT('',(-2.380163485095,-19.66129023822));
#5780 = CARTESIAN_POINT('',(-2.380574098958,-14.86341275583));
#5781 = CARTESIAN_POINT('',(-2.380977327377,-9.977049868629));
#5782 = CARTESIAN_POINT('',(-2.381373345271,-5.));
#5783 = ( GEOMETRIC_REPRESENTATION_CONTEXT(2) 
PARAMETRIC_REPRESENTATION_CONTEXT() REPRESENTATION_CONTEXT('2D SPACE',''
  ) );
#5784 = PCURVE('',#2075,#5785);
#5785 = DEFINITIONAL_REPRESENTATION('',(#5786),#5790);
#5786 = ( BOUNDED_CURVE() B_SPLINE_CURVE(2,(#5787,#5788,#5789),
.UNSPECIFIED.,.F.,.F.) B_SPLINE_CURVE_WITH_KNOTS((3,3),(4.225464658291,
4.298321862656),.PIECEWISE_BEZIER_KNOTS.) CURVE() 
GEOMETRIC_REPRESENTATION_ITEM() RATIONAL_B_SPLINE_CURVE((1.,
1.000663594909,1.)) REPRESENTATION_ITEM('') );
#5787 = CARTESIAN_POINT('',(22.,-42.5874947557));
#5788 = CARTESIAN_POINT('',(10.437123625378,-46.32455845476));
#5789 = CARTESIAN_POINT('',(-2.,-50.34394153817));
#5790 = ( GEOMETRIC_REPRESENTATION_CONTEXT(2) 
PARAMETRIC_REPRESENTATION_CONTEXT() REPRESENTATION_CONTEXT('2D SPACE',''
  ) );
#5791 = FACE_BOUND('',#5792,.T.);
#5792 = EDGE_LOOP('',(#5793,#5819,#5846,#5870));
#5793 = ORIENTED_EDGE('',*,*,#5794,.T.);
#5794 = EDGE_CURVE('',#5795,#5797,#5799,.T.);
#5795 = VERTEX_POINT('',#5796);
#5796 = CARTESIAN_POINT('',(-87.90316521275,54.215017713341,18.));
#5797 = VERTEX_POINT('',#5798);
#5798 = CARTESIAN_POINT('',(-90.90316521275,49.018865290635,18.));
#5799 = SURFACE_CURVE('',#5800,(#5805,#5812),.PCURVE_S1.);
#5800 = CIRCLE('',#5801,103.2774641443);
#5801 = AXIS2_PLACEMENT_3D('',#5802,#5803,#5804);
#5802 = CARTESIAN_POINT('',(0.,0.,18.));
#5803 = DIRECTION('',(0.,0.,1.));
#5804 = DIRECTION('',(1.,0.,-0.));
#5805 = PCURVE('',#74,#5806);
#5806 = DEFINITIONAL_REPRESENTATION('',(#5807),#5811);
#5807 = LINE('',#5808,#5809);
#5808 = CARTESIAN_POINT('',(-0.,-27.));
#5809 = VECTOR('',#5810,1.);
#5810 = DIRECTION('',(-1.,-0.));
#5811 = ( GEOMETRIC_REPRESENTATION_CONTEXT(2) 
PARAMETRIC_REPRESENTATION_CONTEXT() REPRESENTATION_CONTEXT('2D SPACE',''
  ) );
#5812 = PCURVE('',#2171,#5813);
#5813 = DEFINITIONAL_REPRESENTATION('',(#5814),#5818);
#5814 = CIRCLE('',#5815,103.2774641443);
#5815 = AXIS2_PLACEMENT_2D('',#5816,#5817);
#5816 = CARTESIAN_POINT('',(3.,-60.));
#5817 = DIRECTION('',(0.5,-0.866025403784));
#5818 = ( GEOMETRIC_REPRESENTATION_CONTEXT(2) 
PARAMETRIC_REPRESENTATION_CONTEXT() REPRESENTATION_CONTEXT('2D SPACE',''
  ) );
#5819 = ORIENTED_EDGE('',*,*,#5820,.T.);
#5820 = EDGE_CURVE('',#5797,#5821,#5823,.T.);
#5821 = VERTEX_POINT('',#5822);
#5822 = CARTESIAN_POINT('',(-96.50089760767,52.250717595696,-2.));
#5823 = SURFACE_CURVE('',#5824,(#5829,#5839),.PCURVE_S1.);
#5824 = HYPERBOLA('',#5825,9.286290287604,3.);
#5825 = AXIS2_PLACEMENT_3D('',#5826,#5827,#5828);
#5826 = CARTESIAN_POINT('',(-1.5,-2.598076211353,337.68817073721));
#5827 = DIRECTION('',(0.5,0.866025403784,0.));
#5828 = DIRECTION('',(0.,0.,-1.));
#5829 = PCURVE('',#74,#5830);
#5830 = DEFINITIONAL_REPRESENTATION('',(#5831),#5838);
#5831 = B_SPLINE_CURVE_WITH_KNOTS('',5,(#5832,#5833,#5834,#5835,#5836,
    #5837),.UNSPECIFIED.,.F.,.F.,(6,6),(4.225464658291,4.298321862656),
  .PIECEWISE_BEZIER_KNOTS.);
#5832 = CARTESIAN_POINT('',(-2.647228876597,-29.));
#5833 = CARTESIAN_POINT('',(-2.646802941223,-24.37280370648));
#5834 = CARTESIAN_POINT('',(-2.646384760649,-19.66129023821));
#5835 = CARTESIAN_POINT('',(-2.645974146786,-14.86341275583));
#5836 = CARTESIAN_POINT('',(-2.645570918367,-9.977049868629));
#5837 = CARTESIAN_POINT('',(-2.645174900473,-5.));
#5838 = ( GEOMETRIC_REPRESENTATION_CONTEXT(2) 
PARAMETRIC_REPRESENTATION_CONTEXT() REPRESENTATION_CONTEXT('2D SPACE',''
  ) );
#5839 = PCURVE('',#2142,#5840);
#5840 = DEFINITIONAL_REPRESENTATION('',(#5841),#5845);
#5841 = ( BOUNDED_CURVE() B_SPLINE_CURVE(2,(#5842,#5843,#5844),
.UNSPECIFIED.,.F.,.F.) B_SPLINE_CURVE_WITH_KNOTS((3,3),(4.225464658291,
4.298321862656),.PIECEWISE_BEZIER_KNOTS.) CURVE() 
GEOMETRIC_REPRESENTATION_ITEM() RATIONAL_B_SPLINE_CURVE((1.,
1.000663594909,1.)) REPRESENTATION_ITEM('') );
#5842 = CARTESIAN_POINT('',(22.,-42.5874947557));
#5843 = CARTESIAN_POINT('',(10.437123625379,-46.32455845476));
#5844 = CARTESIAN_POINT('',(-2.,-50.34394153817));
#5845 = ( GEOMETRIC_REPRESENTATION_CONTEXT(2) 
PARAMETRIC_REPRESENTATION_CONTEXT() REPRESENTATION_CONTEXT('2D SPACE',''
  ) );
#5846 = ORIENTED_EDGE('',*,*,#5847,.F.);
#5847 = EDGE_CURVE('',#5848,#5821,#5850,.T.);
#5848 = VERTEX_POINT('',#5849);
#5849 = CARTESIAN_POINT('',(-93.50089760767,57.446870018403,-2.));
#5850 = SURFACE_CURVE('',#5851,(#5856,#5863),.PCURVE_S1.);
#5851 = CIRCLE('',#5852,109.73860181519);
#5852 = AXIS2_PLACEMENT_3D('',#5853,#5854,#5855);
#5853 = CARTESIAN_POINT('',(0.,0.,-2.));
#5854 = DIRECTION('',(0.,0.,1.));
#5855 = DIRECTION('',(1.,0.,-0.));
#5856 = PCURVE('',#74,#5857);
#5857 = DEFINITIONAL_REPRESENTATION('',(#5858),#5862);
#5858 = LINE('',#5859,#5860);
#5859 = CARTESIAN_POINT('',(-0.,-7.));
#5860 = VECTOR('',#5861,1.);
#5861 = DIRECTION('',(-1.,-0.));
#5862 = ( GEOMETRIC_REPRESENTATION_CONTEXT(2) 
PARAMETRIC_REPRESENTATION_CONTEXT() REPRESENTATION_CONTEXT('2D SPACE',''
  ) );
#5863 = PCURVE('',#2234,#5864);
#5864 = DEFINITIONAL_REPRESENTATION('',(#5865),#5869);
#5865 = CIRCLE('',#5866,109.73860181519);
#5866 = AXIS2_PLACEMENT_2D('',#5867,#5868);
#5867 = CARTESIAN_POINT('',(3.,-60.));
#5868 = DIRECTION('',(0.5,-0.866025403784));
#5869 = ( GEOMETRIC_REPRESENTATION_CONTEXT(2) 
PARAMETRIC_REPRESENTATION_CONTEXT() REPRESENTATION_CONTEXT('2D SPACE',''
  ) );
#5870 = ORIENTED_EDGE('',*,*,#5871,.F.);
#5871 = EDGE_CURVE('',#5795,#5848,#5872,.T.);
#5872 = SURFACE_CURVE('',#5873,(#5878,#5888),.PCURVE_S1.);
#5873 = HYPERBOLA('',#5874,9.286290287604,3.);
#5874 = AXIS2_PLACEMENT_3D('',#5875,#5876,#5877);
#5875 = CARTESIAN_POINT('',(1.5,2.598076211353,337.68817073721));
#5876 = DIRECTION('',(0.5,0.866025403784,0.));
#5877 = DIRECTION('',(0.,0.,-1.));
#5878 = PCURVE('',#74,#5879);
#5879 = DEFINITIONAL_REPRESENTATION('',(#5880),#5887);
#5880 = B_SPLINE_CURVE_WITH_KNOTS('',5,(#5881,#5882,#5883,#5884,#5885,
    #5886),.UNSPECIFIED.,.F.,.F.,(6,6),(4.225464658291,4.298321862656),
  .PIECEWISE_BEZIER_KNOTS.);
#5881 = CARTESIAN_POINT('',(-2.588758879386,-29.));
#5882 = CARTESIAN_POINT('',(-2.58918481476,-24.37280370648));
#5883 = CARTESIAN_POINT('',(-2.589602995334,-19.66129023821));
#5884 = CARTESIAN_POINT('',(-2.590013609197,-14.86341275583));
#5885 = CARTESIAN_POINT('',(-2.590416837616,-9.977049868629));
#5886 = CARTESIAN_POINT('',(-2.59081285551,-5.));
#5887 = ( GEOMETRIC_REPRESENTATION_CONTEXT(2) 
PARAMETRIC_REPRESENTATION_CONTEXT() REPRESENTATION_CONTEXT('2D SPACE',''
  ) );
#5888 = PCURVE('',#2207,#5889);
#5889 = DEFINITIONAL_REPRESENTATION('',(#5890),#5894);
#5890 = ( BOUNDED_CURVE() B_SPLINE_CURVE(2,(#5891,#5892,#5893),
.UNSPECIFIED.,.F.,.F.) B_SPLINE_CURVE_WITH_KNOTS((3,3),(4.225464658291,
4.298321862656),.PIECEWISE_BEZIER_KNOTS.) CURVE() 
GEOMETRIC_REPRESENTATION_ITEM() RATIONAL_B_SPLINE_CURVE((1.,
1.000663594909,1.)) REPRESENTATION_ITEM('') );
#5891 = CARTESIAN_POINT('',(22.,-42.5874947557));
#5892 = CARTESIAN_POINT('',(10.437123625379,-46.32455845476));
#5893 = CARTESIAN_POINT('',(-2.,-50.34394153817));
#5894 = ( GEOMETRIC_REPRESENTATION_CONTEXT(2) 
PARAMETRIC_REPRESENTATION_CONTEXT() REPRESENTATION_CONTEXT('2D SPACE',''
  ) );
#5895 = FACE_BOUND('',#5896,.T.);
#5896 = EDGE_LOOP('',(#5897,#5923,#5950,#5974));
#5897 = ORIENTED_EDGE('',*,*,#5898,.T.);
#5898 = EDGE_CURVE('',#5899,#5901,#5903,.T.);
#5899 = VERTEX_POINT('',#5900);
#5900 = CARTESIAN_POINT('',(-97.25420615025,34.754193792429,18.));
#5901 = VERTEX_POINT('',#5902);
#5902 = CARTESIAN_POINT('',(-99.1083081165,29.047854694658,18.));
#5903 = SURFACE_CURVE('',#5904,(#5909,#5916),.PCURVE_S1.);
#5904 = CIRCLE('',#5905,103.2774641443);
#5905 = AXIS2_PLACEMENT_3D('',#5906,#5907,#5908);
#5906 = CARTESIAN_POINT('',(0.,0.,18.));
#5907 = DIRECTION('',(0.,0.,1.));
#5908 = DIRECTION('',(1.,0.,-0.));
#5909 = PCURVE('',#74,#5910);
#5910 = DEFINITIONAL_REPRESENTATION('',(#5911),#5915);
#5911 = LINE('',#5912,#5913);
#5912 = CARTESIAN_POINT('',(-0.,-27.));
#5913 = VECTOR('',#5914,1.);
#5914 = DIRECTION('',(-1.,-0.));
#5915 = ( GEOMETRIC_REPRESENTATION_CONTEXT(2) 
PARAMETRIC_REPRESENTATION_CONTEXT() REPRESENTATION_CONTEXT('2D SPACE',''
  ) );
#5916 = PCURVE('',#2303,#5917);
#5917 = DEFINITIONAL_REPRESENTATION('',(#5918),#5922);
#5918 = CIRCLE('',#5919,103.2774641443);
#5919 = AXIS2_PLACEMENT_2D('',#5920,#5921);
#5920 = CARTESIAN_POINT('',(3.,-60.));
#5921 = DIRECTION('',(0.309016994375,-0.951056516295));
#5922 = ( GEOMETRIC_REPRESENTATION_CONTEXT(2) 
PARAMETRIC_REPRESENTATION_CONTEXT() REPRESENTATION_CONTEXT('2D SPACE',''
  ) );
#5923 = ORIENTED_EDGE('',*,*,#5924,.T.);
#5924 = EDGE_CURVE('',#5901,#5925,#5927,.T.);
#5925 = VERTEX_POINT('',#5926);
#5926 = CARTESIAN_POINT('',(-105.2556565053,31.045249265806,-2.));
#5927 = SURFACE_CURVE('',#5928,(#5933,#5943),.PCURVE_S1.);
#5928 = HYPERBOLA('',#5929,9.286290287604,3.);
#5929 = AXIS2_PLACEMENT_3D('',#5930,#5931,#5932);
#5930 = CARTESIAN_POINT('',(-0.927050983125,-2.853169548885,
    337.68817073721));
#5931 = DIRECTION('',(0.309016994375,0.951056516295,0.));
#5932 = DIRECTION('',(0.,0.,-1.));
#5933 = PCURVE('',#74,#5934);
#5934 = DEFINITIONAL_REPRESENTATION('',(#5935),#5942);
#5935 = B_SPLINE_CURVE_WITH_KNOTS('',5,(#5936,#5937,#5938,#5939,#5940,
    #5941),.UNSPECIFIED.,.F.,.F.,(6,6),(4.225464658291,4.298321862656),
  .PIECEWISE_BEZIER_KNOTS.);
#5936 = CARTESIAN_POINT('',(-2.856668386837,-29.));
#5937 = CARTESIAN_POINT('',(-2.856242451462,-24.37280370648));
#5938 = CARTESIAN_POINT('',(-2.855824270888,-19.66129023821));
#5939 = CARTESIAN_POINT('',(-2.855413657025,-14.86341275583));
#5940 = CARTESIAN_POINT('',(-2.855010428606,-9.977049868629));
#5941 = CARTESIAN_POINT('',(-2.854614410712,-5.));
#5942 = ( GEOMETRIC_REPRESENTATION_CONTEXT(2) 
PARAMETRIC_REPRESENTATION_CONTEXT() REPRESENTATION_CONTEXT('2D SPACE',''
  ) );
#5943 = PCURVE('',#2274,#5944);
#5944 = DEFINITIONAL_REPRESENTATION('',(#5945),#5949);
#5945 = ( BOUNDED_CURVE() B_SPLINE_CURVE(2,(#5946,#5947,#5948),
.UNSPECIFIED.,.F.,.F.) B_SPLINE_CURVE_WITH_KNOTS((3,3),(4.225464658291,
4.298321862656),.PIECEWISE_BEZIER_KNOTS.) CURVE() 
GEOMETRIC_REPRESENTATION_ITEM() RATIONAL_B_SPLINE_CURVE((1.,
1.000663594909,1.)) REPRESENTATION_ITEM('') );
#5946 = CARTESIAN_POINT('',(22.,-42.5874947557));
#5947 = CARTESIAN_POINT('',(10.437123625379,-46.32455845476));
#5948 = CARTESIAN_POINT('',(-2.,-50.34394153817));
#5949 = ( GEOMETRIC_REPRESENTATION_CONTEXT(2) 
PARAMETRIC_REPRESENTATION_CONTEXT() REPRESENTATION_CONTEXT('2D SPACE',''
  ) );
#5950 = ORIENTED_EDGE('',*,*,#5951,.F.);
#5951 = EDGE_CURVE('',#5952,#5925,#5954,.T.);
#5952 = VERTEX_POINT('',#5953);
#5953 = CARTESIAN_POINT('',(-103.4015545391,36.751588363577,-2.));
#5954 = SURFACE_CURVE('',#5955,(#5960,#5967),.PCURVE_S1.);
#5955 = CIRCLE('',#5956,109.73860181519);
#5956 = AXIS2_PLACEMENT_3D('',#5957,#5958,#5959);
#5957 = CARTESIAN_POINT('',(0.,0.,-2.));
#5958 = DIRECTION('',(0.,0.,1.));
#5959 = DIRECTION('',(1.,0.,-0.));
#5960 = PCURVE('',#74,#5961);
#5961 = DEFINITIONAL_REPRESENTATION('',(#5962),#5966);
#5962 = LINE('',#5963,#5964);
#5963 = CARTESIAN_POINT('',(-0.,-7.));
#5964 = VECTOR('',#5965,1.);
#5965 = DIRECTION('',(-1.,-0.));
#5966 = ( GEOMETRIC_REPRESENTATION_CONTEXT(2) 
PARAMETRIC_REPRESENTATION_CONTEXT() REPRESENTATION_CONTEXT('2D SPACE',''
  ) );
#5967 = PCURVE('',#2366,#5968);
#5968 = DEFINITIONAL_REPRESENTATION('',(#5969),#5973);
#5969 = CIRCLE('',#5970,109.73860181519);
#5970 = AXIS2_PLACEMENT_2D('',#5971,#5972);
#5971 = CARTESIAN_POINT('',(3.,-60.));
#5972 = DIRECTION('',(0.309016994375,-0.951056516295));
#5973 = ( GEOMETRIC_REPRESENTATION_CONTEXT(2) 
PARAMETRIC_REPRESENTATION_CONTEXT() REPRESENTATION_CONTEXT('2D SPACE',''
  ) );
#5974 = ORIENTED_EDGE('',*,*,#5975,.F.);
#5975 = EDGE_CURVE('',#5899,#5952,#5976,.T.);
#5976 = SURFACE_CURVE('',#5977,(#5982,#5992),.PCURVE_S1.);
#5977 = HYPERBOLA('',#5978,9.286290287604,3.);
#5978 = AXIS2_PLACEMENT_3D('',#5979,#5980,#5981);
#5979 = CARTESIAN_POINT('',(0.927050983125,2.853169548885,
    337.68817073721));
#5980 = DIRECTION('',(0.309016994375,0.951056516295,0.));
#5981 = DIRECTION('',(0.,0.,-1.));
#5982 = PCURVE('',#74,#5983);
#5983 = DEFINITIONAL_REPRESENTATION('',(#5984),#5991);
#5984 = B_SPLINE_CURVE_WITH_KNOTS('',5,(#5985,#5986,#5987,#5988,#5989,
    #5990),.UNSPECIFIED.,.F.,.F.,(6,6),(4.225464658291,4.298321862656),
  .PIECEWISE_BEZIER_KNOTS.);
#5985 = CARTESIAN_POINT('',(-2.798198389625,-29.));
#5986 = CARTESIAN_POINT('',(-2.798624324999,-24.37280370648));
#5987 = CARTESIAN_POINT('',(-2.799042505573,-19.66129023821));
#5988 = CARTESIAN_POINT('',(-2.799453119436,-14.86341275583));
#5989 = CARTESIAN_POINT('',(-2.799856347855,-9.977049868629));
#5990 = CARTESIAN_POINT('',(-2.80025236575,-5.));
#5991 = ( GEOMETRIC_REPRESENTATION_CONTEXT(2) 
PARAMETRIC_REPRESENTATION_CONTEXT() REPRESENTATION_CONTEXT('2D SPACE',''
  ) );
#5992 = PCURVE('',#2339,#5993);
#5993 = DEFINITIONAL_REPRESENTATION('',(#5994),#5998);
#5994 = ( BOUNDED_CURVE() B_SPLINE_CURVE(2,(#5995,#5996,#5997),
.UNSPECIFIED.,.F.,.F.) B_SPLINE_CURVE_WITH_KNOTS((3,3),(4.225464658291,
4.298321862656),.PIECEWISE_BEZIER_KNOTS.) CURVE() 
GEOMETRIC_REPRESENTATION_ITEM() RATIONAL_B_SPLINE_CURVE((1.,
1.000663594909,1.)) REPRESENTATION_ITEM('') );
#5995 = CARTESIAN_POINT('',(22.,-42.5874947557));
#5996 = CARTESIAN_POINT('',(10.437123625379,-46.32455845476));
#5997 = CARTESIAN_POINT('',(-2.,-50.34394153817));
#5998 = ( GEOMETRIC_REPRESENTATION_CONTEXT(2) 
PARAMETRIC_REPRESENTATION_CONTEXT() REPRESENTATION_CONTEXT('2D SPACE',''
  ) );
#5999 = FACE_BOUND('',#6000,.T.);
#6000 = EDGE_LOOP('',(#6001,#6027,#6054,#6078));
#6001 = ORIENTED_EDGE('',*,*,#6002,.T.);
#6002 = EDGE_CURVE('',#6003,#6005,#6007,.T.);
#6003 = VERTEX_POINT('',#6004);
#6004 = CARTESIAN_POINT('',(-102.3547716015,13.774444833663,18.));
#6005 = VERTEX_POINT('',#6006);
#6006 = CARTESIAN_POINT('',(-102.9819423811,7.807313461454,18.));
#6007 = SURFACE_CURVE('',#6008,(#6013,#6020),.PCURVE_S1.);
#6008 = CIRCLE('',#6009,103.2774641443);
#6009 = AXIS2_PLACEMENT_3D('',#6010,#6011,#6012);
#6010 = CARTESIAN_POINT('',(0.,0.,18.));
#6011 = DIRECTION('',(0.,0.,1.));
#6012 = DIRECTION('',(1.,0.,-0.));
#6013 = PCURVE('',#74,#6014);
#6014 = DEFINITIONAL_REPRESENTATION('',(#6015),#6019);
#6015 = LINE('',#6016,#6017);
#6016 = CARTESIAN_POINT('',(-0.,-27.));
#6017 = VECTOR('',#6018,1.);
#6018 = DIRECTION('',(-1.,-0.));
#6019 = ( GEOMETRIC_REPRESENTATION_CONTEXT(2) 
PARAMETRIC_REPRESENTATION_CONTEXT() REPRESENTATION_CONTEXT('2D SPACE',''
  ) );
#6020 = PCURVE('',#2435,#6021);
#6021 = DEFINITIONAL_REPRESENTATION('',(#6022),#6026);
#6022 = CIRCLE('',#6023,103.2774641443);
#6023 = AXIS2_PLACEMENT_2D('',#6024,#6025);
#6024 = CARTESIAN_POINT('',(3.,-60.));
#6025 = DIRECTION('',(0.104528463268,-0.994521895368));
#6026 = ( GEOMETRIC_REPRESENTATION_CONTEXT(2) 
PARAMETRIC_REPRESENTATION_CONTEXT() REPRESENTATION_CONTEXT('2D SPACE',''
  ) );
#6027 = ORIENTED_EDGE('',*,*,#6028,.T.);
#6028 = EDGE_CURVE('',#6005,#6029,#6031,.T.);
#6029 = VERTEX_POINT('',#6030);
#6030 = CARTESIAN_POINT('',(-109.4102381411,8.482954571366,-2.));
#6031 = SURFACE_CURVE('',#6032,(#6037,#6047),.PCURVE_S1.);
#6032 = HYPERBOLA('',#6033,9.286290287604,3.);
#6033 = AXIS2_PLACEMENT_3D('',#6034,#6035,#6036);
#6034 = CARTESIAN_POINT('',(-0.313585389803,-2.983565686105,
    337.68817073721));
#6035 = DIRECTION('',(0.104528463268,0.994521895368,0.));
#6036 = DIRECTION('',(0.,0.,-1.));
#6037 = PCURVE('',#74,#6038);
#6038 = DEFINITIONAL_REPRESENTATION('',(#6039),#6046);
#6039 = B_SPLINE_CURVE_WITH_KNOTS('',5,(#6040,#6041,#6042,#6043,#6044,
    #6045),.UNSPECIFIED.,.F.,.F.,(6,6),(4.225464658291,4.298321862656),
  .PIECEWISE_BEZIER_KNOTS.);
#6040 = CARTESIAN_POINT('',(-3.066107897076,-29.));
#6041 = CARTESIAN_POINT('',(-3.065681961702,-24.37280370648));
#6042 = CARTESIAN_POINT('',(-3.065263781128,-19.66129023821));
#6043 = CARTESIAN_POINT('',(-3.064853167265,-14.86341275583));
#6044 = CARTESIAN_POINT('',(-3.064449938846,-9.977049868629));
#6045 = CARTESIAN_POINT('',(-3.064053920951,-5.));
#6046 = ( GEOMETRIC_REPRESENTATION_CONTEXT(2) 
PARAMETRIC_REPRESENTATION_CONTEXT() REPRESENTATION_CONTEXT('2D SPACE',''
  ) );
#6047 = PCURVE('',#2406,#6048);
#6048 = DEFINITIONAL_REPRESENTATION('',(#6049),#6053);
#6049 = ( BOUNDED_CURVE() B_SPLINE_CURVE(2,(#6050,#6051,#6052),
.UNSPECIFIED.,.F.,.F.) B_SPLINE_CURVE_WITH_KNOTS((3,3),(4.225464658291,
4.298321862656),.PIECEWISE_BEZIER_KNOTS.) CURVE() 
GEOMETRIC_REPRESENTATION_ITEM() RATIONAL_B_SPLINE_CURVE((1.,
1.000663594909,1.)) REPRESENTATION_ITEM('') );
#6050 = CARTESIAN_POINT('',(22.,-42.5874947557));
#6051 = CARTESIAN_POINT('',(10.437123625379,-46.32455845476));
#6052 = CARTESIAN_POINT('',(-2.,-50.34394153817));
#6053 = ( GEOMETRIC_REPRESENTATION_CONTEXT(2) 
PARAMETRIC_REPRESENTATION_CONTEXT() REPRESENTATION_CONTEXT('2D SPACE',''
  ) );
#6054 = ORIENTED_EDGE('',*,*,#6055,.F.);
#6055 = EDGE_CURVE('',#6056,#6029,#6058,.T.);
#6056 = VERTEX_POINT('',#6057);
#6057 = CARTESIAN_POINT('',(-108.7830673614,14.450085943575,-2.));
#6058 = SURFACE_CURVE('',#6059,(#6064,#6071),.PCURVE_S1.);
#6059 = CIRCLE('',#6060,109.73860181519);
#6060 = AXIS2_PLACEMENT_3D('',#6061,#6062,#6063);
#6061 = CARTESIAN_POINT('',(0.,0.,-2.));
#6062 = DIRECTION('',(0.,0.,1.));
#6063 = DIRECTION('',(1.,0.,-0.));
#6064 = PCURVE('',#74,#6065);
#6065 = DEFINITIONAL_REPRESENTATION('',(#6066),#6070);
#6066 = LINE('',#6067,#6068);
#6067 = CARTESIAN_POINT('',(-0.,-7.));
#6068 = VECTOR('',#6069,1.);
#6069 = DIRECTION('',(-1.,-0.));
#6070 = ( GEOMETRIC_REPRESENTATION_CONTEXT(2) 
PARAMETRIC_REPRESENTATION_CONTEXT() REPRESENTATION_CONTEXT('2D SPACE',''
  ) );
#6071 = PCURVE('',#2498,#6072);
#6072 = DEFINITIONAL_REPRESENTATION('',(#6073),#6077);
#6073 = CIRCLE('',#6074,109.73860181519);
#6074 = AXIS2_PLACEMENT_2D('',#6075,#6076);
#6075 = CARTESIAN_POINT('',(3.,-60.));
#6076 = DIRECTION('',(0.104528463268,-0.994521895368));
#6077 = ( GEOMETRIC_REPRESENTATION_CONTEXT(2) 
PARAMETRIC_REPRESENTATION_CONTEXT() REPRESENTATION_CONTEXT('2D SPACE',''
  ) );
#6078 = ORIENTED_EDGE('',*,*,#6079,.F.);
#6079 = EDGE_CURVE('',#6003,#6056,#6080,.T.);
#6080 = SURFACE_CURVE('',#6081,(#6086,#6096),.PCURVE_S1.);
#6081 = HYPERBOLA('',#6082,9.286290287604,3.);
#6082 = AXIS2_PLACEMENT_3D('',#6083,#6084,#6085);
#6083 = CARTESIAN_POINT('',(0.313585389803,2.983565686105,
    337.68817073721));
#6084 = DIRECTION('',(0.104528463268,0.994521895368,0.));
#6085 = DIRECTION('',(0.,0.,-1.));
#6086 = PCURVE('',#74,#6087);
#6087 = DEFINITIONAL_REPRESENTATION('',(#6088),#6095);
#6088 = B_SPLINE_CURVE_WITH_KNOTS('',5,(#6089,#6090,#6091,#6092,#6093,
    #6094),.UNSPECIFIED.,.F.,.F.,(6,6),(4.225464658291,4.298321862656),
  .PIECEWISE_BEZIER_KNOTS.);
#6089 = CARTESIAN_POINT('',(-3.007637899864,-29.));
#6090 = CARTESIAN_POINT('',(-3.008063835238,-24.37280370648));
#6091 = CARTESIAN_POINT('',(-3.008482015813,-19.66129023821));
#6092 = CARTESIAN_POINT('',(-3.008892629676,-14.86341275583));
#6093 = CARTESIAN_POINT('',(-3.009295858095,-9.977049868629));
#6094 = CARTESIAN_POINT('',(-3.009691875989,-5.));
#6095 = ( GEOMETRIC_REPRESENTATION_CONTEXT(2) 
PARAMETRIC_REPRESENTATION_CONTEXT() REPRESENTATION_CONTEXT('2D SPACE',''
  ) );
#6096 = PCURVE('',#2471,#6097);
#6097 = DEFINITIONAL_REPRESENTATION('',(#6098),#6102);
#6098 = ( BOUNDED_CURVE() B_SPLINE_CURVE(2,(#6099,#6100,#6101),
.UNSPECIFIED.,.F.,.F.) B_SPLINE_CURVE_WITH_KNOTS((3,3),(4.225464658291,
4.298321862656),.PIECEWISE_BEZIER_KNOTS.) CURVE() 
GEOMETRIC_REPRESENTATION_ITEM() RATIONAL_B_SPLINE_CURVE((1.,
1.000663594909,1.)) REPRESENTATION_ITEM('') );
#6099 = CARTESIAN_POINT('',(22.,-42.5874947557));
#6100 = CARTESIAN_POINT('',(10.437123625379,-46.32455845476));
#6101 = CARTESIAN_POINT('',(-2.,-50.34394153817));
#6102 = ( GEOMETRIC_REPRESENTATION_CONTEXT(2) 
PARAMETRIC_REPRESENTATION_CONTEXT() REPRESENTATION_CONTEXT('2D SPACE',''
  ) );
#6103 = FACE_BOUND('',#6104,.T.);
#6104 = EDGE_LOOP('',(#6105,#6131,#6158,#6182));
#6105 = ORIENTED_EDGE('',*,*,#6106,.T.);
#6106 = EDGE_CURVE('',#6107,#6109,#6111,.T.);
#6107 = VERTEX_POINT('',#6108);
#6108 = CARTESIAN_POINT('',(-102.9819423811,-7.807313461454,18.));
#6109 = VERTEX_POINT('',#6110);
#6110 = CARTESIAN_POINT('',(-102.3547716015,-13.77444483366,18.));
#6111 = SURFACE_CURVE('',#6112,(#6117,#6124),.PCURVE_S1.);
#6112 = CIRCLE('',#6113,103.2774641443);
#6113 = AXIS2_PLACEMENT_3D('',#6114,#6115,#6116);
#6114 = CARTESIAN_POINT('',(0.,0.,18.));
#6115 = DIRECTION('',(0.,0.,1.));
#6116 = DIRECTION('',(1.,0.,-0.));
#6117 = PCURVE('',#74,#6118);
#6118 = DEFINITIONAL_REPRESENTATION('',(#6119),#6123);
#6119 = LINE('',#6120,#6121);
#6120 = CARTESIAN_POINT('',(-0.,-27.));
#6121 = VECTOR('',#6122,1.);
#6122 = DIRECTION('',(-1.,-0.));
#6123 = ( GEOMETRIC_REPRESENTATION_CONTEXT(2) 
PARAMETRIC_REPRESENTATION_CONTEXT() REPRESENTATION_CONTEXT('2D SPACE',''
  ) );
#6124 = PCURVE('',#2567,#6125);
#6125 = DEFINITIONAL_REPRESENTATION('',(#6126),#6130);
#6126 = CIRCLE('',#6127,103.2774641443);
#6127 = AXIS2_PLACEMENT_2D('',#6128,#6129);
#6128 = CARTESIAN_POINT('',(3.,-60.));
#6129 = DIRECTION('',(-0.104528463268,-0.994521895368));
#6130 = ( GEOMETRIC_REPRESENTATION_CONTEXT(2) 
PARAMETRIC_REPRESENTATION_CONTEXT() REPRESENTATION_CONTEXT('2D SPACE',''
  ) );
#6131 = ORIENTED_EDGE('',*,*,#6132,.T.);
#6132 = EDGE_CURVE('',#6109,#6133,#6135,.T.);
#6133 = VERTEX_POINT('',#6134);
#6134 = CARTESIAN_POINT('',(-108.7830673614,-14.45008594357,-2.));
#6135 = SURFACE_CURVE('',#6136,(#6141,#6151),.PCURVE_S1.);
#6136 = HYPERBOLA('',#6137,9.286290287604,3.);
#6137 = AXIS2_PLACEMENT_3D('',#6138,#6139,#6140);
#6138 = CARTESIAN_POINT('',(0.313585389803,-2.983565686105,
    337.68817073721));
#6139 = DIRECTION('',(-0.104528463268,0.994521895368,0.));
#6140 = DIRECTION('',(-0.,0.,-1.));
#6141 = PCURVE('',#74,#6142);
#6142 = DEFINITIONAL_REPRESENTATION('',(#6143),#6150);
#6143 = B_SPLINE_CURVE_WITH_KNOTS('',5,(#6144,#6145,#6146,#6147,#6148,
    #6149),.UNSPECIFIED.,.F.,.F.,(6,6),(4.225464658291,4.298321862656),
  .PIECEWISE_BEZIER_KNOTS.);
#6144 = CARTESIAN_POINT('',(-3.275547407315,-29.));
#6145 = CARTESIAN_POINT('',(-3.275121471941,-24.37280370648));
#6146 = CARTESIAN_POINT('',(-3.274703291367,-19.66129023822));
#6147 = CARTESIAN_POINT('',(-3.274292677504,-14.86341275583));
#6148 = CARTESIAN_POINT('',(-3.273889449085,-9.977049868629));
#6149 = CARTESIAN_POINT('',(-3.273493431191,-5.));
#6150 = ( GEOMETRIC_REPRESENTATION_CONTEXT(2) 
PARAMETRIC_REPRESENTATION_CONTEXT() REPRESENTATION_CONTEXT('2D SPACE',''
  ) );
#6151 = PCURVE('',#2538,#6152);
#6152 = DEFINITIONAL_REPRESENTATION('',(#6153),#6157);
#6153 = ( BOUNDED_CURVE() B_SPLINE_CURVE(2,(#6154,#6155,#6156),
.UNSPECIFIED.,.F.,.F.) B_SPLINE_CURVE_WITH_KNOTS((3,3),(4.225464658291,
4.298321862656),.PIECEWISE_BEZIER_KNOTS.) CURVE() 
GEOMETRIC_REPRESENTATION_ITEM() RATIONAL_B_SPLINE_CURVE((1.,
1.000663594909,1.)) REPRESENTATION_ITEM('') );
#6154 = CARTESIAN_POINT('',(22.,-42.5874947557));
#6155 = CARTESIAN_POINT('',(10.437123625378,-46.32455845476));
#6156 = CARTESIAN_POINT('',(-2.,-50.34394153817));
#6157 = ( GEOMETRIC_REPRESENTATION_CONTEXT(2) 
PARAMETRIC_REPRESENTATION_CONTEXT() REPRESENTATION_CONTEXT('2D SPACE',''
  ) );
#6158 = ORIENTED_EDGE('',*,*,#6159,.F.);
#6159 = EDGE_CURVE('',#6160,#6133,#6162,.T.);
#6160 = VERTEX_POINT('',#6161);
#6161 = CARTESIAN_POINT('',(-109.4102381411,-8.482954571366,-2.));
#6162 = SURFACE_CURVE('',#6163,(#6168,#6175),.PCURVE_S1.);
#6163 = CIRCLE('',#6164,109.73860181519);
#6164 = AXIS2_PLACEMENT_3D('',#6165,#6166,#6167);
#6165 = CARTESIAN_POINT('',(0.,0.,-2.));
#6166 = DIRECTION('',(0.,0.,1.));
#6167 = DIRECTION('',(1.,0.,-0.));
#6168 = PCURVE('',#74,#6169);
#6169 = DEFINITIONAL_REPRESENTATION('',(#6170),#6174);
#6170 = LINE('',#6171,#6172);
#6171 = CARTESIAN_POINT('',(-0.,-7.));
#6172 = VECTOR('',#6173,1.);
#6173 = DIRECTION('',(-1.,-0.));
#6174 = ( GEOMETRIC_REPRESENTATION_CONTEXT(2) 
PARAMETRIC_REPRESENTATION_CONTEXT() REPRESENTATION_CONTEXT('2D SPACE',''
  ) );
#6175 = PCURVE('',#2630,#6176);
#6176 = DEFINITIONAL_REPRESENTATION('',(#6177),#6181);
#6177 = CIRCLE('',#6178,109.73860181519);
#6178 = AXIS2_PLACEMENT_2D('',#6179,#6180);
#6179 = CARTESIAN_POINT('',(3.,-60.));
#6180 = DIRECTION('',(-0.104528463268,-0.994521895368));
#6181 = ( GEOMETRIC_REPRESENTATION_CONTEXT(2) 
PARAMETRIC_REPRESENTATION_CONTEXT() REPRESENTATION_CONTEXT('2D SPACE',''
  ) );
#6182 = ORIENTED_EDGE('',*,*,#6183,.F.);
#6183 = EDGE_CURVE('',#6107,#6160,#6184,.T.);
#6184 = SURFACE_CURVE('',#6185,(#6190,#6200),.PCURVE_S1.);
#6185 = HYPERBOLA('',#6186,9.286290287604,3.);
#6186 = AXIS2_PLACEMENT_3D('',#6187,#6188,#6189);
#6187 = CARTESIAN_POINT('',(-0.313585389803,2.983565686105,
    337.68817073721));
#6188 = DIRECTION('',(-0.104528463268,0.994521895368,0.));
#6189 = DIRECTION('',(-0.,0.,-1.));
#6190 = PCURVE('',#74,#6191);
#6191 = DEFINITIONAL_REPRESENTATION('',(#6192),#6199);
#6192 = B_SPLINE_CURVE_WITH_KNOTS('',5,(#6193,#6194,#6195,#6196,#6197,
    #6198),.UNSPECIFIED.,.F.,.F.,(6,6),(4.225464658291,4.298321862656),
  .PIECEWISE_BEZIER_KNOTS.);
#6193 = CARTESIAN_POINT('',(-3.217077410104,-29.));
#6194 = CARTESIAN_POINT('',(-3.217503345478,-24.37280370648));
#6195 = CARTESIAN_POINT('',(-3.217921526052,-19.66129023821));
#6196 = CARTESIAN_POINT('',(-3.218332139915,-14.86341275583));
#6197 = CARTESIAN_POINT('',(-3.218735368334,-9.977049868629));
#6198 = CARTESIAN_POINT('',(-3.219131386228,-5.));
#6199 = ( GEOMETRIC_REPRESENTATION_CONTEXT(2) 
PARAMETRIC_REPRESENTATION_CONTEXT() REPRESENTATION_CONTEXT('2D SPACE',''
  ) );
#6200 = PCURVE('',#2603,#6201);
#6201 = DEFINITIONAL_REPRESENTATION('',(#6202),#6206);
#6202 = ( BOUNDED_CURVE() B_SPLINE_CURVE(2,(#6203,#6204,#6205),
.UNSPECIFIED.,.F.,.F.) B_SPLINE_CURVE_WITH_KNOTS((3,3),(4.225464658291,
4.298321862656),.PIECEWISE_BEZIER_KNOTS.) CURVE() 
GEOMETRIC_REPRESENTATION_ITEM() RATIONAL_B_SPLINE_CURVE((1.,
1.000663594909,1.)) REPRESENTATION_ITEM('') );
#6203 = CARTESIAN_POINT('',(22.,-42.5874947557));
#6204 = CARTESIAN_POINT('',(10.437123625379,-46.32455845476));
#6205 = CARTESIAN_POINT('',(-2.,-50.34394153817));
#6206 = ( GEOMETRIC_REPRESENTATION_CONTEXT(2) 
PARAMETRIC_REPRESENTATION_CONTEXT() REPRESENTATION_CONTEXT('2D SPACE',''
  ) );
#6207 = FACE_BOUND('',#6208,.T.);
#6208 = EDGE_LOOP('',(#6209,#6235,#6262,#6286));
#6209 = ORIENTED_EDGE('',*,*,#6210,.T.);
#6210 = EDGE_CURVE('',#6211,#6213,#6215,.T.);
#6211 = VERTEX_POINT('',#6212);
#6212 = CARTESIAN_POINT('',(-99.1083081165,-29.04785469465,18.));
#6213 = VERTEX_POINT('',#6214);
#6214 = CARTESIAN_POINT('',(-97.25420615025,-34.75419379242,18.));
#6215 = SURFACE_CURVE('',#6216,(#6221,#6228),.PCURVE_S1.);
#6216 = CIRCLE('',#6217,103.2774641443);
#6217 = AXIS2_PLACEMENT_3D('',#6218,#6219,#6220);
#6218 = CARTESIAN_POINT('',(0.,0.,18.));
#6219 = DIRECTION('',(0.,0.,1.));
#6220 = DIRECTION('',(1.,0.,-0.));
#6221 = PCURVE('',#74,#6222);
#6222 = DEFINITIONAL_REPRESENTATION('',(#6223),#6227);
#6223 = LINE('',#6224,#6225);
#6224 = CARTESIAN_POINT('',(-0.,-27.));
#6225 = VECTOR('',#6226,1.);
#6226 = DIRECTION('',(-1.,-0.));
#6227 = ( GEOMETRIC_REPRESENTATION_CONTEXT(2) 
PARAMETRIC_REPRESENTATION_CONTEXT() REPRESENTATION_CONTEXT('2D SPACE',''
  ) );
#6228 = PCURVE('',#2699,#6229);
#6229 = DEFINITIONAL_REPRESENTATION('',(#6230),#6234);
#6230 = CIRCLE('',#6231,103.2774641443);
#6231 = AXIS2_PLACEMENT_2D('',#6232,#6233);
#6232 = CARTESIAN_POINT('',(3.,-60.));
#6233 = DIRECTION('',(-0.309016994375,-0.951056516295));
#6234 = ( GEOMETRIC_REPRESENTATION_CONTEXT(2) 
PARAMETRIC_REPRESENTATION_CONTEXT() REPRESENTATION_CONTEXT('2D SPACE',''
  ) );
#6235 = ORIENTED_EDGE('',*,*,#6236,.T.);
#6236 = EDGE_CURVE('',#6213,#6237,#6239,.T.);
#6237 = VERTEX_POINT('',#6238);
#6238 = CARTESIAN_POINT('',(-103.4015545391,-36.75158836357,-2.));
#6239 = SURFACE_CURVE('',#6240,(#6245,#6255),.PCURVE_S1.);
#6240 = HYPERBOLA('',#6241,9.286290287604,3.);
#6241 = AXIS2_PLACEMENT_3D('',#6242,#6243,#6244);
#6242 = CARTESIAN_POINT('',(0.927050983125,-2.853169548885,
    337.68817073721));
#6243 = DIRECTION('',(-0.309016994375,0.951056516295,0.));
#6244 = DIRECTION('',(-0.,0.,-1.));
#6245 = PCURVE('',#74,#6246);
#6246 = DEFINITIONAL_REPRESENTATION('',(#6247),#6254);
#6247 = B_SPLINE_CURVE_WITH_KNOTS('',5,(#6248,#6249,#6250,#6251,#6252,
    #6253),.UNSPECIFIED.,.F.,.F.,(6,6),(4.225464658291,4.298321862656),
  .PIECEWISE_BEZIER_KNOTS.);
#6248 = CARTESIAN_POINT('',(-3.484986917555,-29.));
#6249 = CARTESIAN_POINT('',(-3.48456098218,-24.37280370648));
#6250 = CARTESIAN_POINT('',(-3.484142801606,-19.66129023821));
#6251 = CARTESIAN_POINT('',(-3.483732187743,-14.86341275583));
#6252 = CARTESIAN_POINT('',(-3.483328959324,-9.977049868629));
#6253 = CARTESIAN_POINT('',(-3.48293294143,-5.));
#6254 = ( GEOMETRIC_REPRESENTATION_CONTEXT(2) 
PARAMETRIC_REPRESENTATION_CONTEXT() REPRESENTATION_CONTEXT('2D SPACE',''
  ) );
#6255 = PCURVE('',#2670,#6256);
#6256 = DEFINITIONAL_REPRESENTATION('',(#6257),#6261);
#6257 = ( BOUNDED_CURVE() B_SPLINE_CURVE(2,(#6258,#6259,#6260),
.UNSPECIFIED.,.F.,.F.) B_SPLINE_CURVE_WITH_KNOTS((3,3),(4.225464658291,
4.298321862656),.PIECEWISE_BEZIER_KNOTS.) CURVE() 
GEOMETRIC_REPRESENTATION_ITEM() RATIONAL_B_SPLINE_CURVE((1.,
1.000663594909,1.)) REPRESENTATION_ITEM('') );
#6258 = CARTESIAN_POINT('',(22.,-42.5874947557));
#6259 = CARTESIAN_POINT('',(10.437123625379,-46.32455845476));
#6260 = CARTESIAN_POINT('',(-2.,-50.34394153817));
#6261 = ( GEOMETRIC_REPRESENTATION_CONTEXT(2) 
PARAMETRIC_REPRESENTATION_CONTEXT() REPRESENTATION_CONTEXT('2D SPACE',''
  ) );
#6262 = ORIENTED_EDGE('',*,*,#6263,.F.);
#6263 = EDGE_CURVE('',#6264,#6237,#6266,.T.);
#6264 = VERTEX_POINT('',#6265);
#6265 = CARTESIAN_POINT('',(-105.2556565053,-31.0452492658,-2.));
#6266 = SURFACE_CURVE('',#6267,(#6272,#6279),.PCURVE_S1.);
#6267 = CIRCLE('',#6268,109.73860181519);
#6268 = AXIS2_PLACEMENT_3D('',#6269,#6270,#6271);
#6269 = CARTESIAN_POINT('',(0.,0.,-2.));
#6270 = DIRECTION('',(0.,0.,1.));
#6271 = DIRECTION('',(1.,0.,-0.));
#6272 = PCURVE('',#74,#6273);
#6273 = DEFINITIONAL_REPRESENTATION('',(#6274),#6278);
#6274 = LINE('',#6275,#6276);
#6275 = CARTESIAN_POINT('',(-0.,-7.));
#6276 = VECTOR('',#6277,1.);
#6277 = DIRECTION('',(-1.,-0.));
#6278 = ( GEOMETRIC_REPRESENTATION_CONTEXT(2) 
PARAMETRIC_REPRESENTATION_CONTEXT() REPRESENTATION_CONTEXT('2D SPACE',''
  ) );
#6279 = PCURVE('',#2762,#6280);
#6280 = DEFINITIONAL_REPRESENTATION('',(#6281),#6285);
#6281 = CIRCLE('',#6282,109.73860181519);
#6282 = AXIS2_PLACEMENT_2D('',#6283,#6284);
#6283 = CARTESIAN_POINT('',(3.,-60.));
#6284 = DIRECTION('',(-0.309016994375,-0.951056516295));
#6285 = ( GEOMETRIC_REPRESENTATION_CONTEXT(2) 
PARAMETRIC_REPRESENTATION_CONTEXT() REPRESENTATION_CONTEXT('2D SPACE',''
  ) );
#6286 = ORIENTED_EDGE('',*,*,#6287,.F.);
#6287 = EDGE_CURVE('',#6211,#6264,#6288,.T.);
#6288 = SURFACE_CURVE('',#6289,(#6294,#6304),.PCURVE_S1.);
#6289 = HYPERBOLA('',#6290,9.286290287604,3.);
#6290 = AXIS2_PLACEMENT_3D('',#6291,#6292,#6293);
#6291 = CARTESIAN_POINT('',(-0.927050983125,2.853169548885,
    337.68817073721));
#6292 = DIRECTION('',(-0.309016994375,0.951056516295,0.));
#6293 = DIRECTION('',(-0.,0.,-1.));
#6294 = PCURVE('',#74,#6295);
#6295 = DEFINITIONAL_REPRESENTATION('',(#6296),#6303);
#6296 = B_SPLINE_CURVE_WITH_KNOTS('',5,(#6297,#6298,#6299,#6300,#6301,
    #6302),.UNSPECIFIED.,.F.,.F.,(6,6),(4.225464658291,4.298321862656),
  .PIECEWISE_BEZIER_KNOTS.);
#6297 = CARTESIAN_POINT('',(-3.426516920343,-29.));
#6298 = CARTESIAN_POINT('',(-3.426942855717,-24.37280370648));
#6299 = CARTESIAN_POINT('',(-3.427361036291,-19.66129023821));
#6300 = CARTESIAN_POINT('',(-3.427771650154,-14.86341275583));
#6301 = CARTESIAN_POINT('',(-3.428174878573,-9.977049868629));
#6302 = CARTESIAN_POINT('',(-3.428570896467,-5.));
#6303 = ( GEOMETRIC_REPRESENTATION_CONTEXT(2) 
PARAMETRIC_REPRESENTATION_CONTEXT() REPRESENTATION_CONTEXT('2D SPACE',''
  ) );
#6304 = PCURVE('',#2735,#6305);
#6305 = DEFINITIONAL_REPRESENTATION('',(#6306),#6310);
#6306 = ( BOUNDED_CURVE() B_SPLINE_CURVE(2,(#6307,#6308,#6309),
.UNSPECIFIED.,.F.,.F.) B_SPLINE_CURVE_WITH_KNOTS((3,3),(4.225464658291,
4.298321862656),.PIECEWISE_BEZIER_KNOTS.) CURVE() 
GEOMETRIC_REPRESENTATION_ITEM() RATIONAL_B_SPLINE_CURVE((1.,
1.000663594909,1.)) REPRESENTATION_ITEM('') );
#6307 = CARTESIAN_POINT('',(22.,-42.5874947557));
#6308 = CARTESIAN_POINT('',(10.437123625379,-46.32455845476));
#6309 = CARTESIAN_POINT('',(-2.,-50.34394153817));
#6310 = ( GEOMETRIC_REPRESENTATION_CONTEXT(2) 
PARAMETRIC_REPRESENTATION_CONTEXT() REPRESENTATION_CONTEXT('2D SPACE',''
  ) );
#6311 = FACE_BOUND('',#6312,.T.);
#6312 = EDGE_LOOP('',(#6313,#6339,#6366,#6390));
#6313 = ORIENTED_EDGE('',*,*,#6314,.T.);
#6314 = EDGE_CURVE('',#6315,#6317,#6319,.T.);
#6315 = VERTEX_POINT('',#6316);
#6316 = CARTESIAN_POINT('',(-90.90316521275,-49.01886529063,18.));
#6317 = VERTEX_POINT('',#6318);
#6318 = CARTESIAN_POINT('',(-87.90316521275,-54.21501771334,18.));
#6319 = SURFACE_CURVE('',#6320,(#6325,#6332),.PCURVE_S1.);
#6320 = CIRCLE('',#6321,103.2774641443);
#6321 = AXIS2_PLACEMENT_3D('',#6322,#6323,#6324);
#6322 = CARTESIAN_POINT('',(0.,0.,18.));
#6323 = DIRECTION('',(0.,0.,1.));
#6324 = DIRECTION('',(1.,0.,-0.));
#6325 = PCURVE('',#74,#6326);
#6326 = DEFINITIONAL_REPRESENTATION('',(#6327),#6331);
#6327 = LINE('',#6328,#6329);
#6328 = CARTESIAN_POINT('',(-0.,-27.));
#6329 = VECTOR('',#6330,1.);
#6330 = DIRECTION('',(-1.,-0.));
#6331 = ( GEOMETRIC_REPRESENTATION_CONTEXT(2) 
PARAMETRIC_REPRESENTATION_CONTEXT() REPRESENTATION_CONTEXT('2D SPACE',''
  ) );
#6332 = PCURVE('',#2831,#6333);
#6333 = DEFINITIONAL_REPRESENTATION('',(#6334),#6338);
#6334 = CIRCLE('',#6335,103.2774641443);
#6335 = AXIS2_PLACEMENT_2D('',#6336,#6337);
#6336 = CARTESIAN_POINT('',(3.,-60.));
#6337 = DIRECTION('',(-0.5,-0.866025403784));
#6338 = ( GEOMETRIC_REPRESENTATION_CONTEXT(2) 
PARAMETRIC_REPRESENTATION_CONTEXT() REPRESENTATION_CONTEXT('2D SPACE',''
  ) );
#6339 = ORIENTED_EDGE('',*,*,#6340,.T.);
#6340 = EDGE_CURVE('',#6317,#6341,#6343,.T.);
#6341 = VERTEX_POINT('',#6342);
#6342 = CARTESIAN_POINT('',(-93.50089760767,-57.4468700184,-2.));
#6343 = SURFACE_CURVE('',#6344,(#6349,#6359),.PCURVE_S1.);
#6344 = HYPERBOLA('',#6345,9.286290287604,3.);
#6345 = AXIS2_PLACEMENT_3D('',#6346,#6347,#6348);
#6346 = CARTESIAN_POINT('',(1.5,-2.598076211353,337.68817073721));
#6347 = DIRECTION('',(-0.5,0.866025403784,0.));
#6348 = DIRECTION('',(-0.,0.,-1.));
#6349 = PCURVE('',#74,#6350);
#6350 = DEFINITIONAL_REPRESENTATION('',(#6351),#6358);
#6351 = B_SPLINE_CURVE_WITH_KNOTS('',5,(#6352,#6353,#6354,#6355,#6356,
    #6357),.UNSPECIFIED.,.F.,.F.,(6,6),(4.225464658291,4.298321862656),
  .PIECEWISE_BEZIER_KNOTS.);
#6352 = CARTESIAN_POINT('',(-3.694426427794,-29.));
#6353 = CARTESIAN_POINT('',(-3.69400049242,-24.37280370648));
#6354 = CARTESIAN_POINT('',(-3.693582311846,-19.66129023821));
#6355 = CARTESIAN_POINT('',(-3.693171697982,-14.86341275583));
#6356 = CARTESIAN_POINT('',(-3.692768469564,-9.977049868629));
#6357 = CARTESIAN_POINT('',(-3.692372451669,-5.));
#6358 = ( GEOMETRIC_REPRESENTATION_CONTEXT(2) 
PARAMETRIC_REPRESENTATION_CONTEXT() REPRESENTATION_CONTEXT('2D SPACE',''
  ) );
#6359 = PCURVE('',#2802,#6360);
#6360 = DEFINITIONAL_REPRESENTATION('',(#6361),#6365);
#6361 = ( BOUNDED_CURVE() B_SPLINE_CURVE(2,(#6362,#6363,#6364),
.UNSPECIFIED.,.F.,.F.) B_SPLINE_CURVE_WITH_KNOTS((3,3),(4.225464658291,
4.298321862656),.PIECEWISE_BEZIER_KNOTS.) CURVE() 
GEOMETRIC_REPRESENTATION_ITEM() RATIONAL_B_SPLINE_CURVE((1.,
1.000663594909,1.)) REPRESENTATION_ITEM('') );
#6362 = CARTESIAN_POINT('',(22.,-42.5874947557));
#6363 = CARTESIAN_POINT('',(10.437123625379,-46.32455845476));
#6364 = CARTESIAN_POINT('',(-2.,-50.34394153817));
#6365 = ( GEOMETRIC_REPRESENTATION_CONTEXT(2) 
PARAMETRIC_REPRESENTATION_CONTEXT() REPRESENTATION_CONTEXT('2D SPACE',''
  ) );
#6366 = ORIENTED_EDGE('',*,*,#6367,.F.);
#6367 = EDGE_CURVE('',#6368,#6341,#6370,.T.);
#6368 = VERTEX_POINT('',#6369);
#6369 = CARTESIAN_POINT('',(-96.50089760767,-52.25071759569,-2.));
#6370 = SURFACE_CURVE('',#6371,(#6376,#6383),.PCURVE_S1.);
#6371 = CIRCLE('',#6372,109.73860181519);
#6372 = AXIS2_PLACEMENT_3D('',#6373,#6374,#6375);
#6373 = CARTESIAN_POINT('',(0.,0.,-2.));
#6374 = DIRECTION('',(0.,0.,1.));
#6375 = DIRECTION('',(1.,0.,-0.));
#6376 = PCURVE('',#74,#6377);
#6377 = DEFINITIONAL_REPRESENTATION('',(#6378),#6382);
#6378 = LINE('',#6379,#6380);
#6379 = CARTESIAN_POINT('',(-0.,-7.));
#6380 = VECTOR('',#6381,1.);
#6381 = DIRECTION('',(-1.,-0.));
#6382 = ( GEOMETRIC_REPRESENTATION_CONTEXT(2) 
PARAMETRIC_REPRESENTATION_CONTEXT() REPRESENTATION_CONTEXT('2D SPACE',''
  ) );
#6383 = PCURVE('',#2894,#6384);
#6384 = DEFINITIONAL_REPRESENTATION('',(#6385),#6389);
#6385 = CIRCLE('',#6386,109.73860181519);
#6386 = AXIS2_PLACEMENT_2D('',#6387,#6388);
#6387 = CARTESIAN_POINT('',(3.,-60.));
#6388 = DIRECTION('',(-0.5,-0.866025403784));
#6389 = ( GEOMETRIC_REPRESENTATION_CONTEXT(2) 
PARAMETRIC_REPRESENTATION_CONTEXT() REPRESENTATION_CONTEXT('2D SPACE',''
  ) );
#6390 = ORIENTED_EDGE('',*,*,#6391,.F.);
#6391 = EDGE_CURVE('',#6315,#6368,#6392,.T.);
#6392 = SURFACE_CURVE('',#6393,(#6398,#6408),.PCURVE_S1.);
#6393 = HYPERBOLA('',#6394,9.286290287604,3.);
#6394 = AXIS2_PLACEMENT_3D('',#6395,#6396,#6397);
#6395 = CARTESIAN_POINT('',(-1.5,2.598076211353,337.68817073721));
#6396 = DIRECTION('',(-0.5,0.866025403784,0.));
#6397 = DIRECTION('',(-0.,0.,-1.));
#6398 = PCURVE('',#74,#6399);
#6399 = DEFINITIONAL_REPRESENTATION('',(#6400),#6407);
#6400 = B_SPLINE_CURVE_WITH_KNOTS('',5,(#6401,#6402,#6403,#6404,#6405,
    #6406),.UNSPECIFIED.,.F.,.F.,(6,6),(4.225464658291,4.298321862656),
  .PIECEWISE_BEZIER_KNOTS.);
#6401 = CARTESIAN_POINT('',(-3.635956430582,-29.));
#6402 = CARTESIAN_POINT('',(-3.636382365956,-24.37280370648));
#6403 = CARTESIAN_POINT('',(-3.636800546531,-19.66129023822));
#6404 = CARTESIAN_POINT('',(-3.637211160394,-14.86341275584));
#6405 = CARTESIAN_POINT('',(-3.637614388813,-9.977049868629));
#6406 = CARTESIAN_POINT('',(-3.638010406707,-5.));
#6407 = ( GEOMETRIC_REPRESENTATION_CONTEXT(2) 
PARAMETRIC_REPRESENTATION_CONTEXT() REPRESENTATION_CONTEXT('2D SPACE',''
  ) );
#6408 = PCURVE('',#2867,#6409);
#6409 = DEFINITIONAL_REPRESENTATION('',(#6410),#6414);
#6410 = ( BOUNDED_CURVE() B_SPLINE_CURVE(2,(#6411,#6412,#6413),
.UNSPECIFIED.,.F.,.F.) B_SPLINE_CURVE_WITH_KNOTS((3,3),(4.225464658291,
4.298321862656),.PIECEWISE_BEZIER_KNOTS.) CURVE() 
GEOMETRIC_REPRESENTATION_ITEM() RATIONAL_B_SPLINE_CURVE((1.,
1.000663594909,1.)) REPRESENTATION_ITEM('') );
#6411 = CARTESIAN_POINT('',(22.,-42.5874947557));
#6412 = CARTESIAN_POINT('',(10.437123625378,-46.32455845476));
#6413 = CARTESIAN_POINT('',(-2.,-50.34394153817));
#6414 = ( GEOMETRIC_REPRESENTATION_CONTEXT(2) 
PARAMETRIC_REPRESENTATION_CONTEXT() REPRESENTATION_CONTEXT('2D SPACE',''
  ) );
#6415 = FACE_BOUND('',#6416,.T.);
#6416 = EDGE_LOOP('',(#6417,#6443,#6470,#6494));
#6417 = ORIENTED_EDGE('',*,*,#6418,.T.);
#6418 = EDGE_CURVE('',#6419,#6421,#6423,.T.);
#6419 = VERTEX_POINT('',#6420);
#6420 = CARTESIAN_POINT('',(-78.72511778742,-66.84751625479,18.));
#6421 = VERTEX_POINT('',#6422);
#6422 = CARTESIAN_POINT('',(-74.71033414926,-71.30638520766,18.));
#6423 = SURFACE_CURVE('',#6424,(#6429,#6436),.PCURVE_S1.);
#6424 = CIRCLE('',#6425,103.2774641443);
#6425 = AXIS2_PLACEMENT_3D('',#6426,#6427,#6428);
#6426 = CARTESIAN_POINT('',(0.,0.,18.));
#6427 = DIRECTION('',(0.,0.,1.));
#6428 = DIRECTION('',(1.,0.,-0.));
#6429 = PCURVE('',#74,#6430);
#6430 = DEFINITIONAL_REPRESENTATION('',(#6431),#6435);
#6431 = LINE('',#6432,#6433);
#6432 = CARTESIAN_POINT('',(-0.,-27.));
#6433 = VECTOR('',#6434,1.);
#6434 = DIRECTION('',(-1.,-0.));
#6435 = ( GEOMETRIC_REPRESENTATION_CONTEXT(2) 
PARAMETRIC_REPRESENTATION_CONTEXT() REPRESENTATION_CONTEXT('2D SPACE',''
  ) );
#6436 = PCURVE('',#2963,#6437);
#6437 = DEFINITIONAL_REPRESENTATION('',(#6438),#6442);
#6438 = CIRCLE('',#6439,103.2774641443);
#6439 = AXIS2_PLACEMENT_2D('',#6440,#6441);
#6440 = CARTESIAN_POINT('',(3.,-60.));
#6441 = DIRECTION('',(-0.669130606359,-0.743144825477));
#6442 = ( GEOMETRIC_REPRESENTATION_CONTEXT(2) 
PARAMETRIC_REPRESENTATION_CONTEXT() REPRESENTATION_CONTEXT('2D SPACE',''
  ) );
#6443 = ORIENTED_EDGE('',*,*,#6444,.T.);
#6444 = EDGE_CURVE('',#6421,#6445,#6447,.T.);
#6445 = VERTEX_POINT('',#6446);
#6446 = CARTESIAN_POINT('',(-79.51380278369,-75.63144779275,-2.));
#6447 = SURFACE_CURVE('',#6448,(#6453,#6463),.PCURVE_S1.);
#6448 = HYPERBOLA('',#6449,9.286290287604,3.);
#6449 = AXIS2_PLACEMENT_3D('',#6450,#6451,#6452);
#6450 = CARTESIAN_POINT('',(2.007391819077,-2.229434476432,
    337.68817073721));
#6451 = DIRECTION('',(-0.669130606359,0.743144825477,0.));
#6452 = DIRECTION('',(-0.,0.,-1.));
#6453 = PCURVE('',#74,#6454);
#6454 = DEFINITIONAL_REPRESENTATION('',(#6455),#6462);
#6455 = B_SPLINE_CURVE_WITH_KNOTS('',5,(#6456,#6457,#6458,#6459,#6460,
    #6461),.UNSPECIFIED.,.F.,.F.,(6,6),(4.225464658291,4.298321862656),
  .PIECEWISE_BEZIER_KNOTS.);
#6456 = CARTESIAN_POINT('',(-3.903865938033,-29.));
#6457 = CARTESIAN_POINT('',(-3.903440002659,-24.37280370648));
#6458 = CARTESIAN_POINT('',(-3.903021822085,-19.66129023822));
#6459 = CARTESIAN_POINT('',(-3.902611208222,-14.86341275583));
#6460 = CARTESIAN_POINT('',(-3.902207979803,-9.977049868629));
#6461 = CARTESIAN_POINT('',(-3.901811961909,-5.));
#6462 = ( GEOMETRIC_REPRESENTATION_CONTEXT(2) 
PARAMETRIC_REPRESENTATION_CONTEXT() REPRESENTATION_CONTEXT('2D SPACE',''
  ) );
#6463 = PCURVE('',#2934,#6464);
#6464 = DEFINITIONAL_REPRESENTATION('',(#6465),#6469);
#6465 = ( BOUNDED_CURVE() B_SPLINE_CURVE(2,(#6466,#6467,#6468),
.UNSPECIFIED.,.F.,.F.) B_SPLINE_CURVE_WITH_KNOTS((3,3),(4.225464658291,
4.298321862656),.PIECEWISE_BEZIER_KNOTS.) CURVE() 
GEOMETRIC_REPRESENTATION_ITEM() RATIONAL_B_SPLINE_CURVE((1.,
1.000663594909,1.)) REPRESENTATION_ITEM('') );
#6466 = CARTESIAN_POINT('',(22.,-42.5874947557));
#6467 = CARTESIAN_POINT('',(10.437123625378,-46.32455845476));
#6468 = CARTESIAN_POINT('',(-2.,-50.34394153817));
#6469 = ( GEOMETRIC_REPRESENTATION_CONTEXT(2) 
PARAMETRIC_REPRESENTATION_CONTEXT() REPRESENTATION_CONTEXT('2D SPACE',''
  ) );
#6470 = ORIENTED_EDGE('',*,*,#6471,.F.);
#6471 = EDGE_CURVE('',#6472,#6445,#6474,.T.);
#6472 = VERTEX_POINT('',#6473);
#6473 = CARTESIAN_POINT('',(-83.52858642184,-71.17257883989,-2.));
#6474 = SURFACE_CURVE('',#6475,(#6480,#6487),.PCURVE_S1.);
#6475 = CIRCLE('',#6476,109.73860181519);
#6476 = AXIS2_PLACEMENT_3D('',#6477,#6478,#6479);
#6477 = CARTESIAN_POINT('',(0.,0.,-2.));
#6478 = DIRECTION('',(0.,0.,1.));
#6479 = DIRECTION('',(1.,0.,-0.));
#6480 = PCURVE('',#74,#6481);
#6481 = DEFINITIONAL_REPRESENTATION('',(#6482),#6486);
#6482 = LINE('',#6483,#6484);
#6483 = CARTESIAN_POINT('',(-0.,-7.));
#6484 = VECTOR('',#6485,1.);
#6485 = DIRECTION('',(-1.,-0.));
#6486 = ( GEOMETRIC_REPRESENTATION_CONTEXT(2) 
PARAMETRIC_REPRESENTATION_CONTEXT() REPRESENTATION_CONTEXT('2D SPACE',''
  ) );
#6487 = PCURVE('',#3026,#6488);
#6488 = DEFINITIONAL_REPRESENTATION('',(#6489),#6493);
#6489 = CIRCLE('',#6490,109.73860181519);
#6490 = AXIS2_PLACEMENT_2D('',#6491,#6492);
#6491 = CARTESIAN_POINT('',(3.,-60.));
#6492 = DIRECTION('',(-0.669130606359,-0.743144825477));
#6493 = ( GEOMETRIC_REPRESENTATION_CONTEXT(2) 
PARAMETRIC_REPRESENTATION_CONTEXT() REPRESENTATION_CONTEXT('2D SPACE',''
  ) );
#6494 = ORIENTED_EDGE('',*,*,#6495,.F.);
#6495 = EDGE_CURVE('',#6419,#6472,#6496,.T.);
#6496 = SURFACE_CURVE('',#6497,(#6502,#6512),.PCURVE_S1.);
#6497 = HYPERBOLA('',#6498,9.286290287604,3.);
#6498 = AXIS2_PLACEMENT_3D('',#6499,#6500,#6501);
#6499 = CARTESIAN_POINT('',(-2.007391819077,2.229434476432,
    337.68817073721));
#6500 = DIRECTION('',(-0.669130606359,0.743144825477,0.));
#6501 = DIRECTION('',(-0.,0.,-1.));
#6502 = PCURVE('',#74,#6503);
#6503 = DEFINITIONAL_REPRESENTATION('',(#6504),#6511);
#6504 = B_SPLINE_CURVE_WITH_KNOTS('',5,(#6505,#6506,#6507,#6508,#6509,
    #6510),.UNSPECIFIED.,.F.,.F.,(6,6),(4.225464658291,4.298321862656),
  .PIECEWISE_BEZIER_KNOTS.);
#6505 = CARTESIAN_POINT('',(-3.845395940822,-29.));
#6506 = CARTESIAN_POINT('',(-3.845821876196,-24.37280370648));
#6507 = CARTESIAN_POINT('',(-3.84624005677,-19.66129023821));
#6508 = CARTESIAN_POINT('',(-3.846650670633,-14.86341275583));
#6509 = CARTESIAN_POINT('',(-3.847053899052,-9.977049868629));
#6510 = CARTESIAN_POINT('',(-3.847449916946,-5.));
#6511 = ( GEOMETRIC_REPRESENTATION_CONTEXT(2) 
PARAMETRIC_REPRESENTATION_CONTEXT() REPRESENTATION_CONTEXT('2D SPACE',''
  ) );
#6512 = PCURVE('',#2999,#6513);
#6513 = DEFINITIONAL_REPRESENTATION('',(#6514),#6518);
#6514 = ( BOUNDED_CURVE() B_SPLINE_CURVE(2,(#6515,#6516,#6517),
.UNSPECIFIED.,.F.,.F.) B_SPLINE_CURVE_WITH_KNOTS((3,3),(4.225464658291,
4.298321862656),.PIECEWISE_BEZIER_KNOTS.) CURVE() 
GEOMETRIC_REPRESENTATION_ITEM() RATIONAL_B_SPLINE_CURVE((1.,
1.000663594909,1.)) REPRESENTATION_ITEM('') );
#6515 = CARTESIAN_POINT('',(22.,-42.5874947557));
#6516 = CARTESIAN_POINT('',(10.437123625379,-46.32455845476));
#6517 = CARTESIAN_POINT('',(-2.,-50.34394153817));
#6518 = ( GEOMETRIC_REPRESENTATION_CONTEXT(2) 
PARAMETRIC_REPRESENTATION_CONTEXT() REPRESENTATION_CONTEXT('2D SPACE',''
  ) );
#6519 = FACE_BOUND('',#6520,.T.);
#6520 = EDGE_LOOP('',(#6521,#6547,#6574,#6598));
#6521 = ORIENTED_EDGE('',*,*,#6522,.T.);
#6522 = EDGE_CURVE('',#6523,#6525,#6527,.T.);
#6523 = VERTEX_POINT('',#6524);
#6524 = CARTESIAN_POINT('',(-63.10640494974,-81.75460998865,18.));
#6525 = VERTEX_POINT('',#6526);
#6526 = CARTESIAN_POINT('',(-58.25230298349,-85.2813215024,18.));
#6527 = SURFACE_CURVE('',#6528,(#6533,#6540),.PCURVE_S1.);
#6528 = CIRCLE('',#6529,103.2774641443);
#6529 = AXIS2_PLACEMENT_3D('',#6530,#6531,#6532);
#6530 = CARTESIAN_POINT('',(0.,0.,18.));
#6531 = DIRECTION('',(0.,0.,1.));
#6532 = DIRECTION('',(1.,0.,-0.));
#6533 = PCURVE('',#74,#6534);
#6534 = DEFINITIONAL_REPRESENTATION('',(#6535),#6539);
#6535 = LINE('',#6536,#6537);
#6536 = CARTESIAN_POINT('',(-0.,-27.));
#6537 = VECTOR('',#6538,1.);
#6538 = DIRECTION('',(-1.,-0.));
#6539 = ( GEOMETRIC_REPRESENTATION_CONTEXT(2) 
PARAMETRIC_REPRESENTATION_CONTEXT() REPRESENTATION_CONTEXT('2D SPACE',''
  ) );
#6540 = PCURVE('',#3095,#6541);
#6541 = DEFINITIONAL_REPRESENTATION('',(#6542),#6546);
#6542 = CIRCLE('',#6543,103.2774641443);
#6543 = AXIS2_PLACEMENT_2D('',#6544,#6545);
#6544 = CARTESIAN_POINT('',(3.,-60.));
#6545 = DIRECTION('',(-0.809016994375,-0.587785252292));
#6546 = ( GEOMETRIC_REPRESENTATION_CONTEXT(2) 
PARAMETRIC_REPRESENTATION_CONTEXT() REPRESENTATION_CONTEXT('2D SPACE',''
  ) );
#6547 = ORIENTED_EDGE('',*,*,#6548,.T.);
#6548 = EDGE_CURVE('',#6525,#6549,#6551,.T.);
#6549 = VERTEX_POINT('',#6550);
#6550 = CARTESIAN_POINT('',(-62.0515732285,-90.51056837861,-2.));
#6551 = SURFACE_CURVE('',#6552,(#6557,#6567),.PCURVE_S1.);
#6552 = HYPERBOLA('',#6553,9.286290287604,3.);
#6553 = AXIS2_PLACEMENT_3D('',#6554,#6555,#6556);
#6554 = CARTESIAN_POINT('',(2.427050983125,-1.763355756877,
    337.68817073721));
#6555 = DIRECTION('',(-0.809016994375,0.587785252292,0.));
#6556 = DIRECTION('',(-0.,0.,-1.));
#6557 = PCURVE('',#74,#6558);
#6558 = DEFINITIONAL_REPRESENTATION('',(#6559),#6566);
#6559 = B_SPLINE_CURVE_WITH_KNOTS('',5,(#6560,#6561,#6562,#6563,#6564,
    #6565),.UNSPECIFIED.,.F.,.F.,(6,6),(4.225464658291,4.298321862656),
  .PIECEWISE_BEZIER_KNOTS.);
#6560 = CARTESIAN_POINT('',(-4.113305448273,-29.));
#6561 = CARTESIAN_POINT('',(-4.112879512898,-24.37280370648));
#6562 = CARTESIAN_POINT('',(-4.112461332324,-19.66129023822));
#6563 = CARTESIAN_POINT('',(-4.112050718461,-14.86341275583));
#6564 = CARTESIAN_POINT('',(-4.111647490042,-9.977049868629));
#6565 = CARTESIAN_POINT('',(-4.111251472148,-5.));
#6566 = ( GEOMETRIC_REPRESENTATION_CONTEXT(2) 
PARAMETRIC_REPRESENTATION_CONTEXT() REPRESENTATION_CONTEXT('2D SPACE',''
  ) );
#6567 = PCURVE('',#3066,#6568);
#6568 = DEFINITIONAL_REPRESENTATION('',(#6569),#6573);
#6569 = ( BOUNDED_CURVE() B_SPLINE_CURVE(2,(#6570,#6571,#6572),
.UNSPECIFIED.,.F.,.F.) B_SPLINE_CURVE_WITH_KNOTS((3,3),(4.225464658291,
4.298321862656),.PIECEWISE_BEZIER_KNOTS.) CURVE() 
GEOMETRIC_REPRESENTATION_ITEM() RATIONAL_B_SPLINE_CURVE((1.,
1.000663594909,1.)) REPRESENTATION_ITEM('') );
#6570 = CARTESIAN_POINT('',(22.,-42.5874947557));
#6571 = CARTESIAN_POINT('',(10.437123625378,-46.32455845476));
#6572 = CARTESIAN_POINT('',(-2.,-50.34394153817));
#6573 = ( GEOMETRIC_REPRESENTATION_CONTEXT(2) 
PARAMETRIC_REPRESENTATION_CONTEXT() REPRESENTATION_CONTEXT('2D SPACE',''
  ) );
#6574 = ORIENTED_EDGE('',*,*,#6575,.F.);
#6575 = EDGE_CURVE('',#6576,#6549,#6578,.T.);
#6576 = VERTEX_POINT('',#6577);
#6577 = CARTESIAN_POINT('',(-66.90567519475,-86.98385686486,-2.));
#6578 = SURFACE_CURVE('',#6579,(#6584,#6591),.PCURVE_S1.);
#6579 = CIRCLE('',#6580,109.73860181519);
#6580 = AXIS2_PLACEMENT_3D('',#6581,#6582,#6583);
#6581 = CARTESIAN_POINT('',(0.,0.,-2.));
#6582 = DIRECTION('',(0.,0.,1.));
#6583 = DIRECTION('',(1.,0.,-0.));
#6584 = PCURVE('',#74,#6585);
#6585 = DEFINITIONAL_REPRESENTATION('',(#6586),#6590);
#6586 = LINE('',#6587,#6588);
#6587 = CARTESIAN_POINT('',(-0.,-7.));
#6588 = VECTOR('',#6589,1.);
#6589 = DIRECTION('',(-1.,-0.));
#6590 = ( GEOMETRIC_REPRESENTATION_CONTEXT(2) 
PARAMETRIC_REPRESENTATION_CONTEXT() REPRESENTATION_CONTEXT('2D SPACE',''
  ) );
#6591 = PCURVE('',#3158,#6592);
#6592 = DEFINITIONAL_REPRESENTATION('',(#6593),#6597);
#6593 = CIRCLE('',#6594,109.73860181519);
#6594 = AXIS2_PLACEMENT_2D('',#6595,#6596);
#6595 = CARTESIAN_POINT('',(3.,-60.));
#6596 = DIRECTION('',(-0.809016994375,-0.587785252292));
#6597 = ( GEOMETRIC_REPRESENTATION_CONTEXT(2) 
PARAMETRIC_REPRESENTATION_CONTEXT() REPRESENTATION_CONTEXT('2D SPACE',''
  ) );
#6598 = ORIENTED_EDGE('',*,*,#6599,.F.);
#6599 = EDGE_CURVE('',#6523,#6576,#6600,.T.);
#6600 = SURFACE_CURVE('',#6601,(#6606,#6616),.PCURVE_S1.);
#6601 = HYPERBOLA('',#6602,9.286290287604,3.);
#6602 = AXIS2_PLACEMENT_3D('',#6603,#6604,#6605);
#6603 = CARTESIAN_POINT('',(-2.427050983125,1.763355756877,
    337.68817073721));
#6604 = DIRECTION('',(-0.809016994375,0.587785252292,0.));
#6605 = DIRECTION('',(-0.,0.,-1.));
#6606 = PCURVE('',#74,#6607);
#6607 = DEFINITIONAL_REPRESENTATION('',(#6608),#6615);
#6608 = B_SPLINE_CURVE_WITH_KNOTS('',5,(#6609,#6610,#6611,#6612,#6613,
    #6614),.UNSPECIFIED.,.F.,.F.,(6,6),(4.225464658291,4.298321862656),
  .PIECEWISE_BEZIER_KNOTS.);
#6609 = CARTESIAN_POINT('',(-4.054835451061,-29.));
#6610 = CARTESIAN_POINT('',(-4.055261386435,-24.37280370648));
#6611 = CARTESIAN_POINT('',(-4.055679567009,-19.66129023822));
#6612 = CARTESIAN_POINT('',(-4.056090180872,-14.86341275583));
#6613 = CARTESIAN_POINT('',(-4.056493409291,-9.977049868629));
#6614 = CARTESIAN_POINT('',(-4.056889427185,-5.));
#6615 = ( GEOMETRIC_REPRESENTATION_CONTEXT(2) 
PARAMETRIC_REPRESENTATION_CONTEXT() REPRESENTATION_CONTEXT('2D SPACE',''
  ) );
#6616 = PCURVE('',#3131,#6617);
#6617 = DEFINITIONAL_REPRESENTATION('',(#6618),#6622);
#6618 = ( BOUNDED_CURVE() B_SPLINE_CURVE(2,(#6619,#6620,#6621),
.UNSPECIFIED.,.F.,.F.) B_SPLINE_CURVE_WITH_KNOTS((3,3),(4.225464658291,
4.298321862656),.PIECEWISE_BEZIER_KNOTS.) CURVE() 
GEOMETRIC_REPRESENTATION_ITEM() RATIONAL_B_SPLINE_CURVE((1.,
1.000663594909,1.)) REPRESENTATION_ITEM('') );
#6619 = CARTESIAN_POINT('',(22.,-42.5874947557));
#6620 = CARTESIAN_POINT('',(10.437123625378,-46.32455845476));
#6621 = CARTESIAN_POINT('',(-2.,-50.34394153817));
#6622 = ( GEOMETRIC_REPRESENTATION_CONTEXT(2) 
PARAMETRIC_REPRESENTATION_CONTEXT() REPRESENTATION_CONTEXT('2D SPACE',''
  ) );
#6623 = FACE_BOUND('',#6624,.T.);
#6624 = EDGE_LOOP('',(#6625,#6651,#6678,#6702));
#6625 = ORIENTED_EDGE('',*,*,#6626,.T.);
#6626 = EDGE_CURVE('',#6627,#6629,#6631,.T.);
#6627 = VERTEX_POINT('',#6628);
#6628 = CARTESIAN_POINT('',(-44.72963939764,-93.08863496386,18.));
#6629 = VERTEX_POINT('',#6630);
#6630 = CARTESIAN_POINT('',(-39.24836665178,-95.52905482231,18.));
#6631 = SURFACE_CURVE('',#6632,(#6637,#6644),.PCURVE_S1.);
#6632 = CIRCLE('',#6633,103.2774641443);
#6633 = AXIS2_PLACEMENT_3D('',#6634,#6635,#6636);
#6634 = CARTESIAN_POINT('',(0.,0.,18.));
#6635 = DIRECTION('',(0.,0.,1.));
#6636 = DIRECTION('',(1.,0.,-0.));
#6637 = PCURVE('',#74,#6638);
#6638 = DEFINITIONAL_REPRESENTATION('',(#6639),#6643);
#6639 = LINE('',#6640,#6641);
#6640 = CARTESIAN_POINT('',(-0.,-27.));
#6641 = VECTOR('',#6642,1.);
#6642 = DIRECTION('',(-1.,-0.));
#6643 = ( GEOMETRIC_REPRESENTATION_CONTEXT(2) 
PARAMETRIC_REPRESENTATION_CONTEXT() REPRESENTATION_CONTEXT('2D SPACE',''
  ) );
#6644 = PCURVE('',#3227,#6645);
#6645 = DEFINITIONAL_REPRESENTATION('',(#6646),#6650);
#6646 = CIRCLE('',#6647,103.2774641443);
#6647 = AXIS2_PLACEMENT_2D('',#6648,#6649);
#6648 = CARTESIAN_POINT('',(3.,-60.));
#6649 = DIRECTION('',(-0.913545457643,-0.406736643076));
#6650 = ( GEOMETRIC_REPRESENTATION_CONTEXT(2) 
PARAMETRIC_REPRESENTATION_CONTEXT() REPRESENTATION_CONTEXT('2D SPACE',''
  ) );
#6651 = ORIENTED_EDGE('',*,*,#6652,.T.);
#6652 = EDGE_CURVE('',#6629,#6653,#6655,.T.);
#6653 = VERTEX_POINT('',#6654);
#6654 = CARTESIAN_POINT('',(-41.87739216674,-101.4339428084,-2.));
#6655 = SURFACE_CURVE('',#6656,(#6661,#6671),.PCURVE_S1.);
#6656 = HYPERBOLA('',#6657,9.286290287604,3.);
#6657 = AXIS2_PLACEMENT_3D('',#6658,#6659,#6660);
#6658 = CARTESIAN_POINT('',(2.740636372928,-1.220209929227,
    337.68817073721));
#6659 = DIRECTION('',(-0.913545457643,0.406736643076,0.));
#6660 = DIRECTION('',(-0.,0.,-1.));
#6661 = PCURVE('',#74,#6662);
#6662 = DEFINITIONAL_REPRESENTATION('',(#6663),#6670);
#6663 = B_SPLINE_CURVE_WITH_KNOTS('',5,(#6664,#6665,#6666,#6667,#6668,
    #6669),.UNSPECIFIED.,.F.,.F.,(6,6),(4.225464658291,4.298321862656),
  .PIECEWISE_BEZIER_KNOTS.);
#6664 = CARTESIAN_POINT('',(-4.322744958512,-29.));
#6665 = CARTESIAN_POINT('',(-4.322319023138,-24.37280370648));
#6666 = CARTESIAN_POINT('',(-4.321900842564,-19.66129023821));
#6667 = CARTESIAN_POINT('',(-4.3214902287,-14.86341275583));
#6668 = CARTESIAN_POINT('',(-4.321087000282,-9.977049868629));
#6669 = CARTESIAN_POINT('',(-4.320690982387,-5.));
#6670 = ( GEOMETRIC_REPRESENTATION_CONTEXT(2) 
PARAMETRIC_REPRESENTATION_CONTEXT() REPRESENTATION_CONTEXT('2D SPACE',''
  ) );
#6671 = PCURVE('',#3198,#6672);
#6672 = DEFINITIONAL_REPRESENTATION('',(#6673),#6677);
#6673 = ( BOUNDED_CURVE() B_SPLINE_CURVE(2,(#6674,#6675,#6676),
.UNSPECIFIED.,.F.,.F.) B_SPLINE_CURVE_WITH_KNOTS((3,3),(4.225464658291,
4.298321862656),.PIECEWISE_BEZIER_KNOTS.) CURVE() 
GEOMETRIC_REPRESENTATION_ITEM() RATIONAL_B_SPLINE_CURVE((1.,
1.000663594909,1.)) REPRESENTATION_ITEM('') );
#6674 = CARTESIAN_POINT('',(22.,-42.5874947557));
#6675 = CARTESIAN_POINT('',(10.437123625379,-46.32455845476));
#6676 = CARTESIAN_POINT('',(-2.,-50.34394153817));
#6677 = ( GEOMETRIC_REPRESENTATION_CONTEXT(2) 
PARAMETRIC_REPRESENTATION_CONTEXT() REPRESENTATION_CONTEXT('2D SPACE',''
  ) );
#6678 = ORIENTED_EDGE('',*,*,#6679,.F.);
#6679 = EDGE_CURVE('',#6680,#6653,#6682,.T.);
#6680 = VERTEX_POINT('',#6681);
#6681 = CARTESIAN_POINT('',(-47.3586649126,-98.99352294998,-2.));
#6682 = SURFACE_CURVE('',#6683,(#6688,#6695),.PCURVE_S1.);
#6683 = CIRCLE('',#6684,109.73860181519);
#6684 = AXIS2_PLACEMENT_3D('',#6685,#6686,#6687);
#6685 = CARTESIAN_POINT('',(0.,0.,-2.));
#6686 = DIRECTION('',(0.,0.,1.));
#6687 = DIRECTION('',(1.,0.,-0.));
#6688 = PCURVE('',#74,#6689);
#6689 = DEFINITIONAL_REPRESENTATION('',(#6690),#6694);
#6690 = LINE('',#6691,#6692);
#6691 = CARTESIAN_POINT('',(-0.,-7.));
#6692 = VECTOR('',#6693,1.);
#6693 = DIRECTION('',(-1.,-0.));
#6694 = ( GEOMETRIC_REPRESENTATION_CONTEXT(2) 
PARAMETRIC_REPRESENTATION_CONTEXT() REPRESENTATION_CONTEXT('2D SPACE',''
  ) );
#6695 = PCURVE('',#3290,#6696);
#6696 = DEFINITIONAL_REPRESENTATION('',(#6697),#6701);
#6697 = CIRCLE('',#6698,109.73860181519);
#6698 = AXIS2_PLACEMENT_2D('',#6699,#6700);
#6699 = CARTESIAN_POINT('',(3.,-60.));
#6700 = DIRECTION('',(-0.913545457643,-0.406736643076));
#6701 = ( GEOMETRIC_REPRESENTATION_CONTEXT(2) 
PARAMETRIC_REPRESENTATION_CONTEXT() REPRESENTATION_CONTEXT('2D SPACE',''
  ) );
#6702 = ORIENTED_EDGE('',*,*,#6703,.F.);
#6703 = EDGE_CURVE('',#6627,#6680,#6704,.T.);
#6704 = SURFACE_CURVE('',#6705,(#6710,#6720),.PCURVE_S1.);
#6705 = HYPERBOLA('',#6706,9.286290287604,3.);
#6706 = AXIS2_PLACEMENT_3D('',#6707,#6708,#6709);
#6707 = CARTESIAN_POINT('',(-2.740636372928,1.220209929227,
    337.68817073721));
#6708 = DIRECTION('',(-0.913545457643,0.406736643076,0.));
#6709 = DIRECTION('',(-0.,0.,-1.));
#6710 = PCURVE('',#74,#6711);
#6711 = DEFINITIONAL_REPRESENTATION('',(#6712),#6719);
#6712 = B_SPLINE_CURVE_WITH_KNOTS('',5,(#6713,#6714,#6715,#6716,#6717,
    #6718),.UNSPECIFIED.,.F.,.F.,(6,6),(4.225464658291,4.298321862656),
  .PIECEWISE_BEZIER_KNOTS.);
#6713 = CARTESIAN_POINT('',(-4.2642749613,-29.));
#6714 = CARTESIAN_POINT('',(-4.264700896674,-24.37280370648));
#6715 = CARTESIAN_POINT('',(-4.265119077249,-19.66129023822));
#6716 = CARTESIAN_POINT('',(-4.265529691112,-14.86341275583));
#6717 = CARTESIAN_POINT('',(-4.265932919531,-9.977049868629));
#6718 = CARTESIAN_POINT('',(-4.266328937425,-5.));
#6719 = ( GEOMETRIC_REPRESENTATION_CONTEXT(2) 
PARAMETRIC_REPRESENTATION_CONTEXT() REPRESENTATION_CONTEXT('2D SPACE',''
  ) );
#6720 = PCURVE('',#3263,#6721);
#6721 = DEFINITIONAL_REPRESENTATION('',(#6722),#6726);
#6722 = ( BOUNDED_CURVE() B_SPLINE_CURVE(2,(#6723,#6724,#6725),
.UNSPECIFIED.,.F.,.F.) B_SPLINE_CURVE_WITH_KNOTS((3,3),(4.225464658291,
4.298321862656),.PIECEWISE_BEZIER_KNOTS.) CURVE() 
GEOMETRIC_REPRESENTATION_ITEM() RATIONAL_B_SPLINE_CURVE((1.,
1.000663594909,1.)) REPRESENTATION_ITEM('') );
#6723 = CARTESIAN_POINT('',(22.,-42.5874947557));
#6724 = CARTESIAN_POINT('',(10.437123625378,-46.32455845476));
#6725 = CARTESIAN_POINT('',(-2.,-50.34394153817));
#6726 = ( GEOMETRIC_REPRESENTATION_CONTEXT(2) 
PARAMETRIC_REPRESENTATION_CONTEXT() REPRESENTATION_CONTEXT('2D SPACE',''
  ) );
#6727 = FACE_BOUND('',#6728,.T.);
#6728 = EDGE_LOOP('',(#6729,#6755,#6782,#6806));
#6729 = ORIENTED_EDGE('',*,*,#6730,.T.);
#6730 = EDGE_CURVE('',#6731,#6733,#6735,.T.);
#6731 = VERTEX_POINT('',#6732);
#6732 = CARTESIAN_POINT('',(-24.39797396724,-100.3542399023,18.));
#6733 = VERTEX_POINT('',#6734);
#6734 = CARTESIAN_POINT('',(-18.52908836283,-101.6017100472,18.));
#6735 = SURFACE_CURVE('',#6736,(#6741,#6748),.PCURVE_S1.);
#6736 = CIRCLE('',#6737,103.2774641443);
#6737 = AXIS2_PLACEMENT_3D('',#6738,#6739,#6740);
#6738 = CARTESIAN_POINT('',(0.,0.,18.));
#6739 = DIRECTION('',(0.,0.,1.));
#6740 = DIRECTION('',(1.,0.,-0.));
#6741 = PCURVE('',#74,#6742);
#6742 = DEFINITIONAL_REPRESENTATION('',(#6743),#6747);
#6743 = LINE('',#6744,#6745);
#6744 = CARTESIAN_POINT('',(-0.,-27.));
#6745 = VECTOR('',#6746,1.);
#6746 = DIRECTION('',(-1.,-0.));
#6747 = ( GEOMETRIC_REPRESENTATION_CONTEXT(2) 
PARAMETRIC_REPRESENTATION_CONTEXT() REPRESENTATION_CONTEXT('2D SPACE',''
  ) );
#6748 = PCURVE('',#3359,#6749);
#6749 = DEFINITIONAL_REPRESENTATION('',(#6750),#6754);
#6750 = CIRCLE('',#6751,103.2774641443);
#6751 = AXIS2_PLACEMENT_2D('',#6752,#6753);
#6752 = CARTESIAN_POINT('',(3.,-60.));
#6753 = DIRECTION('',(-0.978147600734,-0.207911690818));
#6754 = ( GEOMETRIC_REPRESENTATION_CONTEXT(2) 
PARAMETRIC_REPRESENTATION_CONTEXT() REPRESENTATION_CONTEXT('2D SPACE',''
  ) );
#6755 = ORIENTED_EDGE('',*,*,#6756,.T.);
#6756 = EDGE_CURVE('',#6733,#6757,#6759,.T.);
#6757 = VERTEX_POINT('',#6758);
#6758 = CARTESIAN_POINT('',(-19.87296811727,-107.9241672034,-2.));
#6759 = SURFACE_CURVE('',#6760,(#6765,#6775),.PCURVE_S1.);
#6760 = HYPERBOLA('',#6761,9.286290287604,3.);
#6761 = AXIS2_PLACEMENT_3D('',#6762,#6763,#6764);
#6762 = CARTESIAN_POINT('',(2.934442802201,-0.623735072453,
    337.68817073721));
#6763 = DIRECTION('',(-0.978147600734,0.207911690818,0.));
#6764 = DIRECTION('',(-0.,0.,-1.));
#6765 = PCURVE('',#74,#6766);
#6766 = DEFINITIONAL_REPRESENTATION('',(#6767),#6774);
#6767 = B_SPLINE_CURVE_WITH_KNOTS('',5,(#6768,#6769,#6770,#6771,#6772,
    #6773),.UNSPECIFIED.,.F.,.F.,(6,6),(4.225464658291,4.298321862656),
  .PIECEWISE_BEZIER_KNOTS.);
#6768 = CARTESIAN_POINT('',(-4.532184468751,-29.));
#6769 = CARTESIAN_POINT('',(-4.531758533377,-24.37280370648));
#6770 = CARTESIAN_POINT('',(-4.531340352803,-19.66129023822));
#6771 = CARTESIAN_POINT('',(-4.53092973894,-14.86341275583));
#6772 = CARTESIAN_POINT('',(-4.530526510521,-9.977049868629));
#6773 = CARTESIAN_POINT('',(-4.530130492627,-5.));
#6774 = ( GEOMETRIC_REPRESENTATION_CONTEXT(2) 
PARAMETRIC_REPRESENTATION_CONTEXT() REPRESENTATION_CONTEXT('2D SPACE',''
  ) );
#6775 = PCURVE('',#3330,#6776);
#6776 = DEFINITIONAL_REPRESENTATION('',(#6777),#6781);
#6777 = ( BOUNDED_CURVE() B_SPLINE_CURVE(2,(#6778,#6779,#6780),
.UNSPECIFIED.,.F.,.F.) B_SPLINE_CURVE_WITH_KNOTS((3,3),(4.225464658291,
4.298321862656),.PIECEWISE_BEZIER_KNOTS.) CURVE() 
GEOMETRIC_REPRESENTATION_ITEM() RATIONAL_B_SPLINE_CURVE((1.,
1.000663594909,1.)) REPRESENTATION_ITEM('') );
#6778 = CARTESIAN_POINT('',(22.,-42.5874947557));
#6779 = CARTESIAN_POINT('',(10.437123625378,-46.32455845476));
#6780 = CARTESIAN_POINT('',(-2.,-50.34394153817));
#6781 = ( GEOMETRIC_REPRESENTATION_CONTEXT(2) 
PARAMETRIC_REPRESENTATION_CONTEXT() REPRESENTATION_CONTEXT('2D SPACE',''
  ) );
#6782 = ORIENTED_EDGE('',*,*,#6783,.F.);
#6783 = EDGE_CURVE('',#6784,#6757,#6786,.T.);
#6784 = VERTEX_POINT('',#6785);
#6785 = CARTESIAN_POINT('',(-25.74185372167,-106.6766970585,-2.));
#6786 = SURFACE_CURVE('',#6787,(#6792,#6799),.PCURVE_S1.);
#6787 = CIRCLE('',#6788,109.73860181519);
#6788 = AXIS2_PLACEMENT_3D('',#6789,#6790,#6791);
#6789 = CARTESIAN_POINT('',(0.,0.,-2.));
#6790 = DIRECTION('',(0.,0.,1.));
#6791 = DIRECTION('',(1.,0.,-0.));
#6792 = PCURVE('',#74,#6793);
#6793 = DEFINITIONAL_REPRESENTATION('',(#6794),#6798);
#6794 = LINE('',#6795,#6796);
#6795 = CARTESIAN_POINT('',(-0.,-7.));
#6796 = VECTOR('',#6797,1.);
#6797 = DIRECTION('',(-1.,-0.));
#6798 = ( GEOMETRIC_REPRESENTATION_CONTEXT(2) 
PARAMETRIC_REPRESENTATION_CONTEXT() REPRESENTATION_CONTEXT('2D SPACE',''
  ) );
#6799 = PCURVE('',#3422,#6800);
#6800 = DEFINITIONAL_REPRESENTATION('',(#6801),#6805);
#6801 = CIRCLE('',#6802,109.73860181519);
#6802 = AXIS2_PLACEMENT_2D('',#6803,#6804);
#6803 = CARTESIAN_POINT('',(3.,-60.));
#6804 = DIRECTION('',(-0.978147600734,-0.207911690818));
#6805 = ( GEOMETRIC_REPRESENTATION_CONTEXT(2) 
PARAMETRIC_REPRESENTATION_CONTEXT() REPRESENTATION_CONTEXT('2D SPACE',''
  ) );
#6806 = ORIENTED_EDGE('',*,*,#6807,.F.);
#6807 = EDGE_CURVE('',#6731,#6784,#6808,.T.);
#6808 = SURFACE_CURVE('',#6809,(#6814,#6824),.PCURVE_S1.);
#6809 = HYPERBOLA('',#6810,9.286290287604,3.);
#6810 = AXIS2_PLACEMENT_3D('',#6811,#6812,#6813);
#6811 = CARTESIAN_POINT('',(-2.934442802201,0.623735072453,
    337.68817073721));
#6812 = DIRECTION('',(-0.978147600734,0.207911690818,0.));
#6813 = DIRECTION('',(-0.,0.,-1.));
#6814 = PCURVE('',#74,#6815);
#6815 = DEFINITIONAL_REPRESENTATION('',(#6816),#6823);
#6816 = B_SPLINE_CURVE_WITH_KNOTS('',5,(#6817,#6818,#6819,#6820,#6821,
    #6822),.UNSPECIFIED.,.F.,.F.,(6,6),(4.225464658291,4.298321862656),
  .PIECEWISE_BEZIER_KNOTS.);
#6817 = CARTESIAN_POINT('',(-4.47371447154,-29.));
#6818 = CARTESIAN_POINT('',(-4.474140406914,-24.37280370648));
#6819 = CARTESIAN_POINT('',(-4.474558587488,-19.66129023822));
#6820 = CARTESIAN_POINT('',(-4.474969201351,-14.86341275584));
#6821 = CARTESIAN_POINT('',(-4.47537242977,-9.977049868629));
#6822 = CARTESIAN_POINT('',(-4.475768447664,-5.));
#6823 = ( GEOMETRIC_REPRESENTATION_CONTEXT(2) 
PARAMETRIC_REPRESENTATION_CONTEXT() REPRESENTATION_CONTEXT('2D SPACE',''
  ) );
#6824 = PCURVE('',#3395,#6825);
#6825 = DEFINITIONAL_REPRESENTATION('',(#6826),#6830);
#6826 = ( BOUNDED_CURVE() B_SPLINE_CURVE(2,(#6827,#6828,#6829),
.UNSPECIFIED.,.F.,.F.) B_SPLINE_CURVE_WITH_KNOTS((3,3),(4.225464658291,
4.298321862656),.PIECEWISE_BEZIER_KNOTS.) CURVE() 
GEOMETRIC_REPRESENTATION_ITEM() RATIONAL_B_SPLINE_CURVE((1.,
1.000663594909,1.)) REPRESENTATION_ITEM('') );
#6827 = CARTESIAN_POINT('',(22.,-42.5874947557));
#6828 = CARTESIAN_POINT('',(10.437123625378,-46.32455845476));
#6829 = CARTESIAN_POINT('',(-2.,-50.34394153817));
#6830 = ( GEOMETRIC_REPRESENTATION_CONTEXT(2) 
PARAMETRIC_REPRESENTATION_CONTEXT() REPRESENTATION_CONTEXT('2D SPACE',''
  ) );
#6831 = FACE_BOUND('',#6832,.T.);
#6832 = EDGE_LOOP('',(#6833,#6859,#6886,#6910));
#6833 = ORIENTED_EDGE('',*,*,#6834,.T.);
#6834 = EDGE_CURVE('',#6835,#6837,#6839,.T.);
#6835 = VERTEX_POINT('',#6836);
#6836 = CARTESIAN_POINT('',(-3.,-103.2338830039,18.));
#6837 = VERTEX_POINT('',#6838);
#6838 = CARTESIAN_POINT('',(3.,-103.2338830039,18.));
#6839 = SURFACE_CURVE('',#6840,(#6845,#6852),.PCURVE_S1.);
#6840 = CIRCLE('',#6841,103.2774641443);
#6841 = AXIS2_PLACEMENT_3D('',#6842,#6843,#6844);
#6842 = CARTESIAN_POINT('',(0.,0.,18.));
#6843 = DIRECTION('',(0.,0.,1.));
#6844 = DIRECTION('',(1.,0.,-0.));
#6845 = PCURVE('',#74,#6846);
#6846 = DEFINITIONAL_REPRESENTATION('',(#6847),#6851);
#6847 = LINE('',#6848,#6849);
#6848 = CARTESIAN_POINT('',(-0.,-27.));
#6849 = VECTOR('',#6850,1.);
#6850 = DIRECTION('',(-1.,-0.));
#6851 = ( GEOMETRIC_REPRESENTATION_CONTEXT(2) 
PARAMETRIC_REPRESENTATION_CONTEXT() REPRESENTATION_CONTEXT('2D SPACE',''
  ) );
#6852 = PCURVE('',#3491,#6853);
#6853 = DEFINITIONAL_REPRESENTATION('',(#6854),#6858);
#6854 = CIRCLE('',#6855,103.2774641443);
#6855 = AXIS2_PLACEMENT_2D('',#6856,#6857);
#6856 = CARTESIAN_POINT('',(3.,-60.));
#6857 = DIRECTION('',(-1.,-1.224646799147E-16));
#6858 = ( GEOMETRIC_REPRESENTATION_CONTEXT(2) 
PARAMETRIC_REPRESENTATION_CONTEXT() REPRESENTATION_CONTEXT('2D SPACE',''
  ) );
#6859 = ORIENTED_EDGE('',*,*,#6860,.T.);
#6860 = EDGE_CURVE('',#6837,#6861,#6863,.T.);
#6861 = VERTEX_POINT('',#6862);
#6862 = CARTESIAN_POINT('',(3.,-109.697587614,-2.));
#6863 = SURFACE_CURVE('',#6864,(#6869,#6879),.PCURVE_S1.);
#6864 = HYPERBOLA('',#6865,9.286290287604,3.);
#6865 = AXIS2_PLACEMENT_3D('',#6866,#6867,#6868);
#6866 = CARTESIAN_POINT('',(3.,-3.673940397442E-16,337.68817073721));
#6867 = DIRECTION('',(-1.,1.224646799147E-16,0.));
#6868 = DIRECTION('',(-0.,0.,-1.));
#6869 = PCURVE('',#74,#6870);
#6870 = DEFINITIONAL_REPRESENTATION('',(#6871),#6878);
#6871 = B_SPLINE_CURVE_WITH_KNOTS('',5,(#6872,#6873,#6874,#6875,#6876,
    #6877),.UNSPECIFIED.,.F.,.F.,(6,6),(4.225464658291,4.298321862656),
  .PIECEWISE_BEZIER_KNOTS.);
#6872 = CARTESIAN_POINT('',(-4.74162397899,-29.));
#6873 = CARTESIAN_POINT('',(-4.741198043616,-24.37280370648));
#6874 = CARTESIAN_POINT('',(-4.740779863042,-19.66129023821));
#6875 = CARTESIAN_POINT('',(-4.740369249179,-14.86341275583));
#6876 = CARTESIAN_POINT('',(-4.73996602076,-9.977049868629));
#6877 = CARTESIAN_POINT('',(-4.739570002866,-5.));
#6878 = ( GEOMETRIC_REPRESENTATION_CONTEXT(2) 
PARAMETRIC_REPRESENTATION_CONTEXT() REPRESENTATION_CONTEXT('2D SPACE',''
  ) );
#6879 = PCURVE('',#3462,#6880);
#6880 = DEFINITIONAL_REPRESENTATION('',(#6881),#6885);
#6881 = ( BOUNDED_CURVE() B_SPLINE_CURVE(2,(#6882,#6883,#6884),
.UNSPECIFIED.,.F.,.F.) B_SPLINE_CURVE_WITH_KNOTS((3,3),(4.225464658291,
4.298321862656),.PIECEWISE_BEZIER_KNOTS.) CURVE() 
GEOMETRIC_REPRESENTATION_ITEM() RATIONAL_B_SPLINE_CURVE((1.,
1.000663594909,1.)) REPRESENTATION_ITEM('') );
#6882 = CARTESIAN_POINT('',(22.,-42.5874947557));
#6883 = CARTESIAN_POINT('',(10.437123625379,-46.32455845476));
#6884 = CARTESIAN_POINT('',(-2.,-50.34394153817));
#6885 = ( GEOMETRIC_REPRESENTATION_CONTEXT(2) 
PARAMETRIC_REPRESENTATION_CONTEXT() REPRESENTATION_CONTEXT('2D SPACE',''
  ) );
#6886 = ORIENTED_EDGE('',*,*,#6887,.F.);
#6887 = EDGE_CURVE('',#6888,#6861,#6890,.T.);
#6888 = VERTEX_POINT('',#6889);
#6889 = CARTESIAN_POINT('',(-3.,-109.697587614,-2.));
#6890 = SURFACE_CURVE('',#6891,(#6896,#6903),.PCURVE_S1.);
#6891 = CIRCLE('',#6892,109.73860181519);
#6892 = AXIS2_PLACEMENT_3D('',#6893,#6894,#6895);
#6893 = CARTESIAN_POINT('',(0.,0.,-2.));
#6894 = DIRECTION('',(0.,0.,1.));
#6895 = DIRECTION('',(1.,0.,-0.));
#6896 = PCURVE('',#74,#6897);
#6897 = DEFINITIONAL_REPRESENTATION('',(#6898),#6902);
#6898 = LINE('',#6899,#6900);
#6899 = CARTESIAN_POINT('',(-0.,-7.));
#6900 = VECTOR('',#6901,1.);
#6901 = DIRECTION('',(-1.,-0.));
#6902 = ( GEOMETRIC_REPRESENTATION_CONTEXT(2) 
PARAMETRIC_REPRESENTATION_CONTEXT() REPRESENTATION_CONTEXT('2D SPACE',''
  ) );
#6903 = PCURVE('',#3554,#6904);
#6904 = DEFINITIONAL_REPRESENTATION('',(#6905),#6909);
#6905 = CIRCLE('',#6906,109.73860181519);
#6906 = AXIS2_PLACEMENT_2D('',#6907,#6908);
#6907 = CARTESIAN_POINT('',(3.,-60.));
#6908 = DIRECTION('',(-1.,-1.224646799147E-16));
#6909 = ( GEOMETRIC_REPRESENTATION_CONTEXT(2) 
PARAMETRIC_REPRESENTATION_CONTEXT() REPRESENTATION_CONTEXT('2D SPACE',''
  ) );
#6910 = ORIENTED_EDGE('',*,*,#6911,.F.);
#6911 = EDGE_CURVE('',#6835,#6888,#6912,.T.);
#6912 = SURFACE_CURVE('',#6913,(#6918,#6928),.PCURVE_S1.);
#6913 = HYPERBOLA('',#6914,9.286290287604,3.);
#6914 = AXIS2_PLACEMENT_3D('',#6915,#6916,#6917);
#6915 = CARTESIAN_POINT('',(-3.,3.673940397442E-16,337.68817073721));
#6916 = DIRECTION('',(-1.,1.224646799147E-16,0.));
#6917 = DIRECTION('',(-0.,0.,-1.));
#6918 = PCURVE('',#74,#6919);
#6919 = DEFINITIONAL_REPRESENTATION('',(#6920),#6927);
#6920 = B_SPLINE_CURVE_WITH_KNOTS('',5,(#6921,#6922,#6923,#6924,#6925,
    #6926),.UNSPECIFIED.,.F.,.F.,(6,6),(4.225464658291,4.298321862656),
  .PIECEWISE_BEZIER_KNOTS.);
#6921 = CARTESIAN_POINT('',(-4.683153981779,-29.));
#6922 = CARTESIAN_POINT('',(-4.683579917153,-24.37280370648));
#6923 = CARTESIAN_POINT('',(-4.683998097727,-19.66129023821));
#6924 = CARTESIAN_POINT('',(-4.68440871159,-14.86341275583));
#6925 = CARTESIAN_POINT('',(-4.684811940009,-9.977049868629));
#6926 = CARTESIAN_POINT('',(-4.685207957903,-5.));
#6927 = ( GEOMETRIC_REPRESENTATION_CONTEXT(2) 
PARAMETRIC_REPRESENTATION_CONTEXT() REPRESENTATION_CONTEXT('2D SPACE',''
  ) );
#6928 = PCURVE('',#3527,#6929);
#6929 = DEFINITIONAL_REPRESENTATION('',(#6930),#6934);
#6930 = ( BOUNDED_CURVE() B_SPLINE_CURVE(2,(#6931,#6932,#6933),
.UNSPECIFIED.,.F.,.F.) B_SPLINE_CURVE_WITH_KNOTS((3,3),(4.225464658291,
4.298321862656),.PIECEWISE_BEZIER_KNOTS.) CURVE() 
GEOMETRIC_REPRESENTATION_ITEM() RATIONAL_B_SPLINE_CURVE((1.,
1.000663594909,1.)) REPRESENTATION_ITEM('') );
#6931 = CARTESIAN_POINT('',(22.,-42.5874947557));
#6932 = CARTESIAN_POINT('',(10.437123625379,-46.32455845476));
#6933 = CARTESIAN_POINT('',(-2.,-50.34394153817));
#6934 = ( GEOMETRIC_REPRESENTATION_CONTEXT(2) 
PARAMETRIC_REPRESENTATION_CONTEXT() REPRESENTATION_CONTEXT('2D SPACE',''
  ) );
#6935 = FACE_BOUND('',#6936,.T.);
#6936 = EDGE_LOOP('',(#6937,#6963,#6990,#7014));
#6937 = ORIENTED_EDGE('',*,*,#6938,.T.);
#6938 = EDGE_CURVE('',#6939,#6941,#6943,.T.);
#6939 = VERTEX_POINT('',#6940);
#6940 = CARTESIAN_POINT('',(39.248366651789,-95.52905482231,18.));
#6941 = VERTEX_POINT('',#6942);
#6942 = CARTESIAN_POINT('',(44.729639397645,-93.08863496386,18.));
#6943 = SURFACE_CURVE('',#6944,(#6949,#6956),.PCURVE_S1.);
#6944 = CIRCLE('',#6945,103.2774641443);
#6945 = AXIS2_PLACEMENT_3D('',#6946,#6947,#6948);
#6946 = CARTESIAN_POINT('',(0.,0.,18.));
#6947 = DIRECTION('',(0.,0.,1.));
#6948 = DIRECTION('',(1.,0.,-0.));
#6949 = PCURVE('',#74,#6950);
#6950 = DEFINITIONAL_REPRESENTATION('',(#6951),#6955);
#6951 = LINE('',#6952,#6953);
#6952 = CARTESIAN_POINT('',(-0.,-27.));
#6953 = VECTOR('',#6954,1.);
#6954 = DIRECTION('',(-1.,-0.));
#6955 = ( GEOMETRIC_REPRESENTATION_CONTEXT(2) 
PARAMETRIC_REPRESENTATION_CONTEXT() REPRESENTATION_CONTEXT('2D SPACE',''
  ) );
#6956 = PCURVE('',#3755,#6957);
#6957 = DEFINITIONAL_REPRESENTATION('',(#6958),#6962);
#6958 = CIRCLE('',#6959,103.2774641443);
#6959 = AXIS2_PLACEMENT_2D('',#6960,#6961);
#6960 = CARTESIAN_POINT('',(3.,-60.));
#6961 = DIRECTION('',(-0.913545457643,0.406736643076));
#6962 = ( GEOMETRIC_REPRESENTATION_CONTEXT(2) 
PARAMETRIC_REPRESENTATION_CONTEXT() REPRESENTATION_CONTEXT('2D SPACE',''
  ) );
#6963 = ORIENTED_EDGE('',*,*,#6964,.T.);
#6964 = EDGE_CURVE('',#6941,#6965,#6967,.T.);
#6965 = VERTEX_POINT('',#6966);
#6966 = CARTESIAN_POINT('',(47.3586649126,-98.99352294998,-2.));
#6967 = SURFACE_CURVE('',#6968,(#6973,#6983),.PCURVE_S1.);
#6968 = HYPERBOLA('',#6969,9.286290287604,3.);
#6969 = AXIS2_PLACEMENT_3D('',#6970,#6971,#6972);
#6970 = CARTESIAN_POINT('',(2.740636372928,1.220209929227,
    337.68817073721));
#6971 = DIRECTION('',(-0.913545457643,-0.406736643076,0.));
#6972 = DIRECTION('',(-0.,0.,-1.));
#6973 = PCURVE('',#74,#6974);
#6974 = DEFINITIONAL_REPRESENTATION('',(#6975),#6982);
#6975 = B_SPLINE_CURVE_WITH_KNOTS('',5,(#6976,#6977,#6978,#6979,#6980,
    #6981),.UNSPECIFIED.,.F.,.F.,(6,6),(4.225464658291,4.298321862656),
  .PIECEWISE_BEZIER_KNOTS.);
#6976 = CARTESIAN_POINT('',(-5.160502999469,-29.));
#6977 = CARTESIAN_POINT('',(-5.160077064095,-24.37280370648));
#6978 = CARTESIAN_POINT('',(-5.159658883521,-19.66129023821));
#6979 = CARTESIAN_POINT('',(-5.159248269658,-14.86341275583));
#6980 = CARTESIAN_POINT('',(-5.158845041239,-9.977049868629));
#6981 = CARTESIAN_POINT('',(-5.158449023345,-5.));
#6982 = ( GEOMETRIC_REPRESENTATION_CONTEXT(2) 
PARAMETRIC_REPRESENTATION_CONTEXT() REPRESENTATION_CONTEXT('2D SPACE',''
  ) );
#6983 = PCURVE('',#3726,#6984);
#6984 = DEFINITIONAL_REPRESENTATION('',(#6985),#6989);
#6985 = ( BOUNDED_CURVE() B_SPLINE_CURVE(2,(#6986,#6987,#6988),
.UNSPECIFIED.,.F.,.F.) B_SPLINE_CURVE_WITH_KNOTS((3,3),(4.225464658291,
4.298321862656),.PIECEWISE_BEZIER_KNOTS.) CURVE() 
GEOMETRIC_REPRESENTATION_ITEM() RATIONAL_B_SPLINE_CURVE((1.,
1.000663594909,1.)) REPRESENTATION_ITEM('') );
#6986 = CARTESIAN_POINT('',(22.,-42.5874947557));
#6987 = CARTESIAN_POINT('',(10.437123625379,-46.32455845476));
#6988 = CARTESIAN_POINT('',(-2.,-50.34394153817));
#6989 = ( GEOMETRIC_REPRESENTATION_CONTEXT(2) 
PARAMETRIC_REPRESENTATION_CONTEXT() REPRESENTATION_CONTEXT('2D SPACE',''
  ) );
#6990 = ORIENTED_EDGE('',*,*,#6991,.F.);
#6991 = EDGE_CURVE('',#6992,#6965,#6994,.T.);
#6992 = VERTEX_POINT('',#6993);
#6993 = CARTESIAN_POINT('',(41.877392166744,-101.4339428084,-2.));
#6994 = SURFACE_CURVE('',#6995,(#7000,#7007),.PCURVE_S1.);
#6995 = CIRCLE('',#6996,109.73860181519);
#6996 = AXIS2_PLACEMENT_3D('',#6997,#6998,#6999);
#6997 = CARTESIAN_POINT('',(0.,0.,-2.));
#6998 = DIRECTION('',(0.,0.,1.));
#6999 = DIRECTION('',(1.,0.,-0.));
#7000 = PCURVE('',#74,#7001);
#7001 = DEFINITIONAL_REPRESENTATION('',(#7002),#7006);
#7002 = LINE('',#7003,#7004);
#7003 = CARTESIAN_POINT('',(-0.,-7.));
#7004 = VECTOR('',#7005,1.);
#7005 = DIRECTION('',(-1.,-0.));
#7006 = ( GEOMETRIC_REPRESENTATION_CONTEXT(2) 
PARAMETRIC_REPRESENTATION_CONTEXT() REPRESENTATION_CONTEXT('2D SPACE',''
  ) );
#7007 = PCURVE('',#3818,#7008);
#7008 = DEFINITIONAL_REPRESENTATION('',(#7009),#7013);
#7009 = CIRCLE('',#7010,109.73860181519);
#7010 = AXIS2_PLACEMENT_2D('',#7011,#7012);
#7011 = CARTESIAN_POINT('',(3.,-60.));
#7012 = DIRECTION('',(-0.913545457643,0.406736643076));
#7013 = ( GEOMETRIC_REPRESENTATION_CONTEXT(2) 
PARAMETRIC_REPRESENTATION_CONTEXT() REPRESENTATION_CONTEXT('2D SPACE',''
  ) );
#7014 = ORIENTED_EDGE('',*,*,#7015,.F.);
#7015 = EDGE_CURVE('',#6939,#6992,#7016,.T.);
#7016 = SURFACE_CURVE('',#7017,(#7022,#7032),.PCURVE_S1.);
#7017 = HYPERBOLA('',#7018,9.286290287604,3.);
#7018 = AXIS2_PLACEMENT_3D('',#7019,#7020,#7021);
#7019 = CARTESIAN_POINT('',(-2.740636372928,-1.220209929227,
    337.68817073721));
#7020 = DIRECTION('',(-0.913545457643,-0.406736643076,0.));
#7021 = DIRECTION('',(-0.,0.,-1.));
#7022 = PCURVE('',#74,#7023);
#7023 = DEFINITIONAL_REPRESENTATION('',(#7024),#7031);
#7024 = B_SPLINE_CURVE_WITH_KNOTS('',5,(#7025,#7026,#7027,#7028,#7029,
    #7030),.UNSPECIFIED.,.F.,.F.,(6,6),(4.225464658291,4.298321862656),
  .PIECEWISE_BEZIER_KNOTS.);
#7025 = CARTESIAN_POINT('',(-5.102033002258,-29.));
#7026 = CARTESIAN_POINT('',(-5.102458937632,-24.37280370648));
#7027 = CARTESIAN_POINT('',(-5.102877118206,-19.66129023821));
#7028 = CARTESIAN_POINT('',(-5.103287732069,-14.86341275583));
#7029 = CARTESIAN_POINT('',(-5.103690960488,-9.977049868629));
#7030 = CARTESIAN_POINT('',(-5.104086978382,-5.));
#7031 = ( GEOMETRIC_REPRESENTATION_CONTEXT(2) 
PARAMETRIC_REPRESENTATION_CONTEXT() REPRESENTATION_CONTEXT('2D SPACE',''
  ) );
#7032 = PCURVE('',#3791,#7033);
#7033 = DEFINITIONAL_REPRESENTATION('',(#7034),#7038);
#7034 = ( BOUNDED_CURVE() B_SPLINE_CURVE(2,(#7035,#7036,#7037),
.UNSPECIFIED.,.F.,.F.) B_SPLINE_CURVE_WITH_KNOTS((3,3),(4.225464658291,
4.298321862656),.PIECEWISE_BEZIER_KNOTS.) CURVE() 
GEOMETRIC_REPRESENTATION_ITEM() RATIONAL_B_SPLINE_CURVE((1.,
1.000663594909,1.)) REPRESENTATION_ITEM('') );
#7035 = CARTESIAN_POINT('',(22.,-42.5874947557));
#7036 = CARTESIAN_POINT('',(10.437123625379,-46.32455845476));
#7037 = CARTESIAN_POINT('',(-2.,-50.34394153817));
#7038 = ( GEOMETRIC_REPRESENTATION_CONTEXT(2) 
PARAMETRIC_REPRESENTATION_CONTEXT() REPRESENTATION_CONTEXT('2D SPACE',''
  ) );
#7039 = FACE_BOUND('',#7040,.T.);
#7040 = EDGE_LOOP('',(#7041,#7067,#7094,#7118));
#7041 = ORIENTED_EDGE('',*,*,#7042,.T.);
#7042 = EDGE_CURVE('',#7043,#7045,#7047,.T.);
#7043 = VERTEX_POINT('',#7044);
#7044 = CARTESIAN_POINT('',(58.252302983499,-85.2813215024,18.));
#7045 = VERTEX_POINT('',#7046);
#7046 = CARTESIAN_POINT('',(63.106404949749,-81.75460998865,18.));
#7047 = SURFACE_CURVE('',#7048,(#7053,#7060),.PCURVE_S1.);
#7048 = CIRCLE('',#7049,103.2774641443);
#7049 = AXIS2_PLACEMENT_3D('',#7050,#7051,#7052);
#7050 = CARTESIAN_POINT('',(0.,0.,18.));
#7051 = DIRECTION('',(0.,0.,1.));
#7052 = DIRECTION('',(1.,0.,-0.));
#7053 = PCURVE('',#74,#7054);
#7054 = DEFINITIONAL_REPRESENTATION('',(#7055),#7059);
#7055 = LINE('',#7056,#7057);
#7056 = CARTESIAN_POINT('',(-0.,-27.));
#7057 = VECTOR('',#7058,1.);
#7058 = DIRECTION('',(-1.,-0.));
#7059 = ( GEOMETRIC_REPRESENTATION_CONTEXT(2) 
PARAMETRIC_REPRESENTATION_CONTEXT() REPRESENTATION_CONTEXT('2D SPACE',''
  ) );
#7060 = PCURVE('',#3887,#7061);
#7061 = DEFINITIONAL_REPRESENTATION('',(#7062),#7066);
#7062 = CIRCLE('',#7063,103.2774641443);
#7063 = AXIS2_PLACEMENT_2D('',#7064,#7065);
#7064 = CARTESIAN_POINT('',(3.,-60.));
#7065 = DIRECTION('',(-0.809016994375,0.587785252292));
#7066 = ( GEOMETRIC_REPRESENTATION_CONTEXT(2) 
PARAMETRIC_REPRESENTATION_CONTEXT() REPRESENTATION_CONTEXT('2D SPACE',''
  ) );
#7067 = ORIENTED_EDGE('',*,*,#7068,.T.);
#7068 = EDGE_CURVE('',#7045,#7069,#7071,.T.);
#7069 = VERTEX_POINT('',#7070);
#7070 = CARTESIAN_POINT('',(66.905675194754,-86.98385686486,-2.));
#7071 = SURFACE_CURVE('',#7072,(#7077,#7087),.PCURVE_S1.);
#7072 = HYPERBOLA('',#7073,9.286290287604,3.);
#7073 = AXIS2_PLACEMENT_3D('',#7074,#7075,#7076);
#7074 = CARTESIAN_POINT('',(2.427050983125,1.763355756877,
    337.68817073721));
#7075 = DIRECTION('',(-0.809016994375,-0.587785252292,0.));
#7076 = DIRECTION('',(-0.,0.,-1.));
#7077 = PCURVE('',#74,#7078);
#7078 = DEFINITIONAL_REPRESENTATION('',(#7079),#7086);
#7079 = B_SPLINE_CURVE_WITH_KNOTS('',5,(#7080,#7081,#7082,#7083,#7084,
    #7085),.UNSPECIFIED.,.F.,.F.,(6,6),(4.225464658291,4.298321862656),
  .PIECEWISE_BEZIER_KNOTS.);
#7080 = CARTESIAN_POINT('',(-5.369942509708,-29.));
#7081 = CARTESIAN_POINT('',(-5.369516574334,-24.37280370648));
#7082 = CARTESIAN_POINT('',(-5.36909839376,-19.66129023822));
#7083 = CARTESIAN_POINT('',(-5.368687779897,-14.86341275583));
#7084 = CARTESIAN_POINT('',(-5.368284551478,-9.977049868629));
#7085 = CARTESIAN_POINT('',(-5.367888533584,-5.));
#7086 = ( GEOMETRIC_REPRESENTATION_CONTEXT(2) 
PARAMETRIC_REPRESENTATION_CONTEXT() REPRESENTATION_CONTEXT('2D SPACE',''
  ) );
#7087 = PCURVE('',#3858,#7088);
#7088 = DEFINITIONAL_REPRESENTATION('',(#7089),#7093);
#7089 = ( BOUNDED_CURVE() B_SPLINE_CURVE(2,(#7090,#7091,#7092),
.UNSPECIFIED.,.F.,.F.) B_SPLINE_CURVE_WITH_KNOTS((3,3),(4.225464658291,
4.298321862656),.PIECEWISE_BEZIER_KNOTS.) CURVE() 
GEOMETRIC_REPRESENTATION_ITEM() RATIONAL_B_SPLINE_CURVE((1.,
1.000663594909,1.)) REPRESENTATION_ITEM('') );
#7090 = CARTESIAN_POINT('',(22.,-42.5874947557));
#7091 = CARTESIAN_POINT('',(10.437123625378,-46.32455845476));
#7092 = CARTESIAN_POINT('',(-2.,-50.34394153817));
#7093 = ( GEOMETRIC_REPRESENTATION_CONTEXT(2) 
PARAMETRIC_REPRESENTATION_CONTEXT() REPRESENTATION_CONTEXT('2D SPACE',''
  ) );
#7094 = ORIENTED_EDGE('',*,*,#7095,.F.);
#7095 = EDGE_CURVE('',#7096,#7069,#7098,.T.);
#7096 = VERTEX_POINT('',#7097);
#7097 = CARTESIAN_POINT('',(62.051573228504,-90.51056837861,-2.));
#7098 = SURFACE_CURVE('',#7099,(#7104,#7111),.PCURVE_S1.);
#7099 = CIRCLE('',#7100,109.73860181519);
#7100 = AXIS2_PLACEMENT_3D('',#7101,#7102,#7103);
#7101 = CARTESIAN_POINT('',(0.,0.,-2.));
#7102 = DIRECTION('',(0.,0.,1.));
#7103 = DIRECTION('',(1.,0.,-0.));
#7104 = PCURVE('',#74,#7105);
#7105 = DEFINITIONAL_REPRESENTATION('',(#7106),#7110);
#7106 = LINE('',#7107,#7108);
#7107 = CARTESIAN_POINT('',(-0.,-7.));
#7108 = VECTOR('',#7109,1.);
#7109 = DIRECTION('',(-1.,-0.));
#7110 = ( GEOMETRIC_REPRESENTATION_CONTEXT(2) 
PARAMETRIC_REPRESENTATION_CONTEXT() REPRESENTATION_CONTEXT('2D SPACE',''
  ) );
#7111 = PCURVE('',#3950,#7112);
#7112 = DEFINITIONAL_REPRESENTATION('',(#7113),#7117);
#7113 = CIRCLE('',#7114,109.73860181519);
#7114 = AXIS2_PLACEMENT_2D('',#7115,#7116);
#7115 = CARTESIAN_POINT('',(3.,-60.));
#7116 = DIRECTION('',(-0.809016994375,0.587785252292));
#7117 = ( GEOMETRIC_REPRESENTATION_CONTEXT(2) 
PARAMETRIC_REPRESENTATION_CONTEXT() REPRESENTATION_CONTEXT('2D SPACE',''
  ) );
#7118 = ORIENTED_EDGE('',*,*,#7119,.F.);
#7119 = EDGE_CURVE('',#7043,#7096,#7120,.T.);
#7120 = SURFACE_CURVE('',#7121,(#7126,#7136),.PCURVE_S1.);
#7121 = HYPERBOLA('',#7122,9.286290287604,3.);
#7122 = AXIS2_PLACEMENT_3D('',#7123,#7124,#7125);
#7123 = CARTESIAN_POINT('',(-2.427050983125,-1.763355756877,
    337.68817073721));
#7124 = DIRECTION('',(-0.809016994375,-0.587785252292,0.));
#7125 = DIRECTION('',(-0.,0.,-1.));
#7126 = PCURVE('',#74,#7127);
#7127 = DEFINITIONAL_REPRESENTATION('',(#7128),#7135);
#7128 = B_SPLINE_CURVE_WITH_KNOTS('',5,(#7129,#7130,#7131,#7132,#7133,
    #7134),.UNSPECIFIED.,.F.,.F.,(6,6),(4.225464658291,4.298321862656),
  .PIECEWISE_BEZIER_KNOTS.);
#7129 = CARTESIAN_POINT('',(-5.311472512497,-29.));
#7130 = CARTESIAN_POINT('',(-5.311898447871,-24.37280370648));
#7131 = CARTESIAN_POINT('',(-5.312316628445,-19.66129023822));
#7132 = CARTESIAN_POINT('',(-5.312727242308,-14.86341275583));
#7133 = CARTESIAN_POINT('',(-5.313130470727,-9.977049868629));
#7134 = CARTESIAN_POINT('',(-5.313526488621,-5.));
#7135 = ( GEOMETRIC_REPRESENTATION_CONTEXT(2) 
PARAMETRIC_REPRESENTATION_CONTEXT() REPRESENTATION_CONTEXT('2D SPACE',''
  ) );
#7136 = PCURVE('',#3923,#7137);
#7137 = DEFINITIONAL_REPRESENTATION('',(#7138),#7142);
#7138 = ( BOUNDED_CURVE() B_SPLINE_CURVE(2,(#7139,#7140,#7141),
.UNSPECIFIED.,.F.,.F.) B_SPLINE_CURVE_WITH_KNOTS((3,3),(4.225464658291,
4.298321862656),.PIECEWISE_BEZIER_KNOTS.) CURVE() 
GEOMETRIC_REPRESENTATION_ITEM() RATIONAL_B_SPLINE_CURVE((1.,
1.000663594909,1.)) REPRESENTATION_ITEM('') );
#7139 = CARTESIAN_POINT('',(22.,-42.5874947557));
#7140 = CARTESIAN_POINT('',(10.437123625378,-46.32455845476));
#7141 = CARTESIAN_POINT('',(-2.,-50.34394153817));
#7142 = ( GEOMETRIC_REPRESENTATION_CONTEXT(2) 
PARAMETRIC_REPRESENTATION_CONTEXT() REPRESENTATION_CONTEXT('2D SPACE',''
  ) );
#7143 = FACE_BOUND('',#7144,.T.);
#7144 = EDGE_LOOP('',(#7145,#7171,#7198,#7222));
#7145 = ORIENTED_EDGE('',*,*,#7146,.T.);
#7146 = EDGE_CURVE('',#7147,#7149,#7151,.T.);
#7147 = VERTEX_POINT('',#7148);
#7148 = CARTESIAN_POINT('',(74.710334149267,-71.30638520766,18.));
#7149 = VERTEX_POINT('',#7150);
#7150 = CARTESIAN_POINT('',(78.72511778742,-66.84751625479,18.));
#7151 = SURFACE_CURVE('',#7152,(#7157,#7164),.PCURVE_S1.);
#7152 = CIRCLE('',#7153,103.2774641443);
#7153 = AXIS2_PLACEMENT_3D('',#7154,#7155,#7156);
#7154 = CARTESIAN_POINT('',(0.,0.,18.));
#7155 = DIRECTION('',(0.,0.,1.));
#7156 = DIRECTION('',(1.,0.,-0.));
#7157 = PCURVE('',#74,#7158);
#7158 = DEFINITIONAL_REPRESENTATION('',(#7159),#7163);
#7159 = LINE('',#7160,#7161);
#7160 = CARTESIAN_POINT('',(-0.,-27.));
#7161 = VECTOR('',#7162,1.);
#7162 = DIRECTION('',(-1.,-0.));
#7163 = ( GEOMETRIC_REPRESENTATION_CONTEXT(2) 
PARAMETRIC_REPRESENTATION_CONTEXT() REPRESENTATION_CONTEXT('2D SPACE',''
  ) );
#7164 = PCURVE('',#4019,#7165);
#7165 = DEFINITIONAL_REPRESENTATION('',(#7166),#7170);
#7166 = CIRCLE('',#7167,103.2774641443);
#7167 = AXIS2_PLACEMENT_2D('',#7168,#7169);
#7168 = CARTESIAN_POINT('',(3.,-60.));
#7169 = DIRECTION('',(-0.669130606359,0.743144825477));
#7170 = ( GEOMETRIC_REPRESENTATION_CONTEXT(2) 
PARAMETRIC_REPRESENTATION_CONTEXT() REPRESENTATION_CONTEXT('2D SPACE',''
  ) );
#7171 = ORIENTED_EDGE('',*,*,#7172,.T.);
#7172 = EDGE_CURVE('',#7149,#7173,#7175,.T.);
#7173 = VERTEX_POINT('',#7174);
#7174 = CARTESIAN_POINT('',(83.528586421848,-71.17257883989,-2.));
#7175 = SURFACE_CURVE('',#7176,(#7181,#7191),.PCURVE_S1.);
#7176 = HYPERBOLA('',#7177,9.286290287604,3.);
#7177 = AXIS2_PLACEMENT_3D('',#7178,#7179,#7180);
#7178 = CARTESIAN_POINT('',(2.007391819077,2.229434476432,
    337.68817073721));
#7179 = DIRECTION('',(-0.669130606359,-0.743144825477,0.));
#7180 = DIRECTION('',(-0.,0.,-1.));
#7181 = PCURVE('',#74,#7182);
#7182 = DEFINITIONAL_REPRESENTATION('',(#7183),#7190);
#7183 = B_SPLINE_CURVE_WITH_KNOTS('',5,(#7184,#7185,#7186,#7187,#7188,
    #7189),.UNSPECIFIED.,.F.,.F.,(6,6),(4.225464658291,4.298321862656),
  .PIECEWISE_BEZIER_KNOTS.);
#7184 = CARTESIAN_POINT('',(-5.579382019948,-29.));
#7185 = CARTESIAN_POINT('',(-5.578956084574,-24.37280370648));
#7186 = CARTESIAN_POINT('',(-5.578537903999,-19.66129023822));
#7187 = CARTESIAN_POINT('',(-5.578127290136,-14.86341275583));
#7188 = CARTESIAN_POINT('',(-5.577724061717,-9.977049868629));
#7189 = CARTESIAN_POINT('',(-5.577328043823,-5.));
#7190 = ( GEOMETRIC_REPRESENTATION_CONTEXT(2) 
PARAMETRIC_REPRESENTATION_CONTEXT() REPRESENTATION_CONTEXT('2D SPACE',''
  ) );
#7191 = PCURVE('',#3990,#7192);
#7192 = DEFINITIONAL_REPRESENTATION('',(#7193),#7197);
#7193 = ( BOUNDED_CURVE() B_SPLINE_CURVE(2,(#7194,#7195,#7196),
.UNSPECIFIED.,.F.,.F.) B_SPLINE_CURVE_WITH_KNOTS((3,3),(4.225464658291,
4.298321862656),.PIECEWISE_BEZIER_KNOTS.) CURVE() 
GEOMETRIC_REPRESENTATION_ITEM() RATIONAL_B_SPLINE_CURVE((1.,
1.000663594909,1.)) REPRESENTATION_ITEM('') );
#7194 = CARTESIAN_POINT('',(22.,-42.5874947557));
#7195 = CARTESIAN_POINT('',(10.437123625378,-46.32455845476));
#7196 = CARTESIAN_POINT('',(-2.,-50.34394153817));
#7197 = ( GEOMETRIC_REPRESENTATION_CONTEXT(2) 
PARAMETRIC_REPRESENTATION_CONTEXT() REPRESENTATION_CONTEXT('2D SPACE',''
  ) );
#7198 = ORIENTED_EDGE('',*,*,#7199,.F.);
#7199 = EDGE_CURVE('',#7200,#7173,#7202,.T.);
#7200 = VERTEX_POINT('',#7201);
#7201 = CARTESIAN_POINT('',(79.513802783694,-75.63144779275,-2.));
#7202 = SURFACE_CURVE('',#7203,(#7208,#7215),.PCURVE_S1.);
#7203 = CIRCLE('',#7204,109.73860181519);
#7204 = AXIS2_PLACEMENT_3D('',#7205,#7206,#7207);
#7205 = CARTESIAN_POINT('',(0.,0.,-2.));
#7206 = DIRECTION('',(0.,0.,1.));
#7207 = DIRECTION('',(1.,0.,-0.));
#7208 = PCURVE('',#74,#7209);
#7209 = DEFINITIONAL_REPRESENTATION('',(#7210),#7214);
#7210 = LINE('',#7211,#7212);
#7211 = CARTESIAN_POINT('',(-0.,-7.));
#7212 = VECTOR('',#7213,1.);
#7213 = DIRECTION('',(-1.,-0.));
#7214 = ( GEOMETRIC_REPRESENTATION_CONTEXT(2) 
PARAMETRIC_REPRESENTATION_CONTEXT() REPRESENTATION_CONTEXT('2D SPACE',''
  ) );
#7215 = PCURVE('',#4082,#7216);
#7216 = DEFINITIONAL_REPRESENTATION('',(#7217),#7221);
#7217 = CIRCLE('',#7218,109.73860181519);
#7218 = AXIS2_PLACEMENT_2D('',#7219,#7220);
#7219 = CARTESIAN_POINT('',(3.,-60.));
#7220 = DIRECTION('',(-0.669130606359,0.743144825477));
#7221 = ( GEOMETRIC_REPRESENTATION_CONTEXT(2) 
PARAMETRIC_REPRESENTATION_CONTEXT() REPRESENTATION_CONTEXT('2D SPACE',''
  ) );
#7222 = ORIENTED_EDGE('',*,*,#7223,.F.);
#7223 = EDGE_CURVE('',#7147,#7200,#7224,.T.);
#7224 = SURFACE_CURVE('',#7225,(#7230,#7240),.PCURVE_S1.);
#7225 = HYPERBOLA('',#7226,9.286290287604,3.);
#7226 = AXIS2_PLACEMENT_3D('',#7227,#7228,#7229);
#7227 = CARTESIAN_POINT('',(-2.007391819077,-2.229434476432,
    337.68817073721));
#7228 = DIRECTION('',(-0.669130606359,-0.743144825477,0.));
#7229 = DIRECTION('',(-0.,0.,-1.));
#7230 = PCURVE('',#74,#7231);
#7231 = DEFINITIONAL_REPRESENTATION('',(#7232),#7239);
#7232 = B_SPLINE_CURVE_WITH_KNOTS('',5,(#7233,#7234,#7235,#7236,#7237,
    #7238),.UNSPECIFIED.,.F.,.F.,(6,6),(4.225464658291,4.298321862656),
  .PIECEWISE_BEZIER_KNOTS.);
#7233 = CARTESIAN_POINT('',(-5.520912022736,-29.));
#7234 = CARTESIAN_POINT('',(-5.52133795811,-24.37280370648));
#7235 = CARTESIAN_POINT('',(-5.521756138685,-19.66129023822));
#7236 = CARTESIAN_POINT('',(-5.522166752548,-14.86341275583));
#7237 = CARTESIAN_POINT('',(-5.522569980966,-9.977049868629));
#7238 = CARTESIAN_POINT('',(-5.522965998861,-5.));
#7239 = ( GEOMETRIC_REPRESENTATION_CONTEXT(2) 
PARAMETRIC_REPRESENTATION_CONTEXT() REPRESENTATION_CONTEXT('2D SPACE',''
  ) );
#7240 = PCURVE('',#4055,#7241);
#7241 = DEFINITIONAL_REPRESENTATION('',(#7242),#7246);
#7242 = ( BOUNDED_CURVE() B_SPLINE_CURVE(2,(#7243,#7244,#7245),
.UNSPECIFIED.,.F.,.F.) B_SPLINE_CURVE_WITH_KNOTS((3,3),(4.225464658291,
4.298321862656),.PIECEWISE_BEZIER_KNOTS.) CURVE() 
GEOMETRIC_REPRESENTATION_ITEM() RATIONAL_B_SPLINE_CURVE((1.,
1.000663594909,1.)) REPRESENTATION_ITEM('') );
#7243 = CARTESIAN_POINT('',(22.,-42.5874947557));
#7244 = CARTESIAN_POINT('',(10.437123625378,-46.32455845476));
#7245 = CARTESIAN_POINT('',(-2.,-50.34394153817));
#7246 = ( GEOMETRIC_REPRESENTATION_CONTEXT(2) 
PARAMETRIC_REPRESENTATION_CONTEXT() REPRESENTATION_CONTEXT('2D SPACE',''
  ) );
#7247 = FACE_BOUND('',#7248,.T.);
#7248 = EDGE_LOOP('',(#7249,#7275,#7302,#7326));
#7249 = ORIENTED_EDGE('',*,*,#7250,.T.);
#7250 = EDGE_CURVE('',#7251,#7253,#7255,.T.);
#7251 = VERTEX_POINT('',#7252);
#7252 = CARTESIAN_POINT('',(87.903165212754,-54.21501771334,18.));
#7253 = VERTEX_POINT('',#7254);
#7254 = CARTESIAN_POINT('',(90.903165212754,-49.01886529063,18.));
#7255 = SURFACE_CURVE('',#7256,(#7261,#7268),.PCURVE_S1.);
#7256 = CIRCLE('',#7257,103.2774641443);
#7257 = AXIS2_PLACEMENT_3D('',#7258,#7259,#7260);
#7258 = CARTESIAN_POINT('',(0.,0.,18.));
#7259 = DIRECTION('',(0.,0.,1.));
#7260 = DIRECTION('',(1.,0.,-0.));
#7261 = PCURVE('',#74,#7262);
#7262 = DEFINITIONAL_REPRESENTATION('',(#7263),#7267);
#7263 = LINE('',#7264,#7265);
#7264 = CARTESIAN_POINT('',(-0.,-27.));
#7265 = VECTOR('',#7266,1.);
#7266 = DIRECTION('',(-1.,-0.));
#7267 = ( GEOMETRIC_REPRESENTATION_CONTEXT(2) 
PARAMETRIC_REPRESENTATION_CONTEXT() REPRESENTATION_CONTEXT('2D SPACE',''
  ) );
#7268 = PCURVE('',#4151,#7269);
#7269 = DEFINITIONAL_REPRESENTATION('',(#7270),#7274);
#7270 = CIRCLE('',#7271,103.2774641443);
#7271 = AXIS2_PLACEMENT_2D('',#7272,#7273);
#7272 = CARTESIAN_POINT('',(3.,-60.));
#7273 = DIRECTION('',(-0.5,0.866025403784));
#7274 = ( GEOMETRIC_REPRESENTATION_CONTEXT(2) 
PARAMETRIC_REPRESENTATION_CONTEXT() REPRESENTATION_CONTEXT('2D SPACE',''
  ) );
#7275 = ORIENTED_EDGE('',*,*,#7276,.T.);
#7276 = EDGE_CURVE('',#7253,#7277,#7279,.T.);
#7277 = VERTEX_POINT('',#7278);
#7278 = CARTESIAN_POINT('',(96.500897607679,-52.25071759569,-2.));
#7279 = SURFACE_CURVE('',#7280,(#7285,#7295),.PCURVE_S1.);
#7280 = HYPERBOLA('',#7281,9.286290287604,3.);
#7281 = AXIS2_PLACEMENT_3D('',#7282,#7283,#7284);
#7282 = CARTESIAN_POINT('',(1.5,2.598076211353,337.68817073721));
#7283 = DIRECTION('',(-0.5,-0.866025403784,0.));
#7284 = DIRECTION('',(-0.,0.,-1.));
#7285 = PCURVE('',#74,#7286);
#7286 = DEFINITIONAL_REPRESENTATION('',(#7287),#7294);
#7287 = B_SPLINE_CURVE_WITH_KNOTS('',5,(#7288,#7289,#7290,#7291,#7292,
    #7293),.UNSPECIFIED.,.F.,.F.,(6,6),(4.225464658291,4.298321862656),
  .PIECEWISE_BEZIER_KNOTS.);
#7288 = CARTESIAN_POINT('',(-5.788821530187,-29.));
#7289 = CARTESIAN_POINT('',(-5.788395594813,-24.37280370648));
#7290 = CARTESIAN_POINT('',(-5.787977414239,-19.66129023821));
#7291 = CARTESIAN_POINT('',(-5.787566800376,-14.86341275583));
#7292 = CARTESIAN_POINT('',(-5.787163571957,-9.977049868629));
#7293 = CARTESIAN_POINT('',(-5.786767554063,-5.));
#7294 = ( GEOMETRIC_REPRESENTATION_CONTEXT(2) 
PARAMETRIC_REPRESENTATION_CONTEXT() REPRESENTATION_CONTEXT('2D SPACE',''
  ) );
#7295 = PCURVE('',#4122,#7296);
#7296 = DEFINITIONAL_REPRESENTATION('',(#7297),#7301);
#7297 = ( BOUNDED_CURVE() B_SPLINE_CURVE(2,(#7298,#7299,#7300),
.UNSPECIFIED.,.F.,.F.) B_SPLINE_CURVE_WITH_KNOTS((3,3),(4.225464658291,
4.298321862656),.PIECEWISE_BEZIER_KNOTS.) CURVE() 
GEOMETRIC_REPRESENTATION_ITEM() RATIONAL_B_SPLINE_CURVE((1.,
1.000663594909,1.)) REPRESENTATION_ITEM('') );
#7298 = CARTESIAN_POINT('',(22.,-42.5874947557));
#7299 = CARTESIAN_POINT('',(10.437123625379,-46.32455845476));
#7300 = CARTESIAN_POINT('',(-2.,-50.34394153817));
#7301 = ( GEOMETRIC_REPRESENTATION_CONTEXT(2) 
PARAMETRIC_REPRESENTATION_CONTEXT() REPRESENTATION_CONTEXT('2D SPACE',''
  ) );
#7302 = ORIENTED_EDGE('',*,*,#7303,.F.);
#7303 = EDGE_CURVE('',#7304,#7277,#7306,.T.);
#7304 = VERTEX_POINT('',#7305);
#7305 = CARTESIAN_POINT('',(93.500897607679,-57.4468700184,-2.));
#7306 = SURFACE_CURVE('',#7307,(#7312,#7319),.PCURVE_S1.);
#7307 = CIRCLE('',#7308,109.73860181519);
#7308 = AXIS2_PLACEMENT_3D('',#7309,#7310,#7311);
#7309 = CARTESIAN_POINT('',(0.,0.,-2.));
#7310 = DIRECTION('',(0.,0.,1.));
#7311 = DIRECTION('',(1.,0.,-0.));
#7312 = PCURVE('',#74,#7313);
#7313 = DEFINITIONAL_REPRESENTATION('',(#7314),#7318);
#7314 = LINE('',#7315,#7316);
#7315 = CARTESIAN_POINT('',(-0.,-7.));
#7316 = VECTOR('',#7317,1.);
#7317 = DIRECTION('',(-1.,-0.));
#7318 = ( GEOMETRIC_REPRESENTATION_CONTEXT(2) 
PARAMETRIC_REPRESENTATION_CONTEXT() REPRESENTATION_CONTEXT('2D SPACE',''
  ) );
#7319 = PCURVE('',#4214,#7320);
#7320 = DEFINITIONAL_REPRESENTATION('',(#7321),#7325);
#7321 = CIRCLE('',#7322,109.73860181519);
#7322 = AXIS2_PLACEMENT_2D('',#7323,#7324);
#7323 = CARTESIAN_POINT('',(3.,-60.));
#7324 = DIRECTION('',(-0.5,0.866025403784));
#7325 = ( GEOMETRIC_REPRESENTATION_CONTEXT(2) 
PARAMETRIC_REPRESENTATION_CONTEXT() REPRESENTATION_CONTEXT('2D SPACE',''
  ) );
#7326 = ORIENTED_EDGE('',*,*,#7327,.F.);
#7327 = EDGE_CURVE('',#7251,#7304,#7328,.T.);
#7328 = SURFACE_CURVE('',#7329,(#7334,#7344),.PCURVE_S1.);
#7329 = HYPERBOLA('',#7330,9.286290287604,3.);
#7330 = AXIS2_PLACEMENT_3D('',#7331,#7332,#7333);
#7331 = CARTESIAN_POINT('',(-1.5,-2.598076211353,337.68817073721));
#7332 = DIRECTION('',(-0.5,-0.866025403784,0.));
#7333 = DIRECTION('',(-0.,0.,-1.));
#7334 = PCURVE('',#74,#7335);
#7335 = DEFINITIONAL_REPRESENTATION('',(#7336),#7343);
#7336 = B_SPLINE_CURVE_WITH_KNOTS('',5,(#7337,#7338,#7339,#7340,#7341,
    #7342),.UNSPECIFIED.,.F.,.F.,(6,6),(4.225464658291,4.298321862656),
  .PIECEWISE_BEZIER_KNOTS.);
#7337 = CARTESIAN_POINT('',(-5.730351532976,-29.));
#7338 = CARTESIAN_POINT('',(-5.73077746835,-24.37280370648));
#7339 = CARTESIAN_POINT('',(-5.731195648924,-19.66129023821));
#7340 = CARTESIAN_POINT('',(-5.731606262787,-14.86341275583));
#7341 = CARTESIAN_POINT('',(-5.732009491206,-9.977049868629));
#7342 = CARTESIAN_POINT('',(-5.7324055091,-5.));
#7343 = ( GEOMETRIC_REPRESENTATION_CONTEXT(2) 
PARAMETRIC_REPRESENTATION_CONTEXT() REPRESENTATION_CONTEXT('2D SPACE',''
  ) );
#7344 = PCURVE('',#4187,#7345);
#7345 = DEFINITIONAL_REPRESENTATION('',(#7346),#7350);
#7346 = ( BOUNDED_CURVE() B_SPLINE_CURVE(2,(#7347,#7348,#7349),
.UNSPECIFIED.,.F.,.F.) B_SPLINE_CURVE_WITH_KNOTS((3,3),(4.225464658291,
4.298321862656),.PIECEWISE_BEZIER_KNOTS.) CURVE() 
GEOMETRIC_REPRESENTATION_ITEM() RATIONAL_B_SPLINE_CURVE((1.,
1.000663594909,1.)) REPRESENTATION_ITEM('') );
#7347 = CARTESIAN_POINT('',(22.,-42.5874947557));
#7348 = CARTESIAN_POINT('',(10.437123625379,-46.32455845476));
#7349 = CARTESIAN_POINT('',(-2.,-50.34394153817));
#7350 = ( GEOMETRIC_REPRESENTATION_CONTEXT(2) 
PARAMETRIC_REPRESENTATION_CONTEXT() REPRESENTATION_CONTEXT('2D SPACE',''
  ) );
#7351 = FACE_BOUND('',#7352,.T.);
#7352 = EDGE_LOOP('',(#7353,#7379,#7406,#7430));
#7353 = ORIENTED_EDGE('',*,*,#7354,.T.);
#7354 = EDGE_CURVE('',#7355,#7357,#7359,.T.);
#7355 = VERTEX_POINT('',#7356);
#7356 = CARTESIAN_POINT('',(97.254206150258,-34.75419379242,18.));
#7357 = VERTEX_POINT('',#7358);
#7358 = CARTESIAN_POINT('',(99.108308116508,-29.04785469465,18.));
#7359 = SURFACE_CURVE('',#7360,(#7365,#7372),.PCURVE_S1.);
#7360 = CIRCLE('',#7361,103.2774641443);
#7361 = AXIS2_PLACEMENT_3D('',#7362,#7363,#7364);
#7362 = CARTESIAN_POINT('',(0.,0.,18.));
#7363 = DIRECTION('',(0.,0.,1.));
#7364 = DIRECTION('',(1.,0.,-0.));
#7365 = PCURVE('',#74,#7366);
#7366 = DEFINITIONAL_REPRESENTATION('',(#7367),#7371);
#7367 = LINE('',#7368,#7369);
#7368 = CARTESIAN_POINT('',(-0.,-27.));
#7369 = VECTOR('',#7370,1.);
#7370 = DIRECTION('',(-1.,-0.));
#7371 = ( GEOMETRIC_REPRESENTATION_CONTEXT(2) 
PARAMETRIC_REPRESENTATION_CONTEXT() REPRESENTATION_CONTEXT('2D SPACE',''
  ) );
#7372 = PCURVE('',#4283,#7373);
#7373 = DEFINITIONAL_REPRESENTATION('',(#7374),#7378);
#7374 = CIRCLE('',#7375,103.2774641443);
#7375 = AXIS2_PLACEMENT_2D('',#7376,#7377);
#7376 = CARTESIAN_POINT('',(3.,-60.));
#7377 = DIRECTION('',(-0.309016994375,0.951056516295));
#7378 = ( GEOMETRIC_REPRESENTATION_CONTEXT(2) 
PARAMETRIC_REPRESENTATION_CONTEXT() REPRESENTATION_CONTEXT('2D SPACE',''
  ) );
#7379 = ORIENTED_EDGE('',*,*,#7380,.T.);
#7380 = EDGE_CURVE('',#7357,#7381,#7383,.T.);
#7381 = VERTEX_POINT('',#7382);
#7382 = CARTESIAN_POINT('',(105.25565650537,-31.0452492658,-2.));
#7383 = SURFACE_CURVE('',#7384,(#7389,#7399),.PCURVE_S1.);
#7384 = HYPERBOLA('',#7385,9.286290287604,3.);
#7385 = AXIS2_PLACEMENT_3D('',#7386,#7387,#7388);
#7386 = CARTESIAN_POINT('',(0.927050983125,2.853169548885,
    337.68817073721));
#7387 = DIRECTION('',(-0.309016994375,-0.951056516295,0.));
#7388 = DIRECTION('',(-0.,0.,-1.));
#7389 = PCURVE('',#74,#7390);
#7390 = DEFINITIONAL_REPRESENTATION('',(#7391),#7398);
#7391 = B_SPLINE_CURVE_WITH_KNOTS('',5,(#7392,#7393,#7394,#7395,#7396,
    #7397),.UNSPECIFIED.,.F.,.F.,(6,6),(4.225464658291,4.298321862656),
  .PIECEWISE_BEZIER_KNOTS.);
#7392 = CARTESIAN_POINT('',(-5.998261040426,-29.));
#7393 = CARTESIAN_POINT('',(-5.997835105052,-24.37280370648));
#7394 = CARTESIAN_POINT('',(-5.997416924478,-19.66129023821));
#7395 = CARTESIAN_POINT('',(-5.997006310615,-14.86341275583));
#7396 = CARTESIAN_POINT('',(-5.996603082196,-9.977049868629));
#7397 = CARTESIAN_POINT('',(-5.996207064302,-5.));
#7398 = ( GEOMETRIC_REPRESENTATION_CONTEXT(2) 
PARAMETRIC_REPRESENTATION_CONTEXT() REPRESENTATION_CONTEXT('2D SPACE',''
  ) );
#7399 = PCURVE('',#4254,#7400);
#7400 = DEFINITIONAL_REPRESENTATION('',(#7401),#7405);
#7401 = ( BOUNDED_CURVE() B_SPLINE_CURVE(2,(#7402,#7403,#7404),
.UNSPECIFIED.,.F.,.F.) B_SPLINE_CURVE_WITH_KNOTS((3,3),(4.225464658291,
4.298321862656),.PIECEWISE_BEZIER_KNOTS.) CURVE() 
GEOMETRIC_REPRESENTATION_ITEM() RATIONAL_B_SPLINE_CURVE((1.,
1.000663594909,1.)) REPRESENTATION_ITEM('') );
#7402 = CARTESIAN_POINT('',(22.,-42.5874947557));
#7403 = CARTESIAN_POINT('',(10.437123625379,-46.32455845476));
#7404 = CARTESIAN_POINT('',(-2.,-50.34394153817));
#7405 = ( GEOMETRIC_REPRESENTATION_CONTEXT(2) 
PARAMETRIC_REPRESENTATION_CONTEXT() REPRESENTATION_CONTEXT('2D SPACE',''
  ) );
#7406 = ORIENTED_EDGE('',*,*,#7407,.F.);
#7407 = EDGE_CURVE('',#7408,#7381,#7410,.T.);
#7408 = VERTEX_POINT('',#7409);
#7409 = CARTESIAN_POINT('',(103.40155453912,-36.75158836357,-2.));
#7410 = SURFACE_CURVE('',#7411,(#7416,#7423),.PCURVE_S1.);
#7411 = CIRCLE('',#7412,109.73860181519);
#7412 = AXIS2_PLACEMENT_3D('',#7413,#7414,#7415);
#7413 = CARTESIAN_POINT('',(0.,0.,-2.));
#7414 = DIRECTION('',(0.,0.,1.));
#7415 = DIRECTION('',(1.,0.,-0.));
#7416 = PCURVE('',#74,#7417);
#7417 = DEFINITIONAL_REPRESENTATION('',(#7418),#7422);
#7418 = LINE('',#7419,#7420);
#7419 = CARTESIAN_POINT('',(-0.,-7.));
#7420 = VECTOR('',#7421,1.);
#7421 = DIRECTION('',(-1.,-0.));
#7422 = ( GEOMETRIC_REPRESENTATION_CONTEXT(2) 
PARAMETRIC_REPRESENTATION_CONTEXT() REPRESENTATION_CONTEXT('2D SPACE',''
  ) );
#7423 = PCURVE('',#4346,#7424);
#7424 = DEFINITIONAL_REPRESENTATION('',(#7425),#7429);
#7425 = CIRCLE('',#7426,109.73860181519);
#7426 = AXIS2_PLACEMENT_2D('',#7427,#7428);
#7427 = CARTESIAN_POINT('',(3.,-60.));
#7428 = DIRECTION('',(-0.309016994375,0.951056516295));
#7429 = ( GEOMETRIC_REPRESENTATION_CONTEXT(2) 
PARAMETRIC_REPRESENTATION_CONTEXT() REPRESENTATION_CONTEXT('2D SPACE',''
  ) );
#7430 = ORIENTED_EDGE('',*,*,#7431,.F.);
#7431 = EDGE_CURVE('',#7355,#7408,#7432,.T.);
#7432 = SURFACE_CURVE('',#7433,(#7438,#7448),.PCURVE_S1.);
#7433 = HYPERBOLA('',#7434,9.286290287604,3.);
#7434 = AXIS2_PLACEMENT_3D('',#7435,#7436,#7437);
#7435 = CARTESIAN_POINT('',(-0.927050983125,-2.853169548885,
    337.68817073721));
#7436 = DIRECTION('',(-0.309016994375,-0.951056516295,0.));
#7437 = DIRECTION('',(-0.,0.,-1.));
#7438 = PCURVE('',#74,#7439);
#7439 = DEFINITIONAL_REPRESENTATION('',(#7440),#7447);
#7440 = B_SPLINE_CURVE_WITH_KNOTS('',5,(#7441,#7442,#7443,#7444,#7445,
    #7446),.UNSPECIFIED.,.F.,.F.,(6,6),(4.225464658291,4.298321862656),
  .PIECEWISE_BEZIER_KNOTS.);
#7441 = CARTESIAN_POINT('',(-5.939791043215,-29.));
#7442 = CARTESIAN_POINT('',(-5.940216978589,-24.37280370648));
#7443 = CARTESIAN_POINT('',(-5.940635159163,-19.66129023821));
#7444 = CARTESIAN_POINT('',(-5.941045773026,-14.86341275583));
#7445 = CARTESIAN_POINT('',(-5.941449001445,-9.977049868629));
#7446 = CARTESIAN_POINT('',(-5.941845019339,-5.));
#7447 = ( GEOMETRIC_REPRESENTATION_CONTEXT(2) 
PARAMETRIC_REPRESENTATION_CONTEXT() REPRESENTATION_CONTEXT('2D SPACE',''
  ) );
#7448 = PCURVE('',#4319,#7449);
#7449 = DEFINITIONAL_REPRESENTATION('',(#7450),#7454);
#7450 = ( BOUNDED_CURVE() B_SPLINE_CURVE(2,(#7451,#7452,#7453),
.UNSPECIFIED.,.F.,.F.) B_SPLINE_CURVE_WITH_KNOTS((3,3),(4.225464658291,
4.298321862656),.PIECEWISE_BEZIER_KNOTS.) CURVE() 
GEOMETRIC_REPRESENTATION_ITEM() RATIONAL_B_SPLINE_CURVE((1.,
1.000663594909,1.)) REPRESENTATION_ITEM('') );
#7451 = CARTESIAN_POINT('',(22.,-42.5874947557));
#7452 = CARTESIAN_POINT('',(10.437123625379,-46.32455845476));
#7453 = CARTESIAN_POINT('',(-2.,-50.34394153817));
#7454 = ( GEOMETRIC_REPRESENTATION_CONTEXT(2) 
PARAMETRIC_REPRESENTATION_CONTEXT() REPRESENTATION_CONTEXT('2D SPACE',''
  ) );
#7455 = FACE_BOUND('',#7456,.T.);
#7456 = EDGE_LOOP('',(#7457,#7483,#7510,#7534));
#7457 = ORIENTED_EDGE('',*,*,#7458,.T.);
#7458 = EDGE_CURVE('',#7459,#7461,#7463,.T.);
#7459 = VERTEX_POINT('',#7460);
#7460 = CARTESIAN_POINT('',(102.35477160153,-13.77444483366,18.));
#7461 = VERTEX_POINT('',#7462);
#7462 = CARTESIAN_POINT('',(102.98194238114,-7.807313461454,18.));
#7463 = SURFACE_CURVE('',#7464,(#7469,#7476),.PCURVE_S1.);
#7464 = CIRCLE('',#7465,103.2774641443);
#7465 = AXIS2_PLACEMENT_3D('',#7466,#7467,#7468);
#7466 = CARTESIAN_POINT('',(0.,0.,18.));
#7467 = DIRECTION('',(0.,0.,1.));
#7468 = DIRECTION('',(1.,0.,-0.));
#7469 = PCURVE('',#74,#7470);
#7470 = DEFINITIONAL_REPRESENTATION('',(#7471),#7475);
#7471 = LINE('',#7472,#7473);
#7472 = CARTESIAN_POINT('',(-0.,-27.));
#7473 = VECTOR('',#7474,1.);
#7474 = DIRECTION('',(-1.,-0.));
#7475 = ( GEOMETRIC_REPRESENTATION_CONTEXT(2) 
PARAMETRIC_REPRESENTATION_CONTEXT() REPRESENTATION_CONTEXT('2D SPACE',''
  ) );
#7476 = PCURVE('',#4415,#7477);
#7477 = DEFINITIONAL_REPRESENTATION('',(#7478),#7482);
#7478 = CIRCLE('',#7479,103.2774641443);
#7479 = AXIS2_PLACEMENT_2D('',#7480,#7481);
#7480 = CARTESIAN_POINT('',(3.,-60.));
#7481 = DIRECTION('',(-0.104528463268,0.994521895368));
#7482 = ( GEOMETRIC_REPRESENTATION_CONTEXT(2) 
PARAMETRIC_REPRESENTATION_CONTEXT() REPRESENTATION_CONTEXT('2D SPACE',''
  ) );
#7483 = ORIENTED_EDGE('',*,*,#7484,.T.);
#7484 = EDGE_CURVE('',#7461,#7485,#7487,.T.);
#7485 = VERTEX_POINT('',#7486);
#7486 = CARTESIAN_POINT('',(109.4102381411,-8.482954571366,-2.));
#7487 = SURFACE_CURVE('',#7488,(#7493,#7503),.PCURVE_S1.);
#7488 = HYPERBOLA('',#7489,9.286290287604,3.);
#7489 = AXIS2_PLACEMENT_3D('',#7490,#7491,#7492);
#7490 = CARTESIAN_POINT('',(0.313585389803,2.983565686105,
    337.68817073721));
#7491 = DIRECTION('',(-0.104528463268,-0.994521895368,0.));
#7492 = DIRECTION('',(-0.,0.,-1.));
#7493 = PCURVE('',#74,#7494);
#7494 = DEFINITIONAL_REPRESENTATION('',(#7495),#7502);
#7495 = B_SPLINE_CURVE_WITH_KNOTS('',5,(#7496,#7497,#7498,#7499,#7500,
    #7501),.UNSPECIFIED.,.F.,.F.,(6,6),(4.225464658291,4.298321862656),
  .PIECEWISE_BEZIER_KNOTS.);
#7496 = CARTESIAN_POINT('',(-6.207700550666,-29.));
#7497 = CARTESIAN_POINT('',(-6.207274615292,-24.37280370648));
#7498 = CARTESIAN_POINT('',(-6.206856434717,-19.66129023822));
#7499 = CARTESIAN_POINT('',(-6.206445820854,-14.86341275583));
#7500 = CARTESIAN_POINT('',(-6.206042592435,-9.977049868629));
#7501 = CARTESIAN_POINT('',(-6.205646574541,-5.));
#7502 = ( GEOMETRIC_REPRESENTATION_CONTEXT(2) 
PARAMETRIC_REPRESENTATION_CONTEXT() REPRESENTATION_CONTEXT('2D SPACE',''
  ) );
#7503 = PCURVE('',#4386,#7504);
#7504 = DEFINITIONAL_REPRESENTATION('',(#7505),#7509);
#7505 = ( BOUNDED_CURVE() B_SPLINE_CURVE(2,(#7506,#7507,#7508),
.UNSPECIFIED.,.F.,.F.) B_SPLINE_CURVE_WITH_KNOTS((3,3),(4.225464658291,
4.298321862656),.PIECEWISE_BEZIER_KNOTS.) CURVE() 
GEOMETRIC_REPRESENTATION_ITEM() RATIONAL_B_SPLINE_CURVE((1.,
1.000663594909,1.)) REPRESENTATION_ITEM('') );
#7506 = CARTESIAN_POINT('',(22.,-42.5874947557));
#7507 = CARTESIAN_POINT('',(10.437123625378,-46.32455845476));
#7508 = CARTESIAN_POINT('',(-2.,-50.34394153817));
#7509 = ( GEOMETRIC_REPRESENTATION_CONTEXT(2) 
PARAMETRIC_REPRESENTATION_CONTEXT() REPRESENTATION_CONTEXT('2D SPACE',''
  ) );
#7510 = ORIENTED_EDGE('',*,*,#7511,.F.);
#7511 = EDGE_CURVE('',#7512,#7485,#7514,.T.);
#7512 = VERTEX_POINT('',#7513);
#7513 = CARTESIAN_POINT('',(108.78306736149,-14.45008594357,-2.));
#7514 = SURFACE_CURVE('',#7515,(#7520,#7527),.PCURVE_S1.);
#7515 = CIRCLE('',#7516,109.73860181519);
#7516 = AXIS2_PLACEMENT_3D('',#7517,#7518,#7519);
#7517 = CARTESIAN_POINT('',(0.,0.,-2.));
#7518 = DIRECTION('',(0.,0.,1.));
#7519 = DIRECTION('',(1.,0.,-0.));
#7520 = PCURVE('',#74,#7521);
#7521 = DEFINITIONAL_REPRESENTATION('',(#7522),#7526);
#7522 = LINE('',#7523,#7524);
#7523 = CARTESIAN_POINT('',(-0.,-7.));
#7524 = VECTOR('',#7525,1.);
#7525 = DIRECTION('',(-1.,-0.));
#7526 = ( GEOMETRIC_REPRESENTATION_CONTEXT(2) 
PARAMETRIC_REPRESENTATION_CONTEXT() REPRESENTATION_CONTEXT('2D SPACE',''
  ) );
#7527 = PCURVE('',#4478,#7528);
#7528 = DEFINITIONAL_REPRESENTATION('',(#7529),#7533);
#7529 = CIRCLE('',#7530,109.73860181519);
#7530 = AXIS2_PLACEMENT_2D('',#7531,#7532);
#7531 = CARTESIAN_POINT('',(3.,-60.));
#7532 = DIRECTION('',(-0.104528463268,0.994521895368));
#7533 = ( GEOMETRIC_REPRESENTATION_CONTEXT(2) 
PARAMETRIC_REPRESENTATION_CONTEXT() REPRESENTATION_CONTEXT('2D SPACE',''
  ) );
#7534 = ORIENTED_EDGE('',*,*,#7535,.F.);
#7535 = EDGE_CURVE('',#7459,#7512,#7536,.T.);
#7536 = SURFACE_CURVE('',#7537,(#7542,#7552),.PCURVE_S1.);
#7537 = HYPERBOLA('',#7538,9.286290287604,3.);
#7538 = AXIS2_PLACEMENT_3D('',#7539,#7540,#7541);
#7539 = CARTESIAN_POINT('',(-0.313585389803,-2.983565686105,
    337.68817073721));
#7540 = DIRECTION('',(-0.104528463268,-0.994521895368,0.));
#7541 = DIRECTION('',(-0.,0.,-1.));
#7542 = PCURVE('',#74,#7543);
#7543 = DEFINITIONAL_REPRESENTATION('',(#7544),#7551);
#7544 = B_SPLINE_CURVE_WITH_KNOTS('',5,(#7545,#7546,#7547,#7548,#7549,
    #7550),.UNSPECIFIED.,.F.,.F.,(6,6),(4.225464658291,4.298321862656),
  .PIECEWISE_BEZIER_KNOTS.);
#7545 = CARTESIAN_POINT('',(-6.149230553454,-29.));
#7546 = CARTESIAN_POINT('',(-6.149656488828,-24.37280370648));
#7547 = CARTESIAN_POINT('',(-6.150074669402,-19.66129023821));
#7548 = CARTESIAN_POINT('',(-6.150485283266,-14.86341275583));
#7549 = CARTESIAN_POINT('',(-6.150888511684,-9.977049868629));
#7550 = CARTESIAN_POINT('',(-6.151284529579,-5.));
#7551 = ( GEOMETRIC_REPRESENTATION_CONTEXT(2) 
PARAMETRIC_REPRESENTATION_CONTEXT() REPRESENTATION_CONTEXT('2D SPACE',''
  ) );
#7552 = PCURVE('',#4451,#7553);
#7553 = DEFINITIONAL_REPRESENTATION('',(#7554),#7558);
#7554 = ( BOUNDED_CURVE() B_SPLINE_CURVE(2,(#7555,#7556,#7557),
.UNSPECIFIED.,.F.,.F.) B_SPLINE_CURVE_WITH_KNOTS((3,3),(4.225464658291,
4.298321862656),.PIECEWISE_BEZIER_KNOTS.) CURVE() 
GEOMETRIC_REPRESENTATION_ITEM() RATIONAL_B_SPLINE_CURVE((1.,
1.000663594909,1.)) REPRESENTATION_ITEM('') );
#7555 = CARTESIAN_POINT('',(22.,-42.5874947557));
#7556 = CARTESIAN_POINT('',(10.437123625379,-46.32455845476));
#7557 = CARTESIAN_POINT('',(-2.,-50.34394153817));
#7558 = ( GEOMETRIC_REPRESENTATION_CONTEXT(2) 
PARAMETRIC_REPRESENTATION_CONTEXT() REPRESENTATION_CONTEXT('2D SPACE',''
  ) );
#7559 = FACE_BOUND('',#7560,.T.);
#7560 = EDGE_LOOP('',(#7561,#7587,#7614,#7638));
#7561 = ORIENTED_EDGE('',*,*,#7562,.T.);
#7562 = EDGE_CURVE('',#7563,#7565,#7567,.T.);
#7563 = VERTEX_POINT('',#7564);
#7564 = CARTESIAN_POINT('',(18.529088362838,-101.6017100472,18.));
#7565 = VERTEX_POINT('',#7566);
#7566 = CARTESIAN_POINT('',(24.397973967241,-100.3542399023,18.));
#7567 = SURFACE_CURVE('',#7568,(#7573,#7580),.PCURVE_S1.);
#7568 = CIRCLE('',#7569,103.2774641443);
#7569 = AXIS2_PLACEMENT_3D('',#7570,#7571,#7572);
#7570 = CARTESIAN_POINT('',(0.,0.,18.));
#7571 = DIRECTION('',(0.,0.,1.));
#7572 = DIRECTION('',(1.,0.,-0.));
#7573 = PCURVE('',#74,#7574);
#7574 = DEFINITIONAL_REPRESENTATION('',(#7575),#7579);
#7575 = LINE('',#7576,#7577);
#7576 = CARTESIAN_POINT('',(-0.,-27.));
#7577 = VECTOR('',#7578,1.);
#7578 = DIRECTION('',(-1.,-0.));
#7579 = ( GEOMETRIC_REPRESENTATION_CONTEXT(2) 
PARAMETRIC_REPRESENTATION_CONTEXT() REPRESENTATION_CONTEXT('2D SPACE',''
  ) );
#7580 = PCURVE('',#3623,#7581);
#7581 = DEFINITIONAL_REPRESENTATION('',(#7582),#7586);
#7582 = CIRCLE('',#7583,103.2774641443);
#7583 = AXIS2_PLACEMENT_2D('',#7584,#7585);
#7584 = CARTESIAN_POINT('',(3.,-60.));
#7585 = DIRECTION('',(-0.978147600734,0.207911690818));
#7586 = ( GEOMETRIC_REPRESENTATION_CONTEXT(2) 
PARAMETRIC_REPRESENTATION_CONTEXT() REPRESENTATION_CONTEXT('2D SPACE',''
  ) );
#7587 = ORIENTED_EDGE('',*,*,#7588,.T.);
#7588 = EDGE_CURVE('',#7565,#7589,#7591,.T.);
#7589 = VERTEX_POINT('',#7590);
#7590 = CARTESIAN_POINT('',(25.741853721678,-106.6766970585,-2.));
#7591 = SURFACE_CURVE('',#7592,(#7597,#7607),.PCURVE_S1.);
#7592 = HYPERBOLA('',#7593,9.286290287604,3.);
#7593 = AXIS2_PLACEMENT_3D('',#7594,#7595,#7596);
#7594 = CARTESIAN_POINT('',(2.934442802201,0.623735072453,
    337.68817073721));
#7595 = DIRECTION('',(-0.978147600734,-0.207911690818,0.));
#7596 = DIRECTION('',(-0.,0.,-1.));
#7597 = PCURVE('',#74,#7598);
#7598 = DEFINITIONAL_REPRESENTATION('',(#7599),#7606);
#7599 = B_SPLINE_CURVE_WITH_KNOTS('',5,(#7600,#7601,#7602,#7603,#7604,
    #7605),.UNSPECIFIED.,.F.,.F.,(6,6),(4.225464658291,4.298321862656),
  .PIECEWISE_BEZIER_KNOTS.);
#7600 = CARTESIAN_POINT('',(-4.95106348923,-29.));
#7601 = CARTESIAN_POINT('',(-4.950637553856,-24.37280370648));
#7602 = CARTESIAN_POINT('',(-4.950219373281,-19.66129023822));
#7603 = CARTESIAN_POINT('',(-4.949808759418,-14.86341275583));
#7604 = CARTESIAN_POINT('',(-4.949405531,-9.977049868629));
#7605 = CARTESIAN_POINT('',(-4.949009513105,-5.));
#7606 = ( GEOMETRIC_REPRESENTATION_CONTEXT(2) 
PARAMETRIC_REPRESENTATION_CONTEXT() REPRESENTATION_CONTEXT('2D SPACE',''
  ) );
#7607 = PCURVE('',#3594,#7608);
#7608 = DEFINITIONAL_REPRESENTATION('',(#7609),#7613);
#7609 = ( BOUNDED_CURVE() B_SPLINE_CURVE(2,(#7610,#7611,#7612),
.UNSPECIFIED.,.F.,.F.) B_SPLINE_CURVE_WITH_KNOTS((3,3),(4.225464658291,
4.298321862656),.PIECEWISE_BEZIER_KNOTS.) CURVE() 
GEOMETRIC_REPRESENTATION_ITEM() RATIONAL_B_SPLINE_CURVE((1.,
1.000663594909,1.)) REPRESENTATION_ITEM('') );
#7610 = CARTESIAN_POINT('',(22.,-42.5874947557));
#7611 = CARTESIAN_POINT('',(10.437123625378,-46.32455845476));
#7612 = CARTESIAN_POINT('',(-2.,-50.34394153817));
#7613 = ( GEOMETRIC_REPRESENTATION_CONTEXT(2) 
PARAMETRIC_REPRESENTATION_CONTEXT() REPRESENTATION_CONTEXT('2D SPACE',''
  ) );
#7614 = ORIENTED_EDGE('',*,*,#7615,.F.);
#7615 = EDGE_CURVE('',#7616,#7589,#7618,.T.);
#7616 = VERTEX_POINT('',#7617);
#7617 = CARTESIAN_POINT('',(19.872968117275,-107.9241672034,-2.));
#7618 = SURFACE_CURVE('',#7619,(#7624,#7631),.PCURVE_S1.);
#7619 = CIRCLE('',#7620,109.73860181519);
#7620 = AXIS2_PLACEMENT_3D('',#7621,#7622,#7623);
#7621 = CARTESIAN_POINT('',(0.,0.,-2.));
#7622 = DIRECTION('',(0.,0.,1.));
#7623 = DIRECTION('',(1.,0.,-0.));
#7624 = PCURVE('',#74,#7625);
#7625 = DEFINITIONAL_REPRESENTATION('',(#7626),#7630);
#7626 = LINE('',#7627,#7628);
#7627 = CARTESIAN_POINT('',(-0.,-7.));
#7628 = VECTOR('',#7629,1.);
#7629 = DIRECTION('',(-1.,-0.));
#7630 = ( GEOMETRIC_REPRESENTATION_CONTEXT(2) 
PARAMETRIC_REPRESENTATION_CONTEXT() REPRESENTATION_CONTEXT('2D SPACE',''
  ) );
#7631 = PCURVE('',#3686,#7632);
#7632 = DEFINITIONAL_REPRESENTATION('',(#7633),#7637);
#7633 = CIRCLE('',#7634,109.73860181519);
#7634 = AXIS2_PLACEMENT_2D('',#7635,#7636);
#7635 = CARTESIAN_POINT('',(3.,-60.));
#7636 = DIRECTION('',(-0.978147600734,0.207911690818));
#7637 = ( GEOMETRIC_REPRESENTATION_CONTEXT(2) 
PARAMETRIC_REPRESENTATION_CONTEXT() REPRESENTATION_CONTEXT('2D SPACE',''
  ) );
#7638 = ORIENTED_EDGE('',*,*,#7639,.F.);
#7639 = EDGE_CURVE('',#7563,#7616,#7640,.T.);
#7640 = SURFACE_CURVE('',#7641,(#7646,#7656),.PCURVE_S1.);
#7641 = HYPERBOLA('',#7642,9.286290287604,3.);
#7642 = AXIS2_PLACEMENT_3D('',#7643,#7644,#7645);
#7643 = CARTESIAN_POINT('',(-2.934442802201,-0.623735072453,
    337.68817073721));
#7644 = DIRECTION('',(-0.978147600734,-0.207911690818,0.));
#7645 = DIRECTION('',(-0.,0.,-1.));
#7646 = PCURVE('',#74,#7647);
#7647 = DEFINITIONAL_REPRESENTATION('',(#7648),#7655);
#7648 = B_SPLINE_CURVE_WITH_KNOTS('',5,(#7649,#7650,#7651,#7652,#7653,
    #7654),.UNSPECIFIED.,.F.,.F.,(6,6),(4.225464658291,4.298321862656),
  .PIECEWISE_BEZIER_KNOTS.);
#7649 = CARTESIAN_POINT('',(-4.892593492018,-29.));
#7650 = CARTESIAN_POINT('',(-4.893019427392,-24.37280370648));
#7651 = CARTESIAN_POINT('',(-4.893437607967,-19.66129023822));
#7652 = CARTESIAN_POINT('',(-4.89384822183,-14.86341275583));
#7653 = CARTESIAN_POINT('',(-4.894251450248,-9.977049868629));
#7654 = CARTESIAN_POINT('',(-4.894647468143,-5.));
#7655 = ( GEOMETRIC_REPRESENTATION_CONTEXT(2) 
PARAMETRIC_REPRESENTATION_CONTEXT() REPRESENTATION_CONTEXT('2D SPACE',''
  ) );
#7656 = PCURVE('',#3659,#7657);
#7657 = DEFINITIONAL_REPRESENTATION('',(#7658),#7662);
#7658 = ( BOUNDED_CURVE() B_SPLINE_CURVE(2,(#7659,#7660,#7661),
.UNSPECIFIED.,.F.,.F.) B_SPLINE_CURVE_WITH_KNOTS((3,3),(4.225464658291,
4.298321862656),.PIECEWISE_BEZIER_KNOTS.) CURVE() 
GEOMETRIC_REPRESENTATION_ITEM() RATIONAL_B_SPLINE_CURVE((1.,
1.000663594909,1.)) REPRESENTATION_ITEM('') );
#7659 = CARTESIAN_POINT('',(22.,-42.5874947557));
#7660 = CARTESIAN_POINT('',(10.437123625378,-46.32455845476));
#7661 = CARTESIAN_POINT('',(-2.,-50.34394153817));
#7662 = ( GEOMETRIC_REPRESENTATION_CONTEXT(2) 
PARAMETRIC_REPRESENTATION_CONTEXT() REPRESENTATION_CONTEXT('2D SPACE',''
  ) );
#7663 = ADVANCED_FACE('',(#7664,#7667),#127,.T.);
#7664 = FACE_BOUND('',#7665,.T.);
#7665 = EDGE_LOOP('',(#7666));
#7666 = ORIENTED_EDGE('',*,*,#4521,.T.);
#7667 = FACE_BOUND('',#7668,.T.);
#7668 = EDGE_LOOP('',(#7669));
#7669 = ORIENTED_EDGE('',*,*,#112,.F.);
#7670 = ADVANCED_FACE('',(#7671),#165,.F.);
#7671 = FACE_BOUND('',#7672,.F.);
#7672 = EDGE_LOOP('',(#7673,#7696,#7724,#7752,#7773));
#7673 = ORIENTED_EDGE('',*,*,#7674,.F.);
#7674 = EDGE_CURVE('',#7675,#144,#7677,.T.);
#7675 = VERTEX_POINT('',#7676);
#7676 = CARTESIAN_POINT('',(51.000396421185,84.335277807647,22.));
#7677 = SURFACE_CURVE('',#7678,(#7682,#7689),.PCURVE_S1.);
#7678 = LINE('',#7679,#7680);
#7679 = CARTESIAN_POINT('',(51.000396421185,84.335277807647,22.));
#7680 = VECTOR('',#7681,1.);
#7681 = DIRECTION('',(0.,0.,1.));
#7682 = PCURVE('',#165,#7683);
#7683 = DEFINITIONAL_REPRESENTATION('',(#7684),#7688);
#7684 = LINE('',#7685,#7686);
#7685 = CARTESIAN_POINT('',(0.,31.929744243769));
#7686 = VECTOR('',#7687,1.);
#7687 = DIRECTION('',(1.,0.));
#7688 = ( GEOMETRIC_REPRESENTATION_CONTEXT(2) 
PARAMETRIC_REPRESENTATION_CONTEXT() REPRESENTATION_CONTEXT('2D SPACE',''
  ) );
#7689 = PCURVE('',#197,#7690);
#7690 = DEFINITIONAL_REPRESENTATION('',(#7691),#7695);
#7691 = LINE('',#7692,#7693);
#7692 = CARTESIAN_POINT('',(0.,0.));
#7693 = VECTOR('',#7694,1.);
#7694 = DIRECTION('',(1.,0.));
#7695 = ( GEOMETRIC_REPRESENTATION_CONTEXT(2) 
PARAMETRIC_REPRESENTATION_CONTEXT() REPRESENTATION_CONTEXT('2D SPACE',''
  ) );
#7696 = ORIENTED_EDGE('',*,*,#7697,.F.);
#7697 = EDGE_CURVE('',#7698,#7675,#7700,.T.);
#7698 = VERTEX_POINT('',#7699);
#7699 = CARTESIAN_POINT('',(35.0355242993,56.683308156202,22.));
#7700 = SURFACE_CURVE('',#7701,(#7705,#7712),.PCURVE_S1.);
#7701 = LINE('',#7702,#7703);
#7702 = CARTESIAN_POINT('',(35.0355242993,56.683308156202,22.));
#7703 = VECTOR('',#7704,1.);
#7704 = DIRECTION('',(0.5,0.866025403784,0.));
#7705 = PCURVE('',#165,#7706);
#7706 = DEFINITIONAL_REPRESENTATION('',(#7707),#7711);
#7707 = LINE('',#7708,#7709);
#7708 = CARTESIAN_POINT('',(0.,0.));
#7709 = VECTOR('',#7710,1.);
#7710 = DIRECTION('',(0.,1.));
#7711 = ( GEOMETRIC_REPRESENTATION_CONTEXT(2) 
PARAMETRIC_REPRESENTATION_CONTEXT() REPRESENTATION_CONTEXT('2D SPACE',''
  ) );
#7712 = PCURVE('',#7713,#7718);
#7713 = PLANE('',#7714);
#7714 = AXIS2_PLACEMENT_3D('',#7715,#7716,#7717);
#7715 = CARTESIAN_POINT('',(35.0355242993,56.683308156202,22.));
#7716 = DIRECTION('',(0.,0.,1.));
#7717 = DIRECTION('',(0.5,0.866025403784,0.));
#7718 = DEFINITIONAL_REPRESENTATION('',(#7719),#7723);
#7719 = LINE('',#7720,#7721);
#7720 = CARTESIAN_POINT('',(0.,0.));
#7721 = VECTOR('',#7722,1.);
#7722 = DIRECTION('',(1.,0.));
#7723 = ( GEOMETRIC_REPRESENTATION_CONTEXT(2) 
PARAMETRIC_REPRESENTATION_CONTEXT() REPRESENTATION_CONTEXT('2D SPACE',''
  ) );
#7724 = ORIENTED_EDGE('',*,*,#7725,.T.);
#7725 = EDGE_CURVE('',#7698,#7726,#7728,.T.);
#7726 = VERTEX_POINT('',#7727);
#7727 = CARTESIAN_POINT('',(35.0355242993,56.683308156202,28.));
#7728 = SURFACE_CURVE('',#7729,(#7733,#7740),.PCURVE_S1.);
#7729 = LINE('',#7730,#7731);
#7730 = CARTESIAN_POINT('',(35.0355242993,56.683308156202,22.));
#7731 = VECTOR('',#7732,1.);
#7732 = DIRECTION('',(0.,0.,1.));
#7733 = PCURVE('',#165,#7734);
#7734 = DEFINITIONAL_REPRESENTATION('',(#7735),#7739);
#7735 = LINE('',#7736,#7737);
#7736 = CARTESIAN_POINT('',(0.,0.));
#7737 = VECTOR('',#7738,1.);
#7738 = DIRECTION('',(1.,0.));
#7739 = ( GEOMETRIC_REPRESENTATION_CONTEXT(2) 
PARAMETRIC_REPRESENTATION_CONTEXT() REPRESENTATION_CONTEXT('2D SPACE',''
  ) );
#7740 = PCURVE('',#7741,#7746);
#7741 = PLANE('',#7742);
#7742 = AXIS2_PLACEMENT_3D('',#7743,#7744,#7745);
#7743 = CARTESIAN_POINT('',(35.0355242993,56.683308156202,22.));
#7744 = DIRECTION('',(0.5,0.866025403784,0.));
#7745 = DIRECTION('',(0.,0.,1.));
#7746 = DEFINITIONAL_REPRESENTATION('',(#7747),#7751);
#7747 = LINE('',#7748,#7749);
#7748 = CARTESIAN_POINT('',(0.,0.));
#7749 = VECTOR('',#7750,1.);
#7750 = DIRECTION('',(1.,0.));
#7751 = ( GEOMETRIC_REPRESENTATION_CONTEXT(2) 
PARAMETRIC_REPRESENTATION_CONTEXT() REPRESENTATION_CONTEXT('2D SPACE',''
  ) );
#7752 = ORIENTED_EDGE('',*,*,#7753,.T.);
#7753 = EDGE_CURVE('',#7726,#146,#7754,.T.);
#7754 = SURFACE_CURVE('',#7755,(#7759,#7766),.PCURVE_S1.);
#7755 = LINE('',#7756,#7757);
#7756 = CARTESIAN_POINT('',(35.0355242993,56.683308156202,28.));
#7757 = VECTOR('',#7758,1.);
#7758 = DIRECTION('',(0.5,0.866025403784,0.));
#7759 = PCURVE('',#165,#7760);
#7760 = DEFINITIONAL_REPRESENTATION('',(#7761),#7765);
#7761 = LINE('',#7762,#7763);
#7762 = CARTESIAN_POINT('',(6.,0.));
#7763 = VECTOR('',#7764,1.);
#7764 = DIRECTION('',(0.,1.));
#7765 = ( GEOMETRIC_REPRESENTATION_CONTEXT(2) 
PARAMETRIC_REPRESENTATION_CONTEXT() REPRESENTATION_CONTEXT('2D SPACE',''
  ) );
#7766 = PCURVE('',#256,#7767);
#7767 = DEFINITIONAL_REPRESENTATION('',(#7768),#7772);
#7768 = LINE('',#7769,#7770);
#7769 = CARTESIAN_POINT('',(0.,0.));
#7770 = VECTOR('',#7771,1.);
#7771 = DIRECTION('',(1.,0.));
#7772 = ( GEOMETRIC_REPRESENTATION_CONTEXT(2) 
PARAMETRIC_REPRESENTATION_CONTEXT() REPRESENTATION_CONTEXT('2D SPACE',''
  ) );
#7773 = ORIENTED_EDGE('',*,*,#143,.F.);
#7774 = ADVANCED_FACE('',(#7775),#197,.T.);
#7775 = FACE_BOUND('',#7776,.T.);
#7776 = EDGE_LOOP('',(#7777,#7778,#7801,#7822));
#7777 = ORIENTED_EDGE('',*,*,#7674,.F.);
#7778 = ORIENTED_EDGE('',*,*,#7779,.T.);
#7779 = EDGE_CURVE('',#7675,#7780,#7782,.T.);
#7780 = VERTEX_POINT('',#7781);
#7781 = CARTESIAN_POINT('',(47.536294806047,86.335277807647,22.));
#7782 = SURFACE_CURVE('',#7783,(#7787,#7794),.PCURVE_S1.);
#7783 = LINE('',#7784,#7785);
#7784 = CARTESIAN_POINT('',(51.000396421185,84.335277807647,22.));
#7785 = VECTOR('',#7786,1.);
#7786 = DIRECTION('',(-0.866025403784,0.5,0.));
#7787 = PCURVE('',#197,#7788);
#7788 = DEFINITIONAL_REPRESENTATION('',(#7789),#7793);
#7789 = LINE('',#7790,#7791);
#7790 = CARTESIAN_POINT('',(0.,0.));
#7791 = VECTOR('',#7792,1.);
#7792 = DIRECTION('',(0.,-1.));
#7793 = ( GEOMETRIC_REPRESENTATION_CONTEXT(2) 
PARAMETRIC_REPRESENTATION_CONTEXT() REPRESENTATION_CONTEXT('2D SPACE',''
  ) );
#7794 = PCURVE('',#7713,#7795);
#7795 = DEFINITIONAL_REPRESENTATION('',(#7796),#7800);
#7796 = LINE('',#7797,#7798);
#7797 = CARTESIAN_POINT('',(31.929744243769,0.));
#7798 = VECTOR('',#7799,1.);
#7799 = DIRECTION('',(0.,1.));
#7800 = ( GEOMETRIC_REPRESENTATION_CONTEXT(2) 
PARAMETRIC_REPRESENTATION_CONTEXT() REPRESENTATION_CONTEXT('2D SPACE',''
  ) );
#7801 = ORIENTED_EDGE('',*,*,#7802,.T.);
#7802 = EDGE_CURVE('',#7780,#178,#7803,.T.);
#7803 = SURFACE_CURVE('',#7804,(#7808,#7815),.PCURVE_S1.);
#7804 = LINE('',#7805,#7806);
#7805 = CARTESIAN_POINT('',(47.536294806047,86.335277807647,22.));
#7806 = VECTOR('',#7807,1.);
#7807 = DIRECTION('',(0.,0.,1.));
#7808 = PCURVE('',#197,#7809);
#7809 = DEFINITIONAL_REPRESENTATION('',(#7810),#7814);
#7810 = LINE('',#7811,#7812);
#7811 = CARTESIAN_POINT('',(0.,-4.));
#7812 = VECTOR('',#7813,1.);
#7813 = DIRECTION('',(1.,0.));
#7814 = ( GEOMETRIC_REPRESENTATION_CONTEXT(2) 
PARAMETRIC_REPRESENTATION_CONTEXT() REPRESENTATION_CONTEXT('2D SPACE',''
  ) );
#7815 = PCURVE('',#229,#7816);
#7816 = DEFINITIONAL_REPRESENTATION('',(#7817),#7821);
#7817 = LINE('',#7818,#7819);
#7818 = CARTESIAN_POINT('',(0.,31.929744243769));
#7819 = VECTOR('',#7820,1.);
#7820 = DIRECTION('',(1.,0.));
#7821 = ( GEOMETRIC_REPRESENTATION_CONTEXT(2) 
PARAMETRIC_REPRESENTATION_CONTEXT() REPRESENTATION_CONTEXT('2D SPACE',''
  ) );
#7822 = ORIENTED_EDGE('',*,*,#177,.F.);
#7823 = ADVANCED_FACE('',(#7824),#256,.T.);
#7824 = FACE_BOUND('',#7825,.T.);
#7825 = EDGE_LOOP('',(#7826,#7849,#7870,#7871));
#7826 = ORIENTED_EDGE('',*,*,#7827,.F.);
#7827 = EDGE_CURVE('',#7828,#210,#7830,.T.);
#7828 = VERTEX_POINT('',#7829);
#7829 = CARTESIAN_POINT('',(31.571422684163,58.683308156202,28.));
#7830 = SURFACE_CURVE('',#7831,(#7835,#7842),.PCURVE_S1.);
#7831 = LINE('',#7832,#7833);
#7832 = CARTESIAN_POINT('',(31.571422684163,58.683308156202,28.));
#7833 = VECTOR('',#7834,1.);
#7834 = DIRECTION('',(0.5,0.866025403784,0.));
#7835 = PCURVE('',#256,#7836);
#7836 = DEFINITIONAL_REPRESENTATION('',(#7837),#7841);
#7837 = LINE('',#7838,#7839);
#7838 = CARTESIAN_POINT('',(0.,4.));
#7839 = VECTOR('',#7840,1.);
#7840 = DIRECTION('',(1.,0.));
#7841 = ( GEOMETRIC_REPRESENTATION_CONTEXT(2) 
PARAMETRIC_REPRESENTATION_CONTEXT() REPRESENTATION_CONTEXT('2D SPACE',''
  ) );
#7842 = PCURVE('',#229,#7843);
#7843 = DEFINITIONAL_REPRESENTATION('',(#7844),#7848);
#7844 = LINE('',#7845,#7846);
#7845 = CARTESIAN_POINT('',(6.,0.));
#7846 = VECTOR('',#7847,1.);
#7847 = DIRECTION('',(0.,1.));
#7848 = ( GEOMETRIC_REPRESENTATION_CONTEXT(2) 
PARAMETRIC_REPRESENTATION_CONTEXT() REPRESENTATION_CONTEXT('2D SPACE',''
  ) );
#7849 = ORIENTED_EDGE('',*,*,#7850,.F.);
#7850 = EDGE_CURVE('',#7726,#7828,#7851,.T.);
#7851 = SURFACE_CURVE('',#7852,(#7856,#7863),.PCURVE_S1.);
#7852 = LINE('',#7853,#7854);
#7853 = CARTESIAN_POINT('',(35.0355242993,56.683308156202,28.));
#7854 = VECTOR('',#7855,1.);
#7855 = DIRECTION('',(-0.866025403784,0.5,0.));
#7856 = PCURVE('',#256,#7857);
#7857 = DEFINITIONAL_REPRESENTATION('',(#7858),#7862);
#7858 = LINE('',#7859,#7860);
#7859 = CARTESIAN_POINT('',(0.,0.));
#7860 = VECTOR('',#7861,1.);
#7861 = DIRECTION('',(0.,1.));
#7862 = ( GEOMETRIC_REPRESENTATION_CONTEXT(2) 
PARAMETRIC_REPRESENTATION_CONTEXT() REPRESENTATION_CONTEXT('2D SPACE',''
  ) );
#7863 = PCURVE('',#7741,#7864);
#7864 = DEFINITIONAL_REPRESENTATION('',(#7865),#7869);
#7865 = LINE('',#7866,#7867);
#7866 = CARTESIAN_POINT('',(6.,0.));
#7867 = VECTOR('',#7868,1.);
#7868 = DIRECTION('',(0.,-1.));
#7869 = ( GEOMETRIC_REPRESENTATION_CONTEXT(2) 
PARAMETRIC_REPRESENTATION_CONTEXT() REPRESENTATION_CONTEXT('2D SPACE',''
  ) );
#7870 = ORIENTED_EDGE('',*,*,#7753,.T.);
#7871 = ORIENTED_EDGE('',*,*,#241,.F.);
#7872 = ADVANCED_FACE('',(#7873),#229,.T.);
#7873 = FACE_BOUND('',#7874,.T.);
#7874 = EDGE_LOOP('',(#7875,#7876,#7899,#7920,#7921));
#7875 = ORIENTED_EDGE('',*,*,#7802,.F.);
#7876 = ORIENTED_EDGE('',*,*,#7877,.F.);
#7877 = EDGE_CURVE('',#7878,#7780,#7880,.T.);
#7878 = VERTEX_POINT('',#7879);
#7879 = CARTESIAN_POINT('',(31.571422684163,58.683308156202,22.));
#7880 = SURFACE_CURVE('',#7881,(#7885,#7892),.PCURVE_S1.);
#7881 = LINE('',#7882,#7883);
#7882 = CARTESIAN_POINT('',(31.571422684163,58.683308156202,22.));
#7883 = VECTOR('',#7884,1.);
#7884 = DIRECTION('',(0.5,0.866025403784,0.));
#7885 = PCURVE('',#229,#7886);
#7886 = DEFINITIONAL_REPRESENTATION('',(#7887),#7891);
#7887 = LINE('',#7888,#7889);
#7888 = CARTESIAN_POINT('',(0.,0.));
#7889 = VECTOR('',#7890,1.);
#7890 = DIRECTION('',(0.,1.));
#7891 = ( GEOMETRIC_REPRESENTATION_CONTEXT(2) 
PARAMETRIC_REPRESENTATION_CONTEXT() REPRESENTATION_CONTEXT('2D SPACE',''
  ) );
#7892 = PCURVE('',#7713,#7893);
#7893 = DEFINITIONAL_REPRESENTATION('',(#7894),#7898);
#7894 = LINE('',#7895,#7896);
#7895 = CARTESIAN_POINT('',(0.,4.));
#7896 = VECTOR('',#7897,1.);
#7897 = DIRECTION('',(1.,0.));
#7898 = ( GEOMETRIC_REPRESENTATION_CONTEXT(2) 
PARAMETRIC_REPRESENTATION_CONTEXT() REPRESENTATION_CONTEXT('2D SPACE',''
  ) );
#7899 = ORIENTED_EDGE('',*,*,#7900,.T.);
#7900 = EDGE_CURVE('',#7878,#7828,#7901,.T.);
#7901 = SURFACE_CURVE('',#7902,(#7906,#7913),.PCURVE_S1.);
#7902 = LINE('',#7903,#7904);
#7903 = CARTESIAN_POINT('',(31.571422684163,58.683308156202,22.));
#7904 = VECTOR('',#7905,1.);
#7905 = DIRECTION('',(0.,0.,1.));
#7906 = PCURVE('',#229,#7907);
#7907 = DEFINITIONAL_REPRESENTATION('',(#7908),#7912);
#7908 = LINE('',#7909,#7910);
#7909 = CARTESIAN_POINT('',(0.,0.));
#7910 = VECTOR('',#7911,1.);
#7911 = DIRECTION('',(1.,0.));
#7912 = ( GEOMETRIC_REPRESENTATION_CONTEXT(2) 
PARAMETRIC_REPRESENTATION_CONTEXT() REPRESENTATION_CONTEXT('2D SPACE',''
  ) );
#7913 = PCURVE('',#7741,#7914);
#7914 = DEFINITIONAL_REPRESENTATION('',(#7915),#7919);
#7915 = LINE('',#7916,#7917);
#7916 = CARTESIAN_POINT('',(0.,-4.));
#7917 = VECTOR('',#7918,1.);
#7918 = DIRECTION('',(1.,0.));
#7919 = ( GEOMETRIC_REPRESENTATION_CONTEXT(2) 
PARAMETRIC_REPRESENTATION_CONTEXT() REPRESENTATION_CONTEXT('2D SPACE',''
  ) );
#7920 = ORIENTED_EDGE('',*,*,#7827,.T.);
#7921 = ORIENTED_EDGE('',*,*,#209,.F.);
#7922 = ADVANCED_FACE('',(#7923),#296,.F.);
#7923 = FACE_BOUND('',#7924,.F.);
#7924 = EDGE_LOOP('',(#7925,#7948,#7976,#8004,#8025));
#7925 = ORIENTED_EDGE('',*,*,#7926,.F.);
#7926 = EDGE_CURVE('',#7927,#275,#7929,.T.);
#7927 = VERTEX_POINT('',#7928);
#7928 = CARTESIAN_POINT('',(-98.53669122723,2.,22.));
#7929 = SURFACE_CURVE('',#7930,(#7934,#7941),.PCURVE_S1.);
#7930 = LINE('',#7931,#7932);
#7931 = CARTESIAN_POINT('',(-98.53669122723,2.,22.));
#7932 = VECTOR('',#7933,1.);
#7933 = DIRECTION('',(0.,0.,1.));
#7934 = PCURVE('',#296,#7935);
#7935 = DEFINITIONAL_REPRESENTATION('',(#7936),#7940);
#7936 = LINE('',#7937,#7938);
#7937 = CARTESIAN_POINT('',(0.,31.929744243769));
#7938 = VECTOR('',#7939,1.);
#7939 = DIRECTION('',(1.,0.));
#7940 = ( GEOMETRIC_REPRESENTATION_CONTEXT(2) 
PARAMETRIC_REPRESENTATION_CONTEXT() REPRESENTATION_CONTEXT('2D SPACE',''
  ) );
#7941 = PCURVE('',#328,#7942);
#7942 = DEFINITIONAL_REPRESENTATION('',(#7943),#7947);
#7943 = LINE('',#7944,#7945);
#7944 = CARTESIAN_POINT('',(0.,0.));
#7945 = VECTOR('',#7946,1.);
#7946 = DIRECTION('',(1.,0.));
#7947 = ( GEOMETRIC_REPRESENTATION_CONTEXT(2) 
PARAMETRIC_REPRESENTATION_CONTEXT() REPRESENTATION_CONTEXT('2D SPACE',''
  ) );
#7948 = ORIENTED_EDGE('',*,*,#7949,.F.);
#7949 = EDGE_CURVE('',#7950,#7927,#7952,.T.);
#7950 = VERTEX_POINT('',#7951);
#7951 = CARTESIAN_POINT('',(-66.60694698346,2.,22.));
#7952 = SURFACE_CURVE('',#7953,(#7957,#7964),.PCURVE_S1.);
#7953 = LINE('',#7954,#7955);
#7954 = CARTESIAN_POINT('',(-66.60694698346,2.,22.));
#7955 = VECTOR('',#7956,1.);
#7956 = DIRECTION('',(-1.,1.224646799147E-16,0.));
#7957 = PCURVE('',#296,#7958);
#7958 = DEFINITIONAL_REPRESENTATION('',(#7959),#7963);
#7959 = LINE('',#7960,#7961);
#7960 = CARTESIAN_POINT('',(0.,0.));
#7961 = VECTOR('',#7962,1.);
#7962 = DIRECTION('',(0.,1.));
#7963 = ( GEOMETRIC_REPRESENTATION_CONTEXT(2) 
PARAMETRIC_REPRESENTATION_CONTEXT() REPRESENTATION_CONTEXT('2D SPACE',''
  ) );
#7964 = PCURVE('',#7965,#7970);
#7965 = PLANE('',#7966);
#7966 = AXIS2_PLACEMENT_3D('',#7967,#7968,#7969);
#7967 = CARTESIAN_POINT('',(-66.60694698346,2.,22.));
#7968 = DIRECTION('',(0.,0.,1.));
#7969 = DIRECTION('',(-1.,1.224646799147E-16,0.));
#7970 = DEFINITIONAL_REPRESENTATION('',(#7971),#7975);
#7971 = LINE('',#7972,#7973);
#7972 = CARTESIAN_POINT('',(0.,0.));
#7973 = VECTOR('',#7974,1.);
#7974 = DIRECTION('',(1.,0.));
#7975 = ( GEOMETRIC_REPRESENTATION_CONTEXT(2) 
PARAMETRIC_REPRESENTATION_CONTEXT() REPRESENTATION_CONTEXT('2D SPACE',''
  ) );
#7976 = ORIENTED_EDGE('',*,*,#7977,.T.);
#7977 = EDGE_CURVE('',#7950,#7978,#7980,.T.);
#7978 = VERTEX_POINT('',#7979);
#7979 = CARTESIAN_POINT('',(-66.60694698346,2.,28.));
#7980 = SURFACE_CURVE('',#7981,(#7985,#7992),.PCURVE_S1.);
#7981 = LINE('',#7982,#7983);
#7982 = CARTESIAN_POINT('',(-66.60694698346,2.,22.));
#7983 = VECTOR('',#7984,1.);
#7984 = DIRECTION('',(0.,0.,1.));
#7985 = PCURVE('',#296,#7986);
#7986 = DEFINITIONAL_REPRESENTATION('',(#7987),#7991);
#7987 = LINE('',#7988,#7989);
#7988 = CARTESIAN_POINT('',(0.,0.));
#7989 = VECTOR('',#7990,1.);
#7990 = DIRECTION('',(1.,0.));
#7991 = ( GEOMETRIC_REPRESENTATION_CONTEXT(2) 
PARAMETRIC_REPRESENTATION_CONTEXT() REPRESENTATION_CONTEXT('2D SPACE',''
  ) );
#7992 = PCURVE('',#7993,#7998);
#7993 = PLANE('',#7994);
#7994 = AXIS2_PLACEMENT_3D('',#7995,#7996,#7997);
#7995 = CARTESIAN_POINT('',(-66.60694698346,2.,22.));
#7996 = DIRECTION('',(-1.,1.224646799147E-16,0.));
#7997 = DIRECTION('',(0.,0.,1.));
#7998 = DEFINITIONAL_REPRESENTATION('',(#7999),#8003);
#7999 = LINE('',#8000,#8001);
#8000 = CARTESIAN_POINT('',(0.,0.));
#8001 = VECTOR('',#8002,1.);
#8002 = DIRECTION('',(1.,0.));
#8003 = ( GEOMETRIC_REPRESENTATION_CONTEXT(2) 
PARAMETRIC_REPRESENTATION_CONTEXT() REPRESENTATION_CONTEXT('2D SPACE',''
  ) );
#8004 = ORIENTED_EDGE('',*,*,#8005,.T.);
#8005 = EDGE_CURVE('',#7978,#277,#8006,.T.);
#8006 = SURFACE_CURVE('',#8007,(#8011,#8018),.PCURVE_S1.);
#8007 = LINE('',#8008,#8009);
#8008 = CARTESIAN_POINT('',(-66.60694698346,2.,28.));
#8009 = VECTOR('',#8010,1.);
#8010 = DIRECTION('',(-1.,1.224646799147E-16,0.));
#8011 = PCURVE('',#296,#8012);
#8012 = DEFINITIONAL_REPRESENTATION('',(#8013),#8017);
#8013 = LINE('',#8014,#8015);
#8014 = CARTESIAN_POINT('',(6.,0.));
#8015 = VECTOR('',#8016,1.);
#8016 = DIRECTION('',(0.,1.));
#8017 = ( GEOMETRIC_REPRESENTATION_CONTEXT(2) 
PARAMETRIC_REPRESENTATION_CONTEXT() REPRESENTATION_CONTEXT('2D SPACE',''
  ) );
#8018 = PCURVE('',#387,#8019);
#8019 = DEFINITIONAL_REPRESENTATION('',(#8020),#8024);
#8020 = LINE('',#8021,#8022);
#8021 = CARTESIAN_POINT('',(0.,0.));
#8022 = VECTOR('',#8023,1.);
#8023 = DIRECTION('',(1.,0.));
#8024 = ( GEOMETRIC_REPRESENTATION_CONTEXT(2) 
PARAMETRIC_REPRESENTATION_CONTEXT() REPRESENTATION_CONTEXT('2D SPACE',''
  ) );
#8025 = ORIENTED_EDGE('',*,*,#274,.F.);
#8026 = ADVANCED_FACE('',(#8027),#328,.T.);
#8027 = FACE_BOUND('',#8028,.T.);
#8028 = EDGE_LOOP('',(#8029,#8030,#8053,#8074));
#8029 = ORIENTED_EDGE('',*,*,#7926,.F.);
#8030 = ORIENTED_EDGE('',*,*,#8031,.T.);
#8031 = EDGE_CURVE('',#7927,#8032,#8034,.T.);
#8032 = VERTEX_POINT('',#8033);
#8033 = CARTESIAN_POINT('',(-98.53669122723,-2.,22.));
#8034 = SURFACE_CURVE('',#8035,(#8039,#8046),.PCURVE_S1.);
#8035 = LINE('',#8036,#8037);
#8036 = CARTESIAN_POINT('',(-98.53669122723,2.,22.));
#8037 = VECTOR('',#8038,1.);
#8038 = DIRECTION('',(-1.224646799147E-16,-1.,0.));
#8039 = PCURVE('',#328,#8040);
#8040 = DEFINITIONAL_REPRESENTATION('',(#8041),#8045);
#8041 = LINE('',#8042,#8043);
#8042 = CARTESIAN_POINT('',(0.,0.));
#8043 = VECTOR('',#8044,1.);
#8044 = DIRECTION('',(0.,-1.));
#8045 = ( GEOMETRIC_REPRESENTATION_CONTEXT(2) 
PARAMETRIC_REPRESENTATION_CONTEXT() REPRESENTATION_CONTEXT('2D SPACE',''
  ) );
#8046 = PCURVE('',#7965,#8047);
#8047 = DEFINITIONAL_REPRESENTATION('',(#8048),#8052);
#8048 = LINE('',#8049,#8050);
#8049 = CARTESIAN_POINT('',(31.929744243769,-8.653698007798E-17));
#8050 = VECTOR('',#8051,1.);
#8051 = DIRECTION('',(0.,1.));
#8052 = ( GEOMETRIC_REPRESENTATION_CONTEXT(2) 
PARAMETRIC_REPRESENTATION_CONTEXT() REPRESENTATION_CONTEXT('2D SPACE',''
  ) );
#8053 = ORIENTED_EDGE('',*,*,#8054,.T.);
#8054 = EDGE_CURVE('',#8032,#309,#8055,.T.);
#8055 = SURFACE_CURVE('',#8056,(#8060,#8067),.PCURVE_S1.);
#8056 = LINE('',#8057,#8058);
#8057 = CARTESIAN_POINT('',(-98.53669122723,-2.,22.));
#8058 = VECTOR('',#8059,1.);
#8059 = DIRECTION('',(0.,0.,1.));
#8060 = PCURVE('',#328,#8061);
#8061 = DEFINITIONAL_REPRESENTATION('',(#8062),#8066);
#8062 = LINE('',#8063,#8064);
#8063 = CARTESIAN_POINT('',(0.,-4.));
#8064 = VECTOR('',#8065,1.);
#8065 = DIRECTION('',(1.,0.));
#8066 = ( GEOMETRIC_REPRESENTATION_CONTEXT(2) 
PARAMETRIC_REPRESENTATION_CONTEXT() REPRESENTATION_CONTEXT('2D SPACE',''
  ) );
#8067 = PCURVE('',#360,#8068);
#8068 = DEFINITIONAL_REPRESENTATION('',(#8069),#8073);
#8069 = LINE('',#8070,#8071);
#8070 = CARTESIAN_POINT('',(0.,31.929744243769));
#8071 = VECTOR('',#8072,1.);
#8072 = DIRECTION('',(1.,0.));
#8073 = ( GEOMETRIC_REPRESENTATION_CONTEXT(2) 
PARAMETRIC_REPRESENTATION_CONTEXT() REPRESENTATION_CONTEXT('2D SPACE',''
  ) );
#8074 = ORIENTED_EDGE('',*,*,#308,.F.);
#8075 = ADVANCED_FACE('',(#8076),#387,.T.);
#8076 = FACE_BOUND('',#8077,.T.);
#8077 = EDGE_LOOP('',(#8078,#8101,#8122,#8123));
#8078 = ORIENTED_EDGE('',*,*,#8079,.F.);
#8079 = EDGE_CURVE('',#8080,#341,#8082,.T.);
#8080 = VERTEX_POINT('',#8081);
#8081 = CARTESIAN_POINT('',(-66.60694698346,-2.,28.));
#8082 = SURFACE_CURVE('',#8083,(#8087,#8094),.PCURVE_S1.);
#8083 = LINE('',#8084,#8085);
#8084 = CARTESIAN_POINT('',(-66.60694698346,-2.,28.));
#8085 = VECTOR('',#8086,1.);
#8086 = DIRECTION('',(-1.,1.224646799147E-16,0.));
#8087 = PCURVE('',#387,#8088);
#8088 = DEFINITIONAL_REPRESENTATION('',(#8089),#8093);
#8089 = LINE('',#8090,#8091);
#8090 = CARTESIAN_POINT('',(-4.898587196589E-16,4.));
#8091 = VECTOR('',#8092,1.);
#8092 = DIRECTION('',(1.,0.));
#8093 = ( GEOMETRIC_REPRESENTATION_CONTEXT(2) 
PARAMETRIC_REPRESENTATION_CONTEXT() REPRESENTATION_CONTEXT('2D SPACE',''
  ) );
#8094 = PCURVE('',#360,#8095);
#8095 = DEFINITIONAL_REPRESENTATION('',(#8096),#8100);
#8096 = LINE('',#8097,#8098);
#8097 = CARTESIAN_POINT('',(6.,0.));
#8098 = VECTOR('',#8099,1.);
#8099 = DIRECTION('',(0.,1.));
#8100 = ( GEOMETRIC_REPRESENTATION_CONTEXT(2) 
PARAMETRIC_REPRESENTATION_CONTEXT() REPRESENTATION_CONTEXT('2D SPACE',''
  ) );
#8101 = ORIENTED_EDGE('',*,*,#8102,.F.);
#8102 = EDGE_CURVE('',#7978,#8080,#8103,.T.);
#8103 = SURFACE_CURVE('',#8104,(#8108,#8115),.PCURVE_S1.);
#8104 = LINE('',#8105,#8106);
#8105 = CARTESIAN_POINT('',(-66.60694698346,2.,28.));
#8106 = VECTOR('',#8107,1.);
#8107 = DIRECTION('',(-1.224646799147E-16,-1.,0.));
#8108 = PCURVE('',#387,#8109);
#8109 = DEFINITIONAL_REPRESENTATION('',(#8110),#8114);
#8110 = LINE('',#8111,#8112);
#8111 = CARTESIAN_POINT('',(0.,0.));
#8112 = VECTOR('',#8113,1.);
#8113 = DIRECTION('',(0.,1.));
#8114 = ( GEOMETRIC_REPRESENTATION_CONTEXT(2) 
PARAMETRIC_REPRESENTATION_CONTEXT() REPRESENTATION_CONTEXT('2D SPACE',''
  ) );
#8115 = PCURVE('',#7993,#8116);
#8116 = DEFINITIONAL_REPRESENTATION('',(#8117),#8121);
#8117 = LINE('',#8118,#8119);
#8118 = CARTESIAN_POINT('',(6.,0.));
#8119 = VECTOR('',#8120,1.);
#8120 = DIRECTION('',(0.,-1.));
#8121 = ( GEOMETRIC_REPRESENTATION_CONTEXT(2) 
PARAMETRIC_REPRESENTATION_CONTEXT() REPRESENTATION_CONTEXT('2D SPACE',''
  ) );
#8122 = ORIENTED_EDGE('',*,*,#8005,.T.);
#8123 = ORIENTED_EDGE('',*,*,#372,.F.);
#8124 = ADVANCED_FACE('',(#8125),#360,.T.);
#8125 = FACE_BOUND('',#8126,.T.);
#8126 = EDGE_LOOP('',(#8127,#8128,#8151,#8172,#8173));
#8127 = ORIENTED_EDGE('',*,*,#8054,.F.);
#8128 = ORIENTED_EDGE('',*,*,#8129,.F.);
#8129 = EDGE_CURVE('',#8130,#8032,#8132,.T.);
#8130 = VERTEX_POINT('',#8131);
#8131 = CARTESIAN_POINT('',(-66.60694698346,-2.,22.));
#8132 = SURFACE_CURVE('',#8133,(#8137,#8144),.PCURVE_S1.);
#8133 = LINE('',#8134,#8135);
#8134 = CARTESIAN_POINT('',(-66.60694698346,-2.,22.));
#8135 = VECTOR('',#8136,1.);
#8136 = DIRECTION('',(-1.,1.224646799147E-16,0.));
#8137 = PCURVE('',#360,#8138);
#8138 = DEFINITIONAL_REPRESENTATION('',(#8139),#8143);
#8139 = LINE('',#8140,#8141);
#8140 = CARTESIAN_POINT('',(0.,0.));
#8141 = VECTOR('',#8142,1.);
#8142 = DIRECTION('',(0.,1.));
#8143 = ( GEOMETRIC_REPRESENTATION_CONTEXT(2) 
PARAMETRIC_REPRESENTATION_CONTEXT() REPRESENTATION_CONTEXT('2D SPACE',''
  ) );
#8144 = PCURVE('',#7965,#8145);
#8145 = DEFINITIONAL_REPRESENTATION('',(#8146),#8150);
#8146 = LINE('',#8147,#8148);
#8147 = CARTESIAN_POINT('',(-4.898587196589E-16,4.));
#8148 = VECTOR('',#8149,1.);
#8149 = DIRECTION('',(1.,0.));
#8150 = ( GEOMETRIC_REPRESENTATION_CONTEXT(2) 
PARAMETRIC_REPRESENTATION_CONTEXT() REPRESENTATION_CONTEXT('2D SPACE',''
  ) );
#8151 = ORIENTED_EDGE('',*,*,#8152,.T.);
#8152 = EDGE_CURVE('',#8130,#8080,#8153,.T.);
#8153 = SURFACE_CURVE('',#8154,(#8158,#8165),.PCURVE_S1.);
#8154 = LINE('',#8155,#8156);
#8155 = CARTESIAN_POINT('',(-66.60694698346,-2.,22.));
#8156 = VECTOR('',#8157,1.);
#8157 = DIRECTION('',(0.,0.,1.));
#8158 = PCURVE('',#360,#8159);
#8159 = DEFINITIONAL_REPRESENTATION('',(#8160),#8164);
#8160 = LINE('',#8161,#8162);
#8161 = CARTESIAN_POINT('',(0.,0.));
#8162 = VECTOR('',#8163,1.);
#8163 = DIRECTION('',(1.,0.));
#8164 = ( GEOMETRIC_REPRESENTATION_CONTEXT(2) 
PARAMETRIC_REPRESENTATION_CONTEXT() REPRESENTATION_CONTEXT('2D SPACE',''
  ) );
#8165 = PCURVE('',#7993,#8166);
#8166 = DEFINITIONAL_REPRESENTATION('',(#8167),#8171);
#8167 = LINE('',#8168,#8169);
#8168 = CARTESIAN_POINT('',(0.,-4.));
#8169 = VECTOR('',#8170,1.);
#8170 = DIRECTION('',(1.,0.));
#8171 = ( GEOMETRIC_REPRESENTATION_CONTEXT(2) 
PARAMETRIC_REPRESENTATION_CONTEXT() REPRESENTATION_CONTEXT('2D SPACE',''
  ) );
#8172 = ORIENTED_EDGE('',*,*,#8079,.T.);
#8173 = ORIENTED_EDGE('',*,*,#340,.F.);
#8174 = ADVANCED_FACE('',(#8175),#427,.F.);
#8175 = FACE_BOUND('',#8176,.F.);
#8176 = EDGE_LOOP('',(#8177,#8200,#8228,#8256,#8277));
#8177 = ORIENTED_EDGE('',*,*,#8178,.F.);
#8178 = EDGE_CURVE('',#8179,#406,#8181,.T.);
#8179 = VERTEX_POINT('',#8180);
#8180 = CARTESIAN_POINT('',(47.536294806047,-86.33527780764,22.));
#8181 = SURFACE_CURVE('',#8182,(#8186,#8193),.PCURVE_S1.);
#8182 = LINE('',#8183,#8184);
#8183 = CARTESIAN_POINT('',(47.536294806047,-86.33527780764,22.));
#8184 = VECTOR('',#8185,1.);
#8185 = DIRECTION('',(0.,0.,1.));
#8186 = PCURVE('',#427,#8187);
#8187 = DEFINITIONAL_REPRESENTATION('',(#8188),#8192);
#8188 = LINE('',#8189,#8190);
#8189 = CARTESIAN_POINT('',(0.,31.929744243769));
#8190 = VECTOR('',#8191,1.);
#8191 = DIRECTION('',(1.,0.));
#8192 = ( GEOMETRIC_REPRESENTATION_CONTEXT(2) 
PARAMETRIC_REPRESENTATION_CONTEXT() REPRESENTATION_CONTEXT('2D SPACE',''
  ) );
#8193 = PCURVE('',#459,#8194);
#8194 = DEFINITIONAL_REPRESENTATION('',(#8195),#8199);
#8195 = LINE('',#8196,#8197);
#8196 = CARTESIAN_POINT('',(0.,0.));
#8197 = VECTOR('',#8198,1.);
#8198 = DIRECTION('',(1.,0.));
#8199 = ( GEOMETRIC_REPRESENTATION_CONTEXT(2) 
PARAMETRIC_REPRESENTATION_CONTEXT() REPRESENTATION_CONTEXT('2D SPACE',''
  ) );
#8200 = ORIENTED_EDGE('',*,*,#8201,.F.);
#8201 = EDGE_CURVE('',#8202,#8179,#8204,.T.);
#8202 = VERTEX_POINT('',#8203);
#8203 = CARTESIAN_POINT('',(31.571422684163,-58.6833081562,22.));
#8204 = SURFACE_CURVE('',#8205,(#8209,#8216),.PCURVE_S1.);
#8205 = LINE('',#8206,#8207);
#8206 = CARTESIAN_POINT('',(31.571422684163,-58.6833081562,22.));
#8207 = VECTOR('',#8208,1.);
#8208 = DIRECTION('',(0.5,-0.866025403784,0.));
#8209 = PCURVE('',#427,#8210);
#8210 = DEFINITIONAL_REPRESENTATION('',(#8211),#8215);
#8211 = LINE('',#8212,#8213);
#8212 = CARTESIAN_POINT('',(0.,0.));
#8213 = VECTOR('',#8214,1.);
#8214 = DIRECTION('',(0.,1.));
#8215 = ( GEOMETRIC_REPRESENTATION_CONTEXT(2) 
PARAMETRIC_REPRESENTATION_CONTEXT() REPRESENTATION_CONTEXT('2D SPACE',''
  ) );
#8216 = PCURVE('',#8217,#8222);
#8217 = PLANE('',#8218);
#8218 = AXIS2_PLACEMENT_3D('',#8219,#8220,#8221);
#8219 = CARTESIAN_POINT('',(31.571422684163,-58.6833081562,22.));
#8220 = DIRECTION('',(0.,0.,1.));
#8221 = DIRECTION('',(0.5,-0.866025403784,0.));
#8222 = DEFINITIONAL_REPRESENTATION('',(#8223),#8227);
#8223 = LINE('',#8224,#8225);
#8224 = CARTESIAN_POINT('',(0.,0.));
#8225 = VECTOR('',#8226,1.);
#8226 = DIRECTION('',(1.,0.));
#8227 = ( GEOMETRIC_REPRESENTATION_CONTEXT(2) 
PARAMETRIC_REPRESENTATION_CONTEXT() REPRESENTATION_CONTEXT('2D SPACE',''
  ) );
#8228 = ORIENTED_EDGE('',*,*,#8229,.T.);
#8229 = EDGE_CURVE('',#8202,#8230,#8232,.T.);
#8230 = VERTEX_POINT('',#8231);
#8231 = CARTESIAN_POINT('',(31.571422684163,-58.6833081562,28.));
#8232 = SURFACE_CURVE('',#8233,(#8237,#8244),.PCURVE_S1.);
#8233 = LINE('',#8234,#8235);
#8234 = CARTESIAN_POINT('',(31.571422684163,-58.6833081562,22.));
#8235 = VECTOR('',#8236,1.);
#8236 = DIRECTION('',(0.,0.,1.));
#8237 = PCURVE('',#427,#8238);
#8238 = DEFINITIONAL_REPRESENTATION('',(#8239),#8243);
#8239 = LINE('',#8240,#8241);
#8240 = CARTESIAN_POINT('',(0.,0.));
#8241 = VECTOR('',#8242,1.);
#8242 = DIRECTION('',(1.,0.));
#8243 = ( GEOMETRIC_REPRESENTATION_CONTEXT(2) 
PARAMETRIC_REPRESENTATION_CONTEXT() REPRESENTATION_CONTEXT('2D SPACE',''
  ) );
#8244 = PCURVE('',#8245,#8250);
#8245 = PLANE('',#8246);
#8246 = AXIS2_PLACEMENT_3D('',#8247,#8248,#8249);
#8247 = CARTESIAN_POINT('',(31.571422684163,-58.6833081562,22.));
#8248 = DIRECTION('',(0.5,-0.866025403784,0.));
#8249 = DIRECTION('',(0.,0.,1.));
#8250 = DEFINITIONAL_REPRESENTATION('',(#8251),#8255);
#8251 = LINE('',#8252,#8253);
#8252 = CARTESIAN_POINT('',(0.,0.));
#8253 = VECTOR('',#8254,1.);
#8254 = DIRECTION('',(1.,0.));
#8255 = ( GEOMETRIC_REPRESENTATION_CONTEXT(2) 
PARAMETRIC_REPRESENTATION_CONTEXT() REPRESENTATION_CONTEXT('2D SPACE',''
  ) );
#8256 = ORIENTED_EDGE('',*,*,#8257,.T.);
#8257 = EDGE_CURVE('',#8230,#408,#8258,.T.);
#8258 = SURFACE_CURVE('',#8259,(#8263,#8270),.PCURVE_S1.);
#8259 = LINE('',#8260,#8261);
#8260 = CARTESIAN_POINT('',(31.571422684163,-58.6833081562,28.));
#8261 = VECTOR('',#8262,1.);
#8262 = DIRECTION('',(0.5,-0.866025403784,0.));
#8263 = PCURVE('',#427,#8264);
#8264 = DEFINITIONAL_REPRESENTATION('',(#8265),#8269);
#8265 = LINE('',#8266,#8267);
#8266 = CARTESIAN_POINT('',(6.,0.));
#8267 = VECTOR('',#8268,1.);
#8268 = DIRECTION('',(0.,1.));
#8269 = ( GEOMETRIC_REPRESENTATION_CONTEXT(2) 
PARAMETRIC_REPRESENTATION_CONTEXT() REPRESENTATION_CONTEXT('2D SPACE',''
  ) );
#8270 = PCURVE('',#518,#8271);
#8271 = DEFINITIONAL_REPRESENTATION('',(#8272),#8276);
#8272 = LINE('',#8273,#8274);
#8273 = CARTESIAN_POINT('',(0.,0.));
#8274 = VECTOR('',#8275,1.);
#8275 = DIRECTION('',(1.,0.));
#8276 = ( GEOMETRIC_REPRESENTATION_CONTEXT(2) 
PARAMETRIC_REPRESENTATION_CONTEXT() REPRESENTATION_CONTEXT('2D SPACE',''
  ) );
#8277 = ORIENTED_EDGE('',*,*,#405,.F.);
#8278 = ADVANCED_FACE('',(#8279),#518,.T.);
#8279 = FACE_BOUND('',#8280,.T.);
#8280 = EDGE_LOOP('',(#8281,#8304,#8325,#8326));
#8281 = ORIENTED_EDGE('',*,*,#8282,.F.);
#8282 = EDGE_CURVE('',#8283,#472,#8285,.T.);
#8283 = VERTEX_POINT('',#8284);
#8284 = CARTESIAN_POINT('',(35.0355242993,-56.6833081562,28.));
#8285 = SURFACE_CURVE('',#8286,(#8290,#8297),.PCURVE_S1.);
#8286 = LINE('',#8287,#8288);
#8287 = CARTESIAN_POINT('',(35.0355242993,-56.6833081562,28.));
#8288 = VECTOR('',#8289,1.);
#8289 = DIRECTION('',(0.5,-0.866025403784,0.));
#8290 = PCURVE('',#518,#8291);
#8291 = DEFINITIONAL_REPRESENTATION('',(#8292),#8296);
#8292 = LINE('',#8293,#8294);
#8293 = CARTESIAN_POINT('',(0.,4.));
#8294 = VECTOR('',#8295,1.);
#8295 = DIRECTION('',(1.,0.));
#8296 = ( GEOMETRIC_REPRESENTATION_CONTEXT(2) 
PARAMETRIC_REPRESENTATION_CONTEXT() REPRESENTATION_CONTEXT('2D SPACE',''
  ) );
#8297 = PCURVE('',#491,#8298);
#8298 = DEFINITIONAL_REPRESENTATION('',(#8299),#8303);
#8299 = LINE('',#8300,#8301);
#8300 = CARTESIAN_POINT('',(6.,0.));
#8301 = VECTOR('',#8302,1.);
#8302 = DIRECTION('',(0.,1.));
#8303 = ( GEOMETRIC_REPRESENTATION_CONTEXT(2) 
PARAMETRIC_REPRESENTATION_CONTEXT() REPRESENTATION_CONTEXT('2D SPACE',''
  ) );
#8304 = ORIENTED_EDGE('',*,*,#8305,.F.);
#8305 = EDGE_CURVE('',#8230,#8283,#8306,.T.);
#8306 = SURFACE_CURVE('',#8307,(#8311,#8318),.PCURVE_S1.);
#8307 = LINE('',#8308,#8309);
#8308 = CARTESIAN_POINT('',(31.571422684163,-58.6833081562,28.));
#8309 = VECTOR('',#8310,1.);
#8310 = DIRECTION('',(0.866025403784,0.5,0.));
#8311 = PCURVE('',#518,#8312);
#8312 = DEFINITIONAL_REPRESENTATION('',(#8313),#8317);
#8313 = LINE('',#8314,#8315);
#8314 = CARTESIAN_POINT('',(0.,0.));
#8315 = VECTOR('',#8316,1.);
#8316 = DIRECTION('',(0.,1.));
#8317 = ( GEOMETRIC_REPRESENTATION_CONTEXT(2) 
PARAMETRIC_REPRESENTATION_CONTEXT() REPRESENTATION_CONTEXT('2D SPACE',''
  ) );
#8318 = PCURVE('',#8245,#8319);
#8319 = DEFINITIONAL_REPRESENTATION('',(#8320),#8324);
#8320 = LINE('',#8321,#8322);
#8321 = CARTESIAN_POINT('',(6.,0.));
#8322 = VECTOR('',#8323,1.);
#8323 = DIRECTION('',(0.,-1.));
#8324 = ( GEOMETRIC_REPRESENTATION_CONTEXT(2) 
PARAMETRIC_REPRESENTATION_CONTEXT() REPRESENTATION_CONTEXT('2D SPACE',''
  ) );
#8325 = ORIENTED_EDGE('',*,*,#8257,.T.);
#8326 = ORIENTED_EDGE('',*,*,#503,.F.);
#8327 = ADVANCED_FACE('',(#8328),#491,.T.);
#8328 = FACE_BOUND('',#8329,.T.);
#8329 = EDGE_LOOP('',(#8330,#8353,#8376,#8397,#8398));
#8330 = ORIENTED_EDGE('',*,*,#8331,.F.);
#8331 = EDGE_CURVE('',#8332,#440,#8334,.T.);
#8332 = VERTEX_POINT('',#8333);
#8333 = CARTESIAN_POINT('',(51.000396421185,-84.33527780764,22.));
#8334 = SURFACE_CURVE('',#8335,(#8339,#8346),.PCURVE_S1.);
#8335 = LINE('',#8336,#8337);
#8336 = CARTESIAN_POINT('',(51.000396421185,-84.33527780764,22.));
#8337 = VECTOR('',#8338,1.);
#8338 = DIRECTION('',(0.,0.,1.));
#8339 = PCURVE('',#491,#8340);
#8340 = DEFINITIONAL_REPRESENTATION('',(#8341),#8345);
#8341 = LINE('',#8342,#8343);
#8342 = CARTESIAN_POINT('',(0.,31.929744243769));
#8343 = VECTOR('',#8344,1.);
#8344 = DIRECTION('',(1.,0.));
#8345 = ( GEOMETRIC_REPRESENTATION_CONTEXT(2) 
PARAMETRIC_REPRESENTATION_CONTEXT() REPRESENTATION_CONTEXT('2D SPACE',''
  ) );
#8346 = PCURVE('',#459,#8347);
#8347 = DEFINITIONAL_REPRESENTATION('',(#8348),#8352);
#8348 = LINE('',#8349,#8350);
#8349 = CARTESIAN_POINT('',(0.,-4.));
#8350 = VECTOR('',#8351,1.);
#8351 = DIRECTION('',(1.,0.));
#8352 = ( GEOMETRIC_REPRESENTATION_CONTEXT(2) 
PARAMETRIC_REPRESENTATION_CONTEXT() REPRESENTATION_CONTEXT('2D SPACE',''
  ) );
#8353 = ORIENTED_EDGE('',*,*,#8354,.F.);
#8354 = EDGE_CURVE('',#8355,#8332,#8357,.T.);
#8355 = VERTEX_POINT('',#8356);
#8356 = CARTESIAN_POINT('',(35.0355242993,-56.6833081562,22.));
#8357 = SURFACE_CURVE('',#8358,(#8362,#8369),.PCURVE_S1.);
#8358 = LINE('',#8359,#8360);
#8359 = CARTESIAN_POINT('',(35.0355242993,-56.6833081562,22.));
#8360 = VECTOR('',#8361,1.);
#8361 = DIRECTION('',(0.5,-0.866025403784,0.));
#8362 = PCURVE('',#491,#8363);
#8363 = DEFINITIONAL_REPRESENTATION('',(#8364),#8368);
#8364 = LINE('',#8365,#8366);
#8365 = CARTESIAN_POINT('',(0.,0.));
#8366 = VECTOR('',#8367,1.);
#8367 = DIRECTION('',(0.,1.));
#8368 = ( GEOMETRIC_REPRESENTATION_CONTEXT(2) 
PARAMETRIC_REPRESENTATION_CONTEXT() REPRESENTATION_CONTEXT('2D SPACE',''
  ) );
#8369 = PCURVE('',#8217,#8370);
#8370 = DEFINITIONAL_REPRESENTATION('',(#8371),#8375);
#8371 = LINE('',#8372,#8373);
#8372 = CARTESIAN_POINT('',(0.,4.));
#8373 = VECTOR('',#8374,1.);
#8374 = DIRECTION('',(1.,0.));
#8375 = ( GEOMETRIC_REPRESENTATION_CONTEXT(2) 
PARAMETRIC_REPRESENTATION_CONTEXT() REPRESENTATION_CONTEXT('2D SPACE',''
  ) );
#8376 = ORIENTED_EDGE('',*,*,#8377,.T.);
#8377 = EDGE_CURVE('',#8355,#8283,#8378,.T.);
#8378 = SURFACE_CURVE('',#8379,(#8383,#8390),.PCURVE_S1.);
#8379 = LINE('',#8380,#8381);
#8380 = CARTESIAN_POINT('',(35.0355242993,-56.6833081562,22.));
#8381 = VECTOR('',#8382,1.);
#8382 = DIRECTION('',(0.,0.,1.));
#8383 = PCURVE('',#491,#8384);
#8384 = DEFINITIONAL_REPRESENTATION('',(#8385),#8389);
#8385 = LINE('',#8386,#8387);
#8386 = CARTESIAN_POINT('',(0.,0.));
#8387 = VECTOR('',#8388,1.);
#8388 = DIRECTION('',(1.,0.));
#8389 = ( GEOMETRIC_REPRESENTATION_CONTEXT(2) 
PARAMETRIC_REPRESENTATION_CONTEXT() REPRESENTATION_CONTEXT('2D SPACE',''
  ) );
#8390 = PCURVE('',#8245,#8391);
#8391 = DEFINITIONAL_REPRESENTATION('',(#8392),#8396);
#8392 = LINE('',#8393,#8394);
#8393 = CARTESIAN_POINT('',(0.,-4.));
#8394 = VECTOR('',#8395,1.);
#8395 = DIRECTION('',(1.,0.));
#8396 = ( GEOMETRIC_REPRESENTATION_CONTEXT(2) 
PARAMETRIC_REPRESENTATION_CONTEXT() REPRESENTATION_CONTEXT('2D SPACE',''
  ) );
#8397 = ORIENTED_EDGE('',*,*,#8282,.T.);
#8398 = ORIENTED_EDGE('',*,*,#471,.F.);
#8399 = ADVANCED_FACE('',(#8400),#459,.T.);
#8400 = FACE_BOUND('',#8401,.T.);
#8401 = EDGE_LOOP('',(#8402,#8403,#8424,#8425));
#8402 = ORIENTED_EDGE('',*,*,#8178,.F.);
#8403 = ORIENTED_EDGE('',*,*,#8404,.T.);
#8404 = EDGE_CURVE('',#8179,#8332,#8405,.T.);
#8405 = SURFACE_CURVE('',#8406,(#8410,#8417),.PCURVE_S1.);
#8406 = LINE('',#8407,#8408);
#8407 = CARTESIAN_POINT('',(47.536294806047,-86.33527780764,22.));
#8408 = VECTOR('',#8409,1.);
#8409 = DIRECTION('',(0.866025403784,0.5,0.));
#8410 = PCURVE('',#459,#8411);
#8411 = DEFINITIONAL_REPRESENTATION('',(#8412),#8416);
#8412 = LINE('',#8413,#8414);
#8413 = CARTESIAN_POINT('',(0.,0.));
#8414 = VECTOR('',#8415,1.);
#8415 = DIRECTION('',(0.,-1.));
#8416 = ( GEOMETRIC_REPRESENTATION_CONTEXT(2) 
PARAMETRIC_REPRESENTATION_CONTEXT() REPRESENTATION_CONTEXT('2D SPACE',''
  ) );
#8417 = PCURVE('',#8217,#8418);
#8418 = DEFINITIONAL_REPRESENTATION('',(#8419),#8423);
#8419 = LINE('',#8420,#8421);
#8420 = CARTESIAN_POINT('',(31.929744243769,1.7763568394E-15));
#8421 = VECTOR('',#8422,1.);
#8422 = DIRECTION('',(0.,1.));
#8423 = ( GEOMETRIC_REPRESENTATION_CONTEXT(2) 
PARAMETRIC_REPRESENTATION_CONTEXT() REPRESENTATION_CONTEXT('2D SPACE',''
  ) );
#8424 = ORIENTED_EDGE('',*,*,#8331,.T.);
#8425 = ORIENTED_EDGE('',*,*,#439,.F.);
#8426 = ADVANCED_FACE('',(#8427),#558,.T.);
#8427 = FACE_BOUND('',#8428,.T.);
#8428 = EDGE_LOOP('',(#8429,#8450,#8451,#8472));
#8429 = ORIENTED_EDGE('',*,*,#8430,.F.);
#8430 = EDGE_CURVE('',#537,#4549,#8431,.T.);
#8431 = SURFACE_CURVE('',#8432,(#8436,#8443),.PCURVE_S1.);
#8432 = LINE('',#8433,#8434);
#8433 = CARTESIAN_POINT('',(59.357728332293,9.255273482164,18.));
#8434 = VECTOR('',#8435,1.);
#8435 = DIRECTION('',(0.994521895368,0.104528463268,0.));
#8436 = PCURVE('',#558,#8437);
#8437 = DEFINITIONAL_REPRESENTATION('',(#8438),#8442);
#8438 = LINE('',#8439,#8440);
#8439 = CARTESIAN_POINT('',(20.,0.));
#8440 = VECTOR('',#8441,1.);
#8441 = DIRECTION('',(0.,-1.));
#8442 = ( GEOMETRIC_REPRESENTATION_CONTEXT(2) 
PARAMETRIC_REPRESENTATION_CONTEXT() REPRESENTATION_CONTEXT('2D SPACE',''
  ) );
#8443 = PCURVE('',#587,#8444);
#8444 = DEFINITIONAL_REPRESENTATION('',(#8445),#8449);
#8445 = LINE('',#8446,#8447);
#8446 = CARTESIAN_POINT('',(0.,0.));
#8447 = VECTOR('',#8448,1.);
#8448 = DIRECTION('',(0.,1.));
#8449 = ( GEOMETRIC_REPRESENTATION_CONTEXT(2) 
PARAMETRIC_REPRESENTATION_CONTEXT() REPRESENTATION_CONTEXT('2D SPACE',''
  ) );
#8450 = ORIENTED_EDGE('',*,*,#536,.T.);
#8451 = ORIENTED_EDGE('',*,*,#8452,.T.);
#8452 = EDGE_CURVE('',#539,#4573,#8453,.T.);
#8453 = SURFACE_CURVE('',#8454,(#8458,#8465),.PCURVE_S1.);
#8454 = LINE('',#8455,#8456);
#8455 = CARTESIAN_POINT('',(59.357728332293,9.255273482164,-2.));
#8456 = VECTOR('',#8457,1.);
#8457 = DIRECTION('',(0.994521895368,0.104528463268,0.));
#8458 = PCURVE('',#558,#8459);
#8459 = DEFINITIONAL_REPRESENTATION('',(#8460),#8464);
#8460 = LINE('',#8461,#8462);
#8461 = CARTESIAN_POINT('',(0.,0.));
#8462 = VECTOR('',#8463,1.);
#8463 = DIRECTION('',(0.,-1.));
#8464 = ( GEOMETRIC_REPRESENTATION_CONTEXT(2) 
PARAMETRIC_REPRESENTATION_CONTEXT() REPRESENTATION_CONTEXT('2D SPACE',''
  ) );
#8465 = PCURVE('',#650,#8466);
#8466 = DEFINITIONAL_REPRESENTATION('',(#8467),#8471);
#8467 = LINE('',#8468,#8469);
#8468 = CARTESIAN_POINT('',(0.,0.));
#8469 = VECTOR('',#8470,1.);
#8470 = DIRECTION('',(0.,1.));
#8471 = ( GEOMETRIC_REPRESENTATION_CONTEXT(2) 
PARAMETRIC_REPRESENTATION_CONTEXT() REPRESENTATION_CONTEXT('2D SPACE',''
  ) );
#8472 = ORIENTED_EDGE('',*,*,#4572,.F.);
#8473 = ADVANCED_FACE('',(#8474),#587,.F.);
#8474 = FACE_BOUND('',#8475,.F.);
#8475 = EDGE_LOOP('',(#8476,#8477,#8478,#8499));
#8476 = ORIENTED_EDGE('',*,*,#8430,.F.);
#8477 = ORIENTED_EDGE('',*,*,#570,.T.);
#8478 = ORIENTED_EDGE('',*,*,#8479,.T.);
#8479 = EDGE_CURVE('',#571,#4547,#8480,.T.);
#8480 = SURFACE_CURVE('',#8481,(#8485,#8492),.PCURVE_S1.);
#8481 = LINE('',#8482,#8483);
#8482 = CARTESIAN_POINT('',(59.984899111899,3.288142109954,18.));
#8483 = VECTOR('',#8484,1.);
#8484 = DIRECTION('',(0.994521895368,0.104528463268,0.));
#8485 = PCURVE('',#587,#8486);
#8486 = DEFINITIONAL_REPRESENTATION('',(#8487),#8491);
#8487 = LINE('',#8488,#8489);
#8488 = CARTESIAN_POINT('',(6.,1.221245327088E-15));
#8489 = VECTOR('',#8490,1.);
#8490 = DIRECTION('',(0.,1.));
#8491 = ( GEOMETRIC_REPRESENTATION_CONTEXT(2) 
PARAMETRIC_REPRESENTATION_CONTEXT() REPRESENTATION_CONTEXT('2D SPACE',''
  ) );
#8492 = PCURVE('',#623,#8493);
#8493 = DEFINITIONAL_REPRESENTATION('',(#8494),#8498);
#8494 = LINE('',#8495,#8496);
#8495 = CARTESIAN_POINT('',(20.,0.));
#8496 = VECTOR('',#8497,1.);
#8497 = DIRECTION('',(0.,-1.));
#8498 = ( GEOMETRIC_REPRESENTATION_CONTEXT(2) 
PARAMETRIC_REPRESENTATION_CONTEXT() REPRESENTATION_CONTEXT('2D SPACE',''
  ) );
#8499 = ORIENTED_EDGE('',*,*,#4546,.T.);
#8500 = ADVANCED_FACE('',(#8501),#650,.T.);
#8501 = FACE_BOUND('',#8502,.T.);
#8502 = EDGE_LOOP('',(#8503,#8504,#8505,#8526));
#8503 = ORIENTED_EDGE('',*,*,#8452,.F.);
#8504 = ORIENTED_EDGE('',*,*,#635,.T.);
#8505 = ORIENTED_EDGE('',*,*,#8506,.T.);
#8506 = EDGE_CURVE('',#604,#4600,#8507,.T.);
#8507 = SURFACE_CURVE('',#8508,(#8512,#8519),.PCURVE_S1.);
#8508 = LINE('',#8509,#8510);
#8509 = CARTESIAN_POINT('',(59.984899111899,3.288142109954,-2.));
#8510 = VECTOR('',#8511,1.);
#8511 = DIRECTION('',(0.994521895368,0.104528463268,0.));
#8512 = PCURVE('',#650,#8513);
#8513 = DEFINITIONAL_REPRESENTATION('',(#8514),#8518);
#8514 = LINE('',#8515,#8516);
#8515 = CARTESIAN_POINT('',(6.,1.221245327088E-15));
#8516 = VECTOR('',#8517,1.);
#8517 = DIRECTION('',(0.,1.));
#8518 = ( GEOMETRIC_REPRESENTATION_CONTEXT(2) 
PARAMETRIC_REPRESENTATION_CONTEXT() REPRESENTATION_CONTEXT('2D SPACE',''
  ) );
#8519 = PCURVE('',#623,#8520);
#8520 = DEFINITIONAL_REPRESENTATION('',(#8521),#8525);
#8521 = LINE('',#8522,#8523);
#8522 = CARTESIAN_POINT('',(0.,0.));
#8523 = VECTOR('',#8524,1.);
#8524 = DIRECTION('',(0.,-1.));
#8525 = ( GEOMETRIC_REPRESENTATION_CONTEXT(2) 
PARAMETRIC_REPRESENTATION_CONTEXT() REPRESENTATION_CONTEXT('2D SPACE',''
  ) );
#8526 = ORIENTED_EDGE('',*,*,#4599,.T.);
#8527 = ADVANCED_FACE('',(#8528),#623,.F.);
#8528 = FACE_BOUND('',#8529,.F.);
#8529 = EDGE_LOOP('',(#8530,#8531,#8532,#8533));
#8530 = ORIENTED_EDGE('',*,*,#8479,.F.);
#8531 = ORIENTED_EDGE('',*,*,#603,.T.);
#8532 = ORIENTED_EDGE('',*,*,#8506,.T.);
#8533 = ORIENTED_EDGE('',*,*,#4623,.F.);
#8534 = ADVANCED_FACE('',(#8535),#690,.T.);
#8535 = FACE_BOUND('',#8536,.T.);
#8536 = EDGE_LOOP('',(#8537,#8558,#8559,#8580));
#8537 = ORIENTED_EDGE('',*,*,#8538,.F.);
#8538 = EDGE_CURVE('',#669,#4653,#8539,.T.);
#8539 = SURFACE_CURVE('',#8540,(#8544,#8551),.PCURVE_S1.);
#8540 = LINE('',#8541,#8542);
#8541 = CARTESIAN_POINT('',(56.136339994584,21.394189211382,18.));
#8542 = VECTOR('',#8543,1.);
#8543 = DIRECTION('',(0.951056516295,0.309016994375,0.));
#8544 = PCURVE('',#690,#8545);
#8545 = DEFINITIONAL_REPRESENTATION('',(#8546),#8550);
#8546 = LINE('',#8547,#8548);
#8547 = CARTESIAN_POINT('',(20.,0.));
#8548 = VECTOR('',#8549,1.);
#8549 = DIRECTION('',(0.,-1.));
#8550 = ( GEOMETRIC_REPRESENTATION_CONTEXT(2) 
PARAMETRIC_REPRESENTATION_CONTEXT() REPRESENTATION_CONTEXT('2D SPACE',''
  ) );
#8551 = PCURVE('',#719,#8552);
#8552 = DEFINITIONAL_REPRESENTATION('',(#8553),#8557);
#8553 = LINE('',#8554,#8555);
#8554 = CARTESIAN_POINT('',(0.,0.));
#8555 = VECTOR('',#8556,1.);
#8556 = DIRECTION('',(0.,1.));
#8557 = ( GEOMETRIC_REPRESENTATION_CONTEXT(2) 
PARAMETRIC_REPRESENTATION_CONTEXT() REPRESENTATION_CONTEXT('2D SPACE',''
  ) );
#8558 = ORIENTED_EDGE('',*,*,#668,.T.);
#8559 = ORIENTED_EDGE('',*,*,#8560,.T.);
#8560 = EDGE_CURVE('',#671,#4677,#8561,.T.);
#8561 = SURFACE_CURVE('',#8562,(#8566,#8573),.PCURVE_S1.);
#8562 = LINE('',#8563,#8564);
#8563 = CARTESIAN_POINT('',(56.136339994584,21.394189211382,-2.));
#8564 = VECTOR('',#8565,1.);
#8565 = DIRECTION('',(0.951056516295,0.309016994375,0.));
#8566 = PCURVE('',#690,#8567);
#8567 = DEFINITIONAL_REPRESENTATION('',(#8568),#8572);
#8568 = LINE('',#8569,#8570);
#8569 = CARTESIAN_POINT('',(0.,0.));
#8570 = VECTOR('',#8571,1.);
#8571 = DIRECTION('',(0.,-1.));
#8572 = ( GEOMETRIC_REPRESENTATION_CONTEXT(2) 
PARAMETRIC_REPRESENTATION_CONTEXT() REPRESENTATION_CONTEXT('2D SPACE',''
  ) );
#8573 = PCURVE('',#782,#8574);
#8574 = DEFINITIONAL_REPRESENTATION('',(#8575),#8579);
#8575 = LINE('',#8576,#8577);
#8576 = CARTESIAN_POINT('',(0.,0.));
#8577 = VECTOR('',#8578,1.);
#8578 = DIRECTION('',(0.,1.));
#8579 = ( GEOMETRIC_REPRESENTATION_CONTEXT(2) 
PARAMETRIC_REPRESENTATION_CONTEXT() REPRESENTATION_CONTEXT('2D SPACE',''
  ) );
#8580 = ORIENTED_EDGE('',*,*,#4676,.F.);
#8581 = ADVANCED_FACE('',(#8582),#719,.F.);
#8582 = FACE_BOUND('',#8583,.F.);
#8583 = EDGE_LOOP('',(#8584,#8585,#8586,#8607));
#8584 = ORIENTED_EDGE('',*,*,#8538,.F.);
#8585 = ORIENTED_EDGE('',*,*,#702,.T.);
#8586 = ORIENTED_EDGE('',*,*,#8587,.T.);
#8587 = EDGE_CURVE('',#703,#4651,#8588,.T.);
#8588 = SURFACE_CURVE('',#8589,(#8593,#8600),.PCURVE_S1.);
#8589 = LINE('',#8590,#8591);
#8590 = CARTESIAN_POINT('',(57.990441960834,15.687850113611,18.));
#8591 = VECTOR('',#8592,1.);
#8592 = DIRECTION('',(0.951056516295,0.309016994375,0.));
#8593 = PCURVE('',#719,#8594);
#8594 = DEFINITIONAL_REPRESENTATION('',(#8595),#8599);
#8595 = LINE('',#8596,#8597);
#8596 = CARTESIAN_POINT('',(6.,3.10862446895E-15));
#8597 = VECTOR('',#8598,1.);
#8598 = DIRECTION('',(0.,1.));
#8599 = ( GEOMETRIC_REPRESENTATION_CONTEXT(2) 
PARAMETRIC_REPRESENTATION_CONTEXT() REPRESENTATION_CONTEXT('2D SPACE',''
  ) );
#8600 = PCURVE('',#755,#8601);
#8601 = DEFINITIONAL_REPRESENTATION('',(#8602),#8606);
#8602 = LINE('',#8603,#8604);
#8603 = CARTESIAN_POINT('',(20.,0.));
#8604 = VECTOR('',#8605,1.);
#8605 = DIRECTION('',(0.,-1.));
#8606 = ( GEOMETRIC_REPRESENTATION_CONTEXT(2) 
PARAMETRIC_REPRESENTATION_CONTEXT() REPRESENTATION_CONTEXT('2D SPACE',''
  ) );
#8607 = ORIENTED_EDGE('',*,*,#4650,.T.);
#8608 = ADVANCED_FACE('',(#8609),#782,.T.);
#8609 = FACE_BOUND('',#8610,.T.);
#8610 = EDGE_LOOP('',(#8611,#8612,#8613,#8634));
#8611 = ORIENTED_EDGE('',*,*,#8560,.F.);
#8612 = ORIENTED_EDGE('',*,*,#767,.T.);
#8613 = ORIENTED_EDGE('',*,*,#8614,.T.);
#8614 = EDGE_CURVE('',#736,#4704,#8615,.T.);
#8615 = SURFACE_CURVE('',#8616,(#8620,#8627),.PCURVE_S1.);
#8616 = LINE('',#8617,#8618);
#8617 = CARTESIAN_POINT('',(57.990441960834,15.687850113611,-2.));
#8618 = VECTOR('',#8619,1.);
#8619 = DIRECTION('',(0.951056516295,0.309016994375,0.));
#8620 = PCURVE('',#782,#8621);
#8621 = DEFINITIONAL_REPRESENTATION('',(#8622),#8626);
#8622 = LINE('',#8623,#8624);
#8623 = CARTESIAN_POINT('',(6.,3.10862446895E-15));
#8624 = VECTOR('',#8625,1.);
#8625 = DIRECTION('',(0.,1.));
#8626 = ( GEOMETRIC_REPRESENTATION_CONTEXT(2) 
PARAMETRIC_REPRESENTATION_CONTEXT() REPRESENTATION_CONTEXT('2D SPACE',''
  ) );
#8627 = PCURVE('',#755,#8628);
#8628 = DEFINITIONAL_REPRESENTATION('',(#8629),#8633);
#8629 = LINE('',#8630,#8631);
#8630 = CARTESIAN_POINT('',(0.,0.));
#8631 = VECTOR('',#8632,1.);
#8632 = DIRECTION('',(0.,-1.));
#8633 = ( GEOMETRIC_REPRESENTATION_CONTEXT(2) 
PARAMETRIC_REPRESENTATION_CONTEXT() REPRESENTATION_CONTEXT('2D SPACE',''
  ) );
#8634 = ORIENTED_EDGE('',*,*,#4703,.T.);
#8635 = ADVANCED_FACE('',(#8636),#755,.F.);
#8636 = FACE_BOUND('',#8637,.F.);
#8637 = EDGE_LOOP('',(#8638,#8639,#8640,#8641));
#8638 = ORIENTED_EDGE('',*,*,#8587,.F.);
#8639 = ORIENTED_EDGE('',*,*,#735,.T.);
#8640 = ORIENTED_EDGE('',*,*,#8614,.T.);
#8641 = ORIENTED_EDGE('',*,*,#4727,.F.);
#8642 = ADVANCED_FACE('',(#8643),#822,.T.);
#8643 = FACE_BOUND('',#8644,.T.);
#8644 = EDGE_LOOP('',(#8645,#8666,#8667,#8688));
#8645 = ORIENTED_EDGE('',*,*,#8646,.F.);
#8646 = EDGE_CURVE('',#801,#4757,#8647,.T.);
#8647 = SURFACE_CURVE('',#8648,(#8652,#8659),.PCURVE_S1.);
#8648 = LINE('',#8649,#8650);
#8649 = CARTESIAN_POINT('',(50.461524227066,32.598076211353,18.));
#8650 = VECTOR('',#8651,1.);
#8651 = DIRECTION('',(0.866025403784,0.5,0.));
#8652 = PCURVE('',#822,#8653);
#8653 = DEFINITIONAL_REPRESENTATION('',(#8654),#8658);
#8654 = LINE('',#8655,#8656);
#8655 = CARTESIAN_POINT('',(20.,0.));
#8656 = VECTOR('',#8657,1.);
#8657 = DIRECTION('',(0.,-1.));
#8658 = ( GEOMETRIC_REPRESENTATION_CONTEXT(2) 
PARAMETRIC_REPRESENTATION_CONTEXT() REPRESENTATION_CONTEXT('2D SPACE',''
  ) );
#8659 = PCURVE('',#851,#8660);
#8660 = DEFINITIONAL_REPRESENTATION('',(#8661),#8665);
#8661 = LINE('',#8662,#8663);
#8662 = CARTESIAN_POINT('',(0.,0.));
#8663 = VECTOR('',#8664,1.);
#8664 = DIRECTION('',(0.,1.));
#8665 = ( GEOMETRIC_REPRESENTATION_CONTEXT(2) 
PARAMETRIC_REPRESENTATION_CONTEXT() REPRESENTATION_CONTEXT('2D SPACE',''
  ) );
#8666 = ORIENTED_EDGE('',*,*,#800,.T.);
#8667 = ORIENTED_EDGE('',*,*,#8668,.T.);
#8668 = EDGE_CURVE('',#803,#4781,#8669,.T.);
#8669 = SURFACE_CURVE('',#8670,(#8674,#8681),.PCURVE_S1.);
#8670 = LINE('',#8671,#8672);
#8671 = CARTESIAN_POINT('',(50.461524227066,32.598076211353,-2.));
#8672 = VECTOR('',#8673,1.);
#8673 = DIRECTION('',(0.866025403784,0.5,0.));
#8674 = PCURVE('',#822,#8675);
#8675 = DEFINITIONAL_REPRESENTATION('',(#8676),#8680);
#8676 = LINE('',#8677,#8678);
#8677 = CARTESIAN_POINT('',(0.,0.));
#8678 = VECTOR('',#8679,1.);
#8679 = DIRECTION('',(0.,-1.));
#8680 = ( GEOMETRIC_REPRESENTATION_CONTEXT(2) 
PARAMETRIC_REPRESENTATION_CONTEXT() REPRESENTATION_CONTEXT('2D SPACE',''
  ) );
#8681 = PCURVE('',#914,#8682);
#8682 = DEFINITIONAL_REPRESENTATION('',(#8683),#8687);
#8683 = LINE('',#8684,#8685);
#8684 = CARTESIAN_POINT('',(0.,0.));
#8685 = VECTOR('',#8686,1.);
#8686 = DIRECTION('',(0.,1.));
#8687 = ( GEOMETRIC_REPRESENTATION_CONTEXT(2) 
PARAMETRIC_REPRESENTATION_CONTEXT() REPRESENTATION_CONTEXT('2D SPACE',''
  ) );
#8688 = ORIENTED_EDGE('',*,*,#4780,.F.);
#8689 = ADVANCED_FACE('',(#8690),#851,.F.);
#8690 = FACE_BOUND('',#8691,.F.);
#8691 = EDGE_LOOP('',(#8692,#8693,#8694,#8715));
#8692 = ORIENTED_EDGE('',*,*,#8646,.F.);
#8693 = ORIENTED_EDGE('',*,*,#834,.T.);
#8694 = ORIENTED_EDGE('',*,*,#8695,.T.);
#8695 = EDGE_CURVE('',#835,#4755,#8696,.T.);
#8696 = SURFACE_CURVE('',#8697,(#8701,#8708),.PCURVE_S1.);
#8697 = LINE('',#8698,#8699);
#8698 = CARTESIAN_POINT('',(53.461524227066,27.401923788647,18.));
#8699 = VECTOR('',#8700,1.);
#8700 = DIRECTION('',(0.866025403784,0.5,0.));
#8701 = PCURVE('',#851,#8702);
#8702 = DEFINITIONAL_REPRESENTATION('',(#8703),#8707);
#8703 = LINE('',#8704,#8705);
#8704 = CARTESIAN_POINT('',(6.,-4.440892098501E-16));
#8705 = VECTOR('',#8706,1.);
#8706 = DIRECTION('',(0.,1.));
#8707 = ( GEOMETRIC_REPRESENTATION_CONTEXT(2) 
PARAMETRIC_REPRESENTATION_CONTEXT() REPRESENTATION_CONTEXT('2D SPACE',''
  ) );
#8708 = PCURVE('',#887,#8709);
#8709 = DEFINITIONAL_REPRESENTATION('',(#8710),#8714);
#8710 = LINE('',#8711,#8712);
#8711 = CARTESIAN_POINT('',(20.,0.));
#8712 = VECTOR('',#8713,1.);
#8713 = DIRECTION('',(0.,-1.));
#8714 = ( GEOMETRIC_REPRESENTATION_CONTEXT(2) 
PARAMETRIC_REPRESENTATION_CONTEXT() REPRESENTATION_CONTEXT('2D SPACE',''
  ) );
#8715 = ORIENTED_EDGE('',*,*,#4754,.T.);
#8716 = ADVANCED_FACE('',(#8717),#914,.T.);
#8717 = FACE_BOUND('',#8718,.T.);
#8718 = EDGE_LOOP('',(#8719,#8720,#8721,#8742));
#8719 = ORIENTED_EDGE('',*,*,#8668,.F.);
#8720 = ORIENTED_EDGE('',*,*,#899,.T.);
#8721 = ORIENTED_EDGE('',*,*,#8722,.T.);
#8722 = EDGE_CURVE('',#868,#4808,#8723,.T.);
#8723 = SURFACE_CURVE('',#8724,(#8728,#8735),.PCURVE_S1.);
#8724 = LINE('',#8725,#8726);
#8725 = CARTESIAN_POINT('',(53.461524227066,27.401923788647,-2.));
#8726 = VECTOR('',#8727,1.);
#8727 = DIRECTION('',(0.866025403784,0.5,0.));
#8728 = PCURVE('',#914,#8729);
#8729 = DEFINITIONAL_REPRESENTATION('',(#8730),#8734);
#8730 = LINE('',#8731,#8732);
#8731 = CARTESIAN_POINT('',(6.,-4.440892098501E-16));
#8732 = VECTOR('',#8733,1.);
#8733 = DIRECTION('',(0.,1.));
#8734 = ( GEOMETRIC_REPRESENTATION_CONTEXT(2) 
PARAMETRIC_REPRESENTATION_CONTEXT() REPRESENTATION_CONTEXT('2D SPACE',''
  ) );
#8735 = PCURVE('',#887,#8736);
#8736 = DEFINITIONAL_REPRESENTATION('',(#8737),#8741);
#8737 = LINE('',#8738,#8739);
#8738 = CARTESIAN_POINT('',(0.,0.));
#8739 = VECTOR('',#8740,1.);
#8740 = DIRECTION('',(0.,-1.));
#8741 = ( GEOMETRIC_REPRESENTATION_CONTEXT(2) 
PARAMETRIC_REPRESENTATION_CONTEXT() REPRESENTATION_CONTEXT('2D SPACE',''
  ) );
#8742 = ORIENTED_EDGE('',*,*,#4807,.T.);
#8743 = ADVANCED_FACE('',(#8744),#887,.F.);
#8744 = FACE_BOUND('',#8745,.F.);
#8745 = EDGE_LOOP('',(#8746,#8747,#8748,#8749));
#8746 = ORIENTED_EDGE('',*,*,#8695,.F.);
#8747 = ORIENTED_EDGE('',*,*,#867,.T.);
#8748 = ORIENTED_EDGE('',*,*,#8722,.T.);
#8749 = ORIENTED_EDGE('',*,*,#4831,.F.);
#8750 = ADVANCED_FACE('',(#8751),#954,.T.);
#8751 = FACE_BOUND('',#8752,.T.);
#8752 = EDGE_LOOP('',(#8753,#8774,#8775,#8796));
#8753 = ORIENTED_EDGE('',*,*,#8754,.F.);
#8754 = EDGE_CURVE('',#933,#4861,#8755,.T.);
#8755 = SURFACE_CURVE('',#8756,(#8760,#8767),.PCURVE_S1.);
#8756 = LINE('',#8757,#8758);
#8757 = CARTESIAN_POINT('',(42.581297709567,42.377270857964,18.));
#8758 = VECTOR('',#8759,1.);
#8759 = DIRECTION('',(0.743144825477,0.669130606359,0.));
#8760 = PCURVE('',#954,#8761);
#8761 = DEFINITIONAL_REPRESENTATION('',(#8762),#8766);
#8762 = LINE('',#8763,#8764);
#8763 = CARTESIAN_POINT('',(20.,0.));
#8764 = VECTOR('',#8765,1.);
#8765 = DIRECTION('',(0.,-1.));
#8766 = ( GEOMETRIC_REPRESENTATION_CONTEXT(2) 
PARAMETRIC_REPRESENTATION_CONTEXT() REPRESENTATION_CONTEXT('2D SPACE',''
  ) );
#8767 = PCURVE('',#983,#8768);
#8768 = DEFINITIONAL_REPRESENTATION('',(#8769),#8773);
#8769 = LINE('',#8770,#8771);
#8770 = CARTESIAN_POINT('',(0.,0.));
#8771 = VECTOR('',#8772,1.);
#8772 = DIRECTION('',(0.,1.));
#8773 = ( GEOMETRIC_REPRESENTATION_CONTEXT(2) 
PARAMETRIC_REPRESENTATION_CONTEXT() REPRESENTATION_CONTEXT('2D SPACE',''
  ) );
#8774 = ORIENTED_EDGE('',*,*,#932,.T.);
#8775 = ORIENTED_EDGE('',*,*,#8776,.T.);
#8776 = EDGE_CURVE('',#935,#4885,#8777,.T.);
#8777 = SURFACE_CURVE('',#8778,(#8782,#8789),.PCURVE_S1.);
#8778 = LINE('',#8779,#8780);
#8779 = CARTESIAN_POINT('',(42.581297709567,42.377270857964,-2.));
#8780 = VECTOR('',#8781,1.);
#8781 = DIRECTION('',(0.743144825477,0.669130606359,0.));
#8782 = PCURVE('',#954,#8783);
#8783 = DEFINITIONAL_REPRESENTATION('',(#8784),#8788);
#8784 = LINE('',#8785,#8786);
#8785 = CARTESIAN_POINT('',(0.,0.));
#8786 = VECTOR('',#8787,1.);
#8787 = DIRECTION('',(0.,-1.));
#8788 = ( GEOMETRIC_REPRESENTATION_CONTEXT(2) 
PARAMETRIC_REPRESENTATION_CONTEXT() REPRESENTATION_CONTEXT('2D SPACE',''
  ) );
#8789 = PCURVE('',#1046,#8790);
#8790 = DEFINITIONAL_REPRESENTATION('',(#8791),#8795);
#8791 = LINE('',#8792,#8793);
#8792 = CARTESIAN_POINT('',(0.,0.));
#8793 = VECTOR('',#8794,1.);
#8794 = DIRECTION('',(0.,1.));
#8795 = ( GEOMETRIC_REPRESENTATION_CONTEXT(2) 
PARAMETRIC_REPRESENTATION_CONTEXT() REPRESENTATION_CONTEXT('2D SPACE',''
  ) );
#8796 = ORIENTED_EDGE('',*,*,#4884,.F.);
#8797 = ADVANCED_FACE('',(#8798),#983,.F.);
#8798 = FACE_BOUND('',#8799,.F.);
#8799 = EDGE_LOOP('',(#8800,#8801,#8802,#8823));
#8800 = ORIENTED_EDGE('',*,*,#8754,.F.);
#8801 = ORIENTED_EDGE('',*,*,#966,.T.);
#8802 = ORIENTED_EDGE('',*,*,#8803,.T.);
#8803 = EDGE_CURVE('',#967,#4859,#8804,.T.);
#8804 = SURFACE_CURVE('',#8805,(#8809,#8816),.PCURVE_S1.);
#8805 = LINE('',#8806,#8807);
#8806 = CARTESIAN_POINT('',(46.59608134772,37.918401905099,18.));
#8807 = VECTOR('',#8808,1.);
#8808 = DIRECTION('',(0.743144825477,0.669130606359,0.));
#8809 = PCURVE('',#983,#8810);
#8810 = DEFINITIONAL_REPRESENTATION('',(#8811),#8815);
#8811 = LINE('',#8812,#8813);
#8812 = CARTESIAN_POINT('',(6.,2.6645352591E-15));
#8813 = VECTOR('',#8814,1.);
#8814 = DIRECTION('',(0.,1.));
#8815 = ( GEOMETRIC_REPRESENTATION_CONTEXT(2) 
PARAMETRIC_REPRESENTATION_CONTEXT() REPRESENTATION_CONTEXT('2D SPACE',''
  ) );
#8816 = PCURVE('',#1019,#8817);
#8817 = DEFINITIONAL_REPRESENTATION('',(#8818),#8822);
#8818 = LINE('',#8819,#8820);
#8819 = CARTESIAN_POINT('',(20.,0.));
#8820 = VECTOR('',#8821,1.);
#8821 = DIRECTION('',(0.,-1.));
#8822 = ( GEOMETRIC_REPRESENTATION_CONTEXT(2) 
PARAMETRIC_REPRESENTATION_CONTEXT() REPRESENTATION_CONTEXT('2D SPACE',''
  ) );
#8823 = ORIENTED_EDGE('',*,*,#4858,.T.);
#8824 = ADVANCED_FACE('',(#8825),#1046,.T.);
#8825 = FACE_BOUND('',#8826,.T.);
#8826 = EDGE_LOOP('',(#8827,#8828,#8829,#8850));
#8827 = ORIENTED_EDGE('',*,*,#8776,.F.);
#8828 = ORIENTED_EDGE('',*,*,#1031,.T.);
#8829 = ORIENTED_EDGE('',*,*,#8830,.T.);
#8830 = EDGE_CURVE('',#1000,#4912,#8831,.T.);
#8831 = SURFACE_CURVE('',#8832,(#8836,#8843),.PCURVE_S1.);
#8832 = LINE('',#8833,#8834);
#8833 = CARTESIAN_POINT('',(46.59608134772,37.918401905099,-2.));
#8834 = VECTOR('',#8835,1.);
#8835 = DIRECTION('',(0.743144825477,0.669130606359,0.));
#8836 = PCURVE('',#1046,#8837);
#8837 = DEFINITIONAL_REPRESENTATION('',(#8838),#8842);
#8838 = LINE('',#8839,#8840);
#8839 = CARTESIAN_POINT('',(6.,2.6645352591E-15));
#8840 = VECTOR('',#8841,1.);
#8841 = DIRECTION('',(0.,1.));
#8842 = ( GEOMETRIC_REPRESENTATION_CONTEXT(2) 
PARAMETRIC_REPRESENTATION_CONTEXT() REPRESENTATION_CONTEXT('2D SPACE',''
  ) );
#8843 = PCURVE('',#1019,#8844);
#8844 = DEFINITIONAL_REPRESENTATION('',(#8845),#8849);
#8845 = LINE('',#8846,#8847);
#8846 = CARTESIAN_POINT('',(0.,0.));
#8847 = VECTOR('',#8848,1.);
#8848 = DIRECTION('',(0.,-1.));
#8849 = ( GEOMETRIC_REPRESENTATION_CONTEXT(2) 
PARAMETRIC_REPRESENTATION_CONTEXT() REPRESENTATION_CONTEXT('2D SPACE',''
  ) );
#8850 = ORIENTED_EDGE('',*,*,#4911,.T.);
#8851 = ADVANCED_FACE('',(#8852),#1019,.F.);
#8852 = FACE_BOUND('',#8853,.F.);
#8853 = EDGE_LOOP('',(#8854,#8855,#8856,#8857));
#8854 = ORIENTED_EDGE('',*,*,#8803,.F.);
#8855 = ORIENTED_EDGE('',*,*,#999,.T.);
#8856 = ORIENTED_EDGE('',*,*,#8830,.T.);
#8857 = ORIENTED_EDGE('',*,*,#4935,.F.);
#8858 = ADVANCED_FACE('',(#8859),#1086,.T.);
#8859 = FACE_BOUND('',#8860,.T.);
#8860 = EDGE_LOOP('',(#8861,#8882,#8883,#8904));
#8861 = ORIENTED_EDGE('',*,*,#8862,.F.);
#8862 = EDGE_CURVE('',#1065,#4965,#8863,.T.);
#8863 = SURFACE_CURVE('',#8864,(#8868,#8875),.PCURVE_S1.);
#8864 = LINE('',#8865,#8866);
#8865 = CARTESIAN_POINT('',(32.840064154424,50.304375419374,18.));
#8866 = VECTOR('',#8867,1.);
#8867 = DIRECTION('',(0.587785252292,0.809016994375,0.));
#8868 = PCURVE('',#1086,#8869);
#8869 = DEFINITIONAL_REPRESENTATION('',(#8870),#8874);
#8870 = LINE('',#8871,#8872);
#8871 = CARTESIAN_POINT('',(20.,0.));
#8872 = VECTOR('',#8873,1.);
#8873 = DIRECTION('',(0.,-1.));
#8874 = ( GEOMETRIC_REPRESENTATION_CONTEXT(2) 
PARAMETRIC_REPRESENTATION_CONTEXT() REPRESENTATION_CONTEXT('2D SPACE',''
  ) );
#8875 = PCURVE('',#1115,#8876);
#8876 = DEFINITIONAL_REPRESENTATION('',(#8877),#8881);
#8877 = LINE('',#8878,#8879);
#8878 = CARTESIAN_POINT('',(0.,0.));
#8879 = VECTOR('',#8880,1.);
#8880 = DIRECTION('',(0.,1.));
#8881 = ( GEOMETRIC_REPRESENTATION_CONTEXT(2) 
PARAMETRIC_REPRESENTATION_CONTEXT() REPRESENTATION_CONTEXT('2D SPACE',''
  ) );
#8882 = ORIENTED_EDGE('',*,*,#1064,.T.);
#8883 = ORIENTED_EDGE('',*,*,#8884,.T.);
#8884 = EDGE_CURVE('',#1067,#4989,#8885,.T.);
#8885 = SURFACE_CURVE('',#8886,(#8890,#8897),.PCURVE_S1.);
#8886 = LINE('',#8887,#8888);
#8887 = CARTESIAN_POINT('',(32.840064154424,50.304375419374,-2.));
#8888 = VECTOR('',#8889,1.);
#8889 = DIRECTION('',(0.587785252292,0.809016994375,0.));
#8890 = PCURVE('',#1086,#8891);
#8891 = DEFINITIONAL_REPRESENTATION('',(#8892),#8896);
#8892 = LINE('',#8893,#8894);
#8893 = CARTESIAN_POINT('',(0.,0.));
#8894 = VECTOR('',#8895,1.);
#8895 = DIRECTION('',(0.,-1.));
#8896 = ( GEOMETRIC_REPRESENTATION_CONTEXT(2) 
PARAMETRIC_REPRESENTATION_CONTEXT() REPRESENTATION_CONTEXT('2D SPACE',''
  ) );
#8897 = PCURVE('',#1178,#8898);
#8898 = DEFINITIONAL_REPRESENTATION('',(#8899),#8903);
#8899 = LINE('',#8900,#8901);
#8900 = CARTESIAN_POINT('',(0.,0.));
#8901 = VECTOR('',#8902,1.);
#8902 = DIRECTION('',(0.,1.));
#8903 = ( GEOMETRIC_REPRESENTATION_CONTEXT(2) 
PARAMETRIC_REPRESENTATION_CONTEXT() REPRESENTATION_CONTEXT('2D SPACE',''
  ) );
#8904 = ORIENTED_EDGE('',*,*,#4988,.F.);
#8905 = ADVANCED_FACE('',(#8906),#1115,.F.);
#8906 = FACE_BOUND('',#8907,.F.);
#8907 = EDGE_LOOP('',(#8908,#8909,#8910,#8931));
#8908 = ORIENTED_EDGE('',*,*,#8862,.F.);
#8909 = ORIENTED_EDGE('',*,*,#1098,.T.);
#8910 = ORIENTED_EDGE('',*,*,#8911,.T.);
#8911 = EDGE_CURVE('',#1099,#4963,#8912,.T.);
#8912 = SURFACE_CURVE('',#8913,(#8917,#8924),.PCURVE_S1.);
#8913 = LINE('',#8914,#8915);
#8914 = CARTESIAN_POINT('',(37.694166120673,46.777663905619,18.));
#8915 = VECTOR('',#8916,1.);
#8916 = DIRECTION('',(0.587785252292,0.809016994375,0.));
#8917 = PCURVE('',#1115,#8918);
#8918 = DEFINITIONAL_REPRESENTATION('',(#8919),#8923);
#8919 = LINE('',#8920,#8921);
#8920 = CARTESIAN_POINT('',(6.,-3.996802888651E-15));
#8921 = VECTOR('',#8922,1.);
#8922 = DIRECTION('',(0.,1.));
#8923 = ( GEOMETRIC_REPRESENTATION_CONTEXT(2) 
PARAMETRIC_REPRESENTATION_CONTEXT() REPRESENTATION_CONTEXT('2D SPACE',''
  ) );
#8924 = PCURVE('',#1151,#8925);
#8925 = DEFINITIONAL_REPRESENTATION('',(#8926),#8930);
#8926 = LINE('',#8927,#8928);
#8927 = CARTESIAN_POINT('',(20.,0.));
#8928 = VECTOR('',#8929,1.);
#8929 = DIRECTION('',(0.,-1.));
#8930 = ( GEOMETRIC_REPRESENTATION_CONTEXT(2) 
PARAMETRIC_REPRESENTATION_CONTEXT() REPRESENTATION_CONTEXT('2D SPACE',''
  ) );
#8931 = ORIENTED_EDGE('',*,*,#4962,.T.);
#8932 = ADVANCED_FACE('',(#8933),#1178,.T.);
#8933 = FACE_BOUND('',#8934,.T.);
#8934 = EDGE_LOOP('',(#8935,#8936,#8937,#8958));
#8935 = ORIENTED_EDGE('',*,*,#8884,.F.);
#8936 = ORIENTED_EDGE('',*,*,#1163,.T.);
#8937 = ORIENTED_EDGE('',*,*,#8938,.T.);
#8938 = EDGE_CURVE('',#1132,#5016,#8939,.T.);
#8939 = SURFACE_CURVE('',#8940,(#8944,#8951),.PCURVE_S1.);
#8940 = LINE('',#8941,#8942);
#8941 = CARTESIAN_POINT('',(37.694166120673,46.777663905619,-2.));
#8942 = VECTOR('',#8943,1.);
#8943 = DIRECTION('',(0.587785252292,0.809016994375,0.));
#8944 = PCURVE('',#1178,#8945);
#8945 = DEFINITIONAL_REPRESENTATION('',(#8946),#8950);
#8946 = LINE('',#8947,#8948);
#8947 = CARTESIAN_POINT('',(6.,-3.996802888651E-15));
#8948 = VECTOR('',#8949,1.);
#8949 = DIRECTION('',(0.,1.));
#8950 = ( GEOMETRIC_REPRESENTATION_CONTEXT(2) 
PARAMETRIC_REPRESENTATION_CONTEXT() REPRESENTATION_CONTEXT('2D SPACE',''
  ) );
#8951 = PCURVE('',#1151,#8952);
#8952 = DEFINITIONAL_REPRESENTATION('',(#8953),#8957);
#8953 = LINE('',#8954,#8955);
#8954 = CARTESIAN_POINT('',(0.,0.));
#8955 = VECTOR('',#8956,1.);
#8956 = DIRECTION('',(0.,-1.));
#8957 = ( GEOMETRIC_REPRESENTATION_CONTEXT(2) 
PARAMETRIC_REPRESENTATION_CONTEXT() REPRESENTATION_CONTEXT('2D SPACE',''
  ) );
#8958 = ORIENTED_EDGE('',*,*,#5015,.T.);
#8959 = ADVANCED_FACE('',(#8960),#1151,.F.);
#8960 = FACE_BOUND('',#8961,.F.);
#8961 = EDGE_LOOP('',(#8962,#8963,#8964,#8965));
#8962 = ORIENTED_EDGE('',*,*,#8911,.F.);
#8963 = ORIENTED_EDGE('',*,*,#1131,.T.);
#8964 = ORIENTED_EDGE('',*,*,#8938,.T.);
#8965 = ORIENTED_EDGE('',*,*,#5039,.F.);
#8966 = ADVANCED_FACE('',(#8967),#1218,.T.);
#8967 = FACE_BOUND('',#8968,.T.);
#8968 = EDGE_LOOP('',(#8969,#8990,#8991,#9012));
#8969 = ORIENTED_EDGE('',*,*,#8970,.F.);
#8970 = EDGE_CURVE('',#1197,#5069,#8971,.T.);
#8971 = SURFACE_CURVE('',#8972,(#8976,#8983),.PCURVE_S1.);
#8972 = LINE('',#8973,#8974);
#8973 = CARTESIAN_POINT('',(21.66356221162,56.032937387783,18.));
#8974 = VECTOR('',#8975,1.);
#8975 = DIRECTION('',(0.406736643076,0.913545457643,0.));
#8976 = PCURVE('',#1218,#8977);
#8977 = DEFINITIONAL_REPRESENTATION('',(#8978),#8982);
#8978 = LINE('',#8979,#8980);
#8979 = CARTESIAN_POINT('',(20.,0.));
#8980 = VECTOR('',#8981,1.);
#8981 = DIRECTION('',(0.,-1.));
#8982 = ( GEOMETRIC_REPRESENTATION_CONTEXT(2) 
PARAMETRIC_REPRESENTATION_CONTEXT() REPRESENTATION_CONTEXT('2D SPACE',''
  ) );
#8983 = PCURVE('',#1247,#8984);
#8984 = DEFINITIONAL_REPRESENTATION('',(#8985),#8989);
#8985 = LINE('',#8986,#8987);
#8986 = CARTESIAN_POINT('',(0.,0.));
#8987 = VECTOR('',#8988,1.);
#8988 = DIRECTION('',(0.,1.));
#8989 = ( GEOMETRIC_REPRESENTATION_CONTEXT(2) 
PARAMETRIC_REPRESENTATION_CONTEXT() REPRESENTATION_CONTEXT('2D SPACE',''
  ) );
#8990 = ORIENTED_EDGE('',*,*,#1196,.T.);
#8991 = ORIENTED_EDGE('',*,*,#8992,.T.);
#8992 = EDGE_CURVE('',#1199,#5093,#8993,.T.);
#8993 = SURFACE_CURVE('',#8994,(#8998,#9005),.PCURVE_S1.);
#8994 = LINE('',#8995,#8996);
#8995 = CARTESIAN_POINT('',(21.66356221162,56.032937387783,-2.));
#8996 = VECTOR('',#8997,1.);
#8997 = DIRECTION('',(0.406736643076,0.913545457643,0.));
#8998 = PCURVE('',#1218,#8999);
#8999 = DEFINITIONAL_REPRESENTATION('',(#9000),#9004);
#9000 = LINE('',#9001,#9002);
#9001 = CARTESIAN_POINT('',(0.,0.));
#9002 = VECTOR('',#9003,1.);
#9003 = DIRECTION('',(0.,-1.));
#9004 = ( GEOMETRIC_REPRESENTATION_CONTEXT(2) 
PARAMETRIC_REPRESENTATION_CONTEXT() REPRESENTATION_CONTEXT('2D SPACE',''
  ) );
#9005 = PCURVE('',#1310,#9006);
#9006 = DEFINITIONAL_REPRESENTATION('',(#9007),#9011);
#9007 = LINE('',#9008,#9009);
#9008 = CARTESIAN_POINT('',(0.,0.));
#9009 = VECTOR('',#9010,1.);
#9010 = DIRECTION('',(0.,1.));
#9011 = ( GEOMETRIC_REPRESENTATION_CONTEXT(2) 
PARAMETRIC_REPRESENTATION_CONTEXT() REPRESENTATION_CONTEXT('2D SPACE',''
  ) );
#9012 = ORIENTED_EDGE('',*,*,#5092,.F.);
#9013 = ADVANCED_FACE('',(#9014),#1247,.F.);
#9014 = FACE_BOUND('',#9015,.F.);
#9015 = EDGE_LOOP('',(#9016,#9017,#9018,#9039));
#9016 = ORIENTED_EDGE('',*,*,#8970,.F.);
#9017 = ORIENTED_EDGE('',*,*,#1230,.T.);
#9018 = ORIENTED_EDGE('',*,*,#9019,.T.);
#9019 = EDGE_CURVE('',#1231,#5067,#9020,.T.);
#9020 = SURFACE_CURVE('',#9021,(#9025,#9032),.PCURVE_S1.);
#9021 = LINE('',#9022,#9023);
#9022 = CARTESIAN_POINT('',(27.144834957476,53.592517529329,18.));
#9023 = VECTOR('',#9024,1.);
#9024 = DIRECTION('',(0.406736643076,0.913545457643,0.));
#9025 = PCURVE('',#1247,#9026);
#9026 = DEFINITIONAL_REPRESENTATION('',(#9027),#9031);
#9027 = LINE('',#9028,#9029);
#9028 = CARTESIAN_POINT('',(6.,-1.7763568394E-15));
#9029 = VECTOR('',#9030,1.);
#9030 = DIRECTION('',(0.,1.));
#9031 = ( GEOMETRIC_REPRESENTATION_CONTEXT(2) 
PARAMETRIC_REPRESENTATION_CONTEXT() REPRESENTATION_CONTEXT('2D SPACE',''
  ) );
#9032 = PCURVE('',#1283,#9033);
#9033 = DEFINITIONAL_REPRESENTATION('',(#9034),#9038);
#9034 = LINE('',#9035,#9036);
#9035 = CARTESIAN_POINT('',(20.,0.));
#9036 = VECTOR('',#9037,1.);
#9037 = DIRECTION('',(0.,-1.));
#9038 = ( GEOMETRIC_REPRESENTATION_CONTEXT(2) 
PARAMETRIC_REPRESENTATION_CONTEXT() REPRESENTATION_CONTEXT('2D SPACE',''
  ) );
#9039 = ORIENTED_EDGE('',*,*,#5066,.T.);
#9040 = ADVANCED_FACE('',(#9041),#1310,.T.);
#9041 = FACE_BOUND('',#9042,.T.);
#9042 = EDGE_LOOP('',(#9043,#9044,#9045,#9066));
#9043 = ORIENTED_EDGE('',*,*,#8992,.F.);
#9044 = ORIENTED_EDGE('',*,*,#1295,.T.);
#9045 = ORIENTED_EDGE('',*,*,#9046,.T.);
#9046 = EDGE_CURVE('',#1264,#5120,#9047,.T.);
#9047 = SURFACE_CURVE('',#9048,(#9052,#9059),.PCURVE_S1.);
#9048 = LINE('',#9049,#9050);
#9049 = CARTESIAN_POINT('',(27.144834957476,53.592517529329,-2.));
#9050 = VECTOR('',#9051,1.);
#9051 = DIRECTION('',(0.406736643076,0.913545457643,0.));
#9052 = PCURVE('',#1310,#9053);
#9053 = DEFINITIONAL_REPRESENTATION('',(#9054),#9058);
#9054 = LINE('',#9055,#9056);
#9055 = CARTESIAN_POINT('',(6.,-1.7763568394E-15));
#9056 = VECTOR('',#9057,1.);
#9057 = DIRECTION('',(0.,1.));
#9058 = ( GEOMETRIC_REPRESENTATION_CONTEXT(2) 
PARAMETRIC_REPRESENTATION_CONTEXT() REPRESENTATION_CONTEXT('2D SPACE',''
  ) );
#9059 = PCURVE('',#1283,#9060);
#9060 = DEFINITIONAL_REPRESENTATION('',(#9061),#9065);
#9061 = LINE('',#9062,#9063);
#9062 = CARTESIAN_POINT('',(0.,0.));
#9063 = VECTOR('',#9064,1.);
#9064 = DIRECTION('',(0.,-1.));
#9065 = ( GEOMETRIC_REPRESENTATION_CONTEXT(2) 
PARAMETRIC_REPRESENTATION_CONTEXT() REPRESENTATION_CONTEXT('2D SPACE',''
  ) );
#9066 = ORIENTED_EDGE('',*,*,#5119,.T.);
#9067 = ADVANCED_FACE('',(#9068),#1283,.F.);
#9068 = FACE_BOUND('',#9069,.F.);
#9069 = EDGE_LOOP('',(#9070,#9071,#9072,#9073));
#9070 = ORIENTED_EDGE('',*,*,#9019,.F.);
#9071 = ORIENTED_EDGE('',*,*,#1263,.T.);
#9072 = ORIENTED_EDGE('',*,*,#9046,.T.);
#9073 = ORIENTED_EDGE('',*,*,#5143,.F.);
#9074 = ADVANCED_FACE('',(#9075),#1350,.T.);
#9075 = FACE_BOUND('',#9076,.T.);
#9076 = EDGE_LOOP('',(#9077,#9098,#9099,#9120));
#9077 = ORIENTED_EDGE('',*,*,#9078,.F.);
#9078 = EDGE_CURVE('',#1329,#5173,#9079,.T.);
#9079 = SURFACE_CURVE('',#9080,(#9084,#9091),.PCURVE_S1.);
#9080 = LINE('',#9081,#9082);
#9081 = CARTESIAN_POINT('',(9.540258646864,59.312591116482,18.));
#9082 = VECTOR('',#9083,1.);
#9083 = DIRECTION('',(0.207911690818,0.978147600734,0.));
#9084 = PCURVE('',#1350,#9085);
#9085 = DEFINITIONAL_REPRESENTATION('',(#9086),#9090);
#9086 = LINE('',#9087,#9088);
#9087 = CARTESIAN_POINT('',(20.,0.));
#9088 = VECTOR('',#9089,1.);
#9089 = DIRECTION('',(0.,-1.));
#9090 = ( GEOMETRIC_REPRESENTATION_CONTEXT(2) 
PARAMETRIC_REPRESENTATION_CONTEXT() REPRESENTATION_CONTEXT('2D SPACE',''
  ) );
#9091 = PCURVE('',#1379,#9092);
#9092 = DEFINITIONAL_REPRESENTATION('',(#9093),#9097);
#9093 = LINE('',#9094,#9095);
#9094 = CARTESIAN_POINT('',(0.,0.));
#9095 = VECTOR('',#9096,1.);
#9096 = DIRECTION('',(0.,1.));
#9097 = ( GEOMETRIC_REPRESENTATION_CONTEXT(2) 
PARAMETRIC_REPRESENTATION_CONTEXT() REPRESENTATION_CONTEXT('2D SPACE',''
  ) );
#9098 = ORIENTED_EDGE('',*,*,#1328,.T.);
#9099 = ORIENTED_EDGE('',*,*,#9100,.T.);
#9100 = EDGE_CURVE('',#1331,#5197,#9101,.T.);
#9101 = SURFACE_CURVE('',#9102,(#9106,#9113),.PCURVE_S1.);
#9102 = LINE('',#9103,#9104);
#9103 = CARTESIAN_POINT('',(9.540258646864,59.312591116482,-2.));
#9104 = VECTOR('',#9105,1.);
#9105 = DIRECTION('',(0.207911690818,0.978147600734,0.));
#9106 = PCURVE('',#1350,#9107);
#9107 = DEFINITIONAL_REPRESENTATION('',(#9108),#9112);
#9108 = LINE('',#9109,#9110);
#9109 = CARTESIAN_POINT('',(0.,0.));
#9110 = VECTOR('',#9111,1.);
#9111 = DIRECTION('',(0.,-1.));
#9112 = ( GEOMETRIC_REPRESENTATION_CONTEXT(2) 
PARAMETRIC_REPRESENTATION_CONTEXT() REPRESENTATION_CONTEXT('2D SPACE',''
  ) );
#9113 = PCURVE('',#1442,#9114);
#9114 = DEFINITIONAL_REPRESENTATION('',(#9115),#9119);
#9115 = LINE('',#9116,#9117);
#9116 = CARTESIAN_POINT('',(0.,0.));
#9117 = VECTOR('',#9118,1.);
#9118 = DIRECTION('',(0.,1.));
#9119 = ( GEOMETRIC_REPRESENTATION_CONTEXT(2) 
PARAMETRIC_REPRESENTATION_CONTEXT() REPRESENTATION_CONTEXT('2D SPACE',''
  ) );
#9120 = ORIENTED_EDGE('',*,*,#5196,.F.);
#9121 = ADVANCED_FACE('',(#9122),#1379,.F.);
#9122 = FACE_BOUND('',#9123,.F.);
#9123 = EDGE_LOOP('',(#9124,#9125,#9126,#9147));
#9124 = ORIENTED_EDGE('',*,*,#9078,.F.);
#9125 = ORIENTED_EDGE('',*,*,#1362,.T.);
#9126 = ORIENTED_EDGE('',*,*,#9127,.T.);
#9127 = EDGE_CURVE('',#1363,#5171,#9128,.T.);
#9128 = SURFACE_CURVE('',#9129,(#9133,#9140),.PCURVE_S1.);
#9129 = LINE('',#9130,#9131);
#9130 = CARTESIAN_POINT('',(15.409144251267,58.065120971575,18.));
#9131 = VECTOR('',#9132,1.);
#9132 = DIRECTION('',(0.207911690818,0.978147600734,0.));
#9133 = PCURVE('',#1379,#9134);
#9134 = DEFINITIONAL_REPRESENTATION('',(#9135),#9139);
#9135 = LINE('',#9136,#9137);
#9136 = CARTESIAN_POINT('',(6.,1.554312234475E-15));
#9137 = VECTOR('',#9138,1.);
#9138 = DIRECTION('',(0.,1.));
#9139 = ( GEOMETRIC_REPRESENTATION_CONTEXT(2) 
PARAMETRIC_REPRESENTATION_CONTEXT() REPRESENTATION_CONTEXT('2D SPACE',''
  ) );
#9140 = PCURVE('',#1415,#9141);
#9141 = DEFINITIONAL_REPRESENTATION('',(#9142),#9146);
#9142 = LINE('',#9143,#9144);
#9143 = CARTESIAN_POINT('',(20.,0.));
#9144 = VECTOR('',#9145,1.);
#9145 = DIRECTION('',(0.,-1.));
#9146 = ( GEOMETRIC_REPRESENTATION_CONTEXT(2) 
PARAMETRIC_REPRESENTATION_CONTEXT() REPRESENTATION_CONTEXT('2D SPACE',''
  ) );
#9147 = ORIENTED_EDGE('',*,*,#5170,.T.);
#9148 = ADVANCED_FACE('',(#9149),#1442,.T.);
#9149 = FACE_BOUND('',#9150,.T.);
#9150 = EDGE_LOOP('',(#9151,#9152,#9153,#9174));
#9151 = ORIENTED_EDGE('',*,*,#9100,.F.);
#9152 = ORIENTED_EDGE('',*,*,#1427,.T.);
#9153 = ORIENTED_EDGE('',*,*,#9154,.T.);
#9154 = EDGE_CURVE('',#1396,#5224,#9155,.T.);
#9155 = SURFACE_CURVE('',#9156,(#9160,#9167),.PCURVE_S1.);
#9156 = LINE('',#9157,#9158);
#9157 = CARTESIAN_POINT('',(15.409144251267,58.065120971575,-2.));
#9158 = VECTOR('',#9159,1.);
#9159 = DIRECTION('',(0.207911690818,0.978147600734,0.));
#9160 = PCURVE('',#1442,#9161);
#9161 = DEFINITIONAL_REPRESENTATION('',(#9162),#9166);
#9162 = LINE('',#9163,#9164);
#9163 = CARTESIAN_POINT('',(6.,1.554312234475E-15));
#9164 = VECTOR('',#9165,1.);
#9165 = DIRECTION('',(0.,1.));
#9166 = ( GEOMETRIC_REPRESENTATION_CONTEXT(2) 
PARAMETRIC_REPRESENTATION_CONTEXT() REPRESENTATION_CONTEXT('2D SPACE',''
  ) );
#9167 = PCURVE('',#1415,#9168);
#9168 = DEFINITIONAL_REPRESENTATION('',(#9169),#9173);
#9169 = LINE('',#9170,#9171);
#9170 = CARTESIAN_POINT('',(0.,0.));
#9171 = VECTOR('',#9172,1.);
#9172 = DIRECTION('',(0.,-1.));
#9173 = ( GEOMETRIC_REPRESENTATION_CONTEXT(2) 
PARAMETRIC_REPRESENTATION_CONTEXT() REPRESENTATION_CONTEXT('2D SPACE',''
  ) );
#9174 = ORIENTED_EDGE('',*,*,#5223,.T.);
#9175 = ADVANCED_FACE('',(#9176),#1415,.F.);
#9176 = FACE_BOUND('',#9177,.F.);
#9177 = EDGE_LOOP('',(#9178,#9179,#9180,#9181));
#9178 = ORIENTED_EDGE('',*,*,#9127,.F.);
#9179 = ORIENTED_EDGE('',*,*,#1395,.T.);
#9180 = ORIENTED_EDGE('',*,*,#9154,.T.);
#9181 = ORIENTED_EDGE('',*,*,#5247,.F.);
#9182 = ADVANCED_FACE('',(#9183),#1482,.T.);
#9183 = FACE_BOUND('',#9184,.T.);
#9184 = EDGE_LOOP('',(#9185,#9206,#9207,#9228));
#9185 = ORIENTED_EDGE('',*,*,#9186,.F.);
#9186 = EDGE_CURVE('',#1461,#5277,#9187,.T.);
#9187 = SURFACE_CURVE('',#9188,(#9192,#9199),.PCURVE_S1.);
#9188 = LINE('',#9189,#9190);
#9189 = CARTESIAN_POINT('',(-3.,60.,18.));
#9190 = VECTOR('',#9191,1.);
#9191 = DIRECTION('',(0.,1.,0.));
#9192 = PCURVE('',#1482,#9193);
#9193 = DEFINITIONAL_REPRESENTATION('',(#9194),#9198);
#9194 = LINE('',#9195,#9196);
#9195 = CARTESIAN_POINT('',(20.,0.));
#9196 = VECTOR('',#9197,1.);
#9197 = DIRECTION('',(0.,-1.));
#9198 = ( GEOMETRIC_REPRESENTATION_CONTEXT(2) 
PARAMETRIC_REPRESENTATION_CONTEXT() REPRESENTATION_CONTEXT('2D SPACE',''
  ) );
#9199 = PCURVE('',#1511,#9200);
#9200 = DEFINITIONAL_REPRESENTATION('',(#9201),#9205);
#9201 = LINE('',#9202,#9203);
#9202 = CARTESIAN_POINT('',(0.,0.));
#9203 = VECTOR('',#9204,1.);
#9204 = DIRECTION('',(0.,1.));
#9205 = ( GEOMETRIC_REPRESENTATION_CONTEXT(2) 
PARAMETRIC_REPRESENTATION_CONTEXT() REPRESENTATION_CONTEXT('2D SPACE',''
  ) );
#9206 = ORIENTED_EDGE('',*,*,#1460,.T.);
#9207 = ORIENTED_EDGE('',*,*,#9208,.T.);
#9208 = EDGE_CURVE('',#1463,#5301,#9209,.T.);
#9209 = SURFACE_CURVE('',#9210,(#9214,#9221),.PCURVE_S1.);
#9210 = LINE('',#9211,#9212);
#9211 = CARTESIAN_POINT('',(-3.,60.,-2.));
#9212 = VECTOR('',#9213,1.);
#9213 = DIRECTION('',(0.,1.,0.));
#9214 = PCURVE('',#1482,#9215);
#9215 = DEFINITIONAL_REPRESENTATION('',(#9216),#9220);
#9216 = LINE('',#9217,#9218);
#9217 = CARTESIAN_POINT('',(0.,0.));
#9218 = VECTOR('',#9219,1.);
#9219 = DIRECTION('',(0.,-1.));
#9220 = ( GEOMETRIC_REPRESENTATION_CONTEXT(2) 
PARAMETRIC_REPRESENTATION_CONTEXT() REPRESENTATION_CONTEXT('2D SPACE',''
  ) );
#9221 = PCURVE('',#1574,#9222);
#9222 = DEFINITIONAL_REPRESENTATION('',(#9223),#9227);
#9223 = LINE('',#9224,#9225);
#9224 = CARTESIAN_POINT('',(0.,0.));
#9225 = VECTOR('',#9226,1.);
#9226 = DIRECTION('',(0.,1.));
#9227 = ( GEOMETRIC_REPRESENTATION_CONTEXT(2) 
PARAMETRIC_REPRESENTATION_CONTEXT() REPRESENTATION_CONTEXT('2D SPACE',''
  ) );
#9228 = ORIENTED_EDGE('',*,*,#5300,.F.);
#9229 = ADVANCED_FACE('',(#9230),#1511,.F.);
#9230 = FACE_BOUND('',#9231,.F.);
#9231 = EDGE_LOOP('',(#9232,#9233,#9234,#9255));
#9232 = ORIENTED_EDGE('',*,*,#9186,.F.);
#9233 = ORIENTED_EDGE('',*,*,#1494,.T.);
#9234 = ORIENTED_EDGE('',*,*,#9235,.T.);
#9235 = EDGE_CURVE('',#1495,#5275,#9236,.T.);
#9236 = SURFACE_CURVE('',#9237,(#9241,#9248),.PCURVE_S1.);
#9237 = LINE('',#9238,#9239);
#9238 = CARTESIAN_POINT('',(3.,60.,18.));
#9239 = VECTOR('',#9240,1.);
#9240 = DIRECTION('',(0.,1.,0.));
#9241 = PCURVE('',#1511,#9242);
#9242 = DEFINITIONAL_REPRESENTATION('',(#9243),#9247);
#9243 = LINE('',#9244,#9245);
#9244 = CARTESIAN_POINT('',(6.,0.));
#9245 = VECTOR('',#9246,1.);
#9246 = DIRECTION('',(0.,1.));
#9247 = ( GEOMETRIC_REPRESENTATION_CONTEXT(2) 
PARAMETRIC_REPRESENTATION_CONTEXT() REPRESENTATION_CONTEXT('2D SPACE',''
  ) );
#9248 = PCURVE('',#1547,#9249);
#9249 = DEFINITIONAL_REPRESENTATION('',(#9250),#9254);
#9250 = LINE('',#9251,#9252);
#9251 = CARTESIAN_POINT('',(20.,0.));
#9252 = VECTOR('',#9253,1.);
#9253 = DIRECTION('',(0.,-1.));
#9254 = ( GEOMETRIC_REPRESENTATION_CONTEXT(2) 
PARAMETRIC_REPRESENTATION_CONTEXT() REPRESENTATION_CONTEXT('2D SPACE',''
  ) );
#9255 = ORIENTED_EDGE('',*,*,#5274,.T.);
#9256 = ADVANCED_FACE('',(#9257),#1574,.T.);
#9257 = FACE_BOUND('',#9258,.T.);
#9258 = EDGE_LOOP('',(#9259,#9260,#9261,#9282));
#9259 = ORIENTED_EDGE('',*,*,#9208,.F.);
#9260 = ORIENTED_EDGE('',*,*,#1559,.T.);
#9261 = ORIENTED_EDGE('',*,*,#9262,.T.);
#9262 = EDGE_CURVE('',#1528,#5328,#9263,.T.);
#9263 = SURFACE_CURVE('',#9264,(#9268,#9275),.PCURVE_S1.);
#9264 = LINE('',#9265,#9266);
#9265 = CARTESIAN_POINT('',(3.,60.,-2.));
#9266 = VECTOR('',#9267,1.);
#9267 = DIRECTION('',(0.,1.,0.));
#9268 = PCURVE('',#1574,#9269);
#9269 = DEFINITIONAL_REPRESENTATION('',(#9270),#9274);
#9270 = LINE('',#9271,#9272);
#9271 = CARTESIAN_POINT('',(6.,0.));
#9272 = VECTOR('',#9273,1.);
#9273 = DIRECTION('',(0.,1.));
#9274 = ( GEOMETRIC_REPRESENTATION_CONTEXT(2) 
PARAMETRIC_REPRESENTATION_CONTEXT() REPRESENTATION_CONTEXT('2D SPACE',''
  ) );
#9275 = PCURVE('',#1547,#9276);
#9276 = DEFINITIONAL_REPRESENTATION('',(#9277),#9281);
#9277 = LINE('',#9278,#9279);
#9278 = CARTESIAN_POINT('',(0.,0.));
#9279 = VECTOR('',#9280,1.);
#9280 = DIRECTION('',(0.,-1.));
#9281 = ( GEOMETRIC_REPRESENTATION_CONTEXT(2) 
PARAMETRIC_REPRESENTATION_CONTEXT() REPRESENTATION_CONTEXT('2D SPACE',''
  ) );
#9282 = ORIENTED_EDGE('',*,*,#5327,.T.);
#9283 = ADVANCED_FACE('',(#9284),#1547,.F.);
#9284 = FACE_BOUND('',#9285,.F.);
#9285 = EDGE_LOOP('',(#9286,#9287,#9288,#9289));
#9286 = ORIENTED_EDGE('',*,*,#9235,.F.);
#9287 = ORIENTED_EDGE('',*,*,#1527,.T.);
#9288 = ORIENTED_EDGE('',*,*,#9262,.T.);
#9289 = ORIENTED_EDGE('',*,*,#5351,.F.);
#9290 = ADVANCED_FACE('',(#9291),#1614,.T.);
#9291 = FACE_BOUND('',#9292,.T.);
#9292 = EDGE_LOOP('',(#9293,#9314,#9315,#9336));
#9293 = ORIENTED_EDGE('',*,*,#9294,.F.);
#9294 = EDGE_CURVE('',#1593,#5381,#9295,.T.);
#9295 = SURFACE_CURVE('',#9296,(#9300,#9307),.PCURVE_S1.);
#9296 = LINE('',#9297,#9298);
#9297 = CARTESIAN_POINT('',(-15.40914425126,58.065120971575,18.));
#9298 = VECTOR('',#9299,1.);
#9299 = DIRECTION('',(-0.207911690818,0.978147600734,0.));
#9300 = PCURVE('',#1614,#9301);
#9301 = DEFINITIONAL_REPRESENTATION('',(#9302),#9306);
#9302 = LINE('',#9303,#9304);
#9303 = CARTESIAN_POINT('',(20.,0.));
#9304 = VECTOR('',#9305,1.);
#9305 = DIRECTION('',(0.,-1.));
#9306 = ( GEOMETRIC_REPRESENTATION_CONTEXT(2) 
PARAMETRIC_REPRESENTATION_CONTEXT() REPRESENTATION_CONTEXT('2D SPACE',''
  ) );
#9307 = PCURVE('',#1643,#9308);
#9308 = DEFINITIONAL_REPRESENTATION('',(#9309),#9313);
#9309 = LINE('',#9310,#9311);
#9310 = CARTESIAN_POINT('',(0.,0.));
#9311 = VECTOR('',#9312,1.);
#9312 = DIRECTION('',(0.,1.));
#9313 = ( GEOMETRIC_REPRESENTATION_CONTEXT(2) 
PARAMETRIC_REPRESENTATION_CONTEXT() REPRESENTATION_CONTEXT('2D SPACE',''
  ) );
#9314 = ORIENTED_EDGE('',*,*,#1592,.T.);
#9315 = ORIENTED_EDGE('',*,*,#9316,.T.);
#9316 = EDGE_CURVE('',#1595,#5405,#9317,.T.);
#9317 = SURFACE_CURVE('',#9318,(#9322,#9329),.PCURVE_S1.);
#9318 = LINE('',#9319,#9320);
#9319 = CARTESIAN_POINT('',(-15.40914425126,58.065120971575,-2.));
#9320 = VECTOR('',#9321,1.);
#9321 = DIRECTION('',(-0.207911690818,0.978147600734,0.));
#9322 = PCURVE('',#1614,#9323);
#9323 = DEFINITIONAL_REPRESENTATION('',(#9324),#9328);
#9324 = LINE('',#9325,#9326);
#9325 = CARTESIAN_POINT('',(0.,0.));
#9326 = VECTOR('',#9327,1.);
#9327 = DIRECTION('',(0.,-1.));
#9328 = ( GEOMETRIC_REPRESENTATION_CONTEXT(2) 
PARAMETRIC_REPRESENTATION_CONTEXT() REPRESENTATION_CONTEXT('2D SPACE',''
  ) );
#9329 = PCURVE('',#1706,#9330);
#9330 = DEFINITIONAL_REPRESENTATION('',(#9331),#9335);
#9331 = LINE('',#9332,#9333);
#9332 = CARTESIAN_POINT('',(0.,0.));
#9333 = VECTOR('',#9334,1.);
#9334 = DIRECTION('',(0.,1.));
#9335 = ( GEOMETRIC_REPRESENTATION_CONTEXT(2) 
PARAMETRIC_REPRESENTATION_CONTEXT() REPRESENTATION_CONTEXT('2D SPACE',''
  ) );
#9336 = ORIENTED_EDGE('',*,*,#5404,.F.);
#9337 = ADVANCED_FACE('',(#9338),#1643,.F.);
#9338 = FACE_BOUND('',#9339,.F.);
#9339 = EDGE_LOOP('',(#9340,#9341,#9342,#9363));
#9340 = ORIENTED_EDGE('',*,*,#9294,.F.);
#9341 = ORIENTED_EDGE('',*,*,#1626,.T.);
#9342 = ORIENTED_EDGE('',*,*,#9343,.T.);
#9343 = EDGE_CURVE('',#1627,#5379,#9344,.T.);
#9344 = SURFACE_CURVE('',#9345,(#9349,#9356),.PCURVE_S1.);
#9345 = LINE('',#9346,#9347);
#9346 = CARTESIAN_POINT('',(-9.540258646864,59.312591116482,18.));
#9347 = VECTOR('',#9348,1.);
#9348 = DIRECTION('',(-0.207911690818,0.978147600734,0.));
#9349 = PCURVE('',#1643,#9350);
#9350 = DEFINITIONAL_REPRESENTATION('',(#9351),#9355);
#9351 = LINE('',#9352,#9353);
#9352 = CARTESIAN_POINT('',(6.,1.7763568394E-15));
#9353 = VECTOR('',#9354,1.);
#9354 = DIRECTION('',(0.,1.));
#9355 = ( GEOMETRIC_REPRESENTATION_CONTEXT(2) 
PARAMETRIC_REPRESENTATION_CONTEXT() REPRESENTATION_CONTEXT('2D SPACE',''
  ) );
#9356 = PCURVE('',#1679,#9357);
#9357 = DEFINITIONAL_REPRESENTATION('',(#9358),#9362);
#9358 = LINE('',#9359,#9360);
#9359 = CARTESIAN_POINT('',(20.,0.));
#9360 = VECTOR('',#9361,1.);
#9361 = DIRECTION('',(0.,-1.));
#9362 = ( GEOMETRIC_REPRESENTATION_CONTEXT(2) 
PARAMETRIC_REPRESENTATION_CONTEXT() REPRESENTATION_CONTEXT('2D SPACE',''
  ) );
#9363 = ORIENTED_EDGE('',*,*,#5378,.T.);
#9364 = ADVANCED_FACE('',(#9365),#1706,.T.);
#9365 = FACE_BOUND('',#9366,.T.);
#9366 = EDGE_LOOP('',(#9367,#9368,#9369,#9390));
#9367 = ORIENTED_EDGE('',*,*,#9316,.F.);
#9368 = ORIENTED_EDGE('',*,*,#1691,.T.);
#9369 = ORIENTED_EDGE('',*,*,#9370,.T.);
#9370 = EDGE_CURVE('',#1660,#5432,#9371,.T.);
#9371 = SURFACE_CURVE('',#9372,(#9376,#9383),.PCURVE_S1.);
#9372 = LINE('',#9373,#9374);
#9373 = CARTESIAN_POINT('',(-9.540258646864,59.312591116482,-2.));
#9374 = VECTOR('',#9375,1.);
#9375 = DIRECTION('',(-0.207911690818,0.978147600734,0.));
#9376 = PCURVE('',#1706,#9377);
#9377 = DEFINITIONAL_REPRESENTATION('',(#9378),#9382);
#9378 = LINE('',#9379,#9380);
#9379 = CARTESIAN_POINT('',(6.,1.7763568394E-15));
#9380 = VECTOR('',#9381,1.);
#9381 = DIRECTION('',(0.,1.));
#9382 = ( GEOMETRIC_REPRESENTATION_CONTEXT(2) 
PARAMETRIC_REPRESENTATION_CONTEXT() REPRESENTATION_CONTEXT('2D SPACE',''
  ) );
#9383 = PCURVE('',#1679,#9384);
#9384 = DEFINITIONAL_REPRESENTATION('',(#9385),#9389);
#9385 = LINE('',#9386,#9387);
#9386 = CARTESIAN_POINT('',(0.,0.));
#9387 = VECTOR('',#9388,1.);
#9388 = DIRECTION('',(0.,-1.));
#9389 = ( GEOMETRIC_REPRESENTATION_CONTEXT(2) 
PARAMETRIC_REPRESENTATION_CONTEXT() REPRESENTATION_CONTEXT('2D SPACE',''
  ) );
#9390 = ORIENTED_EDGE('',*,*,#5431,.T.);
#9391 = ADVANCED_FACE('',(#9392),#1679,.F.);
#9392 = FACE_BOUND('',#9393,.F.);
#9393 = EDGE_LOOP('',(#9394,#9395,#9396,#9397));
#9394 = ORIENTED_EDGE('',*,*,#9343,.F.);
#9395 = ORIENTED_EDGE('',*,*,#1659,.T.);
#9396 = ORIENTED_EDGE('',*,*,#9370,.T.);
#9397 = ORIENTED_EDGE('',*,*,#5455,.F.);
#9398 = ADVANCED_FACE('',(#9399),#1746,.T.);
#9399 = FACE_BOUND('',#9400,.T.);
#9400 = EDGE_LOOP('',(#9401,#9422,#9423,#9444));
#9401 = ORIENTED_EDGE('',*,*,#9402,.F.);
#9402 = EDGE_CURVE('',#1725,#5485,#9403,.T.);
#9403 = SURFACE_CURVE('',#9404,(#9408,#9415),.PCURVE_S1.);
#9404 = LINE('',#9405,#9406);
#9405 = CARTESIAN_POINT('',(-27.14483495747,53.592517529329,18.));
#9406 = VECTOR('',#9407,1.);
#9407 = DIRECTION('',(-0.406736643076,0.913545457643,0.));
#9408 = PCURVE('',#1746,#9409);
#9409 = DEFINITIONAL_REPRESENTATION('',(#9410),#9414);
#9410 = LINE('',#9411,#9412);
#9411 = CARTESIAN_POINT('',(20.,0.));
#9412 = VECTOR('',#9413,1.);
#9413 = DIRECTION('',(0.,-1.));
#9414 = ( GEOMETRIC_REPRESENTATION_CONTEXT(2) 
PARAMETRIC_REPRESENTATION_CONTEXT() REPRESENTATION_CONTEXT('2D SPACE',''
  ) );
#9415 = PCURVE('',#1775,#9416);
#9416 = DEFINITIONAL_REPRESENTATION('',(#9417),#9421);
#9417 = LINE('',#9418,#9419);
#9418 = CARTESIAN_POINT('',(0.,0.));
#9419 = VECTOR('',#9420,1.);
#9420 = DIRECTION('',(0.,1.));
#9421 = ( GEOMETRIC_REPRESENTATION_CONTEXT(2) 
PARAMETRIC_REPRESENTATION_CONTEXT() REPRESENTATION_CONTEXT('2D SPACE',''
  ) );
#9422 = ORIENTED_EDGE('',*,*,#1724,.T.);
#9423 = ORIENTED_EDGE('',*,*,#9424,.T.);
#9424 = EDGE_CURVE('',#1727,#5509,#9425,.T.);
#9425 = SURFACE_CURVE('',#9426,(#9430,#9437),.PCURVE_S1.);
#9426 = LINE('',#9427,#9428);
#9427 = CARTESIAN_POINT('',(-27.14483495747,53.592517529329,-2.));
#9428 = VECTOR('',#9429,1.);
#9429 = DIRECTION('',(-0.406736643076,0.913545457643,0.));
#9430 = PCURVE('',#1746,#9431);
#9431 = DEFINITIONAL_REPRESENTATION('',(#9432),#9436);
#9432 = LINE('',#9433,#9434);
#9433 = CARTESIAN_POINT('',(0.,0.));
#9434 = VECTOR('',#9435,1.);
#9435 = DIRECTION('',(0.,-1.));
#9436 = ( GEOMETRIC_REPRESENTATION_CONTEXT(2) 
PARAMETRIC_REPRESENTATION_CONTEXT() REPRESENTATION_CONTEXT('2D SPACE',''
  ) );
#9437 = PCURVE('',#1838,#9438);
#9438 = DEFINITIONAL_REPRESENTATION('',(#9439),#9443);
#9439 = LINE('',#9440,#9441);
#9440 = CARTESIAN_POINT('',(0.,0.));
#9441 = VECTOR('',#9442,1.);
#9442 = DIRECTION('',(0.,1.));
#9443 = ( GEOMETRIC_REPRESENTATION_CONTEXT(2) 
PARAMETRIC_REPRESENTATION_CONTEXT() REPRESENTATION_CONTEXT('2D SPACE',''
  ) );
#9444 = ORIENTED_EDGE('',*,*,#5508,.F.);
#9445 = ADVANCED_FACE('',(#9446),#1775,.F.);
#9446 = FACE_BOUND('',#9447,.F.);
#9447 = EDGE_LOOP('',(#9448,#9449,#9450,#9471));
#9448 = ORIENTED_EDGE('',*,*,#9402,.F.);
#9449 = ORIENTED_EDGE('',*,*,#1758,.T.);
#9450 = ORIENTED_EDGE('',*,*,#9451,.T.);
#9451 = EDGE_CURVE('',#1759,#5483,#9452,.T.);
#9452 = SURFACE_CURVE('',#9453,(#9457,#9464),.PCURVE_S1.);
#9453 = LINE('',#9454,#9455);
#9454 = CARTESIAN_POINT('',(-21.66356221162,56.032937387783,18.));
#9455 = VECTOR('',#9456,1.);
#9456 = DIRECTION('',(-0.406736643076,0.913545457643,0.));
#9457 = PCURVE('',#1775,#9458);
#9458 = DEFINITIONAL_REPRESENTATION('',(#9459),#9463);
#9459 = LINE('',#9460,#9461);
#9460 = CARTESIAN_POINT('',(6.,1.33226762955E-15));
#9461 = VECTOR('',#9462,1.);
#9462 = DIRECTION('',(0.,1.));
#9463 = ( GEOMETRIC_REPRESENTATION_CONTEXT(2) 
PARAMETRIC_REPRESENTATION_CONTEXT() REPRESENTATION_CONTEXT('2D SPACE',''
  ) );
#9464 = PCURVE('',#1811,#9465);
#9465 = DEFINITIONAL_REPRESENTATION('',(#9466),#9470);
#9466 = LINE('',#9467,#9468);
#9467 = CARTESIAN_POINT('',(20.,0.));
#9468 = VECTOR('',#9469,1.);
#9469 = DIRECTION('',(0.,-1.));
#9470 = ( GEOMETRIC_REPRESENTATION_CONTEXT(2) 
PARAMETRIC_REPRESENTATION_CONTEXT() REPRESENTATION_CONTEXT('2D SPACE',''
  ) );
#9471 = ORIENTED_EDGE('',*,*,#5482,.T.);
#9472 = ADVANCED_FACE('',(#9473),#1838,.T.);
#9473 = FACE_BOUND('',#9474,.T.);
#9474 = EDGE_LOOP('',(#9475,#9476,#9477,#9498));
#9475 = ORIENTED_EDGE('',*,*,#9424,.F.);
#9476 = ORIENTED_EDGE('',*,*,#1823,.T.);
#9477 = ORIENTED_EDGE('',*,*,#9478,.T.);
#9478 = EDGE_CURVE('',#1792,#5536,#9479,.T.);
#9479 = SURFACE_CURVE('',#9480,(#9484,#9491),.PCURVE_S1.);
#9480 = LINE('',#9481,#9482);
#9481 = CARTESIAN_POINT('',(-21.66356221162,56.032937387783,-2.));
#9482 = VECTOR('',#9483,1.);
#9483 = DIRECTION('',(-0.406736643076,0.913545457643,0.));
#9484 = PCURVE('',#1838,#9485);
#9485 = DEFINITIONAL_REPRESENTATION('',(#9486),#9490);
#9486 = LINE('',#9487,#9488);
#9487 = CARTESIAN_POINT('',(6.,1.33226762955E-15));
#9488 = VECTOR('',#9489,1.);
#9489 = DIRECTION('',(0.,1.));
#9490 = ( GEOMETRIC_REPRESENTATION_CONTEXT(2) 
PARAMETRIC_REPRESENTATION_CONTEXT() REPRESENTATION_CONTEXT('2D SPACE',''
  ) );
#9491 = PCURVE('',#1811,#9492);
#9492 = DEFINITIONAL_REPRESENTATION('',(#9493),#9497);
#9493 = LINE('',#9494,#9495);
#9494 = CARTESIAN_POINT('',(0.,0.));
#9495 = VECTOR('',#9496,1.);
#9496 = DIRECTION('',(0.,-1.));
#9497 = ( GEOMETRIC_REPRESENTATION_CONTEXT(2) 
PARAMETRIC_REPRESENTATION_CONTEXT() REPRESENTATION_CONTEXT('2D SPACE',''
  ) );
#9498 = ORIENTED_EDGE('',*,*,#5535,.T.);
#9499 = ADVANCED_FACE('',(#9500),#1811,.F.);
#9500 = FACE_BOUND('',#9501,.F.);
#9501 = EDGE_LOOP('',(#9502,#9503,#9504,#9505));
#9502 = ORIENTED_EDGE('',*,*,#9451,.F.);
#9503 = ORIENTED_EDGE('',*,*,#1791,.T.);
#9504 = ORIENTED_EDGE('',*,*,#9478,.T.);
#9505 = ORIENTED_EDGE('',*,*,#5559,.F.);
#9506 = ADVANCED_FACE('',(#9507),#1878,.T.);
#9507 = FACE_BOUND('',#9508,.T.);
#9508 = EDGE_LOOP('',(#9509,#9530,#9531,#9552));
#9509 = ORIENTED_EDGE('',*,*,#9510,.F.);
#9510 = EDGE_CURVE('',#1857,#5589,#9511,.T.);
#9511 = SURFACE_CURVE('',#9512,(#9516,#9523),.PCURVE_S1.);
#9512 = LINE('',#9513,#9514);
#9513 = CARTESIAN_POINT('',(-37.69416612067,46.777663905619,18.));
#9514 = VECTOR('',#9515,1.);
#9515 = DIRECTION('',(-0.587785252292,0.809016994375,0.));
#9516 = PCURVE('',#1878,#9517);
#9517 = DEFINITIONAL_REPRESENTATION('',(#9518),#9522);
#9518 = LINE('',#9519,#9520);
#9519 = CARTESIAN_POINT('',(20.,0.));
#9520 = VECTOR('',#9521,1.);
#9521 = DIRECTION('',(0.,-1.));
#9522 = ( GEOMETRIC_REPRESENTATION_CONTEXT(2) 
PARAMETRIC_REPRESENTATION_CONTEXT() REPRESENTATION_CONTEXT('2D SPACE',''
  ) );
#9523 = PCURVE('',#1907,#9524);
#9524 = DEFINITIONAL_REPRESENTATION('',(#9525),#9529);
#9525 = LINE('',#9526,#9527);
#9526 = CARTESIAN_POINT('',(0.,0.));
#9527 = VECTOR('',#9528,1.);
#9528 = DIRECTION('',(0.,1.));
#9529 = ( GEOMETRIC_REPRESENTATION_CONTEXT(2) 
PARAMETRIC_REPRESENTATION_CONTEXT() REPRESENTATION_CONTEXT('2D SPACE',''
  ) );
#9530 = ORIENTED_EDGE('',*,*,#1856,.T.);
#9531 = ORIENTED_EDGE('',*,*,#9532,.T.);
#9532 = EDGE_CURVE('',#1859,#5613,#9533,.T.);
#9533 = SURFACE_CURVE('',#9534,(#9538,#9545),.PCURVE_S1.);
#9534 = LINE('',#9535,#9536);
#9535 = CARTESIAN_POINT('',(-37.69416612067,46.777663905619,-2.));
#9536 = VECTOR('',#9537,1.);
#9537 = DIRECTION('',(-0.587785252292,0.809016994375,0.));
#9538 = PCURVE('',#1878,#9539);
#9539 = DEFINITIONAL_REPRESENTATION('',(#9540),#9544);
#9540 = LINE('',#9541,#9542);
#9541 = CARTESIAN_POINT('',(0.,0.));
#9542 = VECTOR('',#9543,1.);
#9543 = DIRECTION('',(0.,-1.));
#9544 = ( GEOMETRIC_REPRESENTATION_CONTEXT(2) 
PARAMETRIC_REPRESENTATION_CONTEXT() REPRESENTATION_CONTEXT('2D SPACE',''
  ) );
#9545 = PCURVE('',#1970,#9546);
#9546 = DEFINITIONAL_REPRESENTATION('',(#9547),#9551);
#9547 = LINE('',#9548,#9549);
#9548 = CARTESIAN_POINT('',(0.,0.));
#9549 = VECTOR('',#9550,1.);
#9550 = DIRECTION('',(0.,1.));
#9551 = ( GEOMETRIC_REPRESENTATION_CONTEXT(2) 
PARAMETRIC_REPRESENTATION_CONTEXT() REPRESENTATION_CONTEXT('2D SPACE',''
  ) );
#9552 = ORIENTED_EDGE('',*,*,#5612,.F.);
#9553 = ADVANCED_FACE('',(#9554),#1907,.F.);
#9554 = FACE_BOUND('',#9555,.F.);
#9555 = EDGE_LOOP('',(#9556,#9557,#9558,#9579));
#9556 = ORIENTED_EDGE('',*,*,#9510,.F.);
#9557 = ORIENTED_EDGE('',*,*,#1890,.T.);
#9558 = ORIENTED_EDGE('',*,*,#9559,.T.);
#9559 = EDGE_CURVE('',#1891,#5587,#9560,.T.);
#9560 = SURFACE_CURVE('',#9561,(#9565,#9572),.PCURVE_S1.);
#9561 = LINE('',#9562,#9563);
#9562 = CARTESIAN_POINT('',(-32.84006415442,50.304375419374,18.));
#9563 = VECTOR('',#9564,1.);
#9564 = DIRECTION('',(-0.587785252292,0.809016994375,0.));
#9565 = PCURVE('',#1907,#9566);
#9566 = DEFINITIONAL_REPRESENTATION('',(#9567),#9571);
#9567 = LINE('',#9568,#9569);
#9568 = CARTESIAN_POINT('',(6.,-5.773159728051E-15));
#9569 = VECTOR('',#9570,1.);
#9570 = DIRECTION('',(0.,1.));
#9571 = ( GEOMETRIC_REPRESENTATION_CONTEXT(2) 
PARAMETRIC_REPRESENTATION_CONTEXT() REPRESENTATION_CONTEXT('2D SPACE',''
  ) );
#9572 = PCURVE('',#1943,#9573);
#9573 = DEFINITIONAL_REPRESENTATION('',(#9574),#9578);
#9574 = LINE('',#9575,#9576);
#9575 = CARTESIAN_POINT('',(20.,0.));
#9576 = VECTOR('',#9577,1.);
#9577 = DIRECTION('',(0.,-1.));
#9578 = ( GEOMETRIC_REPRESENTATION_CONTEXT(2) 
PARAMETRIC_REPRESENTATION_CONTEXT() REPRESENTATION_CONTEXT('2D SPACE',''
  ) );
#9579 = ORIENTED_EDGE('',*,*,#5586,.T.);
#9580 = ADVANCED_FACE('',(#9581),#1970,.T.);
#9581 = FACE_BOUND('',#9582,.T.);
#9582 = EDGE_LOOP('',(#9583,#9584,#9585,#9606));
#9583 = ORIENTED_EDGE('',*,*,#9532,.F.);
#9584 = ORIENTED_EDGE('',*,*,#1955,.T.);
#9585 = ORIENTED_EDGE('',*,*,#9586,.T.);
#9586 = EDGE_CURVE('',#1924,#5640,#9587,.T.);
#9587 = SURFACE_CURVE('',#9588,(#9592,#9599),.PCURVE_S1.);
#9588 = LINE('',#9589,#9590);
#9589 = CARTESIAN_POINT('',(-32.84006415442,50.304375419374,-2.));
#9590 = VECTOR('',#9591,1.);
#9591 = DIRECTION('',(-0.587785252292,0.809016994375,0.));
#9592 = PCURVE('',#1970,#9593);
#9593 = DEFINITIONAL_REPRESENTATION('',(#9594),#9598);
#9594 = LINE('',#9595,#9596);
#9595 = CARTESIAN_POINT('',(6.,-5.773159728051E-15));
#9596 = VECTOR('',#9597,1.);
#9597 = DIRECTION('',(0.,1.));
#9598 = ( GEOMETRIC_REPRESENTATION_CONTEXT(2) 
PARAMETRIC_REPRESENTATION_CONTEXT() REPRESENTATION_CONTEXT('2D SPACE',''
  ) );
#9599 = PCURVE('',#1943,#9600);
#9600 = DEFINITIONAL_REPRESENTATION('',(#9601),#9605);
#9601 = LINE('',#9602,#9603);
#9602 = CARTESIAN_POINT('',(0.,0.));
#9603 = VECTOR('',#9604,1.);
#9604 = DIRECTION('',(0.,-1.));
#9605 = ( GEOMETRIC_REPRESENTATION_CONTEXT(2) 
PARAMETRIC_REPRESENTATION_CONTEXT() REPRESENTATION_CONTEXT('2D SPACE',''
  ) );
#9606 = ORIENTED_EDGE('',*,*,#5639,.T.);
#9607 = ADVANCED_FACE('',(#9608),#1943,.F.);
#9608 = FACE_BOUND('',#9609,.F.);
#9609 = EDGE_LOOP('',(#9610,#9611,#9612,#9613));
#9610 = ORIENTED_EDGE('',*,*,#9559,.F.);
#9611 = ORIENTED_EDGE('',*,*,#1923,.T.);
#9612 = ORIENTED_EDGE('',*,*,#9586,.T.);
#9613 = ORIENTED_EDGE('',*,*,#5663,.F.);
#9614 = ADVANCED_FACE('',(#9615),#2010,.T.);
#9615 = FACE_BOUND('',#9616,.T.);
#9616 = EDGE_LOOP('',(#9617,#9638,#9639,#9660));
#9617 = ORIENTED_EDGE('',*,*,#9618,.F.);
#9618 = EDGE_CURVE('',#1989,#5693,#9619,.T.);
#9619 = SURFACE_CURVE('',#9620,(#9624,#9631),.PCURVE_S1.);
#9620 = LINE('',#9621,#9622);
#9621 = CARTESIAN_POINT('',(-46.59608134772,37.918401905099,18.));
#9622 = VECTOR('',#9623,1.);
#9623 = DIRECTION('',(-0.743144825477,0.669130606359,0.));
#9624 = PCURVE('',#2010,#9625);
#9625 = DEFINITIONAL_REPRESENTATION('',(#9626),#9630);
#9626 = LINE('',#9627,#9628);
#9627 = CARTESIAN_POINT('',(20.,0.));
#9628 = VECTOR('',#9629,1.);
#9629 = DIRECTION('',(0.,-1.));
#9630 = ( GEOMETRIC_REPRESENTATION_CONTEXT(2) 
PARAMETRIC_REPRESENTATION_CONTEXT() REPRESENTATION_CONTEXT('2D SPACE',''
  ) );
#9631 = PCURVE('',#2039,#9632);
#9632 = DEFINITIONAL_REPRESENTATION('',(#9633),#9637);
#9633 = LINE('',#9634,#9635);
#9634 = CARTESIAN_POINT('',(0.,0.));
#9635 = VECTOR('',#9636,1.);
#9636 = DIRECTION('',(0.,1.));
#9637 = ( GEOMETRIC_REPRESENTATION_CONTEXT(2) 
PARAMETRIC_REPRESENTATION_CONTEXT() REPRESENTATION_CONTEXT('2D SPACE',''
  ) );
#9638 = ORIENTED_EDGE('',*,*,#1988,.T.);
#9639 = ORIENTED_EDGE('',*,*,#9640,.T.);
#9640 = EDGE_CURVE('',#1991,#5717,#9641,.T.);
#9641 = SURFACE_CURVE('',#9642,(#9646,#9653),.PCURVE_S1.);
#9642 = LINE('',#9643,#9644);
#9643 = CARTESIAN_POINT('',(-46.59608134772,37.918401905099,-2.));
#9644 = VECTOR('',#9645,1.);
#9645 = DIRECTION('',(-0.743144825477,0.669130606359,0.));
#9646 = PCURVE('',#2010,#9647);
#9647 = DEFINITIONAL_REPRESENTATION('',(#9648),#9652);
#9648 = LINE('',#9649,#9650);
#9649 = CARTESIAN_POINT('',(0.,0.));
#9650 = VECTOR('',#9651,1.);
#9651 = DIRECTION('',(0.,-1.));
#9652 = ( GEOMETRIC_REPRESENTATION_CONTEXT(2) 
PARAMETRIC_REPRESENTATION_CONTEXT() REPRESENTATION_CONTEXT('2D SPACE',''
  ) );
#9653 = PCURVE('',#2102,#9654);
#9654 = DEFINITIONAL_REPRESENTATION('',(#9655),#9659);
#9655 = LINE('',#9656,#9657);
#9656 = CARTESIAN_POINT('',(0.,0.));
#9657 = VECTOR('',#9658,1.);
#9658 = DIRECTION('',(0.,1.));
#9659 = ( GEOMETRIC_REPRESENTATION_CONTEXT(2) 
PARAMETRIC_REPRESENTATION_CONTEXT() REPRESENTATION_CONTEXT('2D SPACE',''
  ) );
#9660 = ORIENTED_EDGE('',*,*,#5716,.F.);
#9661 = ADVANCED_FACE('',(#9662),#2039,.F.);
#9662 = FACE_BOUND('',#9663,.F.);
#9663 = EDGE_LOOP('',(#9664,#9665,#9666,#9687));
#9664 = ORIENTED_EDGE('',*,*,#9618,.F.);
#9665 = ORIENTED_EDGE('',*,*,#2022,.T.);
#9666 = ORIENTED_EDGE('',*,*,#9667,.T.);
#9667 = EDGE_CURVE('',#2023,#5691,#9668,.T.);
#9668 = SURFACE_CURVE('',#9669,(#9673,#9680),.PCURVE_S1.);
#9669 = LINE('',#9670,#9671);
#9670 = CARTESIAN_POINT('',(-42.58129770956,42.377270857964,18.));
#9671 = VECTOR('',#9672,1.);
#9672 = DIRECTION('',(-0.743144825477,0.669130606359,0.));
#9673 = PCURVE('',#2039,#9674);
#9674 = DEFINITIONAL_REPRESENTATION('',(#9675),#9679);
#9675 = LINE('',#9676,#9677);
#9676 = CARTESIAN_POINT('',(6.,4.440892098501E-16));
#9677 = VECTOR('',#9678,1.);
#9678 = DIRECTION('',(0.,1.));
#9679 = ( GEOMETRIC_REPRESENTATION_CONTEXT(2) 
PARAMETRIC_REPRESENTATION_CONTEXT() REPRESENTATION_CONTEXT('2D SPACE',''
  ) );
#9680 = PCURVE('',#2075,#9681);
#9681 = DEFINITIONAL_REPRESENTATION('',(#9682),#9686);
#9682 = LINE('',#9683,#9684);
#9683 = CARTESIAN_POINT('',(20.,0.));
#9684 = VECTOR('',#9685,1.);
#9685 = DIRECTION('',(0.,-1.));
#9686 = ( GEOMETRIC_REPRESENTATION_CONTEXT(2) 
PARAMETRIC_REPRESENTATION_CONTEXT() REPRESENTATION_CONTEXT('2D SPACE',''
  ) );
#9687 = ORIENTED_EDGE('',*,*,#5690,.T.);
#9688 = ADVANCED_FACE('',(#9689),#2102,.T.);
#9689 = FACE_BOUND('',#9690,.T.);
#9690 = EDGE_LOOP('',(#9691,#9692,#9693,#9714));
#9691 = ORIENTED_EDGE('',*,*,#9640,.F.);
#9692 = ORIENTED_EDGE('',*,*,#2087,.T.);
#9693 = ORIENTED_EDGE('',*,*,#9694,.T.);
#9694 = EDGE_CURVE('',#2056,#5744,#9695,.T.);
#9695 = SURFACE_CURVE('',#9696,(#9700,#9707),.PCURVE_S1.);
#9696 = LINE('',#9697,#9698);
#9697 = CARTESIAN_POINT('',(-42.58129770956,42.377270857964,-2.));
#9698 = VECTOR('',#9699,1.);
#9699 = DIRECTION('',(-0.743144825477,0.669130606359,0.));
#9700 = PCURVE('',#2102,#9701);
#9701 = DEFINITIONAL_REPRESENTATION('',(#9702),#9706);
#9702 = LINE('',#9703,#9704);
#9703 = CARTESIAN_POINT('',(6.,4.440892098501E-16));
#9704 = VECTOR('',#9705,1.);
#9705 = DIRECTION('',(0.,1.));
#9706 = ( GEOMETRIC_REPRESENTATION_CONTEXT(2) 
PARAMETRIC_REPRESENTATION_CONTEXT() REPRESENTATION_CONTEXT('2D SPACE',''
  ) );
#9707 = PCURVE('',#2075,#9708);
#9708 = DEFINITIONAL_REPRESENTATION('',(#9709),#9713);
#9709 = LINE('',#9710,#9711);
#9710 = CARTESIAN_POINT('',(0.,0.));
#9711 = VECTOR('',#9712,1.);
#9712 = DIRECTION('',(0.,-1.));
#9713 = ( GEOMETRIC_REPRESENTATION_CONTEXT(2) 
PARAMETRIC_REPRESENTATION_CONTEXT() REPRESENTATION_CONTEXT('2D SPACE',''
  ) );
#9714 = ORIENTED_EDGE('',*,*,#5743,.T.);
#9715 = ADVANCED_FACE('',(#9716),#2075,.F.);
#9716 = FACE_BOUND('',#9717,.F.);
#9717 = EDGE_LOOP('',(#9718,#9719,#9720,#9721));
#9718 = ORIENTED_EDGE('',*,*,#9667,.F.);
#9719 = ORIENTED_EDGE('',*,*,#2055,.T.);
#9720 = ORIENTED_EDGE('',*,*,#9694,.T.);
#9721 = ORIENTED_EDGE('',*,*,#5767,.F.);
#9722 = ADVANCED_FACE('',(#9723),#2142,.T.);
#9723 = FACE_BOUND('',#9724,.T.);
#9724 = EDGE_LOOP('',(#9725,#9746,#9747,#9768));
#9725 = ORIENTED_EDGE('',*,*,#9726,.F.);
#9726 = EDGE_CURVE('',#2121,#5797,#9727,.T.);
#9727 = SURFACE_CURVE('',#9728,(#9732,#9739),.PCURVE_S1.);
#9728 = LINE('',#9729,#9730);
#9729 = CARTESIAN_POINT('',(-53.46152422706,27.401923788647,18.));
#9730 = VECTOR('',#9731,1.);
#9731 = DIRECTION('',(-0.866025403784,0.5,0.));
#9732 = PCURVE('',#2142,#9733);
#9733 = DEFINITIONAL_REPRESENTATION('',(#9734),#9738);
#9734 = LINE('',#9735,#9736);
#9735 = CARTESIAN_POINT('',(20.,0.));
#9736 = VECTOR('',#9737,1.);
#9737 = DIRECTION('',(0.,-1.));
#9738 = ( GEOMETRIC_REPRESENTATION_CONTEXT(2) 
PARAMETRIC_REPRESENTATION_CONTEXT() REPRESENTATION_CONTEXT('2D SPACE',''
  ) );
#9739 = PCURVE('',#2171,#9740);
#9740 = DEFINITIONAL_REPRESENTATION('',(#9741),#9745);
#9741 = LINE('',#9742,#9743);
#9742 = CARTESIAN_POINT('',(0.,0.));
#9743 = VECTOR('',#9744,1.);
#9744 = DIRECTION('',(0.,1.));
#9745 = ( GEOMETRIC_REPRESENTATION_CONTEXT(2) 
PARAMETRIC_REPRESENTATION_CONTEXT() REPRESENTATION_CONTEXT('2D SPACE',''
  ) );
#9746 = ORIENTED_EDGE('',*,*,#2120,.T.);
#9747 = ORIENTED_EDGE('',*,*,#9748,.T.);
#9748 = EDGE_CURVE('',#2123,#5821,#9749,.T.);
#9749 = SURFACE_CURVE('',#9750,(#9754,#9761),.PCURVE_S1.);
#9750 = LINE('',#9751,#9752);
#9751 = CARTESIAN_POINT('',(-53.46152422706,27.401923788647,-2.));
#9752 = VECTOR('',#9753,1.);
#9753 = DIRECTION('',(-0.866025403784,0.5,0.));
#9754 = PCURVE('',#2142,#9755);
#9755 = DEFINITIONAL_REPRESENTATION('',(#9756),#9760);
#9756 = LINE('',#9757,#9758);
#9757 = CARTESIAN_POINT('',(0.,0.));
#9758 = VECTOR('',#9759,1.);
#9759 = DIRECTION('',(0.,-1.));
#9760 = ( GEOMETRIC_REPRESENTATION_CONTEXT(2) 
PARAMETRIC_REPRESENTATION_CONTEXT() REPRESENTATION_CONTEXT('2D SPACE',''
  ) );
#9761 = PCURVE('',#2234,#9762);
#9762 = DEFINITIONAL_REPRESENTATION('',(#9763),#9767);
#9763 = LINE('',#9764,#9765);
#9764 = CARTESIAN_POINT('',(0.,0.));
#9765 = VECTOR('',#9766,1.);
#9766 = DIRECTION('',(0.,1.));
#9767 = ( GEOMETRIC_REPRESENTATION_CONTEXT(2) 
PARAMETRIC_REPRESENTATION_CONTEXT() REPRESENTATION_CONTEXT('2D SPACE',''
  ) );
#9768 = ORIENTED_EDGE('',*,*,#5820,.F.);
#9769 = ADVANCED_FACE('',(#9770),#2171,.F.);
#9770 = FACE_BOUND('',#9771,.F.);
#9771 = EDGE_LOOP('',(#9772,#9773,#9774,#9795));
#9772 = ORIENTED_EDGE('',*,*,#9726,.F.);
#9773 = ORIENTED_EDGE('',*,*,#2154,.T.);
#9774 = ORIENTED_EDGE('',*,*,#9775,.T.);
#9775 = EDGE_CURVE('',#2155,#5795,#9776,.T.);
#9776 = SURFACE_CURVE('',#9777,(#9781,#9788),.PCURVE_S1.);
#9777 = LINE('',#9778,#9779);
#9778 = CARTESIAN_POINT('',(-50.46152422706,32.598076211353,18.));
#9779 = VECTOR('',#9780,1.);
#9780 = DIRECTION('',(-0.866025403784,0.5,0.));
#9781 = PCURVE('',#2171,#9782);
#9782 = DEFINITIONAL_REPRESENTATION('',(#9783),#9787);
#9783 = LINE('',#9784,#9785);
#9784 = CARTESIAN_POINT('',(6.,4.440892098501E-16));
#9785 = VECTOR('',#9786,1.);
#9786 = DIRECTION('',(0.,1.));
#9787 = ( GEOMETRIC_REPRESENTATION_CONTEXT(2) 
PARAMETRIC_REPRESENTATION_CONTEXT() REPRESENTATION_CONTEXT('2D SPACE',''
  ) );
#9788 = PCURVE('',#2207,#9789);
#9789 = DEFINITIONAL_REPRESENTATION('',(#9790),#9794);
#9790 = LINE('',#9791,#9792);
#9791 = CARTESIAN_POINT('',(20.,0.));
#9792 = VECTOR('',#9793,1.);
#9793 = DIRECTION('',(0.,-1.));
#9794 = ( GEOMETRIC_REPRESENTATION_CONTEXT(2) 
PARAMETRIC_REPRESENTATION_CONTEXT() REPRESENTATION_CONTEXT('2D SPACE',''
  ) );
#9795 = ORIENTED_EDGE('',*,*,#5794,.T.);
#9796 = ADVANCED_FACE('',(#9797),#2234,.T.);
#9797 = FACE_BOUND('',#9798,.T.);
#9798 = EDGE_LOOP('',(#9799,#9800,#9801,#9822));
#9799 = ORIENTED_EDGE('',*,*,#9748,.F.);
#9800 = ORIENTED_EDGE('',*,*,#2219,.T.);
#9801 = ORIENTED_EDGE('',*,*,#9802,.T.);
#9802 = EDGE_CURVE('',#2188,#5848,#9803,.T.);
#9803 = SURFACE_CURVE('',#9804,(#9808,#9815),.PCURVE_S1.);
#9804 = LINE('',#9805,#9806);
#9805 = CARTESIAN_POINT('',(-50.46152422706,32.598076211353,-2.));
#9806 = VECTOR('',#9807,1.);
#9807 = DIRECTION('',(-0.866025403784,0.5,0.));
#9808 = PCURVE('',#2234,#9809);
#9809 = DEFINITIONAL_REPRESENTATION('',(#9810),#9814);
#9810 = LINE('',#9811,#9812);
#9811 = CARTESIAN_POINT('',(6.,4.440892098501E-16));
#9812 = VECTOR('',#9813,1.);
#9813 = DIRECTION('',(0.,1.));
#9814 = ( GEOMETRIC_REPRESENTATION_CONTEXT(2) 
PARAMETRIC_REPRESENTATION_CONTEXT() REPRESENTATION_CONTEXT('2D SPACE',''
  ) );
#9815 = PCURVE('',#2207,#9816);
#9816 = DEFINITIONAL_REPRESENTATION('',(#9817),#9821);
#9817 = LINE('',#9818,#9819);
#9818 = CARTESIAN_POINT('',(0.,0.));
#9819 = VECTOR('',#9820,1.);
#9820 = DIRECTION('',(0.,-1.));
#9821 = ( GEOMETRIC_REPRESENTATION_CONTEXT(2) 
PARAMETRIC_REPRESENTATION_CONTEXT() REPRESENTATION_CONTEXT('2D SPACE',''
  ) );
#9822 = ORIENTED_EDGE('',*,*,#5847,.T.);
#9823 = ADVANCED_FACE('',(#9824),#2207,.F.);
#9824 = FACE_BOUND('',#9825,.F.);
#9825 = EDGE_LOOP('',(#9826,#9827,#9828,#9829));
#9826 = ORIENTED_EDGE('',*,*,#9775,.F.);
#9827 = ORIENTED_EDGE('',*,*,#2187,.T.);
#9828 = ORIENTED_EDGE('',*,*,#9802,.T.);
#9829 = ORIENTED_EDGE('',*,*,#5871,.F.);
#9830 = ADVANCED_FACE('',(#9831),#2274,.T.);
#9831 = FACE_BOUND('',#9832,.T.);
#9832 = EDGE_LOOP('',(#9833,#9854,#9855,#9876));
#9833 = ORIENTED_EDGE('',*,*,#9834,.F.);
#9834 = EDGE_CURVE('',#2253,#5901,#9835,.T.);
#9835 = SURFACE_CURVE('',#9836,(#9840,#9847),.PCURVE_S1.);
#9836 = LINE('',#9837,#9838);
#9837 = CARTESIAN_POINT('',(-57.99044196083,15.687850113611,18.));
#9838 = VECTOR('',#9839,1.);
#9839 = DIRECTION('',(-0.951056516295,0.309016994375,0.));
#9840 = PCURVE('',#2274,#9841);
#9841 = DEFINITIONAL_REPRESENTATION('',(#9842),#9846);
#9842 = LINE('',#9843,#9844);
#9843 = CARTESIAN_POINT('',(20.,0.));
#9844 = VECTOR('',#9845,1.);
#9845 = DIRECTION('',(0.,-1.));
#9846 = ( GEOMETRIC_REPRESENTATION_CONTEXT(2) 
PARAMETRIC_REPRESENTATION_CONTEXT() REPRESENTATION_CONTEXT('2D SPACE',''
  ) );
#9847 = PCURVE('',#2303,#9848);
#9848 = DEFINITIONAL_REPRESENTATION('',(#9849),#9853);
#9849 = LINE('',#9850,#9851);
#9850 = CARTESIAN_POINT('',(0.,0.));
#9851 = VECTOR('',#9852,1.);
#9852 = DIRECTION('',(0.,1.));
#9853 = ( GEOMETRIC_REPRESENTATION_CONTEXT(2) 
PARAMETRIC_REPRESENTATION_CONTEXT() REPRESENTATION_CONTEXT('2D SPACE',''
  ) );
#9854 = ORIENTED_EDGE('',*,*,#2252,.T.);
#9855 = ORIENTED_EDGE('',*,*,#9856,.T.);
#9856 = EDGE_CURVE('',#2255,#5925,#9857,.T.);
#9857 = SURFACE_CURVE('',#9858,(#9862,#9869),.PCURVE_S1.);
#9858 = LINE('',#9859,#9860);
#9859 = CARTESIAN_POINT('',(-57.99044196083,15.687850113611,-2.));
#9860 = VECTOR('',#9861,1.);
#9861 = DIRECTION('',(-0.951056516295,0.309016994375,0.));
#9862 = PCURVE('',#2274,#9863);
#9863 = DEFINITIONAL_REPRESENTATION('',(#9864),#9868);
#9864 = LINE('',#9865,#9866);
#9865 = CARTESIAN_POINT('',(0.,0.));
#9866 = VECTOR('',#9867,1.);
#9867 = DIRECTION('',(0.,-1.));
#9868 = ( GEOMETRIC_REPRESENTATION_CONTEXT(2) 
PARAMETRIC_REPRESENTATION_CONTEXT() REPRESENTATION_CONTEXT('2D SPACE',''
  ) );
#9869 = PCURVE('',#2366,#9870);
#9870 = DEFINITIONAL_REPRESENTATION('',(#9871),#9875);
#9871 = LINE('',#9872,#9873);
#9872 = CARTESIAN_POINT('',(0.,0.));
#9873 = VECTOR('',#9874,1.);
#9874 = DIRECTION('',(0.,1.));
#9875 = ( GEOMETRIC_REPRESENTATION_CONTEXT(2) 
PARAMETRIC_REPRESENTATION_CONTEXT() REPRESENTATION_CONTEXT('2D SPACE',''
  ) );
#9876 = ORIENTED_EDGE('',*,*,#5924,.F.);
#9877 = ADVANCED_FACE('',(#9878),#2303,.F.);
#9878 = FACE_BOUND('',#9879,.F.);
#9879 = EDGE_LOOP('',(#9880,#9881,#9882,#9903));
#9880 = ORIENTED_EDGE('',*,*,#9834,.F.);
#9881 = ORIENTED_EDGE('',*,*,#2286,.T.);
#9882 = ORIENTED_EDGE('',*,*,#9883,.T.);
#9883 = EDGE_CURVE('',#2287,#5899,#9884,.T.);
#9884 = SURFACE_CURVE('',#9885,(#9889,#9896),.PCURVE_S1.);
#9885 = LINE('',#9886,#9887);
#9886 = CARTESIAN_POINT('',(-56.13633999458,21.394189211382,18.));
#9887 = VECTOR('',#9888,1.);
#9888 = DIRECTION('',(-0.951056516295,0.309016994375,0.));
#9889 = PCURVE('',#2303,#9890);
#9890 = DEFINITIONAL_REPRESENTATION('',(#9891),#9895);
#9891 = LINE('',#9892,#9893);
#9892 = CARTESIAN_POINT('',(6.,-1.33226762955E-15));
#9893 = VECTOR('',#9894,1.);
#9894 = DIRECTION('',(0.,1.));
#9895 = ( GEOMETRIC_REPRESENTATION_CONTEXT(2) 
PARAMETRIC_REPRESENTATION_CONTEXT() REPRESENTATION_CONTEXT('2D SPACE',''
  ) );
#9896 = PCURVE('',#2339,#9897);
#9897 = DEFINITIONAL_REPRESENTATION('',(#9898),#9902);
#9898 = LINE('',#9899,#9900);
#9899 = CARTESIAN_POINT('',(20.,0.));
#9900 = VECTOR('',#9901,1.);
#9901 = DIRECTION('',(0.,-1.));
#9902 = ( GEOMETRIC_REPRESENTATION_CONTEXT(2) 
PARAMETRIC_REPRESENTATION_CONTEXT() REPRESENTATION_CONTEXT('2D SPACE',''
  ) );
#9903 = ORIENTED_EDGE('',*,*,#5898,.T.);
#9904 = ADVANCED_FACE('',(#9905),#2366,.T.);
#9905 = FACE_BOUND('',#9906,.T.);
#9906 = EDGE_LOOP('',(#9907,#9908,#9909,#9930));
#9907 = ORIENTED_EDGE('',*,*,#9856,.F.);
#9908 = ORIENTED_EDGE('',*,*,#2351,.T.);
#9909 = ORIENTED_EDGE('',*,*,#9910,.T.);
#9910 = EDGE_CURVE('',#2320,#5952,#9911,.T.);
#9911 = SURFACE_CURVE('',#9912,(#9916,#9923),.PCURVE_S1.);
#9912 = LINE('',#9913,#9914);
#9913 = CARTESIAN_POINT('',(-56.13633999458,21.394189211382,-2.));
#9914 = VECTOR('',#9915,1.);
#9915 = DIRECTION('',(-0.951056516295,0.309016994375,0.));
#9916 = PCURVE('',#2366,#9917);
#9917 = DEFINITIONAL_REPRESENTATION('',(#9918),#9922);
#9918 = LINE('',#9919,#9920);
#9919 = CARTESIAN_POINT('',(6.,-1.33226762955E-15));
#9920 = VECTOR('',#9921,1.);
#9921 = DIRECTION('',(0.,1.));
#9922 = ( GEOMETRIC_REPRESENTATION_CONTEXT(2) 
PARAMETRIC_REPRESENTATION_CONTEXT() REPRESENTATION_CONTEXT('2D SPACE',''
  ) );
#9923 = PCURVE('',#2339,#9924);
#9924 = DEFINITIONAL_REPRESENTATION('',(#9925),#9929);
#9925 = LINE('',#9926,#9927);
#9926 = CARTESIAN_POINT('',(0.,0.));
#9927 = VECTOR('',#9928,1.);
#9928 = DIRECTION('',(0.,-1.));
#9929 = ( GEOMETRIC_REPRESENTATION_CONTEXT(2) 
PARAMETRIC_REPRESENTATION_CONTEXT() REPRESENTATION_CONTEXT('2D SPACE',''
  ) );
#9930 = ORIENTED_EDGE('',*,*,#5951,.T.);
#9931 = ADVANCED_FACE('',(#9932),#2339,.F.);
#9932 = FACE_BOUND('',#9933,.F.);
#9933 = EDGE_LOOP('',(#9934,#9935,#9936,#9937));
#9934 = ORIENTED_EDGE('',*,*,#9883,.F.);
#9935 = ORIENTED_EDGE('',*,*,#2319,.T.);
#9936 = ORIENTED_EDGE('',*,*,#9910,.T.);
#9937 = ORIENTED_EDGE('',*,*,#5975,.F.);
#9938 = ADVANCED_FACE('',(#9939),#2406,.T.);
#9939 = FACE_BOUND('',#9940,.T.);
#9940 = EDGE_LOOP('',(#9941,#9962,#9963,#9984));
#9941 = ORIENTED_EDGE('',*,*,#9942,.F.);
#9942 = EDGE_CURVE('',#2385,#6005,#9943,.T.);
#9943 = SURFACE_CURVE('',#9944,(#9948,#9955),.PCURVE_S1.);
#9944 = LINE('',#9945,#9946);
#9945 = CARTESIAN_POINT('',(-59.98489911189,3.288142109954,18.));
#9946 = VECTOR('',#9947,1.);
#9947 = DIRECTION('',(-0.994521895368,0.104528463268,0.));
#9948 = PCURVE('',#2406,#9949);
#9949 = DEFINITIONAL_REPRESENTATION('',(#9950),#9954);
#9950 = LINE('',#9951,#9952);
#9951 = CARTESIAN_POINT('',(20.,0.));
#9952 = VECTOR('',#9953,1.);
#9953 = DIRECTION('',(0.,-1.));
#9954 = ( GEOMETRIC_REPRESENTATION_CONTEXT(2) 
PARAMETRIC_REPRESENTATION_CONTEXT() REPRESENTATION_CONTEXT('2D SPACE',''
  ) );
#9955 = PCURVE('',#2435,#9956);
#9956 = DEFINITIONAL_REPRESENTATION('',(#9957),#9961);
#9957 = LINE('',#9958,#9959);
#9958 = CARTESIAN_POINT('',(0.,0.));
#9959 = VECTOR('',#9960,1.);
#9960 = DIRECTION('',(0.,1.));
#9961 = ( GEOMETRIC_REPRESENTATION_CONTEXT(2) 
PARAMETRIC_REPRESENTATION_CONTEXT() REPRESENTATION_CONTEXT('2D SPACE',''
  ) );
#9962 = ORIENTED_EDGE('',*,*,#2384,.T.);
#9963 = ORIENTED_EDGE('',*,*,#9964,.T.);
#9964 = EDGE_CURVE('',#2387,#6029,#9965,.T.);
#9965 = SURFACE_CURVE('',#9966,(#9970,#9977),.PCURVE_S1.);
#9966 = LINE('',#9967,#9968);
#9967 = CARTESIAN_POINT('',(-59.98489911189,3.288142109954,-2.));
#9968 = VECTOR('',#9969,1.);
#9969 = DIRECTION('',(-0.994521895368,0.104528463268,0.));
#9970 = PCURVE('',#2406,#9971);
#9971 = DEFINITIONAL_REPRESENTATION('',(#9972),#9976);
#9972 = LINE('',#9973,#9974);
#9973 = CARTESIAN_POINT('',(0.,0.));
#9974 = VECTOR('',#9975,1.);
#9975 = DIRECTION('',(0.,-1.));
#9976 = ( GEOMETRIC_REPRESENTATION_CONTEXT(2) 
PARAMETRIC_REPRESENTATION_CONTEXT() REPRESENTATION_CONTEXT('2D SPACE',''
  ) );
#9977 = PCURVE('',#2498,#9978);
#9978 = DEFINITIONAL_REPRESENTATION('',(#9979),#9983);
#9979 = LINE('',#9980,#9981);
#9980 = CARTESIAN_POINT('',(0.,0.));
#9981 = VECTOR('',#9982,1.);
#9982 = DIRECTION('',(0.,1.));
#9983 = ( GEOMETRIC_REPRESENTATION_CONTEXT(2) 
PARAMETRIC_REPRESENTATION_CONTEXT() REPRESENTATION_CONTEXT('2D SPACE',''
  ) );
#9984 = ORIENTED_EDGE('',*,*,#6028,.F.);
#9985 = ADVANCED_FACE('',(#9986),#2435,.F.);
#9986 = FACE_BOUND('',#9987,.F.);
#9987 = EDGE_LOOP('',(#9988,#9989,#9990,#10011));
#9988 = ORIENTED_EDGE('',*,*,#9942,.F.);
#9989 = ORIENTED_EDGE('',*,*,#2418,.T.);
#9990 = ORIENTED_EDGE('',*,*,#9991,.T.);
#9991 = EDGE_CURVE('',#2419,#6003,#9992,.T.);
#9992 = SURFACE_CURVE('',#9993,(#9997,#10004),.PCURVE_S1.);
#9993 = LINE('',#9994,#9995);
#9994 = CARTESIAN_POINT('',(-59.35772833229,9.255273482164,18.));
#9995 = VECTOR('',#9996,1.);
#9996 = DIRECTION('',(-0.994521895368,0.104528463268,0.));
#9997 = PCURVE('',#2435,#9998);
#9998 = DEFINITIONAL_REPRESENTATION('',(#9999),#10003);
#9999 = LINE('',#10000,#10001);
#10000 = CARTESIAN_POINT('',(6.,1.443289932013E-15));
#10001 = VECTOR('',#10002,1.);
#10002 = DIRECTION('',(0.,1.));
#10003 = ( GEOMETRIC_REPRESENTATION_CONTEXT(2) 
PARAMETRIC_REPRESENTATION_CONTEXT() REPRESENTATION_CONTEXT('2D SPACE',''
  ) );
#10004 = PCURVE('',#2471,#10005);
#10005 = DEFINITIONAL_REPRESENTATION('',(#10006),#10010);
#10006 = LINE('',#10007,#10008);
#10007 = CARTESIAN_POINT('',(20.,0.));
#10008 = VECTOR('',#10009,1.);
#10009 = DIRECTION('',(0.,-1.));
#10010 = ( GEOMETRIC_REPRESENTATION_CONTEXT(2) 
PARAMETRIC_REPRESENTATION_CONTEXT() REPRESENTATION_CONTEXT('2D SPACE',''
  ) );
#10011 = ORIENTED_EDGE('',*,*,#6002,.T.);
#10012 = ADVANCED_FACE('',(#10013),#2498,.T.);
#10013 = FACE_BOUND('',#10014,.T.);
#10014 = EDGE_LOOP('',(#10015,#10016,#10017,#10038));
#10015 = ORIENTED_EDGE('',*,*,#9964,.F.);
#10016 = ORIENTED_EDGE('',*,*,#2483,.T.);
#10017 = ORIENTED_EDGE('',*,*,#10018,.T.);
#10018 = EDGE_CURVE('',#2452,#6056,#10019,.T.);
#10019 = SURFACE_CURVE('',#10020,(#10024,#10031),.PCURVE_S1.);
#10020 = LINE('',#10021,#10022);
#10021 = CARTESIAN_POINT('',(-59.35772833229,9.255273482164,-2.));
#10022 = VECTOR('',#10023,1.);
#10023 = DIRECTION('',(-0.994521895368,0.104528463268,0.));
#10024 = PCURVE('',#2498,#10025);
#10025 = DEFINITIONAL_REPRESENTATION('',(#10026),#10030);
#10026 = LINE('',#10027,#10028);
#10027 = CARTESIAN_POINT('',(6.,1.443289932013E-15));
#10028 = VECTOR('',#10029,1.);
#10029 = DIRECTION('',(0.,1.));
#10030 = ( GEOMETRIC_REPRESENTATION_CONTEXT(2) 
PARAMETRIC_REPRESENTATION_CONTEXT() REPRESENTATION_CONTEXT('2D SPACE',''
  ) );
#10031 = PCURVE('',#2471,#10032);
#10032 = DEFINITIONAL_REPRESENTATION('',(#10033),#10037);
#10033 = LINE('',#10034,#10035);
#10034 = CARTESIAN_POINT('',(0.,0.));
#10035 = VECTOR('',#10036,1.);
#10036 = DIRECTION('',(0.,-1.));
#10037 = ( GEOMETRIC_REPRESENTATION_CONTEXT(2) 
PARAMETRIC_REPRESENTATION_CONTEXT() REPRESENTATION_CONTEXT('2D SPACE',''
  ) );
#10038 = ORIENTED_EDGE('',*,*,#6055,.T.);
#10039 = ADVANCED_FACE('',(#10040),#2471,.F.);
#10040 = FACE_BOUND('',#10041,.F.);
#10041 = EDGE_LOOP('',(#10042,#10043,#10044,#10045));
#10042 = ORIENTED_EDGE('',*,*,#9991,.F.);
#10043 = ORIENTED_EDGE('',*,*,#2451,.T.);
#10044 = ORIENTED_EDGE('',*,*,#10018,.T.);
#10045 = ORIENTED_EDGE('',*,*,#6079,.F.);
#10046 = ADVANCED_FACE('',(#10047),#2538,.T.);
#10047 = FACE_BOUND('',#10048,.T.);
#10048 = EDGE_LOOP('',(#10049,#10070,#10071,#10092));
#10049 = ORIENTED_EDGE('',*,*,#10050,.F.);
#10050 = EDGE_CURVE('',#2517,#6109,#10051,.T.);
#10051 = SURFACE_CURVE('',#10052,(#10056,#10063),.PCURVE_S1.);
#10052 = LINE('',#10053,#10054);
#10053 = CARTESIAN_POINT('',(-59.35772833229,-9.255273482164,18.));
#10054 = VECTOR('',#10055,1.);
#10055 = DIRECTION('',(-0.994521895368,-0.104528463268,0.));
#10056 = PCURVE('',#2538,#10057);
#10057 = DEFINITIONAL_REPRESENTATION('',(#10058),#10062);
#10058 = LINE('',#10059,#10060);
#10059 = CARTESIAN_POINT('',(20.,0.));
#10060 = VECTOR('',#10061,1.);
#10061 = DIRECTION('',(0.,-1.));
#10062 = ( GEOMETRIC_REPRESENTATION_CONTEXT(2) 
PARAMETRIC_REPRESENTATION_CONTEXT() REPRESENTATION_CONTEXT('2D SPACE',''
  ) );
#10063 = PCURVE('',#2567,#10064);
#10064 = DEFINITIONAL_REPRESENTATION('',(#10065),#10069);
#10065 = LINE('',#10066,#10067);
#10066 = CARTESIAN_POINT('',(0.,0.));
#10067 = VECTOR('',#10068,1.);
#10068 = DIRECTION('',(0.,1.));
#10069 = ( GEOMETRIC_REPRESENTATION_CONTEXT(2) 
PARAMETRIC_REPRESENTATION_CONTEXT() REPRESENTATION_CONTEXT('2D SPACE',''
  ) );
#10070 = ORIENTED_EDGE('',*,*,#2516,.T.);
#10071 = ORIENTED_EDGE('',*,*,#10072,.T.);
#10072 = EDGE_CURVE('',#2519,#6133,#10073,.T.);
#10073 = SURFACE_CURVE('',#10074,(#10078,#10085),.PCURVE_S1.);
#10074 = LINE('',#10075,#10076);
#10075 = CARTESIAN_POINT('',(-59.35772833229,-9.255273482164,-2.));
#10076 = VECTOR('',#10077,1.);
#10077 = DIRECTION('',(-0.994521895368,-0.104528463268,0.));
#10078 = PCURVE('',#2538,#10079);
#10079 = DEFINITIONAL_REPRESENTATION('',(#10080),#10084);
#10080 = LINE('',#10081,#10082);
#10081 = CARTESIAN_POINT('',(0.,0.));
#10082 = VECTOR('',#10083,1.);
#10083 = DIRECTION('',(0.,-1.));
#10084 = ( GEOMETRIC_REPRESENTATION_CONTEXT(2) 
PARAMETRIC_REPRESENTATION_CONTEXT() REPRESENTATION_CONTEXT('2D SPACE',''
  ) );
#10085 = PCURVE('',#2630,#10086);
#10086 = DEFINITIONAL_REPRESENTATION('',(#10087),#10091);
#10087 = LINE('',#10088,#10089);
#10088 = CARTESIAN_POINT('',(0.,0.));
#10089 = VECTOR('',#10090,1.);
#10090 = DIRECTION('',(0.,1.));
#10091 = ( GEOMETRIC_REPRESENTATION_CONTEXT(2) 
PARAMETRIC_REPRESENTATION_CONTEXT() REPRESENTATION_CONTEXT('2D SPACE',''
  ) );
#10092 = ORIENTED_EDGE('',*,*,#6132,.F.);
#10093 = ADVANCED_FACE('',(#10094),#2567,.F.);
#10094 = FACE_BOUND('',#10095,.F.);
#10095 = EDGE_LOOP('',(#10096,#10097,#10098,#10119));
#10096 = ORIENTED_EDGE('',*,*,#10050,.F.);
#10097 = ORIENTED_EDGE('',*,*,#2550,.T.);
#10098 = ORIENTED_EDGE('',*,*,#10099,.T.);
#10099 = EDGE_CURVE('',#2551,#6107,#10100,.T.);
#10100 = SURFACE_CURVE('',#10101,(#10105,#10112),.PCURVE_S1.);
#10101 = LINE('',#10102,#10103);
#10102 = CARTESIAN_POINT('',(-59.98489911189,-3.288142109954,18.));
#10103 = VECTOR('',#10104,1.);
#10104 = DIRECTION('',(-0.994521895368,-0.104528463268,0.));
#10105 = PCURVE('',#2567,#10106);
#10106 = DEFINITIONAL_REPRESENTATION('',(#10107),#10111);
#10107 = LINE('',#10108,#10109);
#10108 = CARTESIAN_POINT('',(6.,-2.22044604925E-15));
#10109 = VECTOR('',#10110,1.);
#10110 = DIRECTION('',(0.,1.));
#10111 = ( GEOMETRIC_REPRESENTATION_CONTEXT(2) 
PARAMETRIC_REPRESENTATION_CONTEXT() REPRESENTATION_CONTEXT('2D SPACE',''
  ) );
#10112 = PCURVE('',#2603,#10113);
#10113 = DEFINITIONAL_REPRESENTATION('',(#10114),#10118);
#10114 = LINE('',#10115,#10116);
#10115 = CARTESIAN_POINT('',(20.,0.));
#10116 = VECTOR('',#10117,1.);
#10117 = DIRECTION('',(0.,-1.));
#10118 = ( GEOMETRIC_REPRESENTATION_CONTEXT(2) 
PARAMETRIC_REPRESENTATION_CONTEXT() REPRESENTATION_CONTEXT('2D SPACE',''
  ) );
#10119 = ORIENTED_EDGE('',*,*,#6106,.T.);
#10120 = ADVANCED_FACE('',(#10121),#2630,.T.);
#10121 = FACE_BOUND('',#10122,.T.);
#10122 = EDGE_LOOP('',(#10123,#10124,#10125,#10146));
#10123 = ORIENTED_EDGE('',*,*,#10072,.F.);
#10124 = ORIENTED_EDGE('',*,*,#2615,.T.);
#10125 = ORIENTED_EDGE('',*,*,#10126,.T.);
#10126 = EDGE_CURVE('',#2584,#6160,#10127,.T.);
#10127 = SURFACE_CURVE('',#10128,(#10132,#10139),.PCURVE_S1.);
#10128 = LINE('',#10129,#10130);
#10129 = CARTESIAN_POINT('',(-59.98489911189,-3.288142109954,-2.));
#10130 = VECTOR('',#10131,1.);
#10131 = DIRECTION('',(-0.994521895368,-0.104528463268,0.));
#10132 = PCURVE('',#2630,#10133);
#10133 = DEFINITIONAL_REPRESENTATION('',(#10134),#10138);
#10134 = LINE('',#10135,#10136);
#10135 = CARTESIAN_POINT('',(6.,-2.22044604925E-15));
#10136 = VECTOR('',#10137,1.);
#10137 = DIRECTION('',(0.,1.));
#10138 = ( GEOMETRIC_REPRESENTATION_CONTEXT(2) 
PARAMETRIC_REPRESENTATION_CONTEXT() REPRESENTATION_CONTEXT('2D SPACE',''
  ) );
#10139 = PCURVE('',#2603,#10140);
#10140 = DEFINITIONAL_REPRESENTATION('',(#10141),#10145);
#10141 = LINE('',#10142,#10143);
#10142 = CARTESIAN_POINT('',(0.,0.));
#10143 = VECTOR('',#10144,1.);
#10144 = DIRECTION('',(0.,-1.));
#10145 = ( GEOMETRIC_REPRESENTATION_CONTEXT(2) 
PARAMETRIC_REPRESENTATION_CONTEXT() REPRESENTATION_CONTEXT('2D SPACE',''
  ) );
#10146 = ORIENTED_EDGE('',*,*,#6159,.T.);
#10147 = ADVANCED_FACE('',(#10148),#2603,.F.);
#10148 = FACE_BOUND('',#10149,.F.);
#10149 = EDGE_LOOP('',(#10150,#10151,#10152,#10153));
#10150 = ORIENTED_EDGE('',*,*,#10099,.F.);
#10151 = ORIENTED_EDGE('',*,*,#2583,.T.);
#10152 = ORIENTED_EDGE('',*,*,#10126,.T.);
#10153 = ORIENTED_EDGE('',*,*,#6183,.F.);
#10154 = ADVANCED_FACE('',(#10155),#2670,.T.);
#10155 = FACE_BOUND('',#10156,.T.);
#10156 = EDGE_LOOP('',(#10157,#10178,#10179,#10200));
#10157 = ORIENTED_EDGE('',*,*,#10158,.F.);
#10158 = EDGE_CURVE('',#2649,#6213,#10159,.T.);
#10159 = SURFACE_CURVE('',#10160,(#10164,#10171),.PCURVE_S1.);
#10160 = LINE('',#10161,#10162);
#10161 = CARTESIAN_POINT('',(-56.13633999458,-21.39418921138,18.));
#10162 = VECTOR('',#10163,1.);
#10163 = DIRECTION('',(-0.951056516295,-0.309016994375,0.));
#10164 = PCURVE('',#2670,#10165);
#10165 = DEFINITIONAL_REPRESENTATION('',(#10166),#10170);
#10166 = LINE('',#10167,#10168);
#10167 = CARTESIAN_POINT('',(20.,0.));
#10168 = VECTOR('',#10169,1.);
#10169 = DIRECTION('',(0.,-1.));
#10170 = ( GEOMETRIC_REPRESENTATION_CONTEXT(2) 
PARAMETRIC_REPRESENTATION_CONTEXT() REPRESENTATION_CONTEXT('2D SPACE',''
  ) );
#10171 = PCURVE('',#2699,#10172);
#10172 = DEFINITIONAL_REPRESENTATION('',(#10173),#10177);
#10173 = LINE('',#10174,#10175);
#10174 = CARTESIAN_POINT('',(0.,0.));
#10175 = VECTOR('',#10176,1.);
#10176 = DIRECTION('',(0.,1.));
#10177 = ( GEOMETRIC_REPRESENTATION_CONTEXT(2) 
PARAMETRIC_REPRESENTATION_CONTEXT() REPRESENTATION_CONTEXT('2D SPACE',''
  ) );
#10178 = ORIENTED_EDGE('',*,*,#2648,.T.);
#10179 = ORIENTED_EDGE('',*,*,#10180,.T.);
#10180 = EDGE_CURVE('',#2651,#6237,#10181,.T.);
#10181 = SURFACE_CURVE('',#10182,(#10186,#10193),.PCURVE_S1.);
#10182 = LINE('',#10183,#10184);
#10183 = CARTESIAN_POINT('',(-56.13633999458,-21.39418921138,-2.));
#10184 = VECTOR('',#10185,1.);
#10185 = DIRECTION('',(-0.951056516295,-0.309016994375,0.));
#10186 = PCURVE('',#2670,#10187);
#10187 = DEFINITIONAL_REPRESENTATION('',(#10188),#10192);
#10188 = LINE('',#10189,#10190);
#10189 = CARTESIAN_POINT('',(0.,0.));
#10190 = VECTOR('',#10191,1.);
#10191 = DIRECTION('',(0.,-1.));
#10192 = ( GEOMETRIC_REPRESENTATION_CONTEXT(2) 
PARAMETRIC_REPRESENTATION_CONTEXT() REPRESENTATION_CONTEXT('2D SPACE',''
  ) );
#10193 = PCURVE('',#2762,#10194);
#10194 = DEFINITIONAL_REPRESENTATION('',(#10195),#10199);
#10195 = LINE('',#10196,#10197);
#10196 = CARTESIAN_POINT('',(0.,0.));
#10197 = VECTOR('',#10198,1.);
#10198 = DIRECTION('',(0.,1.));
#10199 = ( GEOMETRIC_REPRESENTATION_CONTEXT(2) 
PARAMETRIC_REPRESENTATION_CONTEXT() REPRESENTATION_CONTEXT('2D SPACE',''
  ) );
#10200 = ORIENTED_EDGE('',*,*,#6236,.F.);
#10201 = ADVANCED_FACE('',(#10202),#2699,.F.);
#10202 = FACE_BOUND('',#10203,.F.);
#10203 = EDGE_LOOP('',(#10204,#10205,#10206,#10227));
#10204 = ORIENTED_EDGE('',*,*,#10158,.F.);
#10205 = ORIENTED_EDGE('',*,*,#2682,.T.);
#10206 = ORIENTED_EDGE('',*,*,#10207,.T.);
#10207 = EDGE_CURVE('',#2683,#6211,#10208,.T.);
#10208 = SURFACE_CURVE('',#10209,(#10213,#10220),.PCURVE_S1.);
#10209 = LINE('',#10210,#10211);
#10210 = CARTESIAN_POINT('',(-57.99044196083,-15.68785011361,18.));
#10211 = VECTOR('',#10212,1.);
#10212 = DIRECTION('',(-0.951056516295,-0.309016994375,0.));
#10213 = PCURVE('',#2699,#10214);
#10214 = DEFINITIONAL_REPRESENTATION('',(#10215),#10219);
#10215 = LINE('',#10216,#10217);
#10216 = CARTESIAN_POINT('',(6.,1.7763568394E-15));
#10217 = VECTOR('',#10218,1.);
#10218 = DIRECTION('',(0.,1.));
#10219 = ( GEOMETRIC_REPRESENTATION_CONTEXT(2) 
PARAMETRIC_REPRESENTATION_CONTEXT() REPRESENTATION_CONTEXT('2D SPACE',''
  ) );
#10220 = PCURVE('',#2735,#10221);
#10221 = DEFINITIONAL_REPRESENTATION('',(#10222),#10226);
#10222 = LINE('',#10223,#10224);
#10223 = CARTESIAN_POINT('',(20.,0.));
#10224 = VECTOR('',#10225,1.);
#10225 = DIRECTION('',(0.,-1.));
#10226 = ( GEOMETRIC_REPRESENTATION_CONTEXT(2) 
PARAMETRIC_REPRESENTATION_CONTEXT() REPRESENTATION_CONTEXT('2D SPACE',''
  ) );
#10227 = ORIENTED_EDGE('',*,*,#6210,.T.);
#10228 = ADVANCED_FACE('',(#10229),#2762,.T.);
#10229 = FACE_BOUND('',#10230,.T.);
#10230 = EDGE_LOOP('',(#10231,#10232,#10233,#10254));
#10231 = ORIENTED_EDGE('',*,*,#10180,.F.);
#10232 = ORIENTED_EDGE('',*,*,#2747,.T.);
#10233 = ORIENTED_EDGE('',*,*,#10234,.T.);
#10234 = EDGE_CURVE('',#2716,#6264,#10235,.T.);
#10235 = SURFACE_CURVE('',#10236,(#10240,#10247),.PCURVE_S1.);
#10236 = LINE('',#10237,#10238);
#10237 = CARTESIAN_POINT('',(-57.99044196083,-15.68785011361,-2.));
#10238 = VECTOR('',#10239,1.);
#10239 = DIRECTION('',(-0.951056516295,-0.309016994375,0.));
#10240 = PCURVE('',#2762,#10241);
#10241 = DEFINITIONAL_REPRESENTATION('',(#10242),#10246);
#10242 = LINE('',#10243,#10244);
#10243 = CARTESIAN_POINT('',(6.,1.7763568394E-15));
#10244 = VECTOR('',#10245,1.);
#10245 = DIRECTION('',(0.,1.));
#10246 = ( GEOMETRIC_REPRESENTATION_CONTEXT(2) 
PARAMETRIC_REPRESENTATION_CONTEXT() REPRESENTATION_CONTEXT('2D SPACE',''
  ) );
#10247 = PCURVE('',#2735,#10248);
#10248 = DEFINITIONAL_REPRESENTATION('',(#10249),#10253);
#10249 = LINE('',#10250,#10251);
#10250 = CARTESIAN_POINT('',(0.,0.));
#10251 = VECTOR('',#10252,1.);
#10252 = DIRECTION('',(0.,-1.));
#10253 = ( GEOMETRIC_REPRESENTATION_CONTEXT(2) 
PARAMETRIC_REPRESENTATION_CONTEXT() REPRESENTATION_CONTEXT('2D SPACE',''
  ) );
#10254 = ORIENTED_EDGE('',*,*,#6263,.T.);
#10255 = ADVANCED_FACE('',(#10256),#2735,.F.);
#10256 = FACE_BOUND('',#10257,.F.);
#10257 = EDGE_LOOP('',(#10258,#10259,#10260,#10261));
#10258 = ORIENTED_EDGE('',*,*,#10207,.F.);
#10259 = ORIENTED_EDGE('',*,*,#2715,.T.);
#10260 = ORIENTED_EDGE('',*,*,#10234,.T.);
#10261 = ORIENTED_EDGE('',*,*,#6287,.F.);
#10262 = ADVANCED_FACE('',(#10263),#2802,.T.);
#10263 = FACE_BOUND('',#10264,.T.);
#10264 = EDGE_LOOP('',(#10265,#10286,#10287,#10308));
#10265 = ORIENTED_EDGE('',*,*,#10266,.F.);
#10266 = EDGE_CURVE('',#2781,#6317,#10267,.T.);
#10267 = SURFACE_CURVE('',#10268,(#10272,#10279),.PCURVE_S1.);
#10268 = LINE('',#10269,#10270);
#10269 = CARTESIAN_POINT('',(-50.46152422706,-32.59807621135,18.));
#10270 = VECTOR('',#10271,1.);
#10271 = DIRECTION('',(-0.866025403784,-0.5,0.));
#10272 = PCURVE('',#2802,#10273);
#10273 = DEFINITIONAL_REPRESENTATION('',(#10274),#10278);
#10274 = LINE('',#10275,#10276);
#10275 = CARTESIAN_POINT('',(20.,0.));
#10276 = VECTOR('',#10277,1.);
#10277 = DIRECTION('',(0.,-1.));
#10278 = ( GEOMETRIC_REPRESENTATION_CONTEXT(2) 
PARAMETRIC_REPRESENTATION_CONTEXT() REPRESENTATION_CONTEXT('2D SPACE',''
  ) );
#10279 = PCURVE('',#2831,#10280);
#10280 = DEFINITIONAL_REPRESENTATION('',(#10281),#10285);
#10281 = LINE('',#10282,#10283);
#10282 = CARTESIAN_POINT('',(0.,0.));
#10283 = VECTOR('',#10284,1.);
#10284 = DIRECTION('',(0.,1.));
#10285 = ( GEOMETRIC_REPRESENTATION_CONTEXT(2) 
PARAMETRIC_REPRESENTATION_CONTEXT() REPRESENTATION_CONTEXT('2D SPACE',''
  ) );
#10286 = ORIENTED_EDGE('',*,*,#2780,.T.);
#10287 = ORIENTED_EDGE('',*,*,#10288,.T.);
#10288 = EDGE_CURVE('',#2783,#6341,#10289,.T.);
#10289 = SURFACE_CURVE('',#10290,(#10294,#10301),.PCURVE_S1.);
#10290 = LINE('',#10291,#10292);
#10291 = CARTESIAN_POINT('',(-50.46152422706,-32.59807621135,-2.));
#10292 = VECTOR('',#10293,1.);
#10293 = DIRECTION('',(-0.866025403784,-0.5,0.));
#10294 = PCURVE('',#2802,#10295);
#10295 = DEFINITIONAL_REPRESENTATION('',(#10296),#10300);
#10296 = LINE('',#10297,#10298);
#10297 = CARTESIAN_POINT('',(0.,0.));
#10298 = VECTOR('',#10299,1.);
#10299 = DIRECTION('',(0.,-1.));
#10300 = ( GEOMETRIC_REPRESENTATION_CONTEXT(2) 
PARAMETRIC_REPRESENTATION_CONTEXT() REPRESENTATION_CONTEXT('2D SPACE',''
  ) );
#10301 = PCURVE('',#2894,#10302);
#10302 = DEFINITIONAL_REPRESENTATION('',(#10303),#10307);
#10303 = LINE('',#10304,#10305);
#10304 = CARTESIAN_POINT('',(0.,0.));
#10305 = VECTOR('',#10306,1.);
#10306 = DIRECTION('',(0.,1.));
#10307 = ( GEOMETRIC_REPRESENTATION_CONTEXT(2) 
PARAMETRIC_REPRESENTATION_CONTEXT() REPRESENTATION_CONTEXT('2D SPACE',''
  ) );
#10308 = ORIENTED_EDGE('',*,*,#6340,.F.);
#10309 = ADVANCED_FACE('',(#10310),#2831,.F.);
#10310 = FACE_BOUND('',#10311,.F.);
#10311 = EDGE_LOOP('',(#10312,#10313,#10314,#10335));
#10312 = ORIENTED_EDGE('',*,*,#10266,.F.);
#10313 = ORIENTED_EDGE('',*,*,#2814,.T.);
#10314 = ORIENTED_EDGE('',*,*,#10315,.T.);
#10315 = EDGE_CURVE('',#2815,#6315,#10316,.T.);
#10316 = SURFACE_CURVE('',#10317,(#10321,#10328),.PCURVE_S1.);
#10317 = LINE('',#10318,#10319);
#10318 = CARTESIAN_POINT('',(-53.46152422706,-27.40192378864,18.));
#10319 = VECTOR('',#10320,1.);
#10320 = DIRECTION('',(-0.866025403784,-0.5,0.));
#10321 = PCURVE('',#2831,#10322);
#10322 = DEFINITIONAL_REPRESENTATION('',(#10323),#10327);
#10323 = LINE('',#10324,#10325);
#10324 = CARTESIAN_POINT('',(6.,1.33226762955E-15));
#10325 = VECTOR('',#10326,1.);
#10326 = DIRECTION('',(0.,1.));
#10327 = ( GEOMETRIC_REPRESENTATION_CONTEXT(2) 
PARAMETRIC_REPRESENTATION_CONTEXT() REPRESENTATION_CONTEXT('2D SPACE',''
  ) );
#10328 = PCURVE('',#2867,#10329);
#10329 = DEFINITIONAL_REPRESENTATION('',(#10330),#10334);
#10330 = LINE('',#10331,#10332);
#10331 = CARTESIAN_POINT('',(20.,0.));
#10332 = VECTOR('',#10333,1.);
#10333 = DIRECTION('',(0.,-1.));
#10334 = ( GEOMETRIC_REPRESENTATION_CONTEXT(2) 
PARAMETRIC_REPRESENTATION_CONTEXT() REPRESENTATION_CONTEXT('2D SPACE',''
  ) );
#10335 = ORIENTED_EDGE('',*,*,#6314,.T.);
#10336 = ADVANCED_FACE('',(#10337),#2894,.T.);
#10337 = FACE_BOUND('',#10338,.T.);
#10338 = EDGE_LOOP('',(#10339,#10340,#10341,#10362));
#10339 = ORIENTED_EDGE('',*,*,#10288,.F.);
#10340 = ORIENTED_EDGE('',*,*,#2879,.T.);
#10341 = ORIENTED_EDGE('',*,*,#10342,.T.);
#10342 = EDGE_CURVE('',#2848,#6368,#10343,.T.);
#10343 = SURFACE_CURVE('',#10344,(#10348,#10355),.PCURVE_S1.);
#10344 = LINE('',#10345,#10346);
#10345 = CARTESIAN_POINT('',(-53.46152422706,-27.40192378864,-2.));
#10346 = VECTOR('',#10347,1.);
#10347 = DIRECTION('',(-0.866025403784,-0.5,0.));
#10348 = PCURVE('',#2894,#10349);
#10349 = DEFINITIONAL_REPRESENTATION('',(#10350),#10354);
#10350 = LINE('',#10351,#10352);
#10351 = CARTESIAN_POINT('',(6.,1.33226762955E-15));
#10352 = VECTOR('',#10353,1.);
#10353 = DIRECTION('',(0.,1.));
#10354 = ( GEOMETRIC_REPRESENTATION_CONTEXT(2) 
PARAMETRIC_REPRESENTATION_CONTEXT() REPRESENTATION_CONTEXT('2D SPACE',''
  ) );
#10355 = PCURVE('',#2867,#10356);
#10356 = DEFINITIONAL_REPRESENTATION('',(#10357),#10361);
#10357 = LINE('',#10358,#10359);
#10358 = CARTESIAN_POINT('',(0.,0.));
#10359 = VECTOR('',#10360,1.);
#10360 = DIRECTION('',(0.,-1.));
#10361 = ( GEOMETRIC_REPRESENTATION_CONTEXT(2) 
PARAMETRIC_REPRESENTATION_CONTEXT() REPRESENTATION_CONTEXT('2D SPACE',''
  ) );
#10362 = ORIENTED_EDGE('',*,*,#6367,.T.);
#10363 = ADVANCED_FACE('',(#10364),#2867,.F.);
#10364 = FACE_BOUND('',#10365,.F.);
#10365 = EDGE_LOOP('',(#10366,#10367,#10368,#10369));
#10366 = ORIENTED_EDGE('',*,*,#10315,.F.);
#10367 = ORIENTED_EDGE('',*,*,#2847,.T.);
#10368 = ORIENTED_EDGE('',*,*,#10342,.T.);
#10369 = ORIENTED_EDGE('',*,*,#6391,.F.);
#10370 = ADVANCED_FACE('',(#10371),#2934,.T.);
#10371 = FACE_BOUND('',#10372,.T.);
#10372 = EDGE_LOOP('',(#10373,#10394,#10395,#10416));
#10373 = ORIENTED_EDGE('',*,*,#10374,.F.);
#10374 = EDGE_CURVE('',#2913,#6421,#10375,.T.);
#10375 = SURFACE_CURVE('',#10376,(#10380,#10387),.PCURVE_S1.);
#10376 = LINE('',#10377,#10378);
#10377 = CARTESIAN_POINT('',(-42.58129770956,-42.37727085796,18.));
#10378 = VECTOR('',#10379,1.);
#10379 = DIRECTION('',(-0.743144825477,-0.669130606359,0.));
#10380 = PCURVE('',#2934,#10381);
#10381 = DEFINITIONAL_REPRESENTATION('',(#10382),#10386);
#10382 = LINE('',#10383,#10384);
#10383 = CARTESIAN_POINT('',(20.,0.));
#10384 = VECTOR('',#10385,1.);
#10385 = DIRECTION('',(0.,-1.));
#10386 = ( GEOMETRIC_REPRESENTATION_CONTEXT(2) 
PARAMETRIC_REPRESENTATION_CONTEXT() REPRESENTATION_CONTEXT('2D SPACE',''
  ) );
#10387 = PCURVE('',#2963,#10388);
#10388 = DEFINITIONAL_REPRESENTATION('',(#10389),#10393);
#10389 = LINE('',#10390,#10391);
#10390 = CARTESIAN_POINT('',(0.,0.));
#10391 = VECTOR('',#10392,1.);
#10392 = DIRECTION('',(0.,1.));
#10393 = ( GEOMETRIC_REPRESENTATION_CONTEXT(2) 
PARAMETRIC_REPRESENTATION_CONTEXT() REPRESENTATION_CONTEXT('2D SPACE',''
  ) );
#10394 = ORIENTED_EDGE('',*,*,#2912,.T.);
#10395 = ORIENTED_EDGE('',*,*,#10396,.T.);
#10396 = EDGE_CURVE('',#2915,#6445,#10397,.T.);
#10397 = SURFACE_CURVE('',#10398,(#10402,#10409),.PCURVE_S1.);
#10398 = LINE('',#10399,#10400);
#10399 = CARTESIAN_POINT('',(-42.58129770956,-42.37727085796,-2.));
#10400 = VECTOR('',#10401,1.);
#10401 = DIRECTION('',(-0.743144825477,-0.669130606359,0.));
#10402 = PCURVE('',#2934,#10403);
#10403 = DEFINITIONAL_REPRESENTATION('',(#10404),#10408);
#10404 = LINE('',#10405,#10406);
#10405 = CARTESIAN_POINT('',(0.,0.));
#10406 = VECTOR('',#10407,1.);
#10407 = DIRECTION('',(0.,-1.));
#10408 = ( GEOMETRIC_REPRESENTATION_CONTEXT(2) 
PARAMETRIC_REPRESENTATION_CONTEXT() REPRESENTATION_CONTEXT('2D SPACE',''
  ) );
#10409 = PCURVE('',#3026,#10410);
#10410 = DEFINITIONAL_REPRESENTATION('',(#10411),#10415);
#10411 = LINE('',#10412,#10413);
#10412 = CARTESIAN_POINT('',(0.,0.));
#10413 = VECTOR('',#10414,1.);
#10414 = DIRECTION('',(0.,1.));
#10415 = ( GEOMETRIC_REPRESENTATION_CONTEXT(2) 
PARAMETRIC_REPRESENTATION_CONTEXT() REPRESENTATION_CONTEXT('2D SPACE',''
  ) );
#10416 = ORIENTED_EDGE('',*,*,#6444,.F.);
#10417 = ADVANCED_FACE('',(#10418),#2963,.F.);
#10418 = FACE_BOUND('',#10419,.F.);
#10419 = EDGE_LOOP('',(#10420,#10421,#10422,#10443));
#10420 = ORIENTED_EDGE('',*,*,#10374,.F.);
#10421 = ORIENTED_EDGE('',*,*,#2946,.T.);
#10422 = ORIENTED_EDGE('',*,*,#10423,.T.);
#10423 = EDGE_CURVE('',#2947,#6419,#10424,.T.);
#10424 = SURFACE_CURVE('',#10425,(#10429,#10436),.PCURVE_S1.);
#10425 = LINE('',#10426,#10427);
#10426 = CARTESIAN_POINT('',(-46.59608134772,-37.91840190509,18.));
#10427 = VECTOR('',#10428,1.);
#10428 = DIRECTION('',(-0.743144825477,-0.669130606359,0.));
#10429 = PCURVE('',#2963,#10430);
#10430 = DEFINITIONAL_REPRESENTATION('',(#10431),#10435);
#10431 = LINE('',#10432,#10433);
#10432 = CARTESIAN_POINT('',(6.,-4.440892098501E-16));
#10433 = VECTOR('',#10434,1.);
#10434 = DIRECTION('',(0.,1.));
#10435 = ( GEOMETRIC_REPRESENTATION_CONTEXT(2) 
PARAMETRIC_REPRESENTATION_CONTEXT() REPRESENTATION_CONTEXT('2D SPACE',''
  ) );
#10436 = PCURVE('',#2999,#10437);
#10437 = DEFINITIONAL_REPRESENTATION('',(#10438),#10442);
#10438 = LINE('',#10439,#10440);
#10439 = CARTESIAN_POINT('',(20.,0.));
#10440 = VECTOR('',#10441,1.);
#10441 = DIRECTION('',(0.,-1.));
#10442 = ( GEOMETRIC_REPRESENTATION_CONTEXT(2) 
PARAMETRIC_REPRESENTATION_CONTEXT() REPRESENTATION_CONTEXT('2D SPACE',''
  ) );
#10443 = ORIENTED_EDGE('',*,*,#6418,.T.);
#10444 = ADVANCED_FACE('',(#10445),#3026,.T.);
#10445 = FACE_BOUND('',#10446,.T.);
#10446 = EDGE_LOOP('',(#10447,#10448,#10449,#10470));
#10447 = ORIENTED_EDGE('',*,*,#10396,.F.);
#10448 = ORIENTED_EDGE('',*,*,#3011,.T.);
#10449 = ORIENTED_EDGE('',*,*,#10450,.T.);
#10450 = EDGE_CURVE('',#2980,#6472,#10451,.T.);
#10451 = SURFACE_CURVE('',#10452,(#10456,#10463),.PCURVE_S1.);
#10452 = LINE('',#10453,#10454);
#10453 = CARTESIAN_POINT('',(-46.59608134772,-37.91840190509,-2.));
#10454 = VECTOR('',#10455,1.);
#10455 = DIRECTION('',(-0.743144825477,-0.669130606359,0.));
#10456 = PCURVE('',#3026,#10457);
#10457 = DEFINITIONAL_REPRESENTATION('',(#10458),#10462);
#10458 = LINE('',#10459,#10460);
#10459 = CARTESIAN_POINT('',(6.,-4.440892098501E-16));
#10460 = VECTOR('',#10461,1.);
#10461 = DIRECTION('',(0.,1.));
#10462 = ( GEOMETRIC_REPRESENTATION_CONTEXT(2) 
PARAMETRIC_REPRESENTATION_CONTEXT() REPRESENTATION_CONTEXT('2D SPACE',''
  ) );
#10463 = PCURVE('',#2999,#10464);
#10464 = DEFINITIONAL_REPRESENTATION('',(#10465),#10469);
#10465 = LINE('',#10466,#10467);
#10466 = CARTESIAN_POINT('',(0.,0.));
#10467 = VECTOR('',#10468,1.);
#10468 = DIRECTION('',(0.,-1.));
#10469 = ( GEOMETRIC_REPRESENTATION_CONTEXT(2) 
PARAMETRIC_REPRESENTATION_CONTEXT() REPRESENTATION_CONTEXT('2D SPACE',''
  ) );
#10470 = ORIENTED_EDGE('',*,*,#6471,.T.);
#10471 = ADVANCED_FACE('',(#10472),#2999,.F.);
#10472 = FACE_BOUND('',#10473,.F.);
#10473 = EDGE_LOOP('',(#10474,#10475,#10476,#10477));
#10474 = ORIENTED_EDGE('',*,*,#10423,.F.);
#10475 = ORIENTED_EDGE('',*,*,#2979,.T.);
#10476 = ORIENTED_EDGE('',*,*,#10450,.T.);
#10477 = ORIENTED_EDGE('',*,*,#6495,.F.);
#10478 = ADVANCED_FACE('',(#10479),#3066,.T.);
#10479 = FACE_BOUND('',#10480,.T.);
#10480 = EDGE_LOOP('',(#10481,#10502,#10503,#10524));
#10481 = ORIENTED_EDGE('',*,*,#10482,.F.);
#10482 = EDGE_CURVE('',#3045,#6525,#10483,.T.);
#10483 = SURFACE_CURVE('',#10484,(#10488,#10495),.PCURVE_S1.);
#10484 = LINE('',#10485,#10486);
#10485 = CARTESIAN_POINT('',(-32.84006415442,-50.30437541937,18.));
#10486 = VECTOR('',#10487,1.);
#10487 = DIRECTION('',(-0.587785252292,-0.809016994375,0.));
#10488 = PCURVE('',#3066,#10489);
#10489 = DEFINITIONAL_REPRESENTATION('',(#10490),#10494);
#10490 = LINE('',#10491,#10492);
#10491 = CARTESIAN_POINT('',(20.,0.));
#10492 = VECTOR('',#10493,1.);
#10493 = DIRECTION('',(0.,-1.));
#10494 = ( GEOMETRIC_REPRESENTATION_CONTEXT(2) 
PARAMETRIC_REPRESENTATION_CONTEXT() REPRESENTATION_CONTEXT('2D SPACE',''
  ) );
#10495 = PCURVE('',#3095,#10496);
#10496 = DEFINITIONAL_REPRESENTATION('',(#10497),#10501);
#10497 = LINE('',#10498,#10499);
#10498 = CARTESIAN_POINT('',(0.,0.));
#10499 = VECTOR('',#10500,1.);
#10500 = DIRECTION('',(0.,1.));
#10501 = ( GEOMETRIC_REPRESENTATION_CONTEXT(2) 
PARAMETRIC_REPRESENTATION_CONTEXT() REPRESENTATION_CONTEXT('2D SPACE',''
  ) );
#10502 = ORIENTED_EDGE('',*,*,#3044,.T.);
#10503 = ORIENTED_EDGE('',*,*,#10504,.T.);
#10504 = EDGE_CURVE('',#3047,#6549,#10505,.T.);
#10505 = SURFACE_CURVE('',#10506,(#10510,#10517),.PCURVE_S1.);
#10506 = LINE('',#10507,#10508);
#10507 = CARTESIAN_POINT('',(-32.84006415442,-50.30437541937,-2.));
#10508 = VECTOR('',#10509,1.);
#10509 = DIRECTION('',(-0.587785252292,-0.809016994375,0.));
#10510 = PCURVE('',#3066,#10511);
#10511 = DEFINITIONAL_REPRESENTATION('',(#10512),#10516);
#10512 = LINE('',#10513,#10514);
#10513 = CARTESIAN_POINT('',(0.,0.));
#10514 = VECTOR('',#10515,1.);
#10515 = DIRECTION('',(0.,-1.));
#10516 = ( GEOMETRIC_REPRESENTATION_CONTEXT(2) 
PARAMETRIC_REPRESENTATION_CONTEXT() REPRESENTATION_CONTEXT('2D SPACE',''
  ) );
#10517 = PCURVE('',#3158,#10518);
#10518 = DEFINITIONAL_REPRESENTATION('',(#10519),#10523);
#10519 = LINE('',#10520,#10521);
#10520 = CARTESIAN_POINT('',(0.,0.));
#10521 = VECTOR('',#10522,1.);
#10522 = DIRECTION('',(0.,1.));
#10523 = ( GEOMETRIC_REPRESENTATION_CONTEXT(2) 
PARAMETRIC_REPRESENTATION_CONTEXT() REPRESENTATION_CONTEXT('2D SPACE',''
  ) );
#10524 = ORIENTED_EDGE('',*,*,#6548,.F.);
#10525 = ADVANCED_FACE('',(#10526),#3095,.F.);
#10526 = FACE_BOUND('',#10527,.F.);
#10527 = EDGE_LOOP('',(#10528,#10529,#10530,#10551));
#10528 = ORIENTED_EDGE('',*,*,#10482,.F.);
#10529 = ORIENTED_EDGE('',*,*,#3078,.T.);
#10530 = ORIENTED_EDGE('',*,*,#10531,.T.);
#10531 = EDGE_CURVE('',#3079,#6523,#10532,.T.);
#10532 = SURFACE_CURVE('',#10533,(#10537,#10544),.PCURVE_S1.);
#10533 = LINE('',#10534,#10535);
#10534 = CARTESIAN_POINT('',(-37.69416612067,-46.77766390561,18.));
#10535 = VECTOR('',#10536,1.);
#10536 = DIRECTION('',(-0.587785252292,-0.809016994375,0.));
#10537 = PCURVE('',#3095,#10538);
#10538 = DEFINITIONAL_REPRESENTATION('',(#10539),#10543);
#10539 = LINE('',#10540,#10541);
#10540 = CARTESIAN_POINT('',(6.,6.217248937901E-15));
#10541 = VECTOR('',#10542,1.);
#10542 = DIRECTION('',(0.,1.));
#10543 = ( GEOMETRIC_REPRESENTATION_CONTEXT(2) 
PARAMETRIC_REPRESENTATION_CONTEXT() REPRESENTATION_CONTEXT('2D SPACE',''
  ) );
#10544 = PCURVE('',#3131,#10545);
#10545 = DEFINITIONAL_REPRESENTATION('',(#10546),#10550);
#10546 = LINE('',#10547,#10548);
#10547 = CARTESIAN_POINT('',(20.,0.));
#10548 = VECTOR('',#10549,1.);
#10549 = DIRECTION('',(0.,-1.));
#10550 = ( GEOMETRIC_REPRESENTATION_CONTEXT(2) 
PARAMETRIC_REPRESENTATION_CONTEXT() REPRESENTATION_CONTEXT('2D SPACE',''
  ) );
#10551 = ORIENTED_EDGE('',*,*,#6522,.T.);
#10552 = ADVANCED_FACE('',(#10553),#3158,.T.);
#10553 = FACE_BOUND('',#10554,.T.);
#10554 = EDGE_LOOP('',(#10555,#10556,#10557,#10578));
#10555 = ORIENTED_EDGE('',*,*,#10504,.F.);
#10556 = ORIENTED_EDGE('',*,*,#3143,.T.);
#10557 = ORIENTED_EDGE('',*,*,#10558,.T.);
#10558 = EDGE_CURVE('',#3112,#6576,#10559,.T.);
#10559 = SURFACE_CURVE('',#10560,(#10564,#10571),.PCURVE_S1.);
#10560 = LINE('',#10561,#10562);
#10561 = CARTESIAN_POINT('',(-37.69416612067,-46.77766390561,-2.));
#10562 = VECTOR('',#10563,1.);
#10563 = DIRECTION('',(-0.587785252292,-0.809016994375,0.));
#10564 = PCURVE('',#3158,#10565);
#10565 = DEFINITIONAL_REPRESENTATION('',(#10566),#10570);
#10566 = LINE('',#10567,#10568);
#10567 = CARTESIAN_POINT('',(6.,6.217248937901E-15));
#10568 = VECTOR('',#10569,1.);
#10569 = DIRECTION('',(0.,1.));
#10570 = ( GEOMETRIC_REPRESENTATION_CONTEXT(2) 
PARAMETRIC_REPRESENTATION_CONTEXT() REPRESENTATION_CONTEXT('2D SPACE',''
  ) );
#10571 = PCURVE('',#3131,#10572);
#10572 = DEFINITIONAL_REPRESENTATION('',(#10573),#10577);
#10573 = LINE('',#10574,#10575);
#10574 = CARTESIAN_POINT('',(0.,0.));
#10575 = VECTOR('',#10576,1.);
#10576 = DIRECTION('',(0.,-1.));
#10577 = ( GEOMETRIC_REPRESENTATION_CONTEXT(2) 
PARAMETRIC_REPRESENTATION_CONTEXT() REPRESENTATION_CONTEXT('2D SPACE',''
  ) );
#10578 = ORIENTED_EDGE('',*,*,#6575,.T.);
#10579 = ADVANCED_FACE('',(#10580),#3131,.F.);
#10580 = FACE_BOUND('',#10581,.F.);
#10581 = EDGE_LOOP('',(#10582,#10583,#10584,#10585));
#10582 = ORIENTED_EDGE('',*,*,#10531,.F.);
#10583 = ORIENTED_EDGE('',*,*,#3111,.T.);
#10584 = ORIENTED_EDGE('',*,*,#10558,.T.);
#10585 = ORIENTED_EDGE('',*,*,#6599,.F.);
#10586 = ADVANCED_FACE('',(#10587),#3198,.T.);
#10587 = FACE_BOUND('',#10588,.T.);
#10588 = EDGE_LOOP('',(#10589,#10610,#10611,#10632));
#10589 = ORIENTED_EDGE('',*,*,#10590,.F.);
#10590 = EDGE_CURVE('',#3177,#6629,#10591,.T.);
#10591 = SURFACE_CURVE('',#10592,(#10596,#10603),.PCURVE_S1.);
#10592 = LINE('',#10593,#10594);
#10593 = CARTESIAN_POINT('',(-21.66356221162,-56.03293738778,18.));
#10594 = VECTOR('',#10595,1.);
#10595 = DIRECTION('',(-0.406736643076,-0.913545457643,0.));
#10596 = PCURVE('',#3198,#10597);
#10597 = DEFINITIONAL_REPRESENTATION('',(#10598),#10602);
#10598 = LINE('',#10599,#10600);
#10599 = CARTESIAN_POINT('',(20.,0.));
#10600 = VECTOR('',#10601,1.);
#10601 = DIRECTION('',(0.,-1.));
#10602 = ( GEOMETRIC_REPRESENTATION_CONTEXT(2) 
PARAMETRIC_REPRESENTATION_CONTEXT() REPRESENTATION_CONTEXT('2D SPACE',''
  ) );
#10603 = PCURVE('',#3227,#10604);
#10604 = DEFINITIONAL_REPRESENTATION('',(#10605),#10609);
#10605 = LINE('',#10606,#10607);
#10606 = CARTESIAN_POINT('',(0.,0.));
#10607 = VECTOR('',#10608,1.);
#10608 = DIRECTION('',(0.,1.));
#10609 = ( GEOMETRIC_REPRESENTATION_CONTEXT(2) 
PARAMETRIC_REPRESENTATION_CONTEXT() REPRESENTATION_CONTEXT('2D SPACE',''
  ) );
#10610 = ORIENTED_EDGE('',*,*,#3176,.T.);
#10611 = ORIENTED_EDGE('',*,*,#10612,.T.);
#10612 = EDGE_CURVE('',#3179,#6653,#10613,.T.);
#10613 = SURFACE_CURVE('',#10614,(#10618,#10625),.PCURVE_S1.);
#10614 = LINE('',#10615,#10616);
#10615 = CARTESIAN_POINT('',(-21.66356221162,-56.03293738778,-2.));
#10616 = VECTOR('',#10617,1.);
#10617 = DIRECTION('',(-0.406736643076,-0.913545457643,0.));
#10618 = PCURVE('',#3198,#10619);
#10619 = DEFINITIONAL_REPRESENTATION('',(#10620),#10624);
#10620 = LINE('',#10621,#10622);
#10621 = CARTESIAN_POINT('',(0.,0.));
#10622 = VECTOR('',#10623,1.);
#10623 = DIRECTION('',(0.,-1.));
#10624 = ( GEOMETRIC_REPRESENTATION_CONTEXT(2) 
PARAMETRIC_REPRESENTATION_CONTEXT() REPRESENTATION_CONTEXT('2D SPACE',''
  ) );
#10625 = PCURVE('',#3290,#10626);
#10626 = DEFINITIONAL_REPRESENTATION('',(#10627),#10631);
#10627 = LINE('',#10628,#10629);
#10628 = CARTESIAN_POINT('',(0.,0.));
#10629 = VECTOR('',#10630,1.);
#10630 = DIRECTION('',(0.,1.));
#10631 = ( GEOMETRIC_REPRESENTATION_CONTEXT(2) 
PARAMETRIC_REPRESENTATION_CONTEXT() REPRESENTATION_CONTEXT('2D SPACE',''
  ) );
#10632 = ORIENTED_EDGE('',*,*,#6652,.F.);
#10633 = ADVANCED_FACE('',(#10634),#3227,.F.);
#10634 = FACE_BOUND('',#10635,.F.);
#10635 = EDGE_LOOP('',(#10636,#10637,#10638,#10659));
#10636 = ORIENTED_EDGE('',*,*,#10590,.F.);
#10637 = ORIENTED_EDGE('',*,*,#3210,.T.);
#10638 = ORIENTED_EDGE('',*,*,#10639,.T.);
#10639 = EDGE_CURVE('',#3211,#6627,#10640,.T.);
#10640 = SURFACE_CURVE('',#10641,(#10645,#10652),.PCURVE_S1.);
#10641 = LINE('',#10642,#10643);
#10642 = CARTESIAN_POINT('',(-27.14483495747,-53.59251752932,18.));
#10643 = VECTOR('',#10644,1.);
#10644 = DIRECTION('',(-0.406736643076,-0.913545457643,0.));
#10645 = PCURVE('',#3227,#10646);
#10646 = DEFINITIONAL_REPRESENTATION('',(#10647),#10651);
#10647 = LINE('',#10648,#10649);
#10648 = CARTESIAN_POINT('',(6.,0.));
#10649 = VECTOR('',#10650,1.);
#10650 = DIRECTION('',(0.,1.));
#10651 = ( GEOMETRIC_REPRESENTATION_CONTEXT(2) 
PARAMETRIC_REPRESENTATION_CONTEXT() REPRESENTATION_CONTEXT('2D SPACE',''
  ) );
#10652 = PCURVE('',#3263,#10653);
#10653 = DEFINITIONAL_REPRESENTATION('',(#10654),#10658);
#10654 = LINE('',#10655,#10656);
#10655 = CARTESIAN_POINT('',(20.,0.));
#10656 = VECTOR('',#10657,1.);
#10657 = DIRECTION('',(0.,-1.));
#10658 = ( GEOMETRIC_REPRESENTATION_CONTEXT(2) 
PARAMETRIC_REPRESENTATION_CONTEXT() REPRESENTATION_CONTEXT('2D SPACE',''
  ) );
#10659 = ORIENTED_EDGE('',*,*,#6626,.T.);
#10660 = ADVANCED_FACE('',(#10661),#3290,.T.);
#10661 = FACE_BOUND('',#10662,.T.);
#10662 = EDGE_LOOP('',(#10663,#10664,#10665,#10686));
#10663 = ORIENTED_EDGE('',*,*,#10612,.F.);
#10664 = ORIENTED_EDGE('',*,*,#3275,.T.);
#10665 = ORIENTED_EDGE('',*,*,#10666,.T.);
#10666 = EDGE_CURVE('',#3244,#6680,#10667,.T.);
#10667 = SURFACE_CURVE('',#10668,(#10672,#10679),.PCURVE_S1.);
#10668 = LINE('',#10669,#10670);
#10669 = CARTESIAN_POINT('',(-27.14483495747,-53.59251752932,-2.));
#10670 = VECTOR('',#10671,1.);
#10671 = DIRECTION('',(-0.406736643076,-0.913545457643,0.));
#10672 = PCURVE('',#3290,#10673);
#10673 = DEFINITIONAL_REPRESENTATION('',(#10674),#10678);
#10674 = LINE('',#10675,#10676);
#10675 = CARTESIAN_POINT('',(6.,0.));
#10676 = VECTOR('',#10677,1.);
#10677 = DIRECTION('',(0.,1.));
#10678 = ( GEOMETRIC_REPRESENTATION_CONTEXT(2) 
PARAMETRIC_REPRESENTATION_CONTEXT() REPRESENTATION_CONTEXT('2D SPACE',''
  ) );
#10679 = PCURVE('',#3263,#10680);
#10680 = DEFINITIONAL_REPRESENTATION('',(#10681),#10685);
#10681 = LINE('',#10682,#10683);
#10682 = CARTESIAN_POINT('',(0.,0.));
#10683 = VECTOR('',#10684,1.);
#10684 = DIRECTION('',(0.,-1.));
#10685 = ( GEOMETRIC_REPRESENTATION_CONTEXT(2) 
PARAMETRIC_REPRESENTATION_CONTEXT() REPRESENTATION_CONTEXT('2D SPACE',''
  ) );
#10686 = ORIENTED_EDGE('',*,*,#6679,.T.);
#10687 = ADVANCED_FACE('',(#10688),#3263,.F.);
#10688 = FACE_BOUND('',#10689,.F.);
#10689 = EDGE_LOOP('',(#10690,#10691,#10692,#10693));
#10690 = ORIENTED_EDGE('',*,*,#10639,.F.);
#10691 = ORIENTED_EDGE('',*,*,#3243,.T.);
#10692 = ORIENTED_EDGE('',*,*,#10666,.T.);
#10693 = ORIENTED_EDGE('',*,*,#6703,.F.);
#10694 = ADVANCED_FACE('',(#10695),#3330,.T.);
#10695 = FACE_BOUND('',#10696,.T.);
#10696 = EDGE_LOOP('',(#10697,#10718,#10719,#10740));
#10697 = ORIENTED_EDGE('',*,*,#10698,.F.);
#10698 = EDGE_CURVE('',#3309,#6733,#10699,.T.);
#10699 = SURFACE_CURVE('',#10700,(#10704,#10711),.PCURVE_S1.);
#10700 = LINE('',#10701,#10702);
#10701 = CARTESIAN_POINT('',(-9.540258646864,-59.31259111648,18.));
#10702 = VECTOR('',#10703,1.);
#10703 = DIRECTION('',(-0.207911690818,-0.978147600734,0.));
#10704 = PCURVE('',#3330,#10705);
#10705 = DEFINITIONAL_REPRESENTATION('',(#10706),#10710);
#10706 = LINE('',#10707,#10708);
#10707 = CARTESIAN_POINT('',(20.,0.));
#10708 = VECTOR('',#10709,1.);
#10709 = DIRECTION('',(0.,-1.));
#10710 = ( GEOMETRIC_REPRESENTATION_CONTEXT(2) 
PARAMETRIC_REPRESENTATION_CONTEXT() REPRESENTATION_CONTEXT('2D SPACE',''
  ) );
#10711 = PCURVE('',#3359,#10712);
#10712 = DEFINITIONAL_REPRESENTATION('',(#10713),#10717);
#10713 = LINE('',#10714,#10715);
#10714 = CARTESIAN_POINT('',(0.,0.));
#10715 = VECTOR('',#10716,1.);
#10716 = DIRECTION('',(0.,1.));
#10717 = ( GEOMETRIC_REPRESENTATION_CONTEXT(2) 
PARAMETRIC_REPRESENTATION_CONTEXT() REPRESENTATION_CONTEXT('2D SPACE',''
  ) );
#10718 = ORIENTED_EDGE('',*,*,#3308,.T.);
#10719 = ORIENTED_EDGE('',*,*,#10720,.T.);
#10720 = EDGE_CURVE('',#3311,#6757,#10721,.T.);
#10721 = SURFACE_CURVE('',#10722,(#10726,#10733),.PCURVE_S1.);
#10722 = LINE('',#10723,#10724);
#10723 = CARTESIAN_POINT('',(-9.540258646864,-59.31259111648,-2.));
#10724 = VECTOR('',#10725,1.);
#10725 = DIRECTION('',(-0.207911690818,-0.978147600734,0.));
#10726 = PCURVE('',#3330,#10727);
#10727 = DEFINITIONAL_REPRESENTATION('',(#10728),#10732);
#10728 = LINE('',#10729,#10730);
#10729 = CARTESIAN_POINT('',(0.,0.));
#10730 = VECTOR('',#10731,1.);
#10731 = DIRECTION('',(0.,-1.));
#10732 = ( GEOMETRIC_REPRESENTATION_CONTEXT(2) 
PARAMETRIC_REPRESENTATION_CONTEXT() REPRESENTATION_CONTEXT('2D SPACE',''
  ) );
#10733 = PCURVE('',#3422,#10734);
#10734 = DEFINITIONAL_REPRESENTATION('',(#10735),#10739);
#10735 = LINE('',#10736,#10737);
#10736 = CARTESIAN_POINT('',(0.,0.));
#10737 = VECTOR('',#10738,1.);
#10738 = DIRECTION('',(0.,1.));
#10739 = ( GEOMETRIC_REPRESENTATION_CONTEXT(2) 
PARAMETRIC_REPRESENTATION_CONTEXT() REPRESENTATION_CONTEXT('2D SPACE',''
  ) );
#10740 = ORIENTED_EDGE('',*,*,#6756,.F.);
#10741 = ADVANCED_FACE('',(#10742),#3359,.F.);
#10742 = FACE_BOUND('',#10743,.F.);
#10743 = EDGE_LOOP('',(#10744,#10745,#10746,#10767));
#10744 = ORIENTED_EDGE('',*,*,#10698,.F.);
#10745 = ORIENTED_EDGE('',*,*,#3342,.T.);
#10746 = ORIENTED_EDGE('',*,*,#10747,.T.);
#10747 = EDGE_CURVE('',#3343,#6731,#10748,.T.);
#10748 = SURFACE_CURVE('',#10749,(#10753,#10760),.PCURVE_S1.);
#10749 = LINE('',#10750,#10751);
#10750 = CARTESIAN_POINT('',(-15.40914425126,-58.06512097157,18.));
#10751 = VECTOR('',#10752,1.);
#10752 = DIRECTION('',(-0.207911690818,-0.978147600734,0.));
#10753 = PCURVE('',#3359,#10754);
#10754 = DEFINITIONAL_REPRESENTATION('',(#10755),#10759);
#10755 = LINE('',#10756,#10757);
#10756 = CARTESIAN_POINT('',(6.,-1.998401444325E-15));
#10757 = VECTOR('',#10758,1.);
#10758 = DIRECTION('',(0.,1.));
#10759 = ( GEOMETRIC_REPRESENTATION_CONTEXT(2) 
PARAMETRIC_REPRESENTATION_CONTEXT() REPRESENTATION_CONTEXT('2D SPACE',''
  ) );
#10760 = PCURVE('',#3395,#10761);
#10761 = DEFINITIONAL_REPRESENTATION('',(#10762),#10766);
#10762 = LINE('',#10763,#10764);
#10763 = CARTESIAN_POINT('',(20.,0.));
#10764 = VECTOR('',#10765,1.);
#10765 = DIRECTION('',(0.,-1.));
#10766 = ( GEOMETRIC_REPRESENTATION_CONTEXT(2) 
PARAMETRIC_REPRESENTATION_CONTEXT() REPRESENTATION_CONTEXT('2D SPACE',''
  ) );
#10767 = ORIENTED_EDGE('',*,*,#6730,.T.);
#10768 = ADVANCED_FACE('',(#10769),#3422,.T.);
#10769 = FACE_BOUND('',#10770,.T.);
#10770 = EDGE_LOOP('',(#10771,#10772,#10773,#10794));
#10771 = ORIENTED_EDGE('',*,*,#10720,.F.);
#10772 = ORIENTED_EDGE('',*,*,#3407,.T.);
#10773 = ORIENTED_EDGE('',*,*,#10774,.T.);
#10774 = EDGE_CURVE('',#3376,#6784,#10775,.T.);
#10775 = SURFACE_CURVE('',#10776,(#10780,#10787),.PCURVE_S1.);
#10776 = LINE('',#10777,#10778);
#10777 = CARTESIAN_POINT('',(-15.40914425126,-58.06512097157,-2.));
#10778 = VECTOR('',#10779,1.);
#10779 = DIRECTION('',(-0.207911690818,-0.978147600734,0.));
#10780 = PCURVE('',#3422,#10781);
#10781 = DEFINITIONAL_REPRESENTATION('',(#10782),#10786);
#10782 = LINE('',#10783,#10784);
#10783 = CARTESIAN_POINT('',(6.,-1.998401444325E-15));
#10784 = VECTOR('',#10785,1.);
#10785 = DIRECTION('',(0.,1.));
#10786 = ( GEOMETRIC_REPRESENTATION_CONTEXT(2) 
PARAMETRIC_REPRESENTATION_CONTEXT() REPRESENTATION_CONTEXT('2D SPACE',''
  ) );
#10787 = PCURVE('',#3395,#10788);
#10788 = DEFINITIONAL_REPRESENTATION('',(#10789),#10793);
#10789 = LINE('',#10790,#10791);
#10790 = CARTESIAN_POINT('',(0.,0.));
#10791 = VECTOR('',#10792,1.);
#10792 = DIRECTION('',(0.,-1.));
#10793 = ( GEOMETRIC_REPRESENTATION_CONTEXT(2) 
PARAMETRIC_REPRESENTATION_CONTEXT() REPRESENTATION_CONTEXT('2D SPACE',''
  ) );
#10794 = ORIENTED_EDGE('',*,*,#6783,.T.);
#10795 = ADVANCED_FACE('',(#10796),#3395,.F.);
#10796 = FACE_BOUND('',#10797,.F.);
#10797 = EDGE_LOOP('',(#10798,#10799,#10800,#10801));
#10798 = ORIENTED_EDGE('',*,*,#10747,.F.);
#10799 = ORIENTED_EDGE('',*,*,#3375,.T.);
#10800 = ORIENTED_EDGE('',*,*,#10774,.T.);
#10801 = ORIENTED_EDGE('',*,*,#6807,.F.);
#10802 = ADVANCED_FACE('',(#10803),#3462,.T.);
#10803 = FACE_BOUND('',#10804,.T.);
#10804 = EDGE_LOOP('',(#10805,#10826,#10827,#10848));
#10805 = ORIENTED_EDGE('',*,*,#10806,.F.);
#10806 = EDGE_CURVE('',#3441,#6837,#10807,.T.);
#10807 = SURFACE_CURVE('',#10808,(#10812,#10819),.PCURVE_S1.);
#10808 = LINE('',#10809,#10810);
#10809 = CARTESIAN_POINT('',(3.,-60.,18.));
#10810 = VECTOR('',#10811,1.);
#10811 = DIRECTION('',(-1.224646799147E-16,-1.,0.));
#10812 = PCURVE('',#3462,#10813);
#10813 = DEFINITIONAL_REPRESENTATION('',(#10814),#10818);
#10814 = LINE('',#10815,#10816);
#10815 = CARTESIAN_POINT('',(20.,0.));
#10816 = VECTOR('',#10817,1.);
#10817 = DIRECTION('',(0.,-1.));
#10818 = ( GEOMETRIC_REPRESENTATION_CONTEXT(2) 
PARAMETRIC_REPRESENTATION_CONTEXT() REPRESENTATION_CONTEXT('2D SPACE',''
  ) );
#10819 = PCURVE('',#3491,#10820);
#10820 = DEFINITIONAL_REPRESENTATION('',(#10821),#10825);
#10821 = LINE('',#10822,#10823);
#10822 = CARTESIAN_POINT('',(0.,0.));
#10823 = VECTOR('',#10824,1.);
#10824 = DIRECTION('',(0.,1.));
#10825 = ( GEOMETRIC_REPRESENTATION_CONTEXT(2) 
PARAMETRIC_REPRESENTATION_CONTEXT() REPRESENTATION_CONTEXT('2D SPACE',''
  ) );
#10826 = ORIENTED_EDGE('',*,*,#3440,.T.);
#10827 = ORIENTED_EDGE('',*,*,#10828,.T.);
#10828 = EDGE_CURVE('',#3443,#6861,#10829,.T.);
#10829 = SURFACE_CURVE('',#10830,(#10834,#10841),.PCURVE_S1.);
#10830 = LINE('',#10831,#10832);
#10831 = CARTESIAN_POINT('',(3.,-60.,-2.));
#10832 = VECTOR('',#10833,1.);
#10833 = DIRECTION('',(-1.224646799147E-16,-1.,0.));
#10834 = PCURVE('',#3462,#10835);
#10835 = DEFINITIONAL_REPRESENTATION('',(#10836),#10840);
#10836 = LINE('',#10837,#10838);
#10837 = CARTESIAN_POINT('',(0.,0.));
#10838 = VECTOR('',#10839,1.);
#10839 = DIRECTION('',(0.,-1.));
#10840 = ( GEOMETRIC_REPRESENTATION_CONTEXT(2) 
PARAMETRIC_REPRESENTATION_CONTEXT() REPRESENTATION_CONTEXT('2D SPACE',''
  ) );
#10841 = PCURVE('',#3554,#10842);
#10842 = DEFINITIONAL_REPRESENTATION('',(#10843),#10847);
#10843 = LINE('',#10844,#10845);
#10844 = CARTESIAN_POINT('',(0.,0.));
#10845 = VECTOR('',#10846,1.);
#10846 = DIRECTION('',(0.,1.));
#10847 = ( GEOMETRIC_REPRESENTATION_CONTEXT(2) 
PARAMETRIC_REPRESENTATION_CONTEXT() REPRESENTATION_CONTEXT('2D SPACE',''
  ) );
#10848 = ORIENTED_EDGE('',*,*,#6860,.F.);
#10849 = ADVANCED_FACE('',(#10850),#3491,.F.);
#10850 = FACE_BOUND('',#10851,.F.);
#10851 = EDGE_LOOP('',(#10852,#10853,#10854,#10875));
#10852 = ORIENTED_EDGE('',*,*,#10806,.F.);
#10853 = ORIENTED_EDGE('',*,*,#3474,.T.);
#10854 = ORIENTED_EDGE('',*,*,#10855,.T.);
#10855 = EDGE_CURVE('',#3475,#6835,#10856,.T.);
#10856 = SURFACE_CURVE('',#10857,(#10861,#10868),.PCURVE_S1.);
#10857 = LINE('',#10858,#10859);
#10858 = CARTESIAN_POINT('',(-3.,-60.,18.));
#10859 = VECTOR('',#10860,1.);
#10860 = DIRECTION('',(-1.224646799147E-16,-1.,0.));
#10861 = PCURVE('',#3491,#10862);
#10862 = DEFINITIONAL_REPRESENTATION('',(#10863),#10867);
#10863 = LINE('',#10864,#10865);
#10864 = CARTESIAN_POINT('',(6.,7.347880794884E-16));
#10865 = VECTOR('',#10866,1.);
#10866 = DIRECTION('',(0.,1.));
#10867 = ( GEOMETRIC_REPRESENTATION_CONTEXT(2) 
PARAMETRIC_REPRESENTATION_CONTEXT() REPRESENTATION_CONTEXT('2D SPACE',''
  ) );
#10868 = PCURVE('',#3527,#10869);
#10869 = DEFINITIONAL_REPRESENTATION('',(#10870),#10874);
#10870 = LINE('',#10871,#10872);
#10871 = CARTESIAN_POINT('',(20.,0.));
#10872 = VECTOR('',#10873,1.);
#10873 = DIRECTION('',(0.,-1.));
#10874 = ( GEOMETRIC_REPRESENTATION_CONTEXT(2) 
PARAMETRIC_REPRESENTATION_CONTEXT() REPRESENTATION_CONTEXT('2D SPACE',''
  ) );
#10875 = ORIENTED_EDGE('',*,*,#6834,.T.);
#10876 = ADVANCED_FACE('',(#10877),#3554,.T.);
#10877 = FACE_BOUND('',#10878,.T.);
#10878 = EDGE_LOOP('',(#10879,#10880,#10881,#10902));
#10879 = ORIENTED_EDGE('',*,*,#10828,.F.);
#10880 = ORIENTED_EDGE('',*,*,#3539,.T.);
#10881 = ORIENTED_EDGE('',*,*,#10882,.T.);
#10882 = EDGE_CURVE('',#3508,#6888,#10883,.T.);
#10883 = SURFACE_CURVE('',#10884,(#10888,#10895),.PCURVE_S1.);
#10884 = LINE('',#10885,#10886);
#10885 = CARTESIAN_POINT('',(-3.,-60.,-2.));
#10886 = VECTOR('',#10887,1.);
#10887 = DIRECTION('',(-1.224646799147E-16,-1.,0.));
#10888 = PCURVE('',#3554,#10889);
#10889 = DEFINITIONAL_REPRESENTATION('',(#10890),#10894);
#10890 = LINE('',#10891,#10892);
#10891 = CARTESIAN_POINT('',(6.,7.347880794884E-16));
#10892 = VECTOR('',#10893,1.);
#10893 = DIRECTION('',(0.,1.));
#10894 = ( GEOMETRIC_REPRESENTATION_CONTEXT(2) 
PARAMETRIC_REPRESENTATION_CONTEXT() REPRESENTATION_CONTEXT('2D SPACE',''
  ) );
#10895 = PCURVE('',#3527,#10896);
#10896 = DEFINITIONAL_REPRESENTATION('',(#10897),#10901);
#10897 = LINE('',#10898,#10899);
#10898 = CARTESIAN_POINT('',(0.,0.));
#10899 = VECTOR('',#10900,1.);
#10900 = DIRECTION('',(0.,-1.));
#10901 = ( GEOMETRIC_REPRESENTATION_CONTEXT(2) 
PARAMETRIC_REPRESENTATION_CONTEXT() REPRESENTATION_CONTEXT('2D SPACE',''
  ) );
#10902 = ORIENTED_EDGE('',*,*,#6887,.T.);
#10903 = ADVANCED_FACE('',(#10904),#3527,.F.);
#10904 = FACE_BOUND('',#10905,.F.);
#10905 = EDGE_LOOP('',(#10906,#10907,#10908,#10909));
#10906 = ORIENTED_EDGE('',*,*,#10855,.F.);
#10907 = ORIENTED_EDGE('',*,*,#3507,.T.);
#10908 = ORIENTED_EDGE('',*,*,#10882,.T.);
#10909 = ORIENTED_EDGE('',*,*,#6911,.F.);
#10910 = ADVANCED_FACE('',(#10911),#3594,.T.);
#10911 = FACE_BOUND('',#10912,.T.);
#10912 = EDGE_LOOP('',(#10913,#10934,#10935,#10956));
#10913 = ORIENTED_EDGE('',*,*,#10914,.F.);
#10914 = EDGE_CURVE('',#3573,#7565,#10915,.T.);
#10915 = SURFACE_CURVE('',#10916,(#10920,#10927),.PCURVE_S1.);
#10916 = LINE('',#10917,#10918);
#10917 = CARTESIAN_POINT('',(15.409144251267,-58.06512097157,18.));
#10918 = VECTOR('',#10919,1.);
#10919 = DIRECTION('',(0.207911690818,-0.978147600734,0.));
#10920 = PCURVE('',#3594,#10921);
#10921 = DEFINITIONAL_REPRESENTATION('',(#10922),#10926);
#10922 = LINE('',#10923,#10924);
#10923 = CARTESIAN_POINT('',(20.,0.));
#10924 = VECTOR('',#10925,1.);
#10925 = DIRECTION('',(0.,-1.));
#10926 = ( GEOMETRIC_REPRESENTATION_CONTEXT(2) 
PARAMETRIC_REPRESENTATION_CONTEXT() REPRESENTATION_CONTEXT('2D SPACE',''
  ) );
#10927 = PCURVE('',#3623,#10928);
#10928 = DEFINITIONAL_REPRESENTATION('',(#10929),#10933);
#10929 = LINE('',#10930,#10931);
#10930 = CARTESIAN_POINT('',(0.,0.));
#10931 = VECTOR('',#10932,1.);
#10932 = DIRECTION('',(0.,1.));
#10933 = ( GEOMETRIC_REPRESENTATION_CONTEXT(2) 
PARAMETRIC_REPRESENTATION_CONTEXT() REPRESENTATION_CONTEXT('2D SPACE',''
  ) );
#10934 = ORIENTED_EDGE('',*,*,#3572,.T.);
#10935 = ORIENTED_EDGE('',*,*,#10936,.T.);
#10936 = EDGE_CURVE('',#3575,#7589,#10937,.T.);
#10937 = SURFACE_CURVE('',#10938,(#10942,#10949),.PCURVE_S1.);
#10938 = LINE('',#10939,#10940);
#10939 = CARTESIAN_POINT('',(15.409144251267,-58.06512097157,-2.));
#10940 = VECTOR('',#10941,1.);
#10941 = DIRECTION('',(0.207911690818,-0.978147600734,0.));
#10942 = PCURVE('',#3594,#10943);
#10943 = DEFINITIONAL_REPRESENTATION('',(#10944),#10948);
#10944 = LINE('',#10945,#10946);
#10945 = CARTESIAN_POINT('',(0.,0.));
#10946 = VECTOR('',#10947,1.);
#10947 = DIRECTION('',(0.,-1.));
#10948 = ( GEOMETRIC_REPRESENTATION_CONTEXT(2) 
PARAMETRIC_REPRESENTATION_CONTEXT() REPRESENTATION_CONTEXT('2D SPACE',''
  ) );
#10949 = PCURVE('',#3686,#10950);
#10950 = DEFINITIONAL_REPRESENTATION('',(#10951),#10955);
#10951 = LINE('',#10952,#10953);
#10952 = CARTESIAN_POINT('',(0.,0.));
#10953 = VECTOR('',#10954,1.);
#10954 = DIRECTION('',(0.,1.));
#10955 = ( GEOMETRIC_REPRESENTATION_CONTEXT(2) 
PARAMETRIC_REPRESENTATION_CONTEXT() REPRESENTATION_CONTEXT('2D SPACE',''
  ) );
#10956 = ORIENTED_EDGE('',*,*,#7588,.F.);
#10957 = ADVANCED_FACE('',(#10958),#3623,.F.);
#10958 = FACE_BOUND('',#10959,.F.);
#10959 = EDGE_LOOP('',(#10960,#10961,#10962,#10983));
#10960 = ORIENTED_EDGE('',*,*,#10914,.F.);
#10961 = ORIENTED_EDGE('',*,*,#3606,.T.);
#10962 = ORIENTED_EDGE('',*,*,#10963,.T.);
#10963 = EDGE_CURVE('',#3607,#7563,#10964,.T.);
#10964 = SURFACE_CURVE('',#10965,(#10969,#10976),.PCURVE_S1.);
#10965 = LINE('',#10966,#10967);
#10966 = CARTESIAN_POINT('',(9.540258646864,-59.31259111648,18.));
#10967 = VECTOR('',#10968,1.);
#10968 = DIRECTION('',(0.207911690818,-0.978147600734,0.));
#10969 = PCURVE('',#3623,#10970);
#10970 = DEFINITIONAL_REPRESENTATION('',(#10971),#10975);
#10971 = LINE('',#10972,#10973);
#10972 = CARTESIAN_POINT('',(6.,6.661338147751E-16));
#10973 = VECTOR('',#10974,1.);
#10974 = DIRECTION('',(0.,1.));
#10975 = ( GEOMETRIC_REPRESENTATION_CONTEXT(2) 
PARAMETRIC_REPRESENTATION_CONTEXT() REPRESENTATION_CONTEXT('2D SPACE',''
  ) );
#10976 = PCURVE('',#3659,#10977);
#10977 = DEFINITIONAL_REPRESENTATION('',(#10978),#10982);
#10978 = LINE('',#10979,#10980);
#10979 = CARTESIAN_POINT('',(20.,0.));
#10980 = VECTOR('',#10981,1.);
#10981 = DIRECTION('',(0.,-1.));
#10982 = ( GEOMETRIC_REPRESENTATION_CONTEXT(2) 
PARAMETRIC_REPRESENTATION_CONTEXT() REPRESENTATION_CONTEXT('2D SPACE',''
  ) );
#10983 = ORIENTED_EDGE('',*,*,#7562,.T.);
#10984 = ADVANCED_FACE('',(#10985),#3686,.T.);
#10985 = FACE_BOUND('',#10986,.T.);
#10986 = EDGE_LOOP('',(#10987,#10988,#10989,#11010));
#10987 = ORIENTED_EDGE('',*,*,#10936,.F.);
#10988 = ORIENTED_EDGE('',*,*,#3671,.T.);
#10989 = ORIENTED_EDGE('',*,*,#10990,.T.);
#10990 = EDGE_CURVE('',#3640,#7616,#10991,.T.);
#10991 = SURFACE_CURVE('',#10992,(#10996,#11003),.PCURVE_S1.);
#10992 = LINE('',#10993,#10994);
#10993 = CARTESIAN_POINT('',(9.540258646864,-59.31259111648,-2.));
#10994 = VECTOR('',#10995,1.);
#10995 = DIRECTION('',(0.207911690818,-0.978147600734,0.));
#10996 = PCURVE('',#3686,#10997);
#10997 = DEFINITIONAL_REPRESENTATION('',(#10998),#11002);
#10998 = LINE('',#10999,#11000);
#10999 = CARTESIAN_POINT('',(6.,6.661338147751E-16));
#11000 = VECTOR('',#11001,1.);
#11001 = DIRECTION('',(0.,1.));
#11002 = ( GEOMETRIC_REPRESENTATION_CONTEXT(2) 
PARAMETRIC_REPRESENTATION_CONTEXT() REPRESENTATION_CONTEXT('2D SPACE',''
  ) );
#11003 = PCURVE('',#3659,#11004);
#11004 = DEFINITIONAL_REPRESENTATION('',(#11005),#11009);
#11005 = LINE('',#11006,#11007);
#11006 = CARTESIAN_POINT('',(0.,0.));
#11007 = VECTOR('',#11008,1.);
#11008 = DIRECTION('',(0.,-1.));
#11009 = ( GEOMETRIC_REPRESENTATION_CONTEXT(2) 
PARAMETRIC_REPRESENTATION_CONTEXT() REPRESENTATION_CONTEXT('2D SPACE',''
  ) );
#11010 = ORIENTED_EDGE('',*,*,#7615,.T.);
#11011 = ADVANCED_FACE('',(#11012),#3659,.F.);
#11012 = FACE_BOUND('',#11013,.F.);
#11013 = EDGE_LOOP('',(#11014,#11015,#11016,#11017));
#11014 = ORIENTED_EDGE('',*,*,#10963,.F.);
#11015 = ORIENTED_EDGE('',*,*,#3639,.T.);
#11016 = ORIENTED_EDGE('',*,*,#10990,.T.);
#11017 = ORIENTED_EDGE('',*,*,#7639,.F.);
#11018 = ADVANCED_FACE('',(#11019),#3726,.T.);
#11019 = FACE_BOUND('',#11020,.T.);
#11020 = EDGE_LOOP('',(#11021,#11042,#11043,#11064));
#11021 = ORIENTED_EDGE('',*,*,#11022,.F.);
#11022 = EDGE_CURVE('',#3705,#6941,#11023,.T.);
#11023 = SURFACE_CURVE('',#11024,(#11028,#11035),.PCURVE_S1.);
#11024 = LINE('',#11025,#11026);
#11025 = CARTESIAN_POINT('',(27.144834957476,-53.59251752932,18.));
#11026 = VECTOR('',#11027,1.);
#11027 = DIRECTION('',(0.406736643076,-0.913545457643,0.));
#11028 = PCURVE('',#3726,#11029);
#11029 = DEFINITIONAL_REPRESENTATION('',(#11030),#11034);
#11030 = LINE('',#11031,#11032);
#11031 = CARTESIAN_POINT('',(20.,0.));
#11032 = VECTOR('',#11033,1.);
#11033 = DIRECTION('',(0.,-1.));
#11034 = ( GEOMETRIC_REPRESENTATION_CONTEXT(2) 
PARAMETRIC_REPRESENTATION_CONTEXT() REPRESENTATION_CONTEXT('2D SPACE',''
  ) );
#11035 = PCURVE('',#3755,#11036);
#11036 = DEFINITIONAL_REPRESENTATION('',(#11037),#11041);
#11037 = LINE('',#11038,#11039);
#11038 = CARTESIAN_POINT('',(0.,0.));
#11039 = VECTOR('',#11040,1.);
#11040 = DIRECTION('',(0.,1.));
#11041 = ( GEOMETRIC_REPRESENTATION_CONTEXT(2) 
PARAMETRIC_REPRESENTATION_CONTEXT() REPRESENTATION_CONTEXT('2D SPACE',''
  ) );
#11042 = ORIENTED_EDGE('',*,*,#3704,.T.);
#11043 = ORIENTED_EDGE('',*,*,#11044,.T.);
#11044 = EDGE_CURVE('',#3707,#6965,#11045,.T.);
#11045 = SURFACE_CURVE('',#11046,(#11050,#11057),.PCURVE_S1.);
#11046 = LINE('',#11047,#11048);
#11047 = CARTESIAN_POINT('',(27.144834957476,-53.59251752932,-2.));
#11048 = VECTOR('',#11049,1.);
#11049 = DIRECTION('',(0.406736643076,-0.913545457643,0.));
#11050 = PCURVE('',#3726,#11051);
#11051 = DEFINITIONAL_REPRESENTATION('',(#11052),#11056);
#11052 = LINE('',#11053,#11054);
#11053 = CARTESIAN_POINT('',(0.,0.));
#11054 = VECTOR('',#11055,1.);
#11055 = DIRECTION('',(0.,-1.));
#11056 = ( GEOMETRIC_REPRESENTATION_CONTEXT(2) 
PARAMETRIC_REPRESENTATION_CONTEXT() REPRESENTATION_CONTEXT('2D SPACE',''
  ) );
#11057 = PCURVE('',#3818,#11058);
#11058 = DEFINITIONAL_REPRESENTATION('',(#11059),#11063);
#11059 = LINE('',#11060,#11061);
#11060 = CARTESIAN_POINT('',(0.,0.));
#11061 = VECTOR('',#11062,1.);
#11062 = DIRECTION('',(0.,1.));
#11063 = ( GEOMETRIC_REPRESENTATION_CONTEXT(2) 
PARAMETRIC_REPRESENTATION_CONTEXT() REPRESENTATION_CONTEXT('2D SPACE',''
  ) );
#11064 = ORIENTED_EDGE('',*,*,#6964,.F.);
#11065 = ADVANCED_FACE('',(#11066),#3755,.F.);
#11066 = FACE_BOUND('',#11067,.F.);
#11067 = EDGE_LOOP('',(#11068,#11069,#11070,#11091));
#11068 = ORIENTED_EDGE('',*,*,#11022,.F.);
#11069 = ORIENTED_EDGE('',*,*,#3738,.T.);
#11070 = ORIENTED_EDGE('',*,*,#11071,.T.);
#11071 = EDGE_CURVE('',#3739,#6939,#11072,.T.);
#11072 = SURFACE_CURVE('',#11073,(#11077,#11084),.PCURVE_S1.);
#11073 = LINE('',#11074,#11075);
#11074 = CARTESIAN_POINT('',(21.66356221162,-56.03293738778,18.));
#11075 = VECTOR('',#11076,1.);
#11076 = DIRECTION('',(0.406736643076,-0.913545457643,0.));
#11077 = PCURVE('',#3755,#11078);
#11078 = DEFINITIONAL_REPRESENTATION('',(#11079),#11083);
#11079 = LINE('',#11080,#11081);
#11080 = CARTESIAN_POINT('',(6.,8.881784197001E-16));
#11081 = VECTOR('',#11082,1.);
#11082 = DIRECTION('',(0.,1.));
#11083 = ( GEOMETRIC_REPRESENTATION_CONTEXT(2) 
PARAMETRIC_REPRESENTATION_CONTEXT() REPRESENTATION_CONTEXT('2D SPACE',''
  ) );
#11084 = PCURVE('',#3791,#11085);
#11085 = DEFINITIONAL_REPRESENTATION('',(#11086),#11090);
#11086 = LINE('',#11087,#11088);
#11087 = CARTESIAN_POINT('',(20.,0.));
#11088 = VECTOR('',#11089,1.);
#11089 = DIRECTION('',(0.,-1.));
#11090 = ( GEOMETRIC_REPRESENTATION_CONTEXT(2) 
PARAMETRIC_REPRESENTATION_CONTEXT() REPRESENTATION_CONTEXT('2D SPACE',''
  ) );
#11091 = ORIENTED_EDGE('',*,*,#6938,.T.);
#11092 = ADVANCED_FACE('',(#11093),#3818,.T.);
#11093 = FACE_BOUND('',#11094,.T.);
#11094 = EDGE_LOOP('',(#11095,#11096,#11097,#11118));
#11095 = ORIENTED_EDGE('',*,*,#11044,.F.);
#11096 = ORIENTED_EDGE('',*,*,#3803,.T.);
#11097 = ORIENTED_EDGE('',*,*,#11098,.T.);
#11098 = EDGE_CURVE('',#3772,#6992,#11099,.T.);
#11099 = SURFACE_CURVE('',#11100,(#11104,#11111),.PCURVE_S1.);
#11100 = LINE('',#11101,#11102);
#11101 = CARTESIAN_POINT('',(21.66356221162,-56.03293738778,-2.));
#11102 = VECTOR('',#11103,1.);
#11103 = DIRECTION('',(0.406736643076,-0.913545457643,0.));
#11104 = PCURVE('',#3818,#11105);
#11105 = DEFINITIONAL_REPRESENTATION('',(#11106),#11110);
#11106 = LINE('',#11107,#11108);
#11107 = CARTESIAN_POINT('',(6.,8.881784197001E-16));
#11108 = VECTOR('',#11109,1.);
#11109 = DIRECTION('',(0.,1.));
#11110 = ( GEOMETRIC_REPRESENTATION_CONTEXT(2) 
PARAMETRIC_REPRESENTATION_CONTEXT() REPRESENTATION_CONTEXT('2D SPACE',''
  ) );
#11111 = PCURVE('',#3791,#11112);
#11112 = DEFINITIONAL_REPRESENTATION('',(#11113),#11117);
#11113 = LINE('',#11114,#11115);
#11114 = CARTESIAN_POINT('',(0.,0.));
#11115 = VECTOR('',#11116,1.);
#11116 = DIRECTION('',(0.,-1.));
#11117 = ( GEOMETRIC_REPRESENTATION_CONTEXT(2) 
PARAMETRIC_REPRESENTATION_CONTEXT() REPRESENTATION_CONTEXT('2D SPACE',''
  ) );
#11118 = ORIENTED_EDGE('',*,*,#6991,.T.);
#11119 = ADVANCED_FACE('',(#11120),#3791,.F.);
#11120 = FACE_BOUND('',#11121,.F.);
#11121 = EDGE_LOOP('',(#11122,#11123,#11124,#11125));
#11122 = ORIENTED_EDGE('',*,*,#11071,.F.);
#11123 = ORIENTED_EDGE('',*,*,#3771,.T.);
#11124 = ORIENTED_EDGE('',*,*,#11098,.T.);
#11125 = ORIENTED_EDGE('',*,*,#7015,.F.);
#11126 = ADVANCED_FACE('',(#11127),#3858,.T.);
#11127 = FACE_BOUND('',#11128,.T.);
#11128 = EDGE_LOOP('',(#11129,#11150,#11151,#11172));
#11129 = ORIENTED_EDGE('',*,*,#11130,.F.);
#11130 = EDGE_CURVE('',#3837,#7045,#11131,.T.);
#11131 = SURFACE_CURVE('',#11132,(#11136,#11143),.PCURVE_S1.);
#11132 = LINE('',#11133,#11134);
#11133 = CARTESIAN_POINT('',(37.694166120673,-46.77766390561,18.));
#11134 = VECTOR('',#11135,1.);
#11135 = DIRECTION('',(0.587785252292,-0.809016994375,0.));
#11136 = PCURVE('',#3858,#11137);
#11137 = DEFINITIONAL_REPRESENTATION('',(#11138),#11142);
#11138 = LINE('',#11139,#11140);
#11139 = CARTESIAN_POINT('',(20.,0.));
#11140 = VECTOR('',#11141,1.);
#11141 = DIRECTION('',(0.,-1.));
#11142 = ( GEOMETRIC_REPRESENTATION_CONTEXT(2) 
PARAMETRIC_REPRESENTATION_CONTEXT() REPRESENTATION_CONTEXT('2D SPACE',''
  ) );
#11143 = PCURVE('',#3887,#11144);
#11144 = DEFINITIONAL_REPRESENTATION('',(#11145),#11149);
#11145 = LINE('',#11146,#11147);
#11146 = CARTESIAN_POINT('',(0.,0.));
#11147 = VECTOR('',#11148,1.);
#11148 = DIRECTION('',(0.,1.));
#11149 = ( GEOMETRIC_REPRESENTATION_CONTEXT(2) 
PARAMETRIC_REPRESENTATION_CONTEXT() REPRESENTATION_CONTEXT('2D SPACE',''
  ) );
#11150 = ORIENTED_EDGE('',*,*,#3836,.T.);
#11151 = ORIENTED_EDGE('',*,*,#11152,.T.);
#11152 = EDGE_CURVE('',#3839,#7069,#11153,.T.);
#11153 = SURFACE_CURVE('',#11154,(#11158,#11165),.PCURVE_S1.);
#11154 = LINE('',#11155,#11156);
#11155 = CARTESIAN_POINT('',(37.694166120673,-46.77766390561,-2.));
#11156 = VECTOR('',#11157,1.);
#11157 = DIRECTION('',(0.587785252292,-0.809016994375,0.));
#11158 = PCURVE('',#3858,#11159);
#11159 = DEFINITIONAL_REPRESENTATION('',(#11160),#11164);
#11160 = LINE('',#11161,#11162);
#11161 = CARTESIAN_POINT('',(0.,0.));
#11162 = VECTOR('',#11163,1.);
#11163 = DIRECTION('',(0.,-1.));
#11164 = ( GEOMETRIC_REPRESENTATION_CONTEXT(2) 
PARAMETRIC_REPRESENTATION_CONTEXT() REPRESENTATION_CONTEXT('2D SPACE',''
  ) );
#11165 = PCURVE('',#3950,#11166);
#11166 = DEFINITIONAL_REPRESENTATION('',(#11167),#11171);
#11167 = LINE('',#11168,#11169);
#11168 = CARTESIAN_POINT('',(0.,0.));
#11169 = VECTOR('',#11170,1.);
#11170 = DIRECTION('',(0.,1.));
#11171 = ( GEOMETRIC_REPRESENTATION_CONTEXT(2) 
PARAMETRIC_REPRESENTATION_CONTEXT() REPRESENTATION_CONTEXT('2D SPACE',''
  ) );
#11172 = ORIENTED_EDGE('',*,*,#7068,.F.);
#11173 = ADVANCED_FACE('',(#11174),#3887,.F.);
#11174 = FACE_BOUND('',#11175,.F.);
#11175 = EDGE_LOOP('',(#11176,#11177,#11178,#11199));
#11176 = ORIENTED_EDGE('',*,*,#11130,.F.);
#11177 = ORIENTED_EDGE('',*,*,#3870,.T.);
#11178 = ORIENTED_EDGE('',*,*,#11179,.T.);
#11179 = EDGE_CURVE('',#3871,#7043,#11180,.T.);
#11180 = SURFACE_CURVE('',#11181,(#11185,#11192),.PCURVE_S1.);
#11181 = LINE('',#11182,#11183);
#11182 = CARTESIAN_POINT('',(32.840064154424,-50.30437541937,18.));
#11183 = VECTOR('',#11184,1.);
#11184 = DIRECTION('',(0.587785252292,-0.809016994375,0.));
#11185 = PCURVE('',#3887,#11186);
#11186 = DEFINITIONAL_REPRESENTATION('',(#11187),#11191);
#11187 = LINE('',#11188,#11189);
#11188 = CARTESIAN_POINT('',(6.,-5.329070518201E-15));
#11189 = VECTOR('',#11190,1.);
#11190 = DIRECTION('',(0.,1.));
#11191 = ( GEOMETRIC_REPRESENTATION_CONTEXT(2) 
PARAMETRIC_REPRESENTATION_CONTEXT() REPRESENTATION_CONTEXT('2D SPACE',''
  ) );
#11192 = PCURVE('',#3923,#11193);
#11193 = DEFINITIONAL_REPRESENTATION('',(#11194),#11198);
#11194 = LINE('',#11195,#11196);
#11195 = CARTESIAN_POINT('',(20.,0.));
#11196 = VECTOR('',#11197,1.);
#11197 = DIRECTION('',(0.,-1.));
#11198 = ( GEOMETRIC_REPRESENTATION_CONTEXT(2) 
PARAMETRIC_REPRESENTATION_CONTEXT() REPRESENTATION_CONTEXT('2D SPACE',''
  ) );
#11199 = ORIENTED_EDGE('',*,*,#7042,.T.);
#11200 = ADVANCED_FACE('',(#11201),#3950,.T.);
#11201 = FACE_BOUND('',#11202,.T.);
#11202 = EDGE_LOOP('',(#11203,#11204,#11205,#11226));
#11203 = ORIENTED_EDGE('',*,*,#11152,.F.);
#11204 = ORIENTED_EDGE('',*,*,#3935,.T.);
#11205 = ORIENTED_EDGE('',*,*,#11206,.T.);
#11206 = EDGE_CURVE('',#3904,#7096,#11207,.T.);
#11207 = SURFACE_CURVE('',#11208,(#11212,#11219),.PCURVE_S1.);
#11208 = LINE('',#11209,#11210);
#11209 = CARTESIAN_POINT('',(32.840064154424,-50.30437541937,-2.));
#11210 = VECTOR('',#11211,1.);
#11211 = DIRECTION('',(0.587785252292,-0.809016994375,0.));
#11212 = PCURVE('',#3950,#11213);
#11213 = DEFINITIONAL_REPRESENTATION('',(#11214),#11218);
#11214 = LINE('',#11215,#11216);
#11215 = CARTESIAN_POINT('',(6.,-5.329070518201E-15));
#11216 = VECTOR('',#11217,1.);
#11217 = DIRECTION('',(0.,1.));
#11218 = ( GEOMETRIC_REPRESENTATION_CONTEXT(2) 
PARAMETRIC_REPRESENTATION_CONTEXT() REPRESENTATION_CONTEXT('2D SPACE',''
  ) );
#11219 = PCURVE('',#3923,#11220);
#11220 = DEFINITIONAL_REPRESENTATION('',(#11221),#11225);
#11221 = LINE('',#11222,#11223);
#11222 = CARTESIAN_POINT('',(0.,0.));
#11223 = VECTOR('',#11224,1.);
#11224 = DIRECTION('',(0.,-1.));
#11225 = ( GEOMETRIC_REPRESENTATION_CONTEXT(2) 
PARAMETRIC_REPRESENTATION_CONTEXT() REPRESENTATION_CONTEXT('2D SPACE',''
  ) );
#11226 = ORIENTED_EDGE('',*,*,#7095,.T.);
#11227 = ADVANCED_FACE('',(#11228),#3923,.F.);
#11228 = FACE_BOUND('',#11229,.F.);
#11229 = EDGE_LOOP('',(#11230,#11231,#11232,#11233));
#11230 = ORIENTED_EDGE('',*,*,#11179,.F.);
#11231 = ORIENTED_EDGE('',*,*,#3903,.T.);
#11232 = ORIENTED_EDGE('',*,*,#11206,.T.);
#11233 = ORIENTED_EDGE('',*,*,#7119,.F.);
#11234 = ADVANCED_FACE('',(#11235),#3990,.T.);
#11235 = FACE_BOUND('',#11236,.T.);
#11236 = EDGE_LOOP('',(#11237,#11258,#11259,#11280));
#11237 = ORIENTED_EDGE('',*,*,#11238,.F.);
#11238 = EDGE_CURVE('',#3969,#7149,#11239,.T.);
#11239 = SURFACE_CURVE('',#11240,(#11244,#11251),.PCURVE_S1.);
#11240 = LINE('',#11241,#11242);
#11241 = CARTESIAN_POINT('',(46.59608134772,-37.91840190509,18.));
#11242 = VECTOR('',#11243,1.);
#11243 = DIRECTION('',(0.743144825477,-0.669130606359,0.));
#11244 = PCURVE('',#3990,#11245);
#11245 = DEFINITIONAL_REPRESENTATION('',(#11246),#11250);
#11246 = LINE('',#11247,#11248);
#11247 = CARTESIAN_POINT('',(20.,0.));
#11248 = VECTOR('',#11249,1.);
#11249 = DIRECTION('',(0.,-1.));
#11250 = ( GEOMETRIC_REPRESENTATION_CONTEXT(2) 
PARAMETRIC_REPRESENTATION_CONTEXT() REPRESENTATION_CONTEXT('2D SPACE',''
  ) );
#11251 = PCURVE('',#4019,#11252);
#11252 = DEFINITIONAL_REPRESENTATION('',(#11253),#11257);
#11253 = LINE('',#11254,#11255);
#11254 = CARTESIAN_POINT('',(0.,0.));
#11255 = VECTOR('',#11256,1.);
#11256 = DIRECTION('',(0.,1.));
#11257 = ( GEOMETRIC_REPRESENTATION_CONTEXT(2) 
PARAMETRIC_REPRESENTATION_CONTEXT() REPRESENTATION_CONTEXT('2D SPACE',''
  ) );
#11258 = ORIENTED_EDGE('',*,*,#3968,.T.);
#11259 = ORIENTED_EDGE('',*,*,#11260,.T.);
#11260 = EDGE_CURVE('',#3971,#7173,#11261,.T.);
#11261 = SURFACE_CURVE('',#11262,(#11266,#11273),.PCURVE_S1.);
#11262 = LINE('',#11263,#11264);
#11263 = CARTESIAN_POINT('',(46.59608134772,-37.91840190509,-2.));
#11264 = VECTOR('',#11265,1.);
#11265 = DIRECTION('',(0.743144825477,-0.669130606359,0.));
#11266 = PCURVE('',#3990,#11267);
#11267 = DEFINITIONAL_REPRESENTATION('',(#11268),#11272);
#11268 = LINE('',#11269,#11270);
#11269 = CARTESIAN_POINT('',(0.,0.));
#11270 = VECTOR('',#11271,1.);
#11271 = DIRECTION('',(0.,-1.));
#11272 = ( GEOMETRIC_REPRESENTATION_CONTEXT(2) 
PARAMETRIC_REPRESENTATION_CONTEXT() REPRESENTATION_CONTEXT('2D SPACE',''
  ) );
#11273 = PCURVE('',#4082,#11274);
#11274 = DEFINITIONAL_REPRESENTATION('',(#11275),#11279);
#11275 = LINE('',#11276,#11277);
#11276 = CARTESIAN_POINT('',(0.,0.));
#11277 = VECTOR('',#11278,1.);
#11278 = DIRECTION('',(0.,1.));
#11279 = ( GEOMETRIC_REPRESENTATION_CONTEXT(2) 
PARAMETRIC_REPRESENTATION_CONTEXT() REPRESENTATION_CONTEXT('2D SPACE',''
  ) );
#11280 = ORIENTED_EDGE('',*,*,#7172,.F.);
#11281 = ADVANCED_FACE('',(#11282),#4019,.F.);
#11282 = FACE_BOUND('',#11283,.F.);
#11283 = EDGE_LOOP('',(#11284,#11285,#11286,#11307));
#11284 = ORIENTED_EDGE('',*,*,#11238,.F.);
#11285 = ORIENTED_EDGE('',*,*,#4002,.T.);
#11286 = ORIENTED_EDGE('',*,*,#11287,.T.);
#11287 = EDGE_CURVE('',#4003,#7147,#11288,.T.);
#11288 = SURFACE_CURVE('',#11289,(#11293,#11300),.PCURVE_S1.);
#11289 = LINE('',#11290,#11291);
#11290 = CARTESIAN_POINT('',(42.581297709567,-42.37727085796,18.));
#11291 = VECTOR('',#11292,1.);
#11292 = DIRECTION('',(0.743144825477,-0.669130606359,0.));
#11293 = PCURVE('',#4019,#11294);
#11294 = DEFINITIONAL_REPRESENTATION('',(#11295),#11299);
#11295 = LINE('',#11296,#11297);
#11296 = CARTESIAN_POINT('',(6.,0.));
#11297 = VECTOR('',#11298,1.);
#11298 = DIRECTION('',(0.,1.));
#11299 = ( GEOMETRIC_REPRESENTATION_CONTEXT(2) 
PARAMETRIC_REPRESENTATION_CONTEXT() REPRESENTATION_CONTEXT('2D SPACE',''
  ) );
#11300 = PCURVE('',#4055,#11301);
#11301 = DEFINITIONAL_REPRESENTATION('',(#11302),#11306);
#11302 = LINE('',#11303,#11304);
#11303 = CARTESIAN_POINT('',(20.,0.));
#11304 = VECTOR('',#11305,1.);
#11305 = DIRECTION('',(0.,-1.));
#11306 = ( GEOMETRIC_REPRESENTATION_CONTEXT(2) 
PARAMETRIC_REPRESENTATION_CONTEXT() REPRESENTATION_CONTEXT('2D SPACE',''
  ) );
#11307 = ORIENTED_EDGE('',*,*,#7146,.T.);
#11308 = ADVANCED_FACE('',(#11309),#4082,.T.);
#11309 = FACE_BOUND('',#11310,.T.);
#11310 = EDGE_LOOP('',(#11311,#11312,#11313,#11334));
#11311 = ORIENTED_EDGE('',*,*,#11260,.F.);
#11312 = ORIENTED_EDGE('',*,*,#4067,.T.);
#11313 = ORIENTED_EDGE('',*,*,#11314,.T.);
#11314 = EDGE_CURVE('',#4036,#7200,#11315,.T.);
#11315 = SURFACE_CURVE('',#11316,(#11320,#11327),.PCURVE_S1.);
#11316 = LINE('',#11317,#11318);
#11317 = CARTESIAN_POINT('',(42.581297709567,-42.37727085796,-2.));
#11318 = VECTOR('',#11319,1.);
#11319 = DIRECTION('',(0.743144825477,-0.669130606359,0.));
#11320 = PCURVE('',#4082,#11321);
#11321 = DEFINITIONAL_REPRESENTATION('',(#11322),#11326);
#11322 = LINE('',#11323,#11324);
#11323 = CARTESIAN_POINT('',(6.,0.));
#11324 = VECTOR('',#11325,1.);
#11325 = DIRECTION('',(0.,1.));
#11326 = ( GEOMETRIC_REPRESENTATION_CONTEXT(2) 
PARAMETRIC_REPRESENTATION_CONTEXT() REPRESENTATION_CONTEXT('2D SPACE',''
  ) );
#11327 = PCURVE('',#4055,#11328);
#11328 = DEFINITIONAL_REPRESENTATION('',(#11329),#11333);
#11329 = LINE('',#11330,#11331);
#11330 = CARTESIAN_POINT('',(0.,0.));
#11331 = VECTOR('',#11332,1.);
#11332 = DIRECTION('',(0.,-1.));
#11333 = ( GEOMETRIC_REPRESENTATION_CONTEXT(2) 
PARAMETRIC_REPRESENTATION_CONTEXT() REPRESENTATION_CONTEXT('2D SPACE',''
  ) );
#11334 = ORIENTED_EDGE('',*,*,#7199,.T.);
#11335 = ADVANCED_FACE('',(#11336),#4055,.F.);
#11336 = FACE_BOUND('',#11337,.F.);
#11337 = EDGE_LOOP('',(#11338,#11339,#11340,#11341));
#11338 = ORIENTED_EDGE('',*,*,#11287,.F.);
#11339 = ORIENTED_EDGE('',*,*,#4035,.T.);
#11340 = ORIENTED_EDGE('',*,*,#11314,.T.);
#11341 = ORIENTED_EDGE('',*,*,#7223,.F.);
#11342 = ADVANCED_FACE('',(#11343),#4122,.T.);
#11343 = FACE_BOUND('',#11344,.T.);
#11344 = EDGE_LOOP('',(#11345,#11366,#11367,#11388));
#11345 = ORIENTED_EDGE('',*,*,#11346,.F.);
#11346 = EDGE_CURVE('',#4101,#7253,#11347,.T.);
#11347 = SURFACE_CURVE('',#11348,(#11352,#11359),.PCURVE_S1.);
#11348 = LINE('',#11349,#11350);
#11349 = CARTESIAN_POINT('',(53.461524227066,-27.40192378864,18.));
#11350 = VECTOR('',#11351,1.);
#11351 = DIRECTION('',(0.866025403784,-0.5,0.));
#11352 = PCURVE('',#4122,#11353);
#11353 = DEFINITIONAL_REPRESENTATION('',(#11354),#11358);
#11354 = LINE('',#11355,#11356);
#11355 = CARTESIAN_POINT('',(20.,0.));
#11356 = VECTOR('',#11357,1.);
#11357 = DIRECTION('',(0.,-1.));
#11358 = ( GEOMETRIC_REPRESENTATION_CONTEXT(2) 
PARAMETRIC_REPRESENTATION_CONTEXT() REPRESENTATION_CONTEXT('2D SPACE',''
  ) );
#11359 = PCURVE('',#4151,#11360);
#11360 = DEFINITIONAL_REPRESENTATION('',(#11361),#11365);
#11361 = LINE('',#11362,#11363);
#11362 = CARTESIAN_POINT('',(0.,0.));
#11363 = VECTOR('',#11364,1.);
#11364 = DIRECTION('',(0.,1.));
#11365 = ( GEOMETRIC_REPRESENTATION_CONTEXT(2) 
PARAMETRIC_REPRESENTATION_CONTEXT() REPRESENTATION_CONTEXT('2D SPACE',''
  ) );
#11366 = ORIENTED_EDGE('',*,*,#4100,.T.);
#11367 = ORIENTED_EDGE('',*,*,#11368,.T.);
#11368 = EDGE_CURVE('',#4103,#7277,#11369,.T.);
#11369 = SURFACE_CURVE('',#11370,(#11374,#11381),.PCURVE_S1.);
#11370 = LINE('',#11371,#11372);
#11371 = CARTESIAN_POINT('',(53.461524227066,-27.40192378864,-2.));
#11372 = VECTOR('',#11373,1.);
#11373 = DIRECTION('',(0.866025403784,-0.5,0.));
#11374 = PCURVE('',#4122,#11375);
#11375 = DEFINITIONAL_REPRESENTATION('',(#11376),#11380);
#11376 = LINE('',#11377,#11378);
#11377 = CARTESIAN_POINT('',(0.,0.));
#11378 = VECTOR('',#11379,1.);
#11379 = DIRECTION('',(0.,-1.));
#11380 = ( GEOMETRIC_REPRESENTATION_CONTEXT(2) 
PARAMETRIC_REPRESENTATION_CONTEXT() REPRESENTATION_CONTEXT('2D SPACE',''
  ) );
#11381 = PCURVE('',#4214,#11382);
#11382 = DEFINITIONAL_REPRESENTATION('',(#11383),#11387);
#11383 = LINE('',#11384,#11385);
#11384 = CARTESIAN_POINT('',(0.,0.));
#11385 = VECTOR('',#11386,1.);
#11386 = DIRECTION('',(0.,1.));
#11387 = ( GEOMETRIC_REPRESENTATION_CONTEXT(2) 
PARAMETRIC_REPRESENTATION_CONTEXT() REPRESENTATION_CONTEXT('2D SPACE',''
  ) );
#11388 = ORIENTED_EDGE('',*,*,#7276,.F.);
#11389 = ADVANCED_FACE('',(#11390),#4151,.F.);
#11390 = FACE_BOUND('',#11391,.F.);
#11391 = EDGE_LOOP('',(#11392,#11393,#11394,#11415));
#11392 = ORIENTED_EDGE('',*,*,#11346,.F.);
#11393 = ORIENTED_EDGE('',*,*,#4134,.T.);
#11394 = ORIENTED_EDGE('',*,*,#11395,.T.);
#11395 = EDGE_CURVE('',#4135,#7251,#11396,.T.);
#11396 = SURFACE_CURVE('',#11397,(#11401,#11408),.PCURVE_S1.);
#11397 = LINE('',#11398,#11399);
#11398 = CARTESIAN_POINT('',(50.461524227066,-32.59807621135,18.));
#11399 = VECTOR('',#11400,1.);
#11400 = DIRECTION('',(0.866025403784,-0.5,0.));
#11401 = PCURVE('',#4151,#11402);
#11402 = DEFINITIONAL_REPRESENTATION('',(#11403),#11407);
#11403 = LINE('',#11404,#11405);
#11404 = CARTESIAN_POINT('',(6.,3.10862446895E-15));
#11405 = VECTOR('',#11406,1.);
#11406 = DIRECTION('',(0.,1.));
#11407 = ( GEOMETRIC_REPRESENTATION_CONTEXT(2) 
PARAMETRIC_REPRESENTATION_CONTEXT() REPRESENTATION_CONTEXT('2D SPACE',''
  ) );
#11408 = PCURVE('',#4187,#11409);
#11409 = DEFINITIONAL_REPRESENTATION('',(#11410),#11414);
#11410 = LINE('',#11411,#11412);
#11411 = CARTESIAN_POINT('',(20.,0.));
#11412 = VECTOR('',#11413,1.);
#11413 = DIRECTION('',(0.,-1.));
#11414 = ( GEOMETRIC_REPRESENTATION_CONTEXT(2) 
PARAMETRIC_REPRESENTATION_CONTEXT() REPRESENTATION_CONTEXT('2D SPACE',''
  ) );
#11415 = ORIENTED_EDGE('',*,*,#7250,.T.);
#11416 = ADVANCED_FACE('',(#11417),#4214,.T.);
#11417 = FACE_BOUND('',#11418,.T.);
#11418 = EDGE_LOOP('',(#11419,#11420,#11421,#11442));
#11419 = ORIENTED_EDGE('',*,*,#11368,.F.);
#11420 = ORIENTED_EDGE('',*,*,#4199,.T.);
#11421 = ORIENTED_EDGE('',*,*,#11422,.T.);
#11422 = EDGE_CURVE('',#4168,#7304,#11423,.T.);
#11423 = SURFACE_CURVE('',#11424,(#11428,#11435),.PCURVE_S1.);
#11424 = LINE('',#11425,#11426);
#11425 = CARTESIAN_POINT('',(50.461524227066,-32.59807621135,-2.));
#11426 = VECTOR('',#11427,1.);
#11427 = DIRECTION('',(0.866025403784,-0.5,0.));
#11428 = PCURVE('',#4214,#11429);
#11429 = DEFINITIONAL_REPRESENTATION('',(#11430),#11434);
#11430 = LINE('',#11431,#11432);
#11431 = CARTESIAN_POINT('',(6.,3.10862446895E-15));
#11432 = VECTOR('',#11433,1.);
#11433 = DIRECTION('',(0.,1.));
#11434 = ( GEOMETRIC_REPRESENTATION_CONTEXT(2) 
PARAMETRIC_REPRESENTATION_CONTEXT() REPRESENTATION_CONTEXT('2D SPACE',''
  ) );
#11435 = PCURVE('',#4187,#11436);
#11436 = DEFINITIONAL_REPRESENTATION('',(#11437),#11441);
#11437 = LINE('',#11438,#11439);
#11438 = CARTESIAN_POINT('',(0.,0.));
#11439 = VECTOR('',#11440,1.);
#11440 = DIRECTION('',(0.,-1.));
#11441 = ( GEOMETRIC_REPRESENTATION_CONTEXT(2) 
PARAMETRIC_REPRESENTATION_CONTEXT() REPRESENTATION_CONTEXT('2D SPACE',''
  ) );
#11442 = ORIENTED_EDGE('',*,*,#7303,.T.);
#11443 = ADVANCED_FACE('',(#11444),#4187,.F.);
#11444 = FACE_BOUND('',#11445,.F.);
#11445 = EDGE_LOOP('',(#11446,#11447,#11448,#11449));
#11446 = ORIENTED_EDGE('',*,*,#11395,.F.);
#11447 = ORIENTED_EDGE('',*,*,#4167,.T.);
#11448 = ORIENTED_EDGE('',*,*,#11422,.T.);
#11449 = ORIENTED_EDGE('',*,*,#7327,.F.);
#11450 = ADVANCED_FACE('',(#11451),#4254,.T.);
#11451 = FACE_BOUND('',#11452,.T.);
#11452 = EDGE_LOOP('',(#11453,#11474,#11475,#11496));
#11453 = ORIENTED_EDGE('',*,*,#11454,.F.);
#11454 = EDGE_CURVE('',#4233,#7357,#11455,.T.);
#11455 = SURFACE_CURVE('',#11456,(#11460,#11467),.PCURVE_S1.);
#11456 = LINE('',#11457,#11458);
#11457 = CARTESIAN_POINT('',(57.990441960834,-15.68785011361,18.));
#11458 = VECTOR('',#11459,1.);
#11459 = DIRECTION('',(0.951056516295,-0.309016994375,0.));
#11460 = PCURVE('',#4254,#11461);
#11461 = DEFINITIONAL_REPRESENTATION('',(#11462),#11466);
#11462 = LINE('',#11463,#11464);
#11463 = CARTESIAN_POINT('',(20.,0.));
#11464 = VECTOR('',#11465,1.);
#11465 = DIRECTION('',(0.,-1.));
#11466 = ( GEOMETRIC_REPRESENTATION_CONTEXT(2) 
PARAMETRIC_REPRESENTATION_CONTEXT() REPRESENTATION_CONTEXT('2D SPACE',''
  ) );
#11467 = PCURVE('',#4283,#11468);
#11468 = DEFINITIONAL_REPRESENTATION('',(#11469),#11473);
#11469 = LINE('',#11470,#11471);
#11470 = CARTESIAN_POINT('',(0.,0.));
#11471 = VECTOR('',#11472,1.);
#11472 = DIRECTION('',(0.,1.));
#11473 = ( GEOMETRIC_REPRESENTATION_CONTEXT(2) 
PARAMETRIC_REPRESENTATION_CONTEXT() REPRESENTATION_CONTEXT('2D SPACE',''
  ) );
#11474 = ORIENTED_EDGE('',*,*,#4232,.T.);
#11475 = ORIENTED_EDGE('',*,*,#11476,.T.);
#11476 = EDGE_CURVE('',#4235,#7381,#11477,.T.);
#11477 = SURFACE_CURVE('',#11478,(#11482,#11489),.PCURVE_S1.);
#11478 = LINE('',#11479,#11480);
#11479 = CARTESIAN_POINT('',(57.990441960834,-15.68785011361,-2.));
#11480 = VECTOR('',#11481,1.);
#11481 = DIRECTION('',(0.951056516295,-0.309016994375,0.));
#11482 = PCURVE('',#4254,#11483);
#11483 = DEFINITIONAL_REPRESENTATION('',(#11484),#11488);
#11484 = LINE('',#11485,#11486);
#11485 = CARTESIAN_POINT('',(0.,0.));
#11486 = VECTOR('',#11487,1.);
#11487 = DIRECTION('',(0.,-1.));
#11488 = ( GEOMETRIC_REPRESENTATION_CONTEXT(2) 
PARAMETRIC_REPRESENTATION_CONTEXT() REPRESENTATION_CONTEXT('2D SPACE',''
  ) );
#11489 = PCURVE('',#4346,#11490);
#11490 = DEFINITIONAL_REPRESENTATION('',(#11491),#11495);
#11491 = LINE('',#11492,#11493);
#11492 = CARTESIAN_POINT('',(0.,0.));
#11493 = VECTOR('',#11494,1.);
#11494 = DIRECTION('',(0.,1.));
#11495 = ( GEOMETRIC_REPRESENTATION_CONTEXT(2) 
PARAMETRIC_REPRESENTATION_CONTEXT() REPRESENTATION_CONTEXT('2D SPACE',''
  ) );
#11496 = ORIENTED_EDGE('',*,*,#7380,.F.);
#11497 = ADVANCED_FACE('',(#11498),#4283,.F.);
#11498 = FACE_BOUND('',#11499,.F.);
#11499 = EDGE_LOOP('',(#11500,#11501,#11502,#11523));
#11500 = ORIENTED_EDGE('',*,*,#11454,.F.);
#11501 = ORIENTED_EDGE('',*,*,#4266,.T.);
#11502 = ORIENTED_EDGE('',*,*,#11503,.T.);
#11503 = EDGE_CURVE('',#4267,#7355,#11504,.T.);
#11504 = SURFACE_CURVE('',#11505,(#11509,#11516),.PCURVE_S1.);
#11505 = LINE('',#11506,#11507);
#11506 = CARTESIAN_POINT('',(56.136339994584,-21.39418921138,18.));
#11507 = VECTOR('',#11508,1.);
#11508 = DIRECTION('',(0.951056516295,-0.309016994375,0.));
#11509 = PCURVE('',#4283,#11510);
#11510 = DEFINITIONAL_REPRESENTATION('',(#11511),#11515);
#11511 = LINE('',#11512,#11513);
#11512 = CARTESIAN_POINT('',(6.,-1.33226762955E-15));
#11513 = VECTOR('',#11514,1.);
#11514 = DIRECTION('',(0.,1.));
#11515 = ( GEOMETRIC_REPRESENTATION_CONTEXT(2) 
PARAMETRIC_REPRESENTATION_CONTEXT() REPRESENTATION_CONTEXT('2D SPACE',''
  ) );
#11516 = PCURVE('',#4319,#11517);
#11517 = DEFINITIONAL_REPRESENTATION('',(#11518),#11522);
#11518 = LINE('',#11519,#11520);
#11519 = CARTESIAN_POINT('',(20.,0.));
#11520 = VECTOR('',#11521,1.);
#11521 = DIRECTION('',(0.,-1.));
#11522 = ( GEOMETRIC_REPRESENTATION_CONTEXT(2) 
PARAMETRIC_REPRESENTATION_CONTEXT() REPRESENTATION_CONTEXT('2D SPACE',''
  ) );
#11523 = ORIENTED_EDGE('',*,*,#7354,.T.);
#11524 = ADVANCED_FACE('',(#11525),#4346,.T.);
#11525 = FACE_BOUND('',#11526,.T.);
#11526 = EDGE_LOOP('',(#11527,#11528,#11529,#11550));
#11527 = ORIENTED_EDGE('',*,*,#11476,.F.);
#11528 = ORIENTED_EDGE('',*,*,#4331,.T.);
#11529 = ORIENTED_EDGE('',*,*,#11530,.T.);
#11530 = EDGE_CURVE('',#4300,#7408,#11531,.T.);
#11531 = SURFACE_CURVE('',#11532,(#11536,#11543),.PCURVE_S1.);
#11532 = LINE('',#11533,#11534);
#11533 = CARTESIAN_POINT('',(56.136339994584,-21.39418921138,-2.));
#11534 = VECTOR('',#11535,1.);
#11535 = DIRECTION('',(0.951056516295,-0.309016994375,0.));
#11536 = PCURVE('',#4346,#11537);
#11537 = DEFINITIONAL_REPRESENTATION('',(#11538),#11542);
#11538 = LINE('',#11539,#11540);
#11539 = CARTESIAN_POINT('',(6.,-1.33226762955E-15));
#11540 = VECTOR('',#11541,1.);
#11541 = DIRECTION('',(0.,1.));
#11542 = ( GEOMETRIC_REPRESENTATION_CONTEXT(2) 
PARAMETRIC_REPRESENTATION_CONTEXT() REPRESENTATION_CONTEXT('2D SPACE',''
  ) );
#11543 = PCURVE('',#4319,#11544);
#11544 = DEFINITIONAL_REPRESENTATION('',(#11545),#11549);
#11545 = LINE('',#11546,#11547);
#11546 = CARTESIAN_POINT('',(0.,0.));
#11547 = VECTOR('',#11548,1.);
#11548 = DIRECTION('',(0.,-1.));
#11549 = ( GEOMETRIC_REPRESENTATION_CONTEXT(2) 
PARAMETRIC_REPRESENTATION_CONTEXT() REPRESENTATION_CONTEXT('2D SPACE',''
  ) );
#11550 = ORIENTED_EDGE('',*,*,#7407,.T.);
#11551 = ADVANCED_FACE('',(#11552),#4319,.F.);
#11552 = FACE_BOUND('',#11553,.F.);
#11553 = EDGE_LOOP('',(#11554,#11555,#11556,#11557));
#11554 = ORIENTED_EDGE('',*,*,#11503,.F.);
#11555 = ORIENTED_EDGE('',*,*,#4299,.T.);
#11556 = ORIENTED_EDGE('',*,*,#11530,.T.);
#11557 = ORIENTED_EDGE('',*,*,#7431,.F.);
#11558 = ADVANCED_FACE('',(#11559),#4386,.T.);
#11559 = FACE_BOUND('',#11560,.T.);
#11560 = EDGE_LOOP('',(#11561,#11582,#11583,#11604));
#11561 = ORIENTED_EDGE('',*,*,#11562,.F.);
#11562 = EDGE_CURVE('',#4365,#7461,#11563,.T.);
#11563 = SURFACE_CURVE('',#11564,(#11568,#11575),.PCURVE_S1.);
#11564 = LINE('',#11565,#11566);
#11565 = CARTESIAN_POINT('',(59.984899111899,-3.288142109954,18.));
#11566 = VECTOR('',#11567,1.);
#11567 = DIRECTION('',(0.994521895368,-0.104528463268,0.));
#11568 = PCURVE('',#4386,#11569);
#11569 = DEFINITIONAL_REPRESENTATION('',(#11570),#11574);
#11570 = LINE('',#11571,#11572);
#11571 = CARTESIAN_POINT('',(20.,0.));
#11572 = VECTOR('',#11573,1.);
#11573 = DIRECTION('',(0.,-1.));
#11574 = ( GEOMETRIC_REPRESENTATION_CONTEXT(2) 
PARAMETRIC_REPRESENTATION_CONTEXT() REPRESENTATION_CONTEXT('2D SPACE',''
  ) );
#11575 = PCURVE('',#4415,#11576);
#11576 = DEFINITIONAL_REPRESENTATION('',(#11577),#11581);
#11577 = LINE('',#11578,#11579);
#11578 = CARTESIAN_POINT('',(0.,0.));
#11579 = VECTOR('',#11580,1.);
#11580 = DIRECTION('',(0.,1.));
#11581 = ( GEOMETRIC_REPRESENTATION_CONTEXT(2) 
PARAMETRIC_REPRESENTATION_CONTEXT() REPRESENTATION_CONTEXT('2D SPACE',''
  ) );
#11582 = ORIENTED_EDGE('',*,*,#4364,.T.);
#11583 = ORIENTED_EDGE('',*,*,#11584,.T.);
#11584 = EDGE_CURVE('',#4367,#7485,#11585,.T.);
#11585 = SURFACE_CURVE('',#11586,(#11590,#11597),.PCURVE_S1.);
#11586 = LINE('',#11587,#11588);
#11587 = CARTESIAN_POINT('',(59.984899111899,-3.288142109954,-2.));
#11588 = VECTOR('',#11589,1.);
#11589 = DIRECTION('',(0.994521895368,-0.104528463268,0.));
#11590 = PCURVE('',#4386,#11591);
#11591 = DEFINITIONAL_REPRESENTATION('',(#11592),#11596);
#11592 = LINE('',#11593,#11594);
#11593 = CARTESIAN_POINT('',(0.,0.));
#11594 = VECTOR('',#11595,1.);
#11595 = DIRECTION('',(0.,-1.));
#11596 = ( GEOMETRIC_REPRESENTATION_CONTEXT(2) 
PARAMETRIC_REPRESENTATION_CONTEXT() REPRESENTATION_CONTEXT('2D SPACE',''
  ) );
#11597 = PCURVE('',#4478,#11598);
#11598 = DEFINITIONAL_REPRESENTATION('',(#11599),#11603);
#11599 = LINE('',#11600,#11601);
#11600 = CARTESIAN_POINT('',(0.,0.));
#11601 = VECTOR('',#11602,1.);
#11602 = DIRECTION('',(0.,1.));
#11603 = ( GEOMETRIC_REPRESENTATION_CONTEXT(2) 
PARAMETRIC_REPRESENTATION_CONTEXT() REPRESENTATION_CONTEXT('2D SPACE',''
  ) );
#11604 = ORIENTED_EDGE('',*,*,#7484,.F.);
#11605 = ADVANCED_FACE('',(#11606),#4415,.F.);
#11606 = FACE_BOUND('',#11607,.F.);
#11607 = EDGE_LOOP('',(#11608,#11609,#11610,#11631));
#11608 = ORIENTED_EDGE('',*,*,#11562,.F.);
#11609 = ORIENTED_EDGE('',*,*,#4398,.T.);
#11610 = ORIENTED_EDGE('',*,*,#11611,.T.);
#11611 = EDGE_CURVE('',#4399,#7459,#11612,.T.);
#11612 = SURFACE_CURVE('',#11613,(#11617,#11624),.PCURVE_S1.);
#11613 = LINE('',#11614,#11615);
#11614 = CARTESIAN_POINT('',(59.357728332293,-9.255273482164,18.));
#11615 = VECTOR('',#11616,1.);
#11616 = DIRECTION('',(0.994521895368,-0.104528463268,0.));
#11617 = PCURVE('',#4415,#11618);
#11618 = DEFINITIONAL_REPRESENTATION('',(#11619),#11623);
#11619 = LINE('',#11620,#11621);
#11620 = CARTESIAN_POINT('',(6.,7.771561172376E-16));
#11621 = VECTOR('',#11622,1.);
#11622 = DIRECTION('',(0.,1.));
#11623 = ( GEOMETRIC_REPRESENTATION_CONTEXT(2) 
PARAMETRIC_REPRESENTATION_CONTEXT() REPRESENTATION_CONTEXT('2D SPACE',''
  ) );
#11624 = PCURVE('',#4451,#11625);
#11625 = DEFINITIONAL_REPRESENTATION('',(#11626),#11630);
#11626 = LINE('',#11627,#11628);
#11627 = CARTESIAN_POINT('',(20.,0.));
#11628 = VECTOR('',#11629,1.);
#11629 = DIRECTION('',(0.,-1.));
#11630 = ( GEOMETRIC_REPRESENTATION_CONTEXT(2) 
PARAMETRIC_REPRESENTATION_CONTEXT() REPRESENTATION_CONTEXT('2D SPACE',''
  ) );
#11631 = ORIENTED_EDGE('',*,*,#7458,.T.);
#11632 = ADVANCED_FACE('',(#11633),#4478,.T.);
#11633 = FACE_BOUND('',#11634,.T.);
#11634 = EDGE_LOOP('',(#11635,#11636,#11637,#11658));
#11635 = ORIENTED_EDGE('',*,*,#11584,.F.);
#11636 = ORIENTED_EDGE('',*,*,#4463,.T.);
#11637 = ORIENTED_EDGE('',*,*,#11638,.T.);
#11638 = EDGE_CURVE('',#4432,#7512,#11639,.T.);
#11639 = SURFACE_CURVE('',#11640,(#11644,#11651),.PCURVE_S1.);
#11640 = LINE('',#11641,#11642);
#11641 = CARTESIAN_POINT('',(59.357728332293,-9.255273482164,-2.));
#11642 = VECTOR('',#11643,1.);
#11643 = DIRECTION('',(0.994521895368,-0.104528463268,0.));
#11644 = PCURVE('',#4478,#11645);
#11645 = DEFINITIONAL_REPRESENTATION('',(#11646),#11650);
#11646 = LINE('',#11647,#11648);
#11647 = CARTESIAN_POINT('',(6.,7.771561172376E-16));
#11648 = VECTOR('',#11649,1.);
#11649 = DIRECTION('',(0.,1.));
#11650 = ( GEOMETRIC_REPRESENTATION_CONTEXT(2) 
PARAMETRIC_REPRESENTATION_CONTEXT() REPRESENTATION_CONTEXT('2D SPACE',''
  ) );
#11651 = PCURVE('',#4451,#11652);
#11652 = DEFINITIONAL_REPRESENTATION('',(#11653),#11657);
#11653 = LINE('',#11654,#11655);
#11654 = CARTESIAN_POINT('',(0.,0.));
#11655 = VECTOR('',#11656,1.);
#11656 = DIRECTION('',(0.,-1.));
#11657 = ( GEOMETRIC_REPRESENTATION_CONTEXT(2) 
PARAMETRIC_REPRESENTATION_CONTEXT() REPRESENTATION_CONTEXT('2D SPACE',''
  ) );
#11658 = ORIENTED_EDGE('',*,*,#7511,.T.);
#11659 = ADVANCED_FACE('',(#11660),#4451,.F.);
#11660 = FACE_BOUND('',#11661,.F.);
#11661 = EDGE_LOOP('',(#11662,#11663,#11664,#11665));
#11662 = ORIENTED_EDGE('',*,*,#11611,.F.);
#11663 = ORIENTED_EDGE('',*,*,#4431,.T.);
#11664 = ORIENTED_EDGE('',*,*,#11638,.T.);
#11665 = ORIENTED_EDGE('',*,*,#7535,.F.);
#11666 = ADVANCED_FACE('',(#11667),#7741,.F.);
#11667 = FACE_BOUND('',#11668,.F.);
#11668 = EDGE_LOOP('',(#11669,#11670,#11691,#11692));
#11669 = ORIENTED_EDGE('',*,*,#7725,.F.);
#11670 = ORIENTED_EDGE('',*,*,#11671,.T.);
#11671 = EDGE_CURVE('',#7698,#7878,#11672,.T.);
#11672 = SURFACE_CURVE('',#11673,(#11677,#11684),.PCURVE_S1.);
#11673 = LINE('',#11674,#11675);
#11674 = CARTESIAN_POINT('',(35.0355242993,56.683308156202,22.));
#11675 = VECTOR('',#11676,1.);
#11676 = DIRECTION('',(-0.866025403784,0.5,0.));
#11677 = PCURVE('',#7741,#11678);
#11678 = DEFINITIONAL_REPRESENTATION('',(#11679),#11683);
#11679 = LINE('',#11680,#11681);
#11680 = CARTESIAN_POINT('',(0.,0.));
#11681 = VECTOR('',#11682,1.);
#11682 = DIRECTION('',(0.,-1.));
#11683 = ( GEOMETRIC_REPRESENTATION_CONTEXT(2) 
PARAMETRIC_REPRESENTATION_CONTEXT() REPRESENTATION_CONTEXT('2D SPACE',''
  ) );
#11684 = PCURVE('',#7713,#11685);
#11685 = DEFINITIONAL_REPRESENTATION('',(#11686),#11690);
#11686 = LINE('',#11687,#11688);
#11687 = CARTESIAN_POINT('',(0.,0.));
#11688 = VECTOR('',#11689,1.);
#11689 = DIRECTION('',(0.,1.));
#11690 = ( GEOMETRIC_REPRESENTATION_CONTEXT(2) 
PARAMETRIC_REPRESENTATION_CONTEXT() REPRESENTATION_CONTEXT('2D SPACE',''
  ) );
#11691 = ORIENTED_EDGE('',*,*,#7900,.T.);
#11692 = ORIENTED_EDGE('',*,*,#7850,.F.);
#11693 = ADVANCED_FACE('',(#11694),#7713,.F.);
#11694 = FACE_BOUND('',#11695,.F.);
#11695 = EDGE_LOOP('',(#11696,#11697,#11698,#11699));
#11696 = ORIENTED_EDGE('',*,*,#11671,.F.);
#11697 = ORIENTED_EDGE('',*,*,#7697,.T.);
#11698 = ORIENTED_EDGE('',*,*,#7779,.T.);
#11699 = ORIENTED_EDGE('',*,*,#7877,.F.);
#11700 = ADVANCED_FACE('',(#11701),#7993,.F.);
#11701 = FACE_BOUND('',#11702,.F.);
#11702 = EDGE_LOOP('',(#11703,#11704,#11725,#11726));
#11703 = ORIENTED_EDGE('',*,*,#7977,.F.);
#11704 = ORIENTED_EDGE('',*,*,#11705,.T.);
#11705 = EDGE_CURVE('',#7950,#8130,#11706,.T.);
#11706 = SURFACE_CURVE('',#11707,(#11711,#11718),.PCURVE_S1.);
#11707 = LINE('',#11708,#11709);
#11708 = CARTESIAN_POINT('',(-66.60694698346,2.,22.));
#11709 = VECTOR('',#11710,1.);
#11710 = DIRECTION('',(-1.224646799147E-16,-1.,0.));
#11711 = PCURVE('',#7993,#11712);
#11712 = DEFINITIONAL_REPRESENTATION('',(#11713),#11717);
#11713 = LINE('',#11714,#11715);
#11714 = CARTESIAN_POINT('',(0.,0.));
#11715 = VECTOR('',#11716,1.);
#11716 = DIRECTION('',(0.,-1.));
#11717 = ( GEOMETRIC_REPRESENTATION_CONTEXT(2) 
PARAMETRIC_REPRESENTATION_CONTEXT() REPRESENTATION_CONTEXT('2D SPACE',''
  ) );
#11718 = PCURVE('',#7965,#11719);
#11719 = DEFINITIONAL_REPRESENTATION('',(#11720),#11724);
#11720 = LINE('',#11721,#11722);
#11721 = CARTESIAN_POINT('',(0.,0.));
#11722 = VECTOR('',#11723,1.);
#11723 = DIRECTION('',(0.,1.));
#11724 = ( GEOMETRIC_REPRESENTATION_CONTEXT(2) 
PARAMETRIC_REPRESENTATION_CONTEXT() REPRESENTATION_CONTEXT('2D SPACE',''
  ) );
#11725 = ORIENTED_EDGE('',*,*,#8152,.T.);
#11726 = ORIENTED_EDGE('',*,*,#8102,.F.);
#11727 = ADVANCED_FACE('',(#11728),#7965,.F.);
#11728 = FACE_BOUND('',#11729,.F.);
#11729 = EDGE_LOOP('',(#11730,#11731,#11732,#11733));
#11730 = ORIENTED_EDGE('',*,*,#11705,.F.);
#11731 = ORIENTED_EDGE('',*,*,#7949,.T.);
#11732 = ORIENTED_EDGE('',*,*,#8031,.T.);
#11733 = ORIENTED_EDGE('',*,*,#8129,.F.);
#11734 = ADVANCED_FACE('',(#11735),#8245,.F.);
#11735 = FACE_BOUND('',#11736,.F.);
#11736 = EDGE_LOOP('',(#11737,#11738,#11759,#11760));
#11737 = ORIENTED_EDGE('',*,*,#8229,.F.);
#11738 = ORIENTED_EDGE('',*,*,#11739,.T.);
#11739 = EDGE_CURVE('',#8202,#8355,#11740,.T.);
#11740 = SURFACE_CURVE('',#11741,(#11745,#11752),.PCURVE_S1.);
#11741 = LINE('',#11742,#11743);
#11742 = CARTESIAN_POINT('',(31.571422684163,-58.6833081562,22.));
#11743 = VECTOR('',#11744,1.);
#11744 = DIRECTION('',(0.866025403784,0.5,0.));
#11745 = PCURVE('',#8245,#11746);
#11746 = DEFINITIONAL_REPRESENTATION('',(#11747),#11751);
#11747 = LINE('',#11748,#11749);
#11748 = CARTESIAN_POINT('',(0.,0.));
#11749 = VECTOR('',#11750,1.);
#11750 = DIRECTION('',(0.,-1.));
#11751 = ( GEOMETRIC_REPRESENTATION_CONTEXT(2) 
PARAMETRIC_REPRESENTATION_CONTEXT() REPRESENTATION_CONTEXT('2D SPACE',''
  ) );
#11752 = PCURVE('',#8217,#11753);
#11753 = DEFINITIONAL_REPRESENTATION('',(#11754),#11758);
#11754 = LINE('',#11755,#11756);
#11755 = CARTESIAN_POINT('',(0.,0.));
#11756 = VECTOR('',#11757,1.);
#11757 = DIRECTION('',(0.,1.));
#11758 = ( GEOMETRIC_REPRESENTATION_CONTEXT(2) 
PARAMETRIC_REPRESENTATION_CONTEXT() REPRESENTATION_CONTEXT('2D SPACE',''
  ) );
#11759 = ORIENTED_EDGE('',*,*,#8377,.T.);
#11760 = ORIENTED_EDGE('',*,*,#8305,.F.);
#11761 = ADVANCED_FACE('',(#11762),#8217,.F.);
#11762 = FACE_BOUND('',#11763,.F.);
#11763 = EDGE_LOOP('',(#11764,#11765,#11766,#11767));
#11764 = ORIENTED_EDGE('',*,*,#11739,.F.);
#11765 = ORIENTED_EDGE('',*,*,#8201,.T.);
#11766 = ORIENTED_EDGE('',*,*,#8404,.T.);
#11767 = ORIENTED_EDGE('',*,*,#8354,.F.);
#11768 = ( GEOMETRIC_REPRESENTATION_CONTEXT(3) 
GLOBAL_UNCERTAINTY_ASSIGNED_CONTEXT((#11772)) 
GLOBAL_UNIT_ASSIGNED_CONTEXT((#11769,#11770,#11771)) 
REPRESENTATION_CONTEXT('Context #1',
  '3D Context with UNIT and UNCERTAINTY') );
#11769 = ( LENGTH_UNIT() NAMED_UNIT(*) SI_UNIT(.MILLI.,.METRE.) );
#11770 = ( NAMED_UNIT(*) PLANE_ANGLE_UNIT() SI_UNIT($,.RADIAN.) );
#11771 = ( NAMED_UNIT(*) SI_UNIT($,.STERADIAN.) SOLID_ANGLE_UNIT() );
#11772 = UNCERTAINTY_MEASURE_WITH_UNIT(LENGTH_MEASURE(1.E-07),#11769,
  'distance_accuracy_value','confusion accuracy');
#11773 = PRODUCT_RELATED_PRODUCT_CATEGORY('part',$,(#7));
ENDSEC;
END-ISO-10303-21;
