ISO-10303-21;
HEADER;
FILE_DESCRIPTION(('Open CASCADE Model'),'2;1');
FILE_NAME('Open CASCADE Shape Model','2026-10-08T17:46:10',('Author'),(
    'Open CASCADE'),'Open CASCADE STEP processor 7.9','Open CASCADE 7.9'
  ,'Unknown');
FILE_SCHEMA(('AUTOMOTIVE_DESIGN { 1 0 10303 214 1 1 1 1 }'));
ENDSEC;
DATA;
#1 = APPLICATION_PROTOCOL_DEFINITION('international standard',
  'automotive_design',2000,#2);
#2 = APPLICATION_CONTEXT(
  'core data for automotive mechanical design processes');
#3 = SHAPE_DEFINITION_REPRESENTATION(#4,#10);
#4 = PRODUCT_DEFINITION_SHAPE('','',#5);
#5 = PRODUCT_DEFINITION('design','',#6,#9);
#6 = PRODUCT_DEFINITION_FORMATION('','',#7);
#7 = PRODUCT('Open CASCADE STEP translator 7.9 9',
  'Open CASCADE STEP translator 7.9 9','',(#8));
#8 = PRODUCT_CONTEXT('',#2,'mechanical');
#9 = PRODUCT_DEFINITION_CONTEXT('part definition',#2,'design');
#10 = ADVANCED_BREP_SHAPE_REPRESENTATION('',(#11,#15),#11427);
#11 = AXIS2_PLACEMENT_3D('',#12,#13,#14);
#12 = CARTESIAN_POINT('',(0.,0.,0.));
#13 = DIRECTION('',(0.,0.,1.));
#14 = DIRECTION('',(1.,0.,-0.));
#15 = MANIFOLD_SOLID_BREP('',#16);
#16 = CLOSED_SHELL('',(#17,#4975,#6743,#6850,#9390,#9440,#9727,#10829,
    #10878,#10954,#10961,#10988,#11045,#11123,#11172,#11248,#11255,
    #11282,#11337,#11392,#11399,#11406,#11411,#11415,#11419,#11423));
#17 = ADVANCED_FACE('',(#18),#374,.T.);
#18 = FACE_BOUND('',#19,.T.);
#19 = EDGE_LOOP('',(#20,#1518,#1606,#2702,#3798,#4889));
#20 = ORIENTED_EDGE('',*,*,#21,.F.);
#21 = EDGE_CURVE('',#22,#24,#26,.T.);
#22 = VERTEX_POINT('',#23);
#23 = CARTESIAN_POINT('',(133.,94.126779547816,-52.));
#24 = VERTEX_POINT('',#25);
#25 = CARTESIAN_POINT('',(314.,72.806112938797,-52.));
#26 = SURFACE_CURVE('',#27,(#373,#1164),.PCURVE_S1.);
#27 = B_SPLINE_CURVE_WITH_KNOTS('',8,(#28,#29,#30,#31,#32,#33,#34,#35,
    #36,#37,#38,#39,#40,#41,#42,#43,#44,#45,#46,#47,#48,#49,#50,#51,#52,
    #53,#54,#55,#56,#57,#58,#59,#60,#61,#62,#63,#64,#65,#66,#67,#68,#69,
    #70,#71,#72,#73,#74,#75,#76,#77,#78,#79,#80,#81,#82,#83,#84,#85,#86,
    #87,#88,#89,#90,#91,#92,#93,#94,#95,#96,#97,#98,#99,#100,#101,#102,
    #103,#104,#105,#106,#107,#108,#109,#110,#111,#112,#113,#114,#115,
    #116,#117,#118,#119,#120,#121,#122,#123,#124,#125,#126,#127,#128,
    #129,#130,#131,#132,#133,#134,#135,#136,#137,#138,#139,#140,#141,
    #142,#143,#144,#145,#146,#147,#148,#149,#150,#151,#152,#153,#154,
    #155,#156,#157,#158,#159,#160,#161,#162,#163,#164,#165,#166,#167,
    #168,#169,#170,#171,#172,#173,#174,#175,#176,#177,#178,#179,#180,
    #181,#182,#183,#184,#185,#186,#187,#188,#189,#190,#191,#192,#193,
    #194,#195,#196,#197,#198,#199,#200,#201,#202,#203,#204,#205,#206,
    #207,#208,#209,#210,#211,#212,#213,#214,#215,#216,#217,#218,#219,
    #220,#221,#222,#223,#224,#225,#226,#227,#228,#229,#230,#231,#232,
    #233,#234,#235,#236,#237,#238,#239,#240,#241,#242,#243,#244,#245,
    #246,#247,#248,#249,#250,#251,#252,#253,#254,#255,#256,#257,#258,
    #259,#260,#261,#262,#263,#264,#265,#266,#267,#268,#269,#270,#271,
    #272,#273,#274,#275,#276,#277,#278,#279,#280,#281,#282,#283,#284,
    #285,#286,#287,#288,#289,#290,#291,#292,#293,#294,#295,#296,#297,
    #298,#299,#300,#301,#302,#303,#304,#305,#306,#307,#308,#309,#310,
    #311,#312,#313,#314,#315,#316,#317,#318,#319,#320,#321,#322,#323,
    #324,#325,#326,#327,#328,#329,#330,#331,#332,#333,#334,#335,#336,
    #337,#338,#339,#340,#341,#342,#343,#344,#345,#346,#347,#348,#349,
    #350,#351,#352,#353,#354,#355,#356,#357,#358,#359,#360,#361,#362,
    #363,#364,#365,#366,#367,#368,#369,#370,#371,#372),.UNSPECIFIED.,.F.
  ,.F.,(9,7,7,7,7,7,7,7,7,7,7,7,7,7,7,7,7,7,7,7,7,7,7,7,7,7,7,7,7,7,7,7,
    7,7,7,7,7,7,7,7,7,7,7,7,7,7,7,7,7,9),(0.,3.522308624447E-02,
    4.753292974567E-02,6.191489484994E-02,8.695439541408E-02,
    0.100938193277,0.114338209662,0.131905977332,0.159220383335,
    0.173376925224,0.187533460089,0.208647999114,0.224053054337,
    0.247772744693,0.258897963901,0.271413838302,0.289464953114,
    0.306104210083,0.339328061038,0.36833131466,0.393158888923,
    0.415211766029,0.434500461188,0.451031657636,0.480020448749,
    0.502066219,0.536528888612,0.554461171109,0.57240409578,
    0.587591673527,0.616607324496,0.642902846435,0.6650865405,
    0.684534114736,0.702629582351,0.733354125069,0.757208036041,
    0.775535325201,0.788253776298,0.809532147937,0.831009337671,
    0.842570328853,0.859977889052,0.879027864433,0.896814542081,
    0.910360466765,0.932190562869,0.951811849724,0.973025978833,1.),
  .UNSPECIFIED.);
#28 = CARTESIAN_POINT('',(41.253627640529,0.,-52.));
#29 = CARTESIAN_POINT('',(41.253627640529,2.611721586435,-52.));
#30 = CARTESIAN_POINT('',(41.355186106414,5.224250059029,-52.));
#31 = CARTESIAN_POINT('',(41.558413693465,7.821654618891,-52.));
#32 = CARTESIAN_POINT('',(41.86048972751,10.390937874241,-52.));
#33 = CARTESIAN_POINT('',(42.256674145249,12.921628785666,-52.));
#34 = CARTESIAN_POINT('',(42.741032324524,15.405430292168,-52.));
#35 = CARTESIAN_POINT('',(43.306965365632,17.835937566701,-52.));
#36 = CARTESIAN_POINT('',(44.171542234308,21.037591339022,-52.));
#37 = CARTESIAN_POINT('',(44.404629291296,21.859857535231,-52.));
#38 = CARTESIAN_POINT('',(44.646635356565,22.675108437726,-52.));
#39 = CARTESIAN_POINT('',(44.897299086225,23.483239517952,-52.));
#40 = CARTESIAN_POINT('',(45.156363839934,24.284172812299,-52.));
#41 = CARTESIAN_POINT('',(45.423579529127,25.077855014817,-52.));
#42 = CARTESIAN_POINT('',(45.69870446525,25.864255569925,-52.));
#43 = CARTESIAN_POINT('',(46.311914266131,27.55362176851,-52.));
#44 = CARTESIAN_POINT('',(46.652798350393,28.453917043512,-52.));
#45 = CARTESIAN_POINT('',(47.003790391518,29.344240177131,-52.));
#46 = CARTESIAN_POINT('',(47.364535906495,30.224603139519,-52.));
#47 = CARTESIAN_POINT('',(47.73469542562,31.095041038702,-52.));
#48 = CARTESIAN_POINT('',(48.11394543145,31.955611519564,-52.));
#49 = CARTESIAN_POINT('',(48.501979809666,32.806392807063,-52.));
#50 = CARTESIAN_POINT('',(49.588887794507,35.111843083185,-52.));
#51 = CARTESIAN_POINT('',(50.30498995397,36.54675452222,-52.));
#52 = CARTESIAN_POINT('',(51.045322915548,37.952766919723,-52.));
#53 = CARTESIAN_POINT('',(51.808504358106,39.330460958336,-52.));
#54 = CARTESIAN_POINT('',(52.593269640609,40.680419523356,-52.));
#55 = CARTESIAN_POINT('',(53.398461023033,42.003295010215,-52.));
#56 = CARTESIAN_POINT('',(54.223051097161,43.299716577353,-52.));
#57 = CARTESIAN_POINT('',(55.536960018047,45.280036726525,-52.));
#58 = CARTESIAN_POINT('',(56.013548096554,45.981630859649,-52.));
#59 = CARTESIAN_POINT('',(56.495727178807,46.675295889398,-52.));
#60 = CARTESIAN_POINT('',(56.983339855787,47.36114311239,-52.));
#61 = CARTESIAN_POINT('',(57.476235855008,48.039281310471,-52.));
#62 = CARTESIAN_POINT('',(57.974272001162,48.709817221589,-52.));
#63 = CARTESIAN_POINT('',(58.477312176745,49.372856010683,-52.));
#64 = CARTESIAN_POINT('',(59.471938461492,50.656776234297,-52.));
#65 = CARTESIAN_POINT('',(59.96312483153,51.278260575449,-52.));
#66 = CARTESIAN_POINT('',(60.458672313656,51.893045543656,-52.));
#67 = CARTESIAN_POINT('',(60.958471161811,52.501218794316,-52.));
#68 = CARTESIAN_POINT('',(61.462415971436,53.10286562305,-52.));
#69 = CARTESIAN_POINT('',(61.97040568788,53.698069730177,-52.));
#70 = CARTESIAN_POINT('',(62.4823436148,54.28691398518,-52.));
#71 = CARTESIAN_POINT('',(63.674356430073,55.633241848849,-52.));
#72 = CARTESIAN_POINT('',(64.353326309609,56.381834443015,-52.));
#73 = CARTESIAN_POINT('',(65.034990010912,57.115980012623,-52.));
#74 = CARTESIAN_POINT('',(65.719298003226,57.836323600493,-52.));
#75 = CARTESIAN_POINT('',(66.406204066783,58.543444218988,-52.));
#76 = CARTESIAN_POINT('',(67.095661719861,59.237863143086,-52.));
#77 = CARTESIAN_POINT('',(67.787621281407,59.920050530863,-52.));
#78 = CARTESIAN_POINT('',(69.561692079415,61.632738505438,-52.));
#79 = CARTESIAN_POINT('',(70.6538464414,62.652850132577,-52.));
#80 = CARTESIAN_POINT('',(71.757931895425,63.651293196041,-52.));
#81 = CARTESIAN_POINT('',(72.873434785947,64.628575188201,-52.));
#82 = CARTESIAN_POINT('',(73.999838942632,65.585146655244,-52.));
#83 = CARTESIAN_POINT('',(75.136698229175,66.521470279554,-52.));
#84 = CARTESIAN_POINT('',(76.283550545928,67.43795605476,-52.));
#85 = CARTESIAN_POINT('',(78.039358795014,68.799953731296,-52.));
#86 = CARTESIAN_POINT('',(78.64013548888,69.258766777319,-52.));
#87 = CARTESIAN_POINT('',(79.242302448652,69.71159330397,-52.));
#88 = CARTESIAN_POINT('',(79.845837117849,70.15855839582,-52.));
#89 = CARTESIAN_POINT('',(80.450717123095,70.599780165088,-52.));
#90 = CARTESIAN_POINT('',(81.056920099035,71.03537028402,-52.));
#91 = CARTESIAN_POINT('',(81.664423513246,71.465434517281,-52.));
#92 = CARTESIAN_POINT('',(82.881985166991,72.314711780689,-52.));
#93 = CARTESIAN_POINT('',(83.492044305576,72.73392558358,-52.));
#94 = CARTESIAN_POINT('',(84.103359336958,73.147814531119,-52.));
#95 = CARTESIAN_POINT('',(84.715906087031,73.556473512157,-52.));
#96 = CARTESIAN_POINT('',(85.329661681493,73.959993209159,-52.));
#97 = CARTESIAN_POINT('',(85.9446056623,74.358460599726,-52.));
#98 = CARTESIAN_POINT('',(86.560719316643,74.751959186769,-52.));
#99 = CARTESIAN_POINT('',(88.098635261256,75.720182276872,-52.));
#100 = CARTESIAN_POINT('',(89.023500595605,76.289961813826,-52.));
#101 = CARTESIAN_POINT('',(89.952445913215,76.850049490294,-52.));
#102 = CARTESIAN_POINT('',(90.885337263419,77.400583389053,-52.));
#103 = CARTESIAN_POINT('',(91.822050452028,77.941696316633,-52.));
#104 = CARTESIAN_POINT('',(92.762463185734,78.473517737702,-52.));
#105 = CARTESIAN_POINT('',(93.706450335295,78.996175035446,-52.));
#106 = CARTESIAN_POINT('',(95.345160613089,79.884520833866,-52.));
#107 = CARTESIAN_POINT('',(96.037599027098,80.254078610514,-52.));
#108 = CARTESIAN_POINT('',(96.731196349858,80.618541382148,-52.));
#109 = CARTESIAN_POINT('',(97.425930098073,80.977983989979,-52.));
#110 = CARTESIAN_POINT('',(98.121777839525,81.332478318331,-52.));
#111 = CARTESIAN_POINT('',(98.818717144498,81.682093496087,-52.));
#112 = CARTESIAN_POINT('',(99.516725537206,82.026896098138,-52.));
#113 = CARTESIAN_POINT('',(101.29213919872,82.890543502839,-52.));
#114 = CARTESIAN_POINT('',(102.37224481631,83.403496191823,-52.));
#115 = CARTESIAN_POINT('',(103.45596769409,83.905959840856,-52.));
#116 = CARTESIAN_POINT('',(104.54314237676,84.39809977895,-52.));
#117 = CARTESIAN_POINT('',(105.63368577085,84.880040171365,-52.));
#118 = CARTESIAN_POINT('',(106.72745047133,85.351934799946,-52.));
#119 = CARTESIAN_POINT('',(107.82433057097,85.813915710356,-52.));
#120 = CARTESIAN_POINT('',(109.4400849548,86.478215621208,-52.));
#121 = CARTESIAN_POINT('',(109.95641471078,86.68807666114,-52.));
#122 = CARTESIAN_POINT('',(110.47319153996,86.895721377677,-52.));
#123 = CARTESIAN_POINT('',(110.99040797756,87.1011684553,-52.));
#124 = CARTESIAN_POINT('',(111.50805666237,87.30443616168,-52.));
#125 = CARTESIAN_POINT('',(112.02613033682,87.505542347681,-52.));
#126 = CARTESIAN_POINT('',(112.54462184692,87.70450444736,-52.));
#127 = CARTESIAN_POINT('',(113.64728935479,88.122778936808,-52.));
#128 = CARTESIAN_POINT('',(114.23157523459,88.341526278091,-52.));
#129 = CARTESIAN_POINT('',(114.81637288597,88.557605493163,-52.));
#130 = CARTESIAN_POINT('',(115.40167341364,88.771040089674,-52.));
#131 = CARTESIAN_POINT('',(115.98746792274,88.981853091586,-52.));
#132 = CARTESIAN_POINT('',(116.57374751883,89.190067039169,-52.));
#133 = CARTESIAN_POINT('',(117.16050330787,89.395703989002,-52.));
#134 = CARTESIAN_POINT('',(118.59465335066,89.891681384103,-52.));
#135 = CARTESIAN_POINT('',(119.44294836566,90.179398314917,-52.));
#136 = CARTESIAN_POINT('',(120.29256914019,90.461988805867,-52.));
#137 = CARTESIAN_POINT('',(121.14347983991,90.739499073295,-52.));
#138 = CARTESIAN_POINT('',(121.99563769464,91.011981951154,-52.));
#139 = CARTESIAN_POINT('',(122.8490021873,91.279488075783,-52.));
#140 = CARTESIAN_POINT('',(123.70354322059,91.542058130474,-52.));
#141 = CARTESIAN_POINT('',(125.34797943048,92.037265361348,-52.));
#142 = CARTESIAN_POINT('',(126.13743560142,92.270556659788,-52.));
#143 = CARTESIAN_POINT('',(126.92757537857,92.499656034155,-52.));
#144 = CARTESIAN_POINT('',(127.71838098129,92.724605798581,-52.));
#145 = CARTESIAN_POINT('',(128.50983462999,92.945447367988,-52.));
#146 = CARTESIAN_POINT('',(129.30191854622,93.16222125809,-52.));
#147 = CARTESIAN_POINT('',(130.09461495257,93.374967085395,-52.));
#148 = CARTESIAN_POINT('',(132.47188220761,94.000550727842,-52.));
#149 = CARTESIAN_POINT('',(134.05908968424,94.401697779454,-52.));
#150 = CARTESIAN_POINT('',(135.64931993915,94.787444370857,-52.));
#151 = CARTESIAN_POINT('',(137.24243716588,95.157979125292,-52.));
#152 = CARTESIAN_POINT('',(138.8382198382,95.513604222376,-52.));
#153 = CARTESIAN_POINT('',(140.4365495529,95.85448563051,-52.));
#154 = CARTESIAN_POINT('',(142.03722978304,96.180900497413,-52.));
#155 = CARTESIAN_POINT('',(145.03939737653,96.765529161056,-52.));
#156 = CARTESIAN_POINT('',(146.44035621555,97.027140130373,-52.));
#157 = CARTESIAN_POINT('',(147.84290708697,97.278009103336,-52.));
#158 = CARTESIAN_POINT('',(149.24695320471,97.518275675389,-52.));
#159 = CARTESIAN_POINT('',(150.65240617229,97.748066311653,-52.));
#160 = CARTESIAN_POINT('',(152.05917674694,97.967510994907,-52.));
#161 = CARTESIAN_POINT('',(153.46717092821,98.176750187365,-52.));
#162 = CARTESIAN_POINT('',(156.08258257531,98.546355360755,-52.));
#163 = CARTESIAN_POINT('',(157.28969159106,98.709422068272,-52.));
#164 = CARTESIAN_POINT('',(158.49759417866,98.865158908217,-52.));
#165 = CARTESIAN_POINT('',(159.70624042672,99.013640354718,-52.));
#166 = CARTESIAN_POINT('',(160.91558393177,99.154933985882,-52.));
#167 = CARTESIAN_POINT('',(162.12557848751,99.289108151987,-52.));
#168 = CARTESIAN_POINT('',(163.33617596336,99.416236961213,-52.));
#169 = CARTESIAN_POINT('',(165.62313534715,99.643099147375,-52.));
#170 = CARTESIAN_POINT('',(166.69937902586,99.744305963807,-52.));
#171 = CARTESIAN_POINT('',(167.7760361514,99.840044775905,-52.));
#172 = CARTESIAN_POINT('',(168.85307790732,99.930357776388,-52.));
#173 = CARTESIAN_POINT('',(169.93047594009,100.01528668548,-52.));
#174 = CARTESIAN_POINT('',(171.00820235908,100.09487275092,-52.));
#175 = CARTESIAN_POINT('',(172.08622973661,100.16915674796,-52.));
#176 = CARTESIAN_POINT('',(174.10767455082,100.29854973163,-52.));
#177 = CARTESIAN_POINT('',(175.05102773002,100.35489473934,-52.));
#178 = CARTESIAN_POINT('',(175.99457175668,100.40724328951,-52.));
#179 = CARTESIAN_POINT('',(176.93829013008,100.45561842303,-52.));
#180 = CARTESIAN_POINT('',(177.88216687124,100.50004210472,-52.));
#181 = CARTESIAN_POINT('',(178.82618566763,100.54053759459,-52.));
#182 = CARTESIAN_POINT('',(179.77033002886,100.5771290204,-52.));
#183 = CARTESIAN_POINT('',(181.52384890896,100.63787120745,-52.));
#184 = CARTESIAN_POINT('',(182.33317627218,100.66305210771,-52.));
#185 = CARTESIAN_POINT('',(183.14255855277,100.68539578316,-52.));
#186 = CARTESIAN_POINT('',(183.95198810225,100.70491605333,-52.));
#187 = CARTESIAN_POINT('',(184.76145715969,100.72162720518,-52.));
#188 = CARTESIAN_POINT('',(185.57095782464,100.73554407621,-52.));
#189 = CARTESIAN_POINT('',(186.38048245717,100.74668064183,-52.));
#190 = CARTESIAN_POINT('',(188.6096220154,100.76971838092,-52.));
#191 = CARTESIAN_POINT('',(190.02929045254,100.7758731188,-52.));
#192 = CARTESIAN_POINT('',(191.44898207782,100.77357281506,-52.));
#193 = CARTESIAN_POINT('',(192.86864839216,100.76288521349,-52.));
#194 = CARTESIAN_POINT('',(194.28824378213,100.74386636048,-52.));
#195 = CARTESIAN_POINT('',(195.70772239566,100.71657584505,-52.));
#196 = CARTESIAN_POINT('',(197.12703660905,100.68108427061,-52.));
#197 = CARTESIAN_POINT('',(199.62536766399,100.60423476342,-52.));
#198 = CARTESIAN_POINT('',(200.70447098908,100.56631841317,-52.));
#199 = CARTESIAN_POINT('',(201.78343664448,100.52370443322,-52.));
#200 = CARTESIAN_POINT('',(202.86224602821,100.47641396076,-52.));
#201 = CARTESIAN_POINT('',(203.94088071423,100.42446778955,-52.));
#202 = CARTESIAN_POINT('',(205.01932245249,100.36788636994,-52.));
#203 = CARTESIAN_POINT('',(206.09755316891,100.30668980888,-52.));
#204 = CARTESIAN_POINT('',(208.86072265656,100.13804975748,-52.));
#205 = CARTESIAN_POINT('',(210.54533074974,100.02397225471,-52.));
#206 = CARTESIAN_POINT('',(212.22931069522,99.898744509552,-52.));
#207 = CARTESIAN_POINT('',(213.91260099952,99.762388920949,-52.));
#208 = CARTESIAN_POINT('',(215.59513166288,99.615011925249,-52.));
#209 = CARTESIAN_POINT('',(217.27684332231,99.456613769544,-52.));
#210 = CARTESIAN_POINT('',(218.95766879536,99.287290639402,-52.));
#211 = CARTESIAN_POINT('',(221.51165373831,99.013285125686,-52.));
#212 = CARTESIAN_POINT('',(222.38550394311,98.9165543256,-52.));
#213 = CARTESIAN_POINT('',(223.25908887052,98.816876626046,-52.));
#214 = CARTESIAN_POINT('',(224.13239977317,98.714256799676,-52.));
#215 = CARTESIAN_POINT('',(225.00542792312,98.608699454233,-52.));
#216 = CARTESIAN_POINT('',(225.87816461185,98.500209032551,-52.));
#217 = CARTESIAN_POINT('',(226.75060115028,98.388789812548,-52.));
#218 = CARTESIAN_POINT('',(228.49537416403,98.160034142873,-52.));
#219 = CARTESIAN_POINT('',(229.36771024003,98.042694187037,-52.));
#220 = CARTESIAN_POINT('',(230.23972845933,97.922429919745,-52.));
#221 = CARTESIAN_POINT('',(231.11142014133,97.799246452733,-52.));
#222 = CARTESIAN_POINT('',(231.98277659816,97.673147063723,-52.));
#223 = CARTESIAN_POINT('',(232.85378915181,97.54413246213,-52.));
#224 = CARTESIAN_POINT('',(233.72444913235,97.412202386185,-52.));
#225 = CARTESIAN_POINT('',(235.33140198636,97.163223381656,-52.));
#226 = CARTESIAN_POINT('',(236.06786089346,97.046990216993,-52.));
#227 = CARTESIAN_POINT('',(236.80412085167,96.928659881433,-52.));
#228 = CARTESIAN_POINT('',(237.54017813407,96.808232088651,-52.));
#229 = CARTESIAN_POINT('',(238.27602901373,96.685706422083,-52.));
#230 = CARTESIAN_POINT('',(239.01166976364,96.561082334928,-52.));
#231 = CARTESIAN_POINT('',(239.74709665679,96.434359150147,-52.));
#232 = CARTESIAN_POINT('',(241.88691287998,96.059421382444,-52.));
#233 = CARTESIAN_POINT('',(243.29045781548,95.805688838684,-52.));
#234 = CARTESIAN_POINT('',(244.69290402716,95.544344331945,-52.));
#235 = CARTESIAN_POINT('',(246.09421292954,95.27536963745,-52.));
#236 = CARTESIAN_POINT('',(247.49434641874,94.9987563212,-52.));
#237 = CARTESIAN_POINT('',(248.89326634983,94.714497728588,-52.));
#238 = CARTESIAN_POINT('',(250.29093360945,94.422575482709,-52.));
#239 = CARTESIAN_POINT('',(252.95277887023,93.851464833803,-52.));
#240 = CARTESIAN_POINT('',(254.21718756786,93.573647533966,-52.));
#241 = CARTESIAN_POINT('',(255.48050678068,93.289518106728,-52.));
#242 = CARTESIAN_POINT('',(256.74270505273,92.999050218829,-52.));
#243 = CARTESIAN_POINT('',(258.00375175842,92.702224911025,-52.));
#244 = CARTESIAN_POINT('',(259.26361628511,92.399024624563,-52.));
#245 = CARTESIAN_POINT('',(260.52226656514,92.089422699228,-52.));
#246 = CARTESIAN_POINT('',(262.84045501146,91.506787411495,-52.));
#247 = CARTESIAN_POINT('',(263.90035215225,91.235605402974,-52.));
#248 = CARTESIAN_POINT('',(264.95934358876,90.959837602831,-52.));
#249 = CARTESIAN_POINT('',(266.01740980428,90.679469068062,-52.));
#250 = CARTESIAN_POINT('',(267.07452960701,90.394476743472,-52.));
#251 = CARTESIAN_POINT('',(268.13068165131,90.104837288196,-52.));
#252 = CARTESIAN_POINT('',(269.18584547843,89.810532792622,-52.));
#253 = CARTESIAN_POINT('',(271.16413442351,89.249421632161,-52.));
#254 = CARTESIAN_POINT('',(272.0874931922,88.983700519748,-52.));
#255 = CARTESIAN_POINT('',(273.01006160244,88.714361586701,-52.));
#256 = CARTESIAN_POINT('',(273.9318236324,88.441384398458,-52.));
#257 = CARTESIAN_POINT('',(274.85276543339,88.164756319825,-52.));
#258 = CARTESIAN_POINT('',(275.7728724661,87.8844625978,-52.));
#259 = CARTESIAN_POINT('',(276.69212691462,87.600477317199,-52.));
#260 = CARTESIAN_POINT('',(278.46504725146,87.045086663845,-52.));
#261 = CARTESIAN_POINT('',(279.3188296057,86.774179195166,-52.));
#262 = CARTESIAN_POINT('',(280.1718465531,86.500041290609,-52.));
#263 = CARTESIAN_POINT('',(281.02408453159,86.222655218225,-52.));
#264 = CARTESIAN_POINT('',(281.87552973032,85.942002655398,-52.));
#265 = CARTESIAN_POINT('',(282.72616808963,85.658064688853,-52.));
#266 = CARTESIAN_POINT('',(283.57598530106,85.370821814649,-52.));
#267 = CARTESIAN_POINT('',(285.86646415429,84.586894754363,-52.));
#268 = CARTESIAN_POINT('',(287.30555145319,84.083948553067,-52.));
#269 = CARTESIAN_POINT('',(288.74216202683,83.571328752811,-52.));
#270 = CARTESIAN_POINT('',(290.17620818073,83.048891482541,-52.));
#271 = CARTESIAN_POINT('',(291.60761784372,82.516539554194,-52.));
#272 = CARTESIAN_POINT('',(293.03630160181,81.974128744731,-52.));
#273 = CARTESIAN_POINT('',(294.46217498618,81.421530394685,-52.));
#274 = CARTESIAN_POINT('',(296.98991373375,80.42154966274,-52.));
#275 = CARTESIAN_POINT('',(298.09293154464,79.978273039686,-52.));
#276 = CARTESIAN_POINT('',(299.19415746878,79.528699484705,-52.));
#277 = CARTESIAN_POINT('',(300.29354368393,79.072749064478,-52.));
#278 = CARTESIAN_POINT('',(301.39104247925,78.610343185469,-52.));
#279 = CARTESIAN_POINT('',(302.48660487199,78.141400882541,-52.));
#280 = CARTESIAN_POINT('',(303.5801785161,77.665833353822,-52.));
#281 = CARTESIAN_POINT('',(305.51034951827,76.813006448741,-52.));
#282 = CARTESIAN_POINT('',(306.34778316466,76.438498245977,-52.));
#283 = CARTESIAN_POINT('',(307.18398672072,76.059983734437,-52.));
#284 = CARTESIAN_POINT('',(308.01893736196,75.67742513099,-52.));
#285 = CARTESIAN_POINT('',(308.85260651285,75.290772590059,-52.));
#286 = CARTESIAN_POINT('',(309.68496424236,74.899973506859,-52.));
#287 = CARTESIAN_POINT('',(310.51598376923,74.504982140889,-52.));
#288 = CARTESIAN_POINT('',(311.92138045467,73.828687443375,-52.));
#289 = CARTESIAN_POINT('',(312.49675953554,73.549445377532,-52.));
#290 = CARTESIAN_POINT('',(313.07176788581,73.267992937175,-52.));
#291 = CARTESIAN_POINT('',(313.64640195882,72.984304480783,-52.));
#292 = CARTESIAN_POINT('',(314.2206582071,72.698353434195,-52.));
#293 = CARTESIAN_POINT('',(314.7945330824,72.410112290601,-52.));
#294 = CARTESIAN_POINT('',(315.36802303569,72.119552610552,-52.));
#295 = CARTESIAN_POINT('',(316.89994145304,71.336601346106,-52.));
#296 = CARTESIAN_POINT('',(317.85671743909,70.840472333554,-52.));
#297 = CARTESIAN_POINT('',(318.81140153482,70.338167882953,-52.));
#298 = CARTESIAN_POINT('',(319.76393135712,69.82957763799,-52.));
#299 = CARTESIAN_POINT('',(320.7142455544,69.314593765274,-52.));
#300 = CARTESIAN_POINT('',(321.66228126004,68.793105940941,-52.));
#301 = CARTESIAN_POINT('',(322.60796924324,68.264992053342,-52.));
#302 = CARTESIAN_POINT('',(324.50332331355,67.190266612637,-52.));
#303 = CARTESIAN_POINT('',(325.4529431293,66.643528601593,-52.));
#304 = CARTESIAN_POINT('',(326.40002656581,66.089785987052,-52.));
#305 = CARTESIAN_POINT('',(327.34449335029,65.528895938722,-52.));
#306 = CARTESIAN_POINT('',(328.28627716771,64.960744223632,-52.));
#307 = CARTESIAN_POINT('',(329.22526630389,64.385137297649,-52.));
#308 = CARTESIAN_POINT('',(330.16137907676,63.801933821483,-52.));
#309 = CARTESIAN_POINT('',(331.59680943704,62.89283356621,-52.));
#310 = CARTESIAN_POINT('',(332.09824346056,62.572460686677,-52.));
#311 = CARTESIAN_POINT('',(332.59879835587,62.249807889382,-52.));
#312 = CARTESIAN_POINT('',(333.09845796703,61.924847466697,-52.));
#313 = CARTESIAN_POINT('',(333.59720557163,61.597550857607,-52.));
#314 = CARTESIAN_POINT('',(334.09502388078,61.267888647714,-52.));
#315 = CARTESIAN_POINT('',(334.59189503908,60.935830569234,-52.));
#316 = CARTESIAN_POINT('',(335.8344932048,60.097706248141,-52.));
#317 = CARTESIAN_POINT('',(336.58029220907,59.587689618103,-52.));
#318 = CARTESIAN_POINT('',(337.32518676162,59.071115838832,-52.));
#319 = CARTESIAN_POINT('',(338.06916249721,58.547785880572,-52.));
#320 = CARTESIAN_POINT('',(338.81220422856,58.017483082104,-52.));
#321 = CARTESIAN_POINT('',(339.55429776991,57.479975555924,-52.));
#322 = CARTESIAN_POINT('',(340.29542964383,56.935015406624,-52.));
#323 = CARTESIAN_POINT('',(341.84557116541,55.777500016812,-52.));
#324 = CARTESIAN_POINT('',(342.65230404357,55.164975364729,-52.));
#325 = CARTESIAN_POINT('',(343.45566213274,54.544561329297,-52.));
#326 = CARTESIAN_POINT('',(344.25552939676,53.91606891032,-52.));
#327 = CARTESIAN_POINT('',(345.05174980842,53.279261299193,-52.));
#328 = CARTESIAN_POINT('',(345.84420293761,52.633945968681,-52.));
#329 = CARTESIAN_POINT('',(346.63271345116,51.97986221891,-52.));
#330 = CARTESIAN_POINT('',(348.14949317219,50.697617075551,-52.));
#331 = CARTESIAN_POINT('',(348.88080246655,50.068488341536,-52.));
#332 = CARTESIAN_POINT('',(349.61101531399,49.428925404043,-52.));
#333 = CARTESIAN_POINT('',(350.34011318265,48.778438032004,-52.));
#334 = CARTESIAN_POINT('',(351.0680812433,48.116481202557,-52.));
#335 = CARTESIAN_POINT('',(351.79490511158,47.442447106006,-52.));
#336 = CARTESIAN_POINT('',(352.52056664432,46.755654724998,-52.));
#337 = CARTESIAN_POINT('',(353.79678011669,45.521991103487,-52.));
#338 = CARTESIAN_POINT('',(354.3456659309,44.982893201906,-52.));
#339 = CARTESIAN_POINT('',(354.89159723853,44.437908151919,-52.));
#340 = CARTESIAN_POINT('',(355.43446521327,43.886893537974,-52.));
#341 = CARTESIAN_POINT('',(355.97415161709,43.329699556314,-52.));
#342 = CARTESIAN_POINT('',(356.51052922061,42.766168911054,-52.));
#343 = CARTESIAN_POINT('',(357.04346222356,42.19613671027,-52.));
#344 = CARTESIAN_POINT('',(358.42587802463,40.690032384578,-52.));
#345 = CARTESIAN_POINT('',(359.26960515773,39.74332646557,-52.));
#346 = CARTESIAN_POINT('',(360.10340440516,38.778561781577,-52.));
#347 = CARTESIAN_POINT('',(360.9266017951,37.794964732774,-52.));
#348 = CARTESIAN_POINT('',(361.73841425005,36.791715039071,-52.));
#349 = CARTESIAN_POINT('',(362.53795800273,35.767947315798,-52.));
#350 = CARTESIAN_POINT('',(363.32424630996,34.722739398014,-52.));
#351 = CARTESIAN_POINT('',(364.78992930217,32.69538887596,-52.));
#352 = CARTESIAN_POINT('',(365.47204584619,31.717628845417,-52.));
#353 = CARTESIAN_POINT('',(366.14168650367,30.720997462853,-52.));
#354 = CARTESIAN_POINT('',(366.79791072428,29.704735324398,-52.));
#355 = CARTESIAN_POINT('',(367.43963877277,28.668092079673,-52.));
#356 = CARTESIAN_POINT('',(368.06564933185,27.61032114324,-52.));
#357 = CARTESIAN_POINT('',(368.67457501451,26.530671788122,-52.));
#358 = CARTESIAN_POINT('',(369.90313838142,24.236602071284,-52.));
#359 = CARTESIAN_POINT('',(370.51954344605,23.018524822556,-52.));
#360 = CARTESIAN_POINT('',(371.11223793596,21.77310955098,-52.));
#361 = CARTESIAN_POINT('',(371.67900355637,20.499575143622,-52.));
#362 = CARTESIAN_POINT('',(372.21727248399,19.197402068589,-52.));
#363 = CARTESIAN_POINT('',(372.72418659941,17.866381227187,-52.));
#364 = CARTESIAN_POINT('',(373.19668239334,16.50669089176,-52.));
#365 = CARTESIAN_POINT('',(374.18452055373,13.354503239115,-52.));
#366 = CARTESIAN_POINT('',(374.67704651483,11.543513769261,-52.));
#367 = CARTESIAN_POINT('',(375.10181996339,9.689207326233,-52.));
#368 = CARTESIAN_POINT('',(375.45155696177,7.796308752008,-52.));
#369 = CARTESIAN_POINT('',(375.71953368035,5.871271990487,-52.));
#370 = CARTESIAN_POINT('',(375.9003060732,3.922548894292,-52.));
#371 = CARTESIAN_POINT('',(375.9906364315,1.960935737908,-52.));
#372 = CARTESIAN_POINT('',(375.9906364315,0.,-52.));
#373 = PCURVE('',#374,#816);
#374 = ( BOUNDED_SURFACE() B_SPLINE_SURFACE(2,3,(
    (#375,#376,#377,#378,#379,#380,#381,#382,#383,#384,#385,#386,#387
      ,#388,#389,#390,#391,#392,#393,#394,#395,#396,#397,#398,#399,#400
      ,#401,#402,#403,#404,#405,#406,#407,#408,#409,#410,#411,#412,#413
      ,#414,#415,#416,#417,#418,#419,#420,#421,#422,#423,#424,#425,#426
      ,#427,#428,#429,#430,#431,#432,#433,#434,#435,#436,#437)
    ,(#438,#439,#440,#441,#442,#443,#444,#445,#446,#447,#448,#449,#450
      ,#451,#452,#453,#454,#455,#456,#457,#458,#459,#460,#461,#462,#463
      ,#464,#465,#466,#467,#468,#469,#470,#471,#472,#473,#474,#475,#476
      ,#477,#478,#479,#480,#481,#482,#483,#484,#485,#486,#487,#488,#489
      ,#490,#491,#492,#493,#494,#495,#496,#497,#498,#499,#500)
    ,(#501,#502,#503,#504,#505,#506,#507,#508,#509,#510,#511,#512,#513
      ,#514,#515,#516,#517,#518,#519,#520,#521,#522,#523,#524,#525,#526
      ,#527,#528,#529,#530,#531,#532,#533,#534,#535,#536,#537,#538,#539
      ,#540,#541,#542,#543,#544,#545,#546,#547,#548,#549,#550,#551,#552
      ,#553,#554,#555,#556,#557,#558,#559,#560,#561,#562,#563)
    ,(#564,#565,#566,#567,#568,#569,#570,#571,#572,#573,#574,#575,#576
      ,#577,#578,#579,#580,#581,#582,#583,#584,#585,#586,#587,#588,#589
      ,#590,#591,#592,#593,#594,#595,#596,#597,#598,#599,#600,#601,#602
      ,#603,#604,#605,#606,#607,#608,#609,#610,#611,#612,#613,#614,#615
      ,#616,#617,#618,#619,#620,#621,#622,#623,#624,#625,#626)
    ,(#627,#628,#629,#630,#631,#632,#633,#634,#635,#636,#637,#638,#639
      ,#640,#641,#642,#643,#644,#645,#646,#647,#648,#649,#650,#651,#652
      ,#653,#654,#655,#656,#657,#658,#659,#660,#661,#662,#663,#664,#665
      ,#666,#667,#668,#669,#670,#671,#672,#673,#674,#675,#676,#677,#678
      ,#679,#680,#681,#682,#683,#684,#685,#686,#687,#688,#689)
    ,(#690,#691,#692,#693,#694,#695,#696,#697,#698,#699,#700,#701,#702
      ,#703,#704,#705,#706,#707,#708,#709,#710,#711,#712,#713,#714,#715
      ,#716,#717,#718,#719,#720,#721,#722,#723,#724,#725,#726,#727,#728
      ,#729,#730,#731,#732,#733,#734,#735,#736,#737,#738,#739,#740,#741
      ,#742,#743,#744,#745,#746,#747,#748,#749,#750,#751,#752)
    ,(#753,#754,#755,#756,#757,#758,#759,#760,#761,#762,#763,#764,#765
      ,#766,#767,#768,#769,#770,#771,#772,#773,#774,#775,#776,#777,#778
      ,#779,#780,#781,#782,#783,#784,#785,#786,#787,#788,#789,#790,#791
      ,#792,#793,#794,#795,#796,#797,#798,#799,#800,#801,#802,#803,#804
      ,#805,#806,#807,#808,#809,#810,#811,#812,#813,#814,#815
)),.UNSPECIFIED.,.T.,.F.,.F.) B_SPLINE_SURFACE_WITH_KNOTS((1,2,2,2,2,1),
  (4,1,1,1,1,1,1,1,1,1,1,1,1,1,1,1,1,1,1,1,1,1,1,1,1,1,1,1,1,1,1,1,1,1,1
    ,1,1,1,1,1,1,1,1,1,1,1,1,1,1,1,1,1,1,1,1,1,1,1,1,1,4),(
    -2.094395102393,0.,2.094395102393,4.188790204786,6.28318530718,
    8.377580409573),(0.,7.558382233568,15.126929915896,22.71651994622,
    30.338344981709,38.004478845284,45.72794437702,53.522718216429,
    61.403616994707,69.386066922167,77.485772386965,85.718309084826,
    94.098673551314,102.64082306331,111.35723771147,120.25853082773,
    129.3531262454,138.64701258844,148.14357722724,157.84351653532,
    167.74481497202,177.84278322652,188.13014486227,198.59716117767,
    209.23178494038,220.01983492855,230.94518458627,241.98995942167,
    253.13473896719,264.35876014497,275.64011973882,286.95597437668,
    298.28273699801,309.59626924413,320.87206958724,332.08545733118,
    343.21175289323,354.22645503252,365.10541594524,375.82501542222,
    386.36233558148,396.69533807501,406.80304615573,416.66573461648,
    426.26513142301,435.5846359079,444.60955972059,453.32739836581,
    461.72814307005,469.80464470589,477.5530430871,484.97327508967,
    492.06967182876,498.85164538165,505.33444491128,511.53992596494,
    517.49722364975,523.24315757172,528.8221448477,534.28534140576,
539.68948373167),.UNSPECIFIED.) GEOMETRIC_REPRESENTATION_ITEM() 
RATIONAL_B_SPLINE_SURFACE((
    (1.,1.,1.,1.,1.,1.,1.,1.,1.,1.,1.,1.,1.,1.,1.,1.,1.,1.,1.,1.,1.,1.
      ,1.,1.,1.,1.,1.,1.,1.,1.,1.,1.,1.,1.,1.,1.,1.,1.,1.,1.,1.,1.,1.,1.
      ,1.,1.,1.,1.,1.,1.,1.,1.,1.,1.,1.,1.,1.,1.,1.,1.,1.,1.,1.)
    ,(0.5,0.5,0.5,0.5,0.5,0.5,0.5,0.5,0.5,0.5,0.5,0.5,0.5,0.5,0.5,0.5
      ,0.5,0.5,0.5,0.5,0.5,0.5,0.5,0.5,0.5,0.5,0.5,0.5,0.5,0.5,0.5,0.5
      ,0.5,0.5,0.5,0.5,0.5,0.5,0.5,0.5,0.5,0.5,0.5,0.5,0.5,0.5,0.5,0.5
      ,0.5,0.5,0.5,0.5,0.5,0.5,0.5,0.5,0.5,0.5,0.5,0.5,0.5,0.5,0.5)
    ,(1.,1.,1.,1.,1.,1.,1.,1.,1.,1.,1.,1.,1.,1.,1.,1.,1.,1.,1.,1.,1.,1.
      ,1.,1.,1.,1.,1.,1.,1.,1.,1.,1.,1.,1.,1.,1.,1.,1.,1.,1.,1.,1.,1.,1.
      ,1.,1.,1.,1.,1.,1.,1.,1.,1.,1.,1.,1.,1.,1.,1.,1.,1.,1.,1.)
    ,(0.5,0.5,0.5,0.5,0.5,0.5,0.5,0.5,0.5,0.5,0.5,0.5,0.5,0.5,0.5,0.5
      ,0.5,0.5,0.5,0.5,0.5,0.5,0.5,0.5,0.5,0.5,0.5,0.5,0.5,0.5,0.5,0.5
      ,0.5,0.5,0.5,0.5,0.5,0.5,0.5,0.5,0.5,0.5,0.5,0.5,0.5,0.5,0.5,0.5
      ,0.5,0.5,0.5,0.5,0.5,0.5,0.5,0.5,0.5,0.5,0.5,0.5,0.5,0.5,0.5)
    ,(1.,1.,1.,1.,1.,1.,1.,1.,1.,1.,1.,1.,1.,1.,1.,1.,1.,1.,1.,1.,1.,1.
      ,1.,1.,1.,1.,1.,1.,1.,1.,1.,1.,1.,1.,1.,1.,1.,1.,1.,1.,1.,1.,1.,1.
      ,1.,1.,1.,1.,1.,1.,1.,1.,1.,1.,1.,1.,1.,1.,1.,1.,1.,1.,1.)
    ,(0.5,0.5,0.5,0.5,0.5,0.5,0.5,0.5,0.5,0.5,0.5,0.5,0.5,0.5,0.5,0.5
      ,0.5,0.5,0.5,0.5,0.5,0.5,0.5,0.5,0.5,0.5,0.5,0.5,0.5,0.5,0.5,0.5
      ,0.5,0.5,0.5,0.5,0.5,0.5,0.5,0.5,0.5,0.5,0.5,0.5,0.5,0.5,0.5,0.5
      ,0.5,0.5,0.5,0.5,0.5,0.5,0.5,0.5,0.5,0.5,0.5,0.5,0.5,0.5,0.5)
    ,(1.,1.,1.,1.,1.,1.,1.,1.,1.,1.,1.,1.,1.,1.,1.,1.,1.,1.,1.,1.,1.,1.
      ,1.,1.,1.,1.,1.,1.,1.,1.,1.,1.,1.,1.,1.,1.,1.,1.,1.,1.,1.,1.,1.,1.
      ,1.,1.,1.,1.,1.,1.,1.,1.,1.,1.,1.,1.,1.,1.,1.,1.,1.,1.,1.
))) REPRESENTATION_ITEM('') SURFACE() );
#375 = CARTESIAN_POINT('',(8.5,0.,6.417089082333E-16));
#376 = CARTESIAN_POINT('',(8.5,0.,-1.716953225975));
#377 = CARTESIAN_POINT('',(8.685992928529,0.,-5.141616884906));
#378 = CARTESIAN_POINT('',(9.522161891951,0.,-10.26585406295));
#379 = CARTESIAN_POINT('',(10.913772519296,0.,-15.34606158486));
#380 = CARTESIAN_POINT('',(12.857892180412,0.,-20.36523662587));
#381 = CARTESIAN_POINT('',(15.350474013702,0.,-25.30293326836));
#382 = CARTESIAN_POINT('',(18.386431001084,0.,-30.14057513803));
#383 = CARTESIAN_POINT('',(21.959673902263,0.,-34.86017571064));
#384 = CARTESIAN_POINT('',(26.063123288645,0.,-39.44477798755));
#385 = CARTESIAN_POINT('',(30.688683308212,0.,-43.8783917644));
#386 = CARTESIAN_POINT('',(35.82717421808,0.,-48.14603834015));
#387 = CARTESIAN_POINT('',(41.46822890816,0.,-52.23375183622));
#388 = CARTESIAN_POINT('',(47.600165895707,0.,-56.12859167445));
#389 = CARTESIAN_POINT('',(54.209855988482,0.,-59.81866098966));
#390 = CARTESIAN_POINT('',(61.282601004059,0.,-63.29313650791));
#391 = CARTESIAN_POINT('',(68.802040597953,0.,-66.54230683569));
#392 = CARTESIAN_POINT('',(76.750098315733,0.,-69.55761406822));
#393 = CARTESIAN_POINT('',(85.10697188577,0.,-72.33169185576));
#394 = CARTESIAN_POINT('',(93.851166957938,0.,-74.85839340964));
#395 = CARTESIAN_POINT('',(102.95956901849,0.,-77.13280443302));
#396 = CARTESIAN_POINT('',(112.40754554631,0.,-79.1512381419));
#397 = CARTESIAN_POINT('',(122.1690695698,0.,-80.9112117751));
#398 = CARTESIAN_POINT('',(132.21685624668,0.,-82.41140587021));
#399 = CARTESIAN_POINT('',(142.52250540073,0.,-83.65160889528));
#400 = CARTESIAN_POINT('',(153.05664462597,0.,-84.6326505456));
#401 = CARTESIAN_POINT('',(163.7890692457,0.,-85.35632722457));
#402 = CARTESIAN_POINT('',(174.6888768721,0.,-85.82532306627));
#403 = CARTESIAN_POINT('',(185.72459545329,0.,-86.04312946562));
#404 = CARTESIAN_POINT('',(196.86430450989,0.,-86.01396558002));
#405 = CARTESIAN_POINT('',(208.07574979022,0.,-85.74270174238));
#406 = CARTESIAN_POINT('',(219.32645187414,0.,-85.23478723536));
#407 = CARTESIAN_POINT('',(230.58380939254,0.,-84.49618345214));
#408 = CARTESIAN_POINT('',(241.8151975599,0.,-83.53330312171));
#409 = CARTESIAN_POINT('',(252.98806268606,0.,-82.3529560086));
#410 = CARTESIAN_POINT('',(264.07001327584,0.,-80.96230130098));
#411 = CARTESIAN_POINT('',(275.02890826669,0.,-79.36880676857));
#412 = CARTESIAN_POINT('',(285.83294291543,0.,-77.58021469277));
#413 = CARTESIAN_POINT('',(296.45073284062,0.,-75.6045145342));
#414 = CARTESIAN_POINT('',(306.85139677291,0.,-73.44992229765));
#415 = CARTESIAN_POINT('',(317.00463867793,0.,-71.12486656837));
#416 = CARTESIAN_POINT('',(326.88083011416,0.,-68.63798121304));
#417 = CARTESIAN_POINT('',(336.45109399761,0.,-65.99810473997));
#418 = CARTESIAN_POINT('',(345.68739139443,0.,-63.21428628005));
#419 = CARTESIAN_POINT('',(354.56261358832,0.,-60.29579798296));
#420 = CARTESIAN_POINT('',(363.05068250256,0.,-57.25215344826));
#421 = CARTESIAN_POINT('',(371.12666361675,0.,-54.09313080993));
#422 = CARTESIAN_POINT('',(378.7668967785,0.,-50.82879965123));
#423 = CARTESIAN_POINT('',(385.949151645,0.,-47.46954375442));
#424 = CARTESIAN_POINT('',(392.65281557823,0.,-44.02608875762));
#425 = CARTESIAN_POINT('',(398.85912198957,0.,-40.50947057623));
#426 = CARTESIAN_POINT('',(404.55142516314,0.,-36.93112006735));
#427 = CARTESIAN_POINT('',(409.71552150746,0.,-33.30237304136));
#428 = CARTESIAN_POINT('',(414.34000426676,0.,-29.63572243117));
#429 = CARTESIAN_POINT('',(418.41661612864,0.,-25.9395880933));
#430 = CARTESIAN_POINT('',(421.94053090394,0.,-22.23518551736));
#431 = CARTESIAN_POINT('',(424.91045627919,0.,-18.49559880045));
#432 = CARTESIAN_POINT('',(427.32842010734,0.,-14.85657244739));
#433 = CARTESIAN_POINT('',(429.19911123336,0.,-10.87157052175));
#434 = CARTESIAN_POINT('',(430.52872140042,0.,-8.151564750209));
#435 = CARTESIAN_POINT('',(431.32344240112,0.,-0.900270854503));
#436 = CARTESIAN_POINT('',(431.5,0.,-7.173286392355));
#437 = CARTESIAN_POINT('',(431.5,0.,3.257616398855E-14));
#438 = CARTESIAN_POINT('',(8.5,0.,6.417089082333E-16));
#439 = CARTESIAN_POINT('',(8.5,4.373309149423,-1.716953225975));
#440 = CARTESIAN_POINT('',(8.685992928529,13.096384820164,
    -5.141616884906));
#441 = CARTESIAN_POINT('',(9.522161891951,26.148501206069,
    -10.26585406295));
#442 = CARTESIAN_POINT('',(10.913772519296,39.08846817804,
    -15.34606158486));
#443 = CARTESIAN_POINT('',(12.857892180412,51.872977270847,
    -20.36523662587));
#444 = CARTESIAN_POINT('',(15.350474013702,64.449950001966,
    -25.30293326836));
#445 = CARTESIAN_POINT('',(18.386431001084,76.772069865323,
    -30.14057513803));
#446 = CARTESIAN_POINT('',(21.959673902263,88.79352278179,
    -34.86017571064));
#447 = CARTESIAN_POINT('',(26.063123288645,100.47111701136,
    -39.44477798755));
#448 = CARTESIAN_POINT('',(30.688683308212,111.76412336816,
    -43.8783917644));
#449 = CARTESIAN_POINT('',(35.82717421808,122.63438910045,
    -48.14603834015));
#450 = CARTESIAN_POINT('',(41.46822890816,133.04634125042,
    -52.23375183622));
#451 = CARTESIAN_POINT('',(47.600165895707,142.96701843742,
    -56.12859167445));
#452 = CARTESIAN_POINT('',(54.209855988482,152.36611775712,
    -59.81866098966));
#453 = CARTESIAN_POINT('',(61.282601004059,161.21607088545,
    -63.29313650791));
#454 = CARTESIAN_POINT('',(68.802040597953,169.49214160625,
    -66.54230683569));
#455 = CARTESIAN_POINT('',(76.750098315733,177.17253179329,
    -69.55761406822));
#456 = CARTESIAN_POINT('',(85.10697188577,184.23847837,-72.33169185576)
  );
#457 = CARTESIAN_POINT('',(93.851166957938,190.67432464483,
    -74.85839340964));
#458 = CARTESIAN_POINT('',(102.95956901849,196.46755324746,
    -77.13280443302));
#459 = CARTESIAN_POINT('',(112.40754554631,201.6087734467,-79.1512381419
    ));
#460 = CARTESIAN_POINT('',(122.1690695698,206.09166131831,-80.9112117751
    ));
#461 = CARTESIAN_POINT('',(132.21685624668,209.91285601528,
    -82.41140587021));
#462 = CARTESIAN_POINT('',(142.52250540073,213.07181873752,
    -83.65160889528));
#463 = CARTESIAN_POINT('',(153.05664462597,215.57066282972,
    -84.6326505456));
#464 = CARTESIAN_POINT('',(163.7890692457,217.41396397123,
    -85.35632722457));
#465 = CARTESIAN_POINT('',(174.6888768721,218.60855901,-85.82532306627)
  );
#466 = CARTESIAN_POINT('',(185.72459545329,219.16334099513,
    -86.04312946562));
#467 = CARTESIAN_POINT('',(196.86430450989,219.08905668395,
    -86.01396558002));
#468 = CARTESIAN_POINT('',(208.07574979022,218.39811146474,
    -85.74270174238));
#469 = CARTESIAN_POINT('',(219.32645187414,217.1043853882,
    -85.23478723536));
#470 = CARTESIAN_POINT('',(230.58380939254,215.22306291879,
    -84.49618345214));
#471 = CARTESIAN_POINT('',(241.8151975599,212.77047813361,
    -83.53330312171));
#472 = CARTESIAN_POINT('',(252.98806268606,209.76397641233,
    -82.3529560086));
#473 = CARTESIAN_POINT('',(264.07001327584,206.22179316323,
    -80.96230130098));
#474 = CARTESIAN_POINT('',(275.02890826669,202.16294979307,
    -79.36880676857));
#475 = CARTESIAN_POINT('',(285.83294291543,197.60716692646,
    -77.58021469277));
#476 = CARTESIAN_POINT('',(296.45073284062,192.57479478651,
    -75.6045145342));
#477 = CARTESIAN_POINT('',(306.85139677291,187.0867606346,
    -73.44992229765));
#478 = CARTESIAN_POINT('',(317.00463867793,181.1645332029,
    -71.12486656837));
#479 = CARTESIAN_POINT('',(326.88083011416,174.83010410286,
    -68.63798121304));
#480 = CARTESIAN_POINT('',(336.45109399761,168.10598619543,
    -65.99810473997));
#481 = CARTESIAN_POINT('',(345.68739139443,161.01522882536,
    -63.21428628005));
#482 = CARTESIAN_POINT('',(354.56261358832,153.58144939618,
    -60.29579798296));
#483 = CARTESIAN_POINT('',(363.05068250256,145.82888031634,
    -57.25215344826));
#484 = CARTESIAN_POINT('',(371.12666361675,137.78242779894,
    -54.09313080993));
#485 = CARTESIAN_POINT('',(378.7668967785,129.46774041716,
    -50.82879965123));
#486 = CARTESIAN_POINT('',(385.949151645,120.91126705114,-47.46954375442
    ));
#487 = CARTESIAN_POINT('',(392.65281557823,112.14032733344,
    -44.02608875762));
#488 = CARTESIAN_POINT('',(398.85912198957,103.18303121434,
    -40.50947057623));
#489 = CARTESIAN_POINT('',(404.55142516314,94.068494613355,
    -36.93112006735));
#490 = CARTESIAN_POINT('',(409.71552150746,84.825591353328,
    -33.30237304136));
#491 = CARTESIAN_POINT('',(414.34000426676,75.486142602644,
    -29.63572243117));
#492 = CARTESIAN_POINT('',(418.41661612864,66.071594860302,
    -25.9395880933));
#493 = CARTESIAN_POINT('',(421.94053090394,56.635986811463,
    -22.23518551736));
#494 = CARTESIAN_POINT('',(424.91045627919,47.110760057057,
    -18.49559880045));
#495 = CARTESIAN_POINT('',(427.32842010734,37.841673978259,
    -14.85657244739));
#496 = CARTESIAN_POINT('',(429.19911123336,27.691341914325,
    -10.87157052175));
#497 = CARTESIAN_POINT('',(430.52872140042,20.763123983161,
    -8.151564750209));
#498 = CARTESIAN_POINT('',(431.32344240112,2.293110089078,
    -0.900270854503));
#499 = CARTESIAN_POINT('',(431.5,18.271318365885,-7.173286392355));
#500 = CARTESIAN_POINT('',(431.5,6.310887241768E-30,3.257616398855E-14)
  );
#501 = CARTESIAN_POINT('',(8.5,0.,6.417089082333E-16));
#502 = CARTESIAN_POINT('',(8.5,2.186654574712,0.858476612987));
#503 = CARTESIAN_POINT('',(8.685992928529,6.548192410082,2.570808442453)
  );
#504 = CARTESIAN_POINT('',(9.522161891951,13.074250603034,5.132927031478
    ));
#505 = CARTESIAN_POINT('',(10.913772519296,19.54423408902,7.673030792433
    ));
#506 = CARTESIAN_POINT('',(12.857892180412,25.936488635423,
    10.182618312937));
#507 = CARTESIAN_POINT('',(15.350474013702,32.224975000983,
    12.651466634184));
#508 = CARTESIAN_POINT('',(18.386431001084,38.386034932662,
    15.070287569016));
#509 = CARTESIAN_POINT('',(21.959673902263,44.396761390895,
    17.430087855323));
#510 = CARTESIAN_POINT('',(26.063123288645,50.235558505681,
    19.722388993779));
#511 = CARTESIAN_POINT('',(30.688683308212,55.882061684084,
    21.939195882201));
#512 = CARTESIAN_POINT('',(35.82717421808,61.317194550226,
    24.073019170077));
#513 = CARTESIAN_POINT('',(41.46822890816,66.523170625214,
    26.116875918114));
#514 = CARTESIAN_POINT('',(47.600165895707,71.48350921871,
    28.064295837228));
#515 = CARTESIAN_POINT('',(54.209855988482,76.183058878563,
    29.909330494835));
#516 = CARTESIAN_POINT('',(61.282601004059,80.608035442725,
    31.646568253959));
#517 = CARTESIAN_POINT('',(68.802040597953,84.746070803127,
    33.271153417845));
#518 = CARTESIAN_POINT('',(76.750098315733,88.586265896647,
    34.778807034114));
#519 = CARTESIAN_POINT('',(85.10697188577,92.119239185002,
    36.165845927883));
#520 = CARTESIAN_POINT('',(93.851166957938,95.337162322419,
    37.429196704824));
#521 = CARTESIAN_POINT('',(102.95956901849,98.233776623734,
    38.566402216514));
#522 = CARTESIAN_POINT('',(112.40754554631,100.80438672335,
    39.575619070951));
#523 = CARTESIAN_POINT('',(122.1690695698,103.04583065915,
    40.455605887555));
#524 = CARTESIAN_POINT('',(132.21685624668,104.95642800764,
    41.205702935107));
#525 = CARTESIAN_POINT('',(142.52250540073,106.53590936876,
    41.825804447642));
#526 = CARTESIAN_POINT('',(153.05664462597,107.78533141486,
    42.316325272803));
#527 = CARTESIAN_POINT('',(163.7890692457,108.70698198561,
    42.678163612288));
#528 = CARTESIAN_POINT('',(174.6888768721,109.304279505,42.912661533138)
  );
#529 = CARTESIAN_POINT('',(185.72459545329,109.58167049756,
    43.021564732813));
#530 = CARTESIAN_POINT('',(196.86430450989,109.54452834197,
    43.006982790014));
#531 = CARTESIAN_POINT('',(208.07574979022,109.19905573237,
    42.871350871191));
#532 = CARTESIAN_POINT('',(219.32645187414,108.5521926941,
    42.617393617683));
#533 = CARTESIAN_POINT('',(230.58380939254,107.61153145939,
    42.248091726073));
#534 = CARTESIAN_POINT('',(241.8151975599,106.3852390668,41.766651560856
    ));
#535 = CARTESIAN_POINT('',(252.98806268606,104.88198820616,
    41.176478004302));
#536 = CARTESIAN_POINT('',(264.07001327584,103.11089658161,
    40.481150650491));
#537 = CARTESIAN_POINT('',(275.02890826669,101.08147489653,
    39.684403384288));
#538 = CARTESIAN_POINT('',(285.83294291543,98.803583463231,
    38.790107346389));
#539 = CARTESIAN_POINT('',(296.45073284062,96.287397393255,
    37.802257267104));
#540 = CARTESIAN_POINT('',(306.85139677291,93.543380317303,
    36.72496114883));
#541 = CARTESIAN_POINT('',(317.00463867793,90.582266601454,
    35.562433284186));
#542 = CARTESIAN_POINT('',(326.88083011416,87.41505205143,34.31899060652
    ));
#543 = CARTESIAN_POINT('',(336.45109399761,84.052993097716,
    32.999052369989));
#544 = CARTESIAN_POINT('',(345.68739139443,80.507614412684,
    31.607143140025));
#545 = CARTESIAN_POINT('',(354.56261358832,76.790724698095,
    30.147898991484));
#546 = CARTESIAN_POINT('',(363.05068250256,72.914440158175,
    28.62607672413));
#547 = CARTESIAN_POINT('',(371.12666361675,68.89121389947,
    27.046565404968));
#548 = CARTESIAN_POINT('',(378.7668967785,64.73387020858,25.414399825615
    ));
#549 = CARTESIAN_POINT('',(385.949151645,60.455633525572,23.734771877212
    ));
#550 = CARTESIAN_POINT('',(392.65281557823,56.070163666721,
    22.013044378812));
#551 = CARTESIAN_POINT('',(398.85912198957,51.591515607173,
    20.254735288118));
#552 = CARTESIAN_POINT('',(404.55142516314,47.034247306678,
    18.465560033676));
#553 = CARTESIAN_POINT('',(409.71552150746,42.412795676664,
    16.651186520685));
#554 = CARTESIAN_POINT('',(414.34000426676,37.743071301322,
    14.817861215586));
#555 = CARTESIAN_POINT('',(418.41661612864,33.035797430151,
    12.96979404665));
#556 = CARTESIAN_POINT('',(421.94053090394,28.317993405731,
    11.117592758682));
#557 = CARTESIAN_POINT('',(424.91045627919,23.555380028529,
    9.247799400228));
#558 = CARTESIAN_POINT('',(427.32842010734,18.92083698913,7.428286223698
    ));
#559 = CARTESIAN_POINT('',(429.19911123336,13.845670957163,
    5.435785260876));
#560 = CARTESIAN_POINT('',(430.52872140042,10.38156199158,4.075782375105
    ));
#561 = CARTESIAN_POINT('',(431.32344240112,1.146555044539,0.450135427252
    ));
#562 = CARTESIAN_POINT('',(431.5,9.135659182943,3.586643196178));
#563 = CARTESIAN_POINT('',(431.5,0.,3.257616398855E-14));
#564 = CARTESIAN_POINT('',(8.5,0.,6.417089082333E-16));
#565 = CARTESIAN_POINT('',(8.5,6.184297860223E-16,3.43390645195));
#566 = CARTESIAN_POINT('',(8.685992928529,1.851960194277E-15,
    10.283233769812));
#567 = CARTESIAN_POINT('',(9.522161891951,3.697660387857E-15,
    20.531708125912));
#568 = CARTESIAN_POINT('',(10.913772519296,5.527501529242E-15,
    30.69212316973));
#569 = CARTESIAN_POINT('',(12.857892180412,7.335359366987E-15,
    40.730473251748));
#570 = CARTESIAN_POINT('',(15.350474013702,9.113869481219E-15,
    50.605866536735));
#571 = CARTESIAN_POINT('',(18.386431001084,1.085634084331E-14,
    60.281150276065));
#572 = CARTESIAN_POINT('',(21.959673902263,1.255629488287E-14,
    69.720351421292));
#573 = CARTESIAN_POINT('',(26.063123288645,1.420762385457E-14,
    78.889555975117));
#574 = CARTESIAN_POINT('',(30.688683308212,1.580456824294E-14,
    87.756783528802));
#575 = CARTESIAN_POINT('',(35.82717421808,1.734173286615E-14,
    96.29207668031));
#576 = CARTESIAN_POINT('',(41.46822890816,1.881408735109E-14,
    104.46750367245));
#577 = CARTESIAN_POINT('',(47.600165895707,2.021697062787E-14,
    112.25718334891));
#578 = CARTESIAN_POINT('',(54.209855988482,2.154609756185E-14,
    119.63732197933));
#579 = CARTESIAN_POINT('',(61.282601004059,2.279756971542E-14,
    126.58627301583));
#580 = CARTESIAN_POINT('',(68.802040597953,2.396788913947E-14,
    133.08461367138));
#581 = CARTESIAN_POINT('',(76.750098315733,2.505397336029E-14,
    139.11522813645));
#582 = CARTESIAN_POINT('',(85.10697188577,2.605316909061E-14,
    144.66338371153));
#583 = CARTESIAN_POINT('',(93.851166957938,2.696326231719E-14,
    149.71678681929));
#584 = CARTESIAN_POINT('',(102.95956901849,2.778248295828E-14,
    154.26560886605));
#585 = CARTESIAN_POINT('',(112.40754554631,2.85095030703E-14,
    158.3024762838));
#586 = CARTESIAN_POINT('',(122.1690695698,2.914342838692E-14,
    161.82242355021));
#587 = CARTESIAN_POINT('',(132.21685624668,2.968378365064E-14,
    164.82281174043));
#588 = CARTESIAN_POINT('',(142.52250540073,3.013049266975E-14,
    167.30321779056));
#589 = CARTESIAN_POINT('',(153.05664462597,3.048385429236E-14,
    169.26530109121));
#590 = CARTESIAN_POINT('',(163.7890692457,3.074451556546E-14,
    170.71265444915));
#591 = CARTESIAN_POINT('',(174.6888768721,3.091344328791E-14,
    171.65064613255));
#592 = CARTESIAN_POINT('',(185.72459545329,3.099189502609E-14,
    172.08625893125));
#593 = CARTESIAN_POINT('',(196.86430450989,3.098139047928E-14,
    172.02793116005));
#594 = CARTESIAN_POINT('',(208.07574979022,3.088368389384E-14,
    171.48540348476));
#595 = CARTESIAN_POINT('',(219.32645187414,3.070073804818E-14,
    170.46957447073));
#596 = CARTESIAN_POINT('',(230.58380939254,3.043470017789E-14,
    168.99236690429));
#597 = CARTESIAN_POINT('',(241.8151975599,3.008788008536E-14,
    167.06660624342));
#598 = CARTESIAN_POINT('',(252.98806268606,2.966273058125E-14,
    164.7059120172));
#599 = CARTESIAN_POINT('',(264.07001327584,2.916183033525E-14,
    161.92460260196));
#600 = CARTESIAN_POINT('',(275.02890826669,2.858786916508E-14,
    158.73761353715));
#601 = CARTESIAN_POINT('',(285.83294291543,2.79436357649E-14,
    155.16042938555));
#602 = CARTESIAN_POINT('',(296.45073284062,2.723200786041E-14,
    151.20902906841));
#603 = CARTESIAN_POINT('',(306.85139677291,2.645594477631E-14,
    146.89984459531));
#604 = CARTESIAN_POINT('',(317.00463867793,2.561848240669E-14,
    142.24973313674));
#605 = CARTESIAN_POINT('',(326.88083011416,2.472273058603E-14,
    137.27596242608));
#606 = CARTESIAN_POINT('',(336.45109399761,2.377187285871E-14,
    131.99620947995));
#607 = CARTESIAN_POINT('',(345.68739139443,2.276916863331E-14,
    126.42857256009));
#608 = CARTESIAN_POINT('',(354.56261358832,2.171795764761E-14,
    120.59159596593));
#609 = CARTESIAN_POINT('',(363.05068250256,2.062166660727E-14,
    114.50430689652));
#610 = CARTESIAN_POINT('',(371.12666361675,1.948381750066E-14,
    108.18626161987));
#611 = CARTESIAN_POINT('',(378.7668967785,1.830803729335E-14,
    101.65759930245));
#612 = CARTESIAN_POINT('',(385.949151645,1.709806612231E-14,
    94.93908750885));
#613 = CARTESIAN_POINT('',(392.65281557823,1.585776725765E-14,
    88.052177515247));
#614 = CARTESIAN_POINT('',(398.85912198957,1.459111572834E-14,
    81.01894115247));
#615 = CARTESIAN_POINT('',(404.55142516314,1.330222881747E-14,
    73.862240134706));
#616 = CARTESIAN_POINT('',(409.71552150746,1.199518957327E-14,
    66.604746082738));
#617 = CARTESIAN_POINT('',(414.34000426676,1.067449782816E-14,
    59.271444862343));
#618 = CARTESIAN_POINT('',(418.41661612864,9.343186332253E-15,
    51.879176186601));
#619 = CARTESIAN_POINT('',(421.94053090394,8.008896697732E-15,
    44.470371034729));
#620 = CARTESIAN_POINT('',(424.91045627919,6.661934079203E-15,
    36.991197600911));
#621 = CARTESIAN_POINT('',(427.32842010734,5.351192321766E-15,
    29.71314489479));
#622 = CARTESIAN_POINT('',(429.19911123336,3.91583354152E-15,
    21.743141043503));
#623 = CARTESIAN_POINT('',(430.52872140042,2.936114023349E-15,
    16.303129500418));
#624 = CARTESIAN_POINT('',(431.32344240112,3.242687706861E-16,
    1.800541709006));
#625 = CARTESIAN_POINT('',(431.5,2.583747711696E-15,14.346572784711));
#626 = CARTESIAN_POINT('',(431.5,7.006492321624E-46,3.257616398855E-14)
  );
#627 = CARTESIAN_POINT('',(8.5,0.,6.417089082333E-16));
#628 = CARTESIAN_POINT('',(8.5,-2.186654574712,0.858476612987));
#629 = CARTESIAN_POINT('',(8.685992928529,-6.548192410082,2.570808442453
    ));
#630 = CARTESIAN_POINT('',(9.522161891951,-13.07425060303,5.132927031478
    ));
#631 = CARTESIAN_POINT('',(10.913772519296,-19.54423408902,
    7.673030792433));
#632 = CARTESIAN_POINT('',(12.857892180412,-25.93648863542,
    10.182618312937));
#633 = CARTESIAN_POINT('',(15.350474013702,-32.22497500098,
    12.651466634184));
#634 = CARTESIAN_POINT('',(18.386431001084,-38.38603493266,
    15.070287569016));
#635 = CARTESIAN_POINT('',(21.959673902263,-44.39676139089,
    17.430087855323));
#636 = CARTESIAN_POINT('',(26.063123288645,-50.23555850568,
    19.722388993779));
#637 = CARTESIAN_POINT('',(30.688683308212,-55.88206168408,
    21.939195882201));
#638 = CARTESIAN_POINT('',(35.82717421808,-61.31719455022,
    24.073019170077));
#639 = CARTESIAN_POINT('',(41.46822890816,-66.52317062521,
    26.116875918114));
#640 = CARTESIAN_POINT('',(47.600165895707,-71.48350921871,
    28.064295837228));
#641 = CARTESIAN_POINT('',(54.209855988482,-76.18305887856,
    29.909330494835));
#642 = CARTESIAN_POINT('',(61.282601004059,-80.60803544272,
    31.646568253959));
#643 = CARTESIAN_POINT('',(68.802040597953,-84.74607080312,
    33.271153417845));
#644 = CARTESIAN_POINT('',(76.750098315733,-88.58626589664,
    34.778807034114));
#645 = CARTESIAN_POINT('',(85.10697188577,-92.119239185,36.165845927883)
  );
#646 = CARTESIAN_POINT('',(93.851166957938,-95.33716232241,
    37.429196704824));
#647 = CARTESIAN_POINT('',(102.95956901849,-98.23377662373,
    38.566402216514));
#648 = CARTESIAN_POINT('',(112.40754554631,-100.8043867233,
    39.575619070951));
#649 = CARTESIAN_POINT('',(122.1690695698,-103.0458306591,
    40.455605887555));
#650 = CARTESIAN_POINT('',(132.21685624668,-104.9564280076,
    41.205702935107));
#651 = CARTESIAN_POINT('',(142.52250540073,-106.5359093687,
    41.825804447642));
#652 = CARTESIAN_POINT('',(153.05664462597,-107.7853314148,
    42.316325272803));
#653 = CARTESIAN_POINT('',(163.7890692457,-108.7069819856,
    42.678163612288));
#654 = CARTESIAN_POINT('',(174.6888768721,-109.304279505,42.912661533138
    ));
#655 = CARTESIAN_POINT('',(185.72459545329,-109.5816704975,
    43.021564732813));
#656 = CARTESIAN_POINT('',(196.86430450989,-109.5445283419,
    43.006982790014));
#657 = CARTESIAN_POINT('',(208.07574979022,-109.1990557323,
    42.871350871191));
#658 = CARTESIAN_POINT('',(219.32645187414,-108.5521926941,
    42.617393617683));
#659 = CARTESIAN_POINT('',(230.58380939254,-107.6115314593,
    42.248091726073));
#660 = CARTESIAN_POINT('',(241.8151975599,-106.3852390668,
    41.766651560856));
#661 = CARTESIAN_POINT('',(252.98806268606,-104.8819882061,
    41.176478004302));
#662 = CARTESIAN_POINT('',(264.07001327584,-103.1108965816,
    40.481150650491));
#663 = CARTESIAN_POINT('',(275.02890826669,-101.0814748965,
    39.684403384288));
#664 = CARTESIAN_POINT('',(285.83294291543,-98.80358346323,
    38.790107346389));
#665 = CARTESIAN_POINT('',(296.45073284062,-96.28739739325,
    37.802257267104));
#666 = CARTESIAN_POINT('',(306.85139677291,-93.5433803173,36.72496114883
    ));
#667 = CARTESIAN_POINT('',(317.00463867793,-90.58226660145,
    35.562433284186));
#668 = CARTESIAN_POINT('',(326.88083011416,-87.41505205143,
    34.31899060652));
#669 = CARTESIAN_POINT('',(336.45109399761,-84.05299309771,
    32.999052369989));
#670 = CARTESIAN_POINT('',(345.68739139443,-80.50761441268,
    31.607143140025));
#671 = CARTESIAN_POINT('',(354.56261358832,-76.79072469809,
    30.147898991484));
#672 = CARTESIAN_POINT('',(363.05068250256,-72.91444015817,
    28.62607672413));
#673 = CARTESIAN_POINT('',(371.12666361675,-68.89121389947,
    27.046565404968));
#674 = CARTESIAN_POINT('',(378.7668967785,-64.73387020858,
    25.414399825615));
#675 = CARTESIAN_POINT('',(385.949151645,-60.45563352557,23.734771877212
    ));
#676 = CARTESIAN_POINT('',(392.65281557823,-56.07016366672,
    22.013044378812));
#677 = CARTESIAN_POINT('',(398.85912198957,-51.59151560717,
    20.254735288118));
#678 = CARTESIAN_POINT('',(404.55142516314,-47.03424730667,
    18.465560033676));
#679 = CARTESIAN_POINT('',(409.71552150746,-42.41279567666,
    16.651186520685));
#680 = CARTESIAN_POINT('',(414.34000426676,-37.74307130132,
    14.817861215586));
#681 = CARTESIAN_POINT('',(418.41661612864,-33.03579743015,
    12.96979404665));
#682 = CARTESIAN_POINT('',(421.94053090394,-28.31799340573,
    11.117592758682));
#683 = CARTESIAN_POINT('',(424.91045627919,-23.55538002852,
    9.247799400228));
#684 = CARTESIAN_POINT('',(427.32842010734,-18.92083698913,
    7.428286223698));
#685 = CARTESIAN_POINT('',(429.19911123336,-13.84567095716,
    5.435785260876));
#686 = CARTESIAN_POINT('',(430.52872140042,-10.38156199158,
    4.075782375105));
#687 = CARTESIAN_POINT('',(431.32344240112,-1.146555044539,
    0.450135427252));
#688 = CARTESIAN_POINT('',(431.5,-9.135659182943,3.586643196178));
#689 = CARTESIAN_POINT('',(431.5,0.,3.257616398855E-14));
#690 = CARTESIAN_POINT('',(8.5,0.,6.417089082333E-16));
#691 = CARTESIAN_POINT('',(8.5,-4.373309149423,-1.716953225975));
#692 = CARTESIAN_POINT('',(8.685992928529,-13.09638482016,
    -5.141616884906));
#693 = CARTESIAN_POINT('',(9.522161891951,-26.14850120606,
    -10.26585406295));
#694 = CARTESIAN_POINT('',(10.913772519296,-39.08846817804,
    -15.34606158486));
#695 = CARTESIAN_POINT('',(12.857892180412,-51.87297727084,
    -20.36523662587));
#696 = CARTESIAN_POINT('',(15.350474013702,-64.44995000196,
    -25.30293326836));
#697 = CARTESIAN_POINT('',(18.386431001084,-76.77206986532,
    -30.14057513803));
#698 = CARTESIAN_POINT('',(21.959673902263,-88.79352278179,
    -34.86017571064));
#699 = CARTESIAN_POINT('',(26.063123288645,-100.4711170113,
    -39.44477798755));
#700 = CARTESIAN_POINT('',(30.688683308212,-111.7641233681,
    -43.8783917644));
#701 = CARTESIAN_POINT('',(35.82717421808,-122.6343891004,
    -48.14603834015));
#702 = CARTESIAN_POINT('',(41.46822890816,-133.0463412504,
    -52.23375183622));
#703 = CARTESIAN_POINT('',(47.600165895707,-142.9670184374,
    -56.12859167445));
#704 = CARTESIAN_POINT('',(54.209855988482,-152.3661177571,
    -59.81866098966));
#705 = CARTESIAN_POINT('',(61.282601004059,-161.2160708854,
    -63.29313650791));
#706 = CARTESIAN_POINT('',(68.802040597953,-169.4921416062,
    -66.54230683569));
#707 = CARTESIAN_POINT('',(76.750098315733,-177.1725317932,
    -69.55761406822));
#708 = CARTESIAN_POINT('',(85.10697188577,-184.23847837,-72.33169185576)
  );
#709 = CARTESIAN_POINT('',(93.851166957938,-190.6743246448,
    -74.85839340964));
#710 = CARTESIAN_POINT('',(102.95956901849,-196.4675532474,
    -77.13280443302));
#711 = CARTESIAN_POINT('',(112.40754554631,-201.6087734467,
    -79.1512381419));
#712 = CARTESIAN_POINT('',(122.1690695698,-206.0916613183,-80.9112117751
    ));
#713 = CARTESIAN_POINT('',(132.21685624668,-209.9128560152,
    -82.41140587021));
#714 = CARTESIAN_POINT('',(142.52250540073,-213.0718187375,
    -83.65160889528));
#715 = CARTESIAN_POINT('',(153.05664462597,-215.5706628297,
    -84.6326505456));
#716 = CARTESIAN_POINT('',(163.7890692457,-217.4139639712,
    -85.35632722457));
#717 = CARTESIAN_POINT('',(174.6888768721,-218.60855901,-85.82532306627)
  );
#718 = CARTESIAN_POINT('',(185.72459545329,-219.1633409951,
    -86.04312946562));
#719 = CARTESIAN_POINT('',(196.86430450989,-219.0890566839,
    -86.01396558002));
#720 = CARTESIAN_POINT('',(208.07574979022,-218.3981114647,
    -85.74270174238));
#721 = CARTESIAN_POINT('',(219.32645187414,-217.1043853882,
    -85.23478723536));
#722 = CARTESIAN_POINT('',(230.58380939254,-215.2230629187,
    -84.49618345214));
#723 = CARTESIAN_POINT('',(241.8151975599,-212.7704781336,
    -83.53330312171));
#724 = CARTESIAN_POINT('',(252.98806268606,-209.7639764123,
    -82.3529560086));
#725 = CARTESIAN_POINT('',(264.07001327584,-206.2217931632,
    -80.96230130098));
#726 = CARTESIAN_POINT('',(275.02890826669,-202.162949793,
    -79.36880676857));
#727 = CARTESIAN_POINT('',(285.83294291543,-197.6071669264,
    -77.58021469277));
#728 = CARTESIAN_POINT('',(296.45073284062,-192.5747947865,
    -75.6045145342));
#729 = CARTESIAN_POINT('',(306.85139677291,-187.0867606346,
    -73.44992229765));
#730 = CARTESIAN_POINT('',(317.00463867793,-181.1645332029,
    -71.12486656837));
#731 = CARTESIAN_POINT('',(326.88083011416,-174.8301041028,
    -68.63798121304));
#732 = CARTESIAN_POINT('',(336.45109399761,-168.1059861954,
    -65.99810473997));
#733 = CARTESIAN_POINT('',(345.68739139443,-161.0152288253,
    -63.21428628004));
#734 = CARTESIAN_POINT('',(354.56261358832,-153.5814493961,
    -60.29579798296));
#735 = CARTESIAN_POINT('',(363.05068250256,-145.8288803163,
    -57.25215344826));
#736 = CARTESIAN_POINT('',(371.12666361675,-137.7824277989,
    -54.09313080993));
#737 = CARTESIAN_POINT('',(378.7668967785,-129.4677404171,
    -50.82879965123));
#738 = CARTESIAN_POINT('',(385.949151645,-120.9112670511,-47.46954375442
    ));
#739 = CARTESIAN_POINT('',(392.65281557823,-112.1403273334,
    -44.02608875762));
#740 = CARTESIAN_POINT('',(398.85912198957,-103.1830312143,
    -40.50947057623));
#741 = CARTESIAN_POINT('',(404.55142516314,-94.06849461335,
    -36.93112006735));
#742 = CARTESIAN_POINT('',(409.71552150746,-84.82559135332,
    -33.30237304136));
#743 = CARTESIAN_POINT('',(414.34000426676,-75.48614260264,
    -29.63572243117));
#744 = CARTESIAN_POINT('',(418.41661612864,-66.0715948603,-25.9395880933
    ));
#745 = CARTESIAN_POINT('',(421.94053090394,-56.63598681146,
    -22.23518551736));
#746 = CARTESIAN_POINT('',(424.91045627919,-47.11076005705,
    -18.49559880045));
#747 = CARTESIAN_POINT('',(427.32842010734,-37.84167397825,
    -14.85657244739));
#748 = CARTESIAN_POINT('',(429.19911123336,-27.69134191432,
    -10.87157052175));
#749 = CARTESIAN_POINT('',(430.52872140042,-20.76312398316,
    -8.151564750209));
#750 = CARTESIAN_POINT('',(431.32344240112,-2.293110089078,
    -0.900270854503));
#751 = CARTESIAN_POINT('',(431.5,-18.27131836588,-7.173286392355));
#752 = CARTESIAN_POINT('',(431.5,-6.310887241768E-30,3.257616398855E-14)
  );
#753 = CARTESIAN_POINT('',(8.5,0.,6.417089082333E-16));
#754 = CARTESIAN_POINT('',(8.5,0.,-1.716953225975));
#755 = CARTESIAN_POINT('',(8.685992928529,0.,-5.141616884906));
#756 = CARTESIAN_POINT('',(9.522161891951,0.,-10.26585406295));
#757 = CARTESIAN_POINT('',(10.913772519296,0.,-15.34606158486));
#758 = CARTESIAN_POINT('',(12.857892180412,0.,-20.36523662587));
#759 = CARTESIAN_POINT('',(15.350474013702,0.,-25.30293326836));
#760 = CARTESIAN_POINT('',(18.386431001084,0.,-30.14057513803));
#761 = CARTESIAN_POINT('',(21.959673902263,0.,-34.86017571064));
#762 = CARTESIAN_POINT('',(26.063123288645,0.,-39.44477798755));
#763 = CARTESIAN_POINT('',(30.688683308212,0.,-43.8783917644));
#764 = CARTESIAN_POINT('',(35.82717421808,0.,-48.14603834015));
#765 = CARTESIAN_POINT('',(41.46822890816,0.,-52.23375183622));
#766 = CARTESIAN_POINT('',(47.600165895707,0.,-56.12859167445));
#767 = CARTESIAN_POINT('',(54.209855988482,0.,-59.81866098966));
#768 = CARTESIAN_POINT('',(61.282601004059,0.,-63.29313650791));
#769 = CARTESIAN_POINT('',(68.802040597953,0.,-66.54230683569));
#770 = CARTESIAN_POINT('',(76.750098315733,0.,-69.55761406822));
#771 = CARTESIAN_POINT('',(85.10697188577,0.,-72.33169185576));
#772 = CARTESIAN_POINT('',(93.851166957938,0.,-74.85839340964));
#773 = CARTESIAN_POINT('',(102.95956901849,0.,-77.13280443302));
#774 = CARTESIAN_POINT('',(112.40754554631,0.,-79.1512381419));
#775 = CARTESIAN_POINT('',(122.1690695698,0.,-80.9112117751));
#776 = CARTESIAN_POINT('',(132.21685624668,0.,-82.41140587021));
#777 = CARTESIAN_POINT('',(142.52250540073,0.,-83.65160889528));
#778 = CARTESIAN_POINT('',(153.05664462597,0.,-84.6326505456));
#779 = CARTESIAN_POINT('',(163.7890692457,0.,-85.35632722457));
#780 = CARTESIAN_POINT('',(174.6888768721,0.,-85.82532306627));
#781 = CARTESIAN_POINT('',(185.72459545329,0.,-86.04312946562));
#782 = CARTESIAN_POINT('',(196.86430450989,0.,-86.01396558002));
#783 = CARTESIAN_POINT('',(208.07574979022,0.,-85.74270174238));
#784 = CARTESIAN_POINT('',(219.32645187414,0.,-85.23478723536));
#785 = CARTESIAN_POINT('',(230.58380939254,0.,-84.49618345214));
#786 = CARTESIAN_POINT('',(241.8151975599,0.,-83.53330312171));
#787 = CARTESIAN_POINT('',(252.98806268606,0.,-82.3529560086));
#788 = CARTESIAN_POINT('',(264.07001327584,0.,-80.96230130098));
#789 = CARTESIAN_POINT('',(275.02890826669,0.,-79.36880676857));
#790 = CARTESIAN_POINT('',(285.83294291543,0.,-77.58021469277));
#791 = CARTESIAN_POINT('',(296.45073284062,0.,-75.6045145342));
#792 = CARTESIAN_POINT('',(306.85139677291,0.,-73.44992229765));
#793 = CARTESIAN_POINT('',(317.00463867793,0.,-71.12486656837));
#794 = CARTESIAN_POINT('',(326.88083011416,0.,-68.63798121304));
#795 = CARTESIAN_POINT('',(336.45109399761,0.,-65.99810473997));
#796 = CARTESIAN_POINT('',(345.68739139443,0.,-63.21428628005));
#797 = CARTESIAN_POINT('',(354.56261358832,0.,-60.29579798296));
#798 = CARTESIAN_POINT('',(363.05068250256,0.,-57.25215344826));
#799 = CARTESIAN_POINT('',(371.12666361675,0.,-54.09313080993));
#800 = CARTESIAN_POINT('',(378.7668967785,0.,-50.82879965123));
#801 = CARTESIAN_POINT('',(385.949151645,0.,-47.46954375442));
#802 = CARTESIAN_POINT('',(392.65281557823,0.,-44.02608875762));
#803 = CARTESIAN_POINT('',(398.85912198957,0.,-40.50947057623));
#804 = CARTESIAN_POINT('',(404.55142516314,0.,-36.93112006735));
#805 = CARTESIAN_POINT('',(409.71552150746,0.,-33.30237304136));
#806 = CARTESIAN_POINT('',(414.34000426676,0.,-29.63572243117));
#807 = CARTESIAN_POINT('',(418.41661612864,0.,-25.9395880933));
#808 = CARTESIAN_POINT('',(421.94053090394,0.,-22.23518551736));
#809 = CARTESIAN_POINT('',(424.91045627919,0.,-18.49559880045));
#810 = CARTESIAN_POINT('',(427.32842010734,0.,-14.85657244739));
#811 = CARTESIAN_POINT('',(429.19911123336,0.,-10.87157052175));
#812 = CARTESIAN_POINT('',(430.52872140042,0.,-8.151564750209));
#813 = CARTESIAN_POINT('',(431.32344240112,0.,-0.900270854503));
#814 = CARTESIAN_POINT('',(431.5,0.,-7.173286392355));
#815 = CARTESIAN_POINT('',(431.5,0.,3.257616398855E-14));
#816 = DEFINITIONAL_REPRESENTATION('',(#817),#1163);
#817 = B_SPLINE_CURVE_WITH_KNOTS('',8,(#818,#819,#820,#821,#822,#823,
    #824,#825,#826,#827,#828,#829,#830,#831,#832,#833,#834,#835,#836,
    #837,#838,#839,#840,#841,#842,#843,#844,#845,#846,#847,#848,#849,
    #850,#851,#852,#853,#854,#855,#856,#857,#858,#859,#860,#861,#862,
    #863,#864,#865,#866,#867,#868,#869,#870,#871,#872,#873,#874,#875,
    #876,#877,#878,#879,#880,#881,#882,#883,#884,#885,#886,#887,#888,
    #889,#890,#891,#892,#893,#894,#895,#896,#897,#898,#899,#900,#901,
    #902,#903,#904,#905,#906,#907,#908,#909,#910,#911,#912,#913,#914,
    #915,#916,#917,#918,#919,#920,#921,#922,#923,#924,#925,#926,#927,
    #928,#929,#930,#931,#932,#933,#934,#935,#936,#937,#938,#939,#940,
    #941,#942,#943,#944,#945,#946,#947,#948,#949,#950,#951,#952,#953,
    #954,#955,#956,#957,#958,#959,#960,#961,#962,#963,#964,#965,#966,
    #967,#968,#969,#970,#971,#972,#973,#974,#975,#976,#977,#978,#979,
    #980,#981,#982,#983,#984,#985,#986,#987,#988,#989,#990,#991,#992,
    #993,#994,#995,#996,#997,#998,#999,#1000,#1001,#1002,#1003,#1004,
    #1005,#1006,#1007,#1008,#1009,#1010,#1011,#1012,#1013,#1014,#1015,
    #1016,#1017,#1018,#1019,#1020,#1021,#1022,#1023,#1024,#1025,#1026,
    #1027,#1028,#1029,#1030,#1031,#1032,#1033,#1034,#1035,#1036,#1037,
    #1038,#1039,#1040,#1041,#1042,#1043,#1044,#1045,#1046,#1047,#1048,
    #1049,#1050,#1051,#1052,#1053,#1054,#1055,#1056,#1057,#1058,#1059,
    #1060,#1061,#1062,#1063,#1064,#1065,#1066,#1067,#1068,#1069,#1070,
    #1071,#1072,#1073,#1074,#1075,#1076,#1077,#1078,#1079,#1080,#1081,
    #1082,#1083,#1084,#1085,#1086,#1087,#1088,#1089,#1090,#1091,#1092,
    #1093,#1094,#1095,#1096,#1097,#1098,#1099,#1100,#1101,#1102,#1103,
    #1104,#1105,#1106,#1107,#1108,#1109,#1110,#1111,#1112,#1113,#1114,
    #1115,#1116,#1117,#1118,#1119,#1120,#1121,#1122,#1123,#1124,#1125,
    #1126,#1127,#1128,#1129,#1130,#1131,#1132,#1133,#1134,#1135,#1136,
    #1137,#1138,#1139,#1140,#1141,#1142,#1143,#1144,#1145,#1146,#1147,
    #1148,#1149,#1150,#1151,#1152,#1153,#1154,#1155,#1156,#1157,#1158,
    #1159,#1160,#1161,#1162),.UNSPECIFIED.,.F.,.F.,(9,7,7,7,7,7,7,7,7,7,
    7,7,7,7,7,7,7,7,7,7,7,7,7,7,7,7,7,7,7,7,7,7,7,7,7,7,7,7,7,7,7,7,7,7,
    7,7,7,7,7,9),(0.,3.522308624447E-02,4.753292974567E-02,
    6.191489484994E-02,8.695439541408E-02,0.100938193277,0.114338209662,
    0.131905977332,0.159220383335,0.173376925224,0.187533460089,
    0.208647999114,0.224053054337,0.247772744693,0.258897963901,
    0.271413838302,0.289464953114,0.306104210083,0.339328061038,
    0.36833131466,0.393158888923,0.415211766029,0.434500461188,
    0.451031657636,0.480020448749,0.502066219,0.536528888612,
    0.554461171109,0.57240409578,0.587591673527,0.616607324496,
    0.642902846435,0.6650865405,0.684534114736,0.702629582351,
    0.733354125069,0.757208036041,0.775535325201,0.788253776298,
    0.809532147937,0.831009337671,0.842570328853,0.859977889052,
    0.879027864433,0.896814542081,0.910360466765,0.932190562869,
    0.951811849724,0.973025978833,1.),.UNSPECIFIED.);
#818 = CARTESIAN_POINT('',(0.,85.373000952933));
#819 = CARTESIAN_POINT('',(4.129813446233E-02,85.373000952933));
#820 = CARTESIAN_POINT('',(8.167835779399E-02,85.516870647456));
#821 = CARTESIAN_POINT('',(0.12081437728,85.804769632829));
#822 = CARTESIAN_POINT('',(0.158469335788,86.231771774681));
#823 = CARTESIAN_POINT('',(0.194492524064,86.789317043927));
#824 = CARTESIAN_POINT('',(0.228805045926,87.46667058956));
#825 = CARTESIAN_POINT('',(0.261381946844,88.252163761361));
#826 = CARTESIAN_POINT('',(0.303022069971,89.442175042874));
#827 = CARTESIAN_POINT('',(0.31359830605,89.762199768912));
#828 = CARTESIAN_POINT('',(0.323968456416,90.093599280874));
#829 = CARTESIAN_POINT('',(0.334134528338,90.435913687177));
#830 = CARTESIAN_POINT('',(0.344099027412,90.788693061677));
#831 = CARTESIAN_POINT('',(0.353864880356,91.151500607811));
#832 = CARTESIAN_POINT('',(0.363435357807,91.523915822757));
#833 = CARTESIAN_POINT('',(0.383771347073,92.351398079565));
#834 = CARTESIAN_POINT('',(0.394466732321,92.809821302219));
#835 = CARTESIAN_POINT('',(0.404905868513,93.280166895796));
#836 = CARTESIAN_POINT('',(0.415094785988,93.761825030702));
#837 = CARTESIAN_POINT('',(0.42503976599,94.254216244562));
#838 = CARTESIAN_POINT('',(0.4347472735,94.756792250878));
#839 = CARTESIAN_POINT('',(0.444223886702,95.269037793257));
#840 = CARTESIAN_POINT('',(0.469584861844,96.698311292763));
#841 = CARTESIAN_POINT('',(0.485012927352,97.633964484548));
#842 = CARTESIAN_POINT('',(0.499795936989,98.594929851904));
#843 = CARTESIAN_POINT('',(0.513968255957,99.578937969174));
#844 = CARTESIAN_POINT('',(0.527562605759,100.58398198561));
#845 = CARTESIAN_POINT('',(0.540610565125,101.60823975862));
#846 = CARTESIAN_POINT('',(0.553141683006,102.6501734031));
#847 = CARTESIAN_POINT('',(0.571910054017,104.29939513123));
#848 = CARTESIAN_POINT('',(0.578483160272,104.89545609867));
#849 = CARTESIAN_POINT('',(0.584908703904,105.49634286061));
#850 = CARTESIAN_POINT('',(0.59119136442,106.10182546835));
#851 = CARTESIAN_POINT('',(0.59733563139,106.71168858686));
#852 = CARTESIAN_POINT('',(0.603345815136,107.3257309904));
#853 = CARTESIAN_POINT('',(0.60922605743,107.94376505802));
#854 = CARTESIAN_POINT('',(0.620494402882,109.16150706362));
#855 = CARTESIAN_POINT('',(0.625892790334,109.76090130985));
#856 = CARTESIAN_POINT('',(0.631179002846,110.36364505512));
#857 = CARTESIAN_POINT('',(0.636356387644,110.96959367617));
#858 = CARTESIAN_POINT('',(0.641428152856,111.57861105981));
#859 = CARTESIAN_POINT('',(0.646397379489,112.19056878351));
#860 = CARTESIAN_POINT('',(0.65126703341,112.80534529604));
#861 = CARTESIAN_POINT('',(0.662297430086,114.23235707101));
#862 = CARTESIAN_POINT('',(0.668352780598,115.04189573517));
#863 = CARTESIAN_POINT('',(0.674218417229,115.85143145151));
#864 = CARTESIAN_POINT('',(0.679905372014,116.66096376039));
#865 = CARTESIAN_POINT('',(0.685423531099,117.47049609408));
#866 = CARTESIAN_POINT('',(0.690781807335,118.28003144523));
#867 = CARTESIAN_POINT('',(0.695988275023,119.08956899158));
#868 = CARTESIAN_POINT('',(0.708920663377,121.15776497692));
#869 = CARTESIAN_POINT('',(0.716489729995,122.42408305163));
#870 = CARTESIAN_POINT('',(0.723774136931,123.69746442726));
#871 = CARTESIAN_POINT('',(0.730789213478,124.97735140209));
#872 = CARTESIAN_POINT('',(0.737548838318,126.26329022026));
#873 = CARTESIAN_POINT('',(0.744066048101,127.55481494612));
#874 = CARTESIAN_POINT('',(0.750352684085,128.85157125358));
#875 = CARTESIAN_POINT('',(0.759564414042,130.82781602985));
#876 = CARTESIAN_POINT('',(0.762643889154,131.50242817516));
#877 = CARTESIAN_POINT('',(0.765660534195,132.1770401905));
#878 = CARTESIAN_POINT('',(0.768616430337,132.85165202927));
#879 = CARTESIAN_POINT('',(0.771513535176,133.52626385));
#880 = CARTESIAN_POINT('',(0.77435369319,134.20087582064));
#881 = CARTESIAN_POINT('',(0.777138646189,134.87548792284));
#882 = CARTESIAN_POINT('',(0.78260144,136.22471125485));
#883 = CARTESIAN_POINT('',(0.785279285573,136.89932408882));
#884 = CARTESIAN_POINT('',(0.7879052258,137.57393579024));
#885 = CARTESIAN_POINT('',(0.790480815276,138.2485471554));
#886 = CARTESIAN_POINT('',(0.793007527943,138.92315912559));
#887 = CARTESIAN_POINT('',(0.795486764817,139.59777146651));
#888 = CARTESIAN_POINT('',(0.797919859408,140.27238324635));
#889 = CARTESIAN_POINT('',(0.803870124349,141.9531819165));
#890 = CARTESIAN_POINT('',(0.807338746096,142.9611776536));
#891 = CARTESIAN_POINT('',(0.810717190745,143.97088741603));
#892 = CARTESIAN_POINT('',(0.814008523647,144.98222682142));
#893 = CARTESIAN_POINT('',(0.817215636202,145.99511280383));
#894 = CARTESIAN_POINT('',(0.820341268766,147.00947003028));
#895 = CARTESIAN_POINT('',(0.82338802818,148.02523475289));
#896 = CARTESIAN_POINT('',(0.828525527703,149.78441095065));
#897 = CARTESIAN_POINT('',(0.83064992413,150.52648407939));
#898 = CARTESIAN_POINT('',(0.832732743009,151.26855717347));
#899 = CARTESIAN_POINT('',(0.834775103192,152.01063022016));
#900 = CARTESIAN_POINT('',(0.836778069531,152.75270326138));
#901 = CARTESIAN_POINT('',(0.838742656725,153.4947763418));
#902 = CARTESIAN_POINT('',(0.840669833179,154.23684945696));
#903 = CARTESIAN_POINT('',(0.845471687498,156.12151774562));
#904 = CARTESIAN_POINT('',(0.848299782069,157.26545863332));
#905 = CARTESIAN_POINT('',(0.851047628301,158.41066738331));
#906 = CARTESIAN_POINT('',(0.85371798247,159.557101171));
#907 = CARTESIAN_POINT('',(0.856313248404,160.70466366264));
#908 = CARTESIAN_POINT('',(0.858835878916,161.85331485366));
#909 = CARTESIAN_POINT('',(0.861288099852,163.00299099693));
#910 = CARTESIAN_POINT('',(0.864790210371,164.69333349043));
#911 = CARTESIAN_POINT('',(0.86589289668,165.23302294953));
#912 = CARTESIAN_POINT('',(0.866980375003,165.77271243773));
#913 = CARTESIAN_POINT('',(0.868052891338,166.31240197044));
#914 = CARTESIAN_POINT('',(0.869110684516,166.85209153842));
#915 = CARTESIAN_POINT('',(0.870153986198,167.39178110777));
#916 = CARTESIAN_POINT('',(0.871183020874,167.93147061995));
#917 = CARTESIAN_POINT('',(0.873339864244,169.07831067046));
#918 = CARTESIAN_POINT('',(0.8744639414,169.68546135235));
#919 = CARTESIAN_POINT('',(0.875570545533,170.29261203557));
#920 = CARTESIAN_POINT('',(0.876659975787,170.89976271874));
#921 = CARTESIAN_POINT('',(0.877732522248,171.50691340092));
#922 = CARTESIAN_POINT('',(0.87878846595,172.11406408161));
#923 = CARTESIAN_POINT('',(0.879828078869,172.72121476075));
#924 = CARTESIAN_POINT('',(0.882327839556,174.20403311032));
#925 = CARTESIAN_POINT('',(0.883771321611,175.08010972342));
#926 = CARTESIAN_POINT('',(0.885182788176,175.95658049862));
#927 = CARTESIAN_POINT('',(0.886562903019,176.8334276271));
#928 = CARTESIAN_POINT('',(0.887912340424,177.71063951688));
#929 = CARTESIAN_POINT('',(0.889231742985,178.58820441926));
#930 = CARTESIAN_POINT('',(0.890521684733,179.46610480156));
#931 = CARTESIAN_POINT('',(0.892945185491,181.15386306138));
#932 = CARTESIAN_POINT('',(0.894082690049,181.9633972976));
#933 = CARTESIAN_POINT('',(0.895195760138,182.7729315366));
#934 = CARTESIAN_POINT('',(0.896284873178,183.58246577544));
#935 = CARTESIAN_POINT('',(0.897350489491,184.39200001231));
#936 = CARTESIAN_POINT('',(0.898393052296,185.2015342465));
#937 = CARTESIAN_POINT('',(0.899412987715,186.01106847844));
#938 = CARTESIAN_POINT('',(0.902402861195,188.43701170509));
#939 = CARTESIAN_POINT('',(0.90430751391,190.05429672828));
#940 = CARTESIAN_POINT('',(0.906127768976,191.67240663417));
#941 = CARTESIAN_POINT('',(0.907866132719,193.29125102229));
#942 = CARTESIAN_POINT('',(0.909525497747,194.910808199));
#943 = CARTESIAN_POINT('',(0.911107980717,196.53099538978));
#944 = CARTESIAN_POINT('',(0.912616092512,198.15179355717));
#945 = CARTESIAN_POINT('',(0.915305192743,201.18853794491));
#946 = CARTESIAN_POINT('',(0.916503403754,202.60435106415));
#947 = CARTESIAN_POINT('',(0.917647837256,204.020558401));
#948 = CARTESIAN_POINT('',(0.918739815171,205.43713395284));
#949 = CARTESIAN_POINT('',(0.919780540808,206.85404998355));
#950 = CARTESIAN_POINT('',(0.920771177745,208.27128352216));
#951 = CARTESIAN_POINT('',(0.921712884845,209.6888190084));
#952 = CARTESIAN_POINT('',(0.923371664228,212.32031409623));
#953 = CARTESIAN_POINT('',(0.92410156451,213.53420062063));
#954 = CARTESIAN_POINT('',(0.92479693138,214.74827450424));
#955 = CARTESIAN_POINT('',(0.925458375668,215.96252380958));
#956 = CARTESIAN_POINT('',(0.926086454004,217.17693547709));
#957 = CARTESIAN_POINT('',(0.926681704121,218.39149804819));
#958 = CARTESIAN_POINT('',(0.927244668161,219.60620345806));
#959 = CARTESIAN_POINT('',(0.92824759512,221.90010868734));
#960 = CARTESIAN_POINT('',(0.928694271842,222.97928057859));
#961 = CARTESIAN_POINT('',(0.929116165777,224.0585480219));
#962 = CARTESIAN_POINT('',(0.929513587792,225.13790348996));
#963 = CARTESIAN_POINT('',(0.929886835598,226.2173399427));
#964 = CARTESIAN_POINT('',(0.930236193752,227.29685082732));
#965 = CARTESIAN_POINT('',(0.930561933653,228.37643007833));
#966 = CARTESIAN_POINT('',(0.931128792122,230.40038818447));
#967 = CARTESIAN_POINT('',(0.931375398524,231.34475215999));
#968 = CARTESIAN_POINT('',(0.931604316365,232.28916098995));
#969 = CARTESIAN_POINT('',(0.93181569604,233.2336100662));
#970 = CARTESIAN_POINT('',(0.932009677613,234.17809476001));
#971 = CARTESIAN_POINT('',(0.932186401424,235.12261112499));
#972 = CARTESIAN_POINT('',(0.93234600639,236.06715576926));
#973 = CARTESIAN_POINT('',(0.932610838273,237.82125906628));
#974 = CARTESIAN_POINT('',(0.932720574796,238.63079333972));
#975 = CARTESIAN_POINT('',(0.932817908704,239.44032767627));
#976 = CARTESIAN_POINT('',(0.932902915541,240.24986186245));
#977 = CARTESIAN_POINT('',(0.932975670227,241.05939592021));
#978 = CARTESIAN_POINT('',(0.933036247493,241.86893012429));
#979 = CARTESIAN_POINT('',(0.933084715805,242.67846462899));
#980 = CARTESIAN_POINT('',(0.933184970851,244.90758223491));
#981 = CARTESIAN_POINT('',(0.933211741082,246.32718257701));
#982 = CARTESIAN_POINT('',(0.933201731105,247.74678739997));
#983 = CARTESIAN_POINT('',(0.933155240686,249.16638682791));
#984 = CARTESIAN_POINT('',(0.933072496331,250.58596922438));
#985 = CARTESIAN_POINT('',(0.932953718561,252.00552472498));
#986 = CARTESIAN_POINT('',(0.932799155187,253.42504696938));
#987 = CARTESIAN_POINT('',(0.932464215727,255.92402531696));
#988 = CARTESIAN_POINT('',(0.932298891084,257.00350086006));
#989 = CARTESIAN_POINT('',(0.932112986176,258.08294549517));
#990 = CARTESIAN_POINT('',(0.931906551031,259.1623547725));
#991 = CARTESIAN_POINT('',(0.931679627561,260.24172441108));
#992 = CARTESIAN_POINT('',(0.931432249559,261.32105029876));
#993 = CARTESIAN_POINT('',(0.931164442699,262.40032849219));
#994 = CARTESIAN_POINT('',(0.930425672477,265.16663775574));
#995 = CARTESIAN_POINT('',(0.929925242944,266.85359448548));
#996 = CARTESIAN_POINT('',(0.929375019979,268.54041167334));
#997 = CARTESIAN_POINT('',(0.928774798827,270.2270659852));
#998 = CARTESIAN_POINT('',(0.928124706606,271.91355036933));
#999 = CARTESIAN_POINT('',(0.927424362199,273.59983980624));
#1000 = CARTESIAN_POINT('',(0.926673770635,275.28592688226));
#1001 = CARTESIAN_POINT('',(0.925455668001,277.84901436928));
#1002 = CARTESIAN_POINT('',(0.925025067491,278.72617647066));
#1003 = CARTESIAN_POINT('',(0.924580721596,279.60327618591));
#1004 = CARTESIAN_POINT('',(0.924122583485,280.48031111983));
#1005 = CARTESIAN_POINT('',(0.923650602559,281.35727888933));
#1006 = CARTESIAN_POINT('',(0.923164724446,282.23417712338));
#1007 = CARTESIAN_POINT('',(0.922664891007,283.11100346307));
#1008 = CARTESIAN_POINT('',(0.921636884709,284.86502798128));
#1009 = CARTESIAN_POINT('',(0.921108695027,285.74222603412));
#1010 = CARTESIAN_POINT('',(0.920566408056,286.61934738726));
#1011 = CARTESIAN_POINT('',(0.920009963112,287.49638983529));
#1012 = CARTESIAN_POINT('',(0.919439288049,288.37335094462));
#1013 = CARTESIAN_POINT('',(0.918854295804,289.25022797703));
#1014 = CARTESIAN_POINT('',(0.918254891524,290.12701809232));
#1015 = CARTESIAN_POINT('',(0.917121360725,291.74579186783));
#1016 = CARTESIAN_POINT('',(0.916591298558,292.4878649055));
#1017 = CARTESIAN_POINT('',(0.916050743926,293.22993794318));
#1018 = CARTESIAN_POINT('',(0.915499634504,293.97201098088));
#1019 = CARTESIAN_POINT('',(0.914937905464,294.71408401857));
#1020 = CARTESIAN_POINT('',(0.914365489473,295.45615705619));
#1021 = CARTESIAN_POINT('',(0.913782316694,296.19823009364));
#1022 = CARTESIAN_POINT('',(0.912053482605,298.35802309886));
#1023 = CARTESIAN_POINT('',(0.910879339687,299.77547275287));
#1024 = CARTESIAN_POINT('',(0.909665437158,301.19264081746));
#1025 = CARTESIAN_POINT('',(0.908411188712,302.60951348344));
#1026 = CARTESIAN_POINT('',(0.907116025427,304.02607763571));
#1027 = CARTESIAN_POINT('',(0.905779357566,305.44232011146));
#1028 = CARTESIAN_POINT('',(0.904400510915,306.85822640551));
#1029 = CARTESIAN_POINT('',(0.901690380091,309.55663401892));
#1030 = CARTESIAN_POINT('',(0.900366751785,310.8391978557));
#1031 = CARTESIAN_POINT('',(0.899007426253,312.12146324195));
#1032 = CARTESIAN_POINT('',(0.89761179529,313.40341799628));
#1033 = CARTESIAN_POINT('',(0.896179262035,314.68505005073));
#1034 = CARTESIAN_POINT('',(0.894709211435,315.96634705675));
#1035 = CARTESIAN_POINT('',(0.893200959127,317.2472956694));
#1036 = CARTESIAN_POINT('',(0.890348592367,319.60822386734));
#1037 = CARTESIAN_POINT('',(0.88901568757,320.68830765869));
#1038 = CARTESIAN_POINT('',(0.8876546847,321.76812575524));
#1039 = CARTESIAN_POINT('',(0.886265147502,322.84766952944));
#1040 = CARTESIAN_POINT('',(0.884846584299,323.92692984908));
#1041 = CARTESIAN_POINT('',(0.883398485866,325.00589726082));
#1042 = CARTESIAN_POINT('',(0.881920353142,326.08456205461));
#1043 = CARTESIAN_POINT('',(0.879089000101,328.10826292032));
#1044 = CARTESIAN_POINT('',(0.877742859232,329.0533712815));
#1045 = CARTESIAN_POINT('',(0.876372857419,329.9982323346));
#1046 = CARTESIAN_POINT('',(0.874978593462,330.94283882917));
#1047 = CARTESIAN_POINT('',(0.873559695471,331.88718343258));
#1048 = CARTESIAN_POINT('',(0.87211576931,332.83125846501));
#1049 = CARTESIAN_POINT('',(0.870646351173,333.775055675));
#1050 = CARTESIAN_POINT('',(0.867759606493,335.59647951515));
#1051 = CARTESIAN_POINT('',(0.866345759586,336.47414448647));
#1052 = CARTESIAN_POINT('',(0.864909091165,337.35155487808));
#1053 = CARTESIAN_POINT('',(0.863449223163,338.22870361414));
#1054 = CARTESIAN_POINT('',(0.861965763572,339.10558331749));
#1055 = CARTESIAN_POINT('',(0.860458306443,339.98218630964));
#1056 = CARTESIAN_POINT('',(0.858926431886,340.85850461076));
#1057 = CARTESIAN_POINT('',(0.854726519943,343.22194536408));
#1058 = CARTESIAN_POINT('',(0.852011681013,344.70851583985));
#1059 = CARTESIAN_POINT('',(0.849223123763,346.19420110683));
#1060 = CARTESIAN_POINT('',(0.846358375952,347.67895762051));
#1061 = CARTESIAN_POINT('',(0.843415101751,349.16273832515));
#1062 = CARTESIAN_POINT('',(0.840390594391,350.64549244965));
#1063 = CARTESIAN_POINT('',(0.837282095001,352.12716536286));
#1064 = CARTESIAN_POINT('',(0.831605689732,354.7571541437));
#1065 = CARTESIAN_POINT('',(0.8290723451,355.90592243402));
#1066 = CARTESIAN_POINT('',(0.826485161451,357.05397573791));
#1067 = CARTESIAN_POINT('',(0.823842614781,358.20128482945));
#1068 = CARTESIAN_POINT('',(0.82114313013,359.34781831368));
#1069 = CARTESIAN_POINT('',(0.818385055808,360.49354267762));
#1070 = CARTESIAN_POINT('',(0.815566626997,361.63842236275));
#1071 = CARTESIAN_POINT('',(0.810472771273,363.66136807448));
#1072 = CARTESIAN_POINT('',(0.80822282782,364.53979553399));
#1073 = CARTESIAN_POINT('',(0.805935320276,365.41768467018));
#1074 = CARTESIAN_POINT('',(0.803609404531,366.29501709068));
#1075 = CARTESIAN_POINT('',(0.80124413578,367.1717737622));
#1076 = CARTESIAN_POINT('',(0.798838522613,368.04793464684));
#1077 = CARTESIAN_POINT('',(0.796391583299,368.92347830023));
#1078 = CARTESIAN_POINT('',(0.792174743129,370.40553306525));
#1079 = CARTESIAN_POINT('',(0.790425944731,371.0126837081));
#1080 = CARTESIAN_POINT('',(0.78865544289,371.61983435416));
#1081 = CARTESIAN_POINT('',(0.786862810965,372.22698500247));
#1082 = CARTESIAN_POINT('',(0.785047605842,372.83413565122));
#1083 = CARTESIAN_POINT('',(0.783209367937,373.44128629777));
#1084 = CARTESIAN_POINT('',(0.781347621197,374.04843693864));
#1085 = CARTESIAN_POINT('',(0.776306956773,375.67136981112));
#1086 = CARTESIAN_POINT('',(0.77308799028,376.68614207855));
#1087 = CARTESIAN_POINT('',(0.769803053452,377.69986132113));
#1088 = CARTESIAN_POINT('',(0.76645002013,378.71248170027));
#1089 = CARTESIAN_POINT('',(0.763026697211,379.72395371299));
#1090 = CARTESIAN_POINT('',(0.759530785512,380.73422418921));
#1091 = CARTESIAN_POINT('',(0.755959812019,381.74323638044));
#1092 = CARTESIAN_POINT('',(0.748628462555,383.76803788466));
#1093 = CARTESIAN_POINT('',(0.744866630461,384.78380158794));
#1094 = CARTESIAN_POINT('',(0.741023017405,385.79815785605));
#1095 = CARTESIAN_POINT('',(0.737094737594,386.81104015462));
#1096 = CARTESIAN_POINT('',(0.733078996087,387.82237378276));
#1097 = CARTESIAN_POINT('',(0.728972302698,388.83208163762));
#1098 = CARTESIAN_POINT('',(0.724771389986,389.84007773633));
#1099 = CARTESIAN_POINT('',(0.718158526735,391.38789627104));
#1100 = CARTESIAN_POINT('',(0.715816127213,391.92899894132));
#1101 = CARTESIAN_POINT('',(0.713444788443,392.46956460011));
#1102 = CARTESIAN_POINT('',(0.711043922237,393.00957820563));
#1103 = CARTESIAN_POINT('',(0.708612919277,393.54902400216));
#1104 = CARTESIAN_POINT('',(0.706151149116,394.08788552006));
#1105 = CARTESIAN_POINT('',(0.703657960182,394.62614557576));
#1106 = CARTESIAN_POINT('',(0.697330326662,395.97332004221));
#1107 = CARTESIAN_POINT('',(0.69344860887,396.782854668));
#1108 = CARTESIAN_POINT('',(0.689484479369,397.59238900499));
#1109 = CARTESIAN_POINT('',(0.685434625562,398.40192271506));
#1110 = CARTESIAN_POINT('',(0.68129546274,399.21145637728));
#1111 = CARTESIAN_POINT('',(0.677063135383,400.02099065911));
#1112 = CARTESIAN_POINT('',(0.672733490789,400.83052534338));
#1113 = CARTESIAN_POINT('',(0.663452373107,402.52597272416));
#1114 = CARTESIAN_POINT('',(0.658493256986,403.40960582916));
#1115 = CARTESIAN_POINT('',(0.65342040904,404.2908393679));
#1116 = CARTESIAN_POINT('',(0.648229478191,405.16954415477));
#1117 = CARTESIAN_POINT('',(0.642915514457,406.0455761271));
#1118 = CARTESIAN_POINT('',(0.637473732773,406.91878213132));
#1119 = CARTESIAN_POINT('',(0.631898537994,407.78899149489));
#1120 = CARTESIAN_POINT('',(0.620848597738,409.46555248612));
#1121 = CARTESIAN_POINT('',(0.615373398353,410.27508967074));
#1122 = CARTESIAN_POINT('',(0.609751105158,411.08462450413));
#1123 = CARTESIAN_POINT('',(0.603973547541,411.89415603215));
#1124 = CARTESIAN_POINT('',(0.598031668101,412.70368743125));
#1125 = CARTESIAN_POINT('',(0.591915370843,413.5132224295));
#1126 = CARTESIAN_POINT('',(0.58561332173,414.32276058603));
#1127 = CARTESIAN_POINT('',(0.574161978792,415.74881150321));
#1128 = CARTESIAN_POINT('',(0.569115509939,416.3629077845));
#1129 = CARTESIAN_POINT('',(0.563970103778,416.9744664497));
#1130 = CARTESIAN_POINT('',(0.558722392406,417.58336379587));
#1131 = CARTESIAN_POINT('',(0.553368819608,418.18946575893));
#1132 = CARTESIAN_POINT('',(0.547905629167,418.79262743247));
#1133 = CARTESIAN_POINT('',(0.542328853184,419.39269258652));
#1134 = CARTESIAN_POINT('',(0.527457176105,420.95127429416));
#1135 = CARTESIAN_POINT('',(0.517974423814,421.90454984539));
#1136 = CARTESIAN_POINT('',(0.508168228055,422.84864189751));
#1137 = CARTESIAN_POINT('',(0.498019538355,423.78275505624));
#1138 = CARTESIAN_POINT('',(0.487507707272,424.70596632444));
#1139 = CARTESIAN_POINT('',(0.476610407594,425.61721998535));
#1140 = CARTESIAN_POINT('',(0.46530336887,426.5153169479));
#1141 = CARTESIAN_POINT('',(0.443003846877,428.19305767415));
#1142 = CARTESIAN_POINT('',(0.432095988216,428.97544095776));
#1143 = CARTESIAN_POINT('',(0.420816084318,429.74506768463));
#1144 = CARTESIAN_POINT('',(0.409143439844,430.5007961089));
#1145 = CARTESIAN_POINT('',(0.397056429742,431.24130948954));
#1146 = CARTESIAN_POINT('',(0.384532437367,431.96511077965));
#1147 = CARTESIAN_POINT('',(0.371547778192,432.67051540201));
#1148 = CARTESIAN_POINT('',(0.343513941222,434.09638692395));
#1149 = CARTESIAN_POINT('',(0.32838479998,434.81332354164));
#1150 = CARTESIAN_POINT('',(0.312658050792,435.50413365133));
#1151 = CARTESIAN_POINT('',(0.296303292053,436.16605819569));
#1152 = CARTESIAN_POINT('',(0.279292436394,436.7959197101));
#1153 = CARTESIAN_POINT('',(0.261601068101,437.39017375202));
#1154 = CARTESIAN_POINT('',(0.243210528117,437.9449936281));
#1155 = CARTESIAN_POINT('',(0.199824988093,439.10664262058));
#1156 = CARTESIAN_POINT('',(0.174375810835,439.68714093276));
#1157 = CARTESIAN_POINT('',(0.147766376268,440.188804946));
#1158 = CARTESIAN_POINT('',(0.120029205811,440.60255289259));
#1159 = CARTESIAN_POINT('',(9.123448612167E-02,440.91995733471));
#1160 = CARTESIAN_POINT('',(6.150108944379E-02,441.13419833486));
#1161 = CARTESIAN_POINT('',(3.100751174886E-02,441.24125227362));
#1162 = CARTESIAN_POINT('',(0.,441.24125227362));
#1163 = ( GEOMETRIC_REPRESENTATION_CONTEXT(2) 
PARAMETRIC_REPRESENTATION_CONTEXT() REPRESENTATION_CONTEXT('2D SPACE',''
  ) );
#1164 = PCURVE('',#1165,#1170);
#1165 = PLANE('',#1166);
#1166 = AXIS2_PLACEMENT_3D('',#1167,#1168,#1169);
#1167 = CARTESIAN_POINT('',(-10.,-300.,-52.));
#1168 = DIRECTION('',(0.,0.,1.));
#1169 = DIRECTION('',(1.,0.,0.));
#1170 = DEFINITIONAL_REPRESENTATION('',(#1171),#1517);
#1171 = B_SPLINE_CURVE_WITH_KNOTS('',8,(#1172,#1173,#1174,#1175,#1176,
    #1177,#1178,#1179,#1180,#1181,#1182,#1183,#1184,#1185,#1186,#1187,
    #1188,#1189,#1190,#1191,#1192,#1193,#1194,#1195,#1196,#1197,#1198,
    #1199,#1200,#1201,#1202,#1203,#1204,#1205,#1206,#1207,#1208,#1209,
    #1210,#1211,#1212,#1213,#1214,#1215,#1216,#1217,#1218,#1219,#1220,
    #1221,#1222,#1223,#1224,#1225,#1226,#1227,#1228,#1229,#1230,#1231,
    #1232,#1233,#1234,#1235,#1236,#1237,#1238,#1239,#1240,#1241,#1242,
    #1243,#1244,#1245,#1246,#1247,#1248,#1249,#1250,#1251,#1252,#1253,
    #1254,#1255,#1256,#1257,#1258,#1259,#1260,#1261,#1262,#1263,#1264,
    #1265,#1266,#1267,#1268,#1269,#1270,#1271,#1272,#1273,#1274,#1275,
    #1276,#1277,#1278,#1279,#1280,#1281,#1282,#1283,#1284,#1285,#1286,
    #1287,#1288,#1289,#1290,#1291,#1292,#1293,#1294,#1295,#1296,#1297,
    #1298,#1299,#1300,#1301,#1302,#1303,#1304,#1305,#1306,#1307,#1308,
    #1309,#1310,#1311,#1312,#1313,#1314,#1315,#1316,#1317,#1318,#1319,
    #1320,#1321,#1322,#1323,#1324,#1325,#1326,#1327,#1328,#1329,#1330,
    #1331,#1332,#1333,#1334,#1335,#1336,#1337,#1338,#1339,#1340,#1341,
    #1342,#1343,#1344,#1345,#1346,#1347,#1348,#1349,#1350,#1351,#1352,
    #1353,#1354,#1355,#1356,#1357,#1358,#1359,#1360,#1361,#1362,#1363,
    #1364,#1365,#1366,#1367,#1368,#1369,#1370,#1371,#1372,#1373,#1374,
    #1375,#1376,#1377,#1378,#1379,#1380,#1381,#1382,#1383,#1384,#1385,
    #1386,#1387,#1388,#1389,#1390,#1391,#1392,#1393,#1394,#1395,#1396,
    #1397,#1398,#1399,#1400,#1401,#1402,#1403,#1404,#1405,#1406,#1407,
    #1408,#1409,#1410,#1411,#1412,#1413,#1414,#1415,#1416,#1417,#1418,
    #1419,#1420,#1421,#1422,#1423,#1424,#1425,#1426,#1427,#1428,#1429,
    #1430,#1431,#1432,#1433,#1434,#1435,#1436,#1437,#1438,#1439,#1440,
    #1441,#1442,#1443,#1444,#1445,#1446,#1447,#1448,#1449,#1450,#1451,
    #1452,#1453,#1454,#1455,#1456,#1457,#1458,#1459,#1460,#1461,#1462,
    #1463,#1464,#1465,#1466,#1467,#1468,#1469,#1470,#1471,#1472,#1473,
    #1474,#1475,#1476,#1477,#1478,#1479,#1480,#1481,#1482,#1483,#1484,
    #1485,#1486,#1487,#1488,#1489,#1490,#1491,#1492,#1493,#1494,#1495,
    #1496,#1497,#1498,#1499,#1500,#1501,#1502,#1503,#1504,#1505,#1506,
    #1507,#1508,#1509,#1510,#1511,#1512,#1513,#1514,#1515,#1516),
  .UNSPECIFIED.,.F.,.F.,(9,7,7,7,7,7,7,7,7,7,7,7,7,7,7,7,7,7,7,7,7,7,7,7
    ,7,7,7,7,7,7,7,7,7,7,7,7,7,7,7,7,7,7,7,7,7,7,7,7,7,9),(0.,
    3.522308624447E-02,4.753292974567E-02,6.191489484994E-02,
    8.695439541408E-02,0.100938193277,0.114338209662,0.131905977332,
    0.159220383335,0.173376925224,0.187533460089,0.208647999114,
    0.224053054337,0.247772744693,0.258897963901,0.271413838302,
    0.289464953114,0.306104210083,0.339328061038,0.36833131466,
    0.393158888923,0.415211766029,0.434500461188,0.451031657636,
    0.480020448749,0.502066219,0.536528888612,0.554461171109,
    0.57240409578,0.587591673527,0.616607324496,0.642902846435,
    0.6650865405,0.684534114736,0.702629582351,0.733354125069,
    0.757208036041,0.775535325201,0.788253776298,0.809532147937,
    0.831009337671,0.842570328853,0.859977889052,0.879027864433,
    0.896814542081,0.910360466765,0.932190562869,0.951811849724,
    0.973025978833,1.),.UNSPECIFIED.);
#1172 = CARTESIAN_POINT('',(51.253627640529,300.));
#1173 = CARTESIAN_POINT('',(51.253627640529,302.61172158643));
#1174 = CARTESIAN_POINT('',(51.355186106414,305.22425005902));
#1175 = CARTESIAN_POINT('',(51.558413693465,307.82165461889));
#1176 = CARTESIAN_POINT('',(51.86048972751,310.39093787424));
#1177 = CARTESIAN_POINT('',(52.256674145249,312.92162878566));
#1178 = CARTESIAN_POINT('',(52.741032324524,315.40543029216));
#1179 = CARTESIAN_POINT('',(53.306965365632,317.8359375667));
#1180 = CARTESIAN_POINT('',(54.171542234308,321.03759133902));
#1181 = CARTESIAN_POINT('',(54.404629291296,321.85985753523));
#1182 = CARTESIAN_POINT('',(54.646635356565,322.67510843772));
#1183 = CARTESIAN_POINT('',(54.897299086225,323.48323951795));
#1184 = CARTESIAN_POINT('',(55.156363839934,324.28417281229));
#1185 = CARTESIAN_POINT('',(55.423579529127,325.07785501481));
#1186 = CARTESIAN_POINT('',(55.69870446525,325.86425556992));
#1187 = CARTESIAN_POINT('',(56.311914266131,327.55362176851));
#1188 = CARTESIAN_POINT('',(56.652798350393,328.45391704351));
#1189 = CARTESIAN_POINT('',(57.003790391518,329.34424017713));
#1190 = CARTESIAN_POINT('',(57.364535906495,330.22460313951));
#1191 = CARTESIAN_POINT('',(57.73469542562,331.0950410387));
#1192 = CARTESIAN_POINT('',(58.11394543145,331.95561151956));
#1193 = CARTESIAN_POINT('',(58.501979809666,332.80639280706));
#1194 = CARTESIAN_POINT('',(59.588887794507,335.11184308318));
#1195 = CARTESIAN_POINT('',(60.30498995397,336.54675452222));
#1196 = CARTESIAN_POINT('',(61.045322915548,337.95276691972));
#1197 = CARTESIAN_POINT('',(61.808504358106,339.33046095833));
#1198 = CARTESIAN_POINT('',(62.593269640609,340.68041952335));
#1199 = CARTESIAN_POINT('',(63.398461023033,342.00329501021));
#1200 = CARTESIAN_POINT('',(64.223051097161,343.29971657735));
#1201 = CARTESIAN_POINT('',(65.536960018047,345.28003672652));
#1202 = CARTESIAN_POINT('',(66.013548096554,345.98163085964));
#1203 = CARTESIAN_POINT('',(66.495727178807,346.67529588939));
#1204 = CARTESIAN_POINT('',(66.983339855787,347.36114311239));
#1205 = CARTESIAN_POINT('',(67.476235855008,348.03928131047));
#1206 = CARTESIAN_POINT('',(67.974272001162,348.70981722158));
#1207 = CARTESIAN_POINT('',(68.477312176745,349.37285601068));
#1208 = CARTESIAN_POINT('',(69.471938461492,350.65677623429));
#1209 = CARTESIAN_POINT('',(69.96312483153,351.27826057544));
#1210 = CARTESIAN_POINT('',(70.458672313656,351.89304554365));
#1211 = CARTESIAN_POINT('',(70.958471161811,352.50121879431));
#1212 = CARTESIAN_POINT('',(71.462415971436,353.10286562305));
#1213 = CARTESIAN_POINT('',(71.97040568788,353.69806973017));
#1214 = CARTESIAN_POINT('',(72.4823436148,354.28691398518));
#1215 = CARTESIAN_POINT('',(73.674356430073,355.63324184884));
#1216 = CARTESIAN_POINT('',(74.353326309609,356.38183444301));
#1217 = CARTESIAN_POINT('',(75.034990010912,357.11598001262));
#1218 = CARTESIAN_POINT('',(75.719298003226,357.83632360049));
#1219 = CARTESIAN_POINT('',(76.406204066783,358.54344421898));
#1220 = CARTESIAN_POINT('',(77.095661719861,359.23786314308));
#1221 = CARTESIAN_POINT('',(77.787621281407,359.92005053086));
#1222 = CARTESIAN_POINT('',(79.561692079415,361.63273850543));
#1223 = CARTESIAN_POINT('',(80.6538464414,362.65285013257));
#1224 = CARTESIAN_POINT('',(81.757931895425,363.65129319604));
#1225 = CARTESIAN_POINT('',(82.873434785947,364.6285751882));
#1226 = CARTESIAN_POINT('',(83.999838942632,365.58514665524));
#1227 = CARTESIAN_POINT('',(85.136698229175,366.52147027955));
#1228 = CARTESIAN_POINT('',(86.283550545928,367.43795605476));
#1229 = CARTESIAN_POINT('',(88.039358795014,368.79995373129));
#1230 = CARTESIAN_POINT('',(88.64013548888,369.25876677731));
#1231 = CARTESIAN_POINT('',(89.242302448652,369.71159330397));
#1232 = CARTESIAN_POINT('',(89.845837117849,370.15855839582));
#1233 = CARTESIAN_POINT('',(90.450717123095,370.59978016508));
#1234 = CARTESIAN_POINT('',(91.056920099035,371.03537028402));
#1235 = CARTESIAN_POINT('',(91.664423513246,371.46543451728));
#1236 = CARTESIAN_POINT('',(92.881985166991,372.31471178068));
#1237 = CARTESIAN_POINT('',(93.492044305576,372.73392558358));
#1238 = CARTESIAN_POINT('',(94.103359336958,373.14781453111));
#1239 = CARTESIAN_POINT('',(94.715906087031,373.55647351215));
#1240 = CARTESIAN_POINT('',(95.329661681493,373.95999320915));
#1241 = CARTESIAN_POINT('',(95.9446056623,374.35846059972));
#1242 = CARTESIAN_POINT('',(96.560719316643,374.75195918676));
#1243 = CARTESIAN_POINT('',(98.098635261256,375.72018227687));
#1244 = CARTESIAN_POINT('',(99.023500595605,376.28996181382));
#1245 = CARTESIAN_POINT('',(99.952445913215,376.85004949029));
#1246 = CARTESIAN_POINT('',(100.88533726341,377.40058338905));
#1247 = CARTESIAN_POINT('',(101.82205045202,377.94169631663));
#1248 = CARTESIAN_POINT('',(102.76246318573,378.4735177377));
#1249 = CARTESIAN_POINT('',(103.70645033529,378.99617503544));
#1250 = CARTESIAN_POINT('',(105.34516061308,379.88452083386));
#1251 = CARTESIAN_POINT('',(106.03759902709,380.25407861051));
#1252 = CARTESIAN_POINT('',(106.73119634985,380.61854138214));
#1253 = CARTESIAN_POINT('',(107.42593009807,380.97798398997));
#1254 = CARTESIAN_POINT('',(108.12177783952,381.33247831833));
#1255 = CARTESIAN_POINT('',(108.81871714449,381.68209349608));
#1256 = CARTESIAN_POINT('',(109.5167255372,382.02689609813));
#1257 = CARTESIAN_POINT('',(111.29213919872,382.89054350283));
#1258 = CARTESIAN_POINT('',(112.37224481631,383.40349619182));
#1259 = CARTESIAN_POINT('',(113.45596769409,383.90595984085));
#1260 = CARTESIAN_POINT('',(114.54314237676,384.39809977895));
#1261 = CARTESIAN_POINT('',(115.63368577085,384.88004017136));
#1262 = CARTESIAN_POINT('',(116.72745047133,385.35193479994));
#1263 = CARTESIAN_POINT('',(117.82433057097,385.81391571035));
#1264 = CARTESIAN_POINT('',(119.4400849548,386.4782156212));
#1265 = CARTESIAN_POINT('',(119.95641471078,386.68807666114));
#1266 = CARTESIAN_POINT('',(120.47319153996,386.89572137767));
#1267 = CARTESIAN_POINT('',(120.99040797756,387.1011684553));
#1268 = CARTESIAN_POINT('',(121.50805666237,387.30443616168));
#1269 = CARTESIAN_POINT('',(122.02613033682,387.50554234768));
#1270 = CARTESIAN_POINT('',(122.54462184692,387.70450444736));
#1271 = CARTESIAN_POINT('',(123.64728935479,388.1227789368));
#1272 = CARTESIAN_POINT('',(124.23157523459,388.34152627809));
#1273 = CARTESIAN_POINT('',(124.81637288597,388.55760549316));
#1274 = CARTESIAN_POINT('',(125.40167341364,388.77104008967));
#1275 = CARTESIAN_POINT('',(125.98746792274,388.98185309158));
#1276 = CARTESIAN_POINT('',(126.57374751883,389.19006703916));
#1277 = CARTESIAN_POINT('',(127.16050330787,389.395703989));
#1278 = CARTESIAN_POINT('',(128.59465335066,389.8916813841));
#1279 = CARTESIAN_POINT('',(129.44294836566,390.17939831491));
#1280 = CARTESIAN_POINT('',(130.29256914019,390.46198880586));
#1281 = CARTESIAN_POINT('',(131.14347983991,390.73949907329));
#1282 = CARTESIAN_POINT('',(131.99563769464,391.01198195115));
#1283 = CARTESIAN_POINT('',(132.8490021873,391.27948807578));
#1284 = CARTESIAN_POINT('',(133.70354322059,391.54205813047));
#1285 = CARTESIAN_POINT('',(135.34797943048,392.03726536134));
#1286 = CARTESIAN_POINT('',(136.13743560142,392.27055665978));
#1287 = CARTESIAN_POINT('',(136.92757537857,392.49965603415));
#1288 = CARTESIAN_POINT('',(137.71838098129,392.72460579858));
#1289 = CARTESIAN_POINT('',(138.50983462999,392.94544736798));
#1290 = CARTESIAN_POINT('',(139.30191854622,393.16222125809));
#1291 = CARTESIAN_POINT('',(140.09461495257,393.37496708539));
#1292 = CARTESIAN_POINT('',(142.47188220761,394.00055072784));
#1293 = CARTESIAN_POINT('',(144.05908968424,394.40169777945));
#1294 = CARTESIAN_POINT('',(145.64931993915,394.78744437085));
#1295 = CARTESIAN_POINT('',(147.24243716588,395.15797912529));
#1296 = CARTESIAN_POINT('',(148.8382198382,395.51360422237));
#1297 = CARTESIAN_POINT('',(150.4365495529,395.85448563051));
#1298 = CARTESIAN_POINT('',(152.03722978304,396.18090049741));
#1299 = CARTESIAN_POINT('',(155.03939737653,396.76552916105));
#1300 = CARTESIAN_POINT('',(156.44035621555,397.02714013037));
#1301 = CARTESIAN_POINT('',(157.84290708697,397.27800910333));
#1302 = CARTESIAN_POINT('',(159.24695320471,397.51827567538));
#1303 = CARTESIAN_POINT('',(160.65240617229,397.74806631165));
#1304 = CARTESIAN_POINT('',(162.05917674694,397.9675109949));
#1305 = CARTESIAN_POINT('',(163.46717092821,398.17675018736));
#1306 = CARTESIAN_POINT('',(166.08258257531,398.54635536075));
#1307 = CARTESIAN_POINT('',(167.28969159106,398.70942206827));
#1308 = CARTESIAN_POINT('',(168.49759417866,398.86515890821));
#1309 = CARTESIAN_POINT('',(169.70624042672,399.01364035471));
#1310 = CARTESIAN_POINT('',(170.91558393177,399.15493398588));
#1311 = CARTESIAN_POINT('',(172.12557848751,399.28910815198));
#1312 = CARTESIAN_POINT('',(173.33617596336,399.41623696121));
#1313 = CARTESIAN_POINT('',(175.62313534715,399.64309914737));
#1314 = CARTESIAN_POINT('',(176.69937902586,399.7443059638));
#1315 = CARTESIAN_POINT('',(177.7760361514,399.8400447759));
#1316 = CARTESIAN_POINT('',(178.85307790732,399.93035777638));
#1317 = CARTESIAN_POINT('',(179.93047594009,400.01528668548));
#1318 = CARTESIAN_POINT('',(181.00820235908,400.09487275092));
#1319 = CARTESIAN_POINT('',(182.08622973661,400.16915674796));
#1320 = CARTESIAN_POINT('',(184.10767455082,400.29854973163));
#1321 = CARTESIAN_POINT('',(185.05102773002,400.35489473934));
#1322 = CARTESIAN_POINT('',(185.99457175668,400.40724328951));
#1323 = CARTESIAN_POINT('',(186.93829013008,400.45561842303));
#1324 = CARTESIAN_POINT('',(187.88216687124,400.50004210472));
#1325 = CARTESIAN_POINT('',(188.82618566763,400.54053759459));
#1326 = CARTESIAN_POINT('',(189.77033002886,400.5771290204));
#1327 = CARTESIAN_POINT('',(191.52384890896,400.63787120745));
#1328 = CARTESIAN_POINT('',(192.33317627218,400.66305210771));
#1329 = CARTESIAN_POINT('',(193.14255855277,400.68539578316));
#1330 = CARTESIAN_POINT('',(193.95198810225,400.70491605333));
#1331 = CARTESIAN_POINT('',(194.76145715969,400.72162720518));
#1332 = CARTESIAN_POINT('',(195.57095782464,400.73554407621));
#1333 = CARTESIAN_POINT('',(196.38048245717,400.74668064183));
#1334 = CARTESIAN_POINT('',(198.6096220154,400.76971838092));
#1335 = CARTESIAN_POINT('',(200.02929045254,400.7758731188));
#1336 = CARTESIAN_POINT('',(201.44898207782,400.77357281506));
#1337 = CARTESIAN_POINT('',(202.86864839216,400.76288521349));
#1338 = CARTESIAN_POINT('',(204.28824378213,400.74386636048));
#1339 = CARTESIAN_POINT('',(205.70772239566,400.71657584505));
#1340 = CARTESIAN_POINT('',(207.12703660905,400.68108427061));
#1341 = CARTESIAN_POINT('',(209.62536766399,400.60423476342));
#1342 = CARTESIAN_POINT('',(210.70447098908,400.56631841317));
#1343 = CARTESIAN_POINT('',(211.78343664448,400.52370443322));
#1344 = CARTESIAN_POINT('',(212.86224602821,400.47641396076));
#1345 = CARTESIAN_POINT('',(213.94088071423,400.42446778955));
#1346 = CARTESIAN_POINT('',(215.01932245249,400.36788636994));
#1347 = CARTESIAN_POINT('',(216.09755316891,400.30668980888));
#1348 = CARTESIAN_POINT('',(218.86072265656,400.13804975748));
#1349 = CARTESIAN_POINT('',(220.54533074974,400.02397225471));
#1350 = CARTESIAN_POINT('',(222.22931069522,399.89874450955));
#1351 = CARTESIAN_POINT('',(223.91260099952,399.76238892094));
#1352 = CARTESIAN_POINT('',(225.59513166288,399.61501192524));
#1353 = CARTESIAN_POINT('',(227.27684332231,399.45661376954));
#1354 = CARTESIAN_POINT('',(228.95766879536,399.2872906394));
#1355 = CARTESIAN_POINT('',(231.51165373831,399.01328512568));
#1356 = CARTESIAN_POINT('',(232.38550394311,398.9165543256));
#1357 = CARTESIAN_POINT('',(233.25908887052,398.81687662604));
#1358 = CARTESIAN_POINT('',(234.13239977317,398.71425679967));
#1359 = CARTESIAN_POINT('',(235.00542792312,398.60869945423));
#1360 = CARTESIAN_POINT('',(235.87816461185,398.50020903255));
#1361 = CARTESIAN_POINT('',(236.75060115028,398.38878981254));
#1362 = CARTESIAN_POINT('',(238.49537416403,398.16003414287));
#1363 = CARTESIAN_POINT('',(239.36771024003,398.04269418703));
#1364 = CARTESIAN_POINT('',(240.23972845933,397.92242991974));
#1365 = CARTESIAN_POINT('',(241.11142014133,397.79924645273));
#1366 = CARTESIAN_POINT('',(241.98277659816,397.67314706372));
#1367 = CARTESIAN_POINT('',(242.85378915181,397.54413246213));
#1368 = CARTESIAN_POINT('',(243.72444913235,397.41220238618));
#1369 = CARTESIAN_POINT('',(245.33140198636,397.16322338165));
#1370 = CARTESIAN_POINT('',(246.06786089346,397.04699021699));
#1371 = CARTESIAN_POINT('',(246.80412085167,396.92865988143));
#1372 = CARTESIAN_POINT('',(247.54017813407,396.80823208865));
#1373 = CARTESIAN_POINT('',(248.27602901373,396.68570642208));
#1374 = CARTESIAN_POINT('',(249.01166976364,396.56108233492));
#1375 = CARTESIAN_POINT('',(249.74709665679,396.43435915014));
#1376 = CARTESIAN_POINT('',(251.88691287998,396.05942138244));
#1377 = CARTESIAN_POINT('',(253.29045781548,395.80568883868));
#1378 = CARTESIAN_POINT('',(254.69290402716,395.54434433194));
#1379 = CARTESIAN_POINT('',(256.09421292954,395.27536963745));
#1380 = CARTESIAN_POINT('',(257.49434641874,394.9987563212));
#1381 = CARTESIAN_POINT('',(258.89326634983,394.71449772858));
#1382 = CARTESIAN_POINT('',(260.29093360945,394.4225754827));
#1383 = CARTESIAN_POINT('',(262.95277887023,393.8514648338));
#1384 = CARTESIAN_POINT('',(264.21718756786,393.57364753396));
#1385 = CARTESIAN_POINT('',(265.48050678068,393.28951810672));
#1386 = CARTESIAN_POINT('',(266.74270505273,392.99905021882));
#1387 = CARTESIAN_POINT('',(268.00375175842,392.70222491102));
#1388 = CARTESIAN_POINT('',(269.26361628511,392.39902462456));
#1389 = CARTESIAN_POINT('',(270.52226656514,392.08942269922));
#1390 = CARTESIAN_POINT('',(272.84045501146,391.50678741149));
#1391 = CARTESIAN_POINT('',(273.90035215225,391.23560540297));
#1392 = CARTESIAN_POINT('',(274.95934358876,390.95983760283));
#1393 = CARTESIAN_POINT('',(276.01740980428,390.67946906806));
#1394 = CARTESIAN_POINT('',(277.07452960701,390.39447674347));
#1395 = CARTESIAN_POINT('',(278.13068165131,390.10483728819));
#1396 = CARTESIAN_POINT('',(279.18584547843,389.81053279262));
#1397 = CARTESIAN_POINT('',(281.16413442351,389.24942163216));
#1398 = CARTESIAN_POINT('',(282.0874931922,388.98370051974));
#1399 = CARTESIAN_POINT('',(283.01006160244,388.7143615867));
#1400 = CARTESIAN_POINT('',(283.9318236324,388.44138439845));
#1401 = CARTESIAN_POINT('',(284.85276543339,388.16475631982));
#1402 = CARTESIAN_POINT('',(285.7728724661,387.8844625978));
#1403 = CARTESIAN_POINT('',(286.69212691462,387.60047731719));
#1404 = CARTESIAN_POINT('',(288.46504725146,387.04508666384));
#1405 = CARTESIAN_POINT('',(289.3188296057,386.77417919516));
#1406 = CARTESIAN_POINT('',(290.1718465531,386.5000412906));
#1407 = CARTESIAN_POINT('',(291.02408453159,386.22265521822));
#1408 = CARTESIAN_POINT('',(291.87552973032,385.94200265539));
#1409 = CARTESIAN_POINT('',(292.72616808963,385.65806468885));
#1410 = CARTESIAN_POINT('',(293.57598530106,385.37082181464));
#1411 = CARTESIAN_POINT('',(295.86646415429,384.58689475436));
#1412 = CARTESIAN_POINT('',(297.30555145319,384.08394855306));
#1413 = CARTESIAN_POINT('',(298.74216202683,383.57132875281));
#1414 = CARTESIAN_POINT('',(300.17620818073,383.04889148254));
#1415 = CARTESIAN_POINT('',(301.60761784372,382.51653955419));
#1416 = CARTESIAN_POINT('',(303.03630160181,381.97412874473));
#1417 = CARTESIAN_POINT('',(304.46217498618,381.42153039468));
#1418 = CARTESIAN_POINT('',(306.98991373375,380.42154966274));
#1419 = CARTESIAN_POINT('',(308.09293154464,379.97827303968));
#1420 = CARTESIAN_POINT('',(309.19415746878,379.5286994847));
#1421 = CARTESIAN_POINT('',(310.29354368393,379.07274906447));
#1422 = CARTESIAN_POINT('',(311.39104247925,378.61034318546));
#1423 = CARTESIAN_POINT('',(312.48660487199,378.14140088254));
#1424 = CARTESIAN_POINT('',(313.5801785161,377.66583335382));
#1425 = CARTESIAN_POINT('',(315.51034951827,376.81300644874));
#1426 = CARTESIAN_POINT('',(316.34778316466,376.43849824597));
#1427 = CARTESIAN_POINT('',(317.18398672072,376.05998373443));
#1428 = CARTESIAN_POINT('',(318.01893736196,375.67742513099));
#1429 = CARTESIAN_POINT('',(318.85260651285,375.29077259005));
#1430 = CARTESIAN_POINT('',(319.68496424236,374.89997350685));
#1431 = CARTESIAN_POINT('',(320.51598376923,374.50498214088));
#1432 = CARTESIAN_POINT('',(321.92138045467,373.82868744337));
#1433 = CARTESIAN_POINT('',(322.49675953554,373.54944537753));
#1434 = CARTESIAN_POINT('',(323.07176788581,373.26799293717));
#1435 = CARTESIAN_POINT('',(323.64640195882,372.98430448078));
#1436 = CARTESIAN_POINT('',(324.2206582071,372.69835343419));
#1437 = CARTESIAN_POINT('',(324.7945330824,372.4101122906));
#1438 = CARTESIAN_POINT('',(325.36802303569,372.11955261055));
#1439 = CARTESIAN_POINT('',(326.89994145304,371.3366013461));
#1440 = CARTESIAN_POINT('',(327.85671743909,370.84047233355));
#1441 = CARTESIAN_POINT('',(328.81140153482,370.33816788295));
#1442 = CARTESIAN_POINT('',(329.76393135712,369.82957763799));
#1443 = CARTESIAN_POINT('',(330.7142455544,369.31459376527));
#1444 = CARTESIAN_POINT('',(331.66228126004,368.79310594094));
#1445 = CARTESIAN_POINT('',(332.60796924324,368.26499205334));
#1446 = CARTESIAN_POINT('',(334.50332331355,367.19026661263));
#1447 = CARTESIAN_POINT('',(335.4529431293,366.64352860159));
#1448 = CARTESIAN_POINT('',(336.40002656581,366.08978598705));
#1449 = CARTESIAN_POINT('',(337.34449335029,365.52889593872));
#1450 = CARTESIAN_POINT('',(338.28627716771,364.96074422363));
#1451 = CARTESIAN_POINT('',(339.22526630389,364.38513729764));
#1452 = CARTESIAN_POINT('',(340.16137907676,363.80193382148));
#1453 = CARTESIAN_POINT('',(341.59680943704,362.89283356621));
#1454 = CARTESIAN_POINT('',(342.09824346056,362.57246068667));
#1455 = CARTESIAN_POINT('',(342.59879835587,362.24980788938));
#1456 = CARTESIAN_POINT('',(343.09845796703,361.92484746669));
#1457 = CARTESIAN_POINT('',(343.59720557163,361.5975508576));
#1458 = CARTESIAN_POINT('',(344.09502388078,361.26788864771));
#1459 = CARTESIAN_POINT('',(344.59189503908,360.93583056923));
#1460 = CARTESIAN_POINT('',(345.8344932048,360.09770624814));
#1461 = CARTESIAN_POINT('',(346.58029220907,359.5876896181));
#1462 = CARTESIAN_POINT('',(347.32518676162,359.07111583883));
#1463 = CARTESIAN_POINT('',(348.06916249721,358.54778588057));
#1464 = CARTESIAN_POINT('',(348.81220422856,358.0174830821));
#1465 = CARTESIAN_POINT('',(349.55429776991,357.47997555592));
#1466 = CARTESIAN_POINT('',(350.29542964383,356.93501540662));
#1467 = CARTESIAN_POINT('',(351.84557116541,355.77750001681));
#1468 = CARTESIAN_POINT('',(352.65230404357,355.16497536472));
#1469 = CARTESIAN_POINT('',(353.45566213274,354.54456132929));
#1470 = CARTESIAN_POINT('',(354.25552939676,353.91606891032));
#1471 = CARTESIAN_POINT('',(355.05174980842,353.27926129919));
#1472 = CARTESIAN_POINT('',(355.84420293761,352.63394596868));
#1473 = CARTESIAN_POINT('',(356.63271345116,351.97986221891));
#1474 = CARTESIAN_POINT('',(358.14949317219,350.69761707555));
#1475 = CARTESIAN_POINT('',(358.88080246655,350.06848834153));
#1476 = CARTESIAN_POINT('',(359.61101531399,349.42892540404));
#1477 = CARTESIAN_POINT('',(360.34011318265,348.778438032));
#1478 = CARTESIAN_POINT('',(361.0680812433,348.11648120255));
#1479 = CARTESIAN_POINT('',(361.79490511158,347.442447106));
#1480 = CARTESIAN_POINT('',(362.52056664432,346.75565472499));
#1481 = CARTESIAN_POINT('',(363.79678011669,345.52199110348));
#1482 = CARTESIAN_POINT('',(364.3456659309,344.9828932019));
#1483 = CARTESIAN_POINT('',(364.89159723853,344.43790815191));
#1484 = CARTESIAN_POINT('',(365.43446521327,343.88689353797));
#1485 = CARTESIAN_POINT('',(365.97415161709,343.32969955631));
#1486 = CARTESIAN_POINT('',(366.51052922061,342.76616891105));
#1487 = CARTESIAN_POINT('',(367.04346222356,342.19613671027));
#1488 = CARTESIAN_POINT('',(368.42587802463,340.69003238457));
#1489 = CARTESIAN_POINT('',(369.26960515773,339.74332646557));
#1490 = CARTESIAN_POINT('',(370.10340440516,338.77856178157));
#1491 = CARTESIAN_POINT('',(370.9266017951,337.79496473277));
#1492 = CARTESIAN_POINT('',(371.73841425005,336.79171503907));
#1493 = CARTESIAN_POINT('',(372.53795800273,335.76794731579));
#1494 = CARTESIAN_POINT('',(373.32424630996,334.72273939801));
#1495 = CARTESIAN_POINT('',(374.78992930217,332.69538887596));
#1496 = CARTESIAN_POINT('',(375.47204584619,331.71762884541));
#1497 = CARTESIAN_POINT('',(376.14168650367,330.72099746285));
#1498 = CARTESIAN_POINT('',(376.79791072428,329.70473532439));
#1499 = CARTESIAN_POINT('',(377.43963877277,328.66809207967));
#1500 = CARTESIAN_POINT('',(378.06564933185,327.61032114324));
#1501 = CARTESIAN_POINT('',(378.67457501451,326.53067178812));
#1502 = CARTESIAN_POINT('',(379.90313838142,324.23660207128));
#1503 = CARTESIAN_POINT('',(380.51954344605,323.01852482255));
#1504 = CARTESIAN_POINT('',(381.11223793596,321.77310955098));
#1505 = CARTESIAN_POINT('',(381.67900355637,320.49957514362));
#1506 = CARTESIAN_POINT('',(382.21727248399,319.19740206858));
#1507 = CARTESIAN_POINT('',(382.72418659941,317.86638122718));
#1508 = CARTESIAN_POINT('',(383.19668239334,316.50669089176));
#1509 = CARTESIAN_POINT('',(384.18452055373,313.35450323911));
#1510 = CARTESIAN_POINT('',(384.67704651483,311.54351376926));
#1511 = CARTESIAN_POINT('',(385.10181996339,309.68920732623));
#1512 = CARTESIAN_POINT('',(385.45155696177,307.796308752));
#1513 = CARTESIAN_POINT('',(385.71953368035,305.87127199048));
#1514 = CARTESIAN_POINT('',(385.9003060732,303.92254889429));
#1515 = CARTESIAN_POINT('',(385.9906364315,301.9609357379));
#1516 = CARTESIAN_POINT('',(385.9906364315,300.));
#1517 = ( GEOMETRIC_REPRESENTATION_CONTEXT(2) 
PARAMETRIC_REPRESENTATION_CONTEXT() REPRESENTATION_CONTEXT('2D SPACE',''
  ) );
#1518 = ORIENTED_EDGE('',*,*,#1519,.F.);
#1519 = EDGE_CURVE('',#1520,#22,#1522,.T.);
#1520 = VERTEX_POINT('',#1521);
#1521 = CARTESIAN_POINT('',(133.,95.876769612833,-50.5));
#1522 = SURFACE_CURVE('',#1523,(#1547,#1574),.PCURVE_S1.);
#1523 = B_SPLINE_CURVE_WITH_KNOTS('',8,(#1524,#1525,#1526,#1527,#1528,
    #1529,#1530,#1531,#1532,#1533,#1534,#1535,#1536,#1537,#1538,#1539,
    #1540,#1541,#1542,#1543,#1544,#1545,#1546),.UNSPECIFIED.,.F.,.F.,(9,
    7,7,9),(0.,0.235373884806,0.630668141425,1.),.UNSPECIFIED.);
#1524 = CARTESIAN_POINT('',(133.,98.176508983427,-48.41377742791));
#1525 = CARTESIAN_POINT('',(133.,95.895381155301,-50.55275417768));
#1526 = CARTESIAN_POINT('',(133.,93.532202903114,-52.60386689086));
#1527 = CARTESIAN_POINT('',(133.,91.094821420289,-54.56813292268));
#1528 = CARTESIAN_POINT('',(133.,88.590401488134,-56.44676770104));
#1529 = CARTESIAN_POINT('',(133.,86.025416627625,-58.24117053581));
#1530 = CARTESIAN_POINT('',(133.,83.405630701088,-59.95289783426));
#1531 = CARTESIAN_POINT('',(133.,80.736069963798,-61.58362372261));
#1532 = CARTESIAN_POINT('',(133.,73.461187991634,-65.74066578166));
#1533 = CARTESIAN_POINT('',(133.,68.774494470589,-68.12182913608));
#1534 = CARTESIAN_POINT('',(133.,63.980759943734,-70.2873255588));
#1535 = CARTESIAN_POINT('',(133.,59.097140010128,-72.24426104588));
#1536 = CARTESIAN_POINT('',(133.,54.138472186414,-73.99900239927));
#1537 = CARTESIAN_POINT('',(133.,49.117310174881,-75.55723778647));
#1538 = CARTESIAN_POINT('',(133.,44.043947449103,-76.92399216967));
#1539 = CARTESIAN_POINT('',(133.,34.144839818591,-79.20531906618));
#1540 = CARTESIAN_POINT('',(133.,29.325913382234,-80.14341913429));
#1541 = CARTESIAN_POINT('',(133.,24.476729730732,-80.92103859716));
#1542 = CARTESIAN_POINT('',(133.,19.604044399537,-81.54065888475));
#1543 = CARTESIAN_POINT('',(133.,14.71422507468,-82.00410976945));
#1544 = CARTESIAN_POINT('',(133.,9.813263753053,-82.31264798843));
#1545 = CARTESIAN_POINT('',(133.,4.906776844496,-82.46693234793));
#1546 = CARTESIAN_POINT('',(133.,0.,-82.46693234793));
#1547 = PCURVE('',#374,#1548);
#1548 = DEFINITIONAL_REPRESENTATION('',(#1549),#1573);
#1549 = B_SPLINE_CURVE_WITH_KNOTS('',8,(#1550,#1551,#1552,#1553,#1554,
    #1555,#1556,#1557,#1558,#1559,#1560,#1561,#1562,#1563,#1564,#1565,
    #1566,#1567,#1568,#1569,#1570,#1571,#1572),.UNSPECIFIED.,.F.,.F.,(9,
    7,7,9),(0.,0.235373884806,0.630668141425,1.),.UNSPECIFIED.);
#1550 = CARTESIAN_POINT('',(0.952945222152,188.97410110403));
#1551 = CARTESIAN_POINT('',(0.923809892011,188.97410110403));
#1552 = CARTESIAN_POINT('',(0.89504226335,188.97410110403));
#1553 = CARTESIAN_POINT('',(0.866602093213,188.97410110403));
#1554 = CARTESIAN_POINT('',(0.8384521444,188.97410110403));
#1555 = CARTESIAN_POINT('',(0.810556977558,188.97410110403));
#1556 = CARTESIAN_POINT('',(0.782881842299,188.97410110403));
#1557 = CARTESIAN_POINT('',(0.755391667351,188.97410110403));
#1558 = CARTESIAN_POINT('',(0.682131950711,188.97410110403));
#1559 = CARTESIAN_POINT('',(0.636648150725,188.97410110403));
#1560 = CARTESIAN_POINT('',(0.591421858506,188.97410110403));
#1561 = CARTESIAN_POINT('',(0.546302430419,188.97410110403));
#1562 = CARTESIAN_POINT('',(0.501148058684,188.97410110403));
#1563 = CARTESIAN_POINT('',(0.455818237412,188.97410110403));
#1564 = CARTESIAN_POINT('',(0.410165474354,188.97410110403));
#1565 = CARTESIAN_POINT('',(0.320915115093,188.97410110403));
#1566 = CARTESIAN_POINT('',(0.277390259025,188.97410110403));
#1567 = CARTESIAN_POINT('',(0.233322436927,188.97410110403));
#1568 = CARTESIAN_POINT('',(0.18858319331,188.97410110403));
#1569 = CARTESIAN_POINT('',(0.143037609168,188.97410110403));
#1570 = CARTESIAN_POINT('',(9.653931830359E-02,188.97410110403));
#1571 = CARTESIAN_POINT('',(4.8924158714E-02,188.97410110403));
#1572 = CARTESIAN_POINT('',(0.,188.97410110403));
#1573 = ( GEOMETRIC_REPRESENTATION_CONTEXT(2) 
PARAMETRIC_REPRESENTATION_CONTEXT() REPRESENTATION_CONTEXT('2D SPACE',''
  ) );
#1574 = PCURVE('',#1575,#1580);
#1575 = PLANE('',#1576);
#1576 = AXIS2_PLACEMENT_3D('',#1577,#1578,#1579);
#1577 = CARTESIAN_POINT('',(133.,-300.,-300.));
#1578 = DIRECTION('',(1.,0.,0.));
#1579 = DIRECTION('',(0.,0.,1.));
#1580 = DEFINITIONAL_REPRESENTATION('',(#1581),#1605);
#1581 = B_SPLINE_CURVE_WITH_KNOTS('',8,(#1582,#1583,#1584,#1585,#1586,
    #1587,#1588,#1589,#1590,#1591,#1592,#1593,#1594,#1595,#1596,#1597,
    #1598,#1599,#1600,#1601,#1602,#1603,#1604),.UNSPECIFIED.,.F.,.F.,(9,
    7,7,9),(0.,0.235373884806,0.630668141425,1.),.UNSPECIFIED.);
#1582 = CARTESIAN_POINT('',(251.58622257208,-398.1765089834));
#1583 = CARTESIAN_POINT('',(249.44724582231,-395.8953811553));
#1584 = CARTESIAN_POINT('',(247.39613310913,-393.5322029031));
#1585 = CARTESIAN_POINT('',(245.43186707731,-391.0948214202));
#1586 = CARTESIAN_POINT('',(243.55323229895,-388.5904014881));
#1587 = CARTESIAN_POINT('',(241.75882946418,-386.0254166276));
#1588 = CARTESIAN_POINT('',(240.04710216573,-383.405630701));
#1589 = CARTESIAN_POINT('',(238.41637627738,-380.7360699637));
#1590 = CARTESIAN_POINT('',(234.25933421833,-373.4611879916));
#1591 = CARTESIAN_POINT('',(231.87817086391,-368.7744944705));
#1592 = CARTESIAN_POINT('',(229.71267444119,-363.9807599437));
#1593 = CARTESIAN_POINT('',(227.75573895411,-359.0971400101));
#1594 = CARTESIAN_POINT('',(226.00099760073,-354.1384721864));
#1595 = CARTESIAN_POINT('',(224.44276221352,-349.1173101748));
#1596 = CARTESIAN_POINT('',(223.07600783032,-344.0439474491));
#1597 = CARTESIAN_POINT('',(220.79468093381,-334.1448398185));
#1598 = CARTESIAN_POINT('',(219.8565808657,-329.3259133822));
#1599 = CARTESIAN_POINT('',(219.07896140283,-324.4767297307));
#1600 = CARTESIAN_POINT('',(218.45934111524,-319.6040443995));
#1601 = CARTESIAN_POINT('',(217.99589023054,-314.7142250746));
#1602 = CARTESIAN_POINT('',(217.68735201156,-309.813263753));
#1603 = CARTESIAN_POINT('',(217.53306765206,-304.9067768444));
#1604 = CARTESIAN_POINT('',(217.53306765206,-300.));
#1605 = ( GEOMETRIC_REPRESENTATION_CONTEXT(2) 
PARAMETRIC_REPRESENTATION_CONTEXT() REPRESENTATION_CONTEXT('2D SPACE',''
  ) );
#1606 = ORIENTED_EDGE('',*,*,#1607,.T.);
#1607 = EDGE_CURVE('',#1520,#1608,#1610,.T.);
#1608 = VERTEX_POINT('',#1609);
#1609 = CARTESIAN_POINT('',(300.91578018485,80.886497945311,-50.5));
#1610 = SURFACE_CURVE('',#1611,(#1971,#2334),.PCURVE_S1.);
#1611 = B_SPLINE_CURVE_WITH_KNOTS('',8,(#1612,#1613,#1614,#1615,#1616,
    #1617,#1618,#1619,#1620,#1621,#1622,#1623,#1624,#1625,#1626,#1627,
    #1628,#1629,#1630,#1631,#1632,#1633,#1634,#1635,#1636,#1637,#1638,
    #1639,#1640,#1641,#1642,#1643,#1644,#1645,#1646,#1647,#1648,#1649,
    #1650,#1651,#1652,#1653,#1654,#1655,#1656,#1657,#1658,#1659,#1660,
    #1661,#1662,#1663,#1664,#1665,#1666,#1667,#1668,#1669,#1670,#1671,
    #1672,#1673,#1674,#1675,#1676,#1677,#1678,#1679,#1680,#1681,#1682,
    #1683,#1684,#1685,#1686,#1687,#1688,#1689,#1690,#1691,#1692,#1693,
    #1694,#1695,#1696,#1697,#1698,#1699,#1700,#1701,#1702,#1703,#1704,
    #1705,#1706,#1707,#1708,#1709,#1710,#1711,#1712,#1713,#1714,#1715,
    #1716,#1717,#1718,#1719,#1720,#1721,#1722,#1723,#1724,#1725,#1726,
    #1727,#1728,#1729,#1730,#1731,#1732,#1733,#1734,#1735,#1736,#1737,
    #1738,#1739,#1740,#1741,#1742,#1743,#1744,#1745,#1746,#1747,#1748,
    #1749,#1750,#1751,#1752,#1753,#1754,#1755,#1756,#1757,#1758,#1759,
    #1760,#1761,#1762,#1763,#1764,#1765,#1766,#1767,#1768,#1769,#1770,
    #1771,#1772,#1773,#1774,#1775,#1776,#1777,#1778,#1779,#1780,#1781,
    #1782,#1783,#1784,#1785,#1786,#1787,#1788,#1789,#1790,#1791,#1792,
    #1793,#1794,#1795,#1796,#1797,#1798,#1799,#1800,#1801,#1802,#1803,
    #1804,#1805,#1806,#1807,#1808,#1809,#1810,#1811,#1812,#1813,#1814,
    #1815,#1816,#1817,#1818,#1819,#1820,#1821,#1822,#1823,#1824,#1825,
    #1826,#1827,#1828,#1829,#1830,#1831,#1832,#1833,#1834,#1835,#1836,
    #1837,#1838,#1839,#1840,#1841,#1842,#1843,#1844,#1845,#1846,#1847,
    #1848,#1849,#1850,#1851,#1852,#1853,#1854,#1855,#1856,#1857,#1858,
    #1859,#1860,#1861,#1862,#1863,#1864,#1865,#1866,#1867,#1868,#1869,
    #1870,#1871,#1872,#1873,#1874,#1875,#1876,#1877,#1878,#1879,#1880,
    #1881,#1882,#1883,#1884,#1885,#1886,#1887,#1888,#1889,#1890,#1891,
    #1892,#1893,#1894,#1895,#1896,#1897,#1898,#1899,#1900,#1901,#1902,
    #1903,#1904,#1905,#1906,#1907,#1908,#1909,#1910,#1911,#1912,#1913,
    #1914,#1915,#1916,#1917,#1918,#1919,#1920,#1921,#1922,#1923,#1924,
    #1925,#1926,#1927,#1928,#1929,#1930,#1931,#1932,#1933,#1934,#1935,
    #1936,#1937,#1938,#1939,#1940,#1941,#1942,#1943,#1944,#1945,#1946,
    #1947,#1948,#1949,#1950,#1951,#1952,#1953,#1954,#1955,#1956,#1957,
    #1958,#1959,#1960,#1961,#1962,#1963,#1964,#1965,#1966,#1967,#1968,
    #1969,#1970),.UNSPECIFIED.,.F.,.F.,(9,7,7,7,7,7,7,7,7,7,7,7,7,7,7,7,
    7,7,7,7,7,7,7,7,7,7,7,7,7,7,7,7,7,7,7,7,7,7,7,7,7,7,7,7,7,7,7,7,7,7,
    7,9),(0.,3.909354386749E-02,6.969289768022E-02,8.171544313979E-02,
    0.102496747407,0.123415593515,0.141959639515,0.155992804324,
    0.176814232284,0.197280678921,0.217500130775,0.232255929977,
    0.256311996198,0.268300164885,0.280288333582,0.298908615157,
    0.316156333861,0.332061390222,0.34664102334,0.361220660137,
    0.374474873541,0.399645543152,0.422151049906,0.442001678815,
    0.459202983459,0.4721933796,0.498659172372,0.518514087281,
    0.533076845754,0.555589699781,0.579444631461,0.609960779304,
    0.6365376277,0.659166215567,0.679168692105,0.696537192883,
    0.728703667798,0.752940627961,0.770523718195,0.784079022998,
    0.805850616836,0.827828649574,0.850099264028,0.861385969799,
    0.87415341706,0.891176650352,0.903944094141,0.914035123866,
    0.92953832751,0.944997504035,0.969547178168,1.),.UNSPECIFIED.);
#1612 = CARTESIAN_POINT('',(39.109353124344,0.,-50.5));
#1613 = CARTESIAN_POINT('',(39.109353124344,2.550171551812,-50.5));
#1614 = CARTESIAN_POINT('',(39.204263750403,5.101100762342,-50.5));
#1615 = CARTESIAN_POINT('',(39.394184616948,7.638069465465,-50.5));
#1616 = CARTESIAN_POINT('',(39.676612027933,10.149005028494,-50.5));
#1617 = CARTESIAN_POINT('',(40.047312970631,12.624132094105,-50.5));
#1618 = CARTESIAN_POINT('',(40.500965243944,15.055657252485,-50.5));
#1619 = CARTESIAN_POINT('',(41.031632072562,17.437512828694,-50.5));
#1620 = CARTESIAN_POINT('',(42.103952346198,21.587105575694,-50.5));
#1621 = CARTESIAN_POINT('',(42.618361461041,23.376588819585,-50.5));
#1622 = CARTESIAN_POINT('',(43.173710888053,25.132371523318,-50.5));
#1623 = CARTESIAN_POINT('',(43.767391663975,26.853746120075,-50.5));
#1624 = CARTESIAN_POINT('',(44.396926698315,28.540445436485,-50.5));
#1625 = CARTESIAN_POINT('',(45.060028748972,30.192572633671,-50.5));
#1626 = CARTESIAN_POINT('',(45.754645666396,31.810557624037,-50.5));
#1627 = CARTESIAN_POINT('',(46.763610001343,34.017698021008,-50.5));
#1628 = CARTESIAN_POINT('',(47.05794306814,34.646357154616,-50.5));
#1629 = CARTESIAN_POINT('',(47.36239318015,35.281260850337,-50.5));
#1630 = CARTESIAN_POINT('',(47.677375521322,35.922584405633,-50.5));
#1631 = CARTESIAN_POINT('',(48.003335743631,36.570513041408,-50.5));
#1632 = CARTESIAN_POINT('',(48.340752210462,37.22523969731,-50.5));
#1633 = CARTESIAN_POINT('',(48.690138239988,37.886962827029,-50.5));
#1634 = CARTESIAN_POINT('',(49.677609124606,39.712133383595,-50.5));
#1635 = CARTESIAN_POINT('',(50.318552950749,40.849172878151,-50.5));
#1636 = CARTESIAN_POINT('',(50.974187943812,41.967382512609,-50.5));
#1637 = CARTESIAN_POINT('',(51.64387067167,43.06713273034,-50.5));
#1638 = CARTESIAN_POINT('',(52.327002230846,44.14878792762,-50.5));
#1639 = CARTESIAN_POINT('',(53.023028324123,45.212709798497,-50.5));
#1640 = CARTESIAN_POINT('',(53.731439338157,46.259260679667,-50.5));
#1641 = CARTESIAN_POINT('',(55.176869042293,48.325167201256,-50.5));
#1642 = CARTESIAN_POINT('',(55.914032030636,49.344278602519,-50.5));
#1643 = CARTESIAN_POINT('',(56.662779073391,50.346513973244,-50.5));
#1644 = CARTESIAN_POINT('',(57.42265750961,51.332225675915,-50.5));
#1645 = CARTESIAN_POINT('',(58.193242018405,52.301749060545,-50.5));
#1646 = CARTESIAN_POINT('',(58.974134307221,53.255405963845,-50.5));
#1647 = CARTESIAN_POINT('',(59.764962800123,54.193508208378,-50.5));
#1648 = CARTESIAN_POINT('',(61.274934680531,55.934447645172,-50.5));
#1649 = CARTESIAN_POINT('',(61.99201859081,56.74054427127,-50.5));
#1650 = CARTESIAN_POINT('',(62.716390539651,57.534857388694,-50.5));
#1651 = CARTESIAN_POINT('',(63.44782020978,58.31759612817,-50.5));
#1652 = CARTESIAN_POINT('',(64.186086445563,59.088954030549,-50.5));
#1653 = CARTESIAN_POINT('',(64.930977913925,59.849115065599,-50.5));
#1654 = CARTESIAN_POINT('',(65.682294547592,60.598262711907,-50.5));
#1655 = CARTESIAN_POINT('',(67.013121088744,61.895283823112,-50.5));
#1656 = CARTESIAN_POINT('',(67.588175399646,62.446043583232,-50.5));
#1657 = CARTESIAN_POINT('',(68.164978667012,62.989083360965,-50.5));
#1658 = CARTESIAN_POINT('',(68.743501043354,63.524617534439,-50.5));
#1659 = CARTESIAN_POINT('',(69.323714751319,64.052846846026,-50.5));
#1660 = CARTESIAN_POINT('',(69.905594365239,64.573961026383,-50.5));
#1661 = CARTESIAN_POINT('',(70.48911557602,65.088138804106,-50.5));
#1662 = CARTESIAN_POINT('',(71.942437571742,66.348399554863,-50.5));
#1663 = CARTESIAN_POINT('',(72.817220007619,67.088983868123,-50.5));
#1664 = CARTESIAN_POINT('',(73.69838201051,67.817503366291,-50.5));
#1665 = CARTESIAN_POINT('',(74.58571674538,68.534155459246,-50.5));
#1666 = CARTESIAN_POINT('',(75.479023289193,69.239128161165,-50.5));
#1667 = CARTESIAN_POINT('',(76.378105980054,69.932600897437,-50.5));
#1668 = CARTESIAN_POINT('',(77.282778104906,70.614747798557,-50.5));
#1669 = CARTESIAN_POINT('',(79.087445731287,71.945299461275,-50.5));
#1670 = CARTESIAN_POINT('',(79.987255831851,72.594079631667,-50.5));
#1671 = CARTESIAN_POINT('',(80.892134448322,73.232247327999,-50.5));
#1672 = CARTESIAN_POINT('',(81.801921829557,73.859959680999,-50.5));
#1673 = CARTESIAN_POINT('',(82.716462859793,74.477368269589,-50.5));
#1674 = CARTESIAN_POINT('',(83.635606751325,75.084619771917,-50.5));
#1675 = CARTESIAN_POINT('',(84.559207822531,75.681856614141,-50.5));
#1676 = CARTESIAN_POINT('',(86.403848508287,76.849490183484,-50.5));
#1677 = CARTESIAN_POINT('',(87.324784390513,77.420123363504,-50.5));
#1678 = CARTESIAN_POINT('',(88.249804617449,77.981251374005,-50.5));
#1679 = CARTESIAN_POINT('',(89.178782298572,78.533004286956,-50.5));
#1680 = CARTESIAN_POINT('',(90.111594058705,79.075508398727,-50.5));
#1681 = CARTESIAN_POINT('',(91.048120053428,79.608886599474,-50.5));
#1682 = CARTESIAN_POINT('',(91.988243984476,80.133258742543,-50.5));
#1683 = CARTESIAN_POINT('',(93.620482409263,81.024932609859,-50.5));
#1684 = CARTESIAN_POINT('',(94.31033772254,81.396044873479,-50.5));
#1685 = CARTESIAN_POINT('',(95.00139323168,81.76215321566,-50.5));
#1686 = CARTESIAN_POINT('',(95.693626806751,82.123328476516,-50.5));
#1687 = CARTESIAN_POINT('',(96.387016806236,82.479638749517,-50.5));
#1688 = CARTESIAN_POINT('',(97.081540642969,82.83114984134,-50.5));
#1689 = CARTESIAN_POINT('',(97.777175120969,83.177925367416,-50.5));
#1690 = CARTESIAN_POINT('',(99.609751949163,84.077746670384,-50.5));
#1691 = CARTESIAN_POINT('',(100.74984907966,84.623705373374,-50.5));
#1692 = CARTESIAN_POINT('',(101.89402181844,85.158081851185,-50.5));
#1693 = CARTESIAN_POINT('',(103.04213953403,85.681036020186,-50.5));
#1694 = CARTESIAN_POINT('',(104.19399108939,86.192760607237,-50.5));
#1695 = CARTESIAN_POINT('',(105.34949873757,86.693386238115,-50.5));
#1696 = CARTESIAN_POINT('',(106.50849534388,87.183083167114,-50.5));
#1697 = CARTESIAN_POINT('',(108.25011406088,87.900664398292,-50.5));
#1698 = CARTESIAN_POINT('',(108.82996173853,88.136551614372,-50.5));
#1699 = CARTESIAN_POINT('',(109.41039115798,88.369687029661,-50.5));
#1700 = CARTESIAN_POINT('',(109.99139181886,88.600095742724,-50.5));
#1701 = CARTESIAN_POINT('',(110.57295322125,88.827802313744,-50.5));
#1702 = CARTESIAN_POINT('',(111.15506486576,89.052830764522,-50.5));
#1703 = CARTESIAN_POINT('',(111.73771625346,89.27520457848,-50.5));
#1704 = CARTESIAN_POINT('',(112.90407751884,89.714688822997,-50.5));
#1705 = CARTESIAN_POINT('',(113.48778731086,89.931799330199,-50.5));
#1706 = CARTESIAN_POINT('',(114.07201736505,90.146300750615,-50.5));
#1707 = CARTESIAN_POINT('',(114.65675878529,90.358215180412,-50.5));
#1708 = CARTESIAN_POINT('',(115.24200267634,90.567564283577,-50.5));
#1709 = CARTESIAN_POINT('',(115.82774014379,90.774369291911,-50.5));
#1710 = CARTESIAN_POINT('',(116.4139622941,90.978651005034,-50.5));
#1711 = CARTESIAN_POINT('',(117.91193209994,91.493836941553,-50.5));
#1712 = CARTESIAN_POINT('',(118.82477636908,91.801351351936,-50.5));
#1713 = CARTESIAN_POINT('',(119.73914174078,92.103035542515,-50.5));
#1714 = CARTESIAN_POINT('',(120.65498399376,92.398945023805,-50.5));
#1715 = CARTESIAN_POINT('',(121.57225264726,92.68914146329,-50.5));
#1716 = CARTESIAN_POINT('',(122.49089835902,92.973685433057,-50.5));
#1717 = CARTESIAN_POINT('',(123.41088116333,93.252628462333,-50.5));
#1718 = CARTESIAN_POINT('',(125.18552763921,93.77926687404,-50.5));
#1719 = CARTESIAN_POINT('',(126.04000707561,94.027750052791,-50.5));
#1720 = CARTESIAN_POINT('',(126.89556483046,94.271516172898,-50.5));
#1721 = CARTESIAN_POINT('',(127.75216832595,94.510607276279,-50.5));
#1722 = CARTESIAN_POINT('',(128.60978553688,94.745064929808,-50.5));
#1723 = CARTESIAN_POINT('',(129.46838499062,94.974930225313,-50.5));
#1724 = CARTESIAN_POINT('',(130.32793576714,95.200243779574,-50.5));
#1725 = CARTESIAN_POINT('',(131.98189512629,95.624659185757,-50.5));
#1726 = CARTESIAN_POINT('',(132.77597169142,95.824386281295,-50.5));
#1727 = CARTESIAN_POINT('',(133.57061967598,96.020264540128,-50.5));
#1728 = CARTESIAN_POINT('',(134.36582444517,96.212327491577,-50.5));
#1729 = CARTESIAN_POINT('',(135.16157169718,96.40060772374,-50.5));
#1730 = CARTESIAN_POINT('',(135.95784634516,96.585138237107,-50.5));
#1731 = CARTESIAN_POINT('',(136.75463283169,96.765952103156,-50.5));
#1732 = CARTESIAN_POINT('',(138.2827604887,97.10544803803,-50.5));
#1733 = CARTESIAN_POINT('',(139.01402212297,97.264718772013,-50.5));
#1734 = CARTESIAN_POINT('',(139.74568983888,97.420917560278,-50.5));
#1735 = CARTESIAN_POINT('',(140.47775249191,97.574067828791,-50.5));
#1736 = CARTESIAN_POINT('',(141.21019863901,97.724193153537,-50.5));
#1737 = CARTESIAN_POINT('',(141.94301634622,97.871317565824,-50.5));
#1738 = CARTESIAN_POINT('',(142.67619389757,98.015464508426,-50.5));
#1739 = CARTESIAN_POINT('',(144.14324909843,98.297844412324,-50.5));
#1740 = CARTESIAN_POINT('',(144.8771272613,98.436077519172,-50.5));
#1741 = CARTESIAN_POINT('',(145.61134619485,98.571375003108,-50.5));
#1742 = CARTESIAN_POINT('',(146.34589620005,98.703757822855,-50.5));
#1743 = CARTESIAN_POINT('',(147.08076757806,98.833246655864,-50.5));
#1744 = CARTESIAN_POINT('',(147.81595063024,98.959861898315,-50.5));
#1745 = CARTESIAN_POINT('',(148.55143565815,99.083623665114,-50.5));
#1746 = CARTESIAN_POINT('',(149.95610132891,99.314486433321,-50.5));
#1747 = CARTESIAN_POINT('',(150.62523138223,99.422079396325,-50.5));
#1748 = CARTESIAN_POINT('',(151.29459582866,99.527345164248,-50.5));
#1749 = CARTESIAN_POINT('',(151.96418715551,99.630298680131,-50.5));
#1750 = CARTESIAN_POINT('',(152.63399789002,99.730954885528,-50.5));
#1751 = CARTESIAN_POINT('',(153.30402085695,99.829328261321,-50.5));
#1752 = CARTESIAN_POINT('',(153.97424943633,99.925432368537,-50.5));
#1753 = CARTESIAN_POINT('',(155.91786777643,100.19750138378,-50.5));
#1754 = CARTESIAN_POINT('',(157.19198432095,100.36761335703,-50.5));
#1755 = CARTESIAN_POINT('',(158.46697138747,100.52969549218,-50.5));
#1756 = CARTESIAN_POINT('',(159.74277110053,100.68383365447,-50.5));
#1757 = CARTESIAN_POINT('',(161.01933060677,100.8301037852,-50.5));
#1758 = CARTESIAN_POINT('',(162.29659689457,100.96858362874,-50.5));
#1759 = CARTESIAN_POINT('',(163.5745136609,101.09935991391,-50.5));
#1760 = CARTESIAN_POINT('',(165.99618045078,101.33259987779,-50.5));
#1761 = CARTESIAN_POINT('',(167.13980935106,101.4365951967,-50.5));
#1762 = CARTESIAN_POINT('',(168.28388674259,101.53453465666,-50.5));
#1763 = CARTESIAN_POINT('',(169.42837894243,101.62646731162,-50.5));
#1764 = CARTESIAN_POINT('',(170.5732528262,101.71244168042,-50.5));
#1765 = CARTESIAN_POINT('',(171.71847582807,101.79250574677,-50.5));
#1766 = CARTESIAN_POINT('',(172.86401594077,101.86670695929,-50.5));
#1767 = CARTESIAN_POINT('',(175.0204993515,101.99541038716,-50.5));
#1768 = CARTESIAN_POINT('',(176.03137898856,102.05120444633,-50.5));
#1769 = CARTESIAN_POINT('',(177.04245966612,102.10250483479,-50.5));
#1770 = CARTESIAN_POINT('',(178.05372163783,102.14933918454,-50.5));
#1771 = CARTESIAN_POINT('',(179.0651454692,102.19173471671,-50.5));
#1772 = CARTESIAN_POINT('',(180.07671166187,102.22971924179,-50.5));
#1773 = CARTESIAN_POINT('',(181.08840080436,102.26332077702,-50.5));
#1774 = CARTESIAN_POINT('',(182.97695071741,102.31790765912,-50.5));
#1775 = CARTESIAN_POINT('',(183.85378531258,102.3399787481,-50.5));
#1776 = CARTESIAN_POINT('',(184.73068622028,102.35879506688,-50.5));
#1777 = CARTESIAN_POINT('',(185.60764067607,102.37437622978,-50.5));
#1778 = CARTESIAN_POINT('',(186.48463646645,102.3867401682,-50.5));
#1779 = CARTESIAN_POINT('',(187.36166244991,102.39590132172,-50.5));
#1780 = CARTESIAN_POINT('',(188.23870809863,102.40187229836,-50.5));
#1781 = CARTESIAN_POINT('',(189.77811172788,102.40678107138,-50.5));
#1782 = CARTESIAN_POINT('',(190.44046611631,102.40708261701,-50.5));
#1783 = CARTESIAN_POINT('',(191.10282051991,102.4055799086,-50.5));
#1784 = CARTESIAN_POINT('',(191.76517025384,102.40227916813,-50.5));
#1785 = CARTESIAN_POINT('',(192.42751065451,102.39718657177,-50.5));
#1786 = CARTESIAN_POINT('',(193.08983707965,102.39030824997,-50.5));
#1787 = CARTESIAN_POINT('',(193.75214490827,102.3816502874,-50.5));
#1788 = CARTESIAN_POINT('',(195.76372540869,102.34996612837,-50.5));
#1789 = CARTESIAN_POINT('',(197.11292515321,102.32135126865,-50.5));
#1790 = CARTESIAN_POINT('',(198.46199021264,102.28542651799,-50.5));
#1791 = CARTESIAN_POINT('',(199.81088030599,102.24224993391,-50.5));
#1792 = CARTESIAN_POINT('',(201.15956649744,102.19183265206,-50.5));
#1793 = CARTESIAN_POINT('',(202.50800703904,102.13424275306,-50.5));
#1794 = CARTESIAN_POINT('',(203.85617041053,102.06950536675,-50.5));
#1795 = CARTESIAN_POINT('',(206.21519247567,101.94376862418,-50.5));
#1796 = CARTESIAN_POINT('',(207.22618792254,101.88587472923,-50.5));
#1797 = CARTESIAN_POINT('',(208.23699301327,101.82399715168,-50.5));
#1798 = CARTESIAN_POINT('',(209.2475923256,101.75815858179,-50.5));
#1799 = CARTESIAN_POINT('',(210.25797229606,101.68836907697,-50.5));
#1800 = CARTESIAN_POINT('',(211.26811974335,101.61463659556,-50.5));
#1801 = CARTESIAN_POINT('',(212.27802019817,101.53697871581,-50.5));
#1802 = CARTESIAN_POINT('',(214.0281896456,101.39557451463,-50.5));
#1803 = CARTESIAN_POINT('',(214.76860881558,101.33363513403,-50.5));
#1804 = CARTESIAN_POINT('',(215.50891370322,101.26959151069,-50.5));
#1805 = CARTESIAN_POINT('',(216.24910013794,101.2034479449,-50.5));
#1806 = CARTESIAN_POINT('',(216.98916394915,101.13520864996,-50.5));
#1807 = CARTESIAN_POINT('',(217.72910096626,101.06487775208,-50.5));
#1808 = CARTESIAN_POINT('',(218.46890701868,100.99245929045,-50.5));
#1809 = CARTESIAN_POINT('',(220.35204971808,100.80278300058,-50.5));
#1810 = CARTESIAN_POINT('',(221.49510994516,100.68263842759,-50.5));
#1811 = CARTESIAN_POINT('',(222.63773942151,100.5575353369,-50.5));
#1812 = CARTESIAN_POINT('',(223.77991901666,100.42748513487,-50.5));
#1813 = CARTESIAN_POINT('',(224.92162966526,100.29249879565,-50.5));
#1814 = CARTESIAN_POINT('',(226.06285236703,100.15258686112,-50.5));
#1815 = CARTESIAN_POINT('',(227.20356818682,100.0077594409,-50.5));
#1816 = CARTESIAN_POINT('',(229.55191942921,99.699366811291,-50.5));
#1817 = CARTESIAN_POINT('',(230.75949024078,99.535199014309,-50.5));
#1818 = CARTESIAN_POINT('',(231.96644842279,99.365534438318,-50.5));
#1819 = CARTESIAN_POINT('',(233.1727712665,99.190391222701,-50.5));
#1820 = CARTESIAN_POINT('',(234.37843661839,99.00975216845,-50.5));
#1821 = CARTESIAN_POINT('',(235.58342180349,98.823641256226,-50.5));
#1822 = CARTESIAN_POINT('',(236.78770456488,98.632051814316,-50.5));
#1823 = CARTESIAN_POINT('',(239.53089991921,98.182901611742,-50.5));
#1824 = CARTESIAN_POINT('',(241.06935107592,97.921859168498,-50.5));
#1825 = CARTESIAN_POINT('',(242.60656802359,97.651855716136,-50.5));
#1826 = CARTESIAN_POINT('',(244.14250707886,97.372942811446,-50.5));
#1827 = CARTESIAN_POINT('',(245.67711486394,97.085047894478,-50.5));
#1828 = CARTESIAN_POINT('',(247.21034643689,96.788203761321,-50.5));
#1829 = CARTESIAN_POINT('',(248.74215140284,96.482380285128,-50.5));
#1830 = CARTESIAN_POINT('',(251.6052621155,95.893394674021,-50.5));
#1831 = CARTESIAN_POINT('',(252.93692387046,95.612403251807,-50.5));
#1832 = CARTESIAN_POINT('',(254.26743366405,95.324581004899,-50.5));
#1833 = CARTESIAN_POINT('',(255.59676109025,95.029937075309,-50.5));
#1834 = CARTESIAN_POINT('',(256.92486656113,94.728412158349,-50.5));
#1835 = CARTESIAN_POINT('',(258.25171981953,94.420018311366,-50.5));
#1836 = CARTESIAN_POINT('',(259.57728371518,94.104716756031,-50.5));
#1837 = CARTESIAN_POINT('',(262.02903400422,93.508131171913,-50.5));
#1838 = CARTESIAN_POINT('',(263.15558447405,93.228752172477,-50.5));
#1839 = CARTESIAN_POINT('',(264.28115248057,92.944334066329,-50.5));
#1840 = CARTESIAN_POINT('',(265.40571773765,92.654870547375,-50.5));
#1841 = CARTESIAN_POINT('',(266.52925594612,92.360336703393,-50.5));
#1842 = CARTESIAN_POINT('',(267.65174194979,92.060703979922,-50.5));
#1843 = CARTESIAN_POINT('',(268.77315321336,91.755956890169,-50.5));
#1844 = CARTESIAN_POINT('',(270.8837607798,91.172142901161,-50.5));
#1845 = CARTESIAN_POINT('',(271.87319738637,90.894200215916,-50.5));
#1846 = CARTESIAN_POINT('',(272.86175829744,90.61222593669,-50.5));
#1847 = CARTESIAN_POINT('',(273.84942482151,90.326197461906,-50.5));
#1848 = CARTESIAN_POINT('',(274.83618090148,90.036101633554,-50.5));
#1849 = CARTESIAN_POINT('',(275.82200967009,89.741922795142,-50.5));
#1850 = CARTESIAN_POINT('',(276.80689033636,89.443631886536,-50.5));
#1851 = CARTESIAN_POINT('',(278.64515410174,88.878606969118,-50.5));
#1852 = CARTESIAN_POINT('',(279.49877491387,88.612889709823,-50.5));
#1853 = CARTESIAN_POINT('',(280.35165418484,88.344040292896,-50.5));
#1854 = CARTESIAN_POINT('',(281.20377911121,88.072042852914,-50.5));
#1855 = CARTESIAN_POINT('',(282.0551366757,87.796881014265,-50.5));
#1856 = CARTESIAN_POINT('',(282.90571364719,87.518537891146,-50.5));
#1857 = CARTESIAN_POINT('',(283.75549658074,87.236996087562,-50.5));
#1858 = CARTESIAN_POINT('',(286.17677451695,86.424864970481,-50.5));
#1859 = CARTESIAN_POINT('',(287.74630607167,85.886458632275,-50.5));
#1860 = CARTESIAN_POINT('',(289.31298488531,85.336917536785,-50.5));
#1861 = CARTESIAN_POINT('',(290.87670058068,84.776063433168,-50.5));
#1862 = CARTESIAN_POINT('',(292.43737292315,84.20380290625,-50.5));
#1863 = CARTESIAN_POINT('',(293.9948828223,83.619940840032,-50.5));
#1864 = CARTESIAN_POINT('',(295.5491355368,83.024346506827,-50.5));
#1865 = CARTESIAN_POINT('',(298.26857950406,81.959083972903,-50.5));
#1866 = CARTESIAN_POINT('',(299.43522825447,81.494566808125,-50.5));
#1867 = CARTESIAN_POINT('',(300.59991106031,81.023203473319,-50.5));
#1868 = CARTESIAN_POINT('',(301.76257597525,80.544910879522,-50.5));
#1869 = CARTESIAN_POINT('',(302.92316918871,80.059602420952,-50.5));
#1870 = CARTESIAN_POINT('',(304.08163496953,79.56718759886,-50.5));
#1871 = CARTESIAN_POINT('',(305.23791560968,79.067571645382,-50.5));
#1872 = CARTESIAN_POINT('',(307.22916505867,78.192904469678,-50.5));
#1873 = CARTESIAN_POINT('',(308.06519736823,77.821312049785,-50.5));
#1874 = CARTESIAN_POINT('',(308.90002469521,77.445838366688,-50.5));
#1875 = CARTESIAN_POINT('',(309.73362188781,77.066440865711,-50.5));
#1876 = CARTESIAN_POINT('',(310.56596300269,76.683075551316,-50.5));
#1877 = CARTESIAN_POINT('',(311.39702161256,76.295697584385,-50.5));
#1878 = CARTESIAN_POINT('',(312.22677066255,75.904260883968,-50.5));
#1879 = CARTESIAN_POINT('',(313.69382766205,75.203780487877,-50.5));
#1880 = CARTESIAN_POINT('',(314.33201032953,74.89624451323,-50.5));
#1881 = CARTESIAN_POINT('',(314.96972520097,74.586078116012,-50.5));
#1882 = CARTESIAN_POINT('',(315.60696712682,74.273248564581,-50.5));
#1883 = CARTESIAN_POINT('',(316.24373126184,73.957722492017,-50.5));
#1884 = CARTESIAN_POINT('',(316.88001311995,73.639465960278,-50.5));
#1885 = CARTESIAN_POINT('',(317.51580790702,73.318443185707,-50.5));
#1886 = CARTESIAN_POINT('',(319.17148605603,72.474501746898,-50.5));
#1887 = CARTESIAN_POINT('',(320.1895772559,71.947666763348,-50.5));
#1888 = CARTESIAN_POINT('',(321.20531812108,71.413995732861,-50.5));
#1889 = CARTESIAN_POINT('',(322.2186408766,70.87337074353,-50.5));
#1890 = CARTESIAN_POINT('',(323.22947444971,70.325668542431,-50.5));
#1891 = CARTESIAN_POINT('',(324.2377443371,69.770759864133,-50.5));
#1892 = CARTESIAN_POINT('',(325.24337247202,69.208508759216,-50.5));
#1893 = CARTESIAN_POINT('',(327.25869128232,68.063632824728,-50.5));
#1894 = CARTESIAN_POINT('',(328.26832947819,67.480866371455,-50.5));
#1895 = CARTESIAN_POINT('',(329.27510768125,66.890324735045,-50.5));
#1896 = CARTESIAN_POINT('',(330.27892878312,66.291839587813,-50.5));
#1897 = CARTESIAN_POINT('',(331.2796945672,65.685241942643,-50.5));
#1898 = CARTESIAN_POINT('',(332.27730229946,65.070355629095,-50.5));
#1899 = CARTESIAN_POINT('',(333.27163946129,64.446987562884,-50.5));
#1900 = CARTESIAN_POINT('',(335.26673288812,63.174474233825,-50.5));
#1901 = CARTESIAN_POINT('',(336.26739678508,62.525098058607,-50.5));
#1902 = CARTESIAN_POINT('',(337.26445630021,61.866591327677,-50.5));
#1903 = CARTESIAN_POINT('',(338.25780258583,61.198765137269,-50.5));
#1904 = CARTESIAN_POINT('',(339.24725459435,60.521324033881,-50.5));
#1905 = CARTESIAN_POINT('',(340.23268410802,59.834051495053,-50.5));
#1906 = CARTESIAN_POINT('',(341.21391236512,59.136654698621,-50.5));
#1907 = CARTESIAN_POINT('',(342.68583347687,58.070129940165,-50.5));
#1908 = CARTESIAN_POINT('',(343.17977678029,57.708739540035,-50.5));
#1909 = CARTESIAN_POINT('',(343.67257275376,57.344637106913,-50.5));
#1910 = CARTESIAN_POINT('',(344.16419726033,56.977783495142,-50.5));
#1911 = CARTESIAN_POINT('',(344.65462510357,56.608138149493,-50.5));
#1912 = CARTESIAN_POINT('',(345.14383002758,56.23565910517,-50.5));
#1913 = CARTESIAN_POINT('',(345.63178471701,55.860302987808,-50.5));
#1914 = CARTESIAN_POINT('',(346.66898557465,55.054119459319,-50.5));
#1915 = CARTESIAN_POINT('',(347.2189184786,54.621662376406,-50.5));
#1916 = CARTESIAN_POINT('',(347.76825132102,54.184527040894,-50.5));
#1917 = CARTESIAN_POINT('',(348.31697659281,53.742578454654,-50.5));
#1918 = CARTESIAN_POINT('',(348.86508711715,53.295672399443,-50.5));
#1919 = CARTESIAN_POINT('',(349.41257570299,52.843654491078,-50.5));
#1920 = CARTESIAN_POINT('',(349.95943479863,52.386359233609,-50.5));
#1921 = CARTESIAN_POINT('',(351.23395000228,51.306609937314,-50.5));
#1922 = CARTESIAN_POINT('',(351.96111570436,50.679909050822,-50.5));
#1923 = CARTESIAN_POINT('',(352.68712667981,50.043085719847,-50.5));
#1924 = CARTESIAN_POINT('',(353.41197369027,49.395687305599,-50.5));
#1925 = CARTESIAN_POINT('',(354.13562194499,48.737176990776,-50.5));
#1926 = CARTESIAN_POINT('',(354.85808415758,48.067013763431,-50.5));
#1927 = CARTESIAN_POINT('',(355.5793201373,47.384533378293,-50.5));
#1928 = CARTESIAN_POINT('',(356.83929308436,46.167378296028,-50.5));
#1929 = CARTESIAN_POINT('',(357.37858377452,45.63840087083,-50.5));
#1930 = CARTESIAN_POINT('',(357.91716264709,45.101778140795,-50.5));
#1931 = CARTESIAN_POINT('',(358.45502026422,44.557173879509,-50.5));
#1932 = CARTESIAN_POINT('',(358.99214923823,44.004217086784,-50.5));
#1933 = CARTESIAN_POINT('',(359.52854207249,43.442497229846,-50.5));
#1934 = CARTESIAN_POINT('',(360.06418900237,42.871559484542,-50.5));
#1935 = CARTESIAN_POINT('',(361.02183539783,41.831962976106,-50.5));
#1936 = CARTESIAN_POINT('',(361.44235511341,41.368867580708,-50.5));
#1937 = CARTESIAN_POINT('',(361.86056594962,40.901529967807,-50.5));
#1938 = CARTESIAN_POINT('',(362.27639373704,40.429862905016,-50.5));
#1939 = CARTESIAN_POINT('',(362.68975917006,39.953775750084,-50.5));
#1940 = CARTESIAN_POINT('',(363.10057780694,39.4731744509,-50.5));
#1941 = CARTESIAN_POINT('',(363.50876006979,38.987961545491,-50.5));
#1942 = CARTESIAN_POINT('',(364.53712013506,37.74534657565,-50.5));
#1943 = CARTESIAN_POINT('',(365.15357341677,36.981541767707,-50.5));
#1944 = CARTESIAN_POINT('',(365.76323238876,36.206243370184,-50.5));
#1945 = CARTESIAN_POINT('',(366.36571687111,35.419063406075,-50.5));
#1946 = CARTESIAN_POINT('',(366.96060428703,34.6196019289,-50.5));
#1947 = CARTESIAN_POINT('',(367.54742796354,33.807443310617,-50.5));
#1948 = CARTESIAN_POINT('',(368.12567465051,32.982151177912,-50.5));
#1949 = CARTESIAN_POINT('',(369.26227167603,31.30675515395,-50.5));
#1950 = CARTESIAN_POINT('',(369.80417657257,30.481045808562,-50.5));
#1951 = CARTESIAN_POINT('',(370.32176276702,29.665724579906,-50.5));
#1952 = CARTESIAN_POINT('',(370.816196314,28.860385281554,-50.5));
#1953 = CARTESIAN_POINT('',(371.28855697303,28.064639792051,-50.5));
#1954 = CARTESIAN_POINT('',(371.73983500308,27.278117066391,-50.5));
#1955 = CARTESIAN_POINT('',(372.17093114478,26.500464621389,-50.5));
#1956 = CARTESIAN_POINT('',(373.23655223754,24.510024918799,-50.5));
#1957 = CARTESIAN_POINT('',(373.8678405867,23.261309783047,-50.5));
#1958 = CARTESIAN_POINT('',(374.47458959926,21.984092575538,-50.5));
#1959 = CARTESIAN_POINT('',(375.05444925031,20.6775021615,-50.5));
#1960 = CARTESIAN_POINT('',(375.6047140405,19.340962972437,-50.5));
#1961 = CARTESIAN_POINT('',(376.122365835,17.974235679201,-50.5));
#1962 = CARTESIAN_POINT('',(376.60414132914,16.577485888421,-50.5));
#1963 = CARTESIAN_POINT('',(377.59555050235,13.382406021948,-50.5));
#1964 = CARTESIAN_POINT('',(378.08439709145,11.567081280479,-50.5));
#1965 = CARTESIAN_POINT('',(378.5059471013,9.708601167766,-50.5));
#1966 = CARTESIAN_POINT('',(378.85300087993,7.811669008867,-50.5));
#1967 = CARTESIAN_POINT('',(379.11890534186,5.882711719076,-50.5));
#1968 = CARTESIAN_POINT('',(379.29827217406,3.930148468372,-50.5));
#1969 = CARTESIAN_POINT('',(379.38790065305,1.96473697729,-50.5));
#1970 = CARTESIAN_POINT('',(379.38790065305,0.,-50.5));
#1971 = PCURVE('',#374,#1972);
#1972 = DEFINITIONAL_REPRESENTATION('',(#1973),#2333);
#1973 = B_SPLINE_CURVE_WITH_KNOTS('',8,(#1974,#1975,#1976,#1977,#1978,
    #1979,#1980,#1981,#1982,#1983,#1984,#1985,#1986,#1987,#1988,#1989,
    #1990,#1991,#1992,#1993,#1994,#1995,#1996,#1997,#1998,#1999,#2000,
    #2001,#2002,#2003,#2004,#2005,#2006,#2007,#2008,#2009,#2010,#2011,
    #2012,#2013,#2014,#2015,#2016,#2017,#2018,#2019,#2020,#2021,#2022,
    #2023,#2024,#2025,#2026,#2027,#2028,#2029,#2030,#2031,#2032,#2033,
    #2034,#2035,#2036,#2037,#2038,#2039,#2040,#2041,#2042,#2043,#2044,
    #2045,#2046,#2047,#2048,#2049,#2050,#2051,#2052,#2053,#2054,#2055,
    #2056,#2057,#2058,#2059,#2060,#2061,#2062,#2063,#2064,#2065,#2066,
    #2067,#2068,#2069,#2070,#2071,#2072,#2073,#2074,#2075,#2076,#2077,
    #2078,#2079,#2080,#2081,#2082,#2083,#2084,#2085,#2086,#2087,#2088,
    #2089,#2090,#2091,#2092,#2093,#2094,#2095,#2096,#2097,#2098,#2099,
    #2100,#2101,#2102,#2103,#2104,#2105,#2106,#2107,#2108,#2109,#2110,
    #2111,#2112,#2113,#2114,#2115,#2116,#2117,#2118,#2119,#2120,#2121,
    #2122,#2123,#2124,#2125,#2126,#2127,#2128,#2129,#2130,#2131,#2132,
    #2133,#2134,#2135,#2136,#2137,#2138,#2139,#2140,#2141,#2142,#2143,
    #2144,#2145,#2146,#2147,#2148,#2149,#2150,#2151,#2152,#2153,#2154,
    #2155,#2156,#2157,#2158,#2159,#2160,#2161,#2162,#2163,#2164,#2165,
    #2166,#2167,#2168,#2169,#2170,#2171,#2172,#2173,#2174,#2175,#2176,
    #2177,#2178,#2179,#2180,#2181,#2182,#2183,#2184,#2185,#2186,#2187,
    #2188,#2189,#2190,#2191,#2192,#2193,#2194,#2195,#2196,#2197,#2198,
    #2199,#2200,#2201,#2202,#2203,#2204,#2205,#2206,#2207,#2208,#2209,
    #2210,#2211,#2212,#2213,#2214,#2215,#2216,#2217,#2218,#2219,#2220,
    #2221,#2222,#2223,#2224,#2225,#2226,#2227,#2228,#2229,#2230,#2231,
    #2232,#2233,#2234,#2235,#2236,#2237,#2238,#2239,#2240,#2241,#2242,
    #2243,#2244,#2245,#2246,#2247,#2248,#2249,#2250,#2251,#2252,#2253,
    #2254,#2255,#2256,#2257,#2258,#2259,#2260,#2261,#2262,#2263,#2264,
    #2265,#2266,#2267,#2268,#2269,#2270,#2271,#2272,#2273,#2274,#2275,
    #2276,#2277,#2278,#2279,#2280,#2281,#2282,#2283,#2284,#2285,#2286,
    #2287,#2288,#2289,#2290,#2291,#2292,#2293,#2294,#2295,#2296,#2297,
    #2298,#2299,#2300,#2301,#2302,#2303,#2304,#2305,#2306,#2307,#2308,
    #2309,#2310,#2311,#2312,#2313,#2314,#2315,#2316,#2317,#2318,#2319,
    #2320,#2321,#2322,#2323,#2324,#2325,#2326,#2327,#2328,#2329,#2330,
    #2331,#2332),.UNSPECIFIED.,.F.,.F.,(9,7,7,7,7,7,7,7,7,7,7,7,7,7,7,7,
    7,7,7,7,7,7,7,7,7,7,7,7,7,7,7,7,7,7,7,7,7,7,7,7,7,7,7,7,7,7,7,7,7,7,
    7,9),(0.,3.909354386749E-02,6.969289768022E-02,8.171544313979E-02,
    0.102496747407,0.123415593515,0.141959639515,0.155992804324,
    0.176814232284,0.197280678921,0.217500130775,0.232255929977,
    0.256311996198,0.268300164885,0.280288333582,0.298908615157,
    0.316156333861,0.332061390222,0.34664102334,0.361220660137,
    0.374474873541,0.399645543152,0.422151049906,0.442001678815,
    0.459202983459,0.4721933796,0.498659172372,0.518514087281,
    0.533076845754,0.555589699781,0.579444631461,0.609960779304,
    0.6365376277,0.659166215567,0.679168692105,0.696537192883,
    0.728703667798,0.752940627961,0.770523718195,0.784079022998,
    0.805850616836,0.827828649574,0.850099264028,0.861385969799,
    0.87415341706,0.891176650352,0.903944094141,0.914035123866,
    0.92953832751,0.944997504035,0.969547178168,1.),.UNSPECIFIED.);
#1974 = CARTESIAN_POINT('',(0.,82.297162538544));
#1975 = CARTESIAN_POINT('',(4.152263612895E-02,82.297162538544));
#1976 = CARTESIAN_POINT('',(8.211679226998E-02,82.435064075548));
#1977 = CARTESIAN_POINT('',(0.121467264223,82.711014363539));
#1978 = CARTESIAN_POINT('',(0.159343842408,83.120463546662));
#1979 = CARTESIAN_POINT('',(0.195599108202,83.65544915984));
#1980 = CARTESIAN_POINT('',(0.230155164556,84.305937908915));
#1981 = CARTESIAN_POINT('',(0.262986647046,85.060986465757));
#1982 = CARTESIAN_POINT('',(0.318466211097,86.573619357673));
#1983 = CARTESIAN_POINT('',(0.341787096539,87.295283048773));
#1984 = CARTESIAN_POINT('',(0.364087778791,88.069570585984));
#1985 = CARTESIAN_POINT('',(0.385398708943,88.891696645868));
#1986 = CARTESIAN_POINT('',(0.405758298208,89.757176832748));
#1987 = CARTESIAN_POINT('',(0.425209697051,90.661932772306));
#1988 = CARTESIAN_POINT('',(0.443798667705,91.602351023605));
#1989 = CARTESIAN_POINT('',(0.468555363745,92.957611600164));
#1990 = CARTESIAN_POINT('',(0.475538786083,93.351823826617));
#1991 = CARTESIAN_POINT('',(0.482522291972,93.758367713159));
#1992 = CARTESIAN_POINT('',(0.489505829604,94.177674935642));
#1993 = CARTESIAN_POINT('',(0.496489375353,94.61020670759));
#1994 = CARTESIAN_POINT('',(0.503472904467,95.056455351334));
#1995 = CARTESIAN_POINT('',(0.510456361762,95.51694586914));
#1996 = CARTESIAN_POINT('',(0.529510409703,96.813792344597));
#1997 = CARTESIAN_POINT('',(0.5411555635,97.650640321729));
#1998 = CARTESIAN_POINT('',(0.552395350913,98.501636843216));
#1999 = CARTESIAN_POINT('',(0.563248968735,99.365738728009));
#2000 = CARTESIAN_POINT('',(0.57373460795,100.24199991548));
#2001 = CARTESIAN_POINT('',(0.583869508345,101.12956716442));
#2002 = CARTESIAN_POINT('',(0.59367001312,102.02767575194));
#2003 = CARTESIAN_POINT('',(0.612695988286,103.84962402266));
#2004 = CARTESIAN_POINT('',(0.621917057752,104.7735757003));
#2005 = CARTESIAN_POINT('',(0.630830647605,105.70679229634));
#2006 = CARTESIAN_POINT('',(0.639451501681,106.64862912888));
#2007 = CARTESIAN_POINT('',(0.647793383671,107.59850128366));
#2008 = CARTESIAN_POINT('',(0.655869168842,108.55588015474));
#2009 = CARTESIAN_POINT('',(0.663690935762,109.52028998497));
#2010 = CARTESIAN_POINT('',(0.677988764734,111.35208496829));
#2011 = CARTESIAN_POINT('',(0.684516737914,112.2180487857));
#2012 = CARTESIAN_POINT('',(0.690861848901,113.08889951486));
#2013 = CARTESIAN_POINT('',(0.697031582805,113.96434891698));
#2014 = CARTESIAN_POINT('',(0.703032921489,114.84413840903));
#2015 = CARTESIAN_POINT('',(0.708872423614,115.72803262907));
#2016 = CARTESIAN_POINT('',(0.714556326141,116.6158094284));
#2017 = CARTESIAN_POINT('',(0.724278458887,118.18188200205));
#2018 = CARTESIAN_POINT('',(0.7283675909,118.85649564188));
#2019 = CARTESIAN_POINT('',(0.732362040764,119.53110727285));
#2020 = CARTESIAN_POINT('',(0.736265634952,120.20571836792));
#2021 = CARTESIAN_POINT('',(0.740081933894,120.88033056055));
#2022 = CARTESIAN_POINT('',(0.743814270264,121.55494331797));
#2023 = CARTESIAN_POINT('',(0.747465765014,122.22955494917));
#2024 = CARTESIAN_POINT('',(0.756341513668,123.90510902418));
#2025 = CARTESIAN_POINT('',(0.761490697921,124.90955566057));
#2026 = CARTESIAN_POINT('',(0.766493188434,125.91730491926));
#2027 = CARTESIAN_POINT('',(0.771354897899,126.92816679182));
#2028 = CARTESIAN_POINT('',(0.776081360201,127.94196866702));
#2029 = CARTESIAN_POINT('',(0.780677765062,128.95855531873));
#2030 = CARTESIAN_POINT('',(0.785149004284,129.97778341347));
#2031 = CARTESIAN_POINT('',(0.793776280095,132.0038183935));
#2032 = CARTESIAN_POINT('',(0.797936380577,133.01053955655));
#2033 = CARTESIAN_POINT('',(0.801984432649,134.01954320037));
#2034 = CARTESIAN_POINT('',(0.805924570701,135.03070725415));
#2035 = CARTESIAN_POINT('',(0.809760686593,136.0439192731));
#2036 = CARTESIAN_POINT('',(0.813496451853,137.05907631808));
#2037 = CARTESIAN_POINT('',(0.817135337404,138.0760838449));
#2038 = CARTESIAN_POINT('',(0.824183138665,140.10132856397));
#2039 = CARTESIAN_POINT('',(0.827594297205,141.10952152525));
#2040 = CARTESIAN_POINT('',(0.830917277683,142.11934346574));
#2041 = CARTESIAN_POINT('',(0.834155074405,143.13071159827));
#2042 = CARTESIAN_POINT('',(0.837310517835,144.14354915326));
#2043 = CARTESIAN_POINT('',(0.84038628769,145.15778516227));
#2044 = CARTESIAN_POINT('',(0.843384926019,146.17335424154));
#2045 = CARTESIAN_POINT('',(0.848442678645,147.93226982329));
#2046 = CARTESIAN_POINT('',(0.850534762642,148.67434214916));
#2047 = CARTESIAN_POINT('',(0.852586246614,149.41641539646));
#2048 = CARTESIAN_POINT('',(0.854598215272,150.15848892937));
#2049 = CARTESIAN_POINT('',(0.856571701505,150.9005619667));
#2050 = CARTESIAN_POINT('',(0.85850769176,151.64263467417));
#2051 = CARTESIAN_POINT('',(0.860407129016,152.38470781518));
#2052 = CARTESIAN_POINT('',(0.86530940142,154.33656705629));
#2053 = CARTESIAN_POINT('',(0.868256738719,155.54778991469));
#2054 = CARTESIAN_POINT('',(0.871116245086,156.76037354551));
#2055 = CARTESIAN_POINT('',(0.873890965586,157.97422452266));
#2056 = CARTESIAN_POINT('',(0.876583958737,159.18931827583));
#2057 = CARTESIAN_POINT('',(0.879197813029,160.40554048258));
#2058 = CARTESIAN_POINT('',(0.881735196529,161.62285267293));
#2059 = CARTESIAN_POINT('',(0.885426130519,163.44834264541));
#2060 = CARTESIAN_POINT('',(0.8866348182,164.05549332908));
#2061 = CARTESIAN_POINT('',(0.887824948049,164.66264401442));
#2062 = CARTESIAN_POINT('',(0.888996854067,165.26979469976));
#2063 = CARTESIAN_POINT('',(0.890150859853,165.87694538394));
#2064 = CARTESIAN_POINT('',(0.891287278608,166.48409606632));
#2065 = CARTESIAN_POINT('',(0.892406413133,167.09124674678));
#2066 = CARTESIAN_POINT('',(0.894610698518,168.30554810511));
#2067 = CARTESIAN_POINT('',(0.895695850481,168.91269878576));
#2068 = CARTESIAN_POINT('',(0.896764302166,169.51984946702));
#2069 = CARTESIAN_POINT('',(0.897816335628,170.12700014833));
#2070 = CARTESIAN_POINT('',(0.898852224525,170.73415082921));
#2071 = CARTESIAN_POINT('',(0.899872234115,171.34130150925));
#2072 = CARTESIAN_POINT('',(0.900876621259,171.94845218811));
#2073 = CARTESIAN_POINT('',(0.903401790939,173.49864236204));
#2074 = CARTESIAN_POINT('',(0.904901572043,174.44212054119));
#2075 = CARTESIAN_POINT('',(0.906365830967,175.38602048123));
#2076 = CARTESIAN_POINT('',(0.907795357195,176.33032184621));
#2077 = CARTESIAN_POINT('',(0.909190941533,177.27501072008));
#2078 = CARTESIAN_POINT('',(0.910553342913,178.22007413477));
#2079 = CARTESIAN_POINT('',(0.911883251978,179.16549407492));
#2080 = CARTESIAN_POINT('',(0.914383754118,180.98730217016));
#2081 = CARTESIAN_POINT('',(0.915558865999,181.86364176262));
#2082 = CARTESIAN_POINT('',(0.916707218623,182.74026266518));
#2083 = CARTESIAN_POINT('',(0.917829330963,183.61715369788));
#2084 = CARTESIAN_POINT('',(0.918925704466,184.4943043542));
#2085 = CARTESIAN_POINT('',(0.919996823054,185.371704801));
#2086 = CARTESIAN_POINT('',(0.921043153124,186.24934587859));
#2087 = CARTESIAN_POINT('',(0.923007576314,187.93675358534));
#2088 = CARTESIAN_POINT('',(0.923929081479,188.74628730774));
#2089 = CARTESIAN_POINT('',(0.924830042741,189.55582165029));
#2090 = CARTESIAN_POINT('',(0.925710814964,190.36535619698));
#2091 = CARTESIAN_POINT('',(0.926571738903,191.17489041682));
#2092 = CARTESIAN_POINT('',(0.927413148004,191.98442440161));
#2093 = CARTESIAN_POINT('',(0.928235367302,192.79395865821));
#2094 = CARTESIAN_POINT('',(0.929775096664,194.34556596507));
#2095 = CARTESIAN_POINT('',(0.930495622669,195.08763898764));
#2096 = CARTESIAN_POINT('',(0.93120052378,195.82971219336));
#2097 = CARTESIAN_POINT('',(0.931890028723,196.57178523972));
#2098 = CARTESIAN_POINT('',(0.932564361257,197.31385806864));
#2099 = CARTESIAN_POINT('',(0.933223741793,198.05593104778));
#2100 = CARTESIAN_POINT('',(0.933868382995,198.7980044558));
#2101 = CARTESIAN_POINT('',(0.935128575848,200.28215035456));
#2102 = CARTESIAN_POINT('',(0.935744128358,201.02422339859));
#2103 = CARTESIAN_POINT('',(0.936345334453,201.76629644299));
#2104 = CARTESIAN_POINT('',(0.936932386055,202.50836948726));
#2105 = CARTESIAN_POINT('',(0.937505469424,203.25044253111));
#2106 = CARTESIAN_POINT('',(0.938064765158,203.99251557446));
#2107 = CARTESIAN_POINT('',(0.938610448195,204.73458861742));
#2108 = CARTESIAN_POINT('',(0.939626541935,206.15127342257));
#2109 = CARTESIAN_POINT('',(0.940099286707,206.82588544616));
#2110 = CARTESIAN_POINT('',(0.940561047786,207.50049733847));
#2111 = CARTESIAN_POINT('',(0.941011950052,208.17510907866));
#2112 = CARTESIAN_POINT('',(0.941452115713,208.84972082847));
#2113 = CARTESIAN_POINT('',(0.941881662412,209.52433274296));
#2114 = CARTESIAN_POINT('',(0.942300701329,210.19894478127));
#2115 = CARTESIAN_POINT('',(0.943485359509,212.1546909467));
#2116 = CARTESIAN_POINT('',(0.944223989615,213.43603262318));
#2117 = CARTESIAN_POINT('',(0.944925914828,214.71756541243));
#2118 = CARTESIAN_POINT('',(0.94559181883,215.99927692281));
#2119 = CARTESIAN_POINT('',(0.946222314901,217.28115271938));
#2120 = CARTESIAN_POINT('',(0.946817997871,218.56318055279));
#2121 = CARTESIAN_POINT('',(0.947379476432,219.84535297766));
#2122 = CARTESIAN_POINT('',(0.948379139746,222.27418546474));
#2123 = CARTESIAN_POINT('',(0.94882408495,223.42081913841));
#2124 = CARTESIAN_POINT('',(0.949242449096,224.56754904099));
#2125 = CARTESIAN_POINT('',(0.949634580813,225.71436704347));
#2126 = CARTESIAN_POINT('',(0.950000813236,226.86126560255));
#2127 = CARTESIAN_POINT('',(0.950341464003,228.00823776064));
#2128 = CARTESIAN_POINT('',(0.950656835257,229.1552771459));
#2129 = CARTESIAN_POINT('',(0.951203337345,231.31416024719));
#2130 = CARTESIAN_POINT('',(0.951440020099,232.32599048733));
#2131 = CARTESIAN_POINT('',(0.95165745196,233.3378641485));
#2132 = CARTESIAN_POINT('',(0.95185580395,234.34977622853));
#2133 = CARTESIAN_POINT('',(0.952035238458,235.36172196004));
#2134 = CARTESIAN_POINT('',(0.952195913749,236.37369710237));
#2135 = CARTESIAN_POINT('',(0.952337982569,237.38569783243));
#2136 = CARTESIAN_POINT('',(0.95256869083,239.2746751022));
#2137 = CARTESIAN_POINT('',(0.952661932523,240.15164632673));
#2138 = CARTESIAN_POINT('',(0.952741395967,241.02863106015));
#2139 = CARTESIAN_POINT('',(0.952807178865,241.90562758768));
#2140 = CARTESIAN_POINT('',(0.952859368438,242.78263390262));
#2141 = CARTESIAN_POINT('',(0.952898033884,243.65964722146));
#2142 = CARTESIAN_POINT('',(0.952923233486,244.53666443921));
#2143 = CARTESIAN_POINT('',(0.952943949814,246.07600685353));
#2144 = CARTESIAN_POINT('',(0.952945222152,246.73833114069));
#2145 = CARTESIAN_POINT('',(0.952938880602,247.40065537369));
#2146 = CARTESIAN_POINT('',(0.952924951251,248.06297856093));
#2147 = CARTESIAN_POINT('',(0.95290345901,248.7252997319));
#2148 = CARTESIAN_POINT('',(0.952874427616,249.38761793728));
#2149 = CARTESIAN_POINT('',(0.952837879631,250.04993224884));
#2150 = CARTESIAN_POINT('',(0.952704105704,252.06158831299));
#2151 = CARTESIAN_POINT('',(0.952583262268,253.41091487003));
#2152 = CARTESIAN_POINT('',(0.95243149276,254.76021466693));
#2153 = CARTESIAN_POINT('',(0.952248991581,256.10948211572));
#2154 = CARTESIAN_POINT('',(0.952035738877,257.45870246637));
#2155 = CARTESIAN_POINT('',(0.951791939755,258.8078737128));
#2156 = CARTESIAN_POINT('',(0.951517602553,260.15698537062));
#2157 = CARTESIAN_POINT('',(0.950984133876,262.51809990804));
#2158 = CARTESIAN_POINT('',(0.950738320999,263.53013136579));
#2159 = CARTESIAN_POINT('',(0.95047537438,264.54212248232));
#2160 = CARTESIAN_POINT('',(0.950195337601,265.55407163136));
#2161 = CARTESIAN_POINT('',(0.949898195788,266.56597485929));
#2162 = CARTESIAN_POINT('',(0.949583920347,267.57782795759));
#2163 = CARTESIAN_POINT('',(0.94925251877,268.58962874465));
#2164 = CARTESIAN_POINT('',(0.948648308069,270.34344671351));
#2165 = CARTESIAN_POINT('',(0.9483834164,271.08551975258));
#2166 = CARTESIAN_POINT('',(0.948109276079,271.8275927916));
#2167 = CARTESIAN_POINT('',(0.947825875551,272.5696658306));
#2168 = CARTESIAN_POINT('',(0.947533201489,273.31173886957));
#2169 = CARTESIAN_POINT('',(0.947231238795,274.0538119085));
#2170 = CARTESIAN_POINT('',(0.946919970599,274.79588494738));
#2171 = CARTESIAN_POINT('',(0.946103768269,276.68514325552));
#2172 = CARTESIAN_POINT('',(0.945585914261,277.83223970391));
#2173 = CARTESIAN_POINT('',(0.945045735902,278.97924238279));
#2174 = CARTESIAN_POINT('',(0.944483142639,280.12614638865));
#2175 = CARTESIAN_POINT('',(0.943898033694,281.27294686311));
#2176 = CARTESIAN_POINT('',(0.943290298068,282.41963899289));
#2177 = CARTESIAN_POINT('',(0.942659814538,283.56621800983));
#2178 = CARTESIAN_POINT('',(0.941314139314,285.92748532397));
#2179 = CARTESIAN_POINT('',(0.940596137254,287.14215906263));
#2180 = CARTESIAN_POINT('',(0.939852289095,288.3566949906));
#2181 = CARTESIAN_POINT('',(0.939082456695,289.57108813565));
#2182 = CARTESIAN_POINT('',(0.938286335213,290.78532953985));
#2183 = CARTESIAN_POINT('',(0.937463788632,291.99941511533));
#2184 = CARTESIAN_POINT('',(0.936614534562,293.21333726341));
#2185 = CARTESIAN_POINT('',(0.934617468077,295.97976897887));
#2186 = CARTESIAN_POINT('',(0.933452511252,297.53217054533));
#2187 = CARTESIAN_POINT('',(0.932242875586,299.08427981874));
#2188 = CARTESIAN_POINT('',(0.930988202008,300.63608775758));
#2189 = CARTESIAN_POINT('',(0.929687541839,302.187572155));
#2190 = CARTESIAN_POINT('',(0.928340377361,303.73872207263));
#2191 = CARTESIAN_POINT('',(0.926945871828,305.28951931453));
#2192 = CARTESIAN_POINT('',(0.924246832443,308.19023328195));
#2193 = CARTESIAN_POINT('',(0.922953921491,309.54023872055));
#2194 = CARTESIAN_POINT('',(0.921623954992,310.88995329308));
#2195 = CARTESIAN_POINT('',(0.920256461135,312.23936656622));
#2196 = CARTESIAN_POINT('',(0.918850625537,313.58846380091));
#2197 = CARTESIAN_POINT('',(0.917405935283,314.93723409762));
#2198 = CARTESIAN_POINT('',(0.915921614114,316.28566321384));
#2199 = CARTESIAN_POINT('',(0.913098785256,318.78154179876));
#2200 = CARTESIAN_POINT('',(0.911771374464,319.92908868528));
#2201 = CARTESIAN_POINT('',(0.91041424413,321.0763696583));
#2202 = CARTESIAN_POINT('',(0.909026962644,322.22337609471));
#2203 = CARTESIAN_POINT('',(0.907608992236,323.3700983591));
#2204 = CARTESIAN_POINT('',(0.906159759034,324.51652634971));
#2205 = CARTESIAN_POINT('',(0.904678731766,325.66265006798));
#2206 = CARTESIAN_POINT('',(0.9018275107,327.82129307008));
#2207 = CARTESIAN_POINT('',(0.900464401394,328.83388110901));
#2208 = CARTESIAN_POINT('',(0.899075577226,329.84621552721));
#2209 = CARTESIAN_POINT('',(0.897660586198,330.85828851552));
#2210 = CARTESIAN_POINT('',(0.896219010333,331.87009212967));
#2211 = CARTESIAN_POINT('',(0.894750405465,332.881618038));
#2212 = CARTESIAN_POINT('',(0.893254245767,333.89285731254));
#2213 = CARTESIAN_POINT('',(0.890406520612,335.7816209526));
#2214 = CARTESIAN_POINT('',(0.889061856958,336.65921799926));
#2215 = CARTESIAN_POINT('',(0.887695700093,337.53658607011));
#2216 = CARTESIAN_POINT('',(0.886307701778,338.41371892091));
#2217 = CARTESIAN_POINT('',(0.884897501195,339.29061004699));
#2218 = CARTESIAN_POINT('',(0.88346472495,340.16725268331));
#2219 = CARTESIAN_POINT('',(0.882008987067,341.0436398044));
#2220 = CARTESIAN_POINT('',(0.877790598391,343.54234694386));
#2221 = CARTESIAN_POINT('',(0.874971177281,345.16402794127));
#2222 = CARTESIAN_POINT('',(0.872069154585,346.78476111144));
#2223 = CARTESIAN_POINT('',(0.869081524195,348.40449709758));
#2224 = CARTESIAN_POINT('',(0.866005581228,350.02318107913));
#2225 = CARTESIAN_POINT('',(0.862837922562,351.64075492574));
#2226 = CARTESIAN_POINT('',(0.859575313898,353.25715455442));
#2227 = CARTESIAN_POINT('',(0.853681354789,356.08930828148));
#2228 = CARTESIAN_POINT('',(0.851092655468,357.30559910493));
#2229 = CARTESIAN_POINT('',(0.848446334203,358.52115471788));
#2230 = CARTESIAN_POINT('',(0.845740711182,359.73594366015));
#2231 = CARTESIAN_POINT('',(0.842974017405,360.94993220089));
#2232 = CARTESIAN_POINT('',(0.840144386224,362.16308424205));
#2233 = CARTESIAN_POINT('',(0.837249844879,363.37536122182));
#2234 = CARTESIAN_POINT('',(0.832139810337,365.46552307417));
#2235 = CARTESIAN_POINT('',(0.829956056826,366.34384178284));
#2236 = CARTESIAN_POINT('',(0.8277362393,367.22166246154));
#2237 = CARTESIAN_POINT('',(0.825479508705,368.09896862374));
#2238 = CARTESIAN_POINT('',(0.823184980876,368.97574286128));
#2239 = CARTESIAN_POINT('',(0.820851738239,369.85196677807));
#2240 = CARTESIAN_POINT('',(0.818478825511,370.72762097499));
#2241 = CARTESIAN_POINT('',(0.814204537112,372.27729691988));
#2242 = CARTESIAN_POINT('',(0.812318693911,372.95190875825));
#2243 = CARTESIAN_POINT('',(0.810407182171,373.62652057018));
#2244 = CARTESIAN_POINT('',(0.808469447977,374.3011323863));
#2245 = CARTESIAN_POINT('',(0.806504919272,374.97574422506));
#2246 = CARTESIAN_POINT('',(0.804513005348,375.65035606807));
#2247 = CARTESIAN_POINT('',(0.802493087672,376.32496788455));
#2248 = CARTESIAN_POINT('',(0.797154205369,378.08309459225));
#2249 = CARTESIAN_POINT('',(0.793793225889,379.16553393266));
#2250 = CARTESIAN_POINT('',(0.79035924622,380.24684972483));
#2251 = CARTESIAN_POINT('',(0.786849825303,381.32699007722));
#2252 = CARTESIAN_POINT('',(0.783262383528,382.40589899141));
#2253 = CARTESIAN_POINT('',(0.779594187859,383.48351614544));
#2254 = CARTESIAN_POINT('',(0.77584233696,384.55977667703));
#2255 = CARTESIAN_POINT('',(0.768128758049,386.71963686734));
#2256 = CARTESIAN_POINT('',(0.764165383621,387.80320835133));
#2257 = CARTESIAN_POINT('',(0.760110446715,388.88525407299));
#2258 = CARTESIAN_POINT('',(0.755960489405,389.96569691594));
#2259 = CARTESIAN_POINT('',(0.751711891628,391.04445251175));
#2260 = CARTESIAN_POINT('',(0.747360811467,392.12142922801));
#2261 = CARTESIAN_POINT('',(0.742903100753,393.19652819995));
#2262 = CARTESIAN_POINT('',(0.733704778873,395.35704154573));
#2263 = CARTESIAN_POINT('',(0.728961204883,396.44240057527));
#2264 = CARTESIAN_POINT('',(0.724098965819,397.5256089042));
#2265 = CARTESIAN_POINT('',(0.719113398157,398.60654307815));
#2266 = CARTESIAN_POINT('',(0.713998808328,399.68507094096));
#2267 = CARTESIAN_POINT('',(0.708749804296,400.76104432823));
#2268 = CARTESIAN_POINT('',(0.703360129764,401.83430345833));
#2269 = CARTESIAN_POINT('',(0.695017116424,403.44713360698));
#2270 = CARTESIAN_POINT('',(0.692173198335,403.98885187263));
#2271 = CARTESIAN_POINT('',(0.689290606274,404.52980442572));
#2272 = CARTESIAN_POINT('',(0.686368449796,405.06996703419));
#2273 = CARTESIAN_POINT('',(0.683405802116,405.60931415675));
#2274 = CARTESIAN_POINT('',(0.680401700112,406.14781894286));
#2275 = CARTESIAN_POINT('',(0.677355144325,406.68545323274));
#2276 = CARTESIAN_POINT('',(0.670769659985,407.82933789177));
#2277 = CARTESIAN_POINT('',(0.667211931322,408.43648874746));
#2278 = CARTESIAN_POINT('',(0.66358973525,409.04363933232));
#2279 = CARTESIAN_POINT('',(0.659900754748,409.65078960556));
#2280 = CARTESIAN_POINT('',(0.656142514964,410.25793989402));
#2281 = CARTESIAN_POINT('',(0.65231236469,410.86509050831));
#2282 = CARTESIAN_POINT('',(0.648407457832,411.47224135907));
#2283 = CARTESIAN_POINT('',(0.639114446881,412.8889237786));
#2284 = CARTESIAN_POINT('',(0.633665783169,413.69846074905));
#2285 = CARTESIAN_POINT('',(0.628071486298,414.50799530821));
#2286 = CARTESIAN_POINT('',(0.622323679652,415.31752737764));
#2287 = CARTESIAN_POINT('',(0.616413325993,416.12705841502));
#2288 = CARTESIAN_POINT('',(0.610330890092,416.93659379412));
#2289 = CARTESIAN_POINT('',(0.604065153459,417.74613159839));
#2290 = CARTESIAN_POINT('',(0.592757594983,419.16281170968));
#2291 = CARTESIAN_POINT('',(0.587801346876,419.76996410498));
#2292 = CARTESIAN_POINT('',(0.582729676018,420.37711478702));
#2293 = CARTESIAN_POINT('',(0.577536826272,420.98426353258));
#2294 = CARTESIAN_POINT('',(0.572216464937,421.5914124325));
#2295 = CARTESIAN_POINT('',(0.566761587106,422.19856345099));
#2296 = CARTESIAN_POINT('',(0.561164420023,422.80571598494));
#2297 = CARTESIAN_POINT('',(0.550873196171,423.89273753172));
#2298 = CARTESIAN_POINT('',(0.546254731256,424.37060480741));
#2299 = CARTESIAN_POINT('',(0.541558804675,424.84638493908));
#2300 = CARTESIAN_POINT('',(0.536783184258,425.31999024286));
#2301 = CARTESIAN_POINT('',(0.531925533684,425.79132666227));
#2302 = CARTESIAN_POINT('',(0.526983412481,426.26029376815));
#2303 = CARTESIAN_POINT('',(0.521954276028,426.72678475873));
#2304 = CARTESIAN_POINT('',(0.508971282465,427.90339494769));
#2305 = CARTESIAN_POINT('',(0.500895523665,428.60998188052));
#2306 = CARTESIAN_POINT('',(0.492598434408,429.31004299734));
#2307 = CARTESIAN_POINT('',(0.484069707984,430.00312148928));
#2308 = CARTESIAN_POINT('',(0.475298444208,430.68870607667));
#2309 = CARTESIAN_POINT('',(0.466273076396,431.36622817368));
#2310 = CARTESIAN_POINT('',(0.456981276818,432.0350581404));
#2311 = CARTESIAN_POINT('',(0.437865586115,433.35207037166));
#2312 = CARTESIAN_POINT('',(0.428320734174,433.98119004441));
#2313 = CARTESIAN_POINT('',(0.41877536119,434.58316249423));
#2314 = CARTESIAN_POINT('',(0.40922931908,435.15919507033));
#2315 = CARTESIAN_POINT('',(0.399682415634,435.71040557543));
#2316 = CARTESIAN_POINT('',(0.390134413144,436.23782453615));
#2317 = CARTESIAN_POINT('',(0.380585070177,436.74239869873));
#2318 = CARTESIAN_POINT('',(0.355867758638,437.99138824937));
#2319 = CARTESIAN_POINT('',(0.340089951769,438.73308194595));
#2320 = CARTESIAN_POINT('',(0.32366467435,439.4476228241));
#2321 = CARTESIAN_POINT('',(0.306557117204,440.13205818305));
#2322 = CARTESIAN_POINT('',(0.288735053543,440.78298012998));
#2323 = CARTESIAN_POINT('',(0.270170241316,441.39657331446));
#2324 = CARTESIAN_POINT('',(0.250840642104,441.96869936867));
#2325 = CARTESIAN_POINT('',(0.205792358917,443.1479556196));
#2326 = CARTESIAN_POINT('',(0.179638209403,443.73086317408));
#2327 = CARTESIAN_POINT('',(0.152272760361,444.2346418128));
#2328 = CARTESIAN_POINT('',(0.123727687097,444.65016070876));
#2329 = CARTESIAN_POINT('',(9.407392696397E-02,444.96893799257));
#2330 = CARTESIAN_POINT('',(6.343338764952E-02,445.18410868888));
#2331 = CARTESIAN_POINT('',(3.199041983631E-02,445.29162761748));
#2332 = CARTESIAN_POINT('',(0.,445.29162761748));
#2333 = ( GEOMETRIC_REPRESENTATION_CONTEXT(2) 
PARAMETRIC_REPRESENTATION_CONTEXT() REPRESENTATION_CONTEXT('2D SPACE',''
  ) );
#2334 = PCURVE('',#2335,#2340);
#2335 = PLANE('',#2336);
#2336 = AXIS2_PLACEMENT_3D('',#2337,#2338,#2339);
#2337 = CARTESIAN_POINT('',(-10.,-300.,-50.5));
#2338 = DIRECTION('',(0.,0.,1.));
#2339 = DIRECTION('',(1.,0.,0.));
#2340 = DEFINITIONAL_REPRESENTATION('',(#2341),#2701);
#2341 = B_SPLINE_CURVE_WITH_KNOTS('',8,(#2342,#2343,#2344,#2345,#2346,
    #2347,#2348,#2349,#2350,#2351,#2352,#2353,#2354,#2355,#2356,#2357,
    #2358,#2359,#2360,#2361,#2362,#2363,#2364,#2365,#2366,#2367,#2368,
    #2369,#2370,#2371,#2372,#2373,#2374,#2375,#2376,#2377,#2378,#2379,
    #2380,#2381,#2382,#2383,#2384,#2385,#2386,#2387,#2388,#2389,#2390,
    #2391,#2392,#2393,#2394,#2395,#2396,#2397,#2398,#2399,#2400,#2401,
    #2402,#2403,#2404,#2405,#2406,#2407,#2408,#2409,#2410,#2411,#2412,
    #2413,#2414,#2415,#2416,#2417,#2418,#2419,#2420,#2421,#2422,#2423,
    #2424,#2425,#2426,#2427,#2428,#2429,#2430,#2431,#2432,#2433,#2434,
    #2435,#2436,#2437,#2438,#2439,#2440,#2441,#2442,#2443,#2444,#2445,
    #2446,#2447,#2448,#2449,#2450,#2451,#2452,#2453,#2454,#2455,#2456,
    #2457,#2458,#2459,#2460,#2461,#2462,#2463,#2464,#2465,#2466,#2467,
    #2468,#2469,#2470,#2471,#2472,#2473,#2474,#2475,#2476,#2477,#2478,
    #2479,#2480,#2481,#2482,#2483,#2484,#2485,#2486,#2487,#2488,#2489,
    #2490,#2491,#2492,#2493,#2494,#2495,#2496,#2497,#2498,#2499,#2500,
    #2501,#2502,#2503,#2504,#2505,#2506,#2507,#2508,#2509,#2510,#2511,
    #2512,#2513,#2514,#2515,#2516,#2517,#2518,#2519,#2520,#2521,#2522,
    #2523,#2524,#2525,#2526,#2527,#2528,#2529,#2530,#2531,#2532,#2533,
    #2534,#2535,#2536,#2537,#2538,#2539,#2540,#2541,#2542,#2543,#2544,
    #2545,#2546,#2547,#2548,#2549,#2550,#2551,#2552,#2553,#2554,#2555,
    #2556,#2557,#2558,#2559,#2560,#2561,#2562,#2563,#2564,#2565,#2566,
    #2567,#2568,#2569,#2570,#2571,#2572,#2573,#2574,#2575,#2576,#2577,
    #2578,#2579,#2580,#2581,#2582,#2583,#2584,#2585,#2586,#2587,#2588,
    #2589,#2590,#2591,#2592,#2593,#2594,#2595,#2596,#2597,#2598,#2599,
    #2600,#2601,#2602,#2603,#2604,#2605,#2606,#2607,#2608,#2609,#2610,
    #2611,#2612,#2613,#2614,#2615,#2616,#2617,#2618,#2619,#2620,#2621,
    #2622,#2623,#2624,#2625,#2626,#2627,#2628,#2629,#2630,#2631,#2632,
    #2633,#2634,#2635,#2636,#2637,#2638,#2639,#2640,#2641,#2642,#2643,
    #2644,#2645,#2646,#2647,#2648,#2649,#2650,#2651,#2652,#2653,#2654,
    #2655,#2656,#2657,#2658,#2659,#2660,#2661,#2662,#2663,#2664,#2665,
    #2666,#2667,#2668,#2669,#2670,#2671,#2672,#2673,#2674,#2675,#2676,
    #2677,#2678,#2679,#2680,#2681,#2682,#2683,#2684,#2685,#2686,#2687,
    #2688,#2689,#2690,#2691,#2692,#2693,#2694,#2695,#2696,#2697,#2698,
    #2699,#2700),.UNSPECIFIED.,.F.,.F.,(9,7,7,7,7,7,7,7,7,7,7,7,7,7,7,7,
    7,7,7,7,7,7,7,7,7,7,7,7,7,7,7,7,7,7,7,7,7,7,7,7,7,7,7,7,7,7,7,7,7,7,
    7,9),(0.,3.909354386749E-02,6.969289768022E-02,8.171544313979E-02,
    0.102496747407,0.123415593515,0.141959639515,0.155992804324,
    0.176814232284,0.197280678921,0.217500130775,0.232255929977,
    0.256311996198,0.268300164885,0.280288333582,0.298908615157,
    0.316156333861,0.332061390222,0.34664102334,0.361220660137,
    0.374474873541,0.399645543152,0.422151049906,0.442001678815,
    0.459202983459,0.4721933796,0.498659172372,0.518514087281,
    0.533076845754,0.555589699781,0.579444631461,0.609960779304,
    0.6365376277,0.659166215567,0.679168692105,0.696537192883,
    0.728703667798,0.752940627961,0.770523718195,0.784079022998,
    0.805850616836,0.827828649574,0.850099264028,0.861385969799,
    0.87415341706,0.891176650352,0.903944094141,0.914035123866,
    0.92953832751,0.944997504035,0.969547178168,1.),.UNSPECIFIED.);
#2342 = CARTESIAN_POINT('',(49.109353124344,300.));
#2343 = CARTESIAN_POINT('',(49.109353124344,302.55017155181));
#2344 = CARTESIAN_POINT('',(49.204263750403,305.10110076234));
#2345 = CARTESIAN_POINT('',(49.394184616948,307.63806946546));
#2346 = CARTESIAN_POINT('',(49.676612027933,310.14900502849));
#2347 = CARTESIAN_POINT('',(50.047312970631,312.6241320941));
#2348 = CARTESIAN_POINT('',(50.500965243944,315.05565725248));
#2349 = CARTESIAN_POINT('',(51.031632072562,317.43751282869));
#2350 = CARTESIAN_POINT('',(52.103952346198,321.58710557569));
#2351 = CARTESIAN_POINT('',(52.618361461041,323.37658881958));
#2352 = CARTESIAN_POINT('',(53.173710888053,325.13237152331));
#2353 = CARTESIAN_POINT('',(53.767391663975,326.85374612007));
#2354 = CARTESIAN_POINT('',(54.396926698315,328.54044543648));
#2355 = CARTESIAN_POINT('',(55.060028748972,330.19257263367));
#2356 = CARTESIAN_POINT('',(55.754645666396,331.81055762403));
#2357 = CARTESIAN_POINT('',(56.763610001343,334.017698021));
#2358 = CARTESIAN_POINT('',(57.05794306814,334.64635715461));
#2359 = CARTESIAN_POINT('',(57.36239318015,335.28126085033));
#2360 = CARTESIAN_POINT('',(57.677375521322,335.92258440563));
#2361 = CARTESIAN_POINT('',(58.003335743631,336.5705130414));
#2362 = CARTESIAN_POINT('',(58.340752210462,337.22523969731));
#2363 = CARTESIAN_POINT('',(58.690138239988,337.88696282702));
#2364 = CARTESIAN_POINT('',(59.677609124606,339.71213338359));
#2365 = CARTESIAN_POINT('',(60.318552950749,340.84917287815));
#2366 = CARTESIAN_POINT('',(60.974187943812,341.9673825126));
#2367 = CARTESIAN_POINT('',(61.64387067167,343.06713273034));
#2368 = CARTESIAN_POINT('',(62.327002230846,344.14878792762));
#2369 = CARTESIAN_POINT('',(63.023028324123,345.21270979849));
#2370 = CARTESIAN_POINT('',(63.731439338157,346.25926067966));
#2371 = CARTESIAN_POINT('',(65.176869042293,348.32516720125));
#2372 = CARTESIAN_POINT('',(65.914032030636,349.34427860251));
#2373 = CARTESIAN_POINT('',(66.662779073391,350.34651397324));
#2374 = CARTESIAN_POINT('',(67.42265750961,351.33222567591));
#2375 = CARTESIAN_POINT('',(68.193242018405,352.30174906054));
#2376 = CARTESIAN_POINT('',(68.974134307221,353.25540596384));
#2377 = CARTESIAN_POINT('',(69.764962800123,354.19350820837));
#2378 = CARTESIAN_POINT('',(71.274934680531,355.93444764517));
#2379 = CARTESIAN_POINT('',(71.99201859081,356.74054427127));
#2380 = CARTESIAN_POINT('',(72.716390539651,357.53485738869));
#2381 = CARTESIAN_POINT('',(73.44782020978,358.31759612817));
#2382 = CARTESIAN_POINT('',(74.186086445563,359.08895403054));
#2383 = CARTESIAN_POINT('',(74.930977913925,359.84911506559));
#2384 = CARTESIAN_POINT('',(75.682294547592,360.5982627119));
#2385 = CARTESIAN_POINT('',(77.013121088744,361.89528382311));
#2386 = CARTESIAN_POINT('',(77.588175399646,362.44604358323));
#2387 = CARTESIAN_POINT('',(78.164978667012,362.98908336096));
#2388 = CARTESIAN_POINT('',(78.743501043354,363.52461753443));
#2389 = CARTESIAN_POINT('',(79.323714751319,364.05284684602));
#2390 = CARTESIAN_POINT('',(79.905594365239,364.57396102638));
#2391 = CARTESIAN_POINT('',(80.48911557602,365.0881388041));
#2392 = CARTESIAN_POINT('',(81.942437571742,366.34839955486));
#2393 = CARTESIAN_POINT('',(82.817220007619,367.08898386812));
#2394 = CARTESIAN_POINT('',(83.69838201051,367.81750336629));
#2395 = CARTESIAN_POINT('',(84.58571674538,368.53415545924));
#2396 = CARTESIAN_POINT('',(85.479023289193,369.23912816116));
#2397 = CARTESIAN_POINT('',(86.378105980054,369.93260089743));
#2398 = CARTESIAN_POINT('',(87.282778104906,370.61474779855));
#2399 = CARTESIAN_POINT('',(89.087445731287,371.94529946127));
#2400 = CARTESIAN_POINT('',(89.987255831851,372.59407963166));
#2401 = CARTESIAN_POINT('',(90.892134448322,373.23224732799));
#2402 = CARTESIAN_POINT('',(91.801921829557,373.85995968099));
#2403 = CARTESIAN_POINT('',(92.716462859793,374.47736826958));
#2404 = CARTESIAN_POINT('',(93.635606751325,375.08461977191));
#2405 = CARTESIAN_POINT('',(94.559207822531,375.68185661414));
#2406 = CARTESIAN_POINT('',(96.403848508287,376.84949018348));
#2407 = CARTESIAN_POINT('',(97.324784390513,377.4201233635));
#2408 = CARTESIAN_POINT('',(98.249804617449,377.981251374));
#2409 = CARTESIAN_POINT('',(99.178782298572,378.53300428695));
#2410 = CARTESIAN_POINT('',(100.1115940587,379.07550839872));
#2411 = CARTESIAN_POINT('',(101.04812005342,379.60888659947));
#2412 = CARTESIAN_POINT('',(101.98824398447,380.13325874254));
#2413 = CARTESIAN_POINT('',(103.62048240926,381.02493260985));
#2414 = CARTESIAN_POINT('',(104.31033772254,381.39604487347));
#2415 = CARTESIAN_POINT('',(105.00139323168,381.76215321566));
#2416 = CARTESIAN_POINT('',(105.69362680675,382.12332847651));
#2417 = CARTESIAN_POINT('',(106.38701680623,382.47963874951));
#2418 = CARTESIAN_POINT('',(107.08154064296,382.83114984134));
#2419 = CARTESIAN_POINT('',(107.77717512096,383.17792536741));
#2420 = CARTESIAN_POINT('',(109.60975194916,384.07774667038));
#2421 = CARTESIAN_POINT('',(110.74984907966,384.62370537337));
#2422 = CARTESIAN_POINT('',(111.89402181844,385.15808185118));
#2423 = CARTESIAN_POINT('',(113.04213953403,385.68103602018));
#2424 = CARTESIAN_POINT('',(114.19399108939,386.19276060723));
#2425 = CARTESIAN_POINT('',(115.34949873757,386.69338623811));
#2426 = CARTESIAN_POINT('',(116.50849534388,387.18308316711));
#2427 = CARTESIAN_POINT('',(118.25011406088,387.90066439829));
#2428 = CARTESIAN_POINT('',(118.82996173853,388.13655161437));
#2429 = CARTESIAN_POINT('',(119.41039115798,388.36968702966));
#2430 = CARTESIAN_POINT('',(119.99139181886,388.60009574272));
#2431 = CARTESIAN_POINT('',(120.57295322125,388.82780231374));
#2432 = CARTESIAN_POINT('',(121.15506486576,389.05283076452));
#2433 = CARTESIAN_POINT('',(121.73771625346,389.27520457848));
#2434 = CARTESIAN_POINT('',(122.90407751884,389.71468882299));
#2435 = CARTESIAN_POINT('',(123.48778731086,389.93179933019));
#2436 = CARTESIAN_POINT('',(124.07201736505,390.14630075061));
#2437 = CARTESIAN_POINT('',(124.65675878529,390.35821518041));
#2438 = CARTESIAN_POINT('',(125.24200267634,390.56756428357));
#2439 = CARTESIAN_POINT('',(125.82774014379,390.77436929191));
#2440 = CARTESIAN_POINT('',(126.4139622941,390.97865100503));
#2441 = CARTESIAN_POINT('',(127.91193209994,391.49383694155));
#2442 = CARTESIAN_POINT('',(128.82477636908,391.80135135193));
#2443 = CARTESIAN_POINT('',(129.73914174078,392.10303554251));
#2444 = CARTESIAN_POINT('',(130.65498399376,392.3989450238));
#2445 = CARTESIAN_POINT('',(131.57225264726,392.68914146329));
#2446 = CARTESIAN_POINT('',(132.49089835902,392.97368543305));
#2447 = CARTESIAN_POINT('',(133.41088116333,393.25262846233));
#2448 = CARTESIAN_POINT('',(135.18552763921,393.77926687404));
#2449 = CARTESIAN_POINT('',(136.04000707561,394.02775005279));
#2450 = CARTESIAN_POINT('',(136.89556483046,394.27151617289));
#2451 = CARTESIAN_POINT('',(137.75216832595,394.51060727627));
#2452 = CARTESIAN_POINT('',(138.60978553688,394.7450649298));
#2453 = CARTESIAN_POINT('',(139.46838499062,394.97493022531));
#2454 = CARTESIAN_POINT('',(140.32793576714,395.20024377957));
#2455 = CARTESIAN_POINT('',(141.98189512629,395.62465918575));
#2456 = CARTESIAN_POINT('',(142.77597169142,395.82438628129));
#2457 = CARTESIAN_POINT('',(143.57061967598,396.02026454012));
#2458 = CARTESIAN_POINT('',(144.36582444517,396.21232749157));
#2459 = CARTESIAN_POINT('',(145.16157169718,396.40060772374));
#2460 = CARTESIAN_POINT('',(145.95784634516,396.5851382371));
#2461 = CARTESIAN_POINT('',(146.75463283169,396.76595210315));
#2462 = CARTESIAN_POINT('',(148.2827604887,397.10544803803));
#2463 = CARTESIAN_POINT('',(149.01402212297,397.26471877201));
#2464 = CARTESIAN_POINT('',(149.74568983888,397.42091756027));
#2465 = CARTESIAN_POINT('',(150.47775249191,397.57406782879));
#2466 = CARTESIAN_POINT('',(151.21019863901,397.72419315353));
#2467 = CARTESIAN_POINT('',(151.94301634622,397.87131756582));
#2468 = CARTESIAN_POINT('',(152.67619389757,398.01546450842));
#2469 = CARTESIAN_POINT('',(154.14324909843,398.29784441232));
#2470 = CARTESIAN_POINT('',(154.8771272613,398.43607751917));
#2471 = CARTESIAN_POINT('',(155.61134619485,398.5713750031));
#2472 = CARTESIAN_POINT('',(156.34589620005,398.70375782285));
#2473 = CARTESIAN_POINT('',(157.08076757806,398.83324665586));
#2474 = CARTESIAN_POINT('',(157.81595063024,398.95986189831));
#2475 = CARTESIAN_POINT('',(158.55143565815,399.08362366511));
#2476 = CARTESIAN_POINT('',(159.95610132891,399.31448643332));
#2477 = CARTESIAN_POINT('',(160.62523138223,399.42207939632));
#2478 = CARTESIAN_POINT('',(161.29459582866,399.52734516424));
#2479 = CARTESIAN_POINT('',(161.96418715551,399.63029868013));
#2480 = CARTESIAN_POINT('',(162.63399789002,399.73095488552));
#2481 = CARTESIAN_POINT('',(163.30402085695,399.82932826132));
#2482 = CARTESIAN_POINT('',(163.97424943633,399.92543236853));
#2483 = CARTESIAN_POINT('',(165.91786777643,400.19750138378));
#2484 = CARTESIAN_POINT('',(167.19198432095,400.36761335703));
#2485 = CARTESIAN_POINT('',(168.46697138747,400.52969549218));
#2486 = CARTESIAN_POINT('',(169.74277110053,400.68383365447));
#2487 = CARTESIAN_POINT('',(171.01933060677,400.8301037852));
#2488 = CARTESIAN_POINT('',(172.29659689457,400.96858362874));
#2489 = CARTESIAN_POINT('',(173.5745136609,401.09935991391));
#2490 = CARTESIAN_POINT('',(175.99618045078,401.33259987779));
#2491 = CARTESIAN_POINT('',(177.13980935106,401.4365951967));
#2492 = CARTESIAN_POINT('',(178.28388674259,401.53453465666));
#2493 = CARTESIAN_POINT('',(179.42837894243,401.62646731162));
#2494 = CARTESIAN_POINT('',(180.5732528262,401.71244168042));
#2495 = CARTESIAN_POINT('',(181.71847582807,401.79250574677));
#2496 = CARTESIAN_POINT('',(182.86401594077,401.86670695929));
#2497 = CARTESIAN_POINT('',(185.0204993515,401.99541038716));
#2498 = CARTESIAN_POINT('',(186.03137898856,402.05120444633));
#2499 = CARTESIAN_POINT('',(187.04245966612,402.10250483479));
#2500 = CARTESIAN_POINT('',(188.05372163783,402.14933918454));
#2501 = CARTESIAN_POINT('',(189.0651454692,402.19173471671));
#2502 = CARTESIAN_POINT('',(190.07671166187,402.22971924179));
#2503 = CARTESIAN_POINT('',(191.08840080436,402.26332077702));
#2504 = CARTESIAN_POINT('',(192.97695071741,402.31790765912));
#2505 = CARTESIAN_POINT('',(193.85378531258,402.3399787481));
#2506 = CARTESIAN_POINT('',(194.73068622028,402.35879506688));
#2507 = CARTESIAN_POINT('',(195.60764067607,402.37437622978));
#2508 = CARTESIAN_POINT('',(196.48463646645,402.3867401682));
#2509 = CARTESIAN_POINT('',(197.36166244991,402.39590132172));
#2510 = CARTESIAN_POINT('',(198.23870809863,402.40187229836));
#2511 = CARTESIAN_POINT('',(199.77811172788,402.40678107138));
#2512 = CARTESIAN_POINT('',(200.44046611631,402.40708261701));
#2513 = CARTESIAN_POINT('',(201.10282051991,402.4055799086));
#2514 = CARTESIAN_POINT('',(201.76517025384,402.40227916813));
#2515 = CARTESIAN_POINT('',(202.42751065451,402.39718657177));
#2516 = CARTESIAN_POINT('',(203.08983707965,402.39030824997));
#2517 = CARTESIAN_POINT('',(203.75214490827,402.3816502874));
#2518 = CARTESIAN_POINT('',(205.76372540869,402.34996612837));
#2519 = CARTESIAN_POINT('',(207.11292515321,402.32135126865));
#2520 = CARTESIAN_POINT('',(208.46199021264,402.28542651799));
#2521 = CARTESIAN_POINT('',(209.81088030599,402.24224993391));
#2522 = CARTESIAN_POINT('',(211.15956649744,402.19183265206));
#2523 = CARTESIAN_POINT('',(212.50800703904,402.13424275306));
#2524 = CARTESIAN_POINT('',(213.85617041053,402.06950536675));
#2525 = CARTESIAN_POINT('',(216.21519247567,401.94376862418));
#2526 = CARTESIAN_POINT('',(217.22618792254,401.88587472923));
#2527 = CARTESIAN_POINT('',(218.23699301327,401.82399715168));
#2528 = CARTESIAN_POINT('',(219.2475923256,401.75815858179));
#2529 = CARTESIAN_POINT('',(220.25797229606,401.68836907697));
#2530 = CARTESIAN_POINT('',(221.26811974335,401.61463659556));
#2531 = CARTESIAN_POINT('',(222.27802019817,401.53697871581));
#2532 = CARTESIAN_POINT('',(224.0281896456,401.39557451463));
#2533 = CARTESIAN_POINT('',(224.76860881558,401.33363513403));
#2534 = CARTESIAN_POINT('',(225.50891370322,401.26959151069));
#2535 = CARTESIAN_POINT('',(226.24910013794,401.2034479449));
#2536 = CARTESIAN_POINT('',(226.98916394915,401.13520864996));
#2537 = CARTESIAN_POINT('',(227.72910096626,401.06487775208));
#2538 = CARTESIAN_POINT('',(228.46890701868,400.99245929045));
#2539 = CARTESIAN_POINT('',(230.35204971808,400.80278300058));
#2540 = CARTESIAN_POINT('',(231.49510994516,400.68263842759));
#2541 = CARTESIAN_POINT('',(232.63773942151,400.5575353369));
#2542 = CARTESIAN_POINT('',(233.77991901666,400.42748513487));
#2543 = CARTESIAN_POINT('',(234.92162966526,400.29249879565));
#2544 = CARTESIAN_POINT('',(236.06285236703,400.15258686112));
#2545 = CARTESIAN_POINT('',(237.20356818682,400.0077594409));
#2546 = CARTESIAN_POINT('',(239.55191942921,399.69936681129));
#2547 = CARTESIAN_POINT('',(240.75949024078,399.5351990143));
#2548 = CARTESIAN_POINT('',(241.96644842279,399.36553443831));
#2549 = CARTESIAN_POINT('',(243.1727712665,399.1903912227));
#2550 = CARTESIAN_POINT('',(244.37843661839,399.00975216845));
#2551 = CARTESIAN_POINT('',(245.58342180349,398.82364125622));
#2552 = CARTESIAN_POINT('',(246.78770456488,398.63205181431));
#2553 = CARTESIAN_POINT('',(249.53089991921,398.18290161174));
#2554 = CARTESIAN_POINT('',(251.06935107592,397.92185916849));
#2555 = CARTESIAN_POINT('',(252.60656802359,397.65185571613));
#2556 = CARTESIAN_POINT('',(254.14250707886,397.37294281144));
#2557 = CARTESIAN_POINT('',(255.67711486394,397.08504789447));
#2558 = CARTESIAN_POINT('',(257.21034643689,396.78820376132));
#2559 = CARTESIAN_POINT('',(258.74215140284,396.48238028512));
#2560 = CARTESIAN_POINT('',(261.6052621155,395.89339467402));
#2561 = CARTESIAN_POINT('',(262.93692387046,395.6124032518));
#2562 = CARTESIAN_POINT('',(264.26743366405,395.32458100489));
#2563 = CARTESIAN_POINT('',(265.59676109025,395.0299370753));
#2564 = CARTESIAN_POINT('',(266.92486656113,394.72841215834));
#2565 = CARTESIAN_POINT('',(268.25171981953,394.42001831136));
#2566 = CARTESIAN_POINT('',(269.57728371518,394.10471675603));
#2567 = CARTESIAN_POINT('',(272.02903400422,393.50813117191));
#2568 = CARTESIAN_POINT('',(273.15558447405,393.22875217247));
#2569 = CARTESIAN_POINT('',(274.28115248057,392.94433406632));
#2570 = CARTESIAN_POINT('',(275.40571773765,392.65487054737));
#2571 = CARTESIAN_POINT('',(276.52925594612,392.36033670339));
#2572 = CARTESIAN_POINT('',(277.65174194979,392.06070397992));
#2573 = CARTESIAN_POINT('',(278.77315321336,391.75595689016));
#2574 = CARTESIAN_POINT('',(280.8837607798,391.17214290116));
#2575 = CARTESIAN_POINT('',(281.87319738637,390.89420021591));
#2576 = CARTESIAN_POINT('',(282.86175829744,390.61222593669));
#2577 = CARTESIAN_POINT('',(283.84942482151,390.3261974619));
#2578 = CARTESIAN_POINT('',(284.83618090148,390.03610163355));
#2579 = CARTESIAN_POINT('',(285.82200967009,389.74192279514));
#2580 = CARTESIAN_POINT('',(286.80689033636,389.44363188653));
#2581 = CARTESIAN_POINT('',(288.64515410174,388.87860696911));
#2582 = CARTESIAN_POINT('',(289.49877491387,388.61288970982));
#2583 = CARTESIAN_POINT('',(290.35165418484,388.34404029289));
#2584 = CARTESIAN_POINT('',(291.20377911121,388.07204285291));
#2585 = CARTESIAN_POINT('',(292.0551366757,387.79688101426));
#2586 = CARTESIAN_POINT('',(292.90571364719,387.51853789114));
#2587 = CARTESIAN_POINT('',(293.75549658074,387.23699608756));
#2588 = CARTESIAN_POINT('',(296.17677451695,386.42486497048));
#2589 = CARTESIAN_POINT('',(297.74630607167,385.88645863227));
#2590 = CARTESIAN_POINT('',(299.31298488531,385.33691753678));
#2591 = CARTESIAN_POINT('',(300.87670058068,384.77606343316));
#2592 = CARTESIAN_POINT('',(302.43737292315,384.20380290625));
#2593 = CARTESIAN_POINT('',(303.9948828223,383.61994084003));
#2594 = CARTESIAN_POINT('',(305.5491355368,383.02434650682));
#2595 = CARTESIAN_POINT('',(308.26857950406,381.9590839729));
#2596 = CARTESIAN_POINT('',(309.43522825447,381.49456680812));
#2597 = CARTESIAN_POINT('',(310.59991106031,381.02320347331));
#2598 = CARTESIAN_POINT('',(311.76257597525,380.54491087952));
#2599 = CARTESIAN_POINT('',(312.92316918871,380.05960242095));
#2600 = CARTESIAN_POINT('',(314.08163496953,379.56718759886));
#2601 = CARTESIAN_POINT('',(315.23791560968,379.06757164538));
#2602 = CARTESIAN_POINT('',(317.22916505867,378.19290446967));
#2603 = CARTESIAN_POINT('',(318.06519736823,377.82131204978));
#2604 = CARTESIAN_POINT('',(318.90002469521,377.44583836668));
#2605 = CARTESIAN_POINT('',(319.73362188781,377.06644086571));
#2606 = CARTESIAN_POINT('',(320.56596300269,376.68307555131));
#2607 = CARTESIAN_POINT('',(321.39702161256,376.29569758438));
#2608 = CARTESIAN_POINT('',(322.22677066255,375.90426088396));
#2609 = CARTESIAN_POINT('',(323.69382766205,375.20378048787));
#2610 = CARTESIAN_POINT('',(324.33201032953,374.89624451323));
#2611 = CARTESIAN_POINT('',(324.96972520097,374.58607811601));
#2612 = CARTESIAN_POINT('',(325.60696712682,374.27324856458));
#2613 = CARTESIAN_POINT('',(326.24373126184,373.95772249201));
#2614 = CARTESIAN_POINT('',(326.88001311995,373.63946596027));
#2615 = CARTESIAN_POINT('',(327.51580790702,373.3184431857));
#2616 = CARTESIAN_POINT('',(329.17148605603,372.47450174689));
#2617 = CARTESIAN_POINT('',(330.1895772559,371.94766676334));
#2618 = CARTESIAN_POINT('',(331.20531812108,371.41399573286));
#2619 = CARTESIAN_POINT('',(332.2186408766,370.87337074353));
#2620 = CARTESIAN_POINT('',(333.22947444971,370.32566854243));
#2621 = CARTESIAN_POINT('',(334.2377443371,369.77075986413));
#2622 = CARTESIAN_POINT('',(335.24337247202,369.20850875921));
#2623 = CARTESIAN_POINT('',(337.25869128232,368.06363282472));
#2624 = CARTESIAN_POINT('',(338.26832947819,367.48086637145));
#2625 = CARTESIAN_POINT('',(339.27510768125,366.89032473504));
#2626 = CARTESIAN_POINT('',(340.27892878312,366.29183958781));
#2627 = CARTESIAN_POINT('',(341.2796945672,365.68524194264));
#2628 = CARTESIAN_POINT('',(342.27730229946,365.07035562909));
#2629 = CARTESIAN_POINT('',(343.27163946129,364.44698756288));
#2630 = CARTESIAN_POINT('',(345.26673288812,363.17447423382));
#2631 = CARTESIAN_POINT('',(346.26739678508,362.5250980586));
#2632 = CARTESIAN_POINT('',(347.26445630021,361.86659132767));
#2633 = CARTESIAN_POINT('',(348.25780258583,361.19876513726));
#2634 = CARTESIAN_POINT('',(349.24725459435,360.52132403388));
#2635 = CARTESIAN_POINT('',(350.23268410802,359.83405149505));
#2636 = CARTESIAN_POINT('',(351.21391236512,359.13665469862));
#2637 = CARTESIAN_POINT('',(352.68583347687,358.07012994016));
#2638 = CARTESIAN_POINT('',(353.17977678029,357.70873954003));
#2639 = CARTESIAN_POINT('',(353.67257275376,357.34463710691));
#2640 = CARTESIAN_POINT('',(354.16419726033,356.97778349514));
#2641 = CARTESIAN_POINT('',(354.65462510357,356.60813814949));
#2642 = CARTESIAN_POINT('',(355.14383002758,356.23565910517));
#2643 = CARTESIAN_POINT('',(355.63178471701,355.8603029878));
#2644 = CARTESIAN_POINT('',(356.66898557465,355.05411945931));
#2645 = CARTESIAN_POINT('',(357.2189184786,354.6216623764));
#2646 = CARTESIAN_POINT('',(357.76825132102,354.18452704089));
#2647 = CARTESIAN_POINT('',(358.31697659281,353.74257845465));
#2648 = CARTESIAN_POINT('',(358.86508711715,353.29567239944));
#2649 = CARTESIAN_POINT('',(359.41257570299,352.84365449107));
#2650 = CARTESIAN_POINT('',(359.95943479863,352.3863592336));
#2651 = CARTESIAN_POINT('',(361.23395000228,351.30660993731));
#2652 = CARTESIAN_POINT('',(361.96111570436,350.67990905082));
#2653 = CARTESIAN_POINT('',(362.68712667981,350.04308571984));
#2654 = CARTESIAN_POINT('',(363.41197369027,349.39568730559));
#2655 = CARTESIAN_POINT('',(364.13562194499,348.73717699077));
#2656 = CARTESIAN_POINT('',(364.85808415758,348.06701376343));
#2657 = CARTESIAN_POINT('',(365.5793201373,347.38453337829));
#2658 = CARTESIAN_POINT('',(366.83929308436,346.16737829602));
#2659 = CARTESIAN_POINT('',(367.37858377452,345.63840087083));
#2660 = CARTESIAN_POINT('',(367.91716264709,345.10177814079));
#2661 = CARTESIAN_POINT('',(368.45502026422,344.5571738795));
#2662 = CARTESIAN_POINT('',(368.99214923823,344.00421708678));
#2663 = CARTESIAN_POINT('',(369.52854207249,343.44249722984));
#2664 = CARTESIAN_POINT('',(370.06418900237,342.87155948454));
#2665 = CARTESIAN_POINT('',(371.02183539783,341.8319629761));
#2666 = CARTESIAN_POINT('',(371.44235511341,341.3688675807));
#2667 = CARTESIAN_POINT('',(371.86056594962,340.9015299678));
#2668 = CARTESIAN_POINT('',(372.27639373704,340.42986290501));
#2669 = CARTESIAN_POINT('',(372.68975917006,339.95377575008));
#2670 = CARTESIAN_POINT('',(373.10057780694,339.4731744509));
#2671 = CARTESIAN_POINT('',(373.50876006979,338.98796154549));
#2672 = CARTESIAN_POINT('',(374.53712013506,337.74534657565));
#2673 = CARTESIAN_POINT('',(375.15357341677,336.9815417677));
#2674 = CARTESIAN_POINT('',(375.76323238876,336.20624337018));
#2675 = CARTESIAN_POINT('',(376.36571687111,335.41906340607));
#2676 = CARTESIAN_POINT('',(376.96060428703,334.6196019289));
#2677 = CARTESIAN_POINT('',(377.54742796354,333.80744331061));
#2678 = CARTESIAN_POINT('',(378.12567465051,332.98215117791));
#2679 = CARTESIAN_POINT('',(379.26227167603,331.30675515395));
#2680 = CARTESIAN_POINT('',(379.80417657257,330.48104580856));
#2681 = CARTESIAN_POINT('',(380.32176276702,329.6657245799));
#2682 = CARTESIAN_POINT('',(380.816196314,328.86038528155));
#2683 = CARTESIAN_POINT('',(381.28855697303,328.06463979205));
#2684 = CARTESIAN_POINT('',(381.73983500308,327.27811706639));
#2685 = CARTESIAN_POINT('',(382.17093114478,326.50046462138));
#2686 = CARTESIAN_POINT('',(383.23655223754,324.51002491879));
#2687 = CARTESIAN_POINT('',(383.8678405867,323.26130978304));
#2688 = CARTESIAN_POINT('',(384.47458959926,321.98409257553));
#2689 = CARTESIAN_POINT('',(385.05444925031,320.6775021615));
#2690 = CARTESIAN_POINT('',(385.6047140405,319.34096297243));
#2691 = CARTESIAN_POINT('',(386.122365835,317.9742356792));
#2692 = CARTESIAN_POINT('',(386.60414132914,316.57748588842));
#2693 = CARTESIAN_POINT('',(387.59555050235,313.38240602194));
#2694 = CARTESIAN_POINT('',(388.08439709145,311.56708128047));
#2695 = CARTESIAN_POINT('',(388.5059471013,309.70860116776));
#2696 = CARTESIAN_POINT('',(388.85300087993,307.81166900886));
#2697 = CARTESIAN_POINT('',(389.11890534186,305.88271171907));
#2698 = CARTESIAN_POINT('',(389.29827217406,303.93014846837));
#2699 = CARTESIAN_POINT('',(389.38790065305,301.96473697729));
#2700 = CARTESIAN_POINT('',(389.38790065305,300.));
#2701 = ( GEOMETRIC_REPRESENTATION_CONTEXT(2) 
PARAMETRIC_REPRESENTATION_CONTEXT() REPRESENTATION_CONTEXT('2D SPACE',''
  ) );
#2702 = ORIENTED_EDGE('',*,*,#2703,.T.);
#2703 = EDGE_CURVE('',#1608,#2704,#2706,.T.);
#2704 = VERTEX_POINT('',#2705);
#2705 = CARTESIAN_POINT('',(306.09673590719,78.690093236469,-50.5));
#2706 = SURFACE_CURVE('',#2707,(#3067,#3430),.PCURVE_S1.);
#2707 = B_SPLINE_CURVE_WITH_KNOTS('',8,(#2708,#2709,#2710,#2711,#2712,
    #2713,#2714,#2715,#2716,#2717,#2718,#2719,#2720,#2721,#2722,#2723,
    #2724,#2725,#2726,#2727,#2728,#2729,#2730,#2731,#2732,#2733,#2734,
    #2735,#2736,#2737,#2738,#2739,#2740,#2741,#2742,#2743,#2744,#2745,
    #2746,#2747,#2748,#2749,#2750,#2751,#2752,#2753,#2754,#2755,#2756,
    #2757,#2758,#2759,#2760,#2761,#2762,#2763,#2764,#2765,#2766,#2767,
    #2768,#2769,#2770,#2771,#2772,#2773,#2774,#2775,#2776,#2777,#2778,
    #2779,#2780,#2781,#2782,#2783,#2784,#2785,#2786,#2787,#2788,#2789,
    #2790,#2791,#2792,#2793,#2794,#2795,#2796,#2797,#2798,#2799,#2800,
    #2801,#2802,#2803,#2804,#2805,#2806,#2807,#2808,#2809,#2810,#2811,
    #2812,#2813,#2814,#2815,#2816,#2817,#2818,#2819,#2820,#2821,#2822,
    #2823,#2824,#2825,#2826,#2827,#2828,#2829,#2830,#2831,#2832,#2833,
    #2834,#2835,#2836,#2837,#2838,#2839,#2840,#2841,#2842,#2843,#2844,
    #2845,#2846,#2847,#2848,#2849,#2850,#2851,#2852,#2853,#2854,#2855,
    #2856,#2857,#2858,#2859,#2860,#2861,#2862,#2863,#2864,#2865,#2866,
    #2867,#2868,#2869,#2870,#2871,#2872,#2873,#2874,#2875,#2876,#2877,
    #2878,#2879,#2880,#2881,#2882,#2883,#2884,#2885,#2886,#2887,#2888,
    #2889,#2890,#2891,#2892,#2893,#2894,#2895,#2896,#2897,#2898,#2899,
    #2900,#2901,#2902,#2903,#2904,#2905,#2906,#2907,#2908,#2909,#2910,
    #2911,#2912,#2913,#2914,#2915,#2916,#2917,#2918,#2919,#2920,#2921,
    #2922,#2923,#2924,#2925,#2926,#2927,#2928,#2929,#2930,#2931,#2932,
    #2933,#2934,#2935,#2936,#2937,#2938,#2939,#2940,#2941,#2942,#2943,
    #2944,#2945,#2946,#2947,#2948,#2949,#2950,#2951,#2952,#2953,#2954,
    #2955,#2956,#2957,#2958,#2959,#2960,#2961,#2962,#2963,#2964,#2965,
    #2966,#2967,#2968,#2969,#2970,#2971,#2972,#2973,#2974,#2975,#2976,
    #2977,#2978,#2979,#2980,#2981,#2982,#2983,#2984,#2985,#2986,#2987,
    #2988,#2989,#2990,#2991,#2992,#2993,#2994,#2995,#2996,#2997,#2998,
    #2999,#3000,#3001,#3002,#3003,#3004,#3005,#3006,#3007,#3008,#3009,
    #3010,#3011,#3012,#3013,#3014,#3015,#3016,#3017,#3018,#3019,#3020,
    #3021,#3022,#3023,#3024,#3025,#3026,#3027,#3028,#3029,#3030,#3031,
    #3032,#3033,#3034,#3035,#3036,#3037,#3038,#3039,#3040,#3041,#3042,
    #3043,#3044,#3045,#3046,#3047,#3048,#3049,#3050,#3051,#3052,#3053,
    #3054,#3055,#3056,#3057,#3058,#3059,#3060,#3061,#3062,#3063,#3064,
    #3065,#3066),.UNSPECIFIED.,.F.,.F.,(9,7,7,7,7,7,7,7,7,7,7,7,7,7,7,7,
    7,7,7,7,7,7,7,7,7,7,7,7,7,7,7,7,7,7,7,7,7,7,7,7,7,7,7,7,7,7,7,7,7,7,
    7,9),(0.,3.909354386749E-02,6.969289768022E-02,8.171544313979E-02,
    0.102496747407,0.123415593515,0.141959639515,0.155992804324,
    0.176814232284,0.197280678921,0.217500130775,0.232255929977,
    0.256311996198,0.268300164885,0.280288333582,0.298908615157,
    0.316156333861,0.332061390222,0.34664102334,0.361220660137,
    0.374474873541,0.399645543152,0.422151049906,0.442001678815,
    0.459202983459,0.4721933796,0.498659172372,0.518514087281,
    0.533076845754,0.555589699781,0.579444631461,0.609960779304,
    0.6365376277,0.659166215567,0.679168692105,0.696537192883,
    0.728703667798,0.752940627961,0.770523718195,0.784079022998,
    0.805850616836,0.827828649574,0.850099264028,0.861385969799,
    0.87415341706,0.891176650352,0.903944094141,0.914035123866,
    0.92953832751,0.944997504035,0.969547178168,1.),.UNSPECIFIED.);
#2708 = CARTESIAN_POINT('',(39.109353124344,0.,-50.5));
#2709 = CARTESIAN_POINT('',(39.109353124344,2.550171551812,-50.5));
#2710 = CARTESIAN_POINT('',(39.204263750403,5.101100762342,-50.5));
#2711 = CARTESIAN_POINT('',(39.394184616948,7.638069465465,-50.5));
#2712 = CARTESIAN_POINT('',(39.676612027933,10.149005028494,-50.5));
#2713 = CARTESIAN_POINT('',(40.047312970631,12.624132094105,-50.5));
#2714 = CARTESIAN_POINT('',(40.500965243944,15.055657252485,-50.5));
#2715 = CARTESIAN_POINT('',(41.031632072562,17.437512828694,-50.5));
#2716 = CARTESIAN_POINT('',(42.103952346198,21.587105575694,-50.5));
#2717 = CARTESIAN_POINT('',(42.618361461041,23.376588819585,-50.5));
#2718 = CARTESIAN_POINT('',(43.173710888053,25.132371523318,-50.5));
#2719 = CARTESIAN_POINT('',(43.767391663975,26.853746120075,-50.5));
#2720 = CARTESIAN_POINT('',(44.396926698315,28.540445436485,-50.5));
#2721 = CARTESIAN_POINT('',(45.060028748972,30.192572633671,-50.5));
#2722 = CARTESIAN_POINT('',(45.754645666396,31.810557624037,-50.5));
#2723 = CARTESIAN_POINT('',(46.763610001343,34.017698021008,-50.5));
#2724 = CARTESIAN_POINT('',(47.05794306814,34.646357154616,-50.5));
#2725 = CARTESIAN_POINT('',(47.36239318015,35.281260850337,-50.5));
#2726 = CARTESIAN_POINT('',(47.677375521322,35.922584405633,-50.5));
#2727 = CARTESIAN_POINT('',(48.003335743631,36.570513041408,-50.5));
#2728 = CARTESIAN_POINT('',(48.340752210462,37.22523969731,-50.5));
#2729 = CARTESIAN_POINT('',(48.690138239988,37.886962827029,-50.5));
#2730 = CARTESIAN_POINT('',(49.677609124606,39.712133383595,-50.5));
#2731 = CARTESIAN_POINT('',(50.318552950749,40.849172878151,-50.5));
#2732 = CARTESIAN_POINT('',(50.974187943812,41.967382512609,-50.5));
#2733 = CARTESIAN_POINT('',(51.64387067167,43.06713273034,-50.5));
#2734 = CARTESIAN_POINT('',(52.327002230846,44.14878792762,-50.5));
#2735 = CARTESIAN_POINT('',(53.023028324123,45.212709798497,-50.5));
#2736 = CARTESIAN_POINT('',(53.731439338157,46.259260679667,-50.5));
#2737 = CARTESIAN_POINT('',(55.176869042293,48.325167201256,-50.5));
#2738 = CARTESIAN_POINT('',(55.914032030636,49.344278602519,-50.5));
#2739 = CARTESIAN_POINT('',(56.662779073391,50.346513973244,-50.5));
#2740 = CARTESIAN_POINT('',(57.42265750961,51.332225675915,-50.5));
#2741 = CARTESIAN_POINT('',(58.193242018405,52.301749060545,-50.5));
#2742 = CARTESIAN_POINT('',(58.974134307221,53.255405963845,-50.5));
#2743 = CARTESIAN_POINT('',(59.764962800123,54.193508208378,-50.5));
#2744 = CARTESIAN_POINT('',(61.274934680531,55.934447645172,-50.5));
#2745 = CARTESIAN_POINT('',(61.99201859081,56.74054427127,-50.5));
#2746 = CARTESIAN_POINT('',(62.716390539651,57.534857388694,-50.5));
#2747 = CARTESIAN_POINT('',(63.44782020978,58.31759612817,-50.5));
#2748 = CARTESIAN_POINT('',(64.186086445563,59.088954030549,-50.5));
#2749 = CARTESIAN_POINT('',(64.930977913925,59.849115065599,-50.5));
#2750 = CARTESIAN_POINT('',(65.682294547592,60.598262711907,-50.5));
#2751 = CARTESIAN_POINT('',(67.013121088744,61.895283823112,-50.5));
#2752 = CARTESIAN_POINT('',(67.588175399646,62.446043583232,-50.5));
#2753 = CARTESIAN_POINT('',(68.164978667012,62.989083360965,-50.5));
#2754 = CARTESIAN_POINT('',(68.743501043354,63.524617534439,-50.5));
#2755 = CARTESIAN_POINT('',(69.323714751319,64.052846846026,-50.5));
#2756 = CARTESIAN_POINT('',(69.905594365239,64.573961026383,-50.5));
#2757 = CARTESIAN_POINT('',(70.48911557602,65.088138804106,-50.5));
#2758 = CARTESIAN_POINT('',(71.942437571742,66.348399554863,-50.5));
#2759 = CARTESIAN_POINT('',(72.817220007619,67.088983868123,-50.5));
#2760 = CARTESIAN_POINT('',(73.69838201051,67.817503366291,-50.5));
#2761 = CARTESIAN_POINT('',(74.58571674538,68.534155459246,-50.5));
#2762 = CARTESIAN_POINT('',(75.479023289193,69.239128161165,-50.5));
#2763 = CARTESIAN_POINT('',(76.378105980054,69.932600897437,-50.5));
#2764 = CARTESIAN_POINT('',(77.282778104906,70.614747798557,-50.5));
#2765 = CARTESIAN_POINT('',(79.087445731287,71.945299461275,-50.5));
#2766 = CARTESIAN_POINT('',(79.987255831851,72.594079631667,-50.5));
#2767 = CARTESIAN_POINT('',(80.892134448322,73.232247327999,-50.5));
#2768 = CARTESIAN_POINT('',(81.801921829557,73.859959680999,-50.5));
#2769 = CARTESIAN_POINT('',(82.716462859793,74.477368269589,-50.5));
#2770 = CARTESIAN_POINT('',(83.635606751325,75.084619771917,-50.5));
#2771 = CARTESIAN_POINT('',(84.559207822531,75.681856614141,-50.5));
#2772 = CARTESIAN_POINT('',(86.403848508287,76.849490183484,-50.5));
#2773 = CARTESIAN_POINT('',(87.324784390513,77.420123363504,-50.5));
#2774 = CARTESIAN_POINT('',(88.249804617449,77.981251374005,-50.5));
#2775 = CARTESIAN_POINT('',(89.178782298572,78.533004286956,-50.5));
#2776 = CARTESIAN_POINT('',(90.111594058705,79.075508398727,-50.5));
#2777 = CARTESIAN_POINT('',(91.048120053428,79.608886599474,-50.5));
#2778 = CARTESIAN_POINT('',(91.988243984476,80.133258742543,-50.5));
#2779 = CARTESIAN_POINT('',(93.620482409263,81.024932609859,-50.5));
#2780 = CARTESIAN_POINT('',(94.31033772254,81.396044873479,-50.5));
#2781 = CARTESIAN_POINT('',(95.00139323168,81.76215321566,-50.5));
#2782 = CARTESIAN_POINT('',(95.693626806751,82.123328476516,-50.5));
#2783 = CARTESIAN_POINT('',(96.387016806236,82.479638749517,-50.5));
#2784 = CARTESIAN_POINT('',(97.081540642969,82.83114984134,-50.5));
#2785 = CARTESIAN_POINT('',(97.777175120969,83.177925367416,-50.5));
#2786 = CARTESIAN_POINT('',(99.609751949163,84.077746670384,-50.5));
#2787 = CARTESIAN_POINT('',(100.74984907966,84.623705373374,-50.5));
#2788 = CARTESIAN_POINT('',(101.89402181844,85.158081851185,-50.5));
#2789 = CARTESIAN_POINT('',(103.04213953403,85.681036020186,-50.5));
#2790 = CARTESIAN_POINT('',(104.19399108939,86.192760607237,-50.5));
#2791 = CARTESIAN_POINT('',(105.34949873757,86.693386238115,-50.5));
#2792 = CARTESIAN_POINT('',(106.50849534388,87.183083167114,-50.5));
#2793 = CARTESIAN_POINT('',(108.25011406088,87.900664398292,-50.5));
#2794 = CARTESIAN_POINT('',(108.82996173853,88.136551614372,-50.5));
#2795 = CARTESIAN_POINT('',(109.41039115798,88.369687029661,-50.5));
#2796 = CARTESIAN_POINT('',(109.99139181886,88.600095742724,-50.5));
#2797 = CARTESIAN_POINT('',(110.57295322125,88.827802313744,-50.5));
#2798 = CARTESIAN_POINT('',(111.15506486576,89.052830764522,-50.5));
#2799 = CARTESIAN_POINT('',(111.73771625346,89.27520457848,-50.5));
#2800 = CARTESIAN_POINT('',(112.90407751884,89.714688822997,-50.5));
#2801 = CARTESIAN_POINT('',(113.48778731086,89.931799330199,-50.5));
#2802 = CARTESIAN_POINT('',(114.07201736505,90.146300750615,-50.5));
#2803 = CARTESIAN_POINT('',(114.65675878529,90.358215180412,-50.5));
#2804 = CARTESIAN_POINT('',(115.24200267634,90.567564283577,-50.5));
#2805 = CARTESIAN_POINT('',(115.82774014379,90.774369291911,-50.5));
#2806 = CARTESIAN_POINT('',(116.4139622941,90.978651005034,-50.5));
#2807 = CARTESIAN_POINT('',(117.91193209994,91.493836941553,-50.5));
#2808 = CARTESIAN_POINT('',(118.82477636908,91.801351351936,-50.5));
#2809 = CARTESIAN_POINT('',(119.73914174078,92.103035542515,-50.5));
#2810 = CARTESIAN_POINT('',(120.65498399376,92.398945023805,-50.5));
#2811 = CARTESIAN_POINT('',(121.57225264726,92.68914146329,-50.5));
#2812 = CARTESIAN_POINT('',(122.49089835902,92.973685433057,-50.5));
#2813 = CARTESIAN_POINT('',(123.41088116333,93.252628462333,-50.5));
#2814 = CARTESIAN_POINT('',(125.18552763921,93.77926687404,-50.5));
#2815 = CARTESIAN_POINT('',(126.04000707561,94.027750052791,-50.5));
#2816 = CARTESIAN_POINT('',(126.89556483046,94.271516172898,-50.5));
#2817 = CARTESIAN_POINT('',(127.75216832595,94.510607276279,-50.5));
#2818 = CARTESIAN_POINT('',(128.60978553688,94.745064929808,-50.5));
#2819 = CARTESIAN_POINT('',(129.46838499062,94.974930225313,-50.5));
#2820 = CARTESIAN_POINT('',(130.32793576714,95.200243779574,-50.5));
#2821 = CARTESIAN_POINT('',(131.98189512629,95.624659185757,-50.5));
#2822 = CARTESIAN_POINT('',(132.77597169142,95.824386281295,-50.5));
#2823 = CARTESIAN_POINT('',(133.57061967598,96.020264540128,-50.5));
#2824 = CARTESIAN_POINT('',(134.36582444517,96.212327491577,-50.5));
#2825 = CARTESIAN_POINT('',(135.16157169718,96.40060772374,-50.5));
#2826 = CARTESIAN_POINT('',(135.95784634516,96.585138237107,-50.5));
#2827 = CARTESIAN_POINT('',(136.75463283169,96.765952103156,-50.5));
#2828 = CARTESIAN_POINT('',(138.2827604887,97.10544803803,-50.5));
#2829 = CARTESIAN_POINT('',(139.01402212297,97.264718772013,-50.5));
#2830 = CARTESIAN_POINT('',(139.74568983888,97.420917560278,-50.5));
#2831 = CARTESIAN_POINT('',(140.47775249191,97.574067828791,-50.5));
#2832 = CARTESIAN_POINT('',(141.21019863901,97.724193153537,-50.5));
#2833 = CARTESIAN_POINT('',(141.94301634622,97.871317565824,-50.5));
#2834 = CARTESIAN_POINT('',(142.67619389757,98.015464508426,-50.5));
#2835 = CARTESIAN_POINT('',(144.14324909843,98.297844412324,-50.5));
#2836 = CARTESIAN_POINT('',(144.8771272613,98.436077519172,-50.5));
#2837 = CARTESIAN_POINT('',(145.61134619485,98.571375003108,-50.5));
#2838 = CARTESIAN_POINT('',(146.34589620005,98.703757822855,-50.5));
#2839 = CARTESIAN_POINT('',(147.08076757806,98.833246655864,-50.5));
#2840 = CARTESIAN_POINT('',(147.81595063024,98.959861898315,-50.5));
#2841 = CARTESIAN_POINT('',(148.55143565815,99.083623665114,-50.5));
#2842 = CARTESIAN_POINT('',(149.95610132891,99.314486433321,-50.5));
#2843 = CARTESIAN_POINT('',(150.62523138223,99.422079396325,-50.5));
#2844 = CARTESIAN_POINT('',(151.29459582866,99.527345164248,-50.5));
#2845 = CARTESIAN_POINT('',(151.96418715551,99.630298680131,-50.5));
#2846 = CARTESIAN_POINT('',(152.63399789002,99.730954885528,-50.5));
#2847 = CARTESIAN_POINT('',(153.30402085695,99.829328261321,-50.5));
#2848 = CARTESIAN_POINT('',(153.97424943633,99.925432368537,-50.5));
#2849 = CARTESIAN_POINT('',(155.91786777643,100.19750138378,-50.5));
#2850 = CARTESIAN_POINT('',(157.19198432095,100.36761335703,-50.5));
#2851 = CARTESIAN_POINT('',(158.46697138747,100.52969549218,-50.5));
#2852 = CARTESIAN_POINT('',(159.74277110053,100.68383365447,-50.5));
#2853 = CARTESIAN_POINT('',(161.01933060677,100.8301037852,-50.5));
#2854 = CARTESIAN_POINT('',(162.29659689457,100.96858362874,-50.5));
#2855 = CARTESIAN_POINT('',(163.5745136609,101.09935991391,-50.5));
#2856 = CARTESIAN_POINT('',(165.99618045078,101.33259987779,-50.5));
#2857 = CARTESIAN_POINT('',(167.13980935106,101.4365951967,-50.5));
#2858 = CARTESIAN_POINT('',(168.28388674259,101.53453465666,-50.5));
#2859 = CARTESIAN_POINT('',(169.42837894243,101.62646731162,-50.5));
#2860 = CARTESIAN_POINT('',(170.5732528262,101.71244168042,-50.5));
#2861 = CARTESIAN_POINT('',(171.71847582807,101.79250574677,-50.5));
#2862 = CARTESIAN_POINT('',(172.86401594077,101.86670695929,-50.5));
#2863 = CARTESIAN_POINT('',(175.0204993515,101.99541038716,-50.5));
#2864 = CARTESIAN_POINT('',(176.03137898856,102.05120444633,-50.5));
#2865 = CARTESIAN_POINT('',(177.04245966612,102.10250483479,-50.5));
#2866 = CARTESIAN_POINT('',(178.05372163783,102.14933918454,-50.5));
#2867 = CARTESIAN_POINT('',(179.0651454692,102.19173471671,-50.5));
#2868 = CARTESIAN_POINT('',(180.07671166187,102.22971924179,-50.5));
#2869 = CARTESIAN_POINT('',(181.08840080436,102.26332077702,-50.5));
#2870 = CARTESIAN_POINT('',(182.97695071741,102.31790765912,-50.5));
#2871 = CARTESIAN_POINT('',(183.85378531258,102.3399787481,-50.5));
#2872 = CARTESIAN_POINT('',(184.73068622028,102.35879506688,-50.5));
#2873 = CARTESIAN_POINT('',(185.60764067607,102.37437622978,-50.5));
#2874 = CARTESIAN_POINT('',(186.48463646645,102.3867401682,-50.5));
#2875 = CARTESIAN_POINT('',(187.36166244991,102.39590132172,-50.5));
#2876 = CARTESIAN_POINT('',(188.23870809863,102.40187229836,-50.5));
#2877 = CARTESIAN_POINT('',(189.77811172788,102.40678107138,-50.5));
#2878 = CARTESIAN_POINT('',(190.44046611631,102.40708261701,-50.5));
#2879 = CARTESIAN_POINT('',(191.10282051991,102.4055799086,-50.5));
#2880 = CARTESIAN_POINT('',(191.76517025384,102.40227916813,-50.5));
#2881 = CARTESIAN_POINT('',(192.42751065451,102.39718657177,-50.5));
#2882 = CARTESIAN_POINT('',(193.08983707965,102.39030824997,-50.5));
#2883 = CARTESIAN_POINT('',(193.75214490827,102.3816502874,-50.5));
#2884 = CARTESIAN_POINT('',(195.76372540869,102.34996612837,-50.5));
#2885 = CARTESIAN_POINT('',(197.11292515321,102.32135126865,-50.5));
#2886 = CARTESIAN_POINT('',(198.46199021264,102.28542651799,-50.5));
#2887 = CARTESIAN_POINT('',(199.81088030599,102.24224993391,-50.5));
#2888 = CARTESIAN_POINT('',(201.15956649744,102.19183265206,-50.5));
#2889 = CARTESIAN_POINT('',(202.50800703904,102.13424275306,-50.5));
#2890 = CARTESIAN_POINT('',(203.85617041053,102.06950536675,-50.5));
#2891 = CARTESIAN_POINT('',(206.21519247567,101.94376862418,-50.5));
#2892 = CARTESIAN_POINT('',(207.22618792254,101.88587472923,-50.5));
#2893 = CARTESIAN_POINT('',(208.23699301327,101.82399715168,-50.5));
#2894 = CARTESIAN_POINT('',(209.2475923256,101.75815858179,-50.5));
#2895 = CARTESIAN_POINT('',(210.25797229606,101.68836907697,-50.5));
#2896 = CARTESIAN_POINT('',(211.26811974335,101.61463659556,-50.5));
#2897 = CARTESIAN_POINT('',(212.27802019817,101.53697871581,-50.5));
#2898 = CARTESIAN_POINT('',(214.0281896456,101.39557451463,-50.5));
#2899 = CARTESIAN_POINT('',(214.76860881558,101.33363513403,-50.5));
#2900 = CARTESIAN_POINT('',(215.50891370322,101.26959151069,-50.5));
#2901 = CARTESIAN_POINT('',(216.24910013794,101.2034479449,-50.5));
#2902 = CARTESIAN_POINT('',(216.98916394915,101.13520864996,-50.5));
#2903 = CARTESIAN_POINT('',(217.72910096626,101.06487775208,-50.5));
#2904 = CARTESIAN_POINT('',(218.46890701868,100.99245929045,-50.5));
#2905 = CARTESIAN_POINT('',(220.35204971808,100.80278300058,-50.5));
#2906 = CARTESIAN_POINT('',(221.49510994516,100.68263842759,-50.5));
#2907 = CARTESIAN_POINT('',(222.63773942151,100.5575353369,-50.5));
#2908 = CARTESIAN_POINT('',(223.77991901666,100.42748513487,-50.5));
#2909 = CARTESIAN_POINT('',(224.92162966526,100.29249879565,-50.5));
#2910 = CARTESIAN_POINT('',(226.06285236703,100.15258686112,-50.5));
#2911 = CARTESIAN_POINT('',(227.20356818682,100.0077594409,-50.5));
#2912 = CARTESIAN_POINT('',(229.55191942921,99.699366811291,-50.5));
#2913 = CARTESIAN_POINT('',(230.75949024078,99.535199014309,-50.5));
#2914 = CARTESIAN_POINT('',(231.96644842279,99.365534438318,-50.5));
#2915 = CARTESIAN_POINT('',(233.1727712665,99.190391222701,-50.5));
#2916 = CARTESIAN_POINT('',(234.37843661839,99.00975216845,-50.5));
#2917 = CARTESIAN_POINT('',(235.58342180349,98.823641256226,-50.5));
#2918 = CARTESIAN_POINT('',(236.78770456488,98.632051814316,-50.5));
#2919 = CARTESIAN_POINT('',(239.53089991921,98.182901611742,-50.5));
#2920 = CARTESIAN_POINT('',(241.06935107592,97.921859168498,-50.5));
#2921 = CARTESIAN_POINT('',(242.60656802359,97.651855716136,-50.5));
#2922 = CARTESIAN_POINT('',(244.14250707886,97.372942811446,-50.5));
#2923 = CARTESIAN_POINT('',(245.67711486394,97.085047894478,-50.5));
#2924 = CARTESIAN_POINT('',(247.21034643689,96.788203761321,-50.5));
#2925 = CARTESIAN_POINT('',(248.74215140284,96.482380285128,-50.5));
#2926 = CARTESIAN_POINT('',(251.6052621155,95.893394674021,-50.5));
#2927 = CARTESIAN_POINT('',(252.93692387046,95.612403251807,-50.5));
#2928 = CARTESIAN_POINT('',(254.26743366405,95.324581004899,-50.5));
#2929 = CARTESIAN_POINT('',(255.59676109025,95.029937075309,-50.5));
#2930 = CARTESIAN_POINT('',(256.92486656113,94.728412158349,-50.5));
#2931 = CARTESIAN_POINT('',(258.25171981953,94.420018311366,-50.5));
#2932 = CARTESIAN_POINT('',(259.57728371518,94.104716756031,-50.5));
#2933 = CARTESIAN_POINT('',(262.02903400422,93.508131171913,-50.5));
#2934 = CARTESIAN_POINT('',(263.15558447405,93.228752172477,-50.5));
#2935 = CARTESIAN_POINT('',(264.28115248057,92.944334066329,-50.5));
#2936 = CARTESIAN_POINT('',(265.40571773765,92.654870547375,-50.5));
#2937 = CARTESIAN_POINT('',(266.52925594612,92.360336703393,-50.5));
#2938 = CARTESIAN_POINT('',(267.65174194979,92.060703979922,-50.5));
#2939 = CARTESIAN_POINT('',(268.77315321336,91.755956890169,-50.5));
#2940 = CARTESIAN_POINT('',(270.8837607798,91.172142901161,-50.5));
#2941 = CARTESIAN_POINT('',(271.87319738637,90.894200215916,-50.5));
#2942 = CARTESIAN_POINT('',(272.86175829744,90.61222593669,-50.5));
#2943 = CARTESIAN_POINT('',(273.84942482151,90.326197461906,-50.5));
#2944 = CARTESIAN_POINT('',(274.83618090148,90.036101633554,-50.5));
#2945 = CARTESIAN_POINT('',(275.82200967009,89.741922795142,-50.5));
#2946 = CARTESIAN_POINT('',(276.80689033636,89.443631886536,-50.5));
#2947 = CARTESIAN_POINT('',(278.64515410174,88.878606969118,-50.5));
#2948 = CARTESIAN_POINT('',(279.49877491387,88.612889709823,-50.5));
#2949 = CARTESIAN_POINT('',(280.35165418484,88.344040292896,-50.5));
#2950 = CARTESIAN_POINT('',(281.20377911121,88.072042852914,-50.5));
#2951 = CARTESIAN_POINT('',(282.0551366757,87.796881014265,-50.5));
#2952 = CARTESIAN_POINT('',(282.90571364719,87.518537891146,-50.5));
#2953 = CARTESIAN_POINT('',(283.75549658074,87.236996087562,-50.5));
#2954 = CARTESIAN_POINT('',(286.17677451695,86.424864970481,-50.5));
#2955 = CARTESIAN_POINT('',(287.74630607167,85.886458632275,-50.5));
#2956 = CARTESIAN_POINT('',(289.31298488531,85.336917536785,-50.5));
#2957 = CARTESIAN_POINT('',(290.87670058068,84.776063433168,-50.5));
#2958 = CARTESIAN_POINT('',(292.43737292315,84.20380290625,-50.5));
#2959 = CARTESIAN_POINT('',(293.9948828223,83.619940840032,-50.5));
#2960 = CARTESIAN_POINT('',(295.5491355368,83.024346506827,-50.5));
#2961 = CARTESIAN_POINT('',(298.26857950406,81.959083972903,-50.5));
#2962 = CARTESIAN_POINT('',(299.43522825447,81.494566808125,-50.5));
#2963 = CARTESIAN_POINT('',(300.59991106031,81.023203473319,-50.5));
#2964 = CARTESIAN_POINT('',(301.76257597525,80.544910879522,-50.5));
#2965 = CARTESIAN_POINT('',(302.92316918871,80.059602420952,-50.5));
#2966 = CARTESIAN_POINT('',(304.08163496953,79.56718759886,-50.5));
#2967 = CARTESIAN_POINT('',(305.23791560968,79.067571645382,-50.5));
#2968 = CARTESIAN_POINT('',(307.22916505867,78.192904469678,-50.5));
#2969 = CARTESIAN_POINT('',(308.06519736823,77.821312049785,-50.5));
#2970 = CARTESIAN_POINT('',(308.90002469521,77.445838366688,-50.5));
#2971 = CARTESIAN_POINT('',(309.73362188781,77.066440865711,-50.5));
#2972 = CARTESIAN_POINT('',(310.56596300269,76.683075551316,-50.5));
#2973 = CARTESIAN_POINT('',(311.39702161256,76.295697584385,-50.5));
#2974 = CARTESIAN_POINT('',(312.22677066255,75.904260883968,-50.5));
#2975 = CARTESIAN_POINT('',(313.69382766205,75.203780487877,-50.5));
#2976 = CARTESIAN_POINT('',(314.33201032953,74.89624451323,-50.5));
#2977 = CARTESIAN_POINT('',(314.96972520097,74.586078116012,-50.5));
#2978 = CARTESIAN_POINT('',(315.60696712682,74.273248564581,-50.5));
#2979 = CARTESIAN_POINT('',(316.24373126184,73.957722492017,-50.5));
#2980 = CARTESIAN_POINT('',(316.88001311995,73.639465960278,-50.5));
#2981 = CARTESIAN_POINT('',(317.51580790702,73.318443185707,-50.5));
#2982 = CARTESIAN_POINT('',(319.17148605603,72.474501746898,-50.5));
#2983 = CARTESIAN_POINT('',(320.1895772559,71.947666763348,-50.5));
#2984 = CARTESIAN_POINT('',(321.20531812108,71.413995732861,-50.5));
#2985 = CARTESIAN_POINT('',(322.2186408766,70.87337074353,-50.5));
#2986 = CARTESIAN_POINT('',(323.22947444971,70.325668542431,-50.5));
#2987 = CARTESIAN_POINT('',(324.2377443371,69.770759864133,-50.5));
#2988 = CARTESIAN_POINT('',(325.24337247202,69.208508759216,-50.5));
#2989 = CARTESIAN_POINT('',(327.25869128232,68.063632824728,-50.5));
#2990 = CARTESIAN_POINT('',(328.26832947819,67.480866371455,-50.5));
#2991 = CARTESIAN_POINT('',(329.27510768125,66.890324735045,-50.5));
#2992 = CARTESIAN_POINT('',(330.27892878312,66.291839587813,-50.5));
#2993 = CARTESIAN_POINT('',(331.2796945672,65.685241942643,-50.5));
#2994 = CARTESIAN_POINT('',(332.27730229946,65.070355629095,-50.5));
#2995 = CARTESIAN_POINT('',(333.27163946129,64.446987562884,-50.5));
#2996 = CARTESIAN_POINT('',(335.26673288812,63.174474233825,-50.5));
#2997 = CARTESIAN_POINT('',(336.26739678508,62.525098058607,-50.5));
#2998 = CARTESIAN_POINT('',(337.26445630021,61.866591327677,-50.5));
#2999 = CARTESIAN_POINT('',(338.25780258583,61.198765137269,-50.5));
#3000 = CARTESIAN_POINT('',(339.24725459435,60.521324033881,-50.5));
#3001 = CARTESIAN_POINT('',(340.23268410802,59.834051495053,-50.5));
#3002 = CARTESIAN_POINT('',(341.21391236512,59.136654698621,-50.5));
#3003 = CARTESIAN_POINT('',(342.68583347687,58.070129940165,-50.5));
#3004 = CARTESIAN_POINT('',(343.17977678029,57.708739540035,-50.5));
#3005 = CARTESIAN_POINT('',(343.67257275376,57.344637106913,-50.5));
#3006 = CARTESIAN_POINT('',(344.16419726033,56.977783495142,-50.5));
#3007 = CARTESIAN_POINT('',(344.65462510357,56.608138149493,-50.5));
#3008 = CARTESIAN_POINT('',(345.14383002758,56.23565910517,-50.5));
#3009 = CARTESIAN_POINT('',(345.63178471701,55.860302987808,-50.5));
#3010 = CARTESIAN_POINT('',(346.66898557465,55.054119459319,-50.5));
#3011 = CARTESIAN_POINT('',(347.2189184786,54.621662376406,-50.5));
#3012 = CARTESIAN_POINT('',(347.76825132102,54.184527040894,-50.5));
#3013 = CARTESIAN_POINT('',(348.31697659281,53.742578454654,-50.5));
#3014 = CARTESIAN_POINT('',(348.86508711715,53.295672399443,-50.5));
#3015 = CARTESIAN_POINT('',(349.41257570299,52.843654491078,-50.5));
#3016 = CARTESIAN_POINT('',(349.95943479863,52.386359233609,-50.5));
#3017 = CARTESIAN_POINT('',(351.23395000228,51.306609937314,-50.5));
#3018 = CARTESIAN_POINT('',(351.96111570436,50.679909050822,-50.5));
#3019 = CARTESIAN_POINT('',(352.68712667981,50.043085719847,-50.5));
#3020 = CARTESIAN_POINT('',(353.41197369027,49.395687305599,-50.5));
#3021 = CARTESIAN_POINT('',(354.13562194499,48.737176990776,-50.5));
#3022 = CARTESIAN_POINT('',(354.85808415758,48.067013763431,-50.5));
#3023 = CARTESIAN_POINT('',(355.5793201373,47.384533378293,-50.5));
#3024 = CARTESIAN_POINT('',(356.83929308436,46.167378296028,-50.5));
#3025 = CARTESIAN_POINT('',(357.37858377452,45.63840087083,-50.5));
#3026 = CARTESIAN_POINT('',(357.91716264709,45.101778140795,-50.5));
#3027 = CARTESIAN_POINT('',(358.45502026422,44.557173879509,-50.5));
#3028 = CARTESIAN_POINT('',(358.99214923823,44.004217086784,-50.5));
#3029 = CARTESIAN_POINT('',(359.52854207249,43.442497229846,-50.5));
#3030 = CARTESIAN_POINT('',(360.06418900237,42.871559484542,-50.5));
#3031 = CARTESIAN_POINT('',(361.02183539783,41.831962976106,-50.5));
#3032 = CARTESIAN_POINT('',(361.44235511341,41.368867580708,-50.5));
#3033 = CARTESIAN_POINT('',(361.86056594962,40.901529967807,-50.5));
#3034 = CARTESIAN_POINT('',(362.27639373704,40.429862905016,-50.5));
#3035 = CARTESIAN_POINT('',(362.68975917006,39.953775750084,-50.5));
#3036 = CARTESIAN_POINT('',(363.10057780694,39.4731744509,-50.5));
#3037 = CARTESIAN_POINT('',(363.50876006979,38.987961545491,-50.5));
#3038 = CARTESIAN_POINT('',(364.53712013506,37.74534657565,-50.5));
#3039 = CARTESIAN_POINT('',(365.15357341677,36.981541767707,-50.5));
#3040 = CARTESIAN_POINT('',(365.76323238876,36.206243370184,-50.5));
#3041 = CARTESIAN_POINT('',(366.36571687111,35.419063406075,-50.5));
#3042 = CARTESIAN_POINT('',(366.96060428703,34.6196019289,-50.5));
#3043 = CARTESIAN_POINT('',(367.54742796354,33.807443310617,-50.5));
#3044 = CARTESIAN_POINT('',(368.12567465051,32.982151177912,-50.5));
#3045 = CARTESIAN_POINT('',(369.26227167603,31.30675515395,-50.5));
#3046 = CARTESIAN_POINT('',(369.80417657257,30.481045808562,-50.5));
#3047 = CARTESIAN_POINT('',(370.32176276702,29.665724579906,-50.5));
#3048 = CARTESIAN_POINT('',(370.816196314,28.860385281554,-50.5));
#3049 = CARTESIAN_POINT('',(371.28855697303,28.064639792051,-50.5));
#3050 = CARTESIAN_POINT('',(371.73983500308,27.278117066391,-50.5));
#3051 = CARTESIAN_POINT('',(372.17093114478,26.500464621389,-50.5));
#3052 = CARTESIAN_POINT('',(373.23655223754,24.510024918799,-50.5));
#3053 = CARTESIAN_POINT('',(373.8678405867,23.261309783047,-50.5));
#3054 = CARTESIAN_POINT('',(374.47458959926,21.984092575538,-50.5));
#3055 = CARTESIAN_POINT('',(375.05444925031,20.6775021615,-50.5));
#3056 = CARTESIAN_POINT('',(375.6047140405,19.340962972437,-50.5));
#3057 = CARTESIAN_POINT('',(376.122365835,17.974235679201,-50.5));
#3058 = CARTESIAN_POINT('',(376.60414132914,16.577485888421,-50.5));
#3059 = CARTESIAN_POINT('',(377.59555050235,13.382406021948,-50.5));
#3060 = CARTESIAN_POINT('',(378.08439709145,11.567081280479,-50.5));
#3061 = CARTESIAN_POINT('',(378.5059471013,9.708601167766,-50.5));
#3062 = CARTESIAN_POINT('',(378.85300087993,7.811669008867,-50.5));
#3063 = CARTESIAN_POINT('',(379.11890534186,5.882711719076,-50.5));
#3064 = CARTESIAN_POINT('',(379.29827217406,3.930148468372,-50.5));
#3065 = CARTESIAN_POINT('',(379.38790065305,1.96473697729,-50.5));
#3066 = CARTESIAN_POINT('',(379.38790065305,0.,-50.5));
#3067 = PCURVE('',#374,#3068);
#3068 = DEFINITIONAL_REPRESENTATION('',(#3069),#3429);
#3069 = B_SPLINE_CURVE_WITH_KNOTS('',8,(#3070,#3071,#3072,#3073,#3074,
    #3075,#3076,#3077,#3078,#3079,#3080,#3081,#3082,#3083,#3084,#3085,
    #3086,#3087,#3088,#3089,#3090,#3091,#3092,#3093,#3094,#3095,#3096,
    #3097,#3098,#3099,#3100,#3101,#3102,#3103,#3104,#3105,#3106,#3107,
    #3108,#3109,#3110,#3111,#3112,#3113,#3114,#3115,#3116,#3117,#3118,
    #3119,#3120,#3121,#3122,#3123,#3124,#3125,#3126,#3127,#3128,#3129,
    #3130,#3131,#3132,#3133,#3134,#3135,#3136,#3137,#3138,#3139,#3140,
    #3141,#3142,#3143,#3144,#3145,#3146,#3147,#3148,#3149,#3150,#3151,
    #3152,#3153,#3154,#3155,#3156,#3157,#3158,#3159,#3160,#3161,#3162,
    #3163,#3164,#3165,#3166,#3167,#3168,#3169,#3170,#3171,#3172,#3173,
    #3174,#3175,#3176,#3177,#3178,#3179,#3180,#3181,#3182,#3183,#3184,
    #3185,#3186,#3187,#3188,#3189,#3190,#3191,#3192,#3193,#3194,#3195,
    #3196,#3197,#3198,#3199,#3200,#3201,#3202,#3203,#3204,#3205,#3206,
    #3207,#3208,#3209,#3210,#3211,#3212,#3213,#3214,#3215,#3216,#3217,
    #3218,#3219,#3220,#3221,#3222,#3223,#3224,#3225,#3226,#3227,#3228,
    #3229,#3230,#3231,#3232,#3233,#3234,#3235,#3236,#3237,#3238,#3239,
    #3240,#3241,#3242,#3243,#3244,#3245,#3246,#3247,#3248,#3249,#3250,
    #3251,#3252,#3253,#3254,#3255,#3256,#3257,#3258,#3259,#3260,#3261,
    #3262,#3263,#3264,#3265,#3266,#3267,#3268,#3269,#3270,#3271,#3272,
    #3273,#3274,#3275,#3276,#3277,#3278,#3279,#3280,#3281,#3282,#3283,
    #3284,#3285,#3286,#3287,#3288,#3289,#3290,#3291,#3292,#3293,#3294,
    #3295,#3296,#3297,#3298,#3299,#3300,#3301,#3302,#3303,#3304,#3305,
    #3306,#3307,#3308,#3309,#3310,#3311,#3312,#3313,#3314,#3315,#3316,
    #3317,#3318,#3319,#3320,#3321,#3322,#3323,#3324,#3325,#3326,#3327,
    #3328,#3329,#3330,#3331,#3332,#3333,#3334,#3335,#3336,#3337,#3338,
    #3339,#3340,#3341,#3342,#3343,#3344,#3345,#3346,#3347,#3348,#3349,
    #3350,#3351,#3352,#3353,#3354,#3355,#3356,#3357,#3358,#3359,#3360,
    #3361,#3362,#3363,#3364,#3365,#3366,#3367,#3368,#3369,#3370,#3371,
    #3372,#3373,#3374,#3375,#3376,#3377,#3378,#3379,#3380,#3381,#3382,
    #3383,#3384,#3385,#3386,#3387,#3388,#3389,#3390,#3391,#3392,#3393,
    #3394,#3395,#3396,#3397,#3398,#3399,#3400,#3401,#3402,#3403,#3404,
    #3405,#3406,#3407,#3408,#3409,#3410,#3411,#3412,#3413,#3414,#3415,
    #3416,#3417,#3418,#3419,#3420,#3421,#3422,#3423,#3424,#3425,#3426,
    #3427,#3428),.UNSPECIFIED.,.F.,.F.,(9,7,7,7,7,7,7,7,7,7,7,7,7,7,7,7,
    7,7,7,7,7,7,7,7,7,7,7,7,7,7,7,7,7,7,7,7,7,7,7,7,7,7,7,7,7,7,7,7,7,7,
    7,9),(0.,3.909354386749E-02,6.969289768022E-02,8.171544313979E-02,
    0.102496747407,0.123415593515,0.141959639515,0.155992804324,
    0.176814232284,0.197280678921,0.217500130775,0.232255929977,
    0.256311996198,0.268300164885,0.280288333582,0.298908615157,
    0.316156333861,0.332061390222,0.34664102334,0.361220660137,
    0.374474873541,0.399645543152,0.422151049906,0.442001678815,
    0.459202983459,0.4721933796,0.498659172372,0.518514087281,
    0.533076845754,0.555589699781,0.579444631461,0.609960779304,
    0.6365376277,0.659166215567,0.679168692105,0.696537192883,
    0.728703667798,0.752940627961,0.770523718195,0.784079022998,
    0.805850616836,0.827828649574,0.850099264028,0.861385969799,
    0.87415341706,0.891176650352,0.903944094141,0.914035123866,
    0.92953832751,0.944997504035,0.969547178168,1.),.UNSPECIFIED.);
#3070 = CARTESIAN_POINT('',(0.,82.297162538544));
#3071 = CARTESIAN_POINT('',(4.152263612895E-02,82.297162538544));
#3072 = CARTESIAN_POINT('',(8.211679226998E-02,82.435064075548));
#3073 = CARTESIAN_POINT('',(0.121467264223,82.711014363539));
#3074 = CARTESIAN_POINT('',(0.159343842408,83.120463546662));
#3075 = CARTESIAN_POINT('',(0.195599108202,83.65544915984));
#3076 = CARTESIAN_POINT('',(0.230155164556,84.305937908915));
#3077 = CARTESIAN_POINT('',(0.262986647046,85.060986465757));
#3078 = CARTESIAN_POINT('',(0.318466211097,86.573619357673));
#3079 = CARTESIAN_POINT('',(0.341787096539,87.295283048773));
#3080 = CARTESIAN_POINT('',(0.364087778791,88.069570585984));
#3081 = CARTESIAN_POINT('',(0.385398708943,88.891696645868));
#3082 = CARTESIAN_POINT('',(0.405758298208,89.757176832748));
#3083 = CARTESIAN_POINT('',(0.425209697051,90.661932772306));
#3084 = CARTESIAN_POINT('',(0.443798667705,91.602351023605));
#3085 = CARTESIAN_POINT('',(0.468555363745,92.957611600164));
#3086 = CARTESIAN_POINT('',(0.475538786083,93.351823826617));
#3087 = CARTESIAN_POINT('',(0.482522291972,93.758367713159));
#3088 = CARTESIAN_POINT('',(0.489505829604,94.177674935642));
#3089 = CARTESIAN_POINT('',(0.496489375353,94.61020670759));
#3090 = CARTESIAN_POINT('',(0.503472904467,95.056455351334));
#3091 = CARTESIAN_POINT('',(0.510456361762,95.51694586914));
#3092 = CARTESIAN_POINT('',(0.529510409703,96.813792344597));
#3093 = CARTESIAN_POINT('',(0.5411555635,97.650640321729));
#3094 = CARTESIAN_POINT('',(0.552395350913,98.501636843216));
#3095 = CARTESIAN_POINT('',(0.563248968735,99.365738728009));
#3096 = CARTESIAN_POINT('',(0.57373460795,100.24199991548));
#3097 = CARTESIAN_POINT('',(0.583869508345,101.12956716442));
#3098 = CARTESIAN_POINT('',(0.59367001312,102.02767575194));
#3099 = CARTESIAN_POINT('',(0.612695988286,103.84962402266));
#3100 = CARTESIAN_POINT('',(0.621917057752,104.7735757003));
#3101 = CARTESIAN_POINT('',(0.630830647605,105.70679229634));
#3102 = CARTESIAN_POINT('',(0.639451501681,106.64862912888));
#3103 = CARTESIAN_POINT('',(0.647793383671,107.59850128366));
#3104 = CARTESIAN_POINT('',(0.655869168842,108.55588015474));
#3105 = CARTESIAN_POINT('',(0.663690935762,109.52028998497));
#3106 = CARTESIAN_POINT('',(0.677988764734,111.35208496829));
#3107 = CARTESIAN_POINT('',(0.684516737914,112.2180487857));
#3108 = CARTESIAN_POINT('',(0.690861848901,113.08889951486));
#3109 = CARTESIAN_POINT('',(0.697031582805,113.96434891698));
#3110 = CARTESIAN_POINT('',(0.703032921489,114.84413840903));
#3111 = CARTESIAN_POINT('',(0.708872423614,115.72803262907));
#3112 = CARTESIAN_POINT('',(0.714556326141,116.6158094284));
#3113 = CARTESIAN_POINT('',(0.724278458887,118.18188200205));
#3114 = CARTESIAN_POINT('',(0.7283675909,118.85649564188));
#3115 = CARTESIAN_POINT('',(0.732362040764,119.53110727285));
#3116 = CARTESIAN_POINT('',(0.736265634952,120.20571836792));
#3117 = CARTESIAN_POINT('',(0.740081933894,120.88033056055));
#3118 = CARTESIAN_POINT('',(0.743814270264,121.55494331797));
#3119 = CARTESIAN_POINT('',(0.747465765014,122.22955494917));
#3120 = CARTESIAN_POINT('',(0.756341513668,123.90510902418));
#3121 = CARTESIAN_POINT('',(0.761490697921,124.90955566057));
#3122 = CARTESIAN_POINT('',(0.766493188434,125.91730491926));
#3123 = CARTESIAN_POINT('',(0.771354897899,126.92816679182));
#3124 = CARTESIAN_POINT('',(0.776081360201,127.94196866702));
#3125 = CARTESIAN_POINT('',(0.780677765062,128.95855531873));
#3126 = CARTESIAN_POINT('',(0.785149004284,129.97778341347));
#3127 = CARTESIAN_POINT('',(0.793776280095,132.0038183935));
#3128 = CARTESIAN_POINT('',(0.797936380577,133.01053955655));
#3129 = CARTESIAN_POINT('',(0.801984432649,134.01954320037));
#3130 = CARTESIAN_POINT('',(0.805924570701,135.03070725415));
#3131 = CARTESIAN_POINT('',(0.809760686593,136.0439192731));
#3132 = CARTESIAN_POINT('',(0.813496451853,137.05907631808));
#3133 = CARTESIAN_POINT('',(0.817135337404,138.0760838449));
#3134 = CARTESIAN_POINT('',(0.824183138665,140.10132856397));
#3135 = CARTESIAN_POINT('',(0.827594297205,141.10952152525));
#3136 = CARTESIAN_POINT('',(0.830917277683,142.11934346574));
#3137 = CARTESIAN_POINT('',(0.834155074405,143.13071159827));
#3138 = CARTESIAN_POINT('',(0.837310517835,144.14354915326));
#3139 = CARTESIAN_POINT('',(0.84038628769,145.15778516227));
#3140 = CARTESIAN_POINT('',(0.843384926019,146.17335424154));
#3141 = CARTESIAN_POINT('',(0.848442678645,147.93226982329));
#3142 = CARTESIAN_POINT('',(0.850534762642,148.67434214916));
#3143 = CARTESIAN_POINT('',(0.852586246614,149.41641539646));
#3144 = CARTESIAN_POINT('',(0.854598215272,150.15848892937));
#3145 = CARTESIAN_POINT('',(0.856571701505,150.9005619667));
#3146 = CARTESIAN_POINT('',(0.85850769176,151.64263467417));
#3147 = CARTESIAN_POINT('',(0.860407129016,152.38470781518));
#3148 = CARTESIAN_POINT('',(0.86530940142,154.33656705629));
#3149 = CARTESIAN_POINT('',(0.868256738719,155.54778991469));
#3150 = CARTESIAN_POINT('',(0.871116245086,156.76037354551));
#3151 = CARTESIAN_POINT('',(0.873890965586,157.97422452266));
#3152 = CARTESIAN_POINT('',(0.876583958737,159.18931827583));
#3153 = CARTESIAN_POINT('',(0.879197813029,160.40554048258));
#3154 = CARTESIAN_POINT('',(0.881735196529,161.62285267293));
#3155 = CARTESIAN_POINT('',(0.885426130519,163.44834264541));
#3156 = CARTESIAN_POINT('',(0.8866348182,164.05549332908));
#3157 = CARTESIAN_POINT('',(0.887824948049,164.66264401442));
#3158 = CARTESIAN_POINT('',(0.888996854067,165.26979469976));
#3159 = CARTESIAN_POINT('',(0.890150859853,165.87694538394));
#3160 = CARTESIAN_POINT('',(0.891287278608,166.48409606632));
#3161 = CARTESIAN_POINT('',(0.892406413133,167.09124674678));
#3162 = CARTESIAN_POINT('',(0.894610698518,168.30554810511));
#3163 = CARTESIAN_POINT('',(0.895695850481,168.91269878576));
#3164 = CARTESIAN_POINT('',(0.896764302166,169.51984946702));
#3165 = CARTESIAN_POINT('',(0.897816335628,170.12700014833));
#3166 = CARTESIAN_POINT('',(0.898852224525,170.73415082921));
#3167 = CARTESIAN_POINT('',(0.899872234115,171.34130150925));
#3168 = CARTESIAN_POINT('',(0.900876621259,171.94845218811));
#3169 = CARTESIAN_POINT('',(0.903401790939,173.49864236204));
#3170 = CARTESIAN_POINT('',(0.904901572043,174.44212054119));
#3171 = CARTESIAN_POINT('',(0.906365830967,175.38602048123));
#3172 = CARTESIAN_POINT('',(0.907795357195,176.33032184621));
#3173 = CARTESIAN_POINT('',(0.909190941533,177.27501072008));
#3174 = CARTESIAN_POINT('',(0.910553342913,178.22007413477));
#3175 = CARTESIAN_POINT('',(0.911883251978,179.16549407492));
#3176 = CARTESIAN_POINT('',(0.914383754118,180.98730217016));
#3177 = CARTESIAN_POINT('',(0.915558865999,181.86364176262));
#3178 = CARTESIAN_POINT('',(0.916707218623,182.74026266518));
#3179 = CARTESIAN_POINT('',(0.917829330963,183.61715369788));
#3180 = CARTESIAN_POINT('',(0.918925704466,184.4943043542));
#3181 = CARTESIAN_POINT('',(0.919996823054,185.371704801));
#3182 = CARTESIAN_POINT('',(0.921043153124,186.24934587859));
#3183 = CARTESIAN_POINT('',(0.923007576314,187.93675358534));
#3184 = CARTESIAN_POINT('',(0.923929081479,188.74628730774));
#3185 = CARTESIAN_POINT('',(0.924830042741,189.55582165029));
#3186 = CARTESIAN_POINT('',(0.925710814964,190.36535619698));
#3187 = CARTESIAN_POINT('',(0.926571738903,191.17489041682));
#3188 = CARTESIAN_POINT('',(0.927413148004,191.98442440161));
#3189 = CARTESIAN_POINT('',(0.928235367302,192.79395865821));
#3190 = CARTESIAN_POINT('',(0.929775096664,194.34556596507));
#3191 = CARTESIAN_POINT('',(0.930495622669,195.08763898764));
#3192 = CARTESIAN_POINT('',(0.93120052378,195.82971219336));
#3193 = CARTESIAN_POINT('',(0.931890028723,196.57178523972));
#3194 = CARTESIAN_POINT('',(0.932564361257,197.31385806864));
#3195 = CARTESIAN_POINT('',(0.933223741793,198.05593104778));
#3196 = CARTESIAN_POINT('',(0.933868382995,198.7980044558));
#3197 = CARTESIAN_POINT('',(0.935128575848,200.28215035456));
#3198 = CARTESIAN_POINT('',(0.935744128358,201.02422339859));
#3199 = CARTESIAN_POINT('',(0.936345334453,201.76629644299));
#3200 = CARTESIAN_POINT('',(0.936932386055,202.50836948726));
#3201 = CARTESIAN_POINT('',(0.937505469424,203.25044253111));
#3202 = CARTESIAN_POINT('',(0.938064765158,203.99251557446));
#3203 = CARTESIAN_POINT('',(0.938610448195,204.73458861742));
#3204 = CARTESIAN_POINT('',(0.939626541935,206.15127342257));
#3205 = CARTESIAN_POINT('',(0.940099286707,206.82588544616));
#3206 = CARTESIAN_POINT('',(0.940561047786,207.50049733847));
#3207 = CARTESIAN_POINT('',(0.941011950052,208.17510907866));
#3208 = CARTESIAN_POINT('',(0.941452115713,208.84972082847));
#3209 = CARTESIAN_POINT('',(0.941881662412,209.52433274296));
#3210 = CARTESIAN_POINT('',(0.942300701329,210.19894478127));
#3211 = CARTESIAN_POINT('',(0.943485359509,212.1546909467));
#3212 = CARTESIAN_POINT('',(0.944223989615,213.43603262318));
#3213 = CARTESIAN_POINT('',(0.944925914828,214.71756541243));
#3214 = CARTESIAN_POINT('',(0.94559181883,215.99927692281));
#3215 = CARTESIAN_POINT('',(0.946222314901,217.28115271938));
#3216 = CARTESIAN_POINT('',(0.946817997871,218.56318055279));
#3217 = CARTESIAN_POINT('',(0.947379476432,219.84535297766));
#3218 = CARTESIAN_POINT('',(0.948379139746,222.27418546474));
#3219 = CARTESIAN_POINT('',(0.94882408495,223.42081913841));
#3220 = CARTESIAN_POINT('',(0.949242449096,224.56754904099));
#3221 = CARTESIAN_POINT('',(0.949634580813,225.71436704347));
#3222 = CARTESIAN_POINT('',(0.950000813236,226.86126560255));
#3223 = CARTESIAN_POINT('',(0.950341464003,228.00823776064));
#3224 = CARTESIAN_POINT('',(0.950656835257,229.1552771459));
#3225 = CARTESIAN_POINT('',(0.951203337345,231.31416024719));
#3226 = CARTESIAN_POINT('',(0.951440020099,232.32599048733));
#3227 = CARTESIAN_POINT('',(0.95165745196,233.3378641485));
#3228 = CARTESIAN_POINT('',(0.95185580395,234.34977622853));
#3229 = CARTESIAN_POINT('',(0.952035238458,235.36172196004));
#3230 = CARTESIAN_POINT('',(0.952195913749,236.37369710237));
#3231 = CARTESIAN_POINT('',(0.952337982569,237.38569783243));
#3232 = CARTESIAN_POINT('',(0.95256869083,239.2746751022));
#3233 = CARTESIAN_POINT('',(0.952661932523,240.15164632673));
#3234 = CARTESIAN_POINT('',(0.952741395967,241.02863106015));
#3235 = CARTESIAN_POINT('',(0.952807178865,241.90562758768));
#3236 = CARTESIAN_POINT('',(0.952859368438,242.78263390262));
#3237 = CARTESIAN_POINT('',(0.952898033884,243.65964722146));
#3238 = CARTESIAN_POINT('',(0.952923233486,244.53666443921));
#3239 = CARTESIAN_POINT('',(0.952943949814,246.07600685353));
#3240 = CARTESIAN_POINT('',(0.952945222152,246.73833114069));
#3241 = CARTESIAN_POINT('',(0.952938880602,247.40065537369));
#3242 = CARTESIAN_POINT('',(0.952924951251,248.06297856093));
#3243 = CARTESIAN_POINT('',(0.95290345901,248.7252997319));
#3244 = CARTESIAN_POINT('',(0.952874427616,249.38761793728));
#3245 = CARTESIAN_POINT('',(0.952837879631,250.04993224884));
#3246 = CARTESIAN_POINT('',(0.952704105704,252.06158831299));
#3247 = CARTESIAN_POINT('',(0.952583262268,253.41091487003));
#3248 = CARTESIAN_POINT('',(0.95243149276,254.76021466693));
#3249 = CARTESIAN_POINT('',(0.952248991581,256.10948211572));
#3250 = CARTESIAN_POINT('',(0.952035738877,257.45870246637));
#3251 = CARTESIAN_POINT('',(0.951791939755,258.8078737128));
#3252 = CARTESIAN_POINT('',(0.951517602553,260.15698537062));
#3253 = CARTESIAN_POINT('',(0.950984133876,262.51809990804));
#3254 = CARTESIAN_POINT('',(0.950738320999,263.53013136579));
#3255 = CARTESIAN_POINT('',(0.95047537438,264.54212248232));
#3256 = CARTESIAN_POINT('',(0.950195337601,265.55407163136));
#3257 = CARTESIAN_POINT('',(0.949898195788,266.56597485929));
#3258 = CARTESIAN_POINT('',(0.949583920347,267.57782795759));
#3259 = CARTESIAN_POINT('',(0.94925251877,268.58962874465));
#3260 = CARTESIAN_POINT('',(0.948648308069,270.34344671351));
#3261 = CARTESIAN_POINT('',(0.9483834164,271.08551975258));
#3262 = CARTESIAN_POINT('',(0.948109276079,271.8275927916));
#3263 = CARTESIAN_POINT('',(0.947825875551,272.5696658306));
#3264 = CARTESIAN_POINT('',(0.947533201489,273.31173886957));
#3265 = CARTESIAN_POINT('',(0.947231238795,274.0538119085));
#3266 = CARTESIAN_POINT('',(0.946919970599,274.79588494738));
#3267 = CARTESIAN_POINT('',(0.946103768269,276.68514325552));
#3268 = CARTESIAN_POINT('',(0.945585914261,277.83223970391));
#3269 = CARTESIAN_POINT('',(0.945045735902,278.97924238279));
#3270 = CARTESIAN_POINT('',(0.944483142639,280.12614638865));
#3271 = CARTESIAN_POINT('',(0.943898033694,281.27294686311));
#3272 = CARTESIAN_POINT('',(0.943290298068,282.41963899289));
#3273 = CARTESIAN_POINT('',(0.942659814538,283.56621800983));
#3274 = CARTESIAN_POINT('',(0.941314139314,285.92748532397));
#3275 = CARTESIAN_POINT('',(0.940596137254,287.14215906263));
#3276 = CARTESIAN_POINT('',(0.939852289095,288.3566949906));
#3277 = CARTESIAN_POINT('',(0.939082456695,289.57108813565));
#3278 = CARTESIAN_POINT('',(0.938286335213,290.78532953985));
#3279 = CARTESIAN_POINT('',(0.937463788632,291.99941511533));
#3280 = CARTESIAN_POINT('',(0.936614534562,293.21333726341));
#3281 = CARTESIAN_POINT('',(0.934617468077,295.97976897887));
#3282 = CARTESIAN_POINT('',(0.933452511252,297.53217054533));
#3283 = CARTESIAN_POINT('',(0.932242875586,299.08427981874));
#3284 = CARTESIAN_POINT('',(0.930988202008,300.63608775758));
#3285 = CARTESIAN_POINT('',(0.929687541839,302.187572155));
#3286 = CARTESIAN_POINT('',(0.928340377361,303.73872207263));
#3287 = CARTESIAN_POINT('',(0.926945871828,305.28951931453));
#3288 = CARTESIAN_POINT('',(0.924246832443,308.19023328195));
#3289 = CARTESIAN_POINT('',(0.922953921491,309.54023872055));
#3290 = CARTESIAN_POINT('',(0.921623954992,310.88995329308));
#3291 = CARTESIAN_POINT('',(0.920256461135,312.23936656622));
#3292 = CARTESIAN_POINT('',(0.918850625537,313.58846380091));
#3293 = CARTESIAN_POINT('',(0.917405935283,314.93723409762));
#3294 = CARTESIAN_POINT('',(0.915921614114,316.28566321384));
#3295 = CARTESIAN_POINT('',(0.913098785256,318.78154179876));
#3296 = CARTESIAN_POINT('',(0.911771374464,319.92908868528));
#3297 = CARTESIAN_POINT('',(0.91041424413,321.0763696583));
#3298 = CARTESIAN_POINT('',(0.909026962644,322.22337609471));
#3299 = CARTESIAN_POINT('',(0.907608992236,323.3700983591));
#3300 = CARTESIAN_POINT('',(0.906159759034,324.51652634971));
#3301 = CARTESIAN_POINT('',(0.904678731766,325.66265006798));
#3302 = CARTESIAN_POINT('',(0.9018275107,327.82129307008));
#3303 = CARTESIAN_POINT('',(0.900464401394,328.83388110901));
#3304 = CARTESIAN_POINT('',(0.899075577226,329.84621552721));
#3305 = CARTESIAN_POINT('',(0.897660586198,330.85828851552));
#3306 = CARTESIAN_POINT('',(0.896219010333,331.87009212967));
#3307 = CARTESIAN_POINT('',(0.894750405465,332.881618038));
#3308 = CARTESIAN_POINT('',(0.893254245767,333.89285731254));
#3309 = CARTESIAN_POINT('',(0.890406520612,335.7816209526));
#3310 = CARTESIAN_POINT('',(0.889061856958,336.65921799926));
#3311 = CARTESIAN_POINT('',(0.887695700093,337.53658607011));
#3312 = CARTESIAN_POINT('',(0.886307701778,338.41371892091));
#3313 = CARTESIAN_POINT('',(0.884897501195,339.29061004699));
#3314 = CARTESIAN_POINT('',(0.88346472495,340.16725268331));
#3315 = CARTESIAN_POINT('',(0.882008987067,341.0436398044));
#3316 = CARTESIAN_POINT('',(0.877790598391,343.54234694386));
#3317 = CARTESIAN_POINT('',(0.874971177281,345.16402794127));
#3318 = CARTESIAN_POINT('',(0.872069154585,346.78476111144));
#3319 = CARTESIAN_POINT('',(0.869081524195,348.40449709758));
#3320 = CARTESIAN_POINT('',(0.866005581228,350.02318107913));
#3321 = CARTESIAN_POINT('',(0.862837922562,351.64075492574));
#3322 = CARTESIAN_POINT('',(0.859575313898,353.25715455442));
#3323 = CARTESIAN_POINT('',(0.853681354789,356.08930828148));
#3324 = CARTESIAN_POINT('',(0.851092655468,357.30559910493));
#3325 = CARTESIAN_POINT('',(0.848446334203,358.52115471788));
#3326 = CARTESIAN_POINT('',(0.845740711182,359.73594366015));
#3327 = CARTESIAN_POINT('',(0.842974017405,360.94993220089));
#3328 = CARTESIAN_POINT('',(0.840144386224,362.16308424205));
#3329 = CARTESIAN_POINT('',(0.837249844879,363.37536122182));
#3330 = CARTESIAN_POINT('',(0.832139810337,365.46552307417));
#3331 = CARTESIAN_POINT('',(0.829956056826,366.34384178284));
#3332 = CARTESIAN_POINT('',(0.8277362393,367.22166246154));
#3333 = CARTESIAN_POINT('',(0.825479508705,368.09896862374));
#3334 = CARTESIAN_POINT('',(0.823184980876,368.97574286128));
#3335 = CARTESIAN_POINT('',(0.820851738239,369.85196677807));
#3336 = CARTESIAN_POINT('',(0.818478825511,370.72762097499));
#3337 = CARTESIAN_POINT('',(0.814204537112,372.27729691988));
#3338 = CARTESIAN_POINT('',(0.812318693911,372.95190875825));
#3339 = CARTESIAN_POINT('',(0.810407182171,373.62652057018));
#3340 = CARTESIAN_POINT('',(0.808469447977,374.3011323863));
#3341 = CARTESIAN_POINT('',(0.806504919272,374.97574422506));
#3342 = CARTESIAN_POINT('',(0.804513005348,375.65035606807));
#3343 = CARTESIAN_POINT('',(0.802493087672,376.32496788455));
#3344 = CARTESIAN_POINT('',(0.797154205369,378.08309459225));
#3345 = CARTESIAN_POINT('',(0.793793225889,379.16553393266));
#3346 = CARTESIAN_POINT('',(0.79035924622,380.24684972483));
#3347 = CARTESIAN_POINT('',(0.786849825303,381.32699007722));
#3348 = CARTESIAN_POINT('',(0.783262383528,382.40589899141));
#3349 = CARTESIAN_POINT('',(0.779594187859,383.48351614544));
#3350 = CARTESIAN_POINT('',(0.77584233696,384.55977667703));
#3351 = CARTESIAN_POINT('',(0.768128758049,386.71963686734));
#3352 = CARTESIAN_POINT('',(0.764165383621,387.80320835133));
#3353 = CARTESIAN_POINT('',(0.760110446715,388.88525407299));
#3354 = CARTESIAN_POINT('',(0.755960489405,389.96569691594));
#3355 = CARTESIAN_POINT('',(0.751711891628,391.04445251175));
#3356 = CARTESIAN_POINT('',(0.747360811467,392.12142922801));
#3357 = CARTESIAN_POINT('',(0.742903100753,393.19652819995));
#3358 = CARTESIAN_POINT('',(0.733704778873,395.35704154573));
#3359 = CARTESIAN_POINT('',(0.728961204883,396.44240057527));
#3360 = CARTESIAN_POINT('',(0.724098965819,397.5256089042));
#3361 = CARTESIAN_POINT('',(0.719113398157,398.60654307815));
#3362 = CARTESIAN_POINT('',(0.713998808328,399.68507094096));
#3363 = CARTESIAN_POINT('',(0.708749804296,400.76104432823));
#3364 = CARTESIAN_POINT('',(0.703360129764,401.83430345833));
#3365 = CARTESIAN_POINT('',(0.695017116424,403.44713360698));
#3366 = CARTESIAN_POINT('',(0.692173198335,403.98885187263));
#3367 = CARTESIAN_POINT('',(0.689290606274,404.52980442572));
#3368 = CARTESIAN_POINT('',(0.686368449796,405.06996703419));
#3369 = CARTESIAN_POINT('',(0.683405802116,405.60931415675));
#3370 = CARTESIAN_POINT('',(0.680401700112,406.14781894286));
#3371 = CARTESIAN_POINT('',(0.677355144325,406.68545323274));
#3372 = CARTESIAN_POINT('',(0.670769659985,407.82933789177));
#3373 = CARTESIAN_POINT('',(0.667211931322,408.43648874746));
#3374 = CARTESIAN_POINT('',(0.66358973525,409.04363933232));
#3375 = CARTESIAN_POINT('',(0.659900754748,409.65078960556));
#3376 = CARTESIAN_POINT('',(0.656142514964,410.25793989402));
#3377 = CARTESIAN_POINT('',(0.65231236469,410.86509050831));
#3378 = CARTESIAN_POINT('',(0.648407457832,411.47224135907));
#3379 = CARTESIAN_POINT('',(0.639114446881,412.8889237786));
#3380 = CARTESIAN_POINT('',(0.633665783169,413.69846074905));
#3381 = CARTESIAN_POINT('',(0.628071486298,414.50799530821));
#3382 = CARTESIAN_POINT('',(0.622323679652,415.31752737764));
#3383 = CARTESIAN_POINT('',(0.616413325993,416.12705841502));
#3384 = CARTESIAN_POINT('',(0.610330890092,416.93659379412));
#3385 = CARTESIAN_POINT('',(0.604065153459,417.74613159839));
#3386 = CARTESIAN_POINT('',(0.592757594983,419.16281170968));
#3387 = CARTESIAN_POINT('',(0.587801346876,419.76996410498));
#3388 = CARTESIAN_POINT('',(0.582729676018,420.37711478702));
#3389 = CARTESIAN_POINT('',(0.577536826272,420.98426353258));
#3390 = CARTESIAN_POINT('',(0.572216464937,421.5914124325));
#3391 = CARTESIAN_POINT('',(0.566761587106,422.19856345099));
#3392 = CARTESIAN_POINT('',(0.561164420023,422.80571598494));
#3393 = CARTESIAN_POINT('',(0.550873196171,423.89273753172));
#3394 = CARTESIAN_POINT('',(0.546254731256,424.37060480741));
#3395 = CARTESIAN_POINT('',(0.541558804675,424.84638493908));
#3396 = CARTESIAN_POINT('',(0.536783184258,425.31999024286));
#3397 = CARTESIAN_POINT('',(0.531925533684,425.79132666227));
#3398 = CARTESIAN_POINT('',(0.526983412481,426.26029376815));
#3399 = CARTESIAN_POINT('',(0.521954276028,426.72678475873));
#3400 = CARTESIAN_POINT('',(0.508971282465,427.90339494769));
#3401 = CARTESIAN_POINT('',(0.500895523665,428.60998188052));
#3402 = CARTESIAN_POINT('',(0.492598434408,429.31004299734));
#3403 = CARTESIAN_POINT('',(0.484069707984,430.00312148928));
#3404 = CARTESIAN_POINT('',(0.475298444208,430.68870607667));
#3405 = CARTESIAN_POINT('',(0.466273076396,431.36622817368));
#3406 = CARTESIAN_POINT('',(0.456981276818,432.0350581404));
#3407 = CARTESIAN_POINT('',(0.437865586115,433.35207037166));
#3408 = CARTESIAN_POINT('',(0.428320734174,433.98119004441));
#3409 = CARTESIAN_POINT('',(0.41877536119,434.58316249423));
#3410 = CARTESIAN_POINT('',(0.40922931908,435.15919507033));
#3411 = CARTESIAN_POINT('',(0.399682415634,435.71040557543));
#3412 = CARTESIAN_POINT('',(0.390134413144,436.23782453615));
#3413 = CARTESIAN_POINT('',(0.380585070177,436.74239869873));
#3414 = CARTESIAN_POINT('',(0.355867758638,437.99138824937));
#3415 = CARTESIAN_POINT('',(0.340089951769,438.73308194595));
#3416 = CARTESIAN_POINT('',(0.32366467435,439.4476228241));
#3417 = CARTESIAN_POINT('',(0.306557117204,440.13205818305));
#3418 = CARTESIAN_POINT('',(0.288735053543,440.78298012998));
#3419 = CARTESIAN_POINT('',(0.270170241316,441.39657331446));
#3420 = CARTESIAN_POINT('',(0.250840642104,441.96869936867));
#3421 = CARTESIAN_POINT('',(0.205792358917,443.1479556196));
#3422 = CARTESIAN_POINT('',(0.179638209403,443.73086317408));
#3423 = CARTESIAN_POINT('',(0.152272760361,444.2346418128));
#3424 = CARTESIAN_POINT('',(0.123727687097,444.65016070876));
#3425 = CARTESIAN_POINT('',(9.407392696397E-02,444.96893799257));
#3426 = CARTESIAN_POINT('',(6.343338764952E-02,445.18410868888));
#3427 = CARTESIAN_POINT('',(3.199041983631E-02,445.29162761748));
#3428 = CARTESIAN_POINT('',(0.,445.29162761748));
#3429 = ( GEOMETRIC_REPRESENTATION_CONTEXT(2) 
PARAMETRIC_REPRESENTATION_CONTEXT() REPRESENTATION_CONTEXT('2D SPACE',''
  ) );
#3430 = PCURVE('',#3431,#3436);
#3431 = PLANE('',#3432);
#3432 = AXIS2_PLACEMENT_3D('',#3433,#3434,#3435);
#3433 = CARTESIAN_POINT('',(303.1,78.83,-50.5));
#3434 = DIRECTION('',(0.,0.,1.));
#3435 = DIRECTION('',(1.,0.,-0.));
#3436 = DEFINITIONAL_REPRESENTATION('',(#3437),#3797);
#3437 = B_SPLINE_CURVE_WITH_KNOTS('',8,(#3438,#3439,#3440,#3441,#3442,
    #3443,#3444,#3445,#3446,#3447,#3448,#3449,#3450,#3451,#3452,#3453,
    #3454,#3455,#3456,#3457,#3458,#3459,#3460,#3461,#3462,#3463,#3464,
    #3465,#3466,#3467,#3468,#3469,#3470,#3471,#3472,#3473,#3474,#3475,
    #3476,#3477,#3478,#3479,#3480,#3481,#3482,#3483,#3484,#3485,#3486,
    #3487,#3488,#3489,#3490,#3491,#3492,#3493,#3494,#3495,#3496,#3497,
    #3498,#3499,#3500,#3501,#3502,#3503,#3504,#3505,#3506,#3507,#3508,
    #3509,#3510,#3511,#3512,#3513,#3514,#3515,#3516,#3517,#3518,#3519,
    #3520,#3521,#3522,#3523,#3524,#3525,#3526,#3527,#3528,#3529,#3530,
    #3531,#3532,#3533,#3534,#3535,#3536,#3537,#3538,#3539,#3540,#3541,
    #3542,#3543,#3544,#3545,#3546,#3547,#3548,#3549,#3550,#3551,#3552,
    #3553,#3554,#3555,#3556,#3557,#3558,#3559,#3560,#3561,#3562,#3563,
    #3564,#3565,#3566,#3567,#3568,#3569,#3570,#3571,#3572,#3573,#3574,
    #3575,#3576,#3577,#3578,#3579,#3580,#3581,#3582,#3583,#3584,#3585,
    #3586,#3587,#3588,#3589,#3590,#3591,#3592,#3593,#3594,#3595,#3596,
    #3597,#3598,#3599,#3600,#3601,#3602,#3603,#3604,#3605,#3606,#3607,
    #3608,#3609,#3610,#3611,#3612,#3613,#3614,#3615,#3616,#3617,#3618,
    #3619,#3620,#3621,#3622,#3623,#3624,#3625,#3626,#3627,#3628,#3629,
    #3630,#3631,#3632,#3633,#3634,#3635,#3636,#3637,#3638,#3639,#3640,
    #3641,#3642,#3643,#3644,#3645,#3646,#3647,#3648,#3649,#3650,#3651,
    #3652,#3653,#3654,#3655,#3656,#3657,#3658,#3659,#3660,#3661,#3662,
    #3663,#3664,#3665,#3666,#3667,#3668,#3669,#3670,#3671,#3672,#3673,
    #3674,#3675,#3676,#3677,#3678,#3679,#3680,#3681,#3682,#3683,#3684,
    #3685,#3686,#3687,#3688,#3689,#3690,#3691,#3692,#3693,#3694,#3695,
    #3696,#3697,#3698,#3699,#3700,#3701,#3702,#3703,#3704,#3705,#3706,
    #3707,#3708,#3709,#3710,#3711,#3712,#3713,#3714,#3715,#3716,#3717,
    #3718,#3719,#3720,#3721,#3722,#3723,#3724,#3725,#3726,#3727,#3728,
    #3729,#3730,#3731,#3732,#3733,#3734,#3735,#3736,#3737,#3738,#3739,
    #3740,#3741,#3742,#3743,#3744,#3745,#3746,#3747,#3748,#3749,#3750,
    #3751,#3752,#3753,#3754,#3755,#3756,#3757,#3758,#3759,#3760,#3761,
    #3762,#3763,#3764,#3765,#3766,#3767,#3768,#3769,#3770,#3771,#3772,
    #3773,#3774,#3775,#3776,#3777,#3778,#3779,#3780,#3781,#3782,#3783,
    #3784,#3785,#3786,#3787,#3788,#3789,#3790,#3791,#3792,#3793,#3794,
    #3795,#3796),.UNSPECIFIED.,.F.,.F.,(9,7,7,7,7,7,7,7,7,7,7,7,7,7,7,7,
    7,7,7,7,7,7,7,7,7,7,7,7,7,7,7,7,7,7,7,7,7,7,7,7,7,7,7,7,7,7,7,7,7,7,
    7,9),(0.,3.909354386749E-02,6.969289768022E-02,8.171544313979E-02,
    0.102496747407,0.123415593515,0.141959639515,0.155992804324,
    0.176814232284,0.197280678921,0.217500130775,0.232255929977,
    0.256311996198,0.268300164885,0.280288333582,0.298908615157,
    0.316156333861,0.332061390222,0.34664102334,0.361220660137,
    0.374474873541,0.399645543152,0.422151049906,0.442001678815,
    0.459202983459,0.4721933796,0.498659172372,0.518514087281,
    0.533076845754,0.555589699781,0.579444631461,0.609960779304,
    0.6365376277,0.659166215567,0.679168692105,0.696537192883,
    0.728703667798,0.752940627961,0.770523718195,0.784079022998,
    0.805850616836,0.827828649574,0.850099264028,0.861385969799,
    0.87415341706,0.891176650352,0.903944094141,0.914035123866,
    0.92953832751,0.944997504035,0.969547178168,1.),.UNSPECIFIED.);
#3438 = CARTESIAN_POINT('',(-263.9906468756,-78.83));
#3439 = CARTESIAN_POINT('',(-263.9906468756,-76.27982844818));
#3440 = CARTESIAN_POINT('',(-263.8957362495,-73.72889923765));
#3441 = CARTESIAN_POINT('',(-263.705815383,-71.19193053453));
#3442 = CARTESIAN_POINT('',(-263.423387972,-68.6809949715));
#3443 = CARTESIAN_POINT('',(-263.0526870293,-66.20586790589));
#3444 = CARTESIAN_POINT('',(-262.599034756,-63.77434274751));
#3445 = CARTESIAN_POINT('',(-262.0683679274,-61.3924871713));
#3446 = CARTESIAN_POINT('',(-260.9960476538,-57.2428944243));
#3447 = CARTESIAN_POINT('',(-260.4816385389,-55.45341118041));
#3448 = CARTESIAN_POINT('',(-259.9262891119,-53.69762847668));
#3449 = CARTESIAN_POINT('',(-259.332608336,-51.97625387992));
#3450 = CARTESIAN_POINT('',(-258.7030733016,-50.28955456351));
#3451 = CARTESIAN_POINT('',(-258.039971251,-48.63742736632));
#3452 = CARTESIAN_POINT('',(-257.3453543336,-47.01944237596));
#3453 = CARTESIAN_POINT('',(-256.3363899986,-44.81230197899));
#3454 = CARTESIAN_POINT('',(-256.0420569318,-44.18364284538));
#3455 = CARTESIAN_POINT('',(-255.7376068198,-43.54873914966));
#3456 = CARTESIAN_POINT('',(-255.4226244786,-42.90741559436));
#3457 = CARTESIAN_POINT('',(-255.0966642563,-42.25948695859));
#3458 = CARTESIAN_POINT('',(-254.7592477895,-41.60476030269));
#3459 = CARTESIAN_POINT('',(-254.40986176,-40.94303717297));
#3460 = CARTESIAN_POINT('',(-253.4223908753,-39.1178666164));
#3461 = CARTESIAN_POINT('',(-252.7814470492,-37.98082712184));
#3462 = CARTESIAN_POINT('',(-252.1258120561,-36.86261748739));
#3463 = CARTESIAN_POINT('',(-251.4561293283,-35.76286726966));
#3464 = CARTESIAN_POINT('',(-250.7729977691,-34.68121207238));
#3465 = CARTESIAN_POINT('',(-250.0769716758,-33.6172902015));
#3466 = CARTESIAN_POINT('',(-249.3685606618,-32.57073932033));
#3467 = CARTESIAN_POINT('',(-247.9231309577,-30.50483279874));
#3468 = CARTESIAN_POINT('',(-247.1859679693,-29.48572139748));
#3469 = CARTESIAN_POINT('',(-246.4372209266,-28.48348602675));
#3470 = CARTESIAN_POINT('',(-245.6773424903,-27.49777432408));
#3471 = CARTESIAN_POINT('',(-244.9067579815,-26.52825093945));
#3472 = CARTESIAN_POINT('',(-244.1258656927,-25.57459403615));
#3473 = CARTESIAN_POINT('',(-243.3350371998,-24.63649179162));
#3474 = CARTESIAN_POINT('',(-241.8250653194,-22.89555235482));
#3475 = CARTESIAN_POINT('',(-241.1079814091,-22.08945572873));
#3476 = CARTESIAN_POINT('',(-240.3836094603,-21.2951426113));
#3477 = CARTESIAN_POINT('',(-239.6521797902,-20.51240387183));
#3478 = CARTESIAN_POINT('',(-238.9139135544,-19.74104596945));
#3479 = CARTESIAN_POINT('',(-238.169022086,-18.9808849344));
#3480 = CARTESIAN_POINT('',(-237.4177054524,-18.23173728809));
#3481 = CARTESIAN_POINT('',(-236.0868789112,-16.93471617688));
#3482 = CARTESIAN_POINT('',(-235.5118246003,-16.38395641676));
#3483 = CARTESIAN_POINT('',(-234.9350213329,-15.84091663903));
#3484 = CARTESIAN_POINT('',(-234.3564989566,-15.30538246556));
#3485 = CARTESIAN_POINT('',(-233.7762852486,-14.77715315397));
#3486 = CARTESIAN_POINT('',(-233.1944056347,-14.25603897361));
#3487 = CARTESIAN_POINT('',(-232.6108844239,-13.74186119589));
#3488 = CARTESIAN_POINT('',(-231.1575624282,-12.48160044513));
#3489 = CARTESIAN_POINT('',(-230.2827799923,-11.74101613187));
#3490 = CARTESIAN_POINT('',(-229.4016179894,-11.0124966337));
#3491 = CARTESIAN_POINT('',(-228.5142832546,-10.29584454075));
#3492 = CARTESIAN_POINT('',(-227.6209767108,-9.590871838835));
#3493 = CARTESIAN_POINT('',(-226.7218940199,-8.897399102563));
#3494 = CARTESIAN_POINT('',(-225.817221895,-8.215252201443));
#3495 = CARTESIAN_POINT('',(-224.0125542687,-6.884700538725));
#3496 = CARTESIAN_POINT('',(-223.1127441681,-6.235920368333));
#3497 = CARTESIAN_POINT('',(-222.2078655516,-5.597752672001));
#3498 = CARTESIAN_POINT('',(-221.2980781704,-4.970040319001));
#3499 = CARTESIAN_POINT('',(-220.3835371402,-4.352631730411));
#3500 = CARTESIAN_POINT('',(-219.4643932486,-3.745380228083));
#3501 = CARTESIAN_POINT('',(-218.5407921774,-3.148143385859));
#3502 = CARTESIAN_POINT('',(-216.6961514917,-1.980509816516));
#3503 = CARTESIAN_POINT('',(-215.7752156094,-1.409876636496));
#3504 = CARTESIAN_POINT('',(-214.8501953825,-0.848748625995));
#3505 = CARTESIAN_POINT('',(-213.9212177014,-0.296995713044));
#3506 = CARTESIAN_POINT('',(-212.9884059412,0.245508398727));
#3507 = CARTESIAN_POINT('',(-212.0518799465,0.778886599474));
#3508 = CARTESIAN_POINT('',(-211.1117560155,1.303258742543));
#3509 = CARTESIAN_POINT('',(-209.4795175907,2.194932609859));
#3510 = CARTESIAN_POINT('',(-208.7896622774,2.566044873479));
#3511 = CARTESIAN_POINT('',(-208.0986067683,2.93215321566));
#3512 = CARTESIAN_POINT('',(-207.4063731932,3.293328476516));
#3513 = CARTESIAN_POINT('',(-206.7129831937,3.649638749517));
#3514 = CARTESIAN_POINT('',(-206.018459357,4.00114984134));
#3515 = CARTESIAN_POINT('',(-205.322824879,4.347925367416));
#3516 = CARTESIAN_POINT('',(-203.4902480508,5.247746670384));
#3517 = CARTESIAN_POINT('',(-202.3501509203,5.793705373374));
#3518 = CARTESIAN_POINT('',(-201.2059781815,6.328081851185));
#3519 = CARTESIAN_POINT('',(-200.0578604659,6.851036020186));
#3520 = CARTESIAN_POINT('',(-198.9060089106,7.362760607237));
#3521 = CARTESIAN_POINT('',(-197.7505012624,7.863386238115));
#3522 = CARTESIAN_POINT('',(-196.5915046561,8.353083167114));
#3523 = CARTESIAN_POINT('',(-194.8498859391,9.070664398292));
#3524 = CARTESIAN_POINT('',(-194.2700382614,9.306551614372));
#3525 = CARTESIAN_POINT('',(-193.689608842,9.539687029661));
#3526 = CARTESIAN_POINT('',(-193.1086081811,9.770095742724));
#3527 = CARTESIAN_POINT('',(-192.5270467787,9.997802313744));
#3528 = CARTESIAN_POINT('',(-191.9449351342,10.222830764522));
#3529 = CARTESIAN_POINT('',(-191.3622837465,10.44520457848));
#3530 = CARTESIAN_POINT('',(-190.1959224811,10.884688822997));
#3531 = CARTESIAN_POINT('',(-189.6122126891,11.101799330199));
#3532 = CARTESIAN_POINT('',(-189.0279826349,11.316300750615));
#3533 = CARTESIAN_POINT('',(-188.4432412147,11.528215180412));
#3534 = CARTESIAN_POINT('',(-187.8579973236,11.737564283577));
#3535 = CARTESIAN_POINT('',(-187.2722598562,11.944369291911));
#3536 = CARTESIAN_POINT('',(-186.6860377058,12.148651005034));
#3537 = CARTESIAN_POINT('',(-185.1880679,12.663836941553));
#3538 = CARTESIAN_POINT('',(-184.2752236309,12.971351351936));
#3539 = CARTESIAN_POINT('',(-183.3608582592,13.273035542515));
#3540 = CARTESIAN_POINT('',(-182.4450160062,13.568945023805));
#3541 = CARTESIAN_POINT('',(-181.5277473527,13.85914146329));
#3542 = CARTESIAN_POINT('',(-180.6091016409,14.143685433057));
#3543 = CARTESIAN_POINT('',(-179.6891188366,14.422628462333));
#3544 = CARTESIAN_POINT('',(-177.9144723607,14.94926687404));
#3545 = CARTESIAN_POINT('',(-177.0599929243,15.197750052791));
#3546 = CARTESIAN_POINT('',(-176.2044351695,15.441516172898));
#3547 = CARTESIAN_POINT('',(-175.347831674,15.680607276279));
#3548 = CARTESIAN_POINT('',(-174.4902144631,15.915064929808));
#3549 = CARTESIAN_POINT('',(-173.6316150093,16.144930225313));
#3550 = CARTESIAN_POINT('',(-172.7720642328,16.370243779574));
#3551 = CARTESIAN_POINT('',(-171.1181048737,16.794659185757));
#3552 = CARTESIAN_POINT('',(-170.3240283085,16.994386281295));
#3553 = CARTESIAN_POINT('',(-169.529380324,17.190264540128));
#3554 = CARTESIAN_POINT('',(-168.7341755548,17.382327491577));
#3555 = CARTESIAN_POINT('',(-167.9384283028,17.57060772374));
#3556 = CARTESIAN_POINT('',(-167.1421536548,17.755138237107));
#3557 = CARTESIAN_POINT('',(-166.3453671683,17.935952103156));
#3558 = CARTESIAN_POINT('',(-164.8172395112,18.27544803803));
#3559 = CARTESIAN_POINT('',(-164.085977877,18.434718772013));
#3560 = CARTESIAN_POINT('',(-163.3543101611,18.590917560278));
#3561 = CARTESIAN_POINT('',(-162.622247508,18.744067828791));
#3562 = CARTESIAN_POINT('',(-161.8898013609,18.894193153537));
#3563 = CARTESIAN_POINT('',(-161.1569836537,19.041317565824));
#3564 = CARTESIAN_POINT('',(-160.4238061024,19.185464508426));
#3565 = CARTESIAN_POINT('',(-158.9567509015,19.467844412324));
#3566 = CARTESIAN_POINT('',(-158.2228727387,19.606077519172));
#3567 = CARTESIAN_POINT('',(-157.4886538051,19.741375003108));
#3568 = CARTESIAN_POINT('',(-156.7541037999,19.873757822855));
#3569 = CARTESIAN_POINT('',(-156.0192324219,20.003246655864));
#3570 = CARTESIAN_POINT('',(-155.2840493697,20.129861898315));
#3571 = CARTESIAN_POINT('',(-154.5485643418,20.253623665114));
#3572 = CARTESIAN_POINT('',(-153.143898671,20.484486433321));
#3573 = CARTESIAN_POINT('',(-152.4747686177,20.592079396325));
#3574 = CARTESIAN_POINT('',(-151.8054041713,20.697345164248));
#3575 = CARTESIAN_POINT('',(-151.1358128444,20.800298680131));
#3576 = CARTESIAN_POINT('',(-150.4660021099,20.900954885528));
#3577 = CARTESIAN_POINT('',(-149.795979143,20.999328261321));
#3578 = CARTESIAN_POINT('',(-149.1257505636,21.095432368537));
#3579 = CARTESIAN_POINT('',(-147.1821322235,21.367501383782));
#3580 = CARTESIAN_POINT('',(-145.908015679,21.537613357033));
#3581 = CARTESIAN_POINT('',(-144.6330286125,21.69969549218));
#3582 = CARTESIAN_POINT('',(-143.3572288994,21.853833654475));
#3583 = CARTESIAN_POINT('',(-142.0806693932,22.000103785206));
#3584 = CARTESIAN_POINT('',(-140.8034031054,22.138583628749));
#3585 = CARTESIAN_POINT('',(-139.525486339,22.26935991391));
#3586 = CARTESIAN_POINT('',(-137.1038195492,22.502599877797));
#3587 = CARTESIAN_POINT('',(-135.9601906489,22.606595196709));
#3588 = CARTESIAN_POINT('',(-134.8161132574,22.704534656666));
#3589 = CARTESIAN_POINT('',(-133.6716210575,22.796467311624));
#3590 = CARTESIAN_POINT('',(-132.5267471737,22.88244168042));
#3591 = CARTESIAN_POINT('',(-131.3815241719,22.962505746775));
#3592 = CARTESIAN_POINT('',(-130.2359840592,23.036706959292));
#3593 = CARTESIAN_POINT('',(-128.0795006484,23.165410387166));
#3594 = CARTESIAN_POINT('',(-127.0686210114,23.221204446334));
#3595 = CARTESIAN_POINT('',(-126.0575403338,23.272504834799));
#3596 = CARTESIAN_POINT('',(-125.0462783621,23.319339184543));
#3597 = CARTESIAN_POINT('',(-124.0348545307,23.36173471671));
#3598 = CARTESIAN_POINT('',(-123.0232883381,23.399719241798));
#3599 = CARTESIAN_POINT('',(-122.0115991956,23.433320777026));
#3600 = CARTESIAN_POINT('',(-120.1230492825,23.487907659123));
#3601 = CARTESIAN_POINT('',(-119.2462146874,23.509978748102));
#3602 = CARTESIAN_POINT('',(-118.3693137797,23.528795066888));
#3603 = CARTESIAN_POINT('',(-117.4923593239,23.544376229784));
#3604 = CARTESIAN_POINT('',(-116.6153635335,23.556740168203));
#3605 = CARTESIAN_POINT('',(-115.73833755,23.565901321726));
#3606 = CARTESIAN_POINT('',(-114.8612919013,23.571872298367));
#3607 = CARTESIAN_POINT('',(-113.3218882721,23.576781071387));
#3608 = CARTESIAN_POINT('',(-112.6595338836,23.577082617012));
#3609 = CARTESIAN_POINT('',(-111.99717948,23.575579908609));
#3610 = CARTESIAN_POINT('',(-111.3348297461,23.572279168132));
#3611 = CARTESIAN_POINT('',(-110.6724893454,23.567186571778));
#3612 = CARTESIAN_POINT('',(-110.0101629203,23.560308249978));
#3613 = CARTESIAN_POINT('',(-109.3478550917,23.551650287403));
#3614 = CARTESIAN_POINT('',(-107.3362745913,23.519966128377));
#3615 = CARTESIAN_POINT('',(-105.9870748467,23.491351268654));
#3616 = CARTESIAN_POINT('',(-104.6380097873,23.455426517991));
#3617 = CARTESIAN_POINT('',(-103.289119694,23.412249933915));
#3618 = CARTESIAN_POINT('',(-101.9404335025,23.361832652066));
#3619 = CARTESIAN_POINT('',(-100.5919929609,23.30424275306));
#3620 = CARTESIAN_POINT('',(-99.24382958946,23.239505366759));
#3621 = CARTESIAN_POINT('',(-96.88480752432,23.113768624181));
#3622 = CARTESIAN_POINT('',(-95.87381207745,23.055874729236));
#3623 = CARTESIAN_POINT('',(-94.86300698672,22.993997151687));
#3624 = CARTESIAN_POINT('',(-93.85240767439,22.928158581797));
#3625 = CARTESIAN_POINT('',(-92.84202770393,22.858369076977));
#3626 = CARTESIAN_POINT('',(-91.83188025664,22.784636595562));
#3627 = CARTESIAN_POINT('',(-90.82197980182,22.706978715818));
#3628 = CARTESIAN_POINT('',(-89.07181035439,22.565574514636));
#3629 = CARTESIAN_POINT('',(-88.33139118441,22.503635134037));
#3630 = CARTESIAN_POINT('',(-87.59108629677,22.439591510691));
#3631 = CARTESIAN_POINT('',(-86.85089986205,22.373447944909));
#3632 = CARTESIAN_POINT('',(-86.11083605084,22.305208649962));
#3633 = CARTESIAN_POINT('',(-85.37089903373,22.234877752081));
#3634 = CARTESIAN_POINT('',(-84.63109298131,22.162459290454));
#3635 = CARTESIAN_POINT('',(-82.74795028192,21.972783000587));
#3636 = CARTESIAN_POINT('',(-81.60489005483,21.852638427599));
#3637 = CARTESIAN_POINT('',(-80.46226057848,21.7275353369));
#3638 = CARTESIAN_POINT('',(-79.32008098333,21.597485134875));
#3639 = CARTESIAN_POINT('',(-78.17837033473,21.462498795656));
#3640 = CARTESIAN_POINT('',(-77.03714763296,21.322586861124));
#3641 = CARTESIAN_POINT('',(-75.89643181317,21.177759440905));
#3642 = CARTESIAN_POINT('',(-73.54808057078,20.869366811291));
#3643 = CARTESIAN_POINT('',(-72.34050975921,20.705199014309));
#3644 = CARTESIAN_POINT('',(-71.1335515772,20.535534438318));
#3645 = CARTESIAN_POINT('',(-69.92722873349,20.360391222701));
#3646 = CARTESIAN_POINT('',(-68.7215633816,20.17975216845));
#3647 = CARTESIAN_POINT('',(-67.5165781965,19.993641256226));
#3648 = CARTESIAN_POINT('',(-66.31229543511,19.802051814316));
#3649 = CARTESIAN_POINT('',(-63.56910008078,19.352901611742));
#3650 = CARTESIAN_POINT('',(-62.03064892407,19.091859168498));
#3651 = CARTESIAN_POINT('',(-60.4934319764,18.821855716136));
#3652 = CARTESIAN_POINT('',(-58.95749292113,18.542942811446));
#3653 = CARTESIAN_POINT('',(-57.42288513605,18.255047894478));
#3654 = CARTESIAN_POINT('',(-55.8896535631,17.958203761321));
#3655 = CARTESIAN_POINT('',(-54.35784859715,17.652380285128));
#3656 = CARTESIAN_POINT('',(-51.49473788449,17.063394674021));
#3657 = CARTESIAN_POINT('',(-50.16307612953,16.782403251807));
#3658 = CARTESIAN_POINT('',(-48.83256633594,16.494581004899));
#3659 = CARTESIAN_POINT('',(-47.50323890974,16.199937075309));
#3660 = CARTESIAN_POINT('',(-46.17513343886,15.898412158349));
#3661 = CARTESIAN_POINT('',(-44.84828018046,15.590018311366));
#3662 = CARTESIAN_POINT('',(-43.52271628481,15.274716756031));
#3663 = CARTESIAN_POINT('',(-41.07096599577,14.678131171913));
#3664 = CARTESIAN_POINT('',(-39.94441552594,14.398752172477));
#3665 = CARTESIAN_POINT('',(-38.81884751942,14.114334066329));
#3666 = CARTESIAN_POINT('',(-37.69428226234,13.824870547375));
#3667 = CARTESIAN_POINT('',(-36.57074405387,13.530336703393));
#3668 = CARTESIAN_POINT('',(-35.4482580502,13.230703979922));
#3669 = CARTESIAN_POINT('',(-34.32684678663,12.925956890169));
#3670 = CARTESIAN_POINT('',(-32.21623922019,12.342142901161));
#3671 = CARTESIAN_POINT('',(-31.22680261362,12.064200215916));
#3672 = CARTESIAN_POINT('',(-30.23824170255,11.78222593669));
#3673 = CARTESIAN_POINT('',(-29.25057517848,11.496197461906));
#3674 = CARTESIAN_POINT('',(-28.26381909851,11.206101633554));
#3675 = CARTESIAN_POINT('',(-27.2779903299,10.911922795142));
#3676 = CARTESIAN_POINT('',(-26.29310966363,10.613631886536));
#3677 = CARTESIAN_POINT('',(-24.45484589825,10.048606969118));
#3678 = CARTESIAN_POINT('',(-23.60122508612,9.782889709823));
#3679 = CARTESIAN_POINT('',(-22.74834581515,9.514040292896));
#3680 = CARTESIAN_POINT('',(-21.89622088878,9.242042852914));
#3681 = CARTESIAN_POINT('',(-21.04486332429,8.966881014265));
#3682 = CARTESIAN_POINT('',(-20.1942863528,8.688537891146));
#3683 = CARTESIAN_POINT('',(-19.34450341925,8.406996087562));
#3684 = CARTESIAN_POINT('',(-16.92322548304,7.594864970481));
#3685 = CARTESIAN_POINT('',(-15.35369392832,7.056458632275));
#3686 = CARTESIAN_POINT('',(-13.78701511468,6.506917536785));
#3687 = CARTESIAN_POINT('',(-12.22329941931,5.946063433168));
#3688 = CARTESIAN_POINT('',(-10.66262707684,5.37380290625));
#3689 = CARTESIAN_POINT('',(-9.105117177691,4.789940840032));
#3690 = CARTESIAN_POINT('',(-7.5508644632,4.194346506827));
#3691 = CARTESIAN_POINT('',(-4.831420495934,3.129083972903));
#3692 = CARTESIAN_POINT('',(-3.664771745529,2.664566808125));
#3693 = CARTESIAN_POINT('',(-2.500088939688,2.193203473319));
#3694 = CARTESIAN_POINT('',(-1.337424024747,1.714910879522));
#3695 = CARTESIAN_POINT('',(-0.17683081129,1.229602420952));
#3696 = CARTESIAN_POINT('',(0.981634969535,0.73718759886));
#3697 = CARTESIAN_POINT('',(2.137915609689,0.237571645382));
#3698 = CARTESIAN_POINT('',(4.129165058672,-0.637095530322));
#3699 = CARTESIAN_POINT('',(4.965197368238,-1.008687950215));
#3700 = CARTESIAN_POINT('',(5.800024695214,-1.384161633312));
#3701 = CARTESIAN_POINT('',(6.633621887816,-1.763559134289));
#3702 = CARTESIAN_POINT('',(7.465963002698,-2.146924448684));
#3703 = CARTESIAN_POINT('',(8.29702161256,-2.534302415615));
#3704 = CARTESIAN_POINT('',(9.126770662553,-2.925739116032));
#3705 = CARTESIAN_POINT('',(10.593827662053,-3.626219512123));
#3706 = CARTESIAN_POINT('',(11.232010329537,-3.93375548677));
#3707 = CARTESIAN_POINT('',(11.869725200979,-4.243921883988));
#3708 = CARTESIAN_POINT('',(12.506967126828,-4.556751435419));
#3709 = CARTESIAN_POINT('',(13.143731261844,-4.872277507983));
#3710 = CARTESIAN_POINT('',(13.780013119954,-5.190534039722));
#3711 = CARTESIAN_POINT('',(14.415807907021,-5.511556814293));
#3712 = CARTESIAN_POINT('',(16.07148605603,-6.355498253102));
#3713 = CARTESIAN_POINT('',(17.089577255902,-6.882333236652));
#3714 = CARTESIAN_POINT('',(18.105318121088,-7.416004267139));
#3715 = CARTESIAN_POINT('',(19.118640876604,-7.95662925647));
#3716 = CARTESIAN_POINT('',(20.129474449715,-8.504331457569));
#3717 = CARTESIAN_POINT('',(21.137744337103,-9.059240135867));
#3718 = CARTESIAN_POINT('',(22.143372472022,-9.621491240784));
#3719 = CARTESIAN_POINT('',(24.158691282327,-10.76636717527));
#3720 = CARTESIAN_POINT('',(25.168329478199,-11.34913362854));
#3721 = CARTESIAN_POINT('',(26.175107681255,-11.93967526495));
#3722 = CARTESIAN_POINT('',(27.178928783122,-12.53816041218));
#3723 = CARTESIAN_POINT('',(28.179694567205,-13.14475805735));
#3724 = CARTESIAN_POINT('',(29.177302299468,-13.7596443709));
#3725 = CARTESIAN_POINT('',(30.171639461297,-14.38301243711));
#3726 = CARTESIAN_POINT('',(32.166732888126,-15.65552576617));
#3727 = CARTESIAN_POINT('',(33.167396785085,-16.30490194139));
#3728 = CARTESIAN_POINT('',(34.164456300218,-16.96340867232));
#3729 = CARTESIAN_POINT('',(35.157802585837,-17.63123486273));
#3730 = CARTESIAN_POINT('',(36.147254594352,-18.30867596611));
#3731 = CARTESIAN_POINT('',(37.132684108023,-18.99594850494));
#3732 = CARTESIAN_POINT('',(38.113912365123,-19.69334530137));
#3733 = CARTESIAN_POINT('',(39.585833476873,-20.75987005983));
#3734 = CARTESIAN_POINT('',(40.079776780294,-21.12126045996));
#3735 = CARTESIAN_POINT('',(40.572572753766,-21.48536289308));
#3736 = CARTESIAN_POINT('',(41.064197260333,-21.85221650485));
#3737 = CARTESIAN_POINT('',(41.554625103572,-22.2218618505));
#3738 = CARTESIAN_POINT('',(42.043830027588,-22.59434089483));
#3739 = CARTESIAN_POINT('',(42.531784717015,-22.96969701219));
#3740 = CARTESIAN_POINT('',(43.568985574656,-23.77588054068));
#3741 = CARTESIAN_POINT('',(44.118918478603,-24.20833762359));
#3742 = CARTESIAN_POINT('',(44.66825132102,-24.6454729591));
#3743 = CARTESIAN_POINT('',(45.216976592812,-25.08742154534));
#3744 = CARTESIAN_POINT('',(45.76508711715,-25.53432760055));
#3745 = CARTESIAN_POINT('',(46.312575702995,-25.98634550892));
#3746 = CARTESIAN_POINT('',(46.85943479863,-26.44364076639));
#3747 = CARTESIAN_POINT('',(48.133950002286,-27.52339006268));
#3748 = CARTESIAN_POINT('',(48.861115704364,-28.15009094917));
#3749 = CARTESIAN_POINT('',(49.587126679819,-28.78691428015));
#3750 = CARTESIAN_POINT('',(50.311973690276,-29.4343126944));
#3751 = CARTESIAN_POINT('',(51.03562194499,-30.09282300922));
#3752 = CARTESIAN_POINT('',(51.758084157586,-30.76298623656));
#3753 = CARTESIAN_POINT('',(52.479320137309,-31.4454666217));
#3754 = CARTESIAN_POINT('',(53.739293084366,-32.66262170397));
#3755 = CARTESIAN_POINT('',(54.278583774528,-33.19159912917));
#3756 = CARTESIAN_POINT('',(54.817162647091,-33.7282218592));
#3757 = CARTESIAN_POINT('',(55.355020264226,-34.27282612049));
#3758 = CARTESIAN_POINT('',(55.892149238236,-34.82578291321));
#3759 = CARTESIAN_POINT('',(56.428542072493,-35.38750277015));
#3760 = CARTESIAN_POINT('',(56.964189002371,-35.95844051545));
#3761 = CARTESIAN_POINT('',(57.921835397838,-36.99803702389));
#3762 = CARTESIAN_POINT('',(58.342355113414,-37.46113241929));
#3763 = CARTESIAN_POINT('',(58.760565949628,-37.92847003219));
#3764 = CARTESIAN_POINT('',(59.176393737041,-38.40013709498));
#3765 = CARTESIAN_POINT('',(59.58975917006,-38.87622424991));
#3766 = CARTESIAN_POINT('',(60.000577806945,-39.3568255491));
#3767 = CARTESIAN_POINT('',(60.408760069799,-39.8420384545));
#3768 = CARTESIAN_POINT('',(61.437120135064,-41.08465342435));
#3769 = CARTESIAN_POINT('',(62.053573416773,-41.84845823229));
#3770 = CARTESIAN_POINT('',(62.663232388765,-42.62375662981));
#3771 = CARTESIAN_POINT('',(63.26571687111,-43.41093659392));
#3772 = CARTESIAN_POINT('',(63.860604287036,-44.2103980711));
#3773 = CARTESIAN_POINT('',(64.447427963542,-45.02255668938));
#3774 = CARTESIAN_POINT('',(65.025674650514,-45.84784882208));
#3775 = CARTESIAN_POINT('',(66.162271676031,-47.52324484605));
#3776 = CARTESIAN_POINT('',(66.704176572572,-48.34895419143));
#3777 = CARTESIAN_POINT('',(67.221762767026,-49.16427542009));
#3778 = CARTESIAN_POINT('',(67.716196314006,-49.96961471844));
#3779 = CARTESIAN_POINT('',(68.188556973039,-50.76536020794));
#3780 = CARTESIAN_POINT('',(68.639835003087,-51.5518829336));
#3781 = CARTESIAN_POINT('',(69.070931144779,-52.32953537861));
#3782 = CARTESIAN_POINT('',(70.13655223754,-54.3199750812));
#3783 = CARTESIAN_POINT('',(70.767840586709,-55.56869021695));
#3784 = CARTESIAN_POINT('',(71.374589599263,-56.84590742446));
#3785 = CARTESIAN_POINT('',(71.954449250314,-58.1524978385));
#3786 = CARTESIAN_POINT('',(72.504714040507,-59.48903702756));
#3787 = CARTESIAN_POINT('',(73.022365835007,-60.85576432079));
#3788 = CARTESIAN_POINT('',(73.504141329144,-62.25251411157));
#3789 = CARTESIAN_POINT('',(74.49555050235,-65.44759397805));
#3790 = CARTESIAN_POINT('',(74.984397091453,-67.26291871952));
#3791 = CARTESIAN_POINT('',(75.405947101301,-69.12139883223));
#3792 = CARTESIAN_POINT('',(75.753000879933,-71.01833099113));
#3793 = CARTESIAN_POINT('',(76.018905341863,-72.94728828092));
#3794 = CARTESIAN_POINT('',(76.198272174066,-74.89985153162));
#3795 = CARTESIAN_POINT('',(76.287900653056,-76.86526302271));
#3796 = CARTESIAN_POINT('',(76.287900653056,-78.83));
#3797 = ( GEOMETRIC_REPRESENTATION_CONTEXT(2) 
PARAMETRIC_REPRESENTATION_CONTEXT() REPRESENTATION_CONTEXT('2D SPACE',''
  ) );
#3798 = ORIENTED_EDGE('',*,*,#3799,.T.);
#3799 = EDGE_CURVE('',#2704,#3800,#3802,.T.);
#3800 = VERTEX_POINT('',#3801);
#3801 = CARTESIAN_POINT('',(314.,75.054875944591,-50.5));
#3802 = SURFACE_CURVE('',#3803,(#4163,#4526),.PCURVE_S1.);
#3803 = B_SPLINE_CURVE_WITH_KNOTS('',8,(#3804,#3805,#3806,#3807,#3808,
    #3809,#3810,#3811,#3812,#3813,#3814,#3815,#3816,#3817,#3818,#3819,
    #3820,#3821,#3822,#3823,#3824,#3825,#3826,#3827,#3828,#3829,#3830,
    #3831,#3832,#3833,#3834,#3835,#3836,#3837,#3838,#3839,#3840,#3841,
    #3842,#3843,#3844,#3845,#3846,#3847,#3848,#3849,#3850,#3851,#3852,
    #3853,#3854,#3855,#3856,#3857,#3858,#3859,#3860,#3861,#3862,#3863,
    #3864,#3865,#3866,#3867,#3868,#3869,#3870,#3871,#3872,#3873,#3874,
    #3875,#3876,#3877,#3878,#3879,#3880,#3881,#3882,#3883,#3884,#3885,
    #3886,#3887,#3888,#3889,#3890,#3891,#3892,#3893,#3894,#3895,#3896,
    #3897,#3898,#3899,#3900,#3901,#3902,#3903,#3904,#3905,#3906,#3907,
    #3908,#3909,#3910,#3911,#3912,#3913,#3914,#3915,#3916,#3917,#3918,
    #3919,#3920,#3921,#3922,#3923,#3924,#3925,#3926,#3927,#3928,#3929,
    #3930,#3931,#3932,#3933,#3934,#3935,#3936,#3937,#3938,#3939,#3940,
    #3941,#3942,#3943,#3944,#3945,#3946,#3947,#3948,#3949,#3950,#3951,
    #3952,#3953,#3954,#3955,#3956,#3957,#3958,#3959,#3960,#3961,#3962,
    #3963,#3964,#3965,#3966,#3967,#3968,#3969,#3970,#3971,#3972,#3973,
    #3974,#3975,#3976,#3977,#3978,#3979,#3980,#3981,#3982,#3983,#3984,
    #3985,#3986,#3987,#3988,#3989,#3990,#3991,#3992,#3993,#3994,#3995,
    #3996,#3997,#3998,#3999,#4000,#4001,#4002,#4003,#4004,#4005,#4006,
    #4007,#4008,#4009,#4010,#4011,#4012,#4013,#4014,#4015,#4016,#4017,
    #4018,#4019,#4020,#4021,#4022,#4023,#4024,#4025,#4026,#4027,#4028,
    #4029,#4030,#4031,#4032,#4033,#4034,#4035,#4036,#4037,#4038,#4039,
    #4040,#4041,#4042,#4043,#4044,#4045,#4046,#4047,#4048,#4049,#4050,
    #4051,#4052,#4053,#4054,#4055,#4056,#4057,#4058,#4059,#4060,#4061,
    #4062,#4063,#4064,#4065,#4066,#4067,#4068,#4069,#4070,#4071,#4072,
    #4073,#4074,#4075,#4076,#4077,#4078,#4079,#4080,#4081,#4082,#4083,
    #4084,#4085,#4086,#4087,#4088,#4089,#4090,#4091,#4092,#4093,#4094,
    #4095,#4096,#4097,#4098,#4099,#4100,#4101,#4102,#4103,#4104,#4105,
    #4106,#4107,#4108,#4109,#4110,#4111,#4112,#4113,#4114,#4115,#4116,
    #4117,#4118,#4119,#4120,#4121,#4122,#4123,#4124,#4125,#4126,#4127,
    #4128,#4129,#4130,#4131,#4132,#4133,#4134,#4135,#4136,#4137,#4138,
    #4139,#4140,#4141,#4142,#4143,#4144,#4145,#4146,#4147,#4148,#4149,
    #4150,#4151,#4152,#4153,#4154,#4155,#4156,#4157,#4158,#4159,#4160,
    #4161,#4162),.UNSPECIFIED.,.F.,.F.,(9,7,7,7,7,7,7,7,7,7,7,7,7,7,7,7,
    7,7,7,7,7,7,7,7,7,7,7,7,7,7,7,7,7,7,7,7,7,7,7,7,7,7,7,7,7,7,7,7,7,7,
    7,9),(0.,3.909354386749E-02,6.969289768022E-02,8.171544313979E-02,
    0.102496747407,0.123415593515,0.141959639515,0.155992804324,
    0.176814232284,0.197280678921,0.217500130775,0.232255929977,
    0.256311996198,0.268300164885,0.280288333582,0.298908615157,
    0.316156333861,0.332061390222,0.34664102334,0.361220660137,
    0.374474873541,0.399645543152,0.422151049906,0.442001678815,
    0.459202983459,0.4721933796,0.498659172372,0.518514087281,
    0.533076845754,0.555589699781,0.579444631461,0.609960779304,
    0.6365376277,0.659166215567,0.679168692105,0.696537192883,
    0.728703667798,0.752940627961,0.770523718195,0.784079022998,
    0.805850616836,0.827828649574,0.850099264028,0.861385969799,
    0.87415341706,0.891176650352,0.903944094141,0.914035123866,
    0.92953832751,0.944997504035,0.969547178168,1.),.UNSPECIFIED.);
#3804 = CARTESIAN_POINT('',(39.109353124344,0.,-50.5));
#3805 = CARTESIAN_POINT('',(39.109353124344,2.550171551812,-50.5));
#3806 = CARTESIAN_POINT('',(39.204263750403,5.101100762342,-50.5));
#3807 = CARTESIAN_POINT('',(39.394184616948,7.638069465465,-50.5));
#3808 = CARTESIAN_POINT('',(39.676612027933,10.149005028494,-50.5));
#3809 = CARTESIAN_POINT('',(40.047312970631,12.624132094105,-50.5));
#3810 = CARTESIAN_POINT('',(40.500965243944,15.055657252485,-50.5));
#3811 = CARTESIAN_POINT('',(41.031632072562,17.437512828694,-50.5));
#3812 = CARTESIAN_POINT('',(42.103952346198,21.587105575694,-50.5));
#3813 = CARTESIAN_POINT('',(42.618361461041,23.376588819585,-50.5));
#3814 = CARTESIAN_POINT('',(43.173710888053,25.132371523318,-50.5));
#3815 = CARTESIAN_POINT('',(43.767391663975,26.853746120075,-50.5));
#3816 = CARTESIAN_POINT('',(44.396926698315,28.540445436485,-50.5));
#3817 = CARTESIAN_POINT('',(45.060028748972,30.192572633671,-50.5));
#3818 = CARTESIAN_POINT('',(45.754645666396,31.810557624037,-50.5));
#3819 = CARTESIAN_POINT('',(46.763610001343,34.017698021008,-50.5));
#3820 = CARTESIAN_POINT('',(47.05794306814,34.646357154616,-50.5));
#3821 = CARTESIAN_POINT('',(47.36239318015,35.281260850337,-50.5));
#3822 = CARTESIAN_POINT('',(47.677375521322,35.922584405633,-50.5));
#3823 = CARTESIAN_POINT('',(48.003335743631,36.570513041408,-50.5));
#3824 = CARTESIAN_POINT('',(48.340752210462,37.22523969731,-50.5));
#3825 = CARTESIAN_POINT('',(48.690138239988,37.886962827029,-50.5));
#3826 = CARTESIAN_POINT('',(49.677609124606,39.712133383595,-50.5));
#3827 = CARTESIAN_POINT('',(50.318552950749,40.849172878151,-50.5));
#3828 = CARTESIAN_POINT('',(50.974187943812,41.967382512609,-50.5));
#3829 = CARTESIAN_POINT('',(51.64387067167,43.06713273034,-50.5));
#3830 = CARTESIAN_POINT('',(52.327002230846,44.14878792762,-50.5));
#3831 = CARTESIAN_POINT('',(53.023028324123,45.212709798497,-50.5));
#3832 = CARTESIAN_POINT('',(53.731439338157,46.259260679667,-50.5));
#3833 = CARTESIAN_POINT('',(55.176869042293,48.325167201256,-50.5));
#3834 = CARTESIAN_POINT('',(55.914032030636,49.344278602519,-50.5));
#3835 = CARTESIAN_POINT('',(56.662779073391,50.346513973244,-50.5));
#3836 = CARTESIAN_POINT('',(57.42265750961,51.332225675915,-50.5));
#3837 = CARTESIAN_POINT('',(58.193242018405,52.301749060545,-50.5));
#3838 = CARTESIAN_POINT('',(58.974134307221,53.255405963845,-50.5));
#3839 = CARTESIAN_POINT('',(59.764962800123,54.193508208378,-50.5));
#3840 = CARTESIAN_POINT('',(61.274934680531,55.934447645172,-50.5));
#3841 = CARTESIAN_POINT('',(61.99201859081,56.74054427127,-50.5));
#3842 = CARTESIAN_POINT('',(62.716390539651,57.534857388694,-50.5));
#3843 = CARTESIAN_POINT('',(63.44782020978,58.31759612817,-50.5));
#3844 = CARTESIAN_POINT('',(64.186086445563,59.088954030549,-50.5));
#3845 = CARTESIAN_POINT('',(64.930977913925,59.849115065599,-50.5));
#3846 = CARTESIAN_POINT('',(65.682294547592,60.598262711907,-50.5));
#3847 = CARTESIAN_POINT('',(67.013121088744,61.895283823112,-50.5));
#3848 = CARTESIAN_POINT('',(67.588175399646,62.446043583232,-50.5));
#3849 = CARTESIAN_POINT('',(68.164978667012,62.989083360965,-50.5));
#3850 = CARTESIAN_POINT('',(68.743501043354,63.524617534439,-50.5));
#3851 = CARTESIAN_POINT('',(69.323714751319,64.052846846026,-50.5));
#3852 = CARTESIAN_POINT('',(69.905594365239,64.573961026383,-50.5));
#3853 = CARTESIAN_POINT('',(70.48911557602,65.088138804106,-50.5));
#3854 = CARTESIAN_POINT('',(71.942437571742,66.348399554863,-50.5));
#3855 = CARTESIAN_POINT('',(72.817220007619,67.088983868123,-50.5));
#3856 = CARTESIAN_POINT('',(73.69838201051,67.817503366291,-50.5));
#3857 = CARTESIAN_POINT('',(74.58571674538,68.534155459246,-50.5));
#3858 = CARTESIAN_POINT('',(75.479023289193,69.239128161165,-50.5));
#3859 = CARTESIAN_POINT('',(76.378105980054,69.932600897437,-50.5));
#3860 = CARTESIAN_POINT('',(77.282778104906,70.614747798557,-50.5));
#3861 = CARTESIAN_POINT('',(79.087445731287,71.945299461275,-50.5));
#3862 = CARTESIAN_POINT('',(79.987255831851,72.594079631667,-50.5));
#3863 = CARTESIAN_POINT('',(80.892134448322,73.232247327999,-50.5));
#3864 = CARTESIAN_POINT('',(81.801921829557,73.859959680999,-50.5));
#3865 = CARTESIAN_POINT('',(82.716462859793,74.477368269589,-50.5));
#3866 = CARTESIAN_POINT('',(83.635606751325,75.084619771917,-50.5));
#3867 = CARTESIAN_POINT('',(84.559207822531,75.681856614141,-50.5));
#3868 = CARTESIAN_POINT('',(86.403848508287,76.849490183484,-50.5));
#3869 = CARTESIAN_POINT('',(87.324784390513,77.420123363504,-50.5));
#3870 = CARTESIAN_POINT('',(88.249804617449,77.981251374005,-50.5));
#3871 = CARTESIAN_POINT('',(89.178782298572,78.533004286956,-50.5));
#3872 = CARTESIAN_POINT('',(90.111594058705,79.075508398727,-50.5));
#3873 = CARTESIAN_POINT('',(91.048120053428,79.608886599474,-50.5));
#3874 = CARTESIAN_POINT('',(91.988243984476,80.133258742543,-50.5));
#3875 = CARTESIAN_POINT('',(93.620482409263,81.024932609859,-50.5));
#3876 = CARTESIAN_POINT('',(94.31033772254,81.396044873479,-50.5));
#3877 = CARTESIAN_POINT('',(95.00139323168,81.76215321566,-50.5));
#3878 = CARTESIAN_POINT('',(95.693626806751,82.123328476516,-50.5));
#3879 = CARTESIAN_POINT('',(96.387016806236,82.479638749517,-50.5));
#3880 = CARTESIAN_POINT('',(97.081540642969,82.83114984134,-50.5));
#3881 = CARTESIAN_POINT('',(97.777175120969,83.177925367416,-50.5));
#3882 = CARTESIAN_POINT('',(99.609751949163,84.077746670384,-50.5));
#3883 = CARTESIAN_POINT('',(100.74984907966,84.623705373374,-50.5));
#3884 = CARTESIAN_POINT('',(101.89402181844,85.158081851185,-50.5));
#3885 = CARTESIAN_POINT('',(103.04213953403,85.681036020186,-50.5));
#3886 = CARTESIAN_POINT('',(104.19399108939,86.192760607237,-50.5));
#3887 = CARTESIAN_POINT('',(105.34949873757,86.693386238115,-50.5));
#3888 = CARTESIAN_POINT('',(106.50849534388,87.183083167114,-50.5));
#3889 = CARTESIAN_POINT('',(108.25011406088,87.900664398292,-50.5));
#3890 = CARTESIAN_POINT('',(108.82996173853,88.136551614372,-50.5));
#3891 = CARTESIAN_POINT('',(109.41039115798,88.369687029661,-50.5));
#3892 = CARTESIAN_POINT('',(109.99139181886,88.600095742724,-50.5));
#3893 = CARTESIAN_POINT('',(110.57295322125,88.827802313744,-50.5));
#3894 = CARTESIAN_POINT('',(111.15506486576,89.052830764522,-50.5));
#3895 = CARTESIAN_POINT('',(111.73771625346,89.27520457848,-50.5));
#3896 = CARTESIAN_POINT('',(112.90407751884,89.714688822997,-50.5));
#3897 = CARTESIAN_POINT('',(113.48778731086,89.931799330199,-50.5));
#3898 = CARTESIAN_POINT('',(114.07201736505,90.146300750615,-50.5));
#3899 = CARTESIAN_POINT('',(114.65675878529,90.358215180412,-50.5));
#3900 = CARTESIAN_POINT('',(115.24200267634,90.567564283577,-50.5));
#3901 = CARTESIAN_POINT('',(115.82774014379,90.774369291911,-50.5));
#3902 = CARTESIAN_POINT('',(116.4139622941,90.978651005034,-50.5));
#3903 = CARTESIAN_POINT('',(117.91193209994,91.493836941553,-50.5));
#3904 = CARTESIAN_POINT('',(118.82477636908,91.801351351936,-50.5));
#3905 = CARTESIAN_POINT('',(119.73914174078,92.103035542515,-50.5));
#3906 = CARTESIAN_POINT('',(120.65498399376,92.398945023805,-50.5));
#3907 = CARTESIAN_POINT('',(121.57225264726,92.68914146329,-50.5));
#3908 = CARTESIAN_POINT('',(122.49089835902,92.973685433057,-50.5));
#3909 = CARTESIAN_POINT('',(123.41088116333,93.252628462333,-50.5));
#3910 = CARTESIAN_POINT('',(125.18552763921,93.77926687404,-50.5));
#3911 = CARTESIAN_POINT('',(126.04000707561,94.027750052791,-50.5));
#3912 = CARTESIAN_POINT('',(126.89556483046,94.271516172898,-50.5));
#3913 = CARTESIAN_POINT('',(127.75216832595,94.510607276279,-50.5));
#3914 = CARTESIAN_POINT('',(128.60978553688,94.745064929808,-50.5));
#3915 = CARTESIAN_POINT('',(129.46838499062,94.974930225313,-50.5));
#3916 = CARTESIAN_POINT('',(130.32793576714,95.200243779574,-50.5));
#3917 = CARTESIAN_POINT('',(131.98189512629,95.624659185757,-50.5));
#3918 = CARTESIAN_POINT('',(132.77597169142,95.824386281295,-50.5));
#3919 = CARTESIAN_POINT('',(133.57061967598,96.020264540128,-50.5));
#3920 = CARTESIAN_POINT('',(134.36582444517,96.212327491577,-50.5));
#3921 = CARTESIAN_POINT('',(135.16157169718,96.40060772374,-50.5));
#3922 = CARTESIAN_POINT('',(135.95784634516,96.585138237107,-50.5));
#3923 = CARTESIAN_POINT('',(136.75463283169,96.765952103156,-50.5));
#3924 = CARTESIAN_POINT('',(138.2827604887,97.10544803803,-50.5));
#3925 = CARTESIAN_POINT('',(139.01402212297,97.264718772013,-50.5));
#3926 = CARTESIAN_POINT('',(139.74568983888,97.420917560278,-50.5));
#3927 = CARTESIAN_POINT('',(140.47775249191,97.574067828791,-50.5));
#3928 = CARTESIAN_POINT('',(141.21019863901,97.724193153537,-50.5));
#3929 = CARTESIAN_POINT('',(141.94301634622,97.871317565824,-50.5));
#3930 = CARTESIAN_POINT('',(142.67619389757,98.015464508426,-50.5));
#3931 = CARTESIAN_POINT('',(144.14324909843,98.297844412324,-50.5));
#3932 = CARTESIAN_POINT('',(144.8771272613,98.436077519172,-50.5));
#3933 = CARTESIAN_POINT('',(145.61134619485,98.571375003108,-50.5));
#3934 = CARTESIAN_POINT('',(146.34589620005,98.703757822855,-50.5));
#3935 = CARTESIAN_POINT('',(147.08076757806,98.833246655864,-50.5));
#3936 = CARTESIAN_POINT('',(147.81595063024,98.959861898315,-50.5));
#3937 = CARTESIAN_POINT('',(148.55143565815,99.083623665114,-50.5));
#3938 = CARTESIAN_POINT('',(149.95610132891,99.314486433321,-50.5));
#3939 = CARTESIAN_POINT('',(150.62523138223,99.422079396325,-50.5));
#3940 = CARTESIAN_POINT('',(151.29459582866,99.527345164248,-50.5));
#3941 = CARTESIAN_POINT('',(151.96418715551,99.630298680131,-50.5));
#3942 = CARTESIAN_POINT('',(152.63399789002,99.730954885528,-50.5));
#3943 = CARTESIAN_POINT('',(153.30402085695,99.829328261321,-50.5));
#3944 = CARTESIAN_POINT('',(153.97424943633,99.925432368537,-50.5));
#3945 = CARTESIAN_POINT('',(155.91786777643,100.19750138378,-50.5));
#3946 = CARTESIAN_POINT('',(157.19198432095,100.36761335703,-50.5));
#3947 = CARTESIAN_POINT('',(158.46697138747,100.52969549218,-50.5));
#3948 = CARTESIAN_POINT('',(159.74277110053,100.68383365447,-50.5));
#3949 = CARTESIAN_POINT('',(161.01933060677,100.8301037852,-50.5));
#3950 = CARTESIAN_POINT('',(162.29659689457,100.96858362874,-50.5));
#3951 = CARTESIAN_POINT('',(163.5745136609,101.09935991391,-50.5));
#3952 = CARTESIAN_POINT('',(165.99618045078,101.33259987779,-50.5));
#3953 = CARTESIAN_POINT('',(167.13980935106,101.4365951967,-50.5));
#3954 = CARTESIAN_POINT('',(168.28388674259,101.53453465666,-50.5));
#3955 = CARTESIAN_POINT('',(169.42837894243,101.62646731162,-50.5));
#3956 = CARTESIAN_POINT('',(170.5732528262,101.71244168042,-50.5));
#3957 = CARTESIAN_POINT('',(171.71847582807,101.79250574677,-50.5));
#3958 = CARTESIAN_POINT('',(172.86401594077,101.86670695929,-50.5));
#3959 = CARTESIAN_POINT('',(175.0204993515,101.99541038716,-50.5));
#3960 = CARTESIAN_POINT('',(176.03137898856,102.05120444633,-50.5));
#3961 = CARTESIAN_POINT('',(177.04245966612,102.10250483479,-50.5));
#3962 = CARTESIAN_POINT('',(178.05372163783,102.14933918454,-50.5));
#3963 = CARTESIAN_POINT('',(179.0651454692,102.19173471671,-50.5));
#3964 = CARTESIAN_POINT('',(180.07671166187,102.22971924179,-50.5));
#3965 = CARTESIAN_POINT('',(181.08840080436,102.26332077702,-50.5));
#3966 = CARTESIAN_POINT('',(182.97695071741,102.31790765912,-50.5));
#3967 = CARTESIAN_POINT('',(183.85378531258,102.3399787481,-50.5));
#3968 = CARTESIAN_POINT('',(184.73068622028,102.35879506688,-50.5));
#3969 = CARTESIAN_POINT('',(185.60764067607,102.37437622978,-50.5));
#3970 = CARTESIAN_POINT('',(186.48463646645,102.3867401682,-50.5));
#3971 = CARTESIAN_POINT('',(187.36166244991,102.39590132172,-50.5));
#3972 = CARTESIAN_POINT('',(188.23870809863,102.40187229836,-50.5));
#3973 = CARTESIAN_POINT('',(189.77811172788,102.40678107138,-50.5));
#3974 = CARTESIAN_POINT('',(190.44046611631,102.40708261701,-50.5));
#3975 = CARTESIAN_POINT('',(191.10282051991,102.4055799086,-50.5));
#3976 = CARTESIAN_POINT('',(191.76517025384,102.40227916813,-50.5));
#3977 = CARTESIAN_POINT('',(192.42751065451,102.39718657177,-50.5));
#3978 = CARTESIAN_POINT('',(193.08983707965,102.39030824997,-50.5));
#3979 = CARTESIAN_POINT('',(193.75214490827,102.3816502874,-50.5));
#3980 = CARTESIAN_POINT('',(195.76372540869,102.34996612837,-50.5));
#3981 = CARTESIAN_POINT('',(197.11292515321,102.32135126865,-50.5));
#3982 = CARTESIAN_POINT('',(198.46199021264,102.28542651799,-50.5));
#3983 = CARTESIAN_POINT('',(199.81088030599,102.24224993391,-50.5));
#3984 = CARTESIAN_POINT('',(201.15956649744,102.19183265206,-50.5));
#3985 = CARTESIAN_POINT('',(202.50800703904,102.13424275306,-50.5));
#3986 = CARTESIAN_POINT('',(203.85617041053,102.06950536675,-50.5));
#3987 = CARTESIAN_POINT('',(206.21519247567,101.94376862418,-50.5));
#3988 = CARTESIAN_POINT('',(207.22618792254,101.88587472923,-50.5));
#3989 = CARTESIAN_POINT('',(208.23699301327,101.82399715168,-50.5));
#3990 = CARTESIAN_POINT('',(209.2475923256,101.75815858179,-50.5));
#3991 = CARTESIAN_POINT('',(210.25797229606,101.68836907697,-50.5));
#3992 = CARTESIAN_POINT('',(211.26811974335,101.61463659556,-50.5));
#3993 = CARTESIAN_POINT('',(212.27802019817,101.53697871581,-50.5));
#3994 = CARTESIAN_POINT('',(214.0281896456,101.39557451463,-50.5));
#3995 = CARTESIAN_POINT('',(214.76860881558,101.33363513403,-50.5));
#3996 = CARTESIAN_POINT('',(215.50891370322,101.26959151069,-50.5));
#3997 = CARTESIAN_POINT('',(216.24910013794,101.2034479449,-50.5));
#3998 = CARTESIAN_POINT('',(216.98916394915,101.13520864996,-50.5));
#3999 = CARTESIAN_POINT('',(217.72910096626,101.06487775208,-50.5));
#4000 = CARTESIAN_POINT('',(218.46890701868,100.99245929045,-50.5));
#4001 = CARTESIAN_POINT('',(220.35204971808,100.80278300058,-50.5));
#4002 = CARTESIAN_POINT('',(221.49510994516,100.68263842759,-50.5));
#4003 = CARTESIAN_POINT('',(222.63773942151,100.5575353369,-50.5));
#4004 = CARTESIAN_POINT('',(223.77991901666,100.42748513487,-50.5));
#4005 = CARTESIAN_POINT('',(224.92162966526,100.29249879565,-50.5));
#4006 = CARTESIAN_POINT('',(226.06285236703,100.15258686112,-50.5));
#4007 = CARTESIAN_POINT('',(227.20356818682,100.0077594409,-50.5));
#4008 = CARTESIAN_POINT('',(229.55191942921,99.699366811291,-50.5));
#4009 = CARTESIAN_POINT('',(230.75949024078,99.535199014309,-50.5));
#4010 = CARTESIAN_POINT('',(231.96644842279,99.365534438318,-50.5));
#4011 = CARTESIAN_POINT('',(233.1727712665,99.190391222701,-50.5));
#4012 = CARTESIAN_POINT('',(234.37843661839,99.00975216845,-50.5));
#4013 = CARTESIAN_POINT('',(235.58342180349,98.823641256226,-50.5));
#4014 = CARTESIAN_POINT('',(236.78770456488,98.632051814316,-50.5));
#4015 = CARTESIAN_POINT('',(239.53089991921,98.182901611742,-50.5));
#4016 = CARTESIAN_POINT('',(241.06935107592,97.921859168498,-50.5));
#4017 = CARTESIAN_POINT('',(242.60656802359,97.651855716136,-50.5));
#4018 = CARTESIAN_POINT('',(244.14250707886,97.372942811446,-50.5));
#4019 = CARTESIAN_POINT('',(245.67711486394,97.085047894478,-50.5));
#4020 = CARTESIAN_POINT('',(247.21034643689,96.788203761321,-50.5));
#4021 = CARTESIAN_POINT('',(248.74215140284,96.482380285128,-50.5));
#4022 = CARTESIAN_POINT('',(251.6052621155,95.893394674021,-50.5));
#4023 = CARTESIAN_POINT('',(252.93692387046,95.612403251807,-50.5));
#4024 = CARTESIAN_POINT('',(254.26743366405,95.324581004899,-50.5));
#4025 = CARTESIAN_POINT('',(255.59676109025,95.029937075309,-50.5));
#4026 = CARTESIAN_POINT('',(256.92486656113,94.728412158349,-50.5));
#4027 = CARTESIAN_POINT('',(258.25171981953,94.420018311366,-50.5));
#4028 = CARTESIAN_POINT('',(259.57728371518,94.104716756031,-50.5));
#4029 = CARTESIAN_POINT('',(262.02903400422,93.508131171913,-50.5));
#4030 = CARTESIAN_POINT('',(263.15558447405,93.228752172477,-50.5));
#4031 = CARTESIAN_POINT('',(264.28115248057,92.944334066329,-50.5));
#4032 = CARTESIAN_POINT('',(265.40571773765,92.654870547375,-50.5));
#4033 = CARTESIAN_POINT('',(266.52925594612,92.360336703393,-50.5));
#4034 = CARTESIAN_POINT('',(267.65174194979,92.060703979922,-50.5));
#4035 = CARTESIAN_POINT('',(268.77315321336,91.755956890169,-50.5));
#4036 = CARTESIAN_POINT('',(270.8837607798,91.172142901161,-50.5));
#4037 = CARTESIAN_POINT('',(271.87319738637,90.894200215916,-50.5));
#4038 = CARTESIAN_POINT('',(272.86175829744,90.61222593669,-50.5));
#4039 = CARTESIAN_POINT('',(273.84942482151,90.326197461906,-50.5));
#4040 = CARTESIAN_POINT('',(274.83618090148,90.036101633554,-50.5));
#4041 = CARTESIAN_POINT('',(275.82200967009,89.741922795142,-50.5));
#4042 = CARTESIAN_POINT('',(276.80689033636,89.443631886536,-50.5));
#4043 = CARTESIAN_POINT('',(278.64515410174,88.878606969118,-50.5));
#4044 = CARTESIAN_POINT('',(279.49877491387,88.612889709823,-50.5));
#4045 = CARTESIAN_POINT('',(280.35165418484,88.344040292896,-50.5));
#4046 = CARTESIAN_POINT('',(281.20377911121,88.072042852914,-50.5));
#4047 = CARTESIAN_POINT('',(282.0551366757,87.796881014265,-50.5));
#4048 = CARTESIAN_POINT('',(282.90571364719,87.518537891146,-50.5));
#4049 = CARTESIAN_POINT('',(283.75549658074,87.236996087562,-50.5));
#4050 = CARTESIAN_POINT('',(286.17677451695,86.424864970481,-50.5));
#4051 = CARTESIAN_POINT('',(287.74630607167,85.886458632275,-50.5));
#4052 = CARTESIAN_POINT('',(289.31298488531,85.336917536785,-50.5));
#4053 = CARTESIAN_POINT('',(290.87670058068,84.776063433168,-50.5));
#4054 = CARTESIAN_POINT('',(292.43737292315,84.20380290625,-50.5));
#4055 = CARTESIAN_POINT('',(293.9948828223,83.619940840032,-50.5));
#4056 = CARTESIAN_POINT('',(295.5491355368,83.024346506827,-50.5));
#4057 = CARTESIAN_POINT('',(298.26857950406,81.959083972903,-50.5));
#4058 = CARTESIAN_POINT('',(299.43522825447,81.494566808125,-50.5));
#4059 = CARTESIAN_POINT('',(300.59991106031,81.023203473319,-50.5));
#4060 = CARTESIAN_POINT('',(301.76257597525,80.544910879522,-50.5));
#4061 = CARTESIAN_POINT('',(302.92316918871,80.059602420952,-50.5));
#4062 = CARTESIAN_POINT('',(304.08163496953,79.56718759886,-50.5));
#4063 = CARTESIAN_POINT('',(305.23791560968,79.067571645382,-50.5));
#4064 = CARTESIAN_POINT('',(307.22916505867,78.192904469678,-50.5));
#4065 = CARTESIAN_POINT('',(308.06519736823,77.821312049785,-50.5));
#4066 = CARTESIAN_POINT('',(308.90002469521,77.445838366688,-50.5));
#4067 = CARTESIAN_POINT('',(309.73362188781,77.066440865711,-50.5));
#4068 = CARTESIAN_POINT('',(310.56596300269,76.683075551316,-50.5));
#4069 = CARTESIAN_POINT('',(311.39702161256,76.295697584385,-50.5));
#4070 = CARTESIAN_POINT('',(312.22677066255,75.904260883968,-50.5));
#4071 = CARTESIAN_POINT('',(313.69382766205,75.203780487877,-50.5));
#4072 = CARTESIAN_POINT('',(314.33201032953,74.89624451323,-50.5));
#4073 = CARTESIAN_POINT('',(314.96972520097,74.586078116012,-50.5));
#4074 = CARTESIAN_POINT('',(315.60696712682,74.273248564581,-50.5));
#4075 = CARTESIAN_POINT('',(316.24373126184,73.957722492017,-50.5));
#4076 = CARTESIAN_POINT('',(316.88001311995,73.639465960278,-50.5));
#4077 = CARTESIAN_POINT('',(317.51580790702,73.318443185707,-50.5));
#4078 = CARTESIAN_POINT('',(319.17148605603,72.474501746898,-50.5));
#4079 = CARTESIAN_POINT('',(320.1895772559,71.947666763348,-50.5));
#4080 = CARTESIAN_POINT('',(321.20531812108,71.413995732861,-50.5));
#4081 = CARTESIAN_POINT('',(322.2186408766,70.87337074353,-50.5));
#4082 = CARTESIAN_POINT('',(323.22947444971,70.325668542431,-50.5));
#4083 = CARTESIAN_POINT('',(324.2377443371,69.770759864133,-50.5));
#4084 = CARTESIAN_POINT('',(325.24337247202,69.208508759216,-50.5));
#4085 = CARTESIAN_POINT('',(327.25869128232,68.063632824728,-50.5));
#4086 = CARTESIAN_POINT('',(328.26832947819,67.480866371455,-50.5));
#4087 = CARTESIAN_POINT('',(329.27510768125,66.890324735045,-50.5));
#4088 = CARTESIAN_POINT('',(330.27892878312,66.291839587813,-50.5));
#4089 = CARTESIAN_POINT('',(331.2796945672,65.685241942643,-50.5));
#4090 = CARTESIAN_POINT('',(332.27730229946,65.070355629095,-50.5));
#4091 = CARTESIAN_POINT('',(333.27163946129,64.446987562884,-50.5));
#4092 = CARTESIAN_POINT('',(335.26673288812,63.174474233825,-50.5));
#4093 = CARTESIAN_POINT('',(336.26739678508,62.525098058607,-50.5));
#4094 = CARTESIAN_POINT('',(337.26445630021,61.866591327677,-50.5));
#4095 = CARTESIAN_POINT('',(338.25780258583,61.198765137269,-50.5));
#4096 = CARTESIAN_POINT('',(339.24725459435,60.521324033881,-50.5));
#4097 = CARTESIAN_POINT('',(340.23268410802,59.834051495053,-50.5));
#4098 = CARTESIAN_POINT('',(341.21391236512,59.136654698621,-50.5));
#4099 = CARTESIAN_POINT('',(342.68583347687,58.070129940165,-50.5));
#4100 = CARTESIAN_POINT('',(343.17977678029,57.708739540035,-50.5));
#4101 = CARTESIAN_POINT('',(343.67257275376,57.344637106913,-50.5));
#4102 = CARTESIAN_POINT('',(344.16419726033,56.977783495142,-50.5));
#4103 = CARTESIAN_POINT('',(344.65462510357,56.608138149493,-50.5));
#4104 = CARTESIAN_POINT('',(345.14383002758,56.23565910517,-50.5));
#4105 = CARTESIAN_POINT('',(345.63178471701,55.860302987808,-50.5));
#4106 = CARTESIAN_POINT('',(346.66898557465,55.054119459319,-50.5));
#4107 = CARTESIAN_POINT('',(347.2189184786,54.621662376406,-50.5));
#4108 = CARTESIAN_POINT('',(347.76825132102,54.184527040894,-50.5));
#4109 = CARTESIAN_POINT('',(348.31697659281,53.742578454654,-50.5));
#4110 = CARTESIAN_POINT('',(348.86508711715,53.295672399443,-50.5));
#4111 = CARTESIAN_POINT('',(349.41257570299,52.843654491078,-50.5));
#4112 = CARTESIAN_POINT('',(349.95943479863,52.386359233609,-50.5));
#4113 = CARTESIAN_POINT('',(351.23395000228,51.306609937314,-50.5));
#4114 = CARTESIAN_POINT('',(351.96111570436,50.679909050822,-50.5));
#4115 = CARTESIAN_POINT('',(352.68712667981,50.043085719847,-50.5));
#4116 = CARTESIAN_POINT('',(353.41197369027,49.395687305599,-50.5));
#4117 = CARTESIAN_POINT('',(354.13562194499,48.737176990776,-50.5));
#4118 = CARTESIAN_POINT('',(354.85808415758,48.067013763431,-50.5));
#4119 = CARTESIAN_POINT('',(355.5793201373,47.384533378293,-50.5));
#4120 = CARTESIAN_POINT('',(356.83929308436,46.167378296028,-50.5));
#4121 = CARTESIAN_POINT('',(357.37858377452,45.63840087083,-50.5));
#4122 = CARTESIAN_POINT('',(357.91716264709,45.101778140795,-50.5));
#4123 = CARTESIAN_POINT('',(358.45502026422,44.557173879509,-50.5));
#4124 = CARTESIAN_POINT('',(358.99214923823,44.004217086784,-50.5));
#4125 = CARTESIAN_POINT('',(359.52854207249,43.442497229846,-50.5));
#4126 = CARTESIAN_POINT('',(360.06418900237,42.871559484542,-50.5));
#4127 = CARTESIAN_POINT('',(361.02183539783,41.831962976106,-50.5));
#4128 = CARTESIAN_POINT('',(361.44235511341,41.368867580708,-50.5));
#4129 = CARTESIAN_POINT('',(361.86056594962,40.901529967807,-50.5));
#4130 = CARTESIAN_POINT('',(362.27639373704,40.429862905016,-50.5));
#4131 = CARTESIAN_POINT('',(362.68975917006,39.953775750084,-50.5));
#4132 = CARTESIAN_POINT('',(363.10057780694,39.4731744509,-50.5));
#4133 = CARTESIAN_POINT('',(363.50876006979,38.987961545491,-50.5));
#4134 = CARTESIAN_POINT('',(364.53712013506,37.74534657565,-50.5));
#4135 = CARTESIAN_POINT('',(365.15357341677,36.981541767707,-50.5));
#4136 = CARTESIAN_POINT('',(365.76323238876,36.206243370184,-50.5));
#4137 = CARTESIAN_POINT('',(366.36571687111,35.419063406075,-50.5));
#4138 = CARTESIAN_POINT('',(366.96060428703,34.6196019289,-50.5));
#4139 = CARTESIAN_POINT('',(367.54742796354,33.807443310617,-50.5));
#4140 = CARTESIAN_POINT('',(368.12567465051,32.982151177912,-50.5));
#4141 = CARTESIAN_POINT('',(369.26227167603,31.30675515395,-50.5));
#4142 = CARTESIAN_POINT('',(369.80417657257,30.481045808562,-50.5));
#4143 = CARTESIAN_POINT('',(370.32176276702,29.665724579906,-50.5));
#4144 = CARTESIAN_POINT('',(370.816196314,28.860385281554,-50.5));
#4145 = CARTESIAN_POINT('',(371.28855697303,28.064639792051,-50.5));
#4146 = CARTESIAN_POINT('',(371.73983500308,27.278117066391,-50.5));
#4147 = CARTESIAN_POINT('',(372.17093114478,26.500464621389,-50.5));
#4148 = CARTESIAN_POINT('',(373.23655223754,24.510024918799,-50.5));
#4149 = CARTESIAN_POINT('',(373.8678405867,23.261309783047,-50.5));
#4150 = CARTESIAN_POINT('',(374.47458959926,21.984092575538,-50.5));
#4151 = CARTESIAN_POINT('',(375.05444925031,20.6775021615,-50.5));
#4152 = CARTESIAN_POINT('',(375.6047140405,19.340962972437,-50.5));
#4153 = CARTESIAN_POINT('',(376.122365835,17.974235679201,-50.5));
#4154 = CARTESIAN_POINT('',(376.60414132914,16.577485888421,-50.5));
#4155 = CARTESIAN_POINT('',(377.59555050235,13.382406021948,-50.5));
#4156 = CARTESIAN_POINT('',(378.08439709145,11.567081280479,-50.5));
#4157 = CARTESIAN_POINT('',(378.5059471013,9.708601167766,-50.5));
#4158 = CARTESIAN_POINT('',(378.85300087993,7.811669008867,-50.5));
#4159 = CARTESIAN_POINT('',(379.11890534186,5.882711719076,-50.5));
#4160 = CARTESIAN_POINT('',(379.29827217406,3.930148468372,-50.5));
#4161 = CARTESIAN_POINT('',(379.38790065305,1.96473697729,-50.5));
#4162 = CARTESIAN_POINT('',(379.38790065305,0.,-50.5));
#4163 = PCURVE('',#374,#4164);
#4164 = DEFINITIONAL_REPRESENTATION('',(#4165),#4525);
#4165 = B_SPLINE_CURVE_WITH_KNOTS('',8,(#4166,#4167,#4168,#4169,#4170,
    #4171,#4172,#4173,#4174,#4175,#4176,#4177,#4178,#4179,#4180,#4181,
    #4182,#4183,#4184,#4185,#4186,#4187,#4188,#4189,#4190,#4191,#4192,
    #4193,#4194,#4195,#4196,#4197,#4198,#4199,#4200,#4201,#4202,#4203,
    #4204,#4205,#4206,#4207,#4208,#4209,#4210,#4211,#4212,#4213,#4214,
    #4215,#4216,#4217,#4218,#4219,#4220,#4221,#4222,#4223,#4224,#4225,
    #4226,#4227,#4228,#4229,#4230,#4231,#4232,#4233,#4234,#4235,#4236,
    #4237,#4238,#4239,#4240,#4241,#4242,#4243,#4244,#4245,#4246,#4247,
    #4248,#4249,#4250,#4251,#4252,#4253,#4254,#4255,#4256,#4257,#4258,
    #4259,#4260,#4261,#4262,#4263,#4264,#4265,#4266,#4267,#4268,#4269,
    #4270,#4271,#4272,#4273,#4274,#4275,#4276,#4277,#4278,#4279,#4280,
    #4281,#4282,#4283,#4284,#4285,#4286,#4287,#4288,#4289,#4290,#4291,
    #4292,#4293,#4294,#4295,#4296,#4297,#4298,#4299,#4300,#4301,#4302,
    #4303,#4304,#4305,#4306,#4307,#4308,#4309,#4310,#4311,#4312,#4313,
    #4314,#4315,#4316,#4317,#4318,#4319,#4320,#4321,#4322,#4323,#4324,
    #4325,#4326,#4327,#4328,#4329,#4330,#4331,#4332,#4333,#4334,#4335,
    #4336,#4337,#4338,#4339,#4340,#4341,#4342,#4343,#4344,#4345,#4346,
    #4347,#4348,#4349,#4350,#4351,#4352,#4353,#4354,#4355,#4356,#4357,
    #4358,#4359,#4360,#4361,#4362,#4363,#4364,#4365,#4366,#4367,#4368,
    #4369,#4370,#4371,#4372,#4373,#4374,#4375,#4376,#4377,#4378,#4379,
    #4380,#4381,#4382,#4383,#4384,#4385,#4386,#4387,#4388,#4389,#4390,
    #4391,#4392,#4393,#4394,#4395,#4396,#4397,#4398,#4399,#4400,#4401,
    #4402,#4403,#4404,#4405,#4406,#4407,#4408,#4409,#4410,#4411,#4412,
    #4413,#4414,#4415,#4416,#4417,#4418,#4419,#4420,#4421,#4422,#4423,
    #4424,#4425,#4426,#4427,#4428,#4429,#4430,#4431,#4432,#4433,#4434,
    #4435,#4436,#4437,#4438,#4439,#4440,#4441,#4442,#4443,#4444,#4445,
    #4446,#4447,#4448,#4449,#4450,#4451,#4452,#4453,#4454,#4455,#4456,
    #4457,#4458,#4459,#4460,#4461,#4462,#4463,#4464,#4465,#4466,#4467,
    #4468,#4469,#4470,#4471,#4472,#4473,#4474,#4475,#4476,#4477,#4478,
    #4479,#4480,#4481,#4482,#4483,#4484,#4485,#4486,#4487,#4488,#4489,
    #4490,#4491,#4492,#4493,#4494,#4495,#4496,#4497,#4498,#4499,#4500,
    #4501,#4502,#4503,#4504,#4505,#4506,#4507,#4508,#4509,#4510,#4511,
    #4512,#4513,#4514,#4515,#4516,#4517,#4518,#4519,#4520,#4521,#4522,
    #4523,#4524),.UNSPECIFIED.,.F.,.F.,(9,7,7,7,7,7,7,7,7,7,7,7,7,7,7,7,
    7,7,7,7,7,7,7,7,7,7,7,7,7,7,7,7,7,7,7,7,7,7,7,7,7,7,7,7,7,7,7,7,7,7,
    7,9),(0.,3.909354386749E-02,6.969289768022E-02,8.171544313979E-02,
    0.102496747407,0.123415593515,0.141959639515,0.155992804324,
    0.176814232284,0.197280678921,0.217500130775,0.232255929977,
    0.256311996198,0.268300164885,0.280288333582,0.298908615157,
    0.316156333861,0.332061390222,0.34664102334,0.361220660137,
    0.374474873541,0.399645543152,0.422151049906,0.442001678815,
    0.459202983459,0.4721933796,0.498659172372,0.518514087281,
    0.533076845754,0.555589699781,0.579444631461,0.609960779304,
    0.6365376277,0.659166215567,0.679168692105,0.696537192883,
    0.728703667798,0.752940627961,0.770523718195,0.784079022998,
    0.805850616836,0.827828649574,0.850099264028,0.861385969799,
    0.87415341706,0.891176650352,0.903944094141,0.914035123866,
    0.92953832751,0.944997504035,0.969547178168,1.),.UNSPECIFIED.);
#4166 = CARTESIAN_POINT('',(0.,82.297162538544));
#4167 = CARTESIAN_POINT('',(4.152263612895E-02,82.297162538544));
#4168 = CARTESIAN_POINT('',(8.211679226998E-02,82.435064075548));
#4169 = CARTESIAN_POINT('',(0.121467264223,82.711014363539));
#4170 = CARTESIAN_POINT('',(0.159343842408,83.120463546662));
#4171 = CARTESIAN_POINT('',(0.195599108202,83.65544915984));
#4172 = CARTESIAN_POINT('',(0.230155164556,84.305937908915));
#4173 = CARTESIAN_POINT('',(0.262986647046,85.060986465757));
#4174 = CARTESIAN_POINT('',(0.318466211097,86.573619357673));
#4175 = CARTESIAN_POINT('',(0.341787096539,87.295283048773));
#4176 = CARTESIAN_POINT('',(0.364087778791,88.069570585984));
#4177 = CARTESIAN_POINT('',(0.385398708943,88.891696645868));
#4178 = CARTESIAN_POINT('',(0.405758298208,89.757176832748));
#4179 = CARTESIAN_POINT('',(0.425209697051,90.661932772306));
#4180 = CARTESIAN_POINT('',(0.443798667705,91.602351023605));
#4181 = CARTESIAN_POINT('',(0.468555363745,92.957611600164));
#4182 = CARTESIAN_POINT('',(0.475538786083,93.351823826617));
#4183 = CARTESIAN_POINT('',(0.482522291972,93.758367713159));
#4184 = CARTESIAN_POINT('',(0.489505829604,94.177674935642));
#4185 = CARTESIAN_POINT('',(0.496489375353,94.61020670759));
#4186 = CARTESIAN_POINT('',(0.503472904467,95.056455351334));
#4187 = CARTESIAN_POINT('',(0.510456361762,95.51694586914));
#4188 = CARTESIAN_POINT('',(0.529510409703,96.813792344597));
#4189 = CARTESIAN_POINT('',(0.5411555635,97.650640321729));
#4190 = CARTESIAN_POINT('',(0.552395350913,98.501636843216));
#4191 = CARTESIAN_POINT('',(0.563248968735,99.365738728009));
#4192 = CARTESIAN_POINT('',(0.57373460795,100.24199991548));
#4193 = CARTESIAN_POINT('',(0.583869508345,101.12956716442));
#4194 = CARTESIAN_POINT('',(0.59367001312,102.02767575194));
#4195 = CARTESIAN_POINT('',(0.612695988286,103.84962402266));
#4196 = CARTESIAN_POINT('',(0.621917057752,104.7735757003));
#4197 = CARTESIAN_POINT('',(0.630830647605,105.70679229634));
#4198 = CARTESIAN_POINT('',(0.639451501681,106.64862912888));
#4199 = CARTESIAN_POINT('',(0.647793383671,107.59850128366));
#4200 = CARTESIAN_POINT('',(0.655869168842,108.55588015474));
#4201 = CARTESIAN_POINT('',(0.663690935762,109.52028998497));
#4202 = CARTESIAN_POINT('',(0.677988764734,111.35208496829));
#4203 = CARTESIAN_POINT('',(0.684516737914,112.2180487857));
#4204 = CARTESIAN_POINT('',(0.690861848901,113.08889951486));
#4205 = CARTESIAN_POINT('',(0.697031582805,113.96434891698));
#4206 = CARTESIAN_POINT('',(0.703032921489,114.84413840903));
#4207 = CARTESIAN_POINT('',(0.708872423614,115.72803262907));
#4208 = CARTESIAN_POINT('',(0.714556326141,116.6158094284));
#4209 = CARTESIAN_POINT('',(0.724278458887,118.18188200205));
#4210 = CARTESIAN_POINT('',(0.7283675909,118.85649564188));
#4211 = CARTESIAN_POINT('',(0.732362040764,119.53110727285));
#4212 = CARTESIAN_POINT('',(0.736265634952,120.20571836792));
#4213 = CARTESIAN_POINT('',(0.740081933894,120.88033056055));
#4214 = CARTESIAN_POINT('',(0.743814270264,121.55494331797));
#4215 = CARTESIAN_POINT('',(0.747465765014,122.22955494917));
#4216 = CARTESIAN_POINT('',(0.756341513668,123.90510902418));
#4217 = CARTESIAN_POINT('',(0.761490697921,124.90955566057));
#4218 = CARTESIAN_POINT('',(0.766493188434,125.91730491926));
#4219 = CARTESIAN_POINT('',(0.771354897899,126.92816679182));
#4220 = CARTESIAN_POINT('',(0.776081360201,127.94196866702));
#4221 = CARTESIAN_POINT('',(0.780677765062,128.95855531873));
#4222 = CARTESIAN_POINT('',(0.785149004284,129.97778341347));
#4223 = CARTESIAN_POINT('',(0.793776280095,132.0038183935));
#4224 = CARTESIAN_POINT('',(0.797936380577,133.01053955655));
#4225 = CARTESIAN_POINT('',(0.801984432649,134.01954320037));
#4226 = CARTESIAN_POINT('',(0.805924570701,135.03070725415));
#4227 = CARTESIAN_POINT('',(0.809760686593,136.0439192731));
#4228 = CARTESIAN_POINT('',(0.813496451853,137.05907631808));
#4229 = CARTESIAN_POINT('',(0.817135337404,138.0760838449));
#4230 = CARTESIAN_POINT('',(0.824183138665,140.10132856397));
#4231 = CARTESIAN_POINT('',(0.827594297205,141.10952152525));
#4232 = CARTESIAN_POINT('',(0.830917277683,142.11934346574));
#4233 = CARTESIAN_POINT('',(0.834155074405,143.13071159827));
#4234 = CARTESIAN_POINT('',(0.837310517835,144.14354915326));
#4235 = CARTESIAN_POINT('',(0.84038628769,145.15778516227));
#4236 = CARTESIAN_POINT('',(0.843384926019,146.17335424154));
#4237 = CARTESIAN_POINT('',(0.848442678645,147.93226982329));
#4238 = CARTESIAN_POINT('',(0.850534762642,148.67434214916));
#4239 = CARTESIAN_POINT('',(0.852586246614,149.41641539646));
#4240 = CARTESIAN_POINT('',(0.854598215272,150.15848892937));
#4241 = CARTESIAN_POINT('',(0.856571701505,150.9005619667));
#4242 = CARTESIAN_POINT('',(0.85850769176,151.64263467417));
#4243 = CARTESIAN_POINT('',(0.860407129016,152.38470781518));
#4244 = CARTESIAN_POINT('',(0.86530940142,154.33656705629));
#4245 = CARTESIAN_POINT('',(0.868256738719,155.54778991469));
#4246 = CARTESIAN_POINT('',(0.871116245086,156.76037354551));
#4247 = CARTESIAN_POINT('',(0.873890965586,157.97422452266));
#4248 = CARTESIAN_POINT('',(0.876583958737,159.18931827583));
#4249 = CARTESIAN_POINT('',(0.879197813029,160.40554048258));
#4250 = CARTESIAN_POINT('',(0.881735196529,161.62285267293));
#4251 = CARTESIAN_POINT('',(0.885426130519,163.44834264541));
#4252 = CARTESIAN_POINT('',(0.8866348182,164.05549332908));
#4253 = CARTESIAN_POINT('',(0.887824948049,164.66264401442));
#4254 = CARTESIAN_POINT('',(0.888996854067,165.26979469976));
#4255 = CARTESIAN_POINT('',(0.890150859853,165.87694538394));
#4256 = CARTESIAN_POINT('',(0.891287278608,166.48409606632));
#4257 = CARTESIAN_POINT('',(0.892406413133,167.09124674678));
#4258 = CARTESIAN_POINT('',(0.894610698518,168.30554810511));
#4259 = CARTESIAN_POINT('',(0.895695850481,168.91269878576));
#4260 = CARTESIAN_POINT('',(0.896764302166,169.51984946702));
#4261 = CARTESIAN_POINT('',(0.897816335628,170.12700014833));
#4262 = CARTESIAN_POINT('',(0.898852224525,170.73415082921));
#4263 = CARTESIAN_POINT('',(0.899872234115,171.34130150925));
#4264 = CARTESIAN_POINT('',(0.900876621259,171.94845218811));
#4265 = CARTESIAN_POINT('',(0.903401790939,173.49864236204));
#4266 = CARTESIAN_POINT('',(0.904901572043,174.44212054119));
#4267 = CARTESIAN_POINT('',(0.906365830967,175.38602048123));
#4268 = CARTESIAN_POINT('',(0.907795357195,176.33032184621));
#4269 = CARTESIAN_POINT('',(0.909190941533,177.27501072008));
#4270 = CARTESIAN_POINT('',(0.910553342913,178.22007413477));
#4271 = CARTESIAN_POINT('',(0.911883251978,179.16549407492));
#4272 = CARTESIAN_POINT('',(0.914383754118,180.98730217016));
#4273 = CARTESIAN_POINT('',(0.915558865999,181.86364176262));
#4274 = CARTESIAN_POINT('',(0.916707218623,182.74026266518));
#4275 = CARTESIAN_POINT('',(0.917829330963,183.61715369788));
#4276 = CARTESIAN_POINT('',(0.918925704466,184.4943043542));
#4277 = CARTESIAN_POINT('',(0.919996823054,185.371704801));
#4278 = CARTESIAN_POINT('',(0.921043153124,186.24934587859));
#4279 = CARTESIAN_POINT('',(0.923007576314,187.93675358534));
#4280 = CARTESIAN_POINT('',(0.923929081479,188.74628730774));
#4281 = CARTESIAN_POINT('',(0.924830042741,189.55582165029));
#4282 = CARTESIAN_POINT('',(0.925710814964,190.36535619698));
#4283 = CARTESIAN_POINT('',(0.926571738903,191.17489041682));
#4284 = CARTESIAN_POINT('',(0.927413148004,191.98442440161));
#4285 = CARTESIAN_POINT('',(0.928235367302,192.79395865821));
#4286 = CARTESIAN_POINT('',(0.929775096664,194.34556596507));
#4287 = CARTESIAN_POINT('',(0.930495622669,195.08763898764));
#4288 = CARTESIAN_POINT('',(0.93120052378,195.82971219336));
#4289 = CARTESIAN_POINT('',(0.931890028723,196.57178523972));
#4290 = CARTESIAN_POINT('',(0.932564361257,197.31385806864));
#4291 = CARTESIAN_POINT('',(0.933223741793,198.05593104778));
#4292 = CARTESIAN_POINT('',(0.933868382995,198.7980044558));
#4293 = CARTESIAN_POINT('',(0.935128575848,200.28215035456));
#4294 = CARTESIAN_POINT('',(0.935744128358,201.02422339859));
#4295 = CARTESIAN_POINT('',(0.936345334453,201.76629644299));
#4296 = CARTESIAN_POINT('',(0.936932386055,202.50836948726));
#4297 = CARTESIAN_POINT('',(0.937505469424,203.25044253111));
#4298 = CARTESIAN_POINT('',(0.938064765158,203.99251557446));
#4299 = CARTESIAN_POINT('',(0.938610448195,204.73458861742));
#4300 = CARTESIAN_POINT('',(0.939626541935,206.15127342257));
#4301 = CARTESIAN_POINT('',(0.940099286707,206.82588544616));
#4302 = CARTESIAN_POINT('',(0.940561047786,207.50049733847));
#4303 = CARTESIAN_POINT('',(0.941011950052,208.17510907866));
#4304 = CARTESIAN_POINT('',(0.941452115713,208.84972082847));
#4305 = CARTESIAN_POINT('',(0.941881662412,209.52433274296));
#4306 = CARTESIAN_POINT('',(0.942300701329,210.19894478127));
#4307 = CARTESIAN_POINT('',(0.943485359509,212.1546909467));
#4308 = CARTESIAN_POINT('',(0.944223989615,213.43603262318));
#4309 = CARTESIAN_POINT('',(0.944925914828,214.71756541243));
#4310 = CARTESIAN_POINT('',(0.94559181883,215.99927692281));
#4311 = CARTESIAN_POINT('',(0.946222314901,217.28115271938));
#4312 = CARTESIAN_POINT('',(0.946817997871,218.56318055279));
#4313 = CARTESIAN_POINT('',(0.947379476432,219.84535297766));
#4314 = CARTESIAN_POINT('',(0.948379139746,222.27418546474));
#4315 = CARTESIAN_POINT('',(0.94882408495,223.42081913841));
#4316 = CARTESIAN_POINT('',(0.949242449096,224.56754904099));
#4317 = CARTESIAN_POINT('',(0.949634580813,225.71436704347));
#4318 = CARTESIAN_POINT('',(0.950000813236,226.86126560255));
#4319 = CARTESIAN_POINT('',(0.950341464003,228.00823776064));
#4320 = CARTESIAN_POINT('',(0.950656835257,229.1552771459));
#4321 = CARTESIAN_POINT('',(0.951203337345,231.31416024719));
#4322 = CARTESIAN_POINT('',(0.951440020099,232.32599048733));
#4323 = CARTESIAN_POINT('',(0.95165745196,233.3378641485));
#4324 = CARTESIAN_POINT('',(0.95185580395,234.34977622853));
#4325 = CARTESIAN_POINT('',(0.952035238458,235.36172196004));
#4326 = CARTESIAN_POINT('',(0.952195913749,236.37369710237));
#4327 = CARTESIAN_POINT('',(0.952337982569,237.38569783243));
#4328 = CARTESIAN_POINT('',(0.95256869083,239.2746751022));
#4329 = CARTESIAN_POINT('',(0.952661932523,240.15164632673));
#4330 = CARTESIAN_POINT('',(0.952741395967,241.02863106015));
#4331 = CARTESIAN_POINT('',(0.952807178865,241.90562758768));
#4332 = CARTESIAN_POINT('',(0.952859368438,242.78263390262));
#4333 = CARTESIAN_POINT('',(0.952898033884,243.65964722146));
#4334 = CARTESIAN_POINT('',(0.952923233486,244.53666443921));
#4335 = CARTESIAN_POINT('',(0.952943949814,246.07600685353));
#4336 = CARTESIAN_POINT('',(0.952945222152,246.73833114069));
#4337 = CARTESIAN_POINT('',(0.952938880602,247.40065537369));
#4338 = CARTESIAN_POINT('',(0.952924951251,248.06297856093));
#4339 = CARTESIAN_POINT('',(0.95290345901,248.7252997319));
#4340 = CARTESIAN_POINT('',(0.952874427616,249.38761793728));
#4341 = CARTESIAN_POINT('',(0.952837879631,250.04993224884));
#4342 = CARTESIAN_POINT('',(0.952704105704,252.06158831299));
#4343 = CARTESIAN_POINT('',(0.952583262268,253.41091487003));
#4344 = CARTESIAN_POINT('',(0.95243149276,254.76021466693));
#4345 = CARTESIAN_POINT('',(0.952248991581,256.10948211572));
#4346 = CARTESIAN_POINT('',(0.952035738877,257.45870246637));
#4347 = CARTESIAN_POINT('',(0.951791939755,258.8078737128));
#4348 = CARTESIAN_POINT('',(0.951517602553,260.15698537062));
#4349 = CARTESIAN_POINT('',(0.950984133876,262.51809990804));
#4350 = CARTESIAN_POINT('',(0.950738320999,263.53013136579));
#4351 = CARTESIAN_POINT('',(0.95047537438,264.54212248232));
#4352 = CARTESIAN_POINT('',(0.950195337601,265.55407163136));
#4353 = CARTESIAN_POINT('',(0.949898195788,266.56597485929));
#4354 = CARTESIAN_POINT('',(0.949583920347,267.57782795759));
#4355 = CARTESIAN_POINT('',(0.94925251877,268.58962874465));
#4356 = CARTESIAN_POINT('',(0.948648308069,270.34344671351));
#4357 = CARTESIAN_POINT('',(0.9483834164,271.08551975258));
#4358 = CARTESIAN_POINT('',(0.948109276079,271.8275927916));
#4359 = CARTESIAN_POINT('',(0.947825875551,272.5696658306));
#4360 = CARTESIAN_POINT('',(0.947533201489,273.31173886957));
#4361 = CARTESIAN_POINT('',(0.947231238795,274.0538119085));
#4362 = CARTESIAN_POINT('',(0.946919970599,274.79588494738));
#4363 = CARTESIAN_POINT('',(0.946103768269,276.68514325552));
#4364 = CARTESIAN_POINT('',(0.945585914261,277.83223970391));
#4365 = CARTESIAN_POINT('',(0.945045735902,278.97924238279));
#4366 = CARTESIAN_POINT('',(0.944483142639,280.12614638865));
#4367 = CARTESIAN_POINT('',(0.943898033694,281.27294686311));
#4368 = CARTESIAN_POINT('',(0.943290298068,282.41963899289));
#4369 = CARTESIAN_POINT('',(0.942659814538,283.56621800983));
#4370 = CARTESIAN_POINT('',(0.941314139314,285.92748532397));
#4371 = CARTESIAN_POINT('',(0.940596137254,287.14215906263));
#4372 = CARTESIAN_POINT('',(0.939852289095,288.3566949906));
#4373 = CARTESIAN_POINT('',(0.939082456695,289.57108813565));
#4374 = CARTESIAN_POINT('',(0.938286335213,290.78532953985));
#4375 = CARTESIAN_POINT('',(0.937463788632,291.99941511533));
#4376 = CARTESIAN_POINT('',(0.936614534562,293.21333726341));
#4377 = CARTESIAN_POINT('',(0.934617468077,295.97976897887));
#4378 = CARTESIAN_POINT('',(0.933452511252,297.53217054533));
#4379 = CARTESIAN_POINT('',(0.932242875586,299.08427981874));
#4380 = CARTESIAN_POINT('',(0.930988202008,300.63608775758));
#4381 = CARTESIAN_POINT('',(0.929687541839,302.187572155));
#4382 = CARTESIAN_POINT('',(0.928340377361,303.73872207263));
#4383 = CARTESIAN_POINT('',(0.926945871828,305.28951931453));
#4384 = CARTESIAN_POINT('',(0.924246832443,308.19023328195));
#4385 = CARTESIAN_POINT('',(0.922953921491,309.54023872055));
#4386 = CARTESIAN_POINT('',(0.921623954992,310.88995329308));
#4387 = CARTESIAN_POINT('',(0.920256461135,312.23936656622));
#4388 = CARTESIAN_POINT('',(0.918850625537,313.58846380091));
#4389 = CARTESIAN_POINT('',(0.917405935283,314.93723409762));
#4390 = CARTESIAN_POINT('',(0.915921614114,316.28566321384));
#4391 = CARTESIAN_POINT('',(0.913098785256,318.78154179876));
#4392 = CARTESIAN_POINT('',(0.911771374464,319.92908868528));
#4393 = CARTESIAN_POINT('',(0.91041424413,321.0763696583));
#4394 = CARTESIAN_POINT('',(0.909026962644,322.22337609471));
#4395 = CARTESIAN_POINT('',(0.907608992236,323.3700983591));
#4396 = CARTESIAN_POINT('',(0.906159759034,324.51652634971));
#4397 = CARTESIAN_POINT('',(0.904678731766,325.66265006798));
#4398 = CARTESIAN_POINT('',(0.9018275107,327.82129307008));
#4399 = CARTESIAN_POINT('',(0.900464401394,328.83388110901));
#4400 = CARTESIAN_POINT('',(0.899075577226,329.84621552721));
#4401 = CARTESIAN_POINT('',(0.897660586198,330.85828851552));
#4402 = CARTESIAN_POINT('',(0.896219010333,331.87009212967));
#4403 = CARTESIAN_POINT('',(0.894750405465,332.881618038));
#4404 = CARTESIAN_POINT('',(0.893254245767,333.89285731254));
#4405 = CARTESIAN_POINT('',(0.890406520612,335.7816209526));
#4406 = CARTESIAN_POINT('',(0.889061856958,336.65921799926));
#4407 = CARTESIAN_POINT('',(0.887695700093,337.53658607011));
#4408 = CARTESIAN_POINT('',(0.886307701778,338.41371892091));
#4409 = CARTESIAN_POINT('',(0.884897501195,339.29061004699));
#4410 = CARTESIAN_POINT('',(0.88346472495,340.16725268331));
#4411 = CARTESIAN_POINT('',(0.882008987067,341.0436398044));
#4412 = CARTESIAN_POINT('',(0.877790598391,343.54234694386));
#4413 = CARTESIAN_POINT('',(0.874971177281,345.16402794127));
#4414 = CARTESIAN_POINT('',(0.872069154585,346.78476111144));
#4415 = CARTESIAN_POINT('',(0.869081524195,348.40449709758));
#4416 = CARTESIAN_POINT('',(0.866005581228,350.02318107913));
#4417 = CARTESIAN_POINT('',(0.862837922562,351.64075492574));
#4418 = CARTESIAN_POINT('',(0.859575313898,353.25715455442));
#4419 = CARTESIAN_POINT('',(0.853681354789,356.08930828148));
#4420 = CARTESIAN_POINT('',(0.851092655468,357.30559910493));
#4421 = CARTESIAN_POINT('',(0.848446334203,358.52115471788));
#4422 = CARTESIAN_POINT('',(0.845740711182,359.73594366015));
#4423 = CARTESIAN_POINT('',(0.842974017405,360.94993220089));
#4424 = CARTESIAN_POINT('',(0.840144386224,362.16308424205));
#4425 = CARTESIAN_POINT('',(0.837249844879,363.37536122182));
#4426 = CARTESIAN_POINT('',(0.832139810337,365.46552307417));
#4427 = CARTESIAN_POINT('',(0.829956056826,366.34384178284));
#4428 = CARTESIAN_POINT('',(0.8277362393,367.22166246154));
#4429 = CARTESIAN_POINT('',(0.825479508705,368.09896862374));
#4430 = CARTESIAN_POINT('',(0.823184980876,368.97574286128));
#4431 = CARTESIAN_POINT('',(0.820851738239,369.85196677807));
#4432 = CARTESIAN_POINT('',(0.818478825511,370.72762097499));
#4433 = CARTESIAN_POINT('',(0.814204537112,372.27729691988));
#4434 = CARTESIAN_POINT('',(0.812318693911,372.95190875825));
#4435 = CARTESIAN_POINT('',(0.810407182171,373.62652057018));
#4436 = CARTESIAN_POINT('',(0.808469447977,374.3011323863));
#4437 = CARTESIAN_POINT('',(0.806504919272,374.97574422506));
#4438 = CARTESIAN_POINT('',(0.804513005348,375.65035606807));
#4439 = CARTESIAN_POINT('',(0.802493087672,376.32496788455));
#4440 = CARTESIAN_POINT('',(0.797154205369,378.08309459225));
#4441 = CARTESIAN_POINT('',(0.793793225889,379.16553393266));
#4442 = CARTESIAN_POINT('',(0.79035924622,380.24684972483));
#4443 = CARTESIAN_POINT('',(0.786849825303,381.32699007722));
#4444 = CARTESIAN_POINT('',(0.783262383528,382.40589899141));
#4445 = CARTESIAN_POINT('',(0.779594187859,383.48351614544));
#4446 = CARTESIAN_POINT('',(0.77584233696,384.55977667703));
#4447 = CARTESIAN_POINT('',(0.768128758049,386.71963686734));
#4448 = CARTESIAN_POINT('',(0.764165383621,387.80320835133));
#4449 = CARTESIAN_POINT('',(0.760110446715,388.88525407299));
#4450 = CARTESIAN_POINT('',(0.755960489405,389.96569691594));
#4451 = CARTESIAN_POINT('',(0.751711891628,391.04445251175));
#4452 = CARTESIAN_POINT('',(0.747360811467,392.12142922801));
#4453 = CARTESIAN_POINT('',(0.742903100753,393.19652819995));
#4454 = CARTESIAN_POINT('',(0.733704778873,395.35704154573));
#4455 = CARTESIAN_POINT('',(0.728961204883,396.44240057527));
#4456 = CARTESIAN_POINT('',(0.724098965819,397.5256089042));
#4457 = CARTESIAN_POINT('',(0.719113398157,398.60654307815));
#4458 = CARTESIAN_POINT('',(0.713998808328,399.68507094096));
#4459 = CARTESIAN_POINT('',(0.708749804296,400.76104432823));
#4460 = CARTESIAN_POINT('',(0.703360129764,401.83430345833));
#4461 = CARTESIAN_POINT('',(0.695017116424,403.44713360698));
#4462 = CARTESIAN_POINT('',(0.692173198335,403.98885187263));
#4463 = CARTESIAN_POINT('',(0.689290606274,404.52980442572));
#4464 = CARTESIAN_POINT('',(0.686368449796,405.06996703419));
#4465 = CARTESIAN_POINT('',(0.683405802116,405.60931415675));
#4466 = CARTESIAN_POINT('',(0.680401700112,406.14781894286));
#4467 = CARTESIAN_POINT('',(0.677355144325,406.68545323274));
#4468 = CARTESIAN_POINT('',(0.670769659985,407.82933789177));
#4469 = CARTESIAN_POINT('',(0.667211931322,408.43648874746));
#4470 = CARTESIAN_POINT('',(0.66358973525,409.04363933232));
#4471 = CARTESIAN_POINT('',(0.659900754748,409.65078960556));
#4472 = CARTESIAN_POINT('',(0.656142514964,410.25793989402));
#4473 = CARTESIAN_POINT('',(0.65231236469,410.86509050831));
#4474 = CARTESIAN_POINT('',(0.648407457832,411.47224135907));
#4475 = CARTESIAN_POINT('',(0.639114446881,412.8889237786));
#4476 = CARTESIAN_POINT('',(0.633665783169,413.69846074905));
#4477 = CARTESIAN_POINT('',(0.628071486298,414.50799530821));
#4478 = CARTESIAN_POINT('',(0.622323679652,415.31752737764));
#4479 = CARTESIAN_POINT('',(0.616413325993,416.12705841502));
#4480 = CARTESIAN_POINT('',(0.610330890092,416.93659379412));
#4481 = CARTESIAN_POINT('',(0.604065153459,417.74613159839));
#4482 = CARTESIAN_POINT('',(0.592757594983,419.16281170968));
#4483 = CARTESIAN_POINT('',(0.587801346876,419.76996410498));
#4484 = CARTESIAN_POINT('',(0.582729676018,420.37711478702));
#4485 = CARTESIAN_POINT('',(0.577536826272,420.98426353258));
#4486 = CARTESIAN_POINT('',(0.572216464937,421.5914124325));
#4487 = CARTESIAN_POINT('',(0.566761587106,422.19856345099));
#4488 = CARTESIAN_POINT('',(0.561164420023,422.80571598494));
#4489 = CARTESIAN_POINT('',(0.550873196171,423.89273753172));
#4490 = CARTESIAN_POINT('',(0.546254731256,424.37060480741));
#4491 = CARTESIAN_POINT('',(0.541558804675,424.84638493908));
#4492 = CARTESIAN_POINT('',(0.536783184258,425.31999024286));
#4493 = CARTESIAN_POINT('',(0.531925533684,425.79132666227));
#4494 = CARTESIAN_POINT('',(0.526983412481,426.26029376815));
#4495 = CARTESIAN_POINT('',(0.521954276028,426.72678475873));
#4496 = CARTESIAN_POINT('',(0.508971282465,427.90339494769));
#4497 = CARTESIAN_POINT('',(0.500895523665,428.60998188052));
#4498 = CARTESIAN_POINT('',(0.492598434408,429.31004299734));
#4499 = CARTESIAN_POINT('',(0.484069707984,430.00312148928));
#4500 = CARTESIAN_POINT('',(0.475298444208,430.68870607667));
#4501 = CARTESIAN_POINT('',(0.466273076396,431.36622817368));
#4502 = CARTESIAN_POINT('',(0.456981276818,432.0350581404));
#4503 = CARTESIAN_POINT('',(0.437865586115,433.35207037166));
#4504 = CARTESIAN_POINT('',(0.428320734174,433.98119004441));
#4505 = CARTESIAN_POINT('',(0.41877536119,434.58316249423));
#4506 = CARTESIAN_POINT('',(0.40922931908,435.15919507033));
#4507 = CARTESIAN_POINT('',(0.399682415634,435.71040557543));
#4508 = CARTESIAN_POINT('',(0.390134413144,436.23782453615));
#4509 = CARTESIAN_POINT('',(0.380585070177,436.74239869873));
#4510 = CARTESIAN_POINT('',(0.355867758638,437.99138824937));
#4511 = CARTESIAN_POINT('',(0.340089951769,438.73308194595));
#4512 = CARTESIAN_POINT('',(0.32366467435,439.4476228241));
#4513 = CARTESIAN_POINT('',(0.306557117204,440.13205818305));
#4514 = CARTESIAN_POINT('',(0.288735053543,440.78298012998));
#4515 = CARTESIAN_POINT('',(0.270170241316,441.39657331446));
#4516 = CARTESIAN_POINT('',(0.250840642104,441.96869936867));
#4517 = CARTESIAN_POINT('',(0.205792358917,443.1479556196));
#4518 = CARTESIAN_POINT('',(0.179638209403,443.73086317408));
#4519 = CARTESIAN_POINT('',(0.152272760361,444.2346418128));
#4520 = CARTESIAN_POINT('',(0.123727687097,444.65016070876));
#4521 = CARTESIAN_POINT('',(9.407392696397E-02,444.96893799257));
#4522 = CARTESIAN_POINT('',(6.343338764952E-02,445.18410868888));
#4523 = CARTESIAN_POINT('',(3.199041983631E-02,445.29162761748));
#4524 = CARTESIAN_POINT('',(0.,445.29162761748));
#4525 = ( GEOMETRIC_REPRESENTATION_CONTEXT(2) 
PARAMETRIC_REPRESENTATION_CONTEXT() REPRESENTATION_CONTEXT('2D SPACE',''
  ) );
#4526 = PCURVE('',#2335,#4527);
#4527 = DEFINITIONAL_REPRESENTATION('',(#4528),#4888);
#4528 = B_SPLINE_CURVE_WITH_KNOTS('',8,(#4529,#4530,#4531,#4532,#4533,
    #4534,#4535,#4536,#4537,#4538,#4539,#4540,#4541,#4542,#4543,#4544,
    #4545,#4546,#4547,#4548,#4549,#4550,#4551,#4552,#4553,#4554,#4555,
    #4556,#4557,#4558,#4559,#4560,#4561,#4562,#4563,#4564,#4565,#4566,
    #4567,#4568,#4569,#4570,#4571,#4572,#4573,#4574,#4575,#4576,#4577,
    #4578,#4579,#4580,#4581,#4582,#4583,#4584,#4585,#4586,#4587,#4588,
    #4589,#4590,#4591,#4592,#4593,#4594,#4595,#4596,#4597,#4598,#4599,
    #4600,#4601,#4602,#4603,#4604,#4605,#4606,#4607,#4608,#4609,#4610,
    #4611,#4612,#4613,#4614,#4615,#4616,#4617,#4618,#4619,#4620,#4621,
    #4622,#4623,#4624,#4625,#4626,#4627,#4628,#4629,#4630,#4631,#4632,
    #4633,#4634,#4635,#4636,#4637,#4638,#4639,#4640,#4641,#4642,#4643,
    #4644,#4645,#4646,#4647,#4648,#4649,#4650,#4651,#4652,#4653,#4654,
    #4655,#4656,#4657,#4658,#4659,#4660,#4661,#4662,#4663,#4664,#4665,
    #4666,#4667,#4668,#4669,#4670,#4671,#4672,#4673,#4674,#4675,#4676,
    #4677,#4678,#4679,#4680,#4681,#4682,#4683,#4684,#4685,#4686,#4687,
    #4688,#4689,#4690,#4691,#4692,#4693,#4694,#4695,#4696,#4697,#4698,
    #4699,#4700,#4701,#4702,#4703,#4704,#4705,#4706,#4707,#4708,#4709,
    #4710,#4711,#4712,#4713,#4714,#4715,#4716,#4717,#4718,#4719,#4720,
    #4721,#4722,#4723,#4724,#4725,#4726,#4727,#4728,#4729,#4730,#4731,
    #4732,#4733,#4734,#4735,#4736,#4737,#4738,#4739,#4740,#4741,#4742,
    #4743,#4744,#4745,#4746,#4747,#4748,#4749,#4750,#4751,#4752,#4753,
    #4754,#4755,#4756,#4757,#4758,#4759,#4760,#4761,#4762,#4763,#4764,
    #4765,#4766,#4767,#4768,#4769,#4770,#4771,#4772,#4773,#4774,#4775,
    #4776,#4777,#4778,#4779,#4780,#4781,#4782,#4783,#4784,#4785,#4786,
    #4787,#4788,#4789,#4790,#4791,#4792,#4793,#4794,#4795,#4796,#4797,
    #4798,#4799,#4800,#4801,#4802,#4803,#4804,#4805,#4806,#4807,#4808,
    #4809,#4810,#4811,#4812,#4813,#4814,#4815,#4816,#4817,#4818,#4819,
    #4820,#4821,#4822,#4823,#4824,#4825,#4826,#4827,#4828,#4829,#4830,
    #4831,#4832,#4833,#4834,#4835,#4836,#4837,#4838,#4839,#4840,#4841,
    #4842,#4843,#4844,#4845,#4846,#4847,#4848,#4849,#4850,#4851,#4852,
    #4853,#4854,#4855,#4856,#4857,#4858,#4859,#4860,#4861,#4862,#4863,
    #4864,#4865,#4866,#4867,#4868,#4869,#4870,#4871,#4872,#4873,#4874,
    #4875,#4876,#4877,#4878,#4879,#4880,#4881,#4882,#4883,#4884,#4885,
    #4886,#4887),.UNSPECIFIED.,.F.,.F.,(9,7,7,7,7,7,7,7,7,7,7,7,7,7,7,7,
    7,7,7,7,7,7,7,7,7,7,7,7,7,7,7,7,7,7,7,7,7,7,7,7,7,7,7,7,7,7,7,7,7,7,
    7,9),(0.,3.909354386749E-02,6.969289768022E-02,8.171544313979E-02,
    0.102496747407,0.123415593515,0.141959639515,0.155992804324,
    0.176814232284,0.197280678921,0.217500130775,0.232255929977,
    0.256311996198,0.268300164885,0.280288333582,0.298908615157,
    0.316156333861,0.332061390222,0.34664102334,0.361220660137,
    0.374474873541,0.399645543152,0.422151049906,0.442001678815,
    0.459202983459,0.4721933796,0.498659172372,0.518514087281,
    0.533076845754,0.555589699781,0.579444631461,0.609960779304,
    0.6365376277,0.659166215567,0.679168692105,0.696537192883,
    0.728703667798,0.752940627961,0.770523718195,0.784079022998,
    0.805850616836,0.827828649574,0.850099264028,0.861385969799,
    0.87415341706,0.891176650352,0.903944094141,0.914035123866,
    0.92953832751,0.944997504035,0.969547178168,1.),.UNSPECIFIED.);
#4529 = CARTESIAN_POINT('',(49.109353124344,300.));
#4530 = CARTESIAN_POINT('',(49.109353124344,302.55017155181));
#4531 = CARTESIAN_POINT('',(49.204263750403,305.10110076234));
#4532 = CARTESIAN_POINT('',(49.394184616948,307.63806946546));
#4533 = CARTESIAN_POINT('',(49.676612027933,310.14900502849));
#4534 = CARTESIAN_POINT('',(50.047312970631,312.6241320941));
#4535 = CARTESIAN_POINT('',(50.500965243944,315.05565725248));
#4536 = CARTESIAN_POINT('',(51.031632072562,317.43751282869));
#4537 = CARTESIAN_POINT('',(52.103952346198,321.58710557569));
#4538 = CARTESIAN_POINT('',(52.618361461041,323.37658881958));
#4539 = CARTESIAN_POINT('',(53.173710888053,325.13237152331));
#4540 = CARTESIAN_POINT('',(53.767391663975,326.85374612007));
#4541 = CARTESIAN_POINT('',(54.396926698315,328.54044543648));
#4542 = CARTESIAN_POINT('',(55.060028748972,330.19257263367));
#4543 = CARTESIAN_POINT('',(55.754645666396,331.81055762403));
#4544 = CARTESIAN_POINT('',(56.763610001343,334.017698021));
#4545 = CARTESIAN_POINT('',(57.05794306814,334.64635715461));
#4546 = CARTESIAN_POINT('',(57.36239318015,335.28126085033));
#4547 = CARTESIAN_POINT('',(57.677375521322,335.92258440563));
#4548 = CARTESIAN_POINT('',(58.003335743631,336.5705130414));
#4549 = CARTESIAN_POINT('',(58.340752210462,337.22523969731));
#4550 = CARTESIAN_POINT('',(58.690138239988,337.88696282702));
#4551 = CARTESIAN_POINT('',(59.677609124606,339.71213338359));
#4552 = CARTESIAN_POINT('',(60.318552950749,340.84917287815));
#4553 = CARTESIAN_POINT('',(60.974187943812,341.9673825126));
#4554 = CARTESIAN_POINT('',(61.64387067167,343.06713273034));
#4555 = CARTESIAN_POINT('',(62.327002230846,344.14878792762));
#4556 = CARTESIAN_POINT('',(63.023028324123,345.21270979849));
#4557 = CARTESIAN_POINT('',(63.731439338157,346.25926067966));
#4558 = CARTESIAN_POINT('',(65.176869042293,348.32516720125));
#4559 = CARTESIAN_POINT('',(65.914032030636,349.34427860251));
#4560 = CARTESIAN_POINT('',(66.662779073391,350.34651397324));
#4561 = CARTESIAN_POINT('',(67.42265750961,351.33222567591));
#4562 = CARTESIAN_POINT('',(68.193242018405,352.30174906054));
#4563 = CARTESIAN_POINT('',(68.974134307221,353.25540596384));
#4564 = CARTESIAN_POINT('',(69.764962800123,354.19350820837));
#4565 = CARTESIAN_POINT('',(71.274934680531,355.93444764517));
#4566 = CARTESIAN_POINT('',(71.99201859081,356.74054427127));
#4567 = CARTESIAN_POINT('',(72.716390539651,357.53485738869));
#4568 = CARTESIAN_POINT('',(73.44782020978,358.31759612817));
#4569 = CARTESIAN_POINT('',(74.186086445563,359.08895403054));
#4570 = CARTESIAN_POINT('',(74.930977913925,359.84911506559));
#4571 = CARTESIAN_POINT('',(75.682294547592,360.5982627119));
#4572 = CARTESIAN_POINT('',(77.013121088744,361.89528382311));
#4573 = CARTESIAN_POINT('',(77.588175399646,362.44604358323));
#4574 = CARTESIAN_POINT('',(78.164978667012,362.98908336096));
#4575 = CARTESIAN_POINT('',(78.743501043354,363.52461753443));
#4576 = CARTESIAN_POINT('',(79.323714751319,364.05284684602));
#4577 = CARTESIAN_POINT('',(79.905594365239,364.57396102638));
#4578 = CARTESIAN_POINT('',(80.48911557602,365.0881388041));
#4579 = CARTESIAN_POINT('',(81.942437571742,366.34839955486));
#4580 = CARTESIAN_POINT('',(82.817220007619,367.08898386812));
#4581 = CARTESIAN_POINT('',(83.69838201051,367.81750336629));
#4582 = CARTESIAN_POINT('',(84.58571674538,368.53415545924));
#4583 = CARTESIAN_POINT('',(85.479023289193,369.23912816116));
#4584 = CARTESIAN_POINT('',(86.378105980054,369.93260089743));
#4585 = CARTESIAN_POINT('',(87.282778104906,370.61474779855));
#4586 = CARTESIAN_POINT('',(89.087445731287,371.94529946127));
#4587 = CARTESIAN_POINT('',(89.987255831851,372.59407963166));
#4588 = CARTESIAN_POINT('',(90.892134448322,373.23224732799));
#4589 = CARTESIAN_POINT('',(91.801921829557,373.85995968099));
#4590 = CARTESIAN_POINT('',(92.716462859793,374.47736826958));
#4591 = CARTESIAN_POINT('',(93.635606751325,375.08461977191));
#4592 = CARTESIAN_POINT('',(94.559207822531,375.68185661414));
#4593 = CARTESIAN_POINT('',(96.403848508287,376.84949018348));
#4594 = CARTESIAN_POINT('',(97.324784390513,377.4201233635));
#4595 = CARTESIAN_POINT('',(98.249804617449,377.981251374));
#4596 = CARTESIAN_POINT('',(99.178782298572,378.53300428695));
#4597 = CARTESIAN_POINT('',(100.1115940587,379.07550839872));
#4598 = CARTESIAN_POINT('',(101.04812005342,379.60888659947));
#4599 = CARTESIAN_POINT('',(101.98824398447,380.13325874254));
#4600 = CARTESIAN_POINT('',(103.62048240926,381.02493260985));
#4601 = CARTESIAN_POINT('',(104.31033772254,381.39604487347));
#4602 = CARTESIAN_POINT('',(105.00139323168,381.76215321566));
#4603 = CARTESIAN_POINT('',(105.69362680675,382.12332847651));
#4604 = CARTESIAN_POINT('',(106.38701680623,382.47963874951));
#4605 = CARTESIAN_POINT('',(107.08154064296,382.83114984134));
#4606 = CARTESIAN_POINT('',(107.77717512096,383.17792536741));
#4607 = CARTESIAN_POINT('',(109.60975194916,384.07774667038));
#4608 = CARTESIAN_POINT('',(110.74984907966,384.62370537337));
#4609 = CARTESIAN_POINT('',(111.89402181844,385.15808185118));
#4610 = CARTESIAN_POINT('',(113.04213953403,385.68103602018));
#4611 = CARTESIAN_POINT('',(114.19399108939,386.19276060723));
#4612 = CARTESIAN_POINT('',(115.34949873757,386.69338623811));
#4613 = CARTESIAN_POINT('',(116.50849534388,387.18308316711));
#4614 = CARTESIAN_POINT('',(118.25011406088,387.90066439829));
#4615 = CARTESIAN_POINT('',(118.82996173853,388.13655161437));
#4616 = CARTESIAN_POINT('',(119.41039115798,388.36968702966));
#4617 = CARTESIAN_POINT('',(119.99139181886,388.60009574272));
#4618 = CARTESIAN_POINT('',(120.57295322125,388.82780231374));
#4619 = CARTESIAN_POINT('',(121.15506486576,389.05283076452));
#4620 = CARTESIAN_POINT('',(121.73771625346,389.27520457848));
#4621 = CARTESIAN_POINT('',(122.90407751884,389.71468882299));
#4622 = CARTESIAN_POINT('',(123.48778731086,389.93179933019));
#4623 = CARTESIAN_POINT('',(124.07201736505,390.14630075061));
#4624 = CARTESIAN_POINT('',(124.65675878529,390.35821518041));
#4625 = CARTESIAN_POINT('',(125.24200267634,390.56756428357));
#4626 = CARTESIAN_POINT('',(125.82774014379,390.77436929191));
#4627 = CARTESIAN_POINT('',(126.4139622941,390.97865100503));
#4628 = CARTESIAN_POINT('',(127.91193209994,391.49383694155));
#4629 = CARTESIAN_POINT('',(128.82477636908,391.80135135193));
#4630 = CARTESIAN_POINT('',(129.73914174078,392.10303554251));
#4631 = CARTESIAN_POINT('',(130.65498399376,392.3989450238));
#4632 = CARTESIAN_POINT('',(131.57225264726,392.68914146329));
#4633 = CARTESIAN_POINT('',(132.49089835902,392.97368543305));
#4634 = CARTESIAN_POINT('',(133.41088116333,393.25262846233));
#4635 = CARTESIAN_POINT('',(135.18552763921,393.77926687404));
#4636 = CARTESIAN_POINT('',(136.04000707561,394.02775005279));
#4637 = CARTESIAN_POINT('',(136.89556483046,394.27151617289));
#4638 = CARTESIAN_POINT('',(137.75216832595,394.51060727627));
#4639 = CARTESIAN_POINT('',(138.60978553688,394.7450649298));
#4640 = CARTESIAN_POINT('',(139.46838499062,394.97493022531));
#4641 = CARTESIAN_POINT('',(140.32793576714,395.20024377957));
#4642 = CARTESIAN_POINT('',(141.98189512629,395.62465918575));
#4643 = CARTESIAN_POINT('',(142.77597169142,395.82438628129));
#4644 = CARTESIAN_POINT('',(143.57061967598,396.02026454012));
#4645 = CARTESIAN_POINT('',(144.36582444517,396.21232749157));
#4646 = CARTESIAN_POINT('',(145.16157169718,396.40060772374));
#4647 = CARTESIAN_POINT('',(145.95784634516,396.5851382371));
#4648 = CARTESIAN_POINT('',(146.75463283169,396.76595210315));
#4649 = CARTESIAN_POINT('',(148.2827604887,397.10544803803));
#4650 = CARTESIAN_POINT('',(149.01402212297,397.26471877201));
#4651 = CARTESIAN_POINT('',(149.74568983888,397.42091756027));
#4652 = CARTESIAN_POINT('',(150.47775249191,397.57406782879));
#4653 = CARTESIAN_POINT('',(151.21019863901,397.72419315353));
#4654 = CARTESIAN_POINT('',(151.94301634622,397.87131756582));
#4655 = CARTESIAN_POINT('',(152.67619389757,398.01546450842));
#4656 = CARTESIAN_POINT('',(154.14324909843,398.29784441232));
#4657 = CARTESIAN_POINT('',(154.8771272613,398.43607751917));
#4658 = CARTESIAN_POINT('',(155.61134619485,398.5713750031));
#4659 = CARTESIAN_POINT('',(156.34589620005,398.70375782285));
#4660 = CARTESIAN_POINT('',(157.08076757806,398.83324665586));
#4661 = CARTESIAN_POINT('',(157.81595063024,398.95986189831));
#4662 = CARTESIAN_POINT('',(158.55143565815,399.08362366511));
#4663 = CARTESIAN_POINT('',(159.95610132891,399.31448643332));
#4664 = CARTESIAN_POINT('',(160.62523138223,399.42207939632));
#4665 = CARTESIAN_POINT('',(161.29459582866,399.52734516424));
#4666 = CARTESIAN_POINT('',(161.96418715551,399.63029868013));
#4667 = CARTESIAN_POINT('',(162.63399789002,399.73095488552));
#4668 = CARTESIAN_POINT('',(163.30402085695,399.82932826132));
#4669 = CARTESIAN_POINT('',(163.97424943633,399.92543236853));
#4670 = CARTESIAN_POINT('',(165.91786777643,400.19750138378));
#4671 = CARTESIAN_POINT('',(167.19198432095,400.36761335703));
#4672 = CARTESIAN_POINT('',(168.46697138747,400.52969549218));
#4673 = CARTESIAN_POINT('',(169.74277110053,400.68383365447));
#4674 = CARTESIAN_POINT('',(171.01933060677,400.8301037852));
#4675 = CARTESIAN_POINT('',(172.29659689457,400.96858362874));
#4676 = CARTESIAN_POINT('',(173.5745136609,401.09935991391));
#4677 = CARTESIAN_POINT('',(175.99618045078,401.33259987779));
#4678 = CARTESIAN_POINT('',(177.13980935106,401.4365951967));
#4679 = CARTESIAN_POINT('',(178.28388674259,401.53453465666));
#4680 = CARTESIAN_POINT('',(179.42837894243,401.62646731162));
#4681 = CARTESIAN_POINT('',(180.5732528262,401.71244168042));
#4682 = CARTESIAN_POINT('',(181.71847582807,401.79250574677));
#4683 = CARTESIAN_POINT('',(182.86401594077,401.86670695929));
#4684 = CARTESIAN_POINT('',(185.0204993515,401.99541038716));
#4685 = CARTESIAN_POINT('',(186.03137898856,402.05120444633));
#4686 = CARTESIAN_POINT('',(187.04245966612,402.10250483479));
#4687 = CARTESIAN_POINT('',(188.05372163783,402.14933918454));
#4688 = CARTESIAN_POINT('',(189.0651454692,402.19173471671));
#4689 = CARTESIAN_POINT('',(190.07671166187,402.22971924179));
#4690 = CARTESIAN_POINT('',(191.08840080436,402.26332077702));
#4691 = CARTESIAN_POINT('',(192.97695071741,402.31790765912));
#4692 = CARTESIAN_POINT('',(193.85378531258,402.3399787481));
#4693 = CARTESIAN_POINT('',(194.73068622028,402.35879506688));
#4694 = CARTESIAN_POINT('',(195.60764067607,402.37437622978));
#4695 = CARTESIAN_POINT('',(196.48463646645,402.3867401682));
#4696 = CARTESIAN_POINT('',(197.36166244991,402.39590132172));
#4697 = CARTESIAN_POINT('',(198.23870809863,402.40187229836));
#4698 = CARTESIAN_POINT('',(199.77811172788,402.40678107138));
#4699 = CARTESIAN_POINT('',(200.44046611631,402.40708261701));
#4700 = CARTESIAN_POINT('',(201.10282051991,402.4055799086));
#4701 = CARTESIAN_POINT('',(201.76517025384,402.40227916813));
#4702 = CARTESIAN_POINT('',(202.42751065451,402.39718657177));
#4703 = CARTESIAN_POINT('',(203.08983707965,402.39030824997));
#4704 = CARTESIAN_POINT('',(203.75214490827,402.3816502874));
#4705 = CARTESIAN_POINT('',(205.76372540869,402.34996612837));
#4706 = CARTESIAN_POINT('',(207.11292515321,402.32135126865));
#4707 = CARTESIAN_POINT('',(208.46199021264,402.28542651799));
#4708 = CARTESIAN_POINT('',(209.81088030599,402.24224993391));
#4709 = CARTESIAN_POINT('',(211.15956649744,402.19183265206));
#4710 = CARTESIAN_POINT('',(212.50800703904,402.13424275306));
#4711 = CARTESIAN_POINT('',(213.85617041053,402.06950536675));
#4712 = CARTESIAN_POINT('',(216.21519247567,401.94376862418));
#4713 = CARTESIAN_POINT('',(217.22618792254,401.88587472923));
#4714 = CARTESIAN_POINT('',(218.23699301327,401.82399715168));
#4715 = CARTESIAN_POINT('',(219.2475923256,401.75815858179));
#4716 = CARTESIAN_POINT('',(220.25797229606,401.68836907697));
#4717 = CARTESIAN_POINT('',(221.26811974335,401.61463659556));
#4718 = CARTESIAN_POINT('',(222.27802019817,401.53697871581));
#4719 = CARTESIAN_POINT('',(224.0281896456,401.39557451463));
#4720 = CARTESIAN_POINT('',(224.76860881558,401.33363513403));
#4721 = CARTESIAN_POINT('',(225.50891370322,401.26959151069));
#4722 = CARTESIAN_POINT('',(226.24910013794,401.2034479449));
#4723 = CARTESIAN_POINT('',(226.98916394915,401.13520864996));
#4724 = CARTESIAN_POINT('',(227.72910096626,401.06487775208));
#4725 = CARTESIAN_POINT('',(228.46890701868,400.99245929045));
#4726 = CARTESIAN_POINT('',(230.35204971808,400.80278300058));
#4727 = CARTESIAN_POINT('',(231.49510994516,400.68263842759));
#4728 = CARTESIAN_POINT('',(232.63773942151,400.5575353369));
#4729 = CARTESIAN_POINT('',(233.77991901666,400.42748513487));
#4730 = CARTESIAN_POINT('',(234.92162966526,400.29249879565));
#4731 = CARTESIAN_POINT('',(236.06285236703,400.15258686112));
#4732 = CARTESIAN_POINT('',(237.20356818682,400.0077594409));
#4733 = CARTESIAN_POINT('',(239.55191942921,399.69936681129));
#4734 = CARTESIAN_POINT('',(240.75949024078,399.5351990143));
#4735 = CARTESIAN_POINT('',(241.96644842279,399.36553443831));
#4736 = CARTESIAN_POINT('',(243.1727712665,399.1903912227));
#4737 = CARTESIAN_POINT('',(244.37843661839,399.00975216845));
#4738 = CARTESIAN_POINT('',(245.58342180349,398.82364125622));
#4739 = CARTESIAN_POINT('',(246.78770456488,398.63205181431));
#4740 = CARTESIAN_POINT('',(249.53089991921,398.18290161174));
#4741 = CARTESIAN_POINT('',(251.06935107592,397.92185916849));
#4742 = CARTESIAN_POINT('',(252.60656802359,397.65185571613));
#4743 = CARTESIAN_POINT('',(254.14250707886,397.37294281144));
#4744 = CARTESIAN_POINT('',(255.67711486394,397.08504789447));
#4745 = CARTESIAN_POINT('',(257.21034643689,396.78820376132));
#4746 = CARTESIAN_POINT('',(258.74215140284,396.48238028512));
#4747 = CARTESIAN_POINT('',(261.6052621155,395.89339467402));
#4748 = CARTESIAN_POINT('',(262.93692387046,395.6124032518));
#4749 = CARTESIAN_POINT('',(264.26743366405,395.32458100489));
#4750 = CARTESIAN_POINT('',(265.59676109025,395.0299370753));
#4751 = CARTESIAN_POINT('',(266.92486656113,394.72841215834));
#4752 = CARTESIAN_POINT('',(268.25171981953,394.42001831136));
#4753 = CARTESIAN_POINT('',(269.57728371518,394.10471675603));
#4754 = CARTESIAN_POINT('',(272.02903400422,393.50813117191));
#4755 = CARTESIAN_POINT('',(273.15558447405,393.22875217247));
#4756 = CARTESIAN_POINT('',(274.28115248057,392.94433406632));
#4757 = CARTESIAN_POINT('',(275.40571773765,392.65487054737));
#4758 = CARTESIAN_POINT('',(276.52925594612,392.36033670339));
#4759 = CARTESIAN_POINT('',(277.65174194979,392.06070397992));
#4760 = CARTESIAN_POINT('',(278.77315321336,391.75595689016));
#4761 = CARTESIAN_POINT('',(280.8837607798,391.17214290116));
#4762 = CARTESIAN_POINT('',(281.87319738637,390.89420021591));
#4763 = CARTESIAN_POINT('',(282.86175829744,390.61222593669));
#4764 = CARTESIAN_POINT('',(283.84942482151,390.3261974619));
#4765 = CARTESIAN_POINT('',(284.83618090148,390.03610163355));
#4766 = CARTESIAN_POINT('',(285.82200967009,389.74192279514));
#4767 = CARTESIAN_POINT('',(286.80689033636,389.44363188653));
#4768 = CARTESIAN_POINT('',(288.64515410174,388.87860696911));
#4769 = CARTESIAN_POINT('',(289.49877491387,388.61288970982));
#4770 = CARTESIAN_POINT('',(290.35165418484,388.34404029289));
#4771 = CARTESIAN_POINT('',(291.20377911121,388.07204285291));
#4772 = CARTESIAN_POINT('',(292.0551366757,387.79688101426));
#4773 = CARTESIAN_POINT('',(292.90571364719,387.51853789114));
#4774 = CARTESIAN_POINT('',(293.75549658074,387.23699608756));
#4775 = CARTESIAN_POINT('',(296.17677451695,386.42486497048));
#4776 = CARTESIAN_POINT('',(297.74630607167,385.88645863227));
#4777 = CARTESIAN_POINT('',(299.31298488531,385.33691753678));
#4778 = CARTESIAN_POINT('',(300.87670058068,384.77606343316));
#4779 = CARTESIAN_POINT('',(302.43737292315,384.20380290625));
#4780 = CARTESIAN_POINT('',(303.9948828223,383.61994084003));
#4781 = CARTESIAN_POINT('',(305.5491355368,383.02434650682));
#4782 = CARTESIAN_POINT('',(308.26857950406,381.9590839729));
#4783 = CARTESIAN_POINT('',(309.43522825447,381.49456680812));
#4784 = CARTESIAN_POINT('',(310.59991106031,381.02320347331));
#4785 = CARTESIAN_POINT('',(311.76257597525,380.54491087952));
#4786 = CARTESIAN_POINT('',(312.92316918871,380.05960242095));
#4787 = CARTESIAN_POINT('',(314.08163496953,379.56718759886));
#4788 = CARTESIAN_POINT('',(315.23791560968,379.06757164538));
#4789 = CARTESIAN_POINT('',(317.22916505867,378.19290446967));
#4790 = CARTESIAN_POINT('',(318.06519736823,377.82131204978));
#4791 = CARTESIAN_POINT('',(318.90002469521,377.44583836668));
#4792 = CARTESIAN_POINT('',(319.73362188781,377.06644086571));
#4793 = CARTESIAN_POINT('',(320.56596300269,376.68307555131));
#4794 = CARTESIAN_POINT('',(321.39702161256,376.29569758438));
#4795 = CARTESIAN_POINT('',(322.22677066255,375.90426088396));
#4796 = CARTESIAN_POINT('',(323.69382766205,375.20378048787));
#4797 = CARTESIAN_POINT('',(324.33201032953,374.89624451323));
#4798 = CARTESIAN_POINT('',(324.96972520097,374.58607811601));
#4799 = CARTESIAN_POINT('',(325.60696712682,374.27324856458));
#4800 = CARTESIAN_POINT('',(326.24373126184,373.95772249201));
#4801 = CARTESIAN_POINT('',(326.88001311995,373.63946596027));
#4802 = CARTESIAN_POINT('',(327.51580790702,373.3184431857));
#4803 = CARTESIAN_POINT('',(329.17148605603,372.47450174689));
#4804 = CARTESIAN_POINT('',(330.1895772559,371.94766676334));
#4805 = CARTESIAN_POINT('',(331.20531812108,371.41399573286));
#4806 = CARTESIAN_POINT('',(332.2186408766,370.87337074353));
#4807 = CARTESIAN_POINT('',(333.22947444971,370.32566854243));
#4808 = CARTESIAN_POINT('',(334.2377443371,369.77075986413));
#4809 = CARTESIAN_POINT('',(335.24337247202,369.20850875921));
#4810 = CARTESIAN_POINT('',(337.25869128232,368.06363282472));
#4811 = CARTESIAN_POINT('',(338.26832947819,367.48086637145));
#4812 = CARTESIAN_POINT('',(339.27510768125,366.89032473504));
#4813 = CARTESIAN_POINT('',(340.27892878312,366.29183958781));
#4814 = CARTESIAN_POINT('',(341.2796945672,365.68524194264));
#4815 = CARTESIAN_POINT('',(342.27730229946,365.07035562909));
#4816 = CARTESIAN_POINT('',(343.27163946129,364.44698756288));
#4817 = CARTESIAN_POINT('',(345.26673288812,363.17447423382));
#4818 = CARTESIAN_POINT('',(346.26739678508,362.5250980586));
#4819 = CARTESIAN_POINT('',(347.26445630021,361.86659132767));
#4820 = CARTESIAN_POINT('',(348.25780258583,361.19876513726));
#4821 = CARTESIAN_POINT('',(349.24725459435,360.52132403388));
#4822 = CARTESIAN_POINT('',(350.23268410802,359.83405149505));
#4823 = CARTESIAN_POINT('',(351.21391236512,359.13665469862));
#4824 = CARTESIAN_POINT('',(352.68583347687,358.07012994016));
#4825 = CARTESIAN_POINT('',(353.17977678029,357.70873954003));
#4826 = CARTESIAN_POINT('',(353.67257275376,357.34463710691));
#4827 = CARTESIAN_POINT('',(354.16419726033,356.97778349514));
#4828 = CARTESIAN_POINT('',(354.65462510357,356.60813814949));
#4829 = CARTESIAN_POINT('',(355.14383002758,356.23565910517));
#4830 = CARTESIAN_POINT('',(355.63178471701,355.8603029878));
#4831 = CARTESIAN_POINT('',(356.66898557465,355.05411945931));
#4832 = CARTESIAN_POINT('',(357.2189184786,354.6216623764));
#4833 = CARTESIAN_POINT('',(357.76825132102,354.18452704089));
#4834 = CARTESIAN_POINT('',(358.31697659281,353.74257845465));
#4835 = CARTESIAN_POINT('',(358.86508711715,353.29567239944));
#4836 = CARTESIAN_POINT('',(359.41257570299,352.84365449107));
#4837 = CARTESIAN_POINT('',(359.95943479863,352.3863592336));
#4838 = CARTESIAN_POINT('',(361.23395000228,351.30660993731));
#4839 = CARTESIAN_POINT('',(361.96111570436,350.67990905082));
#4840 = CARTESIAN_POINT('',(362.68712667981,350.04308571984));
#4841 = CARTESIAN_POINT('',(363.41197369027,349.39568730559));
#4842 = CARTESIAN_POINT('',(364.13562194499,348.73717699077));
#4843 = CARTESIAN_POINT('',(364.85808415758,348.06701376343));
#4844 = CARTESIAN_POINT('',(365.5793201373,347.38453337829));
#4845 = CARTESIAN_POINT('',(366.83929308436,346.16737829602));
#4846 = CARTESIAN_POINT('',(367.37858377452,345.63840087083));
#4847 = CARTESIAN_POINT('',(367.91716264709,345.10177814079));
#4848 = CARTESIAN_POINT('',(368.45502026422,344.5571738795));
#4849 = CARTESIAN_POINT('',(368.99214923823,344.00421708678));
#4850 = CARTESIAN_POINT('',(369.52854207249,343.44249722984));
#4851 = CARTESIAN_POINT('',(370.06418900237,342.87155948454));
#4852 = CARTESIAN_POINT('',(371.02183539783,341.8319629761));
#4853 = CARTESIAN_POINT('',(371.44235511341,341.3688675807));
#4854 = CARTESIAN_POINT('',(371.86056594962,340.9015299678));
#4855 = CARTESIAN_POINT('',(372.27639373704,340.42986290501));
#4856 = CARTESIAN_POINT('',(372.68975917006,339.95377575008));
#4857 = CARTESIAN_POINT('',(373.10057780694,339.4731744509));
#4858 = CARTESIAN_POINT('',(373.50876006979,338.98796154549));
#4859 = CARTESIAN_POINT('',(374.53712013506,337.74534657565));
#4860 = CARTESIAN_POINT('',(375.15357341677,336.9815417677));
#4861 = CARTESIAN_POINT('',(375.76323238876,336.20624337018));
#4862 = CARTESIAN_POINT('',(376.36571687111,335.41906340607));
#4863 = CARTESIAN_POINT('',(376.96060428703,334.6196019289));
#4864 = CARTESIAN_POINT('',(377.54742796354,333.80744331061));
#4865 = CARTESIAN_POINT('',(378.12567465051,332.98215117791));
#4866 = CARTESIAN_POINT('',(379.26227167603,331.30675515395));
#4867 = CARTESIAN_POINT('',(379.80417657257,330.48104580856));
#4868 = CARTESIAN_POINT('',(380.32176276702,329.6657245799));
#4869 = CARTESIAN_POINT('',(380.816196314,328.86038528155));
#4870 = CARTESIAN_POINT('',(381.28855697303,328.06463979205));
#4871 = CARTESIAN_POINT('',(381.73983500308,327.27811706639));
#4872 = CARTESIAN_POINT('',(382.17093114478,326.50046462138));
#4873 = CARTESIAN_POINT('',(383.23655223754,324.51002491879));
#4874 = CARTESIAN_POINT('',(383.8678405867,323.26130978304));
#4875 = CARTESIAN_POINT('',(384.47458959926,321.98409257553));
#4876 = CARTESIAN_POINT('',(385.05444925031,320.6775021615));
#4877 = CARTESIAN_POINT('',(385.6047140405,319.34096297243));
#4878 = CARTESIAN_POINT('',(386.122365835,317.9742356792));
#4879 = CARTESIAN_POINT('',(386.60414132914,316.57748588842));
#4880 = CARTESIAN_POINT('',(387.59555050235,313.38240602194));
#4881 = CARTESIAN_POINT('',(388.08439709145,311.56708128047));
#4882 = CARTESIAN_POINT('',(388.5059471013,309.70860116776));
#4883 = CARTESIAN_POINT('',(388.85300087993,307.81166900886));
#4884 = CARTESIAN_POINT('',(389.11890534186,305.88271171907));
#4885 = CARTESIAN_POINT('',(389.29827217406,303.93014846837));
#4886 = CARTESIAN_POINT('',(389.38790065305,301.96473697729));
#4887 = CARTESIAN_POINT('',(389.38790065305,300.));
#4888 = ( GEOMETRIC_REPRESENTATION_CONTEXT(2) 
PARAMETRIC_REPRESENTATION_CONTEXT() REPRESENTATION_CONTEXT('2D SPACE',''
  ) );
#4889 = ORIENTED_EDGE('',*,*,#4890,.T.);
#4890 = EDGE_CURVE('',#3800,#24,#4891,.T.);
#4891 = SURFACE_CURVE('',#4892,(#4916,#4943),.PCURVE_S1.);
#4892 = B_SPLINE_CURVE_WITH_KNOTS('',8,(#4893,#4894,#4895,#4896,#4897,
    #4898,#4899,#4900,#4901,#4902,#4903,#4904,#4905,#4906,#4907,#4908,
    #4909,#4910,#4911,#4912,#4913,#4914,#4915),.UNSPECIFIED.,.F.,.F.,(9,
    7,7,9),(0.,0.235373897019,0.630667810554,1.),.UNSPECIFIED.);
#4893 = CARTESIAN_POINT('',(314.,85.476062126813,-42.1508066448));
#4894 = CARTESIAN_POINT('',(314.,83.490030638563,-44.01307631917));
#4895 = CARTESIAN_POINT('',(314.,81.43256248583,-45.7988491476));
#4896 = CARTESIAN_POINT('',(314.,79.310489707889,-47.50901069373));
#4897 = CARTESIAN_POINT('',(314.,77.130050234362,-49.1446190072));
#4898 = CARTESIAN_POINT('',(314.,74.89688017665,-50.7068922574));
#4899 = CARTESIAN_POINT('',(314.,72.615997807143,-52.19718540606));
#4900 = CARTESIAN_POINT('',(314.,70.291779226234,-53.61695591868));
#4901 = CARTESIAN_POINT('',(314.,63.957999924648,-57.23622933785));
#4902 = CARTESIAN_POINT('',(314.,59.877593003137,-59.30935742292));
#4903 = CARTESIAN_POINT('',(314.,55.703991686244,-61.1947182058));
#4904 = CARTESIAN_POINT('',(314.,51.452132569872,-62.89849821207));
#4905 = CARTESIAN_POINT('',(314.,47.134934050628,-64.42624047766));
#4906 = CARTESIAN_POINT('',(314.,42.763326180854,-65.78289726088));
#4907 = CARTESIAN_POINT('',(314.,38.346271211483,-66.97284346346));
#4908 = CARTESIAN_POINT('',(314.,29.727741367537,-68.95905117786));
#4909 = CARTESIAN_POINT('',(314.,25.532202597001,-69.77579616557));
#4910 = CARTESIAN_POINT('',(314.,21.310322050685,-70.45282028922));
#4911 = CARTESIAN_POINT('',(314.,17.067981725436,-70.99228407742));
#4912 = CARTESIAN_POINT('',(314.,12.810725971638,-71.39578074932));
#4913 = CARTESIAN_POINT('',(314.,8.543772092841,-71.66440467369));
#4914 = CARTESIAN_POINT('',(314.,4.272010451938,-71.79872971414));
#4915 = CARTESIAN_POINT('',(314.,0.,-71.79872971414));
#4916 = PCURVE('',#374,#4917);
#4917 = DEFINITIONAL_REPRESENTATION('',(#4918),#4942);
#4918 = B_SPLINE_CURVE_WITH_KNOTS('',8,(#4919,#4920,#4921,#4922,#4923,
    #4924,#4925,#4926,#4927,#4928,#4929,#4930,#4931,#4932,#4933,#4934,
    #4935,#4936,#4937,#4938,#4939,#4940,#4941),.UNSPECIFIED.,.F.,.F.,(9,
    7,7,9),(0.,0.235373897019,0.630667810554,1.),.UNSPECIFIED.);
#4919 = CARTESIAN_POINT('',(0.952945222152,372.60118233861));
#4920 = CARTESIAN_POINT('',(0.923809919761,372.60118233861));
#4921 = CARTESIAN_POINT('',(0.895042307909,372.60118233861));
#4922 = CARTESIAN_POINT('',(0.866602145558,372.60118233861));
#4923 = CARTESIAN_POINT('',(0.838452196973,372.60118233861));
#4924 = CARTESIAN_POINT('',(0.810557023987,372.60118233861));
#4925 = CARTESIAN_POINT('',(0.782881877258,372.60118233861));
#4926 = CARTESIAN_POINT('',(0.755391686503,372.60118233861));
#4927 = CARTESIAN_POINT('',(0.682131960782,372.60118233861));
#4928 = CARTESIAN_POINT('',(0.63664816002,372.60118233861));
#4929 = CARTESIAN_POINT('',(0.591421861226,372.60118233862));
#4930 = CARTESIAN_POINT('',(0.546302424191,372.60118233861));
#4931 = CARTESIAN_POINT('',(0.501148044219,372.60118233862));
#4932 = CARTESIAN_POINT('',(0.455818218586,372.60118233861));
#4933 = CARTESIAN_POINT('',(0.410165458702,372.60118233861));
#4934 = CARTESIAN_POINT('',(0.320915053681,372.60118233861));
#4935 = CARTESIAN_POINT('',(0.277390145248,372.60118233861));
#4936 = CARTESIAN_POINT('',(0.233322282893,372.60118233861));
#4937 = CARTESIAN_POINT('',(0.188583014724,372.60118233861));
#4938 = CARTESIAN_POINT('',(0.143037426365,372.60118233861));
#4939 = CARTESIAN_POINT('',(9.653915766612E-02,372.60118233861));
#4940 = CARTESIAN_POINT('',(4.892405490879E-02,372.60118233861));
#4941 = CARTESIAN_POINT('',(0.,372.60118233861));
#4942 = ( GEOMETRIC_REPRESENTATION_CONTEXT(2) 
PARAMETRIC_REPRESENTATION_CONTEXT() REPRESENTATION_CONTEXT('2D SPACE',''
  ) );
#4943 = PCURVE('',#4944,#4949);
#4944 = PLANE('',#4945);
#4945 = AXIS2_PLACEMENT_3D('',#4946,#4947,#4948);
#4946 = CARTESIAN_POINT('',(314.,-300.,-300.));
#4947 = DIRECTION('',(1.,0.,0.));
#4948 = DIRECTION('',(0.,0.,1.));
#4949 = DEFINITIONAL_REPRESENTATION('',(#4950),#4974);
#4950 = B_SPLINE_CURVE_WITH_KNOTS('',8,(#4951,#4952,#4953,#4954,#4955,
    #4956,#4957,#4958,#4959,#4960,#4961,#4962,#4963,#4964,#4965,#4966,
    #4967,#4968,#4969,#4970,#4971,#4972,#4973),.UNSPECIFIED.,.F.,.F.,(9,
    7,7,9),(0.,0.235373897019,0.630667810554,1.),.UNSPECIFIED.);
#4951 = CARTESIAN_POINT('',(257.84919335519,-385.4760621268));
#4952 = CARTESIAN_POINT('',(255.98692368082,-383.4900306385));
#4953 = CARTESIAN_POINT('',(254.20115085239,-381.4325624858));
#4954 = CARTESIAN_POINT('',(252.49098930626,-379.3104897078));
#4955 = CARTESIAN_POINT('',(250.85538099279,-377.1300502343));
#4956 = CARTESIAN_POINT('',(249.29310774259,-374.8968801766));
#4957 = CARTESIAN_POINT('',(247.80281459393,-372.6159978071));
#4958 = CARTESIAN_POINT('',(246.38304408131,-370.2917792262));
#4959 = CARTESIAN_POINT('',(242.76377066214,-363.9579999246));
#4960 = CARTESIAN_POINT('',(240.69064257707,-359.8775930031));
#4961 = CARTESIAN_POINT('',(238.80528179419,-355.7039916862));
#4962 = CARTESIAN_POINT('',(237.10150178792,-351.4521325698));
#4963 = CARTESIAN_POINT('',(235.57375952233,-347.1349340506));
#4964 = CARTESIAN_POINT('',(234.21710273911,-342.7633261808));
#4965 = CARTESIAN_POINT('',(233.02715653653,-338.3462712114));
#4966 = CARTESIAN_POINT('',(231.04094882214,-329.7277413675));
#4967 = CARTESIAN_POINT('',(230.22420383443,-325.532202597));
#4968 = CARTESIAN_POINT('',(229.54717971077,-321.3103220506));
#4969 = CARTESIAN_POINT('',(229.00771592257,-317.0679817254));
#4970 = CARTESIAN_POINT('',(228.60421925067,-312.8107259716));
#4971 = CARTESIAN_POINT('',(228.3355953263,-308.5437720928));
#4972 = CARTESIAN_POINT('',(228.20127028585,-304.2720104519));
#4973 = CARTESIAN_POINT('',(228.20127028585,-300.));
#4974 = ( GEOMETRIC_REPRESENTATION_CONTEXT(2) 
PARAMETRIC_REPRESENTATION_CONTEXT() REPRESENTATION_CONTEXT('2D SPACE',''
  ) );
#4975 = ADVANCED_FACE('',(#4976),#1165,.F.);
#4976 = FACE_BOUND('',#4977,.F.);
#4977 = EDGE_LOOP('',(#4978,#4979,#5001,#5027,#5053,#5079,#5101,#5122,
    #5143,#5169,#5191,#6724));
#4978 = ORIENTED_EDGE('',*,*,#21,.F.);
#4979 = ORIENTED_EDGE('',*,*,#4980,.F.);
#4980 = EDGE_CURVE('',#4981,#22,#4983,.T.);
#4981 = VERTEX_POINT('',#4982);
#4982 = CARTESIAN_POINT('',(133.,64.,-52.));
#4983 = SURFACE_CURVE('',#4984,(#4988,#4994),.PCURVE_S1.);
#4984 = LINE('',#4985,#4986);
#4985 = CARTESIAN_POINT('',(133.,-300.,-52.));
#4986 = VECTOR('',#4987,1.);
#4987 = DIRECTION('',(0.,1.,0.));
#4988 = PCURVE('',#1165,#4989);
#4989 = DEFINITIONAL_REPRESENTATION('',(#4990),#4993);
#4990 = B_SPLINE_CURVE_WITH_KNOTS('',1,(#4991,#4992),.UNSPECIFIED.,.F.,
  .F.,(2,2),(199.22423396238,400.7758731188),.PIECEWISE_BEZIER_KNOTS.);
#4991 = CARTESIAN_POINT('',(143.,199.22423396238));
#4992 = CARTESIAN_POINT('',(143.,400.7758731188));
#4993 = ( GEOMETRIC_REPRESENTATION_CONTEXT(2) 
PARAMETRIC_REPRESENTATION_CONTEXT() REPRESENTATION_CONTEXT('2D SPACE',''
  ) );
#4994 = PCURVE('',#1575,#4995);
#4995 = DEFINITIONAL_REPRESENTATION('',(#4996),#5000);
#4996 = LINE('',#4997,#4998);
#4997 = CARTESIAN_POINT('',(248.,0.));
#4998 = VECTOR('',#4999,1.);
#4999 = DIRECTION('',(0.,-1.));
#5000 = ( GEOMETRIC_REPRESENTATION_CONTEXT(2) 
PARAMETRIC_REPRESENTATION_CONTEXT() REPRESENTATION_CONTEXT('2D SPACE',''
  ) );
#5001 = ORIENTED_EDGE('',*,*,#5002,.F.);
#5002 = EDGE_CURVE('',#5003,#4981,#5005,.T.);
#5003 = VERTEX_POINT('',#5004);
#5004 = CARTESIAN_POINT('',(134.5,64.,-52.));
#5005 = SURFACE_CURVE('',#5006,(#5010,#5016),.PCURVE_S1.);
#5006 = LINE('',#5007,#5008);
#5007 = CARTESIAN_POINT('',(61.5,64.,-52.));
#5008 = VECTOR('',#5009,1.);
#5009 = DIRECTION('',(-1.,0.,0.));
#5010 = PCURVE('',#1165,#5011);
#5011 = DEFINITIONAL_REPRESENTATION('',(#5012),#5015);
#5012 = B_SPLINE_CURVE_WITH_KNOTS('',1,(#5013,#5014),.UNSPECIFIED.,.F.,
  .F.,(2,2),(-73.,-71.5),.PIECEWISE_BEZIER_KNOTS.);
#5013 = CARTESIAN_POINT('',(144.5,364.));
#5014 = CARTESIAN_POINT('',(143.,364.));
#5015 = ( GEOMETRIC_REPRESENTATION_CONTEXT(2) 
PARAMETRIC_REPRESENTATION_CONTEXT() REPRESENTATION_CONTEXT('2D SPACE',''
  ) );
#5016 = PCURVE('',#5017,#5022);
#5017 = PLANE('',#5018);
#5018 = AXIS2_PLACEMENT_3D('',#5019,#5020,#5021);
#5019 = CARTESIAN_POINT('',(133.,64.,-62.));
#5020 = DIRECTION('',(0.,1.,0.));
#5021 = DIRECTION('',(0.,0.,1.));
#5022 = DEFINITIONAL_REPRESENTATION('',(#5023),#5026);
#5023 = B_SPLINE_CURVE_WITH_KNOTS('',1,(#5024,#5025),.UNSPECIFIED.,.F.,
  .F.,(2,2),(-73.,-71.5),.PIECEWISE_BEZIER_KNOTS.);
#5024 = CARTESIAN_POINT('',(10.,1.5));
#5025 = CARTESIAN_POINT('',(10.,0.));
#5026 = ( GEOMETRIC_REPRESENTATION_CONTEXT(2) 
PARAMETRIC_REPRESENTATION_CONTEXT() REPRESENTATION_CONTEXT('2D SPACE',''
  ) );
#5027 = ORIENTED_EDGE('',*,*,#5028,.F.);
#5028 = EDGE_CURVE('',#5029,#5003,#5031,.T.);
#5029 = VERTEX_POINT('',#5030);
#5030 = CARTESIAN_POINT('',(134.5,25.69046515733,-52.));
#5031 = SURFACE_CURVE('',#5032,(#5036,#5042),.PCURVE_S1.);
#5032 = LINE('',#5033,#5034);
#5033 = CARTESIAN_POINT('',(134.5,-182.,-52.));
#5034 = VECTOR('',#5035,1.);
#5035 = DIRECTION('',(0.,1.,0.));
#5036 = PCURVE('',#1165,#5037);
#5037 = DEFINITIONAL_REPRESENTATION('',(#5038),#5041);
#5038 = B_SPLINE_CURVE_WITH_KNOTS('',1,(#5039,#5040),.UNSPECIFIED.,.F.,
  .F.,(2,2),(118.,246.),.PIECEWISE_BEZIER_KNOTS.);
#5039 = CARTESIAN_POINT('',(144.5,236.));
#5040 = CARTESIAN_POINT('',(144.5,364.));
#5041 = ( GEOMETRIC_REPRESENTATION_CONTEXT(2) 
PARAMETRIC_REPRESENTATION_CONTEXT() REPRESENTATION_CONTEXT('2D SPACE',''
  ) );
#5042 = PCURVE('',#5043,#5048);
#5043 = PLANE('',#5044);
#5044 = AXIS2_PLACEMENT_3D('',#5045,#5046,#5047);
#5045 = CARTESIAN_POINT('',(134.5,-64.,-62.));
#5046 = DIRECTION('',(1.,0.,0.));
#5047 = DIRECTION('',(0.,0.,1.));
#5048 = DEFINITIONAL_REPRESENTATION('',(#5049),#5052);
#5049 = B_SPLINE_CURVE_WITH_KNOTS('',1,(#5050,#5051),.UNSPECIFIED.,.F.,
  .F.,(2,2),(118.,246.),.PIECEWISE_BEZIER_KNOTS.);
#5050 = CARTESIAN_POINT('',(10.,0.));
#5051 = CARTESIAN_POINT('',(10.,-128.));
#5052 = ( GEOMETRIC_REPRESENTATION_CONTEXT(2) 
PARAMETRIC_REPRESENTATION_CONTEXT() REPRESENTATION_CONTEXT('2D SPACE',''
  ) );
#5053 = ORIENTED_EDGE('',*,*,#5054,.T.);
#5054 = EDGE_CURVE('',#5029,#5055,#5057,.T.);
#5055 = VERTEX_POINT('',#5056);
#5056 = CARTESIAN_POINT('',(133.,25.690465157331,-52.));
#5057 = SURFACE_CURVE('',#5058,(#5062,#5068),.PCURVE_S1.);
#5058 = LINE('',#5059,#5060);
#5059 = CARTESIAN_POINT('',(132.,25.69046515733,-52.));
#5060 = VECTOR('',#5061,1.);
#5061 = DIRECTION('',(-1.,-0.,-0.));
#5062 = PCURVE('',#1165,#5063);
#5063 = DEFINITIONAL_REPRESENTATION('',(#5064),#5067);
#5064 = B_SPLINE_CURVE_WITH_KNOTS('',1,(#5065,#5066),.UNSPECIFIED.,.F.,
  .F.,(2,2),(-2.5000006,-0.9999994),.PIECEWISE_BEZIER_KNOTS.);
#5065 = CARTESIAN_POINT('',(144.5000006,325.69046515733));
#5066 = CARTESIAN_POINT('',(142.9999994,325.69046515733));
#5067 = ( GEOMETRIC_REPRESENTATION_CONTEXT(2) 
PARAMETRIC_REPRESENTATION_CONTEXT() REPRESENTATION_CONTEXT('2D SPACE',''
  ) );
#5068 = PCURVE('',#5069,#5074);
#5069 = CYLINDRICAL_SURFACE('',#5070,58.);
#5070 = AXIS2_PLACEMENT_3D('',#5071,#5072,#5073);
#5071 = CARTESIAN_POINT('',(132.,0.,0.));
#5072 = DIRECTION('',(-1.,-0.,-0.));
#5073 = DIRECTION('',(0.,1.,0.));
#5074 = DEFINITIONAL_REPRESENTATION('',(#5075),#5078);
#5075 = B_SPLINE_CURVE_WITH_KNOTS('',1,(#5076,#5077),.UNSPECIFIED.,.F.,
  .F.,(2,2),(-2.5000006,-0.9999994),.PIECEWISE_BEZIER_KNOTS.);
#5076 = CARTESIAN_POINT('',(-5.171263185399,-2.5000006));
#5077 = CARTESIAN_POINT('',(-5.171263185399,-0.9999994));
#5078 = ( GEOMETRIC_REPRESENTATION_CONTEXT(2) 
PARAMETRIC_REPRESENTATION_CONTEXT() REPRESENTATION_CONTEXT('2D SPACE',''
  ) );
#5079 = ORIENTED_EDGE('',*,*,#5080,.F.);
#5080 = EDGE_CURVE('',#5081,#5055,#5083,.T.);
#5081 = VERTEX_POINT('',#5082);
#5082 = CARTESIAN_POINT('',(133.,-25.69046515733,-52.));
#5083 = SURFACE_CURVE('',#5084,(#5088,#5094),.PCURVE_S1.);
#5084 = LINE('',#5085,#5086);
#5085 = CARTESIAN_POINT('',(133.,-300.,-52.));
#5086 = VECTOR('',#5087,1.);
#5087 = DIRECTION('',(0.,1.,0.));
#5088 = PCURVE('',#1165,#5089);
#5089 = DEFINITIONAL_REPRESENTATION('',(#5090),#5093);
#5090 = B_SPLINE_CURVE_WITH_KNOTS('',1,(#5091,#5092),.UNSPECIFIED.,.F.,
  .F.,(2,2),(199.22423396238,400.7758731188),.PIECEWISE_BEZIER_KNOTS.);
#5091 = CARTESIAN_POINT('',(143.,199.22423396238));
#5092 = CARTESIAN_POINT('',(143.,400.7758731188));
#5093 = ( GEOMETRIC_REPRESENTATION_CONTEXT(2) 
PARAMETRIC_REPRESENTATION_CONTEXT() REPRESENTATION_CONTEXT('2D SPACE',''
  ) );
#5094 = PCURVE('',#1575,#5095);
#5095 = DEFINITIONAL_REPRESENTATION('',(#5096),#5100);
#5096 = LINE('',#5097,#5098);
#5097 = CARTESIAN_POINT('',(248.,0.));
#5098 = VECTOR('',#5099,1.);
#5099 = DIRECTION('',(0.,-1.));
#5100 = ( GEOMETRIC_REPRESENTATION_CONTEXT(2) 
PARAMETRIC_REPRESENTATION_CONTEXT() REPRESENTATION_CONTEXT('2D SPACE',''
  ) );
#5101 = ORIENTED_EDGE('',*,*,#5102,.F.);
#5102 = EDGE_CURVE('',#5103,#5081,#5105,.T.);
#5103 = VERTEX_POINT('',#5104);
#5104 = CARTESIAN_POINT('',(134.5,-25.69046515733,-52.));
#5105 = SURFACE_CURVE('',#5106,(#5110,#5116),.PCURVE_S1.);
#5106 = LINE('',#5107,#5108);
#5107 = CARTESIAN_POINT('',(132.,-25.69046515733,-52.));
#5108 = VECTOR('',#5109,1.);
#5109 = DIRECTION('',(-1.,-0.,-0.));
#5110 = PCURVE('',#1165,#5111);
#5111 = DEFINITIONAL_REPRESENTATION('',(#5112),#5115);
#5112 = B_SPLINE_CURVE_WITH_KNOTS('',1,(#5113,#5114),.UNSPECIFIED.,.F.,
  .F.,(2,2),(-2.5000006,-0.9999994),.PIECEWISE_BEZIER_KNOTS.);
#5113 = CARTESIAN_POINT('',(144.5000006,274.30953484267));
#5114 = CARTESIAN_POINT('',(142.9999994,274.30953484267));
#5115 = ( GEOMETRIC_REPRESENTATION_CONTEXT(2) 
PARAMETRIC_REPRESENTATION_CONTEXT() REPRESENTATION_CONTEXT('2D SPACE',''
  ) );
#5116 = PCURVE('',#5069,#5117);
#5117 = DEFINITIONAL_REPRESENTATION('',(#5118),#5121);
#5118 = B_SPLINE_CURVE_WITH_KNOTS('',1,(#5119,#5120),.UNSPECIFIED.,.F.,
  .F.,(2,2),(-2.5000006,-0.9999994),.PIECEWISE_BEZIER_KNOTS.);
#5119 = CARTESIAN_POINT('',(-4.253514775371,-2.5000006));
#5120 = CARTESIAN_POINT('',(-4.253514775371,-0.9999994));
#5121 = ( GEOMETRIC_REPRESENTATION_CONTEXT(2) 
PARAMETRIC_REPRESENTATION_CONTEXT() REPRESENTATION_CONTEXT('2D SPACE',''
  ) );
#5122 = ORIENTED_EDGE('',*,*,#5123,.F.);
#5123 = EDGE_CURVE('',#5124,#5103,#5126,.T.);
#5124 = VERTEX_POINT('',#5125);
#5125 = CARTESIAN_POINT('',(134.5,-64.,-52.));
#5126 = SURFACE_CURVE('',#5127,(#5131,#5137),.PCURVE_S1.);
#5127 = LINE('',#5128,#5129);
#5128 = CARTESIAN_POINT('',(134.5,-182.,-52.));
#5129 = VECTOR('',#5130,1.);
#5130 = DIRECTION('',(0.,1.,0.));
#5131 = PCURVE('',#1165,#5132);
#5132 = DEFINITIONAL_REPRESENTATION('',(#5133),#5136);
#5133 = B_SPLINE_CURVE_WITH_KNOTS('',1,(#5134,#5135),.UNSPECIFIED.,.F.,
  .F.,(2,2),(118.,246.),.PIECEWISE_BEZIER_KNOTS.);
#5134 = CARTESIAN_POINT('',(144.5,236.));
#5135 = CARTESIAN_POINT('',(144.5,364.));
#5136 = ( GEOMETRIC_REPRESENTATION_CONTEXT(2) 
PARAMETRIC_REPRESENTATION_CONTEXT() REPRESENTATION_CONTEXT('2D SPACE',''
  ) );
#5137 = PCURVE('',#5043,#5138);
#5138 = DEFINITIONAL_REPRESENTATION('',(#5139),#5142);
#5139 = B_SPLINE_CURVE_WITH_KNOTS('',1,(#5140,#5141),.UNSPECIFIED.,.F.,
  .F.,(2,2),(118.,246.),.PIECEWISE_BEZIER_KNOTS.);
#5140 = CARTESIAN_POINT('',(10.,0.));
#5141 = CARTESIAN_POINT('',(10.,-128.));
#5142 = ( GEOMETRIC_REPRESENTATION_CONTEXT(2) 
PARAMETRIC_REPRESENTATION_CONTEXT() REPRESENTATION_CONTEXT('2D SPACE',''
  ) );
#5143 = ORIENTED_EDGE('',*,*,#5144,.T.);
#5144 = EDGE_CURVE('',#5124,#5145,#5147,.T.);
#5145 = VERTEX_POINT('',#5146);
#5146 = CARTESIAN_POINT('',(133.,-64.,-52.));
#5147 = SURFACE_CURVE('',#5148,(#5152,#5158),.PCURVE_S1.);
#5148 = LINE('',#5149,#5150);
#5149 = CARTESIAN_POINT('',(61.5,-64.,-52.));
#5150 = VECTOR('',#5151,1.);
#5151 = DIRECTION('',(-1.,0.,0.));
#5152 = PCURVE('',#1165,#5153);
#5153 = DEFINITIONAL_REPRESENTATION('',(#5154),#5157);
#5154 = B_SPLINE_CURVE_WITH_KNOTS('',1,(#5155,#5156),.UNSPECIFIED.,.F.,
  .F.,(2,2),(-73.,-71.5),.PIECEWISE_BEZIER_KNOTS.);
#5155 = CARTESIAN_POINT('',(144.5,236.));
#5156 = CARTESIAN_POINT('',(143.,236.));
#5157 = ( GEOMETRIC_REPRESENTATION_CONTEXT(2) 
PARAMETRIC_REPRESENTATION_CONTEXT() REPRESENTATION_CONTEXT('2D SPACE',''
  ) );
#5158 = PCURVE('',#5159,#5164);
#5159 = PLANE('',#5160);
#5160 = AXIS2_PLACEMENT_3D('',#5161,#5162,#5163);
#5161 = CARTESIAN_POINT('',(133.,-64.,-62.));
#5162 = DIRECTION('',(0.,1.,0.));
#5163 = DIRECTION('',(0.,0.,1.));
#5164 = DEFINITIONAL_REPRESENTATION('',(#5165),#5168);
#5165 = B_SPLINE_CURVE_WITH_KNOTS('',1,(#5166,#5167),.UNSPECIFIED.,.F.,
  .F.,(2,2),(-73.,-71.5),.PIECEWISE_BEZIER_KNOTS.);
#5166 = CARTESIAN_POINT('',(10.,1.5));
#5167 = CARTESIAN_POINT('',(10.,0.));
#5168 = ( GEOMETRIC_REPRESENTATION_CONTEXT(2) 
PARAMETRIC_REPRESENTATION_CONTEXT() REPRESENTATION_CONTEXT('2D SPACE',''
  ) );
#5169 = ORIENTED_EDGE('',*,*,#5170,.F.);
#5170 = EDGE_CURVE('',#5171,#5145,#5173,.T.);
#5171 = VERTEX_POINT('',#5172);
#5172 = CARTESIAN_POINT('',(133.,-94.12677954616,-52.));
#5173 = SURFACE_CURVE('',#5174,(#5178,#5184),.PCURVE_S1.);
#5174 = LINE('',#5175,#5176);
#5175 = CARTESIAN_POINT('',(133.,-300.,-52.));
#5176 = VECTOR('',#5177,1.);
#5177 = DIRECTION('',(0.,1.,0.));
#5178 = PCURVE('',#1165,#5179);
#5179 = DEFINITIONAL_REPRESENTATION('',(#5180),#5183);
#5180 = B_SPLINE_CURVE_WITH_KNOTS('',1,(#5181,#5182),.UNSPECIFIED.,.F.,
  .F.,(2,2),(199.22423396238,400.7758731188),.PIECEWISE_BEZIER_KNOTS.);
#5181 = CARTESIAN_POINT('',(143.,199.22423396238));
#5182 = CARTESIAN_POINT('',(143.,400.7758731188));
#5183 = ( GEOMETRIC_REPRESENTATION_CONTEXT(2) 
PARAMETRIC_REPRESENTATION_CONTEXT() REPRESENTATION_CONTEXT('2D SPACE',''
  ) );
#5184 = PCURVE('',#1575,#5185);
#5185 = DEFINITIONAL_REPRESENTATION('',(#5186),#5190);
#5186 = LINE('',#5187,#5188);
#5187 = CARTESIAN_POINT('',(248.,0.));
#5188 = VECTOR('',#5189,1.);
#5189 = DIRECTION('',(0.,-1.));
#5190 = ( GEOMETRIC_REPRESENTATION_CONTEXT(2) 
PARAMETRIC_REPRESENTATION_CONTEXT() REPRESENTATION_CONTEXT('2D SPACE',''
  ) );
#5191 = ORIENTED_EDGE('',*,*,#5192,.T.);
#5192 = EDGE_CURVE('',#5171,#5193,#5195,.T.);
#5193 = VERTEX_POINT('',#5194);
#5194 = CARTESIAN_POINT('',(314.,-72.806112948,-52.));
#5195 = SURFACE_CURVE('',#5196,(#5556,#5919),.PCURVE_S1.);
#5196 = B_SPLINE_CURVE_WITH_KNOTS('',8,(#5197,#5198,#5199,#5200,#5201,
    #5202,#5203,#5204,#5205,#5206,#5207,#5208,#5209,#5210,#5211,#5212,
    #5213,#5214,#5215,#5216,#5217,#5218,#5219,#5220,#5221,#5222,#5223,
    #5224,#5225,#5226,#5227,#5228,#5229,#5230,#5231,#5232,#5233,#5234,
    #5235,#5236,#5237,#5238,#5239,#5240,#5241,#5242,#5243,#5244,#5245,
    #5246,#5247,#5248,#5249,#5250,#5251,#5252,#5253,#5254,#5255,#5256,
    #5257,#5258,#5259,#5260,#5261,#5262,#5263,#5264,#5265,#5266,#5267,
    #5268,#5269,#5270,#5271,#5272,#5273,#5274,#5275,#5276,#5277,#5278,
    #5279,#5280,#5281,#5282,#5283,#5284,#5285,#5286,#5287,#5288,#5289,
    #5290,#5291,#5292,#5293,#5294,#5295,#5296,#5297,#5298,#5299,#5300,
    #5301,#5302,#5303,#5304,#5305,#5306,#5307,#5308,#5309,#5310,#5311,
    #5312,#5313,#5314,#5315,#5316,#5317,#5318,#5319,#5320,#5321,#5322,
    #5323,#5324,#5325,#5326,#5327,#5328,#5329,#5330,#5331,#5332,#5333,
    #5334,#5335,#5336,#5337,#5338,#5339,#5340,#5341,#5342,#5343,#5344,
    #5345,#5346,#5347,#5348,#5349,#5350,#5351,#5352,#5353,#5354,#5355,
    #5356,#5357,#5358,#5359,#5360,#5361,#5362,#5363,#5364,#5365,#5366,
    #5367,#5368,#5369,#5370,#5371,#5372,#5373,#5374,#5375,#5376,#5377,
    #5378,#5379,#5380,#5381,#5382,#5383,#5384,#5385,#5386,#5387,#5388,
    #5389,#5390,#5391,#5392,#5393,#5394,#5395,#5396,#5397,#5398,#5399,
    #5400,#5401,#5402,#5403,#5404,#5405,#5406,#5407,#5408,#5409,#5410,
    #5411,#5412,#5413,#5414,#5415,#5416,#5417,#5418,#5419,#5420,#5421,
    #5422,#5423,#5424,#5425,#5426,#5427,#5428,#5429,#5430,#5431,#5432,
    #5433,#5434,#5435,#5436,#5437,#5438,#5439,#5440,#5441,#5442,#5443,
    #5444,#5445,#5446,#5447,#5448,#5449,#5450,#5451,#5452,#5453,#5454,
    #5455,#5456,#5457,#5458,#5459,#5460,#5461,#5462,#5463,#5464,#5465,
    #5466,#5467,#5468,#5469,#5470,#5471,#5472,#5473,#5474,#5475,#5476,
    #5477,#5478,#5479,#5480,#5481,#5482,#5483,#5484,#5485,#5486,#5487,
    #5488,#5489,#5490,#5491,#5492,#5493,#5494,#5495,#5496,#5497,#5498,
    #5499,#5500,#5501,#5502,#5503,#5504,#5505,#5506,#5507,#5508,#5509,
    #5510,#5511,#5512,#5513,#5514,#5515,#5516,#5517,#5518,#5519,#5520,
    #5521,#5522,#5523,#5524,#5525,#5526,#5527,#5528,#5529,#5530,#5531,
    #5532,#5533,#5534,#5535,#5536,#5537,#5538,#5539,#5540,#5541,#5542,
    #5543,#5544,#5545,#5546,#5547,#5548,#5549,#5550,#5551,#5552,#5553,
    #5554,#5555),.UNSPECIFIED.,.F.,.F.,(9,7,7,7,7,7,7,7,7,7,7,7,7,7,7,7,
    7,7,7,7,7,7,7,7,7,7,7,7,7,7,7,7,7,7,7,7,7,7,7,7,7,7,7,7,7,7,7,7,7,7,
    7,9),(0.,3.491935294421E-02,4.71081383764E-02,6.135138946086E-02,
    8.615615478288E-02,9.998251314289E-02,0.113233639703,0.130607136333,
    0.157620703134,0.171621830428,0.185622950958,0.206505915004,
    0.221742159543,0.245202076501,0.256205517328,0.268584391161,
    0.286437959284,0.302895158394,0.335755581631,0.34942813222,
    0.363100681348,0.387698499718,0.409546906937,0.428656514547,
    0.445034133706,0.474204660391,0.497410579747,0.531553364065,
    0.549319289697,0.567095825136,0.582142594995,0.610889346034,
    0.636941398127,0.658919898282,0.678187779381,0.694719745415,
    0.725094578293,0.748676037087,0.766793214144,0.779365566144,
    0.800398646734,0.821625969899,0.844568259347,0.856198534831,
    0.869453965651,0.887271078456,0.900633930929,0.921878043323,
    0.941133690335,0.952504172198,0.965011691325,1.),.UNSPECIFIED.);
#5197 = CARTESIAN_POINT('',(41.253627640529,0.,-52.));
#5198 = CARTESIAN_POINT('',(41.253627640529,-2.61739488068,-52.));
#5199 = CARTESIAN_POINT('',(41.35562780488,-5.235595419488,-52.));
#5200 = CARTESIAN_POINT('',(41.559738871215,-7.83858075556,-52.));
#5201 = CARTESIAN_POINT('',(41.863117711726,-10.41327273228,-52.));
#5202 = CARTESIAN_POINT('',(42.260984884586,-12.94913582755,-52.));
#5203 = CARTESIAN_POINT('',(42.747357178015,-15.4378286071,-52.));
#5204 = CARTESIAN_POINT('',(43.315586382067,-17.87292391639,-52.));
#5205 = CARTESIAN_POINT('',(44.18331108692,-21.07934657541,-52.));
#5206 = CARTESIAN_POINT('',(44.417017296772,-21.90207769162,-52.));
#5207 = CARTESIAN_POINT('',(44.65964930944,-22.71777602051,-52.));
#5208 = CARTESIAN_POINT('',(44.91094519921,-23.52633767861,-52.));
#5209 = CARTESIAN_POINT('',(45.170647805173,-24.32768534515,-52.));
#5210 = CARTESIAN_POINT('',(45.438506578397,-25.12176635336,-52.));
#5211 = CARTESIAN_POINT('',(45.714279429098,-25.9085507818,-52.));
#5212 = CARTESIAN_POINT('',(46.32896714984,-27.59889238828,-52.));
#5213 = CARTESIAN_POINT('',(46.670686868607,-28.49977012042,-52.));
#5214 = CARTESIAN_POINT('',(47.022523876453,-29.3906533262,-52.));
#5215 = CARTESIAN_POINT('',(47.384123044813,-30.27155486032,-52.));
#5216 = CARTESIAN_POINT('',(47.755144307599,-31.14251071248,-52.));
#5217 = CARTESIAN_POINT('',(48.135263574695,-32.00357943206,-52.));
#5218 = CARTESIAN_POINT('',(48.524174221539,-32.85484011309,-52.));
#5219 = CARTESIAN_POINT('',(49.613691266659,-35.16195470278,-52.));
#5220 = CARTESIAN_POINT('',(50.331553650028,-36.59799793078,-52.));
#5221 = CARTESIAN_POINT('',(51.073677666373,-38.0050757994,-52.));
#5222 = CARTESIAN_POINT('',(51.838678170911,-39.38377162487,-52.));
#5223 = CARTESIAN_POINT('',(52.625288060539,-40.73467364407,-52.));
#5224 = CARTESIAN_POINT('',(53.432347496957,-42.05843519019,-52.));
#5225 = CARTESIAN_POINT('',(54.258827449626,-43.35568910594,-52.));
#5226 = CARTESIAN_POINT('',(55.574815606812,-45.33587672108,-52.));
#5227 = CARTESIAN_POINT('',(56.051557239446,-46.03657150547,-52.));
#5228 = CARTESIAN_POINT('',(56.53387490598,-46.72935165901,-52.));
#5229 = CARTESIAN_POINT('',(57.02161181776,-47.41432823207,-52.));
#5230 = CARTESIAN_POINT('',(57.514618284361,-48.09160975185,-52.));
#5231 = CARTESIAN_POINT('',(58.012751674077,-48.76130269225,-52.));
#5232 = CARTESIAN_POINT('',(58.515876374416,-49.42351194375,-52.));
#5233 = CARTESIAN_POINT('',(59.51071682438,-50.70592710358,-52.));
#5234 = CARTESIAN_POINT('',(60.002035181948,-51.32673286584,-52.));
#5235 = CARTESIAN_POINT('',(60.497705094151,-51.94084905839,-52.));
#5236 = CARTESIAN_POINT('',(60.997617159859,-52.54836314782,-52.));
#5237 = CARTESIAN_POINT('',(61.501666308586,-53.14936029749,-52.));
#5238 = CARTESIAN_POINT('',(62.009751801122,-53.74392408605,-52.));
#5239 = CARTESIAN_POINT('',(62.521777230163,-54.33213722596,-52.));
#5240 = CARTESIAN_POINT('',(63.714009835593,-55.67706801189,-52.));
#5241 = CARTESIAN_POINT('',(64.393117832161,-56.42491757602,-52.));
#5242 = CARTESIAN_POINT('',(65.074917517966,-57.15834895817,-52.));
#5243 = CARTESIAN_POINT('',(65.759359365242,-57.87800457084,-52.));
#5244 = CARTESIAN_POINT('',(66.446397133725,-58.58446115621,-52.));
#5245 = CARTESIAN_POINT('',(67.135984323538,-59.27823802679,-52.));
#5246 = CARTESIAN_POINT('',(67.828071258356,-59.9598036458,-52.));
#5247 = CARTESIAN_POINT('',(69.602510578186,-61.67099802679,-52.));
#5248 = CARTESIAN_POINT('',(70.694888388828,-62.69024042114,-52.));
#5249 = CARTESIAN_POINT('',(71.799179016284,-63.68783553799,-52.));
#5250 = CARTESIAN_POINT('',(72.914869212353,-64.66428879751,-52.));
#5251 = CARTESIAN_POINT('',(74.041444037829,-65.6200510849,-52.));
#5252 = CARTESIAN_POINT('',(75.178458446456,-66.55558382871,-52.));
#5253 = CARTESIAN_POINT('',(76.32545030961,-67.47129616229,-52.));
#5254 = CARTESIAN_POINT('',(78.081470679553,-68.83216242082,-52.));
#5255 = CARTESIAN_POINT('',(78.682332829721,-69.29060725677,-52.));
#5256 = CARTESIAN_POINT('',(79.284584062431,-69.74307221056,-52.));
#5257 = CARTESIAN_POINT('',(79.888201821409,-70.18968204967,-52.));
#5258 = CARTESIAN_POINT('',(80.49316373257,-70.63055459464,-52.));
#5259 = CARTESIAN_POINT('',(81.099447429809,-71.06580124914,-52.));
#5260 = CARTESIAN_POINT('',(81.707030380789,-71.49552753021,-52.));
#5261 = CARTESIAN_POINT('',(82.924748750513,-72.34413946139,-52.));
#5262 = CARTESIAN_POINT('',(83.534885057779,-72.76302587547,-52.));
#5263 = CARTESIAN_POINT('',(84.146276076837,-73.17659248221,-52.));
#5264 = CARTESIAN_POINT('',(84.758897591855,-73.58493395533,-52.));
#5265 = CARTESIAN_POINT('',(85.372726759002,-73.9881407933,-52.));
#5266 = CARTESIAN_POINT('',(85.987743242437,-74.38629982323,-52.));
#5267 = CARTESIAN_POINT('',(86.603928456152,-74.77949441582,-52.));
#5268 = CARTESIAN_POINT('',(88.14203016106,-75.74697689003,-52.));
#5269 = CARTESIAN_POINT('',(89.067005400122,-76.31632182093,-52.));
#5270 = CARTESIAN_POINT('',(89.996055497532,-76.87598097103,-52.));
#5271 = CARTESIAN_POINT('',(90.929046580669,-77.42609228732,-52.));
#5272 = CARTESIAN_POINT('',(91.865854695416,-77.9667884238,-52.));
#5273 = CARTESIAN_POINT('',(92.80635766348,-78.49819871938,-52.));
#5274 = CARTESIAN_POINT('',(93.750430262647,-79.02045046601,-52.));
#5275 = CARTESIAN_POINT('',(95.389287635665,-79.90810768768,-52.));
#5276 = CARTESIAN_POINT('',(96.081790833112,-80.2773807943,-52.));
#5277 = CARTESIAN_POINT('',(96.775451865225,-80.6415624961,-52.));
#5278 = CARTESIAN_POINT('',(97.470248248753,-81.0007275137,-52.));
#5279 = CARTESIAN_POINT('',(98.166157551325,-81.35494761865,-52.));
#5280 = CARTESIAN_POINT('',(98.863157343065,-81.70429183429,-52.));
#5281 = CARTESIAN_POINT('',(99.561225148203,-82.04882663654,-52.));
#5282 = CARTESIAN_POINT('',(101.33679386521,-82.91180504547,-52.));
#5283 = CARTESIAN_POINT('',(102.4169916579,-83.42435903015,-52.));
#5284 = CARTESIAN_POINT('',(103.50080205532,-83.92642955328,-52.));
#5285 = CARTESIAN_POINT('',(104.58805983046,-84.41818169242,-52.));
#5286 = CARTESIAN_POINT('',(105.67868317131,-84.89973907763,-52.));
#5287 = CARTESIAN_POINT('',(106.77252314163,-85.3712560553,-52.));
#5288 = CARTESIAN_POINT('',(107.86947501199,-85.83286412865,-52.));
#5289 = CARTESIAN_POINT('',(109.48533220171,-86.4966247053,-52.));
#5290 = CARTESIAN_POINT('',(110.0016963214,-86.70631562089,-52.));
#5291 = CARTESIAN_POINT('',(110.51850702406,-86.91379144617,-52.));
#5292 = CARTESIAN_POINT('',(111.03575683372,-87.11907084623,-52.));
#5293 = CARTESIAN_POINT('',(111.55343839158,-87.32217206636,-52.));
#5294 = CARTESIAN_POINT('',(112.07154445592,-87.52311293199,-52.));
#5295 = CARTESIAN_POINT('',(112.5900679022,-87.72191084875,-52.));
#5296 = CARTESIAN_POINT('',(113.69280240826,-88.13983880222,-52.));
#5297 = CARTESIAN_POINT('',(114.27712324116,-88.35840408848,-52.));
#5298 = CARTESIAN_POINT('',(114.86195532599,-88.57430262651,-52.));
#5299 = CARTESIAN_POINT('',(115.44728976748,-88.78755789892,-52.));
#5300 = CARTESIAN_POINT('',(116.03311767075,-88.99819290563,-52.));
#5301 = CARTESIAN_POINT('',(116.61943014138,-89.20623016385,-52.));
#5302 = CARTESIAN_POINT('',(117.20621828532,-89.41169170814,-52.));
#5303 = CARTESIAN_POINT('',(118.64044813792,-89.90724451348,-52.));
#5304 = CARTESIAN_POINT('',(119.48878941539,-90.19471327235,-52.));
#5305 = CARTESIAN_POINT('',(120.33845481988,-90.47705777787,-52.));
#5306 = CARTESIAN_POINT('',(121.18940849593,-90.75432428564,-52.));
#5307 = CARTESIAN_POINT('',(122.04160763252,-91.02656565732,-52.));
#5308 = CARTESIAN_POINT('',(122.89501183348,-91.29383240352,-52.));
#5309 = CARTESIAN_POINT('',(123.74959125595,-91.55616498568,-52.));
#5310 = CARTESIAN_POINT('',(125.39410021324,-92.05092032356,-52.));
#5311 = CARTESIAN_POINT('',(126.18359144185,-92.28399705289,-52.));
#5312 = CARTESIAN_POINT('',(126.97376549766,-92.51288371901,-52.));
#5313 = CARTESIAN_POINT('',(127.76460460001,-92.73762260078,-52.));
#5314 = CARTESIAN_POINT('',(128.55609096935,-92.95825507944,-52.));
#5315 = CARTESIAN_POINT('',(129.34820682719,-93.17482163871,-52.));
#5316 = CARTESIAN_POINT('',(130.14093439615,-93.38736186471,-52.));
#5317 = CARTESIAN_POINT('',(132.51829703618,-94.0123356148,-52.));
#5318 = CARTESIAN_POINT('',(134.10556497939,-94.41308297898,-52.));
#5319 = CARTESIAN_POINT('',(135.69585210736,-94.7984350361,-52.));
#5320 = CARTESIAN_POINT('',(137.2890222305,-95.16858102335,-52.));
#5321 = CARTESIAN_POINT('',(138.88485386627,-95.52382298291,-52.));
#5322 = CARTESIAN_POINT('',(140.48322929631,-95.86432611807,-52.));
#5323 = CARTESIAN_POINT('',(142.08395122139,-96.19036861407,-52.));
#5324 = CARTESIAN_POINT('',(144.35383396234,-96.63186399902,-52.));
#5325 = CARTESIAN_POINT('',(145.02106961007,-96.75909763307,-52.));
#5326 = CARTESIAN_POINT('',(145.6885853438,-96.88385920715,-52.));
#5327 = CARTESIAN_POINT('',(146.35637387652,-97.00616518794,-52.));
#5328 = CARTESIAN_POINT('',(147.02442792136,-97.12603182554,-52.));
#5329 = CARTESIAN_POINT('',(147.6927401916,-97.2434751535,-52.));
#5330 = CARTESIAN_POINT('',(148.36130340063,-97.35851098881,-52.));
#5331 = CARTESIAN_POINT('',(149.69891705187,-97.58379886292,-52.));
#5332 = CARTESIAN_POINT('',(150.36796755738,-97.694051104,-52.));
#5333 = CARTESIAN_POINT('',(151.03725458261,-97.80192677234,-52.));
#5334 = CARTESIAN_POINT('',(151.70677065729,-97.90744146702,-52.));
#5335 = CARTESIAN_POINT('',(152.37650828661,-98.01061081364,-52.));
#5336 = CARTESIAN_POINT('',(153.04646020113,-98.111450009,-52.));
#5337 = CARTESIAN_POINT('',(153.71661960667,-98.20997336575,-52.));
#5338 = CARTESIAN_POINT('',(155.59300381155,-98.47930087219,-52.));
#5339 = CARTESIAN_POINT('',(156.79988496566,-98.64498425667,-52.));
#5340 = CARTESIAN_POINT('',(158.00757417606,-98.80331639848,-52.));
#5341 = CARTESIAN_POINT('',(159.21602260051,-98.95436888571,-52.));
#5342 = CARTESIAN_POINT('',(160.42518232188,-99.09821243086,-52.));
#5343 = CARTESIAN_POINT('',(161.63500639506,-99.23491679504,-52.));
#5344 = CARTESIAN_POINT('',(162.84544889386,-99.36455071231,-52.));
#5345 = CARTESIAN_POINT('',(165.13212019373,-99.59610587379,-52.));
#5346 = CARTESIAN_POINT('',(166.20822823915,-99.69950429321,-52.));
#5347 = CARTESIAN_POINT('',(167.28475967123,-99.79741988095,-52.));
#5348 = CARTESIAN_POINT('',(168.36168553332,-99.8898949715,-52.));
#5349 = CARTESIAN_POINT('',(169.43897733514,-99.97697142489,-52.));
#5350 = CARTESIAN_POINT('',(170.51660705276,-100.0586906267,-52.));
#5351 = CARTESIAN_POINT('',(171.59454712863,-100.1350934881,-52.));
#5352 = CARTESIAN_POINT('',(173.61583349625,-100.2684313083,-52.));
#5353 = CARTESIAN_POINT('',(174.55911332606,-100.3266056566,-52.));
#5354 = CARTESIAN_POINT('',(175.50259131679,-100.3807722517,-52.));
#5355 = CARTESIAN_POINT('',(176.44624964404,-100.4309573721,-52.));
#5356 = CARTESIAN_POINT('',(177.3900725462,-100.4771823494,-52.));
#5357 = CARTESIAN_POINT('',(178.33404426195,-100.5194689471,-52.));
#5358 = CARTESIAN_POINT('',(179.27814763145,-100.5578428239,-52.));
#5359 = CARTESIAN_POINT('',(181.03159748037,-100.6218780622,-52.));
#5360 = CARTESIAN_POINT('',(181.8408940092,-100.6485719054,-52.));
#5361 = CARTESIAN_POINT('',(182.6502489619,-100.6724220875,-52.));
#5362 = CARTESIAN_POINT('',(183.45965476017,-100.6934423542,-52.));
#5363 = CARTESIAN_POINT('',(184.26910369016,-100.7116468552,-52.));
#5364 = CARTESIAN_POINT('',(185.07858781219,-100.7270504879,-52.));
#5365 = CARTESIAN_POINT('',(185.88809929239,-100.7396676914,-52.));
#5366 = CARTESIAN_POINT('',(188.1395056201,-100.7670394836,-52.));
#5367 = CARTESIAN_POINT('',(189.58146627118,-100.7757660376,-52.));
#5368 = CARTESIAN_POINT('',(191.02346291709,-100.775753631,-52.));
#5369 = CARTESIAN_POINT('',(192.46544449184,-100.7670740746,-52.));
#5370 = CARTESIAN_POINT('',(193.90736300543,-100.7497863253,-52.));
#5371 = CARTESIAN_POINT('',(195.34917041934,-100.7239522289,-52.));
#5372 = CARTESIAN_POINT('',(196.79081686052,-100.6896456729,-52.));
#5373 = CARTESIAN_POINT('',(199.37896330072,-100.6129170228,-52.));
#5374 = CARTESIAN_POINT('',(200.52553842677,-100.5735888857,-52.));
#5375 = CARTESIAN_POINT('',(201.67196140238,-100.5289538632,-52.));
#5376 = CARTESIAN_POINT('',(202.81820988937,-100.4790373573,-52.));
#5377 = CARTESIAN_POINT('',(203.96426177402,-100.4238643326,-52.));
#5378 = CARTESIAN_POINT('',(205.11009516704,-100.3634593159,-52.));
#5379 = CARTESIAN_POINT('',(206.25568840359,-100.2978463965,-52.));
#5380 = CARTESIAN_POINT('',(209.08614229788,-100.1228856075,-52.));
#5381 = CARTESIAN_POINT('',(210.77069797764,-100.0075004869,-52.));
#5382 = CARTESIAN_POINT('',(212.45461940879,-99.88096661263,-52.));
#5383 = CARTESIAN_POINT('',(214.13784402854,-99.74331583262,-52.));
#5384 = CARTESIAN_POINT('',(215.82030305548,-99.59464400972,-52.));
#5385 = CARTESIAN_POINT('',(217.50193639762,-99.43495833035,-52.));
#5386 = CARTESIAN_POINT('',(219.18267713231,-99.26435324865,-52.));
#5387 = CARTESIAN_POINT('',(221.73652825444,-98.98840231427,-52.));
#5388 = CARTESIAN_POINT('',(222.6103339356,-98.89100621507,-52.));
#5389 = CARTESIAN_POINT('',(223.4838726413,-98.79066403822,-52.));
#5390 = CARTESIAN_POINT('',(224.35713562729,-98.68738053075,-52.));
#5391 = CARTESIAN_POINT('',(225.23011416843,-98.58116027428,-52.));
#5392 = CARTESIAN_POINT('',(226.10279955871,-98.47200768508,-52.));
#5393 = CARTESIAN_POINT('',(226.97518311126,-98.35992701404,-52.));
#5394 = CARTESIAN_POINT('',(228.71985000724,-98.12984899857,-52.));
#5395 = CARTESIAN_POINT('',(229.59213294704,-98.01184797633,-52.));
#5396 = CARTESIAN_POINT('',(230.46409634862,-97.890923714,-52.));
#5397 = CARTESIAN_POINT('',(231.33573152455,-97.76708077574,-52.));
#5398 = CARTESIAN_POINT('',(232.20702978204,-97.64032191819,-52.));
#5399 = CARTESIAN_POINT('',(233.07798244561,-97.51064783062,-52.));
#5400 = CARTESIAN_POINT('',(233.9485808496,-97.37805855259,-52.));
#5401 = CARTESIAN_POINT('',(235.55541835638,-97.12786227669,-52.));
#5402 = CARTESIAN_POINT('',(236.29182434007,-97.01107092945,-52.));
#5403 = CARTESIAN_POINT('',(237.02803052462,-96.89218234798,-52.));
#5404 = CARTESIAN_POINT('',(237.76403318312,-96.77119622188,-52.));
#5405 = CARTESIAN_POINT('',(238.49982858862,-96.64811211003,-52.));
#5406 = CARTESIAN_POINT('',(239.23541301414,-96.52292944056,-52.));
#5407 = CARTESIAN_POINT('',(239.97078273265,-96.39564751087,-52.));
#5408 = CARTESIAN_POINT('',(242.11043552457,-96.0190820159,-52.));
#5409 = CARTESIAN_POINT('',(243.51387059154,-95.76428087923,-52.));
#5410 = CARTESIAN_POINT('',(244.91620225388,-95.50186524313,-52.));
#5411 = CARTESIAN_POINT('',(246.31739201666,-95.23181807451,-52.));
#5412 = CARTESIAN_POINT('',(247.71740174141,-94.95413082308,-52.));
#5413 = CARTESIAN_POINT('',(249.11619319081,-94.66879603918,-52.));
#5414 = CARTESIAN_POINT('',(250.5137272566,-94.37579565769,-52.));
#5415 = CARTESIAN_POINT('',(253.17532026323,-93.80262312094,-52.));
#5416 = CARTESIAN_POINT('',(254.43961080545,-93.52382280459,-52.));
#5417 = CARTESIAN_POINT('',(255.70280765579,-93.23870668554,-52.));
#5418 = CARTESIAN_POINT('',(256.96487945317,-92.94724908436,-52.));
#5419 = CARTESIAN_POINT('',(258.2257955414,-92.64943104472,-52.));
#5420 = CARTESIAN_POINT('',(259.48552519664,-92.34523449547,-52.));
#5421 = CARTESIAN_POINT('',(260.74403633626,-92.03463278398,-52.));
#5422 = CARTESIAN_POINT('',(263.06197012443,-91.4501449139,-52.));
#5423 = CARTESIAN_POINT('',(264.12175296051,-91.17811090648,-52.));
#5424 = CARTESIAN_POINT('',(265.18062717384,-90.90148933167,-52.));
#5425 = CARTESIAN_POINT('',(266.2385726239,-90.62026233174,-52.));
#5426 = CARTESIAN_POINT('',(267.29556823164,-90.3344074642,-52.));
#5427 = CARTESIAN_POINT('',(268.35159289894,-90.04390266527,-52.));
#5428 = CARTESIAN_POINT('',(269.4066257887,-89.74872832583,-52.));
#5429 = CARTESIAN_POINT('',(271.38467172097,-89.18597478025,-52.));
#5430 = CARTESIAN_POINT('',(272.30791921546,-88.91948194075,-52.));
#5431 = CARTESIAN_POINT('',(273.23037352973,-88.64936775668,-52.));
#5432 = CARTESIAN_POINT('',(274.15201875735,-88.37561209233,-52.));
#5433 = CARTESIAN_POINT('',(275.07284105654,-88.09820245383,-52.));
#5434 = CARTESIAN_POINT('',(275.99282567227,-87.81712344267,-52.));
#5435 = CARTESIAN_POINT('',(276.91195452003,-87.53234808999,-52.));
#5436 = CARTESIAN_POINT('',(278.61808241552,-86.99633061361,-52.));
#5437 = CARTESIAN_POINT('',(279.40551746611,-86.74600358695,-52.));
#5438 = CARTESIAN_POINT('',(280.19251126951,-86.49285867216,-52.));
#5439 = CARTESIAN_POINT('',(280.9790581659,-86.23687751753,-52.));
#5440 = CARTESIAN_POINT('',(281.76515249497,-85.97804111212,-52.));
#5441 = CARTESIAN_POINT('',(282.55078859594,-85.7163297858,-52.));
#5442 = CARTESIAN_POINT('',(283.33596080749,-85.45172320924,-52.));
#5443 = CARTESIAN_POINT('',(285.56242859841,-84.69267017954,-52.));
#5444 = CARTESIAN_POINT('',(287.0017955646,-84.19157083241,-52.));
#5445 = CARTESIAN_POINT('',(288.43869737377,-83.68081478126,-52.));
#5446 = CARTESIAN_POINT('',(289.87305168409,-83.16027305225,-52.));
#5447 = CARTESIAN_POINT('',(291.30477850588,-82.62982579915,-52.));
#5448 = CARTESIAN_POINT('',(292.73379685382,-82.08935235853,-52.));
#5449 = CARTESIAN_POINT('',(294.16001804026,-81.53871160233,-52.));
#5450 = CARTESIAN_POINT('',(296.68835762712,-80.54227198083,-52.));
#5451 = CARTESIAN_POINT('',(297.79162217854,-80.10056809848,-52.));
#5452 = CARTESIAN_POINT('',(298.89310554636,-79.65258648514,-52.));
#5453 = CARTESIAN_POINT('',(299.99275919747,-79.19824536981,-52.));
#5454 = CARTESIAN_POINT('',(301.09053584718,-78.73746706954,-52.));
#5455 = CARTESIAN_POINT('',(302.1863873313,-78.27017245555,-52.));
#5456 = CARTESIAN_POINT('',(303.28026116635,-77.79627220546,-52.));
#5457 = CARTESIAN_POINT('',(305.21094740184,-76.94644643422,-52.));
#5458 = CARTESIAN_POINT('',(306.04859153957,-76.57326413613,-52.));
#5459 = CARTESIAN_POINT('',(306.88501215414,-76.1960873522,-52.));
#5460 = CARTESIAN_POINT('',(307.72018760377,-75.81488054034,-52.));
#5461 = CARTESIAN_POINT('',(308.55408979045,-75.42959491471,-52.));
#5462 = CARTESIAN_POINT('',(309.38668866095,-75.04017767567,-52.));
#5463 = CARTESIAN_POINT('',(310.21795760376,-74.6465831995,-52.));
#5464 = CARTESIAN_POINT('',(311.62377817323,-73.97268802639,-52.));
#5465 = CARTESIAN_POINT('',(312.19932446104,-73.69444229461,-52.));
#5466 = CARTESIAN_POINT('',(312.77450139335,-73.41399602671,-52.));
#5467 = CARTESIAN_POINT('',(313.3493054235,-73.13132385785,-52.));
#5468 = CARTESIAN_POINT('',(313.92373300407,-72.84639950562,-52.));
#5469 = CARTESIAN_POINT('',(314.49778058686,-72.55919577002,-52.));
#5470 = CARTESIAN_POINT('',(315.07144462293,-72.26968453347,-52.));
#5471 = CARTESIAN_POINT('',(316.60379271094,-71.48958621533,-52.));
#5472 = CARTESIAN_POINT('',(317.56083632063,-70.9952754588,-52.));
#5473 = CARTESIAN_POINT('',(318.51580265469,-70.49481641165,-52.));
#5474 = CARTESIAN_POINT('',(319.46863060566,-69.98810128351,-52.));
#5475 = CARTESIAN_POINT('',(320.41925886681,-69.47502218673,-52.));
#5476 = CARTESIAN_POINT('',(321.36762478508,-68.95546900125,-52.));
#5477 = CARTESIAN_POINT('',(322.31366057601,-68.42932237729,-52.));
#5478 = CARTESIAN_POINT('',(324.20964715758,-67.35867409991,-52.));
#5479 = CARTESIAN_POINT('',(325.1595521852,-66.81404769524,-52.));
#5480 = CARTESIAN_POINT('',(326.10694270822,-66.26245664012,-52.));
#5481 = CARTESIAN_POINT('',(327.05173210971,-65.70374882618,-52.));
#5482 = CARTESIAN_POINT('',(327.99386497902,-65.13782609092,-52.));
#5483 = CARTESIAN_POINT('',(328.9332254373,-64.56448991769,-52.));
#5484 = CARTESIAN_POINT('',(329.86973414634,-63.98360151884,-52.));
#5485 = CARTESIAN_POINT('',(331.81226559871,-62.75880960267,-52.));
#5486 = CARTESIAN_POINT('',(332.81779065673,-62.11360967334,-52.));
#5487 = CARTESIAN_POINT('',(333.81973692499,-61.45916118696,-52.));
#5488 = CARTESIAN_POINT('',(334.81798447356,-60.79525465151,-52.));
#5489 = CARTESIAN_POINT('',(335.81236348821,-60.12160948727,-52.));
#5490 = CARTESIAN_POINT('',(336.80275831454,-59.43802377678,-52.));
#5491 = CARTESIAN_POINT('',(337.78897524301,-58.74418210491,-52.));
#5492 = CARTESIAN_POINT('',(339.26858137933,-57.6827092554,-52.));
#5493 = CARTESIAN_POINT('',(339.76520435228,-57.32291662396,-52.));
#5494 = CARTESIAN_POINT('',(340.26068427129,-56.9603737622,-52.));
#5495 = CARTESIAN_POINT('',(340.75499631935,-56.59504021911,-52.));
#5496 = CARTESIAN_POINT('',(341.2481146187,-56.22687414285,-52.));
#5497 = CARTESIAN_POINT('',(341.74001223077,-55.85583228071,-52.));
#5498 = CARTESIAN_POINT('',(342.23066115625,-55.4818699791,-52.));
#5499 = CARTESIAN_POINT('',(343.27778574468,-54.67534228192,-52.));
#5500 = CARTESIAN_POINT('',(343.83387912429,-54.2418902069,-52.));
#5501 = CARTESIAN_POINT('',(344.38826908346,-53.80451568606,-52.));
#5502 = CARTESIAN_POINT('',(344.94091059204,-53.36314796465,-52.));
#5503 = CARTESIAN_POINT('',(345.49175634081,-52.91771377532,-52.));
#5504 = CARTESIAN_POINT('',(346.04075610218,-52.46813630787,-52.));
#5505 = CARTESIAN_POINT('',(346.58785609086,-52.01433417898,-52.));
#5506 = CARTESIAN_POINT('',(347.86574408017,-50.9404528005,-52.));
#5507 = CARTESIAN_POINT('',(348.59742285985,-50.31482062213,-52.));
#5508 = CARTESIAN_POINT('',(349.3280104471,-49.6788930808,-52.));
#5509 = CARTESIAN_POINT('',(350.05748835349,-49.03219190738,-52.));
#5510 = CARTESIAN_POINT('',(350.78584160915,-48.37418599457,-52.));
#5511 = CARTESIAN_POINT('',(351.51305566254,-47.70428374284,-52.));
#5512 = CARTESIAN_POINT('',(352.23911238924,-47.0218231073,-52.));
#5513 = CARTESIAN_POINT('',(353.50764055243,-45.80423582635,-52.));
#5514 = CARTESIAN_POINT('',(354.05063600451,-45.27492266858,-52.));
#5515 = CARTESIAN_POINT('',(354.59296086923,-44.73780683547,-52.));
#5516 = CARTESIAN_POINT('',(355.13460714126,-44.19254185903,-52.));
#5517 = CARTESIAN_POINT('',(355.67556781522,-43.63874338943,-52.));
#5518 = CARTESIAN_POINT('',(356.21583519404,-43.07598474446,-52.));
#5519 = CARTESIAN_POINT('',(356.75539919739,-42.50379245898,-52.));
#5520 = CARTESIAN_POINT('',(358.15089772471,-40.9961453266,-52.));
#5521 = CARTESIAN_POINT('',(358.99833325923,-40.05347629777,-52.));
#5522 = CARTESIAN_POINT('',(359.83598341763,-39.09289629823,-52.));
#5523 = CARTESIAN_POINT('',(360.66317827011,-38.11363076262,-52.));
#5524 = CARTESIAN_POINT('',(361.4791690694,-37.11488436522,-52.));
#5525 = CARTESIAN_POINT('',(362.28307288298,-36.09578147235,-52.));
#5526 = CARTESIAN_POINT('',(363.07393717937,-35.05541804947,-52.));
#5527 = CARTESIAN_POINT('',(364.55465560787,-33.02956496855,-52.));
#5528 = CARTESIAN_POINT('',(365.2469908948,-32.04811653682,-52.));
#5529 = CARTESIAN_POINT('',(365.92684997658,-31.0476276937,-52.));
#5530 = CARTESIAN_POINT('',(366.59329007225,-30.02732224315,-52.));
#5531 = CARTESIAN_POINT('',(367.24522774407,-28.98643045396,-52.));
#5532 = CARTESIAN_POINT('',(367.88143613443,-27.92418310473,-52.));
#5533 = CARTESIAN_POINT('',(368.50053989979,-26.83980256097,-52.));
#5534 = CARTESIAN_POINT('',(369.45558485686,-25.07862205654,-52.));
#5535 = CARTESIAN_POINT('',(369.79610627128,-24.43069398493,-52.));
#5536 = CARTESIAN_POINT('',(370.12307749331,-23.78851886977,-52.));
#5537 = CARTESIAN_POINT('',(370.4369729269,-23.15191192439,-52.));
#5538 = CARTESIAN_POINT('',(370.73823736576,-22.52069280378,-52.));
#5539 = CARTESIAN_POINT('',(371.02728738766,-21.89468703332,-52.));
#5540 = CARTESIAN_POINT('',(371.30451274862,-21.27372743747,-52.));
#5541 = CARTESIAN_POINT('',(371.86261905319,-19.9799771044,-52.));
#5542 = CARTESIAN_POINT('',(372.14109661137,-19.3082050631,-52.));
#5543 = CARTESIAN_POINT('',(372.40619498325,-18.64212893519,-52.));
#5544 = CARTESIAN_POINT('',(372.65836749534,-17.9815398786,-52.));
#5545 = CARTESIAN_POINT('',(372.89803779199,-17.32623186401,-52.));
#5546 = CARTESIAN_POINT('',(373.12560135831,-16.67600282044,-52.));
#5547 = CARTESIAN_POINT('',(373.34142704306,-16.03065578071,-52.));
#5548 = CARTESIAN_POINT('',(374.11773168453,-13.59784116332,-52.));
#5549 = CARTESIAN_POINT('',(374.62765797122,-11.75710296773,-52.));
#5550 = CARTESIAN_POINT('',(375.06791217441,-9.870967858618,-52.));
#5551 = CARTESIAN_POINT('',(375.43075631864,-7.944261248216,-52.));
#5552 = CARTESIAN_POINT('',(375.7090030138,-5.983663168459,-52.));
#5553 = CARTESIAN_POINT('',(375.89679767701,-3.998004683726,-52.));
#5554 = CARTESIAN_POINT('',(375.9906364315,-1.998654352506,-52.));
#5555 = CARTESIAN_POINT('',(375.9906364315,0.,-52.));
#5556 = PCURVE('',#1165,#5557);
#5557 = DEFINITIONAL_REPRESENTATION('',(#5558),#5918);
#5558 = B_SPLINE_CURVE_WITH_KNOTS('',8,(#5559,#5560,#5561,#5562,#5563,
    #5564,#5565,#5566,#5567,#5568,#5569,#5570,#5571,#5572,#5573,#5574,
    #5575,#5576,#5577,#5578,#5579,#5580,#5581,#5582,#5583,#5584,#5585,
    #5586,#5587,#5588,#5589,#5590,#5591,#5592,#5593,#5594,#5595,#5596,
    #5597,#5598,#5599,#5600,#5601,#5602,#5603,#5604,#5605,#5606,#5607,
    #5608,#5609,#5610,#5611,#5612,#5613,#5614,#5615,#5616,#5617,#5618,
    #5619,#5620,#5621,#5622,#5623,#5624,#5625,#5626,#5627,#5628,#5629,
    #5630,#5631,#5632,#5633,#5634,#5635,#5636,#5637,#5638,#5639,#5640,
    #5641,#5642,#5643,#5644,#5645,#5646,#5647,#5648,#5649,#5650,#5651,
    #5652,#5653,#5654,#5655,#5656,#5657,#5658,#5659,#5660,#5661,#5662,
    #5663,#5664,#5665,#5666,#5667,#5668,#5669,#5670,#5671,#5672,#5673,
    #5674,#5675,#5676,#5677,#5678,#5679,#5680,#5681,#5682,#5683,#5684,
    #5685,#5686,#5687,#5688,#5689,#5690,#5691,#5692,#5693,#5694,#5695,
    #5696,#5697,#5698,#5699,#5700,#5701,#5702,#5703,#5704,#5705,#5706,
    #5707,#5708,#5709,#5710,#5711,#5712,#5713,#5714,#5715,#5716,#5717,
    #5718,#5719,#5720,#5721,#5722,#5723,#5724,#5725,#5726,#5727,#5728,
    #5729,#5730,#5731,#5732,#5733,#5734,#5735,#5736,#5737,#5738,#5739,
    #5740,#5741,#5742,#5743,#5744,#5745,#5746,#5747,#5748,#5749,#5750,
    #5751,#5752,#5753,#5754,#5755,#5756,#5757,#5758,#5759,#5760,#5761,
    #5762,#5763,#5764,#5765,#5766,#5767,#5768,#5769,#5770,#5771,#5772,
    #5773,#5774,#5775,#5776,#5777,#5778,#5779,#5780,#5781,#5782,#5783,
    #5784,#5785,#5786,#5787,#5788,#5789,#5790,#5791,#5792,#5793,#5794,
    #5795,#5796,#5797,#5798,#5799,#5800,#5801,#5802,#5803,#5804,#5805,
    #5806,#5807,#5808,#5809,#5810,#5811,#5812,#5813,#5814,#5815,#5816,
    #5817,#5818,#5819,#5820,#5821,#5822,#5823,#5824,#5825,#5826,#5827,
    #5828,#5829,#5830,#5831,#5832,#5833,#5834,#5835,#5836,#5837,#5838,
    #5839,#5840,#5841,#5842,#5843,#5844,#5845,#5846,#5847,#5848,#5849,
    #5850,#5851,#5852,#5853,#5854,#5855,#5856,#5857,#5858,#5859,#5860,
    #5861,#5862,#5863,#5864,#5865,#5866,#5867,#5868,#5869,#5870,#5871,
    #5872,#5873,#5874,#5875,#5876,#5877,#5878,#5879,#5880,#5881,#5882,
    #5883,#5884,#5885,#5886,#5887,#5888,#5889,#5890,#5891,#5892,#5893,
    #5894,#5895,#5896,#5897,#5898,#5899,#5900,#5901,#5902,#5903,#5904,
    #5905,#5906,#5907,#5908,#5909,#5910,#5911,#5912,#5913,#5914,#5915,
    #5916,#5917),.UNSPECIFIED.,.F.,.F.,(9,7,7,7,7,7,7,7,7,7,7,7,7,7,7,7,
    7,7,7,7,7,7,7,7,7,7,7,7,7,7,7,7,7,7,7,7,7,7,7,7,7,7,7,7,7,7,7,7,7,7,
    7,9),(0.,3.491935294421E-02,4.71081383764E-02,6.135138946086E-02,
    8.615615478288E-02,9.998251314289E-02,0.113233639703,0.130607136333,
    0.157620703134,0.171621830428,0.185622950958,0.206505915004,
    0.221742159543,0.245202076501,0.256205517328,0.268584391161,
    0.286437959284,0.302895158394,0.335755581631,0.34942813222,
    0.363100681348,0.387698499718,0.409546906937,0.428656514547,
    0.445034133706,0.474204660391,0.497410579747,0.531553364065,
    0.549319289697,0.567095825136,0.582142594995,0.610889346034,
    0.636941398127,0.658919898282,0.678187779381,0.694719745415,
    0.725094578293,0.748676037087,0.766793214144,0.779365566144,
    0.800398646734,0.821625969899,0.844568259347,0.856198534831,
    0.869453965651,0.887271078456,0.900633930929,0.921878043323,
    0.941133690335,0.952504172198,0.965011691325,1.),.UNSPECIFIED.);
#5559 = CARTESIAN_POINT('',(51.253627640529,300.));
#5560 = CARTESIAN_POINT('',(51.253627640529,297.38260511932));
#5561 = CARTESIAN_POINT('',(51.35562780488,294.76440458051));
#5562 = CARTESIAN_POINT('',(51.559738871215,292.16141924444));
#5563 = CARTESIAN_POINT('',(51.863117711726,289.58672726771));
#5564 = CARTESIAN_POINT('',(52.260984884586,287.05086417244));
#5565 = CARTESIAN_POINT('',(52.747357178015,284.56217139289));
#5566 = CARTESIAN_POINT('',(53.315586382067,282.12707608361));
#5567 = CARTESIAN_POINT('',(54.18331108692,278.92065342458));
#5568 = CARTESIAN_POINT('',(54.417017296772,278.09792230837));
#5569 = CARTESIAN_POINT('',(54.65964930944,277.28222397948));
#5570 = CARTESIAN_POINT('',(54.91094519921,276.47366232138));
#5571 = CARTESIAN_POINT('',(55.170647805173,275.67231465485));
#5572 = CARTESIAN_POINT('',(55.438506578397,274.87823364663));
#5573 = CARTESIAN_POINT('',(55.714279429098,274.09144921819));
#5574 = CARTESIAN_POINT('',(56.32896714984,272.40110761171));
#5575 = CARTESIAN_POINT('',(56.670686868607,271.50022987957));
#5576 = CARTESIAN_POINT('',(57.022523876453,270.60934667379));
#5577 = CARTESIAN_POINT('',(57.384123044813,269.72844513967));
#5578 = CARTESIAN_POINT('',(57.755144307599,268.85748928751));
#5579 = CARTESIAN_POINT('',(58.135263574695,267.99642056793));
#5580 = CARTESIAN_POINT('',(58.524174221539,267.1451598869));
#5581 = CARTESIAN_POINT('',(59.613691266659,264.83804529721));
#5582 = CARTESIAN_POINT('',(60.331553650028,263.40200206921));
#5583 = CARTESIAN_POINT('',(61.073677666373,261.99492420059));
#5584 = CARTESIAN_POINT('',(61.838678170911,260.61622837512));
#5585 = CARTESIAN_POINT('',(62.625288060539,259.26532635592));
#5586 = CARTESIAN_POINT('',(63.432347496957,257.9415648098));
#5587 = CARTESIAN_POINT('',(64.258827449626,256.64431089405));
#5588 = CARTESIAN_POINT('',(65.574815606812,254.66412327891));
#5589 = CARTESIAN_POINT('',(66.051557239446,253.96342849452));
#5590 = CARTESIAN_POINT('',(66.53387490598,253.27064834099));
#5591 = CARTESIAN_POINT('',(67.02161181776,252.58567176792));
#5592 = CARTESIAN_POINT('',(67.514618284361,251.90839024814));
#5593 = CARTESIAN_POINT('',(68.012751674077,251.23869730774));
#5594 = CARTESIAN_POINT('',(68.515876374416,250.57648805624));
#5595 = CARTESIAN_POINT('',(69.51071682438,249.29407289642));
#5596 = CARTESIAN_POINT('',(70.002035181948,248.67326713415));
#5597 = CARTESIAN_POINT('',(70.497705094151,248.0591509416));
#5598 = CARTESIAN_POINT('',(70.997617159859,247.45163685217));
#5599 = CARTESIAN_POINT('',(71.501666308586,246.8506397025));
#5600 = CARTESIAN_POINT('',(72.009751801122,246.25607591394));
#5601 = CARTESIAN_POINT('',(72.521777230163,245.66786277403));
#5602 = CARTESIAN_POINT('',(73.714009835593,244.32293198811));
#5603 = CARTESIAN_POINT('',(74.393117832161,243.57508242397));
#5604 = CARTESIAN_POINT('',(75.074917517966,242.84165104182));
#5605 = CARTESIAN_POINT('',(75.759359365242,242.12199542916));
#5606 = CARTESIAN_POINT('',(76.446397133725,241.41553884378));
#5607 = CARTESIAN_POINT('',(77.135984323538,240.7217619732));
#5608 = CARTESIAN_POINT('',(77.828071258356,240.04019635419));
#5609 = CARTESIAN_POINT('',(79.602510578186,238.3290019732));
#5610 = CARTESIAN_POINT('',(80.694888388828,237.30975957885));
#5611 = CARTESIAN_POINT('',(81.799179016284,236.312164462));
#5612 = CARTESIAN_POINT('',(82.914869212353,235.33571120248));
#5613 = CARTESIAN_POINT('',(84.041444037829,234.37994891509));
#5614 = CARTESIAN_POINT('',(85.178458446456,233.44441617128));
#5615 = CARTESIAN_POINT('',(86.32545030961,232.5287038377));
#5616 = CARTESIAN_POINT('',(88.081470679553,231.16783757918));
#5617 = CARTESIAN_POINT('',(88.682332829721,230.70939274322));
#5618 = CARTESIAN_POINT('',(89.284584062431,230.25692778944));
#5619 = CARTESIAN_POINT('',(89.888201821409,229.81031795032));
#5620 = CARTESIAN_POINT('',(90.49316373257,229.36944540536));
#5621 = CARTESIAN_POINT('',(91.099447429809,228.93419875085));
#5622 = CARTESIAN_POINT('',(91.707030380789,228.50447246978));
#5623 = CARTESIAN_POINT('',(92.924748750513,227.6558605386));
#5624 = CARTESIAN_POINT('',(93.534885057779,227.23697412452));
#5625 = CARTESIAN_POINT('',(94.146276076837,226.82340751778));
#5626 = CARTESIAN_POINT('',(94.758897591855,226.41506604466));
#5627 = CARTESIAN_POINT('',(95.372726759002,226.01185920669));
#5628 = CARTESIAN_POINT('',(95.987743242437,225.61370017676));
#5629 = CARTESIAN_POINT('',(96.603928456152,225.22050558417));
#5630 = CARTESIAN_POINT('',(98.14203016106,224.25302310996));
#5631 = CARTESIAN_POINT('',(99.067005400122,223.68367817906));
#5632 = CARTESIAN_POINT('',(99.996055497532,223.12401902897));
#5633 = CARTESIAN_POINT('',(100.92904658066,222.57390771267));
#5634 = CARTESIAN_POINT('',(101.86585469541,222.03321157619));
#5635 = CARTESIAN_POINT('',(102.80635766348,221.50180128061));
#5636 = CARTESIAN_POINT('',(103.75043026264,220.97954953398));
#5637 = CARTESIAN_POINT('',(105.38928763566,220.09189231231));
#5638 = CARTESIAN_POINT('',(106.08179083311,219.72261920569));
#5639 = CARTESIAN_POINT('',(106.77545186522,219.35843750389));
#5640 = CARTESIAN_POINT('',(107.47024824875,218.99927248629));
#5641 = CARTESIAN_POINT('',(108.16615755132,218.64505238134));
#5642 = CARTESIAN_POINT('',(108.86315734306,218.2957081657));
#5643 = CARTESIAN_POINT('',(109.5612251482,217.95117336346));
#5644 = CARTESIAN_POINT('',(111.33679386521,217.08819495452));
#5645 = CARTESIAN_POINT('',(112.4169916579,216.57564096984));
#5646 = CARTESIAN_POINT('',(113.50080205532,216.07357044671));
#5647 = CARTESIAN_POINT('',(114.58805983046,215.58181830757));
#5648 = CARTESIAN_POINT('',(115.67868317131,215.10026092236));
#5649 = CARTESIAN_POINT('',(116.77252314163,214.62874394469));
#5650 = CARTESIAN_POINT('',(117.86947501199,214.16713587134));
#5651 = CARTESIAN_POINT('',(119.48533220171,213.50337529469));
#5652 = CARTESIAN_POINT('',(120.0016963214,213.2936843791));
#5653 = CARTESIAN_POINT('',(120.51850702406,213.08620855382));
#5654 = CARTESIAN_POINT('',(121.03575683372,212.88092915376));
#5655 = CARTESIAN_POINT('',(121.55343839158,212.67782793364));
#5656 = CARTESIAN_POINT('',(122.07154445592,212.476887068));
#5657 = CARTESIAN_POINT('',(122.5900679022,212.27808915124));
#5658 = CARTESIAN_POINT('',(123.69280240826,211.86016119777));
#5659 = CARTESIAN_POINT('',(124.27712324116,211.64159591151));
#5660 = CARTESIAN_POINT('',(124.86195532599,211.42569737348));
#5661 = CARTESIAN_POINT('',(125.44728976748,211.21244210107));
#5662 = CARTESIAN_POINT('',(126.03311767075,211.00180709436));
#5663 = CARTESIAN_POINT('',(126.61943014138,210.79376983614));
#5664 = CARTESIAN_POINT('',(127.20621828532,210.58830829185));
#5665 = CARTESIAN_POINT('',(128.64044813792,210.09275548651));
#5666 = CARTESIAN_POINT('',(129.48878941539,209.80528672765));
#5667 = CARTESIAN_POINT('',(130.33845481988,209.52294222212));
#5668 = CARTESIAN_POINT('',(131.18940849593,209.24567571435));
#5669 = CARTESIAN_POINT('',(132.04160763252,208.97343434267));
#5670 = CARTESIAN_POINT('',(132.89501183348,208.70616759647));
#5671 = CARTESIAN_POINT('',(133.74959125595,208.44383501432));
#5672 = CARTESIAN_POINT('',(135.39410021324,207.94907967643));
#5673 = CARTESIAN_POINT('',(136.18359144185,207.7160029471));
#5674 = CARTESIAN_POINT('',(136.97376549766,207.48711628098));
#5675 = CARTESIAN_POINT('',(137.76460460001,207.26237739921));
#5676 = CARTESIAN_POINT('',(138.55609096935,207.04174492055));
#5677 = CARTESIAN_POINT('',(139.34820682719,206.82517836128));
#5678 = CARTESIAN_POINT('',(140.14093439615,206.61263813528));
#5679 = CARTESIAN_POINT('',(142.51829703618,205.98766438519));
#5680 = CARTESIAN_POINT('',(144.10556497939,205.58691702101));
#5681 = CARTESIAN_POINT('',(145.69585210736,205.20156496389));
#5682 = CARTESIAN_POINT('',(147.2890222305,204.83141897665));
#5683 = CARTESIAN_POINT('',(148.88485386627,204.47617701708));
#5684 = CARTESIAN_POINT('',(150.48322929631,204.13567388192));
#5685 = CARTESIAN_POINT('',(152.08395122139,203.80963138592));
#5686 = CARTESIAN_POINT('',(154.35383396234,203.36813600097));
#5687 = CARTESIAN_POINT('',(155.02106961007,203.24090236692));
#5688 = CARTESIAN_POINT('',(155.6885853438,203.11614079284));
#5689 = CARTESIAN_POINT('',(156.35637387652,202.99383481205));
#5690 = CARTESIAN_POINT('',(157.02442792136,202.87396817445));
#5691 = CARTESIAN_POINT('',(157.6927401916,202.75652484649));
#5692 = CARTESIAN_POINT('',(158.36130340063,202.64148901118));
#5693 = CARTESIAN_POINT('',(159.69891705187,202.41620113707));
#5694 = CARTESIAN_POINT('',(160.36796755738,202.30594889599));
#5695 = CARTESIAN_POINT('',(161.03725458261,202.19807322765));
#5696 = CARTESIAN_POINT('',(161.70677065729,202.09255853298));
#5697 = CARTESIAN_POINT('',(162.37650828661,201.98938918635));
#5698 = CARTESIAN_POINT('',(163.04646020113,201.88854999099));
#5699 = CARTESIAN_POINT('',(163.71661960667,201.79002663424));
#5700 = CARTESIAN_POINT('',(165.59300381155,201.52069912781));
#5701 = CARTESIAN_POINT('',(166.79988496566,201.35501574332));
#5702 = CARTESIAN_POINT('',(168.00757417606,201.19668360151));
#5703 = CARTESIAN_POINT('',(169.21602260051,201.04563111428));
#5704 = CARTESIAN_POINT('',(170.42518232188,200.90178756914));
#5705 = CARTESIAN_POINT('',(171.63500639506,200.76508320495));
#5706 = CARTESIAN_POINT('',(172.84544889386,200.63544928769));
#5707 = CARTESIAN_POINT('',(175.13212019373,200.4038941262));
#5708 = CARTESIAN_POINT('',(176.20822823915,200.30049570679));
#5709 = CARTESIAN_POINT('',(177.28475967123,200.20258011904));
#5710 = CARTESIAN_POINT('',(178.36168553332,200.11010502849));
#5711 = CARTESIAN_POINT('',(179.43897733514,200.0230285751));
#5712 = CARTESIAN_POINT('',(180.51660705276,199.94130937326));
#5713 = CARTESIAN_POINT('',(181.59454712863,199.86490651181));
#5714 = CARTESIAN_POINT('',(183.61583349625,199.73156869165));
#5715 = CARTESIAN_POINT('',(184.55911332606,199.6733943433));
#5716 = CARTESIAN_POINT('',(185.50259131679,199.61922774827));
#5717 = CARTESIAN_POINT('',(186.44624964404,199.56904262785));
#5718 = CARTESIAN_POINT('',(187.3900725462,199.5228176505));
#5719 = CARTESIAN_POINT('',(188.33404426195,199.48053105286));
#5720 = CARTESIAN_POINT('',(189.27814763145,199.44215717603));
#5721 = CARTESIAN_POINT('',(191.03159748037,199.37812193773));
#5722 = CARTESIAN_POINT('',(191.8408940092,199.35142809452));
#5723 = CARTESIAN_POINT('',(192.6502489619,199.32757791241));
#5724 = CARTESIAN_POINT('',(193.45965476017,199.30655764576));
#5725 = CARTESIAN_POINT('',(194.26910369016,199.28835314478));
#5726 = CARTESIAN_POINT('',(195.07858781219,199.27294951202));
#5727 = CARTESIAN_POINT('',(195.88809929239,199.26033230858));
#5728 = CARTESIAN_POINT('',(198.1395056201,199.23296051631));
#5729 = CARTESIAN_POINT('',(199.58146627118,199.22423396238));
#5730 = CARTESIAN_POINT('',(201.02346291709,199.22424636892));
#5731 = CARTESIAN_POINT('',(202.46544449184,199.23292592535));
#5732 = CARTESIAN_POINT('',(203.90736300543,199.25021367464));
#5733 = CARTESIAN_POINT('',(205.34917041934,199.27604777108));
#5734 = CARTESIAN_POINT('',(206.79081686052,199.31035432709));
#5735 = CARTESIAN_POINT('',(209.37896330072,199.38708297711));
#5736 = CARTESIAN_POINT('',(210.52553842677,199.42641111424));
#5737 = CARTESIAN_POINT('',(211.67196140238,199.47104613676));
#5738 = CARTESIAN_POINT('',(212.81820988937,199.5209626426));
#5739 = CARTESIAN_POINT('',(213.96426177402,199.5761356673));
#5740 = CARTESIAN_POINT('',(215.11009516704,199.63654068401));
#5741 = CARTESIAN_POINT('',(216.25568840359,199.70215360348));
#5742 = CARTESIAN_POINT('',(219.08614229788,199.87711439242));
#5743 = CARTESIAN_POINT('',(220.77069797764,199.99249951303));
#5744 = CARTESIAN_POINT('',(222.45461940879,200.11903338736));
#5745 = CARTESIAN_POINT('',(224.13784402854,200.25668416737));
#5746 = CARTESIAN_POINT('',(225.82030305548,200.40535599027));
#5747 = CARTESIAN_POINT('',(227.50193639762,200.56504166964));
#5748 = CARTESIAN_POINT('',(229.18267713231,200.73564675134));
#5749 = CARTESIAN_POINT('',(231.73652825444,201.01159768572));
#5750 = CARTESIAN_POINT('',(232.6103339356,201.10899378492));
#5751 = CARTESIAN_POINT('',(233.4838726413,201.20933596177));
#5752 = CARTESIAN_POINT('',(234.35713562729,201.31261946924));
#5753 = CARTESIAN_POINT('',(235.23011416843,201.41883972571));
#5754 = CARTESIAN_POINT('',(236.10279955871,201.52799231491));
#5755 = CARTESIAN_POINT('',(236.97518311126,201.64007298595));
#5756 = CARTESIAN_POINT('',(238.71985000724,201.87015100143));
#5757 = CARTESIAN_POINT('',(239.59213294704,201.98815202366));
#5758 = CARTESIAN_POINT('',(240.46409634862,202.10907628599));
#5759 = CARTESIAN_POINT('',(241.33573152455,202.23291922425));
#5760 = CARTESIAN_POINT('',(242.20702978204,202.3596780818));
#5761 = CARTESIAN_POINT('',(243.07798244561,202.48935216937));
#5762 = CARTESIAN_POINT('',(243.9485808496,202.62194144741));
#5763 = CARTESIAN_POINT('',(245.55541835638,202.87213772331));
#5764 = CARTESIAN_POINT('',(246.29182434007,202.98892907054));
#5765 = CARTESIAN_POINT('',(247.02803052462,203.10781765201));
#5766 = CARTESIAN_POINT('',(247.76403318312,203.22880377811));
#5767 = CARTESIAN_POINT('',(248.49982858862,203.35188788996));
#5768 = CARTESIAN_POINT('',(249.23541301414,203.47707055943));
#5769 = CARTESIAN_POINT('',(249.97078273265,203.60435248912));
#5770 = CARTESIAN_POINT('',(252.11043552457,203.98091798409));
#5771 = CARTESIAN_POINT('',(253.51387059154,204.23571912076));
#5772 = CARTESIAN_POINT('',(254.91620225388,204.49813475686));
#5773 = CARTESIAN_POINT('',(256.31739201666,204.76818192548));
#5774 = CARTESIAN_POINT('',(257.71740174141,205.04586917691));
#5775 = CARTESIAN_POINT('',(259.11619319081,205.33120396081));
#5776 = CARTESIAN_POINT('',(260.5137272566,205.6242043423));
#5777 = CARTESIAN_POINT('',(263.17532026323,206.19737687905));
#5778 = CARTESIAN_POINT('',(264.43961080545,206.4761771954));
#5779 = CARTESIAN_POINT('',(265.70280765579,206.76129331445));
#5780 = CARTESIAN_POINT('',(266.96487945317,207.05275091563));
#5781 = CARTESIAN_POINT('',(268.2257955414,207.35056895527));
#5782 = CARTESIAN_POINT('',(269.48552519664,207.65476550452));
#5783 = CARTESIAN_POINT('',(270.74403633626,207.96536721602));
#5784 = CARTESIAN_POINT('',(273.06197012443,208.5498550861));
#5785 = CARTESIAN_POINT('',(274.12175296051,208.82188909351));
#5786 = CARTESIAN_POINT('',(275.18062717384,209.09851066832));
#5787 = CARTESIAN_POINT('',(276.2385726239,209.37973766825));
#5788 = CARTESIAN_POINT('',(277.29556823164,209.66559253579));
#5789 = CARTESIAN_POINT('',(278.35159289894,209.95609733472));
#5790 = CARTESIAN_POINT('',(279.4066257887,210.25127167416));
#5791 = CARTESIAN_POINT('',(281.38467172097,210.81402521974));
#5792 = CARTESIAN_POINT('',(282.30791921546,211.08051805924));
#5793 = CARTESIAN_POINT('',(283.23037352973,211.35063224332));
#5794 = CARTESIAN_POINT('',(284.15201875735,211.62438790766));
#5795 = CARTESIAN_POINT('',(285.07284105654,211.90179754617));
#5796 = CARTESIAN_POINT('',(285.99282567227,212.18287655732));
#5797 = CARTESIAN_POINT('',(286.91195452003,212.46765191));
#5798 = CARTESIAN_POINT('',(288.61808241552,213.00366938638));
#5799 = CARTESIAN_POINT('',(289.40551746611,213.25399641304));
#5800 = CARTESIAN_POINT('',(290.19251126951,213.50714132783));
#5801 = CARTESIAN_POINT('',(290.9790581659,213.76312248246));
#5802 = CARTESIAN_POINT('',(291.76515249497,214.02195888787));
#5803 = CARTESIAN_POINT('',(292.55078859594,214.28367021419));
#5804 = CARTESIAN_POINT('',(293.33596080749,214.54827679075));
#5805 = CARTESIAN_POINT('',(295.56242859841,215.30732982045));
#5806 = CARTESIAN_POINT('',(297.0017955646,215.80842916758));
#5807 = CARTESIAN_POINT('',(298.43869737377,216.31918521873));
#5808 = CARTESIAN_POINT('',(299.87305168409,216.83972694774));
#5809 = CARTESIAN_POINT('',(301.30477850588,217.37017420084));
#5810 = CARTESIAN_POINT('',(302.73379685382,217.91064764146));
#5811 = CARTESIAN_POINT('',(304.16001804026,218.46128839766));
#5812 = CARTESIAN_POINT('',(306.68835762712,219.45772801916));
#5813 = CARTESIAN_POINT('',(307.79162217854,219.89943190151));
#5814 = CARTESIAN_POINT('',(308.89310554636,220.34741351485));
#5815 = CARTESIAN_POINT('',(309.99275919747,220.80175463018));
#5816 = CARTESIAN_POINT('',(311.09053584718,221.26253293045));
#5817 = CARTESIAN_POINT('',(312.1863873313,221.72982754444));
#5818 = CARTESIAN_POINT('',(313.28026116635,222.20372779453));
#5819 = CARTESIAN_POINT('',(315.21094740184,223.05355356577));
#5820 = CARTESIAN_POINT('',(316.04859153957,223.42673586386));
#5821 = CARTESIAN_POINT('',(316.88501215414,223.80391264779));
#5822 = CARTESIAN_POINT('',(317.72018760377,224.18511945965));
#5823 = CARTESIAN_POINT('',(318.55408979045,224.57040508528));
#5824 = CARTESIAN_POINT('',(319.38668866095,224.95982232432));
#5825 = CARTESIAN_POINT('',(320.21795760376,225.35341680049));
#5826 = CARTESIAN_POINT('',(321.62377817323,226.0273119736));
#5827 = CARTESIAN_POINT('',(322.19932446104,226.30555770538));
#5828 = CARTESIAN_POINT('',(322.77450139335,226.58600397328));
#5829 = CARTESIAN_POINT('',(323.3493054235,226.86867614214));
#5830 = CARTESIAN_POINT('',(323.92373300407,227.15360049437));
#5831 = CARTESIAN_POINT('',(324.49778058686,227.44080422997));
#5832 = CARTESIAN_POINT('',(325.07144462293,227.73031546652));
#5833 = CARTESIAN_POINT('',(326.60379271094,228.51041378466));
#5834 = CARTESIAN_POINT('',(327.56083632063,229.00472454119));
#5835 = CARTESIAN_POINT('',(328.51580265469,229.50518358834));
#5836 = CARTESIAN_POINT('',(329.46863060566,230.01189871648));
#5837 = CARTESIAN_POINT('',(330.41925886681,230.52497781326));
#5838 = CARTESIAN_POINT('',(331.36762478508,231.04453099874));
#5839 = CARTESIAN_POINT('',(332.31366057601,231.5706776227));
#5840 = CARTESIAN_POINT('',(334.20964715758,232.64132590008));
#5841 = CARTESIAN_POINT('',(335.1595521852,233.18595230475));
#5842 = CARTESIAN_POINT('',(336.10694270822,233.73754335987));
#5843 = CARTESIAN_POINT('',(337.05173210971,234.29625117381));
#5844 = CARTESIAN_POINT('',(337.99386497902,234.86217390907));
#5845 = CARTESIAN_POINT('',(338.9332254373,235.4355100823));
#5846 = CARTESIAN_POINT('',(339.86973414634,236.01639848115));
#5847 = CARTESIAN_POINT('',(341.81226559871,237.24119039732));
#5848 = CARTESIAN_POINT('',(342.81779065673,237.88639032665));
#5849 = CARTESIAN_POINT('',(343.81973692499,238.54083881303));
#5850 = CARTESIAN_POINT('',(344.81798447356,239.20474534848));
#5851 = CARTESIAN_POINT('',(345.81236348821,239.87839051273));
#5852 = CARTESIAN_POINT('',(346.80275831454,240.56197622321));
#5853 = CARTESIAN_POINT('',(347.78897524301,241.25581789508));
#5854 = CARTESIAN_POINT('',(349.26858137933,242.31729074459));
#5855 = CARTESIAN_POINT('',(349.76520435228,242.67708337603));
#5856 = CARTESIAN_POINT('',(350.26068427129,243.03962623779));
#5857 = CARTESIAN_POINT('',(350.75499631935,243.40495978088));
#5858 = CARTESIAN_POINT('',(351.2481146187,243.77312585714));
#5859 = CARTESIAN_POINT('',(351.74001223077,244.14416771928));
#5860 = CARTESIAN_POINT('',(352.23066115625,244.51813002089));
#5861 = CARTESIAN_POINT('',(353.27778574468,245.32465771807));
#5862 = CARTESIAN_POINT('',(353.83387912429,245.7581097931));
#5863 = CARTESIAN_POINT('',(354.38826908346,246.19548431393));
#5864 = CARTESIAN_POINT('',(354.94091059204,246.63685203534));
#5865 = CARTESIAN_POINT('',(355.49175634081,247.08228622467));
#5866 = CARTESIAN_POINT('',(356.04075610218,247.53186369212));
#5867 = CARTESIAN_POINT('',(356.58785609086,247.98566582101));
#5868 = CARTESIAN_POINT('',(357.86574408017,249.05954719949));
#5869 = CARTESIAN_POINT('',(358.59742285985,249.68517937786));
#5870 = CARTESIAN_POINT('',(359.3280104471,250.32110691919));
#5871 = CARTESIAN_POINT('',(360.05748835349,250.96780809261));
#5872 = CARTESIAN_POINT('',(360.78584160915,251.62581400542));
#5873 = CARTESIAN_POINT('',(361.51305566254,252.29571625715));
#5874 = CARTESIAN_POINT('',(362.23911238924,252.97817689269));
#5875 = CARTESIAN_POINT('',(363.50764055243,254.19576417364));
#5876 = CARTESIAN_POINT('',(364.05063600451,254.72507733141));
#5877 = CARTESIAN_POINT('',(364.59296086923,255.26219316452));
#5878 = CARTESIAN_POINT('',(365.13460714126,255.80745814096));
#5879 = CARTESIAN_POINT('',(365.67556781522,256.36125661056));
#5880 = CARTESIAN_POINT('',(366.21583519404,256.92401525554));
#5881 = CARTESIAN_POINT('',(366.75539919739,257.49620754101));
#5882 = CARTESIAN_POINT('',(368.15089772471,259.00385467339));
#5883 = CARTESIAN_POINT('',(368.99833325923,259.94652370222));
#5884 = CARTESIAN_POINT('',(369.83598341763,260.90710370176));
#5885 = CARTESIAN_POINT('',(370.66317827011,261.88636923737));
#5886 = CARTESIAN_POINT('',(371.4791690694,262.88511563477));
#5887 = CARTESIAN_POINT('',(372.28307288298,263.90421852764));
#5888 = CARTESIAN_POINT('',(373.07393717937,264.94458195052));
#5889 = CARTESIAN_POINT('',(374.55465560787,266.97043503144));
#5890 = CARTESIAN_POINT('',(375.2469908948,267.95188346317));
#5891 = CARTESIAN_POINT('',(375.92684997658,268.9523723063));
#5892 = CARTESIAN_POINT('',(376.59329007225,269.97267775684));
#5893 = CARTESIAN_POINT('',(377.24522774407,271.01356954603));
#5894 = CARTESIAN_POINT('',(377.88143613443,272.07581689526));
#5895 = CARTESIAN_POINT('',(378.50053989979,273.16019743902));
#5896 = CARTESIAN_POINT('',(379.45558485686,274.92137794345));
#5897 = CARTESIAN_POINT('',(379.79610627128,275.56930601506));
#5898 = CARTESIAN_POINT('',(380.12307749331,276.21148113022));
#5899 = CARTESIAN_POINT('',(380.4369729269,276.8480880756));
#5900 = CARTESIAN_POINT('',(380.73823736576,277.47930719621));
#5901 = CARTESIAN_POINT('',(381.02728738766,278.10531296667));
#5902 = CARTESIAN_POINT('',(381.30451274862,278.72627256252));
#5903 = CARTESIAN_POINT('',(381.86261905319,280.02002289559));
#5904 = CARTESIAN_POINT('',(382.14109661137,280.6917949369));
#5905 = CARTESIAN_POINT('',(382.40619498325,281.3578710648));
#5906 = CARTESIAN_POINT('',(382.65836749534,282.01846012139));
#5907 = CARTESIAN_POINT('',(382.89803779199,282.67376813598));
#5908 = CARTESIAN_POINT('',(383.12560135831,283.32399717955));
#5909 = CARTESIAN_POINT('',(383.34142704306,283.96934421928));
#5910 = CARTESIAN_POINT('',(384.11773168453,286.40215883668));
#5911 = CARTESIAN_POINT('',(384.62765797122,288.24289703226));
#5912 = CARTESIAN_POINT('',(385.06791217441,290.12903214138));
#5913 = CARTESIAN_POINT('',(385.43075631864,292.05573875178));
#5914 = CARTESIAN_POINT('',(385.7090030138,294.01633683154));
#5915 = CARTESIAN_POINT('',(385.89679767701,296.00199531627));
#5916 = CARTESIAN_POINT('',(385.9906364315,298.00134564749));
#5917 = CARTESIAN_POINT('',(385.9906364315,300.));
#5918 = ( GEOMETRIC_REPRESENTATION_CONTEXT(2) 
PARAMETRIC_REPRESENTATION_CONTEXT() REPRESENTATION_CONTEXT('2D SPACE',''
  ) );
#5919 = PCURVE('',#5920,#6362);
#5920 = ( BOUNDED_SURFACE() B_SPLINE_SURFACE(2,3,(
    (#5921,#5922,#5923,#5924,#5925,#5926,#5927,#5928,#5929,#5930,#5931
      ,#5932,#5933,#5934,#5935,#5936,#5937,#5938,#5939,#5940,#5941,#5942
      ,#5943,#5944,#5945,#5946,#5947,#5948,#5949,#5950,#5951,#5952,#5953
      ,#5954,#5955,#5956,#5957,#5958,#5959,#5960,#5961,#5962,#5963,#5964
      ,#5965,#5966,#5967,#5968,#5969,#5970,#5971,#5972,#5973,#5974,#5975
      ,#5976,#5977,#5978,#5979,#5980,#5981,#5982,#5983)
    ,(#5984,#5985,#5986,#5987,#5988,#5989,#5990,#5991,#5992,#5993,#5994
      ,#5995,#5996,#5997,#5998,#5999,#6000,#6001,#6002,#6003,#6004,#6005
      ,#6006,#6007,#6008,#6009,#6010,#6011,#6012,#6013,#6014,#6015,#6016
      ,#6017,#6018,#6019,#6020,#6021,#6022,#6023,#6024,#6025,#6026,#6027
      ,#6028,#6029,#6030,#6031,#6032,#6033,#6034,#6035,#6036,#6037,#6038
      ,#6039,#6040,#6041,#6042,#6043,#6044,#6045,#6046)
    ,(#6047,#6048,#6049,#6050,#6051,#6052,#6053,#6054,#6055,#6056,#6057
      ,#6058,#6059,#6060,#6061,#6062,#6063,#6064,#6065,#6066,#6067,#6068
      ,#6069,#6070,#6071,#6072,#6073,#6074,#6075,#6076,#6077,#6078,#6079
      ,#6080,#6081,#6082,#6083,#6084,#6085,#6086,#6087,#6088,#6089,#6090
      ,#6091,#6092,#6093,#6094,#6095,#6096,#6097,#6098,#6099,#6100,#6101
      ,#6102,#6103,#6104,#6105,#6106,#6107,#6108,#6109)
    ,(#6110,#6111,#6112,#6113,#6114,#6115,#6116,#6117,#6118,#6119,#6120
      ,#6121,#6122,#6123,#6124,#6125,#6126,#6127,#6128,#6129,#6130,#6131
      ,#6132,#6133,#6134,#6135,#6136,#6137,#6138,#6139,#6140,#6141,#6142
      ,#6143,#6144,#6145,#6146,#6147,#6148,#6149,#6150,#6151,#6152,#6153
      ,#6154,#6155,#6156,#6157,#6158,#6159,#6160,#6161,#6162,#6163,#6164
      ,#6165,#6166,#6167,#6168,#6169,#6170,#6171,#6172)
    ,(#6173,#6174,#6175,#6176,#6177,#6178,#6179,#6180,#6181,#6182,#6183
      ,#6184,#6185,#6186,#6187,#6188,#6189,#6190,#6191,#6192,#6193,#6194
      ,#6195,#6196,#6197,#6198,#6199,#6200,#6201,#6202,#6203,#6204,#6205
      ,#6206,#6207,#6208,#6209,#6210,#6211,#6212,#6213,#6214,#6215,#6216
      ,#6217,#6218,#6219,#6220,#6221,#6222,#6223,#6224,#6225,#6226,#6227
      ,#6228,#6229,#6230,#6231,#6232,#6233,#6234,#6235)
    ,(#6236,#6237,#6238,#6239,#6240,#6241,#6242,#6243,#6244,#6245,#6246
      ,#6247,#6248,#6249,#6250,#6251,#6252,#6253,#6254,#6255,#6256,#6257
      ,#6258,#6259,#6260,#6261,#6262,#6263,#6264,#6265,#6266,#6267,#6268
      ,#6269,#6270,#6271,#6272,#6273,#6274,#6275,#6276,#6277,#6278,#6279
      ,#6280,#6281,#6282,#6283,#6284,#6285,#6286,#6287,#6288,#6289,#6290
      ,#6291,#6292,#6293,#6294,#6295,#6296,#6297,#6298)
    ,(#6299,#6300,#6301,#6302,#6303,#6304,#6305,#6306,#6307,#6308,#6309
      ,#6310,#6311,#6312,#6313,#6314,#6315,#6316,#6317,#6318,#6319,#6320
      ,#6321,#6322,#6323,#6324,#6325,#6326,#6327,#6328,#6329,#6330,#6331
      ,#6332,#6333,#6334,#6335,#6336,#6337,#6338,#6339,#6340,#6341,#6342
      ,#6343,#6344,#6345,#6346,#6347,#6348,#6349,#6350,#6351,#6352,#6353
      ,#6354,#6355,#6356,#6357,#6358,#6359,#6360,#6361
)),.UNSPECIFIED.,.T.,.F.,.F.) B_SPLINE_SURFACE_WITH_KNOTS((1,2,2,2,2,1),
  (4,1,1,1,1,1,1,1,1,1,1,1,1,1,1,1,1,1,1,1,1,1,1,1,1,1,1,1,1,1,1,1,1,1,1
    ,1,1,1,1,1,1,1,1,1,1,1,1,1,1,1,1,1,1,1,1,1,1,1,1,1,4),(
    -2.094395102393,0.,2.094395102393,4.188790204786,6.28318530718,
    8.377580409573),(0.,7.558382233568,15.126929915896,22.71651994622,
    30.338344981709,38.004478845284,45.72794437702,53.522718216429,
    61.403616994707,69.386066922167,77.485772386965,85.718309084826,
    94.098673551314,102.64082306331,111.35723771147,120.25853082773,
    129.3531262454,138.64701258844,148.14357722724,157.84351653532,
    167.74481497202,177.84278322652,188.13014486227,198.59716117767,
    209.23178494038,220.01983492855,230.94518458627,241.98995942167,
    253.13473896719,264.35876014497,275.64011973882,286.95597437668,
    298.28273699801,309.59626924413,320.87206958724,332.08545733118,
    343.21175289323,354.22645503252,365.10541594524,375.82501542222,
    386.36233558148,396.69533807501,406.80304615573,416.66573461648,
    426.26513142301,435.5846359079,444.60955972059,453.32739836581,
    461.72814307005,469.80464470589,477.5530430871,484.97327508967,
    492.06967182876,498.85164538165,505.33444491128,511.53992596494,
    517.49722364975,523.24315757172,528.8221448477,534.28534140576,
539.68948373167),.UNSPECIFIED.) GEOMETRIC_REPRESENTATION_ITEM() 
RATIONAL_B_SPLINE_SURFACE((
    (1.,1.,1.,1.,1.,1.,1.,1.,1.,1.,1.,1.,1.,1.,1.,1.,1.,1.,1.,1.,1.,1.
      ,1.,1.,1.,1.,1.,1.,1.,1.,1.,1.,1.,1.,1.,1.,1.,1.,1.,1.,1.,1.,1.,1.
      ,1.,1.,1.,1.,1.,1.,1.,1.,1.,1.,1.,1.,1.,1.,1.,1.,1.,1.,1.)
    ,(0.5,0.5,0.5,0.5,0.5,0.5,0.5,0.5,0.5,0.5,0.5,0.5,0.5,0.5,0.5,0.5
      ,0.5,0.5,0.5,0.5,0.5,0.5,0.5,0.5,0.5,0.5,0.5,0.5,0.5,0.5,0.5,0.5
      ,0.5,0.5,0.5,0.5,0.5,0.5,0.5,0.5,0.5,0.5,0.5,0.5,0.5,0.5,0.5,0.5
      ,0.5,0.5,0.5,0.5,0.5,0.5,0.5,0.5,0.5,0.5,0.5,0.5,0.5,0.5,0.5)
    ,(1.,1.,1.,1.,1.,1.,1.,1.,1.,1.,1.,1.,1.,1.,1.,1.,1.,1.,1.,1.,1.,1.
      ,1.,1.,1.,1.,1.,1.,1.,1.,1.,1.,1.,1.,1.,1.,1.,1.,1.,1.,1.,1.,1.,1.
      ,1.,1.,1.,1.,1.,1.,1.,1.,1.,1.,1.,1.,1.,1.,1.,1.,1.,1.,1.)
    ,(0.5,0.5,0.5,0.5,0.5,0.5,0.5,0.5,0.5,0.5,0.5,0.5,0.5,0.5,0.5,0.5
      ,0.5,0.5,0.5,0.5,0.5,0.5,0.5,0.5,0.5,0.5,0.5,0.5,0.5,0.5,0.5,0.5
      ,0.5,0.5,0.5,0.5,0.5,0.5,0.5,0.5,0.5,0.5,0.5,0.5,0.5,0.5,0.5,0.5
      ,0.5,0.5,0.5,0.5,0.5,0.5,0.5,0.5,0.5,0.5,0.5,0.5,0.5,0.5,0.5)
    ,(1.,1.,1.,1.,1.,1.,1.,1.,1.,1.,1.,1.,1.,1.,1.,1.,1.,1.,1.,1.,1.,1.
      ,1.,1.,1.,1.,1.,1.,1.,1.,1.,1.,1.,1.,1.,1.,1.,1.,1.,1.,1.,1.,1.,1.
      ,1.,1.,1.,1.,1.,1.,1.,1.,1.,1.,1.,1.,1.,1.,1.,1.,1.,1.,1.)
    ,(0.5,0.5,0.5,0.5,0.5,0.5,0.5,0.5,0.5,0.5,0.5,0.5,0.5,0.5,0.5,0.5
      ,0.5,0.5,0.5,0.5,0.5,0.5,0.5,0.5,0.5,0.5,0.5,0.5,0.5,0.5,0.5,0.5
      ,0.5,0.5,0.5,0.5,0.5,0.5,0.5,0.5,0.5,0.5,0.5,0.5,0.5,0.5,0.5,0.5
      ,0.5,0.5,0.5,0.5,0.5,0.5,0.5,0.5,0.5,0.5,0.5,0.5,0.5,0.5,0.5)
    ,(1.,1.,1.,1.,1.,1.,1.,1.,1.,1.,1.,1.,1.,1.,1.,1.,1.,1.,1.,1.,1.,1.
      ,1.,1.,1.,1.,1.,1.,1.,1.,1.,1.,1.,1.,1.,1.,1.,1.,1.,1.,1.,1.,1.,1.
      ,1.,1.,1.,1.,1.,1.,1.,1.,1.,1.,1.,1.,1.,1.,1.,1.,1.,1.,1.
))) REPRESENTATION_ITEM('') SURFACE() );
#5921 = CARTESIAN_POINT('',(8.5,0.,6.417089082333E-16));
#5922 = CARTESIAN_POINT('',(8.5,0.,-1.716953225975));
#5923 = CARTESIAN_POINT('',(8.685992928529,0.,-5.141616884906));
#5924 = CARTESIAN_POINT('',(9.522161891951,0.,-10.26585406295));
#5925 = CARTESIAN_POINT('',(10.913772519296,0.,-15.34606158486));
#5926 = CARTESIAN_POINT('',(12.857892180412,0.,-20.36523662587));
#5927 = CARTESIAN_POINT('',(15.350474013702,0.,-25.30293326836));
#5928 = CARTESIAN_POINT('',(18.386431001084,0.,-30.14057513803));
#5929 = CARTESIAN_POINT('',(21.959673902263,0.,-34.86017571064));
#5930 = CARTESIAN_POINT('',(26.063123288645,0.,-39.44477798755));
#5931 = CARTESIAN_POINT('',(30.688683308212,0.,-43.8783917644));
#5932 = CARTESIAN_POINT('',(35.82717421808,0.,-48.14603834015));
#5933 = CARTESIAN_POINT('',(41.46822890816,0.,-52.23375183622));
#5934 = CARTESIAN_POINT('',(47.600165895707,0.,-56.12859167445));
#5935 = CARTESIAN_POINT('',(54.209855988482,0.,-59.81866098966));
#5936 = CARTESIAN_POINT('',(61.282601004059,0.,-63.29313650791));
#5937 = CARTESIAN_POINT('',(68.802040597953,0.,-66.54230683569));
#5938 = CARTESIAN_POINT('',(76.750098315733,0.,-69.55761406822));
#5939 = CARTESIAN_POINT('',(85.10697188577,0.,-72.33169185576));
#5940 = CARTESIAN_POINT('',(93.851166957938,0.,-74.85839340964));
#5941 = CARTESIAN_POINT('',(102.95956901849,0.,-77.13280443302));
#5942 = CARTESIAN_POINT('',(112.40754554631,0.,-79.1512381419));
#5943 = CARTESIAN_POINT('',(122.1690695698,0.,-80.9112117751));
#5944 = CARTESIAN_POINT('',(132.21685624668,0.,-82.41140587021));
#5945 = CARTESIAN_POINT('',(142.52250540073,0.,-83.65160889528));
#5946 = CARTESIAN_POINT('',(153.05664462597,0.,-84.6326505456));
#5947 = CARTESIAN_POINT('',(163.7890692457,0.,-85.35632722457));
#5948 = CARTESIAN_POINT('',(174.6888768721,0.,-85.82532306627));
#5949 = CARTESIAN_POINT('',(185.72459545329,0.,-86.04312946562));
#5950 = CARTESIAN_POINT('',(196.86430450989,0.,-86.01396558002));
#5951 = CARTESIAN_POINT('',(208.07574979022,0.,-85.74270174238));
#5952 = CARTESIAN_POINT('',(219.32645187414,0.,-85.23478723536));
#5953 = CARTESIAN_POINT('',(230.58380939254,0.,-84.49618345214));
#5954 = CARTESIAN_POINT('',(241.8151975599,0.,-83.53330312171));
#5955 = CARTESIAN_POINT('',(252.98806268606,0.,-82.3529560086));
#5956 = CARTESIAN_POINT('',(264.07001327584,0.,-80.96230130098));
#5957 = CARTESIAN_POINT('',(275.02890826669,0.,-79.36880676857));
#5958 = CARTESIAN_POINT('',(285.83294291543,0.,-77.58021469277));
#5959 = CARTESIAN_POINT('',(296.45073284062,0.,-75.6045145342));
#5960 = CARTESIAN_POINT('',(306.85139677291,0.,-73.44992229765));
#5961 = CARTESIAN_POINT('',(317.00463867793,0.,-71.12486656837));
#5962 = CARTESIAN_POINT('',(326.88083011416,0.,-68.63798121304));
#5963 = CARTESIAN_POINT('',(336.45109399761,0.,-65.99810473997));
#5964 = CARTESIAN_POINT('',(345.68739139443,0.,-63.21428628005));
#5965 = CARTESIAN_POINT('',(354.56261358832,0.,-60.29579798296));
#5966 = CARTESIAN_POINT('',(363.05068250256,0.,-57.25215344826));
#5967 = CARTESIAN_POINT('',(371.12666361675,0.,-54.09313080993));
#5968 = CARTESIAN_POINT('',(378.7668967785,0.,-50.82879965123));
#5969 = CARTESIAN_POINT('',(385.949151645,0.,-47.46954375442));
#5970 = CARTESIAN_POINT('',(392.65281557823,0.,-44.02608875762));
#5971 = CARTESIAN_POINT('',(398.85912198957,0.,-40.50947057623));
#5972 = CARTESIAN_POINT('',(404.55142516314,0.,-36.93112006735));
#5973 = CARTESIAN_POINT('',(409.71552150746,0.,-33.30237304136));
#5974 = CARTESIAN_POINT('',(414.34000426676,0.,-29.63572243117));
#5975 = CARTESIAN_POINT('',(418.41661612864,0.,-25.9395880933));
#5976 = CARTESIAN_POINT('',(421.94053090394,0.,-22.23518551736));
#5977 = CARTESIAN_POINT('',(424.91045627919,0.,-18.49559880045));
#5978 = CARTESIAN_POINT('',(427.32842010734,0.,-14.85657244739));
#5979 = CARTESIAN_POINT('',(429.19911123336,0.,-10.87157052175));
#5980 = CARTESIAN_POINT('',(430.52872140042,0.,-8.151564750209));
#5981 = CARTESIAN_POINT('',(431.32344240112,0.,-0.900270854503));
#5982 = CARTESIAN_POINT('',(431.5,0.,-7.173286392355));
#5983 = CARTESIAN_POINT('',(431.5,0.,3.257616398855E-14));
#5984 = CARTESIAN_POINT('',(8.5,0.,6.417089082333E-16));
#5985 = CARTESIAN_POINT('',(8.5,4.373309149423,-1.716953225975));
#5986 = CARTESIAN_POINT('',(8.685992928529,13.096384820164,
    -5.141616884906));
#5987 = CARTESIAN_POINT('',(9.522161891951,26.148501206069,
    -10.26585406295));
#5988 = CARTESIAN_POINT('',(10.913772519296,39.08846817804,
    -15.34606158486));
#5989 = CARTESIAN_POINT('',(12.857892180412,51.872977270847,
    -20.36523662587));
#5990 = CARTESIAN_POINT('',(15.350474013702,64.449950001966,
    -25.30293326836));
#5991 = CARTESIAN_POINT('',(18.386431001084,76.772069865323,
    -30.14057513803));
#5992 = CARTESIAN_POINT('',(21.959673902263,88.79352278179,
    -34.86017571064));
#5993 = CARTESIAN_POINT('',(26.063123288645,100.47111701136,
    -39.44477798755));
#5994 = CARTESIAN_POINT('',(30.688683308212,111.76412336816,
    -43.8783917644));
#5995 = CARTESIAN_POINT('',(35.82717421808,122.63438910045,
    -48.14603834015));
#5996 = CARTESIAN_POINT('',(41.46822890816,133.04634125042,
    -52.23375183622));
#5997 = CARTESIAN_POINT('',(47.600165895707,142.96701843742,
    -56.12859167445));
#5998 = CARTESIAN_POINT('',(54.209855988482,152.36611775712,
    -59.81866098966));
#5999 = CARTESIAN_POINT('',(61.282601004059,161.21607088545,
    -63.29313650791));
#6000 = CARTESIAN_POINT('',(68.802040597953,169.49214160625,
    -66.54230683569));
#6001 = CARTESIAN_POINT('',(76.750098315733,177.17253179329,
    -69.55761406822));
#6002 = CARTESIAN_POINT('',(85.10697188577,184.23847837,-72.33169185576)
  );
#6003 = CARTESIAN_POINT('',(93.851166957938,190.67432464483,
    -74.85839340964));
#6004 = CARTESIAN_POINT('',(102.95956901849,196.46755324746,
    -77.13280443302));
#6005 = CARTESIAN_POINT('',(112.40754554631,201.6087734467,
    -79.1512381419));
#6006 = CARTESIAN_POINT('',(122.1690695698,206.09166131831,
    -80.9112117751));
#6007 = CARTESIAN_POINT('',(132.21685624668,209.91285601528,
    -82.41140587021));
#6008 = CARTESIAN_POINT('',(142.52250540073,213.07181873752,
    -83.65160889528));
#6009 = CARTESIAN_POINT('',(153.05664462597,215.57066282972,
    -84.6326505456));
#6010 = CARTESIAN_POINT('',(163.7890692457,217.41396397123,
    -85.35632722457));
#6011 = CARTESIAN_POINT('',(174.6888768721,218.60855901,-85.82532306627)
  );
#6012 = CARTESIAN_POINT('',(185.72459545329,219.16334099513,
    -86.04312946562));
#6013 = CARTESIAN_POINT('',(196.86430450989,219.08905668395,
    -86.01396558002));
#6014 = CARTESIAN_POINT('',(208.07574979022,218.39811146474,
    -85.74270174238));
#6015 = CARTESIAN_POINT('',(219.32645187414,217.1043853882,
    -85.23478723536));
#6016 = CARTESIAN_POINT('',(230.58380939254,215.22306291879,
    -84.49618345214));
#6017 = CARTESIAN_POINT('',(241.8151975599,212.77047813361,
    -83.53330312171));
#6018 = CARTESIAN_POINT('',(252.98806268606,209.76397641233,
    -82.3529560086));
#6019 = CARTESIAN_POINT('',(264.07001327584,206.22179316323,
    -80.96230130098));
#6020 = CARTESIAN_POINT('',(275.02890826669,202.16294979307,
    -79.36880676857));
#6021 = CARTESIAN_POINT('',(285.83294291543,197.60716692646,
    -77.58021469277));
#6022 = CARTESIAN_POINT('',(296.45073284062,192.57479478651,
    -75.6045145342));
#6023 = CARTESIAN_POINT('',(306.85139677291,187.0867606346,
    -73.44992229765));
#6024 = CARTESIAN_POINT('',(317.00463867793,181.1645332029,
    -71.12486656837));
#6025 = CARTESIAN_POINT('',(326.88083011416,174.83010410286,
    -68.63798121304));
#6026 = CARTESIAN_POINT('',(336.45109399761,168.10598619543,
    -65.99810473997));
#6027 = CARTESIAN_POINT('',(345.68739139443,161.01522882536,
    -63.21428628005));
#6028 = CARTESIAN_POINT('',(354.56261358832,153.58144939618,
    -60.29579798296));
#6029 = CARTESIAN_POINT('',(363.05068250256,145.82888031634,
    -57.25215344826));
#6030 = CARTESIAN_POINT('',(371.12666361675,137.78242779894,
    -54.09313080993));
#6031 = CARTESIAN_POINT('',(378.7668967785,129.46774041716,
    -50.82879965123));
#6032 = CARTESIAN_POINT('',(385.949151645,120.91126705114,
    -47.46954375442));
#6033 = CARTESIAN_POINT('',(392.65281557823,112.14032733344,
    -44.02608875762));
#6034 = CARTESIAN_POINT('',(398.85912198957,103.18303121434,
    -40.50947057623));
#6035 = CARTESIAN_POINT('',(404.55142516314,94.068494613355,
    -36.93112006735));
#6036 = CARTESIAN_POINT('',(409.71552150746,84.825591353328,
    -33.30237304136));
#6037 = CARTESIAN_POINT('',(414.34000426676,75.486142602644,
    -29.63572243117));
#6038 = CARTESIAN_POINT('',(418.41661612864,66.071594860302,
    -25.9395880933));
#6039 = CARTESIAN_POINT('',(421.94053090394,56.635986811463,
    -22.23518551736));
#6040 = CARTESIAN_POINT('',(424.91045627919,47.110760057057,
    -18.49559880045));
#6041 = CARTESIAN_POINT('',(427.32842010734,37.841673978259,
    -14.85657244739));
#6042 = CARTESIAN_POINT('',(429.19911123336,27.691341914325,
    -10.87157052175));
#6043 = CARTESIAN_POINT('',(430.52872140042,20.763123983161,
    -8.151564750209));
#6044 = CARTESIAN_POINT('',(431.32344240112,2.293110089078,
    -0.900270854503));
#6045 = CARTESIAN_POINT('',(431.5,18.271318365885,-7.173286392355));
#6046 = CARTESIAN_POINT('',(431.5,6.310887241768E-30,3.257616398855E-14)
  );
#6047 = CARTESIAN_POINT('',(8.5,0.,6.417089082333E-16));
#6048 = CARTESIAN_POINT('',(8.5,2.186654574712,0.858476612987));
#6049 = CARTESIAN_POINT('',(8.685992928529,6.548192410082,2.570808442453
    ));
#6050 = CARTESIAN_POINT('',(9.522161891951,13.074250603034,
    5.132927031478));
#6051 = CARTESIAN_POINT('',(10.913772519296,19.54423408902,
    7.673030792433));
#6052 = CARTESIAN_POINT('',(12.857892180412,25.936488635423,
    10.182618312937));
#6053 = CARTESIAN_POINT('',(15.350474013702,32.224975000983,
    12.651466634184));
#6054 = CARTESIAN_POINT('',(18.386431001084,38.386034932662,
    15.070287569016));
#6055 = CARTESIAN_POINT('',(21.959673902263,44.396761390895,
    17.430087855323));
#6056 = CARTESIAN_POINT('',(26.063123288645,50.235558505681,
    19.722388993779));
#6057 = CARTESIAN_POINT('',(30.688683308212,55.882061684084,
    21.939195882201));
#6058 = CARTESIAN_POINT('',(35.82717421808,61.317194550226,
    24.073019170077));
#6059 = CARTESIAN_POINT('',(41.46822890816,66.523170625214,
    26.116875918114));
#6060 = CARTESIAN_POINT('',(47.600165895707,71.48350921871,
    28.064295837228));
#6061 = CARTESIAN_POINT('',(54.209855988482,76.183058878563,
    29.909330494835));
#6062 = CARTESIAN_POINT('',(61.282601004059,80.608035442725,
    31.646568253959));
#6063 = CARTESIAN_POINT('',(68.802040597953,84.746070803127,
    33.271153417845));
#6064 = CARTESIAN_POINT('',(76.750098315733,88.586265896647,
    34.778807034114));
#6065 = CARTESIAN_POINT('',(85.10697188577,92.119239185002,
    36.165845927883));
#6066 = CARTESIAN_POINT('',(93.851166957938,95.337162322419,
    37.429196704824));
#6067 = CARTESIAN_POINT('',(102.95956901849,98.233776623734,
    38.566402216514));
#6068 = CARTESIAN_POINT('',(112.40754554631,100.80438672335,
    39.575619070951));
#6069 = CARTESIAN_POINT('',(122.1690695698,103.04583065915,
    40.455605887555));
#6070 = CARTESIAN_POINT('',(132.21685624668,104.95642800764,
    41.205702935107));
#6071 = CARTESIAN_POINT('',(142.52250540073,106.53590936876,
    41.825804447642));
#6072 = CARTESIAN_POINT('',(153.05664462597,107.78533141486,
    42.316325272803));
#6073 = CARTESIAN_POINT('',(163.7890692457,108.70698198561,
    42.678163612288));
#6074 = CARTESIAN_POINT('',(174.6888768721,109.304279505,42.912661533138
    ));
#6075 = CARTESIAN_POINT('',(185.72459545329,109.58167049756,
    43.021564732813));
#6076 = CARTESIAN_POINT('',(196.86430450989,109.54452834197,
    43.006982790014));
#6077 = CARTESIAN_POINT('',(208.07574979022,109.19905573237,
    42.871350871191));
#6078 = CARTESIAN_POINT('',(219.32645187414,108.5521926941,
    42.617393617683));
#6079 = CARTESIAN_POINT('',(230.58380939254,107.61153145939,
    42.248091726073));
#6080 = CARTESIAN_POINT('',(241.8151975599,106.3852390668,
    41.766651560856));
#6081 = CARTESIAN_POINT('',(252.98806268606,104.88198820616,
    41.176478004302));
#6082 = CARTESIAN_POINT('',(264.07001327584,103.11089658161,
    40.481150650491));
#6083 = CARTESIAN_POINT('',(275.02890826669,101.08147489653,
    39.684403384288));
#6084 = CARTESIAN_POINT('',(285.83294291543,98.803583463231,
    38.790107346389));
#6085 = CARTESIAN_POINT('',(296.45073284062,96.287397393255,
    37.802257267104));
#6086 = CARTESIAN_POINT('',(306.85139677291,93.543380317303,
    36.72496114883));
#6087 = CARTESIAN_POINT('',(317.00463867793,90.582266601454,
    35.562433284186));
#6088 = CARTESIAN_POINT('',(326.88083011416,87.41505205143,
    34.31899060652));
#6089 = CARTESIAN_POINT('',(336.45109399761,84.052993097716,
    32.999052369989));
#6090 = CARTESIAN_POINT('',(345.68739139443,80.507614412684,
    31.607143140025));
#6091 = CARTESIAN_POINT('',(354.56261358832,76.790724698095,
    30.147898991484));
#6092 = CARTESIAN_POINT('',(363.05068250256,72.914440158175,
    28.62607672413));
#6093 = CARTESIAN_POINT('',(371.12666361675,68.89121389947,
    27.046565404968));
#6094 = CARTESIAN_POINT('',(378.7668967785,64.73387020858,
    25.414399825615));
#6095 = CARTESIAN_POINT('',(385.949151645,60.455633525572,
    23.734771877212));
#6096 = CARTESIAN_POINT('',(392.65281557823,56.070163666721,
    22.013044378812));
#6097 = CARTESIAN_POINT('',(398.85912198957,51.591515607173,
    20.254735288118));
#6098 = CARTESIAN_POINT('',(404.55142516314,47.034247306678,
    18.465560033676));
#6099 = CARTESIAN_POINT('',(409.71552150746,42.412795676664,
    16.651186520685));
#6100 = CARTESIAN_POINT('',(414.34000426676,37.743071301322,
    14.817861215586));
#6101 = CARTESIAN_POINT('',(418.41661612864,33.035797430151,
    12.96979404665));
#6102 = CARTESIAN_POINT('',(421.94053090394,28.317993405731,
    11.117592758682));
#6103 = CARTESIAN_POINT('',(424.91045627919,23.555380028529,
    9.247799400228));
#6104 = CARTESIAN_POINT('',(427.32842010734,18.92083698913,
    7.428286223698));
#6105 = CARTESIAN_POINT('',(429.19911123336,13.845670957163,
    5.435785260876));
#6106 = CARTESIAN_POINT('',(430.52872140042,10.38156199158,
    4.075782375105));
#6107 = CARTESIAN_POINT('',(431.32344240112,1.146555044539,
    0.450135427252));
#6108 = CARTESIAN_POINT('',(431.5,9.135659182943,3.586643196178));
#6109 = CARTESIAN_POINT('',(431.5,0.,3.257616398855E-14));
#6110 = CARTESIAN_POINT('',(8.5,0.,6.417089082333E-16));
#6111 = CARTESIAN_POINT('',(8.5,6.184297860223E-16,3.43390645195));
#6112 = CARTESIAN_POINT('',(8.685992928529,1.851960194277E-15,
    10.283233769812));
#6113 = CARTESIAN_POINT('',(9.522161891951,3.697660387857E-15,
    20.531708125912));
#6114 = CARTESIAN_POINT('',(10.913772519296,5.527501529242E-15,
    30.69212316973));
#6115 = CARTESIAN_POINT('',(12.857892180412,7.335359366987E-15,
    40.730473251748));
#6116 = CARTESIAN_POINT('',(15.350474013702,9.113869481219E-15,
    50.605866536735));
#6117 = CARTESIAN_POINT('',(18.386431001084,1.085634084331E-14,
    60.281150276065));
#6118 = CARTESIAN_POINT('',(21.959673902263,1.255629488287E-14,
    69.720351421292));
#6119 = CARTESIAN_POINT('',(26.063123288645,1.420762385457E-14,
    78.889555975117));
#6120 = CARTESIAN_POINT('',(30.688683308212,1.580456824294E-14,
    87.756783528802));
#6121 = CARTESIAN_POINT('',(35.82717421808,1.734173286615E-14,
    96.29207668031));
#6122 = CARTESIAN_POINT('',(41.46822890816,1.881408735109E-14,
    104.46750367245));
#6123 = CARTESIAN_POINT('',(47.600165895707,2.021697062787E-14,
    112.25718334891));
#6124 = CARTESIAN_POINT('',(54.209855988482,2.154609756185E-14,
    119.63732197933));
#6125 = CARTESIAN_POINT('',(61.282601004059,2.279756971542E-14,
    126.58627301583));
#6126 = CARTESIAN_POINT('',(68.802040597953,2.396788913947E-14,
    133.08461367138));
#6127 = CARTESIAN_POINT('',(76.750098315733,2.505397336029E-14,
    139.11522813645));
#6128 = CARTESIAN_POINT('',(85.10697188577,2.605316909061E-14,
    144.66338371153));
#6129 = CARTESIAN_POINT('',(93.851166957938,2.696326231719E-14,
    149.71678681929));
#6130 = CARTESIAN_POINT('',(102.95956901849,2.778248295828E-14,
    154.26560886605));
#6131 = CARTESIAN_POINT('',(112.40754554631,2.85095030703E-14,
    158.3024762838));
#6132 = CARTESIAN_POINT('',(122.1690695698,2.914342838692E-14,
    161.82242355021));
#6133 = CARTESIAN_POINT('',(132.21685624668,2.968378365064E-14,
    164.82281174043));
#6134 = CARTESIAN_POINT('',(142.52250540073,3.013049266975E-14,
    167.30321779056));
#6135 = CARTESIAN_POINT('',(153.05664462597,3.048385429236E-14,
    169.26530109121));
#6136 = CARTESIAN_POINT('',(163.7890692457,3.074451556546E-14,
    170.71265444915));
#6137 = CARTESIAN_POINT('',(174.6888768721,3.091344328791E-14,
    171.65064613255));
#6138 = CARTESIAN_POINT('',(185.72459545329,3.099189502609E-14,
    172.08625893125));
#6139 = CARTESIAN_POINT('',(196.86430450989,3.098139047928E-14,
    172.02793116005));
#6140 = CARTESIAN_POINT('',(208.07574979022,3.088368389384E-14,
    171.48540348476));
#6141 = CARTESIAN_POINT('',(219.32645187414,3.070073804818E-14,
    170.46957447073));
#6142 = CARTESIAN_POINT('',(230.58380939254,3.043470017789E-14,
    168.99236690429));
#6143 = CARTESIAN_POINT('',(241.8151975599,3.008788008536E-14,
    167.06660624342));
#6144 = CARTESIAN_POINT('',(252.98806268606,2.966273058125E-14,
    164.7059120172));
#6145 = CARTESIAN_POINT('',(264.07001327584,2.916183033525E-14,
    161.92460260196));
#6146 = CARTESIAN_POINT('',(275.02890826669,2.858786916508E-14,
    158.73761353715));
#6147 = CARTESIAN_POINT('',(285.83294291543,2.79436357649E-14,
    155.16042938555));
#6148 = CARTESIAN_POINT('',(296.45073284062,2.723200786041E-14,
    151.20902906841));
#6149 = CARTESIAN_POINT('',(306.85139677291,2.645594477631E-14,
    146.89984459531));
#6150 = CARTESIAN_POINT('',(317.00463867793,2.561848240669E-14,
    142.24973313674));
#6151 = CARTESIAN_POINT('',(326.88083011416,2.472273058603E-14,
    137.27596242608));
#6152 = CARTESIAN_POINT('',(336.45109399761,2.377187285871E-14,
    131.99620947995));
#6153 = CARTESIAN_POINT('',(345.68739139443,2.276916863331E-14,
    126.42857256009));
#6154 = CARTESIAN_POINT('',(354.56261358832,2.171795764761E-14,
    120.59159596593));
#6155 = CARTESIAN_POINT('',(363.05068250256,2.062166660727E-14,
    114.50430689652));
#6156 = CARTESIAN_POINT('',(371.12666361675,1.948381750066E-14,
    108.18626161987));
#6157 = CARTESIAN_POINT('',(378.7668967785,1.830803729335E-14,
    101.65759930245));
#6158 = CARTESIAN_POINT('',(385.949151645,1.709806612231E-14,
    94.93908750885));
#6159 = CARTESIAN_POINT('',(392.65281557823,1.585776725765E-14,
    88.052177515247));
#6160 = CARTESIAN_POINT('',(398.85912198957,1.459111572834E-14,
    81.01894115247));
#6161 = CARTESIAN_POINT('',(404.55142516314,1.330222881747E-14,
    73.862240134706));
#6162 = CARTESIAN_POINT('',(409.71552150746,1.199518957327E-14,
    66.604746082738));
#6163 = CARTESIAN_POINT('',(414.34000426676,1.067449782816E-14,
    59.271444862343));
#6164 = CARTESIAN_POINT('',(418.41661612864,9.343186332253E-15,
    51.879176186601));
#6165 = CARTESIAN_POINT('',(421.94053090394,8.008896697732E-15,
    44.470371034729));
#6166 = CARTESIAN_POINT('',(424.91045627919,6.661934079203E-15,
    36.991197600911));
#6167 = CARTESIAN_POINT('',(427.32842010734,5.351192321766E-15,
    29.71314489479));
#6168 = CARTESIAN_POINT('',(429.19911123336,3.91583354152E-15,
    21.743141043503));
#6169 = CARTESIAN_POINT('',(430.52872140042,2.936114023349E-15,
    16.303129500418));
#6170 = CARTESIAN_POINT('',(431.32344240112,3.242687706861E-16,
    1.800541709006));
#6171 = CARTESIAN_POINT('',(431.5,2.583747711696E-15,14.346572784711));
#6172 = CARTESIAN_POINT('',(431.5,7.006492321624E-46,3.257616398855E-14)
  );
#6173 = CARTESIAN_POINT('',(8.5,0.,6.417089082333E-16));
#6174 = CARTESIAN_POINT('',(8.5,-2.186654574712,0.858476612987));
#6175 = CARTESIAN_POINT('',(8.685992928529,-6.548192410082,
    2.570808442453));
#6176 = CARTESIAN_POINT('',(9.522161891951,-13.07425060303,
    5.132927031478));
#6177 = CARTESIAN_POINT('',(10.913772519296,-19.54423408902,
    7.673030792433));
#6178 = CARTESIAN_POINT('',(12.857892180412,-25.93648863542,
    10.182618312937));
#6179 = CARTESIAN_POINT('',(15.350474013702,-32.22497500098,
    12.651466634184));
#6180 = CARTESIAN_POINT('',(18.386431001084,-38.38603493266,
    15.070287569016));
#6181 = CARTESIAN_POINT('',(21.959673902263,-44.39676139089,
    17.430087855323));
#6182 = CARTESIAN_POINT('',(26.063123288645,-50.23555850568,
    19.722388993779));
#6183 = CARTESIAN_POINT('',(30.688683308212,-55.88206168408,
    21.939195882201));
#6184 = CARTESIAN_POINT('',(35.82717421808,-61.31719455022,
    24.073019170077));
#6185 = CARTESIAN_POINT('',(41.46822890816,-66.52317062521,
    26.116875918114));
#6186 = CARTESIAN_POINT('',(47.600165895707,-71.48350921871,
    28.064295837228));
#6187 = CARTESIAN_POINT('',(54.209855988482,-76.18305887856,
    29.909330494835));
#6188 = CARTESIAN_POINT('',(61.282601004059,-80.60803544272,
    31.646568253959));
#6189 = CARTESIAN_POINT('',(68.802040597953,-84.74607080312,
    33.271153417845));
#6190 = CARTESIAN_POINT('',(76.750098315733,-88.58626589664,
    34.778807034114));
#6191 = CARTESIAN_POINT('',(85.10697188577,-92.119239185,36.165845927883
    ));
#6192 = CARTESIAN_POINT('',(93.851166957938,-95.33716232241,
    37.429196704824));
#6193 = CARTESIAN_POINT('',(102.95956901849,-98.23377662373,
    38.566402216514));
#6194 = CARTESIAN_POINT('',(112.40754554631,-100.8043867233,
    39.575619070951));
#6195 = CARTESIAN_POINT('',(122.1690695698,-103.0458306591,
    40.455605887555));
#6196 = CARTESIAN_POINT('',(132.21685624668,-104.9564280076,
    41.205702935107));
#6197 = CARTESIAN_POINT('',(142.52250540073,-106.5359093687,
    41.825804447642));
#6198 = CARTESIAN_POINT('',(153.05664462597,-107.7853314148,
    42.316325272803));
#6199 = CARTESIAN_POINT('',(163.7890692457,-108.7069819856,
    42.678163612288));
#6200 = CARTESIAN_POINT('',(174.6888768721,-109.304279505,
    42.912661533138));
#6201 = CARTESIAN_POINT('',(185.72459545329,-109.5816704975,
    43.021564732813));
#6202 = CARTESIAN_POINT('',(196.86430450989,-109.5445283419,
    43.006982790014));
#6203 = CARTESIAN_POINT('',(208.07574979022,-109.1990557323,
    42.871350871191));
#6204 = CARTESIAN_POINT('',(219.32645187414,-108.5521926941,
    42.617393617683));
#6205 = CARTESIAN_POINT('',(230.58380939254,-107.6115314593,
    42.248091726073));
#6206 = CARTESIAN_POINT('',(241.8151975599,-106.3852390668,
    41.766651560856));
#6207 = CARTESIAN_POINT('',(252.98806268606,-104.8819882061,
    41.176478004302));
#6208 = CARTESIAN_POINT('',(264.07001327584,-103.1108965816,
    40.481150650491));
#6209 = CARTESIAN_POINT('',(275.02890826669,-101.0814748965,
    39.684403384288));
#6210 = CARTESIAN_POINT('',(285.83294291543,-98.80358346323,
    38.790107346389));
#6211 = CARTESIAN_POINT('',(296.45073284062,-96.28739739325,
    37.802257267104));
#6212 = CARTESIAN_POINT('',(306.85139677291,-93.5433803173,
    36.72496114883));
#6213 = CARTESIAN_POINT('',(317.00463867793,-90.58226660145,
    35.562433284186));
#6214 = CARTESIAN_POINT('',(326.88083011416,-87.41505205143,
    34.31899060652));
#6215 = CARTESIAN_POINT('',(336.45109399761,-84.05299309771,
    32.999052369989));
#6216 = CARTESIAN_POINT('',(345.68739139443,-80.50761441268,
    31.607143140025));
#6217 = CARTESIAN_POINT('',(354.56261358832,-76.79072469809,
    30.147898991484));
#6218 = CARTESIAN_POINT('',(363.05068250256,-72.91444015817,
    28.62607672413));
#6219 = CARTESIAN_POINT('',(371.12666361675,-68.89121389947,
    27.046565404968));
#6220 = CARTESIAN_POINT('',(378.7668967785,-64.73387020858,
    25.414399825615));
#6221 = CARTESIAN_POINT('',(385.949151645,-60.45563352557,
    23.734771877212));
#6222 = CARTESIAN_POINT('',(392.65281557823,-56.07016366672,
    22.013044378812));
#6223 = CARTESIAN_POINT('',(398.85912198957,-51.59151560717,
    20.254735288118));
#6224 = CARTESIAN_POINT('',(404.55142516314,-47.03424730667,
    18.465560033676));
#6225 = CARTESIAN_POINT('',(409.71552150746,-42.41279567666,
    16.651186520685));
#6226 = CARTESIAN_POINT('',(414.34000426676,-37.74307130132,
    14.817861215586));
#6227 = CARTESIAN_POINT('',(418.41661612864,-33.03579743015,
    12.96979404665));
#6228 = CARTESIAN_POINT('',(421.94053090394,-28.31799340573,
    11.117592758682));
#6229 = CARTESIAN_POINT('',(424.91045627919,-23.55538002852,
    9.247799400228));
#6230 = CARTESIAN_POINT('',(427.32842010734,-18.92083698913,
    7.428286223698));
#6231 = CARTESIAN_POINT('',(429.19911123336,-13.84567095716,
    5.435785260876));
#6232 = CARTESIAN_POINT('',(430.52872140042,-10.38156199158,
    4.075782375105));
#6233 = CARTESIAN_POINT('',(431.32344240112,-1.146555044539,
    0.450135427252));
#6234 = CARTESIAN_POINT('',(431.5,-9.135659182943,3.586643196178));
#6235 = CARTESIAN_POINT('',(431.5,0.,3.257616398855E-14));
#6236 = CARTESIAN_POINT('',(8.5,0.,6.417089082333E-16));
#6237 = CARTESIAN_POINT('',(8.5,-4.373309149423,-1.716953225975));
#6238 = CARTESIAN_POINT('',(8.685992928529,-13.09638482016,
    -5.141616884906));
#6239 = CARTESIAN_POINT('',(9.522161891951,-26.14850120606,
    -10.26585406295));
#6240 = CARTESIAN_POINT('',(10.913772519296,-39.08846817804,
    -15.34606158486));
#6241 = CARTESIAN_POINT('',(12.857892180412,-51.87297727084,
    -20.36523662587));
#6242 = CARTESIAN_POINT('',(15.350474013702,-64.44995000196,
    -25.30293326836));
#6243 = CARTESIAN_POINT('',(18.386431001084,-76.77206986532,
    -30.14057513803));
#6244 = CARTESIAN_POINT('',(21.959673902263,-88.79352278179,
    -34.86017571064));
#6245 = CARTESIAN_POINT('',(26.063123288645,-100.4711170113,
    -39.44477798755));
#6246 = CARTESIAN_POINT('',(30.688683308212,-111.7641233681,
    -43.8783917644));
#6247 = CARTESIAN_POINT('',(35.82717421808,-122.6343891004,
    -48.14603834015));
#6248 = CARTESIAN_POINT('',(41.46822890816,-133.0463412504,
    -52.23375183622));
#6249 = CARTESIAN_POINT('',(47.600165895707,-142.9670184374,
    -56.12859167445));
#6250 = CARTESIAN_POINT('',(54.209855988482,-152.3661177571,
    -59.81866098966));
#6251 = CARTESIAN_POINT('',(61.282601004059,-161.2160708854,
    -63.29313650791));
#6252 = CARTESIAN_POINT('',(68.802040597953,-169.4921416062,
    -66.54230683569));
#6253 = CARTESIAN_POINT('',(76.750098315733,-177.1725317932,
    -69.55761406822));
#6254 = CARTESIAN_POINT('',(85.10697188577,-184.23847837,-72.33169185576
    ));
#6255 = CARTESIAN_POINT('',(93.851166957938,-190.6743246448,
    -74.85839340964));
#6256 = CARTESIAN_POINT('',(102.95956901849,-196.4675532474,
    -77.13280443302));
#6257 = CARTESIAN_POINT('',(112.40754554631,-201.6087734467,
    -79.1512381419));
#6258 = CARTESIAN_POINT('',(122.1690695698,-206.0916613183,
    -80.9112117751));
#6259 = CARTESIAN_POINT('',(132.21685624668,-209.9128560152,
    -82.41140587021));
#6260 = CARTESIAN_POINT('',(142.52250540073,-213.0718187375,
    -83.65160889528));
#6261 = CARTESIAN_POINT('',(153.05664462597,-215.5706628297,
    -84.6326505456));
#6262 = CARTESIAN_POINT('',(163.7890692457,-217.4139639712,
    -85.35632722457));
#6263 = CARTESIAN_POINT('',(174.6888768721,-218.60855901,-85.82532306627
    ));
#6264 = CARTESIAN_POINT('',(185.72459545329,-219.1633409951,
    -86.04312946562));
#6265 = CARTESIAN_POINT('',(196.86430450989,-219.0890566839,
    -86.01396558002));
#6266 = CARTESIAN_POINT('',(208.07574979022,-218.3981114647,
    -85.74270174238));
#6267 = CARTESIAN_POINT('',(219.32645187414,-217.1043853882,
    -85.23478723536));
#6268 = CARTESIAN_POINT('',(230.58380939254,-215.2230629187,
    -84.49618345214));
#6269 = CARTESIAN_POINT('',(241.8151975599,-212.7704781336,
    -83.53330312171));
#6270 = CARTESIAN_POINT('',(252.98806268606,-209.7639764123,
    -82.3529560086));
#6271 = CARTESIAN_POINT('',(264.07001327584,-206.2217931632,
    -80.96230130098));
#6272 = CARTESIAN_POINT('',(275.02890826669,-202.162949793,
    -79.36880676857));
#6273 = CARTESIAN_POINT('',(285.83294291543,-197.6071669264,
    -77.58021469277));
#6274 = CARTESIAN_POINT('',(296.45073284062,-192.5747947865,
    -75.6045145342));
#6275 = CARTESIAN_POINT('',(306.85139677291,-187.0867606346,
    -73.44992229765));
#6276 = CARTESIAN_POINT('',(317.00463867793,-181.1645332029,
    -71.12486656837));
#6277 = CARTESIAN_POINT('',(326.88083011416,-174.8301041028,
    -68.63798121304));
#6278 = CARTESIAN_POINT('',(336.45109399761,-168.1059861954,
    -65.99810473997));
#6279 = CARTESIAN_POINT('',(345.68739139443,-161.0152288253,
    -63.21428628004));
#6280 = CARTESIAN_POINT('',(354.56261358832,-153.5814493961,
    -60.29579798296));
#6281 = CARTESIAN_POINT('',(363.05068250256,-145.8288803163,
    -57.25215344826));
#6282 = CARTESIAN_POINT('',(371.12666361675,-137.7824277989,
    -54.09313080993));
#6283 = CARTESIAN_POINT('',(378.7668967785,-129.4677404171,
    -50.82879965123));
#6284 = CARTESIAN_POINT('',(385.949151645,-120.9112670511,
    -47.46954375442));
#6285 = CARTESIAN_POINT('',(392.65281557823,-112.1403273334,
    -44.02608875762));
#6286 = CARTESIAN_POINT('',(398.85912198957,-103.1830312143,
    -40.50947057623));
#6287 = CARTESIAN_POINT('',(404.55142516314,-94.06849461335,
    -36.93112006735));
#6288 = CARTESIAN_POINT('',(409.71552150746,-84.82559135332,
    -33.30237304136));
#6289 = CARTESIAN_POINT('',(414.34000426676,-75.48614260264,
    -29.63572243117));
#6290 = CARTESIAN_POINT('',(418.41661612864,-66.0715948603,
    -25.9395880933));
#6291 = CARTESIAN_POINT('',(421.94053090394,-56.63598681146,
    -22.23518551736));
#6292 = CARTESIAN_POINT('',(424.91045627919,-47.11076005705,
    -18.49559880045));
#6293 = CARTESIAN_POINT('',(427.32842010734,-37.84167397825,
    -14.85657244739));
#6294 = CARTESIAN_POINT('',(429.19911123336,-27.69134191432,
    -10.87157052175));
#6295 = CARTESIAN_POINT('',(430.52872140042,-20.76312398316,
    -8.151564750209));
#6296 = CARTESIAN_POINT('',(431.32344240112,-2.293110089078,
    -0.900270854503));
#6297 = CARTESIAN_POINT('',(431.5,-18.27131836588,-7.173286392355));
#6298 = CARTESIAN_POINT('',(431.5,-6.310887241768E-30,3.257616398855E-14
    ));
#6299 = CARTESIAN_POINT('',(8.5,0.,6.417089082333E-16));
#6300 = CARTESIAN_POINT('',(8.5,0.,-1.716953225975));
#6301 = CARTESIAN_POINT('',(8.685992928529,0.,-5.141616884906));
#6302 = CARTESIAN_POINT('',(9.522161891951,0.,-10.26585406295));
#6303 = CARTESIAN_POINT('',(10.913772519296,0.,-15.34606158486));
#6304 = CARTESIAN_POINT('',(12.857892180412,0.,-20.36523662587));
#6305 = CARTESIAN_POINT('',(15.350474013702,0.,-25.30293326836));
#6306 = CARTESIAN_POINT('',(18.386431001084,0.,-30.14057513803));
#6307 = CARTESIAN_POINT('',(21.959673902263,0.,-34.86017571064));
#6308 = CARTESIAN_POINT('',(26.063123288645,0.,-39.44477798755));
#6309 = CARTESIAN_POINT('',(30.688683308212,0.,-43.8783917644));
#6310 = CARTESIAN_POINT('',(35.82717421808,0.,-48.14603834015));
#6311 = CARTESIAN_POINT('',(41.46822890816,0.,-52.23375183622));
#6312 = CARTESIAN_POINT('',(47.600165895707,0.,-56.12859167445));
#6313 = CARTESIAN_POINT('',(54.209855988482,0.,-59.81866098966));
#6314 = CARTESIAN_POINT('',(61.282601004059,0.,-63.29313650791));
#6315 = CARTESIAN_POINT('',(68.802040597953,0.,-66.54230683569));
#6316 = CARTESIAN_POINT('',(76.750098315733,0.,-69.55761406822));
#6317 = CARTESIAN_POINT('',(85.10697188577,0.,-72.33169185576));
#6318 = CARTESIAN_POINT('',(93.851166957938,0.,-74.85839340964));
#6319 = CARTESIAN_POINT('',(102.95956901849,0.,-77.13280443302));
#6320 = CARTESIAN_POINT('',(112.40754554631,0.,-79.1512381419));
#6321 = CARTESIAN_POINT('',(122.1690695698,0.,-80.9112117751));
#6322 = CARTESIAN_POINT('',(132.21685624668,0.,-82.41140587021));
#6323 = CARTESIAN_POINT('',(142.52250540073,0.,-83.65160889528));
#6324 = CARTESIAN_POINT('',(153.05664462597,0.,-84.6326505456));
#6325 = CARTESIAN_POINT('',(163.7890692457,0.,-85.35632722457));
#6326 = CARTESIAN_POINT('',(174.6888768721,0.,-85.82532306627));
#6327 = CARTESIAN_POINT('',(185.72459545329,0.,-86.04312946562));
#6328 = CARTESIAN_POINT('',(196.86430450989,0.,-86.01396558002));
#6329 = CARTESIAN_POINT('',(208.07574979022,0.,-85.74270174238));
#6330 = CARTESIAN_POINT('',(219.32645187414,0.,-85.23478723536));
#6331 = CARTESIAN_POINT('',(230.58380939254,0.,-84.49618345214));
#6332 = CARTESIAN_POINT('',(241.8151975599,0.,-83.53330312171));
#6333 = CARTESIAN_POINT('',(252.98806268606,0.,-82.3529560086));
#6334 = CARTESIAN_POINT('',(264.07001327584,0.,-80.96230130098));
#6335 = CARTESIAN_POINT('',(275.02890826669,0.,-79.36880676857));
#6336 = CARTESIAN_POINT('',(285.83294291543,0.,-77.58021469277));
#6337 = CARTESIAN_POINT('',(296.45073284062,0.,-75.6045145342));
#6338 = CARTESIAN_POINT('',(306.85139677291,0.,-73.44992229765));
#6339 = CARTESIAN_POINT('',(317.00463867793,0.,-71.12486656837));
#6340 = CARTESIAN_POINT('',(326.88083011416,0.,-68.63798121304));
#6341 = CARTESIAN_POINT('',(336.45109399761,0.,-65.99810473997));
#6342 = CARTESIAN_POINT('',(345.68739139443,0.,-63.21428628005));
#6343 = CARTESIAN_POINT('',(354.56261358832,0.,-60.29579798296));
#6344 = CARTESIAN_POINT('',(363.05068250256,0.,-57.25215344826));
#6345 = CARTESIAN_POINT('',(371.12666361675,0.,-54.09313080993));
#6346 = CARTESIAN_POINT('',(378.7668967785,0.,-50.82879965123));
#6347 = CARTESIAN_POINT('',(385.949151645,0.,-47.46954375442));
#6348 = CARTESIAN_POINT('',(392.65281557823,0.,-44.02608875762));
#6349 = CARTESIAN_POINT('',(398.85912198957,0.,-40.50947057623));
#6350 = CARTESIAN_POINT('',(404.55142516314,0.,-36.93112006735));
#6351 = CARTESIAN_POINT('',(409.71552150746,0.,-33.30237304136));
#6352 = CARTESIAN_POINT('',(414.34000426676,0.,-29.63572243117));
#6353 = CARTESIAN_POINT('',(418.41661612864,0.,-25.9395880933));
#6354 = CARTESIAN_POINT('',(421.94053090394,0.,-22.23518551736));
#6355 = CARTESIAN_POINT('',(424.91045627919,0.,-18.49559880045));
#6356 = CARTESIAN_POINT('',(427.32842010734,0.,-14.85657244739));
#6357 = CARTESIAN_POINT('',(429.19911123336,0.,-10.87157052175));
#6358 = CARTESIAN_POINT('',(430.52872140042,0.,-8.151564750209));
#6359 = CARTESIAN_POINT('',(431.32344240112,0.,-0.900270854503));
#6360 = CARTESIAN_POINT('',(431.5,0.,-7.173286392355));
#6361 = CARTESIAN_POINT('',(431.5,0.,3.257616398855E-14));
#6362 = DEFINITIONAL_REPRESENTATION('',(#6363),#6723);
#6363 = B_SPLINE_CURVE_WITH_KNOTS('',8,(#6364,#6365,#6366,#6367,#6368,
    #6369,#6370,#6371,#6372,#6373,#6374,#6375,#6376,#6377,#6378,#6379,
    #6380,#6381,#6382,#6383,#6384,#6385,#6386,#6387,#6388,#6389,#6390,
    #6391,#6392,#6393,#6394,#6395,#6396,#6397,#6398,#6399,#6400,#6401,
    #6402,#6403,#6404,#6405,#6406,#6407,#6408,#6409,#6410,#6411,#6412,
    #6413,#6414,#6415,#6416,#6417,#6418,#6419,#6420,#6421,#6422,#6423,
    #6424,#6425,#6426,#6427,#6428,#6429,#6430,#6431,#6432,#6433,#6434,
    #6435,#6436,#6437,#6438,#6439,#6440,#6441,#6442,#6443,#6444,#6445,
    #6446,#6447,#6448,#6449,#6450,#6451,#6452,#6453,#6454,#6455,#6456,
    #6457,#6458,#6459,#6460,#6461,#6462,#6463,#6464,#6465,#6466,#6467,
    #6468,#6469,#6470,#6471,#6472,#6473,#6474,#6475,#6476,#6477,#6478,
    #6479,#6480,#6481,#6482,#6483,#6484,#6485,#6486,#6487,#6488,#6489,
    #6490,#6491,#6492,#6493,#6494,#6495,#6496,#6497,#6498,#6499,#6500,
    #6501,#6502,#6503,#6504,#6505,#6506,#6507,#6508,#6509,#6510,#6511,
    #6512,#6513,#6514,#6515,#6516,#6517,#6518,#6519,#6520,#6521,#6522,
    #6523,#6524,#6525,#6526,#6527,#6528,#6529,#6530,#6531,#6532,#6533,
    #6534,#6535,#6536,#6537,#6538,#6539,#6540,#6541,#6542,#6543,#6544,
    #6545,#6546,#6547,#6548,#6549,#6550,#6551,#6552,#6553,#6554,#6555,
    #6556,#6557,#6558,#6559,#6560,#6561,#6562,#6563,#6564,#6565,#6566,
    #6567,#6568,#6569,#6570,#6571,#6572,#6573,#6574,#6575,#6576,#6577,
    #6578,#6579,#6580,#6581,#6582,#6583,#6584,#6585,#6586,#6587,#6588,
    #6589,#6590,#6591,#6592,#6593,#6594,#6595,#6596,#6597,#6598,#6599,
    #6600,#6601,#6602,#6603,#6604,#6605,#6606,#6607,#6608,#6609,#6610,
    #6611,#6612,#6613,#6614,#6615,#6616,#6617,#6618,#6619,#6620,#6621,
    #6622,#6623,#6624,#6625,#6626,#6627,#6628,#6629,#6630,#6631,#6632,
    #6633,#6634,#6635,#6636,#6637,#6638,#6639,#6640,#6641,#6642,#6643,
    #6644,#6645,#6646,#6647,#6648,#6649,#6650,#6651,#6652,#6653,#6654,
    #6655,#6656,#6657,#6658,#6659,#6660,#6661,#6662,#6663,#6664,#6665,
    #6666,#6667,#6668,#6669,#6670,#6671,#6672,#6673,#6674,#6675,#6676,
    #6677,#6678,#6679,#6680,#6681,#6682,#6683,#6684,#6685,#6686,#6687,
    #6688,#6689,#6690,#6691,#6692,#6693,#6694,#6695,#6696,#6697,#6698,
    #6699,#6700,#6701,#6702,#6703,#6704,#6705,#6706,#6707,#6708,#6709,
    #6710,#6711,#6712,#6713,#6714,#6715,#6716,#6717,#6718,#6719,#6720,
    #6721,#6722),.UNSPECIFIED.,.F.,.F.,(9,7,7,7,7,7,7,7,7,7,7,7,7,7,7,7,
    7,7,7,7,7,7,7,7,7,7,7,7,7,7,7,7,7,7,7,7,7,7,7,7,7,7,7,7,7,7,7,7,7,7,
    7,9),(0.,3.491935294421E-02,4.71081383764E-02,6.135138946086E-02,
    8.615615478288E-02,9.998251314289E-02,0.113233639703,0.130607136333,
    0.157620703134,0.171621830428,0.185622950958,0.206505915004,
    0.221742159543,0.245202076501,0.256205517328,0.268584391161,
    0.286437959284,0.302895158394,0.335755581631,0.34942813222,
    0.363100681348,0.387698499718,0.409546906937,0.428656514547,
    0.445034133706,0.474204660391,0.497410579747,0.531553364065,
    0.549319289697,0.567095825136,0.582142594995,0.610889346034,
    0.636941398127,0.658919898282,0.678187779381,0.694719745415,
    0.725094578293,0.748676037087,0.766793214144,0.779365566144,
    0.800398646734,0.821625969899,0.844568259347,0.856198534831,
    0.869453965651,0.887271078456,0.900633930929,0.921878043323,
    0.941133690335,0.952504172198,0.965011691325,1.),.UNSPECIFIED.);
#6364 = CARTESIAN_POINT('',(6.28318530718,85.373000952933));
#6365 = CARTESIAN_POINT('',(6.241797463129,85.373000952933));
#6366 = CARTESIAN_POINT('',(6.20133159738,85.517496378041));
#6367 = CARTESIAN_POINT('',(6.162115906038,85.806646906307));
#6368 = CARTESIAN_POINT('',(6.124388656849,86.235486580908));
#6369 = CARTESIAN_POINT('',(6.088301281158,86.795383436244));
#6370 = CARTESIAN_POINT('',(6.053932770307,87.475515365472));
#6371 = CARTESIAN_POINT('',(6.021307716776,88.26412891767));
#6372 = CARTESIAN_POINT('',(5.979625447073,89.458338030414));
#6373 = CARTESIAN_POINT('',(5.969048412099,89.779174711554));
#6374 = CARTESIAN_POINT('',(5.958677779487,90.111389962058));
#6375 = CARTESIAN_POINT('',(5.948511518759,90.454522912649));
#6376 = CARTESIAN_POINT('',(5.9385471021,90.808122778856));
#6377 = CARTESIAN_POINT('',(5.928781581627,91.171752020872));
#6378 = CARTESIAN_POINT('',(5.919211666653,91.544989503415));
#6379 = CARTESIAN_POINT('',(5.898875260705,92.374340208781));
#6380 = CARTESIAN_POINT('',(5.888179074028,92.833814412449));
#6381 = CARTESIAN_POINT('',(5.877739491851,93.305214577167));
#6382 = CARTESIAN_POINT('',(5.867550453505,93.7879299068));
#6383 = CARTESIAN_POINT('',(5.857605649292,94.281380063769));
#6384 = CARTESIAN_POINT('',(5.847898587317,94.785015920658));
#6385 = CARTESIAN_POINT('',(5.838422664602,95.298321498154));
#6386 = CARTESIAN_POINT('',(5.813059797557,96.730748427611));
#6387 = CARTESIAN_POINT('',(5.79762997713,97.668509601939));
#6388 = CARTESIAN_POINT('',(5.782846113509,98.631592488411));
#6389 = CARTESIAN_POINT('',(5.768673730485,99.617724829419));
#6390 = CARTESIAN_POINT('',(5.755079981755,100.62489564785));
#6391 = CARTESIAN_POINT('',(5.742033219777,101.65128208312));
#6392 = CARTESIAN_POINT('',(5.729503808229,102.69534442103));
#6393 = CARTESIAN_POINT('',(5.710751570789,104.34675475619));
#6394 = CARTESIAN_POINT('',(5.704192009975,104.94285752986));
#6395 = CARTESIAN_POINT('',(5.697779585988,105.54376750617));
#6396 = CARTESIAN_POINT('',(5.691509635313,106.14925584635));
#6397 = CARTESIAN_POINT('',(5.68537768389,106.75910824748));
#6398 = CARTESIAN_POINT('',(5.679379436424,107.37312444001));
#6399 = CARTESIAN_POINT('',(5.67351076569,107.99111768531));
#6400 = CARTESIAN_POINT('',(5.662263572417,109.2088416364));
#6401 = CARTESIAN_POINT('',(5.656874828287,109.80826079477));
#6402 = CARTESIAN_POINT('',(5.651597982651,110.4110185345));
#6403 = CARTESIAN_POINT('',(5.646429698499,111.0169708239));
#6404 = CARTESIAN_POINT('',(5.641366777045,111.62598204312));
#6405 = CARTESIAN_POINT('',(5.636406146161,112.23792421401));
#6406 = CARTESIAN_POINT('',(5.631544848807,112.85267622996));
#6407 = CARTESIAN_POINT('',(5.620532899359,114.2796550767));
#6408 = CARTESIAN_POINT('',(5.614487324655,115.08919370932));
#6409 = CARTESIAN_POINT('',(5.608630970987,115.89872941611));
#6410 = CARTESIAN_POINT('',(5.602952850726,116.70826174036));
#6411 = CARTESIAN_POINT('',(5.597443115939,117.51779408883));
#6412 = CARTESIAN_POINT('',(5.592092886919,118.32732943264));
#6413 = CARTESIAN_POINT('',(5.586894118281,119.13686695604));
#6414 = CARTESIAN_POINT('',(5.573980221327,121.20511953316));
#6415 = CARTESIAN_POINT('',(5.566421709955,122.47147509595));
#6416 = CARTESIAN_POINT('',(5.559147332688,123.7448756137));
#6417 = CARTESIAN_POINT('',(5.552141806225,125.02476668157));
#6418 = CARTESIAN_POINT('',(5.545391275989,126.3106946699));
#6419 = CARTESIAN_POINT('',(5.538882740073,127.60219533108));
#6420 = CARTESIAN_POINT('',(5.532604385257,128.898916141));
#6421 = CARTESIAN_POINT('',(5.523404553169,130.87511399884));
#6422 = CARTESIAN_POINT('',(5.520328948462,131.54972614286));
#6423 = CARTESIAN_POINT('',(5.517316063368,132.22433815758));
#6424 = CARTESIAN_POINT('',(5.514363822266,132.89894999663));
#6425 = CARTESIAN_POINT('',(5.51147027267,133.57356181773));
#6426 = CARTESIAN_POINT('',(5.508633574819,134.24817378797));
#6427 = CARTESIAN_POINT('',(5.505851991264,134.92278588908));
#6428 = CARTESIAN_POINT('',(5.500395762984,136.27200923047));
#6429 = CARTESIAN_POINT('',(5.497721113556,136.94662206222));
#6430 = CARTESIAN_POINT('',(5.495098286907,137.62123373488));
#6431 = CARTESIAN_POINT('',(5.492525732212,138.29584510229));
#6432 = CARTESIAN_POINT('',(5.490001978933,138.97045711157));
#6433 = CARTESIAN_POINT('',(5.487525629101,139.64506946416));
#6434 = CARTESIAN_POINT('',(5.485095352011,140.31968118182));
#6435 = CARTESIAN_POINT('',(5.479151901988,142.00049082667));
#6436 = CARTESIAN_POINT('',(5.475687218408,143.00849395973));
#6437 = CARTESIAN_POINT('',(5.472312591865,144.01820778447));
#6438 = CARTESIAN_POINT('',(5.469024962504,145.02954818953));
#6439 = CARTESIAN_POINT('',(5.465821444194,146.04243222682));
#6440 = CARTESIAN_POINT('',(5.462699301399,147.05678476527));
#6441 = CARTESIAN_POINT('',(5.459655931647,148.07254240864));
#6442 = CARTESIAN_POINT('',(5.454524109297,149.83170891444));
#6443 = CARTESIAN_POINT('',(5.452402039516,150.57378204289));
#6444 = CARTESIAN_POINT('',(5.450321493395,151.31585513681));
#6445 = CARTESIAN_POINT('',(5.448281354268,152.05792818354));
#6446 = CARTESIAN_POINT('',(5.446280559335,152.8000012248));
#6447 = CARTESIAN_POINT('',(5.444318095817,153.54207430511));
#6448 = CARTESIAN_POINT('',(5.442392997115,154.28414742003));
#6449 = CARTESIAN_POINT('',(5.437596288814,156.16882302349));
#6450 = CARTESIAN_POINT('',(5.434771212753,157.31276885992));
#6451 = CARTESIAN_POINT('',(5.432026294747,158.45798057837));
#6452 = CARTESIAN_POINT('',(5.429358783518,159.60441532996));
#6453 = CARTESIAN_POINT('',(5.426766281306,160.75197618963));
#6454 = CARTESIAN_POINT('',(5.42424633535,161.90062437292));
#6455 = CARTESIAN_POINT('',(5.421796725582,163.05029554091));
#6456 = CARTESIAN_POINT('',(5.418298340183,164.74063144801));
#6457 = CARTESIAN_POINT('',(5.41719682225,165.28032090594));
#6458 = CARTESIAN_POINT('',(5.416110496058,165.82001039591));
#6459 = CARTESIAN_POINT('',(5.415039115997,166.35969993226));
#6460 = CARTESIAN_POINT('',(5.413982443635,166.89938950436));
#6461 = CARTESIAN_POINT('',(5.41294024771,167.43907907657));
#6462 = CARTESIAN_POINT('',(5.411912304136,167.9787685883));
#6463 = CARTESIAN_POINT('',(5.409757749078,169.12560863268));
#6464 = CARTESIAN_POINT('',(5.408634865328,169.73275931454));
#6465 = CARTESIAN_POINT('',(5.407529437039,170.33990999773));
#6466 = CARTESIAN_POINT('',(5.406441165535,170.94706068087));
#6467 = CARTESIAN_POINT('',(5.40536976118,171.55421136302));
#6468 = CARTESIAN_POINT('',(5.404314943372,172.16136204369));
#6469 = CARTESIAN_POINT('',(5.403276440548,172.7685127228));
#6470 = CARTESIAN_POINT('',(5.40077934979,174.25133320201));
#6471 = CARTESIAN_POINT('',(5.399337412886,175.12741128956));
#6472 = CARTESIAN_POINT('',(5.397927462642,176.0038828712));
#6473 = CARTESIAN_POINT('',(5.396548835861,176.88073022673));
#6474 = CARTESIAN_POINT('',(5.395200858877,177.75794183274));
#6475 = CARTESIAN_POINT('',(5.39388289043,178.6355058971));
#6476 = CARTESIAN_POINT('',(5.392594358229,179.51340478192));
#6477 = CARTESIAN_POINT('',(5.390173516342,181.20116102321));
#6478 = CARTESIAN_POINT('',(5.389037263978,182.01069525941));
#6479 = CARTESIAN_POINT('',(5.387925425037,182.82022949838));
#6480 = CARTESIAN_POINT('',(5.386837522767,183.62976373719));
#6481 = CARTESIAN_POINT('',(5.385773097488,184.43929797403));
#6482 = CARTESIAN_POINT('',(5.384731706587,185.24883220821));
#6483 = CARTESIAN_POINT('',(5.383712924524,186.05836644014));
#6484 = CARTESIAN_POINT('',(5.380726447933,188.48431408936));
#6485 = CARTESIAN_POINT('',(5.378823987514,190.10160228191));
#6486 = CARTESIAN_POINT('',(5.377005864188,191.71971365308));
#6487 = CARTESIAN_POINT('',(5.375269571412,193.33855837173));
#6488 = CARTESIAN_POINT('',(5.373612220083,194.95811476565));
#6489 = CARTESIAN_POINT('',(5.372031699365,196.57829990939));
#6490 = CARTESIAN_POINT('',(5.370525495964,198.19909536078));
#6491 = CARTESIAN_POINT('',(5.368495004002,200.49506023713));
#6492 = CARTESIAN_POINT('',(5.367910999401,201.16967209563));
#6493 = CARTESIAN_POINT('',(5.367339441861,201.84428395436));
#6494 = CARTESIAN_POINT('',(5.366780177956,202.51889581299));
#6495 = CARTESIAN_POINT('',(5.366233058459,203.19350767131));
#6496 = CARTESIAN_POINT('',(5.365697938339,203.86811952926));
#6497 = CARTESIAN_POINT('',(5.365174676763,204.54273138689));
#6498 = CARTESIAN_POINT('',(5.364151597478,205.89195502986));
#6499 = CARTESIAN_POINT('',(5.363651778729,206.56656703797));
#6500 = CARTESIAN_POINT('',(5.363163546119,207.2411789109));
#6501 = CARTESIAN_POINT('',(5.362686765725,207.91579064554));
#6502 = CARTESIAN_POINT('',(5.362221306353,208.59040240689));
#6503 = CARTESIAN_POINT('',(5.361767041478,209.26501434146));
#6504 = CARTESIAN_POINT('',(5.361323851173,209.93962639057));
#6505 = CARTESIAN_POINT('',(5.3601140189,211.8279091051));
#6506 = CARTESIAN_POINT('',(5.359371763169,213.04178647764));
#6507 = CARTESIAN_POINT('',(5.358664223529,214.25585573867));
#6508 = CARTESIAN_POINT('',(5.357990795645,215.4701035197));
#6509 = CARTESIAN_POINT('',(5.357350903115,216.68451751942));
#6510 = CARTESIAN_POINT('',(5.356743996432,217.89908645675));
#6511 = CARTESIAN_POINT('',(5.356169551939,219.11380002387));
#6512 = CARTESIAN_POINT('',(5.355145225236,221.40770842192));
#6513 = CARTESIAN_POINT('',(5.354688600037,222.48687436023));
#6514 = CARTESIAN_POINT('',(5.354256867036,223.56613848844));
#6515 = CARTESIAN_POINT('',(5.35384971137,224.64549313253));
#6516 = CARTESIAN_POINT('',(5.353466831466,225.7249311101));
#6517 = CARTESIAN_POINT('',(5.353107939034,226.80444573041));
#6518 = CARTESIAN_POINT('',(5.352772759073,227.88403079432));
#6519 = CARTESIAN_POINT('',(5.352188377375,229.90799126314));
#6520 = CARTESIAN_POINT('',(5.351933666271,230.85235127496));
#6521 = CARTESIAN_POINT('',(5.351696713269,231.79675739689));
#6522 = CARTESIAN_POINT('',(5.351477351996,232.7412057957));
#6523 = CARTESIAN_POINT('',(5.351275443342,233.68569158323));
#6524 = CARTESIAN_POINT('',(5.351090851747,234.63021031454));
#6525 = CARTESIAN_POINT('',(5.350923429924,235.57475889767));
#6526 = CARTESIAN_POINT('',(5.350644177462,237.32886758134));
#6527 = CARTESIAN_POINT('',(5.350527823948,238.13840178879));
#6528 = CARTESIAN_POINT('',(5.350423908527,238.94793611632));
#6529 = CARTESIAN_POINT('',(5.350332354955,239.75747034491));
#6530 = CARTESIAN_POINT('',(5.350253087913,240.56700443456));
#6531 = CARTESIAN_POINT('',(5.350186031432,241.37653861891));
#6532 = CARTESIAN_POINT('',(5.350131114073,242.18607307698));
#6533 = CARTESIAN_POINT('',(5.350011989699,244.43748563704));
#6534 = CARTESIAN_POINT('',(5.349974030698,245.87938473324));
#6535 = CARTESIAN_POINT('',(5.349974089473,247.32129120408));
#6536 = CARTESIAN_POINT('',(5.350011843611,248.76319471373));
#6537 = CARTESIAN_POINT('',(5.350087050533,250.20508288671));
#6538 = CARTESIAN_POINT('',(5.350199477996,251.64694505354));
#6539 = CARTESIAN_POINT('',(5.350348863442,253.08877446012));
#6540 = CARTESIAN_POINT('',(5.350683235261,255.67753587302));
#6541 = CARTESIAN_POINT('',(5.350854695449,256.82448452166));
#6542 = CARTESIAN_POINT('',(5.351049397447,257.97139905755));
#6543 = CARTESIAN_POINT('',(5.351267280078,259.11827411846));
#6544 = CARTESIAN_POINT('',(5.351508292511,260.26510455752));
#6545 = CARTESIAN_POINT('',(5.351772394264,261.41188544318));
#6546 = CARTESIAN_POINT('',(5.352059555203,262.55861205924));
#6547 = CARTESIAN_POINT('',(5.352826152168,265.39236811438));
#6548 = CARTESIAN_POINT('',(5.35333241828,267.07932915067));
#6549 = CARTESIAN_POINT('',(5.353888501139,268.76614813889));
#6550 = CARTESIAN_POINT('',(5.354494567397,270.45280372098));
#6551 = CARTESIAN_POINT('',(5.355150539449,272.13928680709));
#6552 = CARTESIAN_POINT('',(5.355856771453,273.82557390358));
#6553 = CARTESIAN_POINT('',(5.356613268963,275.51165718873));
#6554 = CARTESIAN_POINT('',(5.357840405603,278.07474067782));
#6555 = CARTESIAN_POINT('',(5.358274108313,278.9519039324));
#6556 = CARTESIAN_POINT('',(5.358721565863,279.82900433598));
#6557 = CARTESIAN_POINT('',(5.359182825681,280.70603949568));
#6558 = CARTESIAN_POINT('',(5.359657938974,281.58300703036));
#6559 = CARTESIAN_POINT('',(5.360146960727,282.45990457066));
#6560 = CARTESIAN_POINT('',(5.360649949698,283.33672975892));
#6561 = CARTESIAN_POINT('',(5.361684295915,285.09075433481));
#6562 = CARTESIAN_POINT('',(5.362215670784,285.96795357642));
#6563 = CARTESIAN_POINT('',(5.36276115427,286.84507572319));
#6564 = CARTESIAN_POINT('',(5.363320810032,287.72211849534));
#6565 = CARTESIAN_POINT('',(5.363894713099,288.59907939021));
#6566 = CARTESIAN_POINT('',(5.364482951172,289.4759556722));
#6567 = CARTESIAN_POINT('',(5.36508561831,290.35274454665));
#6568 = CARTESIAN_POINT('',(5.366225209046,291.97151655538));
#6569 = CARTESIAN_POINT('',(5.366758063485,292.71358959303));
#6570 = CARTESIAN_POINT('',(5.36730142457,293.45566263069));
#6571 = CARTESIAN_POINT('',(5.367855355088,294.19773566838));
#6572 = CARTESIAN_POINT('',(5.368419920341,294.93980870606));
#6573 = CARTESIAN_POINT('',(5.368995188142,295.68188174366));
#6574 = CARTESIAN_POINT('',(5.369581228819,296.42395478109));
#6575 = CARTESIAN_POINT('',(5.37131846259,298.5837532869));
#6576 = CARTESIAN_POINT('',(5.372498177062,300.00120706793));
#6577 = CARTESIAN_POINT('',(5.373717722729,301.41837759141));
#6578 = CARTESIAN_POINT('',(5.374977683245,302.83525116848));
#6579 = CARTESIAN_POINT('',(5.37627863094,304.25181464329));
#6580 = CARTESIAN_POINT('',(5.377621162191,305.6680547358));
#6581 = CARTESIAN_POINT('',(5.379005952954,307.08395695047));
#6582 = CARTESIAN_POINT('',(5.381727588937,309.78236430602));
#6583 = CARTESIAN_POINT('',(5.383056761538,311.06493231653));
#6584 = CARTESIAN_POINT('',(5.384421712696,312.34720025694));
#6585 = CARTESIAN_POINT('',(5.385823050209,313.62915597527));
#6586 = CARTESIAN_POINT('',(5.387261373647,314.91078735422));
#6587 = CARTESIAN_POINT('',(5.38873730332,316.19208195182));
#6588 = CARTESIAN_POINT('',(5.390251526601,317.47302638643));
#6589 = CARTESIAN_POINT('',(5.393115090741,319.83395352296));
#6590 = CARTESIAN_POINT('',(5.394453195744,320.91404096922));
#6591 = CARTESIAN_POINT('',(5.395819464774,321.99386140159));
#6592 = CARTESIAN_POINT('',(5.397214350441,323.07340603931));
#6593 = CARTESIAN_POINT('',(5.398638343538,324.1526657322));
#6594 = CARTESIAN_POINT('',(5.400091949214,325.23163102978));
#6595 = CARTESIAN_POINT('',(5.401575677164,326.3102921039));
#6596 = CARTESIAN_POINT('',(5.404417708111,328.33399234064));
#6597 = CARTESIAN_POINT('',(5.405768911957,329.27910417784));
#6598 = CARTESIAN_POINT('',(5.407144048319,330.22396737797));
#6599 = CARTESIAN_POINT('',(5.408543518614,331.16857469394));
#6600 = CARTESIAN_POINT('',(5.409967695671,332.11291873404));
#6601 = CARTESIAN_POINT('',(5.411416978719,333.05699174152));
#6602 = CARTESIAN_POINT('',(5.412891839032,334.0007854341));
#6603 = CARTESIAN_POINT('',(5.415680485741,335.7538256385));
#6604 = CARTESIAN_POINT('',(5.416987746261,336.5633598537));
#6605 = CARTESIAN_POINT('',(5.418314815033,337.37289407027));
#6606 = CARTESIAN_POINT('',(5.419662017541,338.18242828799));
#6607 = CARTESIAN_POINT('',(5.421029691387,338.99196250617));
#6608 = CARTESIAN_POINT('',(5.422418186294,339.80149672357));
#6609 = CARTESIAN_POINT('',(5.423827864106,340.61103093846));
#6610 = CARTESIAN_POINT('',(5.427888762688,342.90795426438));
#6611 = CARTESIAN_POINT('',(5.430589726139,344.3945050737));
#6612 = CARTESIAN_POINT('',(5.433364046207,345.88017767203));
#6613 = CARTESIAN_POINT('',(5.436214100774,347.36492897381));
#6614 = CARTESIAN_POINT('',(5.43914232973,348.84871237389));
#6615 = CARTESIAN_POINT('',(5.442151297807,350.3314776281));
#6616 = CARTESIAN_POINT('',(5.445243810856,351.81317073363));
#6617 = CARTESIAN_POINT('',(5.45089083458,354.44316648132));
#6618 = CARTESIAN_POINT('',(5.453410982855,355.5919177962));
#6619 = CARTESIAN_POINT('',(5.455984638891,356.73996024445));
#6620 = CARTESIAN_POINT('',(5.458613326663,357.88726498153));
#6621 = CARTESIAN_POINT('',(5.461298605013,359.03380096218));
#6622 = CARTESIAN_POINT('',(5.46404210356,360.17953503727));
#6623 = CARTESIAN_POINT('',(5.466845577475,361.32443210012));
#6624 = CARTESIAN_POINT('',(5.471912186184,363.34738485964));
#6625 = CARTESIAN_POINT('',(5.474149996574,364.22579871553));
#6626 = CARTESIAN_POINT('',(5.476425130843,365.10367926833));
#6627 = CARTESIAN_POINT('',(5.478738413456,365.98100837097));
#6628 = CARTESIAN_POINT('',(5.481090775863,366.85776717645));
#6629 = CARTESIAN_POINT('',(5.483483203262,367.73393588182));
#6630 = CARTESIAN_POINT('',(5.485916669284,368.60949339242));
#6631 = CARTESIAN_POINT('',(5.490110137304,370.09156828238));
#6632 = CARTESIAN_POINT('',(5.491849178607,370.69871892559));
#6633 = CARTESIAN_POINT('',(5.493609759769,371.30586957194));
#6634 = CARTESIAN_POINT('',(5.495392302536,371.91302022047));
#6635 = CARTESIAN_POINT('',(5.497197244866,372.52017086944));
#6636 = CARTESIAN_POINT('',(5.499025040929,373.12732151625));
#6637 = CARTESIAN_POINT('',(5.500876161105,373.7344721575));
#6638 = CARTESIAN_POINT('',(5.505887782111,375.35736337288));
#6639 = CARTESIAN_POINT('',(5.509088036434,376.37210456781));
#6640 = CARTESIAN_POINT('',(5.512353746742,377.38580395296));
#6641 = CARTESIAN_POINT('',(5.515687005328,378.39841620237));
#6642 = CARTESIAN_POINT('',(5.519089987578,379.40989258853));
#6643 = CARTESIAN_POINT('',(5.522564972116,380.42018078299));
#6644 = CARTESIAN_POINT('',(5.526114393058,381.42922475674));
#6645 = CARTESIAN_POINT('',(5.533400735124,383.45401098643));
#6646 = CARTESIAN_POINT('',(5.537139086063,384.46972812291));
#6647 = CARTESIAN_POINT('',(5.540958481833,385.48405446298));
#6648 = CARTESIAN_POINT('',(5.54486184762,386.49692424752));
#6649 = CARTESIAN_POINT('',(5.548851841608,387.50826439588));
#6650 = CARTESIAN_POINT('',(5.552931956734,388.51799844791));
#6651 = CARTESIAN_POINT('',(5.557105412617,389.52604232673));
#6652 = CARTESIAN_POINT('',(5.565991320987,391.61986655105));
#6653 = CARTESIAN_POINT('',(5.570720056207,392.70534529949));
#6654 = CARTESIAN_POINT('',(5.575566662854,393.78862958782));
#6655 = CARTESIAN_POINT('',(5.580535847906,394.86959528211));
#6656 = CARTESIAN_POINT('',(5.58563310134,395.94810540005));
#6657 = CARTESIAN_POINT('',(5.590863559863,397.02401086118));
#6658 = CARTESIAN_POINT('',(5.596233520437,398.09714748182));
#6659 = CARTESIAN_POINT('',(5.604545674679,399.70985433873));
#6660 = CARTESIAN_POINT('',(5.607379412627,400.25161400857));
#6661 = CARTESIAN_POINT('',(5.610251509694,400.79259236294));
#6662 = CARTESIAN_POINT('',(5.613162846709,401.33276467227));
#6663 = CARTESIAN_POINT('',(5.616114339928,401.87210486079));
#6664 = CARTESIAN_POINT('',(5.61910694104,402.41058550655));
#6665 = CARTESIAN_POINT('',(5.622141637163,402.94817784136));
#6666 = CARTESIAN_POINT('',(5.628727342499,404.09651773337));
#6667 = CARTESIAN_POINT('',(5.632291242979,404.70699026669));
#6668 = CARTESIAN_POINT('',(5.635912680238,405.31622476144));
#6669 = CARTESIAN_POINT('',(5.639593238866,405.92417376315));
#6670 = CARTESIAN_POINT('',(5.643334572745,406.53078677922));
#6671 = CARTESIAN_POINT('',(5.647138417708,407.13601010578));
#6672 = CARTESIAN_POINT('',(5.651006604193,407.73978665461));
#6673 = CARTESIAN_POINT('',(5.660229530179,409.15158789496));
#6674 = CARTESIAN_POINT('',(5.665655556591,409.96112492776));
#6675 = CARTESIAN_POINT('',(5.671226364076,410.77065972273));
#6676 = CARTESIAN_POINT('',(5.676949923499,411.58019137672));
#6677 = CARTESIAN_POINT('',(5.682835061771,412.38972290972));
#6678 = CARTESIAN_POINT('',(5.688891607081,413.1992578604));
#6679 = CARTESIAN_POINT('',(5.695130579267,414.00879580677));
#6680 = CARTESIAN_POINT('',(5.706389816277,415.4254758775));
#6681 = CARTESIAN_POINT('',(5.711324882858,416.03262835418));
#6682 = CARTESIAN_POINT('',(5.716374875976,416.63977908061));
#6683 = CARTESIAN_POINT('',(5.721545552284,417.24692780078));
#6684 = CARTESIAN_POINT('',(5.726843266892,417.854076655));
#6685 = CARTESIAN_POINT('',(5.732275066107,418.46122767099));
#6686 = CARTESIAN_POINT('',(5.737848780173,419.06838025494));
#6687 = CARTESIAN_POINT('',(5.752673600662,420.64076641621));
#6688 = CARTESIAN_POINT('',(5.762076148228,421.59765243774));
#6689 = CARTESIAN_POINT('',(5.77179827876,422.54552461389));
#6690 = CARTESIAN_POINT('',(5.781858882974,423.48360332165));
#6691 = CARTESIAN_POINT('',(5.792278136777,424.41099135761));
#6692 = CARTESIAN_POINT('',(5.803078275519,425.32665386809));
#6693 = CARTESIAN_POINT('',(5.814283143928,426.2294235064));
#6694 = CARTESIAN_POINT('',(5.836466755904,427.92333660808));
#6695 = CARTESIAN_POINT('',(5.847367811304,428.71696734366));
#6696 = CARTESIAN_POINT('',(5.858642783822,429.49788654527));
#6697 = CARTESIAN_POINT('',(5.870312688246,430.26495124242));
#6698 = CARTESIAN_POINT('',(5.882399530072,431.01684160919));
#6699 = CARTESIAN_POINT('',(5.894926382411,431.752055134));
#6700 = CARTESIAN_POINT('',(5.907917483925,432.46889860656));
#6701 = CARTESIAN_POINT('',(5.929358829394,433.57680881507));
#6702 = CARTESIAN_POINT('',(5.937320410462,433.97230660453));
#6703 = CARTESIAN_POINT('',(5.945283162465,434.35249830395));
#6704 = CARTESIAN_POINT('',(5.953247210006,434.71788016848));
#6705 = CARTESIAN_POINT('',(5.961212717838,435.06891897448));
#6706 = CARTESIAN_POINT('',(5.969179867903,435.40605329874));
#6707 = CARTESIAN_POINT('',(5.977148836367,435.72969479785));
#6708 = CARTESIAN_POINT('',(5.99388779072,436.38181734764));
#6709 = CARTESIAN_POINT('',(6.002658289127,436.70754985706));
#6710 = CARTESIAN_POINT('',(6.011431456443,437.01794035316));
#6711 = CARTESIAN_POINT('',(6.020207583195,437.31347100022));
#6712 = CARTESIAN_POINT('',(6.028987040386,437.59459411199));
#6713 = CARTESIAN_POINT('',(6.037770259995,437.86173347446));
#6714 = CARTESIAN_POINT('',(6.046557715491,438.11528566854));
#6715 = CARTESIAN_POINT('',(6.079945007428,439.027932218));
#6716 = CARTESIAN_POINT('',(6.105747630497,439.62881618756));
#6717 = CARTESIAN_POINT('',(6.132757721183,440.14869266968));
#6718 = CARTESIAN_POINT('',(6.160944350168,440.57791593808));
#6719 = CARTESIAN_POINT('',(6.190236613744,440.90747694616));
#6720 = CARTESIAN_POINT('',(6.220511441633,441.13004042271));
#6721 = CARTESIAN_POINT('',(6.251581365694,441.24125227362));
#6722 = CARTESIAN_POINT('',(6.28318530718,441.24125227362));
#6723 = ( GEOMETRIC_REPRESENTATION_CONTEXT(2) 
PARAMETRIC_REPRESENTATION_CONTEXT() REPRESENTATION_CONTEXT('2D SPACE',''
  ) );
#6724 = ORIENTED_EDGE('',*,*,#6725,.T.);
#6725 = EDGE_CURVE('',#5193,#24,#6726,.T.);
#6726 = SURFACE_CURVE('',#6727,(#6731,#6737),.PCURVE_S1.);
#6727 = LINE('',#6728,#6729);
#6728 = CARTESIAN_POINT('',(314.,-300.,-52.));
#6729 = VECTOR('',#6730,1.);
#6730 = DIRECTION('',(0.,1.,0.));
#6731 = PCURVE('',#1165,#6732);
#6732 = DEFINITIONAL_REPRESENTATION('',(#6733),#6736);
#6733 = B_SPLINE_CURVE_WITH_KNOTS('',1,(#6734,#6735),.UNSPECIFIED.,.F.,
  .F.,(2,2),(199.22423396238,400.7758731188),.PIECEWISE_BEZIER_KNOTS.);
#6734 = CARTESIAN_POINT('',(324.,199.22423396238));
#6735 = CARTESIAN_POINT('',(324.,400.7758731188));
#6736 = ( GEOMETRIC_REPRESENTATION_CONTEXT(2) 
PARAMETRIC_REPRESENTATION_CONTEXT() REPRESENTATION_CONTEXT('2D SPACE',''
  ) );
#6737 = PCURVE('',#4944,#6738);
#6738 = DEFINITIONAL_REPRESENTATION('',(#6739),#6742);
#6739 = B_SPLINE_CURVE_WITH_KNOTS('',1,(#6740,#6741),.UNSPECIFIED.,.F.,
  .F.,(2,2),(199.22423396238,400.7758731188),.PIECEWISE_BEZIER_KNOTS.);
#6740 = CARTESIAN_POINT('',(248.,-199.2242339623));
#6741 = CARTESIAN_POINT('',(248.,-400.7758731188));
#6742 = ( GEOMETRIC_REPRESENTATION_CONTEXT(2) 
PARAMETRIC_REPRESENTATION_CONTEXT() REPRESENTATION_CONTEXT('2D SPACE',''
  ) );
#6743 = ADVANCED_FACE('',(#6744),#4944,.T.);
#6744 = FACE_BOUND('',#6745,.T.);
#6745 = EDGE_LOOP('',(#6746,#6747,#6768,#6849));
#6746 = ORIENTED_EDGE('',*,*,#4890,.F.);
#6747 = ORIENTED_EDGE('',*,*,#6748,.F.);
#6748 = EDGE_CURVE('',#6749,#3800,#6751,.T.);
#6749 = VERTEX_POINT('',#6750);
#6750 = CARTESIAN_POINT('',(314.,-75.05487594317,-50.5));
#6751 = SURFACE_CURVE('',#6752,(#6756,#6762),.PCURVE_S1.);
#6752 = LINE('',#6753,#6754);
#6753 = CARTESIAN_POINT('',(314.,-300.,-50.5));
#6754 = VECTOR('',#6755,1.);
#6755 = DIRECTION('',(0.,1.,0.));
#6756 = PCURVE('',#4944,#6757);
#6757 = DEFINITIONAL_REPRESENTATION('',(#6758),#6761);
#6758 = B_SPLINE_CURVE_WITH_KNOTS('',1,(#6759,#6760),.UNSPECIFIED.,.F.,
  .F.,(2,2),(197.59226159797,402.40708261701),.PIECEWISE_BEZIER_KNOTS.);
#6759 = CARTESIAN_POINT('',(249.5,-197.5922615979));
#6760 = CARTESIAN_POINT('',(249.5,-402.407082617));
#6761 = ( GEOMETRIC_REPRESENTATION_CONTEXT(2) 
PARAMETRIC_REPRESENTATION_CONTEXT() REPRESENTATION_CONTEXT('2D SPACE',''
  ) );
#6762 = PCURVE('',#2335,#6763);
#6763 = DEFINITIONAL_REPRESENTATION('',(#6764),#6767);
#6764 = B_SPLINE_CURVE_WITH_KNOTS('',1,(#6765,#6766),.UNSPECIFIED.,.F.,
  .F.,(2,2),(197.59226159797,402.40708261701),.PIECEWISE_BEZIER_KNOTS.);
#6765 = CARTESIAN_POINT('',(324.,197.59226159797));
#6766 = CARTESIAN_POINT('',(324.,402.40708261701));
#6767 = ( GEOMETRIC_REPRESENTATION_CONTEXT(2) 
PARAMETRIC_REPRESENTATION_CONTEXT() REPRESENTATION_CONTEXT('2D SPACE',''
  ) );
#6768 = ORIENTED_EDGE('',*,*,#6769,.F.);
#6769 = EDGE_CURVE('',#5193,#6749,#6770,.T.);
#6770 = SURFACE_CURVE('',#6771,(#6795,#6822),.PCURVE_S1.);
#6771 = B_SPLINE_CURVE_WITH_KNOTS('',8,(#6772,#6773,#6774,#6775,#6776,
    #6777,#6778,#6779,#6780,#6781,#6782,#6783,#6784,#6785,#6786,#6787,
    #6788,#6789,#6790,#6791,#6792,#6793,#6794),.UNSPECIFIED.,.F.,.F.,(9,
    7,7,9),(0.,0.369332289231,0.764626241416,1.),.UNSPECIFIED.);
#6772 = CARTESIAN_POINT('',(314.,0.,-71.79872971414));
#6773 = CARTESIAN_POINT('',(314.,-4.272023549082,-71.79872971414));
#6774 = CARTESIAN_POINT('',(314.,-8.543798282956,-71.66440385007));
#6775 = CARTESIAN_POINT('',(314.,-12.81076521116,-71.39577827895));
#6776 = CARTESIAN_POINT('',(314.,-17.06803392613,-70.99227912997));
#6777 = CARTESIAN_POINT('',(314.,-21.31038707454,-70.45281202079));
#6778 = CARTESIAN_POINT('',(314.,-25.53228025114,-69.7757837129));
#6779 = CARTESIAN_POINT('',(314.,-29.72783139879,-68.95903365131));
#6780 = CARTESIAN_POINT('',(314.,-38.34638543761,-66.97281369073));
#6781 = CARTESIAN_POINT('',(314.,-42.76345216928,-65.78286024326));
#6782 = CARTESIAN_POINT('',(314.,-47.13507136486,-64.42619517142));
#6783 = CARTESIAN_POINT('',(314.,-51.45228067702,-62.89844351923));
#6784 = CARTESIAN_POINT('',(314.,-55.70414992109,-61.19465297056));
#6785 = CARTESIAN_POINT('',(314.,-59.87776053675,-59.30928042616));
#6786 = CARTESIAN_POINT('',(314.,-63.95817572794,-57.23613929527));
#6787 = CARTESIAN_POINT('',(314.,-70.29196457561,-53.61684380334));
#6788 = CARTESIAN_POINT('',(314.,-72.6161852984,-52.19706524874));
#6789 = CARTESIAN_POINT('',(314.,-74.89706936089,-50.70676366069));
#6790 = CARTESIAN_POINT('',(314.,-77.13024060732,-49.14448156453));
#6791 = CARTESIAN_POINT('',(314.,-79.31068069998,-47.50886399379));
#6792 = CARTESIAN_POINT('',(314.,-81.43275345324,-45.79869277995));
#6793 = CARTESIAN_POINT('',(314.,-83.49022085524,-44.0129098811));
#6794 = CARTESIAN_POINT('',(314.,-85.47625077743,-42.15062974959));
#6795 = PCURVE('',#4944,#6796);
#6796 = DEFINITIONAL_REPRESENTATION('',(#6797),#6821);
#6797 = B_SPLINE_CURVE_WITH_KNOTS('',8,(#6798,#6799,#6800,#6801,#6802,
    #6803,#6804,#6805,#6806,#6807,#6808,#6809,#6810,#6811,#6812,#6813,
    #6814,#6815,#6816,#6817,#6818,#6819,#6820),.UNSPECIFIED.,.F.,.F.,(9,
    7,7,9),(0.,0.369332289231,0.764626241416,1.),.UNSPECIFIED.);
#6798 = CARTESIAN_POINT('',(228.20127028585,-300.));
#6799 = CARTESIAN_POINT('',(228.20127028585,-295.7279764509));
#6800 = CARTESIAN_POINT('',(228.33559614992,-291.456201717));
#6801 = CARTESIAN_POINT('',(228.60422172104,-287.1892347888));
#6802 = CARTESIAN_POINT('',(229.00772087002,-282.9319660738));
#6803 = CARTESIAN_POINT('',(229.5471879792,-278.6896129254));
#6804 = CARTESIAN_POINT('',(230.22421628709,-274.4677197488));
#6805 = CARTESIAN_POINT('',(231.04096634868,-270.2721686012));
#6806 = CARTESIAN_POINT('',(233.02718630926,-261.6536145623));
#6807 = CARTESIAN_POINT('',(234.21713975674,-257.2365478307));
#6808 = CARTESIAN_POINT('',(235.57380482857,-252.8649286351));
#6809 = CARTESIAN_POINT('',(237.10155648076,-248.5477193229));
#6810 = CARTESIAN_POINT('',(238.80534702943,-244.2958500789));
#6811 = CARTESIAN_POINT('',(240.69071957383,-240.1222394632));
#6812 = CARTESIAN_POINT('',(242.76386070472,-236.041824272));
#6813 = CARTESIAN_POINT('',(246.38315619665,-229.7080354243));
#6814 = CARTESIAN_POINT('',(247.80293475125,-227.3838147015));
#6815 = CARTESIAN_POINT('',(249.2932363393,-225.1029306391));
#6816 = CARTESIAN_POINT('',(250.85551843546,-222.8697593926));
#6817 = CARTESIAN_POINT('',(252.4911360062,-220.6893193));
#6818 = CARTESIAN_POINT('',(254.20130722005,-218.5672465467));
#6819 = CARTESIAN_POINT('',(255.98709011889,-216.5097791447));
#6820 = CARTESIAN_POINT('',(257.8493702504,-214.5237492225));
#6821 = ( GEOMETRIC_REPRESENTATION_CONTEXT(2) 
PARAMETRIC_REPRESENTATION_CONTEXT() REPRESENTATION_CONTEXT('2D SPACE',''
  ) );
#6822 = PCURVE('',#5920,#6823);
#6823 = DEFINITIONAL_REPRESENTATION('',(#6824),#6848);
#6824 = B_SPLINE_CURVE_WITH_KNOTS('',8,(#6825,#6826,#6827,#6828,#6829,
    #6830,#6831,#6832,#6833,#6834,#6835,#6836,#6837,#6838,#6839,#6840,
    #6841,#6842,#6843,#6844,#6845,#6846,#6847),.UNSPECIFIED.,.F.,.F.,(9,
    7,7,9),(0.,0.369332289231,0.764626241416,1.),.UNSPECIFIED.);
#6825 = CARTESIAN_POINT('',(6.28318530718,372.60118233861));
#6826 = CARTESIAN_POINT('',(6.234261102279,372.60118233861));
#6827 = CARTESIAN_POINT('',(6.186645857587,372.60118233861));
#6828 = CARTESIAN_POINT('',(6.14014745321,372.60118233861));
#6829 = CARTESIAN_POINT('',(6.094601733994,372.60118233861));
#6830 = CARTESIAN_POINT('',(6.049862338551,372.60118233861));
#6831 = CARTESIAN_POINT('',(6.00579435138,372.60118233861));
#6832 = CARTESIAN_POINT('',(5.962269319506,372.60118233861));
#6833 = CARTESIAN_POINT('',(5.873018667371,372.60118233861));
#6834 = CARTESIAN_POINT('',(5.82736578391,372.60118233861));
#6835 = CARTESIAN_POINT('',(5.782035833562,372.60118233862));
#6836 = CARTESIAN_POINT('',(5.736881326475,372.60118233861));
#6837 = CARTESIAN_POINT('',(5.691761758766,372.60118233862));
#6838 = CARTESIAN_POINT('',(5.646535324465,372.60118233861));
#6839 = CARTESIAN_POINT('',(5.601051381955,372.60118233861));
#6840 = CARTESIAN_POINT('',(5.52779143575,372.60118233861));
#6841 = CARTESIAN_POINT('',(5.500301171866,372.60118233861));
#6842 = CARTESIAN_POINT('',(5.472625949098,372.60118233861));
#6843 = CARTESIAN_POINT('',(5.444730696881,372.60118233861));
#6844 = CARTESIAN_POINT('',(5.416580665606,372.60118233861));
#6845 = CARTESIAN_POINT('',(5.388140416841,372.60118233861));
#6846 = CARTESIAN_POINT('',(5.359372714579,372.60118233861));
#6847 = CARTESIAN_POINT('',(5.330237317496,372.60118233861));
#6848 = ( GEOMETRIC_REPRESENTATION_CONTEXT(2) 
PARAMETRIC_REPRESENTATION_CONTEXT() REPRESENTATION_CONTEXT('2D SPACE',''
  ) );
#6849 = ORIENTED_EDGE('',*,*,#6725,.T.);
#6850 = ADVANCED_FACE('',(#6851,#9328,#9359),#2335,.T.);
#6851 = FACE_BOUND('',#6852,.T.);
#6852 = EDGE_LOOP('',(#6853,#6854,#6876,#6902,#6928,#6954,#6976,#6997,
    #7018,#7044,#7066,#8157,#8186,#8210,#9299,#9300,#9301));
#6853 = ORIENTED_EDGE('',*,*,#1607,.F.);
#6854 = ORIENTED_EDGE('',*,*,#6855,.F.);
#6855 = EDGE_CURVE('',#6856,#1520,#6858,.T.);
#6856 = VERTEX_POINT('',#6857);
#6857 = CARTESIAN_POINT('',(133.,64.,-50.5));
#6858 = SURFACE_CURVE('',#6859,(#6863,#6869),.PCURVE_S1.);
#6859 = LINE('',#6860,#6861);
#6860 = CARTESIAN_POINT('',(133.,-300.,-50.5));
#6861 = VECTOR('',#6862,1.);
#6862 = DIRECTION('',(0.,1.,0.));
#6863 = PCURVE('',#2335,#6864);
#6864 = DEFINITIONAL_REPRESENTATION('',(#6865),#6868);
#6865 = B_SPLINE_CURVE_WITH_KNOTS('',1,(#6866,#6867),.UNSPECIFIED.,.F.,
  .F.,(2,2),(197.59226159797,402.40708261701),.PIECEWISE_BEZIER_KNOTS.);
#6866 = CARTESIAN_POINT('',(143.,197.59226159797));
#6867 = CARTESIAN_POINT('',(143.,402.40708261701));
#6868 = ( GEOMETRIC_REPRESENTATION_CONTEXT(2) 
PARAMETRIC_REPRESENTATION_CONTEXT() REPRESENTATION_CONTEXT('2D SPACE',''
  ) );
#6869 = PCURVE('',#1575,#6870);
#6870 = DEFINITIONAL_REPRESENTATION('',(#6871),#6875);
#6871 = LINE('',#6872,#6873);
#6872 = CARTESIAN_POINT('',(249.5,0.));
#6873 = VECTOR('',#6874,1.);
#6874 = DIRECTION('',(0.,-1.));
#6875 = ( GEOMETRIC_REPRESENTATION_CONTEXT(2) 
PARAMETRIC_REPRESENTATION_CONTEXT() REPRESENTATION_CONTEXT('2D SPACE',''
  ) );
#6876 = ORIENTED_EDGE('',*,*,#6877,.F.);
#6877 = EDGE_CURVE('',#6878,#6856,#6880,.T.);
#6878 = VERTEX_POINT('',#6879);
#6879 = CARTESIAN_POINT('',(134.5,64.,-50.5));
#6880 = SURFACE_CURVE('',#6881,(#6885,#6891),.PCURVE_S1.);
#6881 = LINE('',#6882,#6883);
#6882 = CARTESIAN_POINT('',(61.5,64.,-50.5));
#6883 = VECTOR('',#6884,1.);
#6884 = DIRECTION('',(-1.,0.,0.));
#6885 = PCURVE('',#2335,#6886);
#6886 = DEFINITIONAL_REPRESENTATION('',(#6887),#6890);
#6887 = B_SPLINE_CURVE_WITH_KNOTS('',1,(#6888,#6889),.UNSPECIFIED.,.F.,
  .F.,(2,2),(-73.,-71.5),.PIECEWISE_BEZIER_KNOTS.);
#6888 = CARTESIAN_POINT('',(144.5,364.));
#6889 = CARTESIAN_POINT('',(143.,364.));
#6890 = ( GEOMETRIC_REPRESENTATION_CONTEXT(2) 
PARAMETRIC_REPRESENTATION_CONTEXT() REPRESENTATION_CONTEXT('2D SPACE',''
  ) );
#6891 = PCURVE('',#6892,#6897);
#6892 = PLANE('',#6893);
#6893 = AXIS2_PLACEMENT_3D('',#6894,#6895,#6896);
#6894 = CARTESIAN_POINT('',(133.,64.,-62.));
#6895 = DIRECTION('',(0.,1.,0.));
#6896 = DIRECTION('',(0.,0.,1.));
#6897 = DEFINITIONAL_REPRESENTATION('',(#6898),#6901);
#6898 = B_SPLINE_CURVE_WITH_KNOTS('',1,(#6899,#6900),.UNSPECIFIED.,.F.,
  .F.,(2,2),(-73.,-71.5),.PIECEWISE_BEZIER_KNOTS.);
#6899 = CARTESIAN_POINT('',(11.5,1.5));
#6900 = CARTESIAN_POINT('',(11.5,0.));
#6901 = ( GEOMETRIC_REPRESENTATION_CONTEXT(2) 
PARAMETRIC_REPRESENTATION_CONTEXT() REPRESENTATION_CONTEXT('2D SPACE',''
  ) );
#6902 = ORIENTED_EDGE('',*,*,#6903,.F.);
#6903 = EDGE_CURVE('',#6904,#6878,#6906,.T.);
#6904 = VERTEX_POINT('',#6905);
#6905 = CARTESIAN_POINT('',(134.5,28.526303651192,-50.5));
#6906 = SURFACE_CURVE('',#6907,(#6911,#6917),.PCURVE_S1.);
#6907 = LINE('',#6908,#6909);
#6908 = CARTESIAN_POINT('',(134.5,-182.,-50.5));
#6909 = VECTOR('',#6910,1.);
#6910 = DIRECTION('',(0.,1.,0.));
#6911 = PCURVE('',#2335,#6912);
#6912 = DEFINITIONAL_REPRESENTATION('',(#6913),#6916);
#6913 = B_SPLINE_CURVE_WITH_KNOTS('',1,(#6914,#6915),.UNSPECIFIED.,.F.,
  .F.,(2,2),(118.,246.),.PIECEWISE_BEZIER_KNOTS.);
#6914 = CARTESIAN_POINT('',(144.5,236.));
#6915 = CARTESIAN_POINT('',(144.5,364.));
#6916 = ( GEOMETRIC_REPRESENTATION_CONTEXT(2) 
PARAMETRIC_REPRESENTATION_CONTEXT() REPRESENTATION_CONTEXT('2D SPACE',''
  ) );
#6917 = PCURVE('',#6918,#6923);
#6918 = PLANE('',#6919);
#6919 = AXIS2_PLACEMENT_3D('',#6920,#6921,#6922);
#6920 = CARTESIAN_POINT('',(134.5,-64.,-62.));
#6921 = DIRECTION('',(1.,0.,0.));
#6922 = DIRECTION('',(0.,0.,1.));
#6923 = DEFINITIONAL_REPRESENTATION('',(#6924),#6927);
#6924 = B_SPLINE_CURVE_WITH_KNOTS('',1,(#6925,#6926),.UNSPECIFIED.,.F.,
  .F.,(2,2),(118.,246.),.PIECEWISE_BEZIER_KNOTS.);
#6925 = CARTESIAN_POINT('',(11.5,0.));
#6926 = CARTESIAN_POINT('',(11.5,-128.));
#6927 = ( GEOMETRIC_REPRESENTATION_CONTEXT(2) 
PARAMETRIC_REPRESENTATION_CONTEXT() REPRESENTATION_CONTEXT('2D SPACE',''
  ) );
#6928 = ORIENTED_EDGE('',*,*,#6929,.T.);
#6929 = EDGE_CURVE('',#6904,#6930,#6932,.T.);
#6930 = VERTEX_POINT('',#6931);
#6931 = CARTESIAN_POINT('',(133.,28.526303651192,-50.5));
#6932 = SURFACE_CURVE('',#6933,(#6937,#6943),.PCURVE_S1.);
#6933 = LINE('',#6934,#6935);
#6934 = CARTESIAN_POINT('',(132.,28.526303651192,-50.5));
#6935 = VECTOR('',#6936,1.);
#6936 = DIRECTION('',(-1.,-0.,-0.));
#6937 = PCURVE('',#2335,#6938);
#6938 = DEFINITIONAL_REPRESENTATION('',(#6939),#6942);
#6939 = B_SPLINE_CURVE_WITH_KNOTS('',1,(#6940,#6941),.UNSPECIFIED.,.F.,
  .F.,(2,2),(-2.5000006,-0.9999994),.PIECEWISE_BEZIER_KNOTS.);
#6940 = CARTESIAN_POINT('',(144.5000006,328.52630365119));
#6941 = CARTESIAN_POINT('',(142.9999994,328.52630365119));
#6942 = ( GEOMETRIC_REPRESENTATION_CONTEXT(2) 
PARAMETRIC_REPRESENTATION_CONTEXT() REPRESENTATION_CONTEXT('2D SPACE',''
  ) );
#6943 = PCURVE('',#6944,#6949);
#6944 = CYLINDRICAL_SURFACE('',#6945,58.);
#6945 = AXIS2_PLACEMENT_3D('',#6946,#6947,#6948);
#6946 = CARTESIAN_POINT('',(132.,0.,0.));
#6947 = DIRECTION('',(-1.,-0.,-0.));
#6948 = DIRECTION('',(0.,1.,0.));
#6949 = DEFINITIONAL_REPRESENTATION('',(#6950),#6953);
#6950 = B_SPLINE_CURVE_WITH_KNOTS('',1,(#6951,#6952),.UNSPECIFIED.,.F.,
  .F.,(2,2),(-2.5,-1.),.PIECEWISE_BEZIER_KNOTS.);
#6951 = CARTESIAN_POINT('',(-5.226582507631,-2.5));
#6952 = CARTESIAN_POINT('',(-5.226582507631,-1.));
#6953 = ( GEOMETRIC_REPRESENTATION_CONTEXT(2) 
PARAMETRIC_REPRESENTATION_CONTEXT() REPRESENTATION_CONTEXT('2D SPACE',''
  ) );
#6954 = ORIENTED_EDGE('',*,*,#6955,.F.);
#6955 = EDGE_CURVE('',#6956,#6930,#6958,.T.);
#6956 = VERTEX_POINT('',#6957);
#6957 = CARTESIAN_POINT('',(133.,-28.52630365119,-50.5));
#6958 = SURFACE_CURVE('',#6959,(#6963,#6969),.PCURVE_S1.);
#6959 = LINE('',#6960,#6961);
#6960 = CARTESIAN_POINT('',(133.,-300.,-50.5));
#6961 = VECTOR('',#6962,1.);
#6962 = DIRECTION('',(0.,1.,0.));
#6963 = PCURVE('',#2335,#6964);
#6964 = DEFINITIONAL_REPRESENTATION('',(#6965),#6968);
#6965 = B_SPLINE_CURVE_WITH_KNOTS('',1,(#6966,#6967),.UNSPECIFIED.,.F.,
  .F.,(2,2),(197.59226159797,402.40708261701),.PIECEWISE_BEZIER_KNOTS.);
#6966 = CARTESIAN_POINT('',(143.,197.59226159797));
#6967 = CARTESIAN_POINT('',(143.,402.40708261701));
#6968 = ( GEOMETRIC_REPRESENTATION_CONTEXT(2) 
PARAMETRIC_REPRESENTATION_CONTEXT() REPRESENTATION_CONTEXT('2D SPACE',''
  ) );
#6969 = PCURVE('',#1575,#6970);
#6970 = DEFINITIONAL_REPRESENTATION('',(#6971),#6975);
#6971 = LINE('',#6972,#6973);
#6972 = CARTESIAN_POINT('',(249.5,0.));
#6973 = VECTOR('',#6974,1.);
#6974 = DIRECTION('',(0.,-1.));
#6975 = ( GEOMETRIC_REPRESENTATION_CONTEXT(2) 
PARAMETRIC_REPRESENTATION_CONTEXT() REPRESENTATION_CONTEXT('2D SPACE',''
  ) );
#6976 = ORIENTED_EDGE('',*,*,#6977,.F.);
#6977 = EDGE_CURVE('',#6978,#6956,#6980,.T.);
#6978 = VERTEX_POINT('',#6979);
#6979 = CARTESIAN_POINT('',(134.5,-28.52630365119,-50.5));
#6980 = SURFACE_CURVE('',#6981,(#6985,#6991),.PCURVE_S1.);
#6981 = LINE('',#6982,#6983);
#6982 = CARTESIAN_POINT('',(132.,-28.52630365119,-50.5));
#6983 = VECTOR('',#6984,1.);
#6984 = DIRECTION('',(-1.,-0.,-0.));
#6985 = PCURVE('',#2335,#6986);
#6986 = DEFINITIONAL_REPRESENTATION('',(#6987),#6990);
#6987 = B_SPLINE_CURVE_WITH_KNOTS('',1,(#6988,#6989),.UNSPECIFIED.,.F.,
  .F.,(2,2),(-2.5000006,-0.9999994),.PIECEWISE_BEZIER_KNOTS.);
#6988 = CARTESIAN_POINT('',(144.5000006,271.4736963488));
#6989 = CARTESIAN_POINT('',(142.9999994,271.4736963488));
#6990 = ( GEOMETRIC_REPRESENTATION_CONTEXT(2) 
PARAMETRIC_REPRESENTATION_CONTEXT() REPRESENTATION_CONTEXT('2D SPACE',''
  ) );
#6991 = PCURVE('',#6944,#6992);
#6992 = DEFINITIONAL_REPRESENTATION('',(#6993),#6996);
#6993 = B_SPLINE_CURVE_WITH_KNOTS('',1,(#6994,#6995),.UNSPECIFIED.,.F.,
  .F.,(2,2),(-2.5,-1.),.PIECEWISE_BEZIER_KNOTS.);
#6994 = CARTESIAN_POINT('',(-10.48138076031,-2.5));
#6995 = CARTESIAN_POINT('',(-10.48138076031,-1.));
#6996 = ( GEOMETRIC_REPRESENTATION_CONTEXT(2) 
PARAMETRIC_REPRESENTATION_CONTEXT() REPRESENTATION_CONTEXT('2D SPACE',''
  ) );
#6997 = ORIENTED_EDGE('',*,*,#6998,.F.);
#6998 = EDGE_CURVE('',#6999,#6978,#7001,.T.);
#6999 = VERTEX_POINT('',#7000);
#7000 = CARTESIAN_POINT('',(134.5,-64.,-50.5));
#7001 = SURFACE_CURVE('',#7002,(#7006,#7012),.PCURVE_S1.);
#7002 = LINE('',#7003,#7004);
#7003 = CARTESIAN_POINT('',(134.5,-182.,-50.5));
#7004 = VECTOR('',#7005,1.);
#7005 = DIRECTION('',(0.,1.,0.));
#7006 = PCURVE('',#2335,#7007);
#7007 = DEFINITIONAL_REPRESENTATION('',(#7008),#7011);
#7008 = B_SPLINE_CURVE_WITH_KNOTS('',1,(#7009,#7010),.UNSPECIFIED.,.F.,
  .F.,(2,2),(118.,246.),.PIECEWISE_BEZIER_KNOTS.);
#7009 = CARTESIAN_POINT('',(144.5,236.));
#7010 = CARTESIAN_POINT('',(144.5,364.));
#7011 = ( GEOMETRIC_REPRESENTATION_CONTEXT(2) 
PARAMETRIC_REPRESENTATION_CONTEXT() REPRESENTATION_CONTEXT('2D SPACE',''
  ) );
#7012 = PCURVE('',#6918,#7013);
#7013 = DEFINITIONAL_REPRESENTATION('',(#7014),#7017);
#7014 = B_SPLINE_CURVE_WITH_KNOTS('',1,(#7015,#7016),.UNSPECIFIED.,.F.,
  .F.,(2,2),(118.,246.),.PIECEWISE_BEZIER_KNOTS.);
#7015 = CARTESIAN_POINT('',(11.5,0.));
#7016 = CARTESIAN_POINT('',(11.5,-128.));
#7017 = ( GEOMETRIC_REPRESENTATION_CONTEXT(2) 
PARAMETRIC_REPRESENTATION_CONTEXT() REPRESENTATION_CONTEXT('2D SPACE',''
  ) );
#7018 = ORIENTED_EDGE('',*,*,#7019,.T.);
#7019 = EDGE_CURVE('',#6999,#7020,#7022,.T.);
#7020 = VERTEX_POINT('',#7021);
#7021 = CARTESIAN_POINT('',(133.,-64.,-50.5));
#7022 = SURFACE_CURVE('',#7023,(#7027,#7033),.PCURVE_S1.);
#7023 = LINE('',#7024,#7025);
#7024 = CARTESIAN_POINT('',(61.5,-64.,-50.5));
#7025 = VECTOR('',#7026,1.);
#7026 = DIRECTION('',(-1.,0.,0.));
#7027 = PCURVE('',#2335,#7028);
#7028 = DEFINITIONAL_REPRESENTATION('',(#7029),#7032);
#7029 = B_SPLINE_CURVE_WITH_KNOTS('',1,(#7030,#7031),.UNSPECIFIED.,.F.,
  .F.,(2,2),(-73.,-71.5),.PIECEWISE_BEZIER_KNOTS.);
#7030 = CARTESIAN_POINT('',(144.5,236.));
#7031 = CARTESIAN_POINT('',(143.,236.));
#7032 = ( GEOMETRIC_REPRESENTATION_CONTEXT(2) 
PARAMETRIC_REPRESENTATION_CONTEXT() REPRESENTATION_CONTEXT('2D SPACE',''
  ) );
#7033 = PCURVE('',#7034,#7039);
#7034 = PLANE('',#7035);
#7035 = AXIS2_PLACEMENT_3D('',#7036,#7037,#7038);
#7036 = CARTESIAN_POINT('',(133.,-64.,-62.));
#7037 = DIRECTION('',(0.,1.,0.));
#7038 = DIRECTION('',(0.,0.,1.));
#7039 = DEFINITIONAL_REPRESENTATION('',(#7040),#7043);
#7040 = B_SPLINE_CURVE_WITH_KNOTS('',1,(#7041,#7042),.UNSPECIFIED.,.F.,
  .F.,(2,2),(-73.,-71.5),.PIECEWISE_BEZIER_KNOTS.);
#7041 = CARTESIAN_POINT('',(11.5,1.5));
#7042 = CARTESIAN_POINT('',(11.5,0.));
#7043 = ( GEOMETRIC_REPRESENTATION_CONTEXT(2) 
PARAMETRIC_REPRESENTATION_CONTEXT() REPRESENTATION_CONTEXT('2D SPACE',''
  ) );
#7044 = ORIENTED_EDGE('',*,*,#7045,.F.);
#7045 = EDGE_CURVE('',#7046,#7020,#7048,.T.);
#7046 = VERTEX_POINT('',#7047);
#7047 = CARTESIAN_POINT('',(133.,-95.87676963245,-50.5));
#7048 = SURFACE_CURVE('',#7049,(#7053,#7059),.PCURVE_S1.);
#7049 = LINE('',#7050,#7051);
#7050 = CARTESIAN_POINT('',(133.,-300.,-50.5));
#7051 = VECTOR('',#7052,1.);
#7052 = DIRECTION('',(0.,1.,0.));
#7053 = PCURVE('',#2335,#7054);
#7054 = DEFINITIONAL_REPRESENTATION('',(#7055),#7058);
#7055 = B_SPLINE_CURVE_WITH_KNOTS('',1,(#7056,#7057),.UNSPECIFIED.,.F.,
  .F.,(2,2),(197.59226159797,402.40708261701),.PIECEWISE_BEZIER_KNOTS.);
#7056 = CARTESIAN_POINT('',(143.,197.59226159797));
#7057 = CARTESIAN_POINT('',(143.,402.40708261701));
#7058 = ( GEOMETRIC_REPRESENTATION_CONTEXT(2) 
PARAMETRIC_REPRESENTATION_CONTEXT() REPRESENTATION_CONTEXT('2D SPACE',''
  ) );
#7059 = PCURVE('',#1575,#7060);
#7060 = DEFINITIONAL_REPRESENTATION('',(#7061),#7065);
#7061 = LINE('',#7062,#7063);
#7062 = CARTESIAN_POINT('',(249.5,0.));
#7063 = VECTOR('',#7064,1.);
#7064 = DIRECTION('',(0.,-1.));
#7065 = ( GEOMETRIC_REPRESENTATION_CONTEXT(2) 
PARAMETRIC_REPRESENTATION_CONTEXT() REPRESENTATION_CONTEXT('2D SPACE',''
  ) );
#7066 = ORIENTED_EDGE('',*,*,#7067,.T.);
#7067 = EDGE_CURVE('',#7046,#7068,#7070,.T.);
#7068 = VERTEX_POINT('',#7069);
#7069 = CARTESIAN_POINT('',(301.04335541532,-80.83408174121,-50.5));
#7070 = SURFACE_CURVE('',#7071,(#7431,#7794),.PCURVE_S1.);
#7071 = B_SPLINE_CURVE_WITH_KNOTS('',8,(#7072,#7073,#7074,#7075,#7076,
    #7077,#7078,#7079,#7080,#7081,#7082,#7083,#7084,#7085,#7086,#7087,
    #7088,#7089,#7090,#7091,#7092,#7093,#7094,#7095,#7096,#7097,#7098,
    #7099,#7100,#7101,#7102,#7103,#7104,#7105,#7106,#7107,#7108,#7109,
    #7110,#7111,#7112,#7113,#7114,#7115,#7116,#7117,#7118,#7119,#7120,
    #7121,#7122,#7123,#7124,#7125,#7126,#7127,#7128,#7129,#7130,#7131,
    #7132,#7133,#7134,#7135,#7136,#7137,#7138,#7139,#7140,#7141,#7142,
    #7143,#7144,#7145,#7146,#7147,#7148,#7149,#7150,#7151,#7152,#7153,
    #7154,#7155,#7156,#7157,#7158,#7159,#7160,#7161,#7162,#7163,#7164,
    #7165,#7166,#7167,#7168,#7169,#7170,#7171,#7172,#7173,#7174,#7175,
    #7176,#7177,#7178,#7179,#7180,#7181,#7182,#7183,#7184,#7185,#7186,
    #7187,#7188,#7189,#7190,#7191,#7192,#7193,#7194,#7195,#7196,#7197,
    #7198,#7199,#7200,#7201,#7202,#7203,#7204,#7205,#7206,#7207,#7208,
    #7209,#7210,#7211,#7212,#7213,#7214,#7215,#7216,#7217,#7218,#7219,
    #7220,#7221,#7222,#7223,#7224,#7225,#7226,#7227,#7228,#7229,#7230,
    #7231,#7232,#7233,#7234,#7235,#7236,#7237,#7238,#7239,#7240,#7241,
    #7242,#7243,#7244,#7245,#7246,#7247,#7248,#7249,#7250,#7251,#7252,
    #7253,#7254,#7255,#7256,#7257,#7258,#7259,#7260,#7261,#7262,#7263,
    #7264,#7265,#7266,#7267,#7268,#7269,#7270,#7271,#7272,#7273,#7274,
    #7275,#7276,#7277,#7278,#7279,#7280,#7281,#7282,#7283,#7284,#7285,
    #7286,#7287,#7288,#7289,#7290,#7291,#7292,#7293,#7294,#7295,#7296,
    #7297,#7298,#7299,#7300,#7301,#7302,#7303,#7304,#7305,#7306,#7307,
    #7308,#7309,#7310,#7311,#7312,#7313,#7314,#7315,#7316,#7317,#7318,
    #7319,#7320,#7321,#7322,#7323,#7324,#7325,#7326,#7327,#7328,#7329,
    #7330,#7331,#7332,#7333,#7334,#7335,#7336,#7337,#7338,#7339,#7340,
    #7341,#7342,#7343,#7344,#7345,#7346,#7347,#7348,#7349,#7350,#7351,
    #7352,#7353,#7354,#7355,#7356,#7357,#7358,#7359,#7360,#7361,#7362,
    #7363,#7364,#7365,#7366,#7367,#7368,#7369,#7370,#7371,#7372,#7373,
    #7374,#7375,#7376,#7377,#7378,#7379,#7380,#7381,#7382,#7383,#7384,
    #7385,#7386,#7387,#7388,#7389,#7390,#7391,#7392,#7393,#7394,#7395,
    #7396,#7397,#7398,#7399,#7400,#7401,#7402,#7403,#7404,#7405,#7406,
    #7407,#7408,#7409,#7410,#7411,#7412,#7413,#7414,#7415,#7416,#7417,
    #7418,#7419,#7420,#7421,#7422,#7423,#7424,#7425,#7426,#7427,#7428,
    #7429,#7430),.UNSPECIFIED.,.F.,.F.,(9,7,7,7,7,7,7,7,7,7,7,7,7,7,7,7,
    7,7,7,7,7,7,7,7,7,7,7,7,7,7,7,7,7,7,7,7,7,7,7,7,7,7,7,7,7,7,7,7,7,7,
    7,9),(0.,3.408237715675E-02,6.04754119683E-02,8.443118553337E-02,
    9.799083494423E-02,0.11270383537,0.131486558703,0.145706328701,
    0.166809544435,0.187560166581,0.208064970224,0.223030279369,
    0.235274622785,0.252920408526,0.271847130391,0.290712665457,
    0.308188224952,0.324303624371,0.339076071692,0.352505573391,
    0.365935073333,0.391438577473,0.414241609181,0.433013887366,
    0.450442635206,0.465023882241,0.49183939908,0.511956660066,
    0.526711831963,0.549522129639,0.573692209878,0.604611461752,
    0.631539326844,0.65446673731,0.674733312093,0.692331091323,
    0.724922051287,0.749478690062,0.767293571267,0.781027520532,
    0.803085885097,0.825352989286,0.847915851608,0.859350278496,
    0.872284634334,0.88953041224,0.902464764612,0.912686968548,
    0.928416654927,0.944111258291,0.969029720752,1.),.UNSPECIFIED.);
#7072 = CARTESIAN_POINT('',(39.109353124344,0.,-50.5));
#7073 = CARTESIAN_POINT('',(39.109353124344,-2.603715254718,-50.5));
#7074 = CARTESIAN_POINT('',(39.208291164201,-5.208213493685,-50.5));
#7075 = CARTESIAN_POINT('',(39.406272031898,-7.797817980613,-50.5));
#7076 = CARTESIAN_POINT('',(39.700569978129,-10.35973864339,-50.5));
#7077 = CARTESIAN_POINT('',(40.086600605605,-12.88368949851,-50.5));
#7078 = CARTESIAN_POINT('',(40.558631735488,-15.36153669835,-50.5));
#7079 = CARTESIAN_POINT('',(41.110307519462,-17.7870146307,-50.5));
#7080 = CARTESIAN_POINT('',(42.218861874385,-21.98971446983,-50.5));
#7081 = CARTESIAN_POINT('',(42.746699938294,-23.79054494881,-50.5));
#7082 = CARTESIAN_POINT('',(43.31584837984,-25.55684430462,-50.5));
#7083 = CARTESIAN_POINT('',(43.923641374047,-27.28797004951,-50.5));
#7084 = CARTESIAN_POINT('',(44.567556290324,-28.98371555642,-50.5));
#7085 = CARTESIAN_POINT('',(45.245270667342,-30.64424070879,-50.5));
#7086 = CARTESIAN_POINT('',(45.954707010803,-32.27002915229,-50.5));
#7087 = CARTESIAN_POINT('',(47.365174552488,-35.30667783224,-50.5));
#7088 = CARTESIAN_POINT('',(48.060868203332,-36.72338685247,-50.5));
#7089 = CARTESIAN_POINT('',(48.779795303318,-38.11250015408,-50.5));
#7090 = CARTESIAN_POINT('',(49.520685979084,-39.47458329971,-50.5));
#7091 = CARTESIAN_POINT('',(50.282370654578,-40.81020520588,-50.5));
#7092 = CARTESIAN_POINT('',(51.063792541859,-42.1199603076,-50.5));
#7093 = CARTESIAN_POINT('',(51.863993336044,-43.40447210572,-50.5));
#7094 = CARTESIAN_POINT('',(53.145223218338,-45.37753829509,-50.5));
#7095 = CARTESIAN_POINT('',(53.614051455287,-46.08279384548,-50.5));
#7096 = CARTESIAN_POINT('',(54.088459527744,-46.7802643116,-50.5));
#7097 = CARTESIAN_POINT('',(54.568295941713,-47.47005668614,-50.5));
#7098 = CARTESIAN_POINT('',(55.053415822965,-48.15227660473,-50.5));
#7099 = CARTESIAN_POINT('',(55.543680917034,-48.82702834602,-50.5));
#7100 = CARTESIAN_POINT('',(56.038959589218,-49.49441483162,-50.5));
#7101 = CARTESIAN_POINT('',(57.081837076412,-50.87080887047,-50.5));
#7102 = CARTESIAN_POINT('',(57.626724628759,-51.57380535472,-50.5));
#7103 = CARTESIAN_POINT('',(58.173750957218,-52.26418880238,-50.5));
#7104 = CARTESIAN_POINT('',(58.722884603085,-52.94255197465,-50.5));
#7105 = CARTESIAN_POINT('',(59.274097227709,-53.60942700341,-50.5));
#7106 = CARTESIAN_POINT('',(59.827360239806,-54.26529236662,-50.5));
#7107 = CARTESIAN_POINT('',(60.382641995748,-54.91057850623,-50.5));
#7108 = CARTESIAN_POINT('',(61.651312307601,-56.35643717427,-50.5));
#7109 = CARTESIAN_POINT('',(62.370121251148,-57.15534567957,-50.5));
#7110 = CARTESIAN_POINT('',(63.096095740239,-57.94260613071,-50.5));
#7111 = CARTESIAN_POINT('',(63.829009700514,-58.71841834864,-50.5));
#7112 = CARTESIAN_POINT('',(64.568647090709,-59.48297340696,-50.5));
#7113 = CARTESIAN_POINT('',(65.314801630805,-60.23645434519,-50.5));
#7114 = CARTESIAN_POINT('',(66.067276814093,-60.97903763722,-50.5));
#7115 = CARTESIAN_POINT('',(67.400203933295,-62.2649603973,-50.5));
#7116 = CARTESIAN_POINT('',(67.976285977246,-62.81118825712,-50.5));
#7117 = CARTESIAN_POINT('',(68.554102101703,-63.34980431041,-50.5));
#7118 = CARTESIAN_POINT('',(69.133623259212,-63.88101711668,-50.5));
#7119 = CARTESIAN_POINT('',(69.714822524087,-64.40502240339,-50.5));
#7120 = CARTESIAN_POINT('',(70.297674938872,-64.92200496037,-50.5));
#7121 = CARTESIAN_POINT('',(70.882156271346,-65.43213850436,-50.5));
#7122 = CARTESIAN_POINT('',(72.338034339775,-66.68273404002,-50.5));
#7123 = CARTESIAN_POINT('',(73.214336065242,-67.41771110436,-50.5));
#7124 = CARTESIAN_POINT('',(74.096936090823,-68.1407197412,-50.5));
#7125 = CARTESIAN_POINT('',(74.985617795602,-68.85194638,-50.5));
#7126 = CARTESIAN_POINT('',(75.880204587985,-69.55158969355,-50.5));
#7127 = CARTESIAN_POINT('',(76.780478912089,-70.23981145582,-50.5));
#7128 = CARTESIAN_POINT('',(77.686275660245,-70.91679495936,-50.5));
#7129 = CARTESIAN_POINT('',(79.493342915817,-72.23749648701,-50.5));
#7130 = CARTESIAN_POINT('',(80.39443449798,-72.88158020931,-50.5));
#7131 = CARTESIAN_POINT('',(81.300533883993,-73.51512158017,-50.5));
#7132 = CARTESIAN_POINT('',(82.211479607707,-74.13827532942,-50.5));
#7133 = CARTESIAN_POINT('',(83.127121063363,-74.75119169891,-50.5));
#7134 = CARTESIAN_POINT('',(84.047310626732,-75.35401592648,-50.5));
#7135 = CARTESIAN_POINT('',(84.971898906611,-75.94688804391,-50.5));
#7136 = CARTESIAN_POINT('',(86.818606733517,-77.10609732231,-50.5));
#7137 = CARTESIAN_POINT('',(87.740624797516,-77.67266504876,-50.5));
#7138 = CARTESIAN_POINT('',(88.666679722695,-78.22978230427,-50.5));
#7139 = CARTESIAN_POINT('',(89.596645897281,-78.7775779151,-50.5));
#7140 = CARTESIAN_POINT('',(90.530401163392,-79.31617699831,-50.5));
#7141 = CARTESIAN_POINT('',(91.467826832715,-79.84570132112,-50.5));
#7142 = CARTESIAN_POINT('',(92.408807702181,-80.36626966041,-50.5));
#7143 = CARTESIAN_POINT('',(94.042514584576,-81.25148016962,-50.5));
#7144 = CARTESIAN_POINT('',(94.733010933272,-81.61991764195,-50.5));
#7145 = CARTESIAN_POINT('',(95.424697915029,-81.98338350728,-50.5));
#7146 = CARTESIAN_POINT('',(96.117552875954,-82.34194777272,-50.5));
#7147 = CARTESIAN_POINT('',(96.811553478065,-82.69567773685,-50.5));
#7148 = CARTESIAN_POINT('',(97.5066774684,-83.04463820215,-50.5));
#7149 = CARTESIAN_POINT('',(98.202902448113,-83.38889168751,-50.5));
#7150 = CARTESIAN_POINT('',(99.470726416231,-84.00635886522,-50.5));
#7151 = CARTESIAN_POINT('',(100.04196902455,-84.28110866399,-50.5));
#7152 = CARTESIAN_POINT('',(100.61392131597,-84.55278098831,-50.5));
#7153 = CARTESIAN_POINT('',(101.18657090087,-84.82140799678,-50.5));
#7154 = CARTESIAN_POINT('',(101.75990531417,-85.08702101978,-50.5));
#7155 = CARTESIAN_POINT('',(102.33391217903,-85.34965052407,-50.5));
#7156 = CARTESIAN_POINT('',(102.90857937039,-85.60932607725,-50.5));
#7157 = CARTESIAN_POINT('',(104.31300451853,-86.23608877319,-50.5));
#7158 = CARTESIAN_POINT('',(105.14405159989,-86.60028889563,-50.5));
#7159 = CARTESIAN_POINT('',(105.9769838329,-86.95873649902,-50.5));
#7160 = CARTESIAN_POINT('',(106.81174965213,-87.311490476,-50.5));
#7161 = CARTESIAN_POINT('',(107.64829851669,-87.65860879255,-50.5));
#7162 = CARTESIAN_POINT('',(108.48658091013,-88.00014848798,-50.5));
#7163 = CARTESIAN_POINT('',(109.32654834053,-88.33616567492,-50.5));
#7164 = CARTESIAN_POINT('',(111.07085180833,-89.02126055299,-50.5));
#7165 = CARTESIAN_POINT('',(111.97543416336,-89.36951554328,-50.5));
#7166 = CARTESIAN_POINT('',(112.88184207905,-89.71154878953,-50.5));
#7167 = CARTESIAN_POINT('',(113.79001452247,-90.04742961358,-50.5));
#7168 = CARTESIAN_POINT('',(114.69990201669,-90.37721922251,-50.5));
#7169 = CARTESIAN_POINT('',(115.61145662385,-90.70097764649,-50.5));
#7170 = CARTESIAN_POINT('',(116.52462267416,-91.01877002241,-50.5));
#7171 = CARTESIAN_POINT('',(118.35112669218,-91.64153265506,-50.5));
#7172 = CARTESIAN_POINT('',(119.26445420093,-91.94654091912,-50.5));
#7173 = CARTESIAN_POINT('',(120.17928469422,-92.24574250814,-50.5));
#7174 = CARTESIAN_POINT('',(121.09557505929,-92.53919205971,-50.5));
#7175 = CARTESIAN_POINT('',(122.01327352035,-92.82695238361,-50.5));
#7176 = CARTESIAN_POINT('',(122.93233120703,-93.10908352498,-50.5));
#7177 = CARTESIAN_POINT('',(123.85271230868,-93.38563326712,-50.5));
#7178 = CARTESIAN_POINT('',(125.62812789623,-93.90771267382,-50.5));
#7179 = CARTESIAN_POINT('',(126.48298091286,-94.15402631235,-50.5));
#7180 = CARTESIAN_POINT('',(127.33889930667,-94.39564047975,-50.5));
#7181 = CARTESIAN_POINT('',(128.19585069796,-94.63259704222,-50.5));
#7182 = CARTESIAN_POINT('',(129.05380325454,-94.86493739501,-50.5));
#7183 = CARTESIAN_POINT('',(129.91272569176,-95.09270246236,-50.5));
#7184 = CARTESIAN_POINT('',(130.77258727249,-95.31593269759,-50.5));
#7185 = CARTESIAN_POINT('',(132.42713273475,-95.73637882674,-50.5));
#7186 = CARTESIAN_POINT('',(133.22148908037,-95.93421890419,-50.5));
#7187 = CARTESIAN_POINT('',(134.01641083446,-96.12822401318,-50.5));
#7188 = CARTESIAN_POINT('',(134.81188329241,-96.31842768583,-50.5));
#7189 = CARTESIAN_POINT('',(135.60789183158,-96.50486274787,-50.5));
#7190 = CARTESIAN_POINT('',(136.40442139713,-96.68756195039,-50.5));
#7191 = CARTESIAN_POINT('',(137.20145669648,-96.86655777372,-50.5));
#7192 = CARTESIAN_POINT('',(138.73004886863,-97.20259470752,-50.5));
#7193 = CARTESIAN_POINT('',(139.46152745515,-97.36022241104,-50.5));
#7194 = CARTESIAN_POINT('',(140.19340692503,-97.51478903661,-50.5));
#7195 = CARTESIAN_POINT('',(140.9256759791,-97.66631801236,-50.5));
#7196 = CARTESIAN_POINT('',(141.65832306077,-97.81483296963,-50.5));
#7197 = CARTESIAN_POINT('',(142.39133631859,-97.96035779888,-50.5));
#7198 = CARTESIAN_POINT('',(143.12470442665,-98.1029154638,-50.5));
#7199 = CARTESIAN_POINT('',(144.5254310467,-98.36944389453,-50.5));
#7200 = CARTESIAN_POINT('',(145.19272979801,-98.49392656424,-50.5));
#7201 = CARTESIAN_POINT('',(145.8603072298,-98.61598945644,-50.5));
#7202 = CARTESIAN_POINT('',(146.5281560551,-98.73564825369,-50.5));
#7203 = CARTESIAN_POINT('',(147.1962689871,-98.8529184476,-50.5));
#7204 = CARTESIAN_POINT('',(147.86463873907,-98.96781533876,-50.5));
#7205 = CARTESIAN_POINT('',(148.53325802439,-99.0803540368,-50.5));
#7206 = CARTESIAN_POINT('',(149.87098100128,-99.30074486944,-50.5));
#7207 = CARTESIAN_POINT('',(150.54008480421,-99.4085971874,-50.5));
#7208 = CARTESIAN_POINT('',(151.20942370766,-99.51412088396,-50.5));
#7209 = CARTESIAN_POINT('',(151.87899021143,-99.61733091026,-50.5));
#7210 = CARTESIAN_POINT('',(152.54877683094,-99.71824223681,-50.5));
#7211 = CARTESIAN_POINT('',(153.21877635557,-99.81686939128,-50.5));
#7212 = CARTESIAN_POINT('',(153.8889821068,-99.91322599646,-50.5));
#7213 = CARTESIAN_POINT('',(155.83253347785,-100.1860231943,-50.5));
#7214 = CARTESIAN_POINT('',(157.10660824269,-100.3566077852,-50.5));
#7215 = CARTESIAN_POINT('',(158.38155632516,-100.5191584024,-50.5));
#7216 = CARTESIAN_POINT('',(159.65731990984,-100.6737607179,-50.5));
#7217 = CARTESIAN_POINT('',(160.93384596237,-100.8204909999,-50.5));
#7218 = CARTESIAN_POINT('',(162.21108141658,-100.9594270476,-50.5));
#7219 = CARTESIAN_POINT('',(163.48897019887,-101.0906550418,-50.5));
#7220 = CARTESIAN_POINT('',(165.91058500285,-101.3247438111,-50.5));
#7221 = CARTESIAN_POINT('',(167.0541894978,-101.4291367917,-50.5));
#7222 = CARTESIAN_POINT('',(168.19824438556,-101.5274710971,-50.5));
#7223 = CARTESIAN_POINT('',(169.34271595557,-101.6197958074,-50.5));
#7224 = CARTESIAN_POINT('',(170.48757105651,-101.7061594673,-50.5));
#7225 = CARTESIAN_POINT('',(171.6327770963,-101.7866100862,-50.5));
#7226 = CARTESIAN_POINT('',(172.77830204209,-101.8611951378,-50.5));
#7227 = CARTESIAN_POINT('',(174.86738849833,-101.98657256,-50.5));
#7228 = CARTESIAN_POINT('',(175.81085720832,-102.0392406016,-50.5));
#7229 = CARTESIAN_POINT('',(176.75450327443,-102.0879910246,-50.5));
#7230 = CARTESIAN_POINT('',(177.69831066148,-102.1328461955,-50.5));
#7231 = CARTESIAN_POINT('',(178.64226359623,-102.1738281041,-50.5));
#7232 = CARTESIAN_POINT('',(179.58634615625,-102.21095946,-50.5));
#7233 = CARTESIAN_POINT('',(180.53054242638,-102.2442632922,-50.5));
#7234 = CARTESIAN_POINT('',(182.35154892131,-102.301147656,-50.5));
#7235 = CARTESIAN_POINT('',(183.22834549793,-102.3252534785,-50.5));
#7236 = CARTESIAN_POINT('',(184.10521429708,-102.3460972352,-50.5));
#7237 = CARTESIAN_POINT('',(184.98214395245,-102.3636935983,-50.5));
#7238 = CARTESIAN_POINT('',(185.85912140922,-102.3780632993,-50.5));
#7239 = CARTESIAN_POINT('',(186.73613438413,-102.3892246052,-50.5));
#7240 = CARTESIAN_POINT('',(187.61317324213,-102.3971869162,-50.5));
#7241 = CARTESIAN_POINT('',(189.22398677561,-102.4059665517,-50.5));
#7242 = CARTESIAN_POINT('',(189.95775725746,-102.407738402,-50.5));
#7243 = CARTESIAN_POINT('',(190.6915312434,-102.4072913467,-50.5));
#7244 = CARTESIAN_POINT('',(191.42530231325,-102.4046338752,-50.5));
#7245 = CARTESIAN_POINT('',(192.15906409781,-102.399774408,-50.5));
#7246 = CARTESIAN_POINT('',(192.89281027878,-102.3927212967,-50.5));
#7247 = CARTESIAN_POINT('',(193.62653458884,-102.3834828236,-50.5));
#7248 = CARTESIAN_POINT('',(195.70952853407,-102.3510734025,-50.5));
#7249 = CARTESIAN_POINT('',(197.05873127144,-102.322715927,-50.5));
#7250 = CARTESIAN_POINT('',(198.40780062679,-102.287046337,-50.5));
#7251 = CARTESIAN_POINT('',(199.75669580397,-102.2441251174,-50.5));
#7252 = CARTESIAN_POINT('',(201.10538839594,-102.1939607875,-50.5));
#7253 = CARTESIAN_POINT('',(202.45383627822,-102.1366232553,-50.5));
#7254 = CARTESIAN_POINT('',(203.80200808352,-102.072136856,-50.5));
#7255 = CARTESIAN_POINT('',(206.16104569797,-101.9468374558,-50.5));
#7256 = CARTESIAN_POINT('',(207.17204780098,-101.8891304567,-50.5));
#7257 = CARTESIAN_POINT('',(208.18286015196,-101.8274389545,-50.5));
#7258 = CARTESIAN_POINT('',(209.19346729347,-101.7617859435,-50.5));
#7259 = CARTESIAN_POINT('',(210.20385563803,-101.6921816056,-50.5));
#7260 = CARTESIAN_POINT('',(211.21401200901,-101.6186338156,-50.5));
#7261 = CARTESIAN_POINT('',(212.22392195154,-101.5411600987,-50.5));
#7262 = CARTESIAN_POINT('',(213.9741084628,-101.4000743759,-50.5));
#7263 = CARTESIAN_POINT('',(214.71453489115,-101.3382695244,-50.5));
#7264 = CARTESIAN_POINT('',(215.45484726562,-101.2743601936,-50.5));
#7265 = CARTESIAN_POINT('',(216.19504141563,-101.2083506879,-50.5));
#7266 = CARTESIAN_POINT('',(216.9351131706,-101.1402452245,-50.5));
#7267 = CARTESIAN_POINT('',(217.67505835993,-101.0700479335,-50.5));
#7268 = CARTESIAN_POINT('',(218.41487281303,-100.9977628583,-50.5));
#7269 = CARTESIAN_POINT('',(220.298036878,-100.8084256688,-50.5));
#7270 = CARTESIAN_POINT('',(221.44111052717,-100.6884866258,-50.5));
#7271 = CARTESIAN_POINT('',(222.58375410783,-100.5635886887,-50.5));
#7272 = CARTESIAN_POINT('',(223.72594848676,-100.4337432842,-50.5));
#7273 = CARTESIAN_POINT('',(224.86767459642,-100.298961403,-50.5));
#7274 = CARTESIAN_POINT('',(226.00891343503,-100.1592536,-50.5));
#7275 = CARTESIAN_POINT('',(227.14964606649,-100.0146299941,-50.5));
#7276 = CARTESIAN_POINT('',(229.49803198185,-99.7066566773,-50.5));
#7277 = CARTESIAN_POINT('',(230.70562073689,-99.54270444406,-50.5));
#7278 = CARTESIAN_POINT('',(231.91259761586,-99.37325458932,-50.5));
#7279 = CARTESIAN_POINT('',(233.11893992215,-99.19832697247,-50.5));
#7280 = CARTESIAN_POINT('',(234.32462548207,-99.01790263139,-50.5));
#7281 = CARTESIAN_POINT('',(235.52963164038,-98.83200672728,-50.5));
#7282 = CARTESIAN_POINT('',(236.73393613036,-98.6406321084,-50.5));
#7283 = CARTESIAN_POINT('',(239.47718044912,-98.19197182814,-50.5));
#7284 = CARTESIAN_POINT('',(241.01565933589,-97.93120453044,-50.5));
#7285 = CARTESIAN_POINT('',(242.55290522169,-97.66147596736,-50.5));
#7286 = CARTESIAN_POINT('',(244.08887450736,-97.38283784529,-50.5));
#7287 = CARTESIAN_POINT('',(245.62351384015,-97.09521922405,-50.5));
#7288 = CARTESIAN_POINT('',(247.15677821626,-96.79865078642,-50.5));
#7289 = CARTESIAN_POINT('',(248.68861729705,-96.49310385791,-50.5));
#7290 = CARTESIAN_POINT('',(251.55179176774,-95.90463692211,-50.5));
#7291 = CARTESIAN_POINT('',(252.88348286602,-95.62388772091,-50.5));
#7292 = CARTESIAN_POINT('',(254.21402291637,-95.33630752216,-50.5));
#7293 = CARTESIAN_POINT('',(255.54338179138,-95.04190721962,-50.5));
#7294 = CARTESIAN_POINT('',(256.87151967449,-94.74062614113,-50.5));
#7295 = CARTESIAN_POINT('',(258.19840644714,-94.4324770211,-50.5));
#7296 = CARTESIAN_POINT('',(259.52400492768,-94.1174209715,-50.5));
#7297 = CARTESIAN_POINT('',(261.97581896524,-93.52129201259,-50.5));
#7298 = CARTESIAN_POINT('',(263.10239831341,-93.24212399306,-50.5));
#7299 = CARTESIAN_POINT('',(264.22799594692,-92.95791728766,-50.5));
#7300 = CARTESIAN_POINT('',(265.35259168093,-92.6686659849,-50.5));
#7301 = CARTESIAN_POINT('',(266.47616125109,-92.37434534911,-50.5));
#7302 = CARTESIAN_POINT('',(267.59867948089,-92.07492674247,-50.5));
#7303 = CARTESIAN_POINT('',(268.72012384272,-91.77039462901,-50.5));
#7304 = CARTESIAN_POINT('',(270.83079324202,-91.18698809427,-50.5));
#7305 = CARTESIAN_POINT('',(271.82025838535,-90.90923766388,-50.5));
#7306 = CARTESIAN_POINT('',(272.80884855375,-90.62745645052,-50.5));
#7307 = CARTESIAN_POINT('',(273.79654505573,-90.34162187914,-50.5));
#7308 = CARTESIAN_POINT('',(274.78333181,-90.05172067835,-50.5));
#7309 = CARTESIAN_POINT('',(275.76919198699,-89.75773729617,-50.5));
#7310 = CARTESIAN_POINT('',(276.75410490307,-89.45964307563,-50.5));
#7311 = CARTESIAN_POINT('',(278.59242831288,-88.89498812523,-50.5));
#7312 = CARTESIAN_POINT('',(279.44607634199,-88.62944395813,-50.5));
#7313 = CARTESIAN_POINT('',(280.29898344359,-88.36076845781,-50.5));
#7314 = CARTESIAN_POINT('',(281.15113682252,-88.08894577806,-50.5));
#7315 = CARTESIAN_POINT('',(282.00252347012,-87.81395956331,-50.5));
#7316 = CARTESIAN_POINT('',(282.85313016431,-87.53579294861,-50.5));
#7317 = CARTESIAN_POINT('',(283.70294346952,-87.25442855965,-50.5));
#7318 = CARTESIAN_POINT('',(286.12430320829,-86.44280832234,-50.5));
#7319 = CARTESIAN_POINT('',(287.69388777603,-85.90473765204,-50.5));
#7320 = CARTESIAN_POINT('',(289.26062215368,-85.35553625333,-50.5));
#7321 = CARTESIAN_POINT('',(290.82439616151,-84.79502628304,-50.5));
#7322 = CARTESIAN_POINT('',(292.38512897077,-84.22311283598,-50.5));
#7323 = CARTESIAN_POINT('',(293.94270261575,-83.63960355333,-50.5));
#7324 = CARTESIAN_POINT('',(295.49702146911,-83.04436548769,-50.5));
#7325 = CARTESIAN_POINT('',(298.21657908867,-81.97973993653,-50.5));
#7326 = CARTESIAN_POINT('',(299.38327399193,-81.51550125019,-50.5));
#7327 = CARTESIAN_POINT('',(300.54800478013,-81.04441950617,-50.5));
#7328 = CARTESIAN_POINT('',(301.71071955853,-80.56641171949,-50.5));
#7329 = CARTESIAN_POINT('',(302.87136457204,-80.08139139513,-50.5));
#7330 = CARTESIAN_POINT('',(304.02988414909,-79.58926815278,-50.5));
#7331 = CARTESIAN_POINT('',(305.18622064548,-79.08994735172,-50.5));
#7332 = CARTESIAN_POINT('',(307.17756427073,-78.2157984306,-50.5));
#7333 = CARTESIAN_POINT('',(308.01363390145,-77.84442738872,-50.5));
#7334 = CARTESIAN_POINT('',(308.84849982197,-77.46917737066,-50.5));
#7335 = CARTESIAN_POINT('',(309.68213688263,-77.0900058197,-50.5));
#7336 = CARTESIAN_POINT('',(310.51451913373,-76.70686871936,-50.5));
#7337 = CARTESIAN_POINT('',(311.34562018998,-76.3197213126,-50.5));
#7338 = CARTESIAN_POINT('',(312.17541306824,-75.92851766244,-50.5));
#7339 = CARTESIAN_POINT('',(313.64254782867,-75.22845549941,-50.5));
#7340 = CARTESIAN_POINT('',(314.28076332658,-74.92110407395,-50.5));
#7341 = CARTESIAN_POINT('',(314.9185113397,-74.61112418201,-50.5));
#7342 = CARTESIAN_POINT('',(315.55578669735,-74.29848311759,-50.5));
#7343 = CARTESIAN_POINT('',(316.19258453707,-73.98314754614,-50.5));
#7344 = CARTESIAN_POINT('',(316.82890038392,-73.66508361005,-50.5));
#7345 = CARTESIAN_POINT('',(317.46472948259,-73.34425565759,-50.5));
#7346 = CARTESIAN_POINT('',(319.12049079875,-72.50083181002,-50.5));
#7347 = CARTESIAN_POINT('',(320.13863316145,-71.97432213056,-50.5));
#7348 = CARTESIAN_POINT('',(321.15442795572,-71.44098148957,-50.5));
#7349 = CARTESIAN_POINT('',(322.16780751053,-70.90069216064,-50.5));
#7350 = CARTESIAN_POINT('',(323.17870086624,-70.35333108923,-50.5));
#7351 = CARTESIAN_POINT('',(324.18703364229,-69.79876922334,-50.5));
#7352 = CARTESIAN_POINT('',(325.19272790489,-69.23687084418,-50.5));
#7353 = CARTESIAN_POINT('',(327.20816736885,-68.09272689197,-50.5));
#7354 = CARTESIAN_POINT('',(328.21786019612,-67.5103399773,-50.5));
#7355 = CARTESIAN_POINT('',(329.22469713843,-66.92018536817,-50.5));
#7356 = CARTESIAN_POINT('',(330.22858093165,-66.32209448895,-50.5));
#7357 = CARTESIAN_POINT('',(331.22941358607,-65.71589872494,-50.5));
#7358 = CARTESIAN_POINT('',(332.22709273692,-65.10142250353,-50.5));
#7359 = CARTESIAN_POINT('',(333.2215059342,-64.47847283753,-50.5));
#7360 = CARTESIAN_POINT('',(335.21673247869,-63.2068386984,-50.5));
#7361 = CARTESIAN_POINT('',(336.21745388958,-62.55792418593,-50.5));
#7362 = CARTESIAN_POINT('',(337.21457595817,-61.89988848472,-50.5));
#7363 = CARTESIAN_POINT('',(338.20799134406,-61.23254465209,-50.5));
#7364 = CARTESIAN_POINT('',(339.19751885319,-60.55559743341,-50.5));
#7365 = CARTESIAN_POINT('',(340.18303044563,-59.8688301909,-50.5));
#7366 = CARTESIAN_POINT('',(341.16434807948,-59.17195139141,-50.5));
#7367 = CARTESIAN_POINT('',(342.63639851025,-58.10623906843,-50.5));
#7368 = CARTESIAN_POINT('',(343.13037617224,-57.74513359707,-50.5));
#7369 = CARTESIAN_POINT('',(343.62320860639,-57.38131972968,-50.5));
#7370 = CARTESIAN_POINT('',(344.11487173446,-57.01475840508,-50.5));
#7371 = CARTESIAN_POINT('',(344.60534043285,-56.64540916912,-50.5));
#7372 = CARTESIAN_POINT('',(345.09458853258,-56.27323017477,-50.5));
#7373 = CARTESIAN_POINT('',(345.58258881926,-55.89817818204,-50.5));
#7374 = CARTESIAN_POINT('',(346.61988406216,-55.09265817344,-50.5));
#7375 = CARTESIAN_POINT('',(347.16986371429,-54.66056475928,-50.5));
#7376 = CARTESIAN_POINT('',(347.71924380693,-54.22380203476,-50.5));
#7377 = CARTESIAN_POINT('',(348.26801683123,-53.78223548721,-50.5));
#7378 = CARTESIAN_POINT('',(348.81617560819,-53.33572143241,-50.5));
#7379 = CARTESIAN_POINT('',(349.36371294474,-52.8841060748,-50.5));
#7380 = CARTESIAN_POINT('',(349.91062128975,-52.42722456775,-50.5));
#7381 = CARTESIAN_POINT('',(351.18525259541,-51.34846848323,-50.5));
#7382 = CARTESIAN_POINT('',(351.9124855492,-50.72235639433,-50.5));
#7383 = CARTESIAN_POINT('',(352.63856444614,-50.08614459919,-50.5));
#7384 = CARTESIAN_POINT('',(353.36348075937,-49.43938285762,-50.5));
#7385 = CARTESIAN_POINT('',(354.08719883175,-48.7815361677,-50.5));
#7386 = CARTESIAN_POINT('',(354.80973154454,-48.11206581318,-50.5));
#7387 = CARTESIAN_POINT('',(355.53103945643,-47.43031188277,-50.5));
#7388 = CARTESIAN_POINT('',(356.79114015999,-46.21449206415,-50.5));
#7389 = CARTESIAN_POINT('',(357.33048618845,-45.68610758095,-50.5));
#7390 = CARTESIAN_POINT('',(357.86912103349,-45.15010000095,-50.5));
#7391 = CARTESIAN_POINT('',(358.40703525918,-44.60613484475,-50.5));
#7392 = CARTESIAN_POINT('',(358.94422145846,-44.05384312494,-50.5));
#7393 = CARTESIAN_POINT('',(359.48067211658,-43.49281663125,-50.5));
#7394 = CARTESIAN_POINT('',(360.01637747465,-42.92260321571,-50.5));
#7395 = CARTESIAN_POINT('',(360.97409881433,-41.88439790275,-50.5));
#7396 = CARTESIAN_POINT('',(361.39464253307,-41.42194650359,-50.5));
#7397 = CARTESIAN_POINT('',(361.81288586039,-40.95526436402,-50.5));
#7398 = CARTESIAN_POINT('',(362.22875502814,-40.48426458776,-50.5));
#7399 = CARTESIAN_POINT('',(362.64217118893,-40.00885689859,-50.5));
#7400 = CARTESIAN_POINT('',(363.05305041619,-39.5289476404,-50.5));
#7401 = CARTESIAN_POINT('',(363.4613037041,-39.04443977711,-50.5));
#7402 = CARTESIAN_POINT('',(364.49086199107,-37.80245287445,-50.5));
#7403 = CARTESIAN_POINT('',(365.10843704946,-37.03855401599,-50.5));
#7404 = CARTESIAN_POINT('',(365.71922383613,-36.26315762792,-50.5));
#7405 = CARTESIAN_POINT('',(366.32284261643,-35.475875312,-50.5));
#7406 = CARTESIAN_POINT('',(366.91887130623,-34.67630659025,-50.5));
#7407 = CARTESIAN_POINT('',(367.50684376698,-33.86403517586,-50.5));
#7408 = CARTESIAN_POINT('',(368.0862473175,-33.0386238861,-50.5));
#7409 = CARTESIAN_POINT('',(369.22551968915,-31.36246382307,-50.5));
#7410 = CARTESIAN_POINT('',(369.76886968531,-30.5361385257,-50.5));
#7411 = CARTESIAN_POINT('',(370.28784107917,-29.72022214053,-50.5));
#7412 = CARTESIAN_POINT('',(370.78360374105,-28.91430742262,-50.5));
#7413 = CARTESIAN_POINT('',(371.25724140457,-28.11800541347,-50.5));
#7414 = CARTESIAN_POINT('',(371.70974810166,-27.330944402,-50.5));
#7415 = CARTESIAN_POINT('',(372.14202757688,-26.55277118629,-50.5));
#7416 = CARTESIAN_POINT('',(373.2104674309,-24.5612759465,-50.5));
#7417 = CARTESIAN_POINT('',(373.84344105105,-23.31196956492,-50.5));
#7418 = CARTESIAN_POINT('',(374.4518826701,-22.03411420224,-50.5));
#7419 = CARTESIAN_POINT('',(375.03344105248,-20.7268307363,-50.5));
#7420 = CARTESIAN_POINT('',(375.5854080001,-19.38953461686,-50.5));
#7421 = CARTESIAN_POINT('',(376.10476089685,-18.02197630633,-50.5));
#7422 = CARTESIAN_POINT('',(376.58822973857,-16.62430967345,-50.5));
#7423 = CARTESIAN_POINT('',(377.58446336369,-13.42351707698,-50.5));
#7424 = CARTESIAN_POINT('',(378.0762030285,-11.60315066721,-50.5));
#7425 = CARTESIAN_POINT('',(378.50032428246,-9.739283224086,-50.5));
#7426 = CARTESIAN_POINT('',(378.84955299866,-7.836635374773,-50.5));
#7427 = CARTESIAN_POINT('',(379.11716026269,-5.901672054248,-50.5));
#7428 = CARTESIAN_POINT('',(379.29769080288,-3.942875668375,-50.5));
#7429 = CARTESIAN_POINT('',(379.38790065305,-1.97109887233,-50.5));
#7430 = CARTESIAN_POINT('',(379.38790065305,0.,-50.5));
#7431 = PCURVE('',#2335,#7432);
#7432 = DEFINITIONAL_REPRESENTATION('',(#7433),#7793);
#7433 = B_SPLINE_CURVE_WITH_KNOTS('',8,(#7434,#7435,#7436,#7437,#7438,
    #7439,#7440,#7441,#7442,#7443,#7444,#7445,#7446,#7447,#7448,#7449,
    #7450,#7451,#7452,#7453,#7454,#7455,#7456,#7457,#7458,#7459,#7460,
    #7461,#7462,#7463,#7464,#7465,#7466,#7467,#7468,#7469,#7470,#7471,
    #7472,#7473,#7474,#7475,#7476,#7477,#7478,#7479,#7480,#7481,#7482,
    #7483,#7484,#7485,#7486,#7487,#7488,#7489,#7490,#7491,#7492,#7493,
    #7494,#7495,#7496,#7497,#7498,#7499,#7500,#7501,#7502,#7503,#7504,
    #7505,#7506,#7507,#7508,#7509,#7510,#7511,#7512,#7513,#7514,#7515,
    #7516,#7517,#7518,#7519,#7520,#7521,#7522,#7523,#7524,#7525,#7526,
    #7527,#7528,#7529,#7530,#7531,#7532,#7533,#7534,#7535,#7536,#7537,
    #7538,#7539,#7540,#7541,#7542,#7543,#7544,#7545,#7546,#7547,#7548,
    #7549,#7550,#7551,#7552,#7553,#7554,#7555,#7556,#7557,#7558,#7559,
    #7560,#7561,#7562,#7563,#7564,#7565,#7566,#7567,#7568,#7569,#7570,
    #7571,#7572,#7573,#7574,#7575,#7576,#7577,#7578,#7579,#7580,#7581,
    #7582,#7583,#7584,#7585,#7586,#7587,#7588,#7589,#7590,#7591,#7592,
    #7593,#7594,#7595,#7596,#7597,#7598,#7599,#7600,#7601,#7602,#7603,
    #7604,#7605,#7606,#7607,#7608,#7609,#7610,#7611,#7612,#7613,#7614,
    #7615,#7616,#7617,#7618,#7619,#7620,#7621,#7622,#7623,#7624,#7625,
    #7626,#7627,#7628,#7629,#7630,#7631,#7632,#7633,#7634,#7635,#7636,
    #7637,#7638,#7639,#7640,#7641,#7642,#7643,#7644,#7645,#7646,#7647,
    #7648,#7649,#7650,#7651,#7652,#7653,#7654,#7655,#7656,#7657,#7658,
    #7659,#7660,#7661,#7662,#7663,#7664,#7665,#7666,#7667,#7668,#7669,
    #7670,#7671,#7672,#7673,#7674,#7675,#7676,#7677,#7678,#7679,#7680,
    #7681,#7682,#7683,#7684,#7685,#7686,#7687,#7688,#7689,#7690,#7691,
    #7692,#7693,#7694,#7695,#7696,#7697,#7698,#7699,#7700,#7701,#7702,
    #7703,#7704,#7705,#7706,#7707,#7708,#7709,#7710,#7711,#7712,#7713,
    #7714,#7715,#7716,#7717,#7718,#7719,#7720,#7721,#7722,#7723,#7724,
    #7725,#7726,#7727,#7728,#7729,#7730,#7731,#7732,#7733,#7734,#7735,
    #7736,#7737,#7738,#7739,#7740,#7741,#7742,#7743,#7744,#7745,#7746,
    #7747,#7748,#7749,#7750,#7751,#7752,#7753,#7754,#7755,#7756,#7757,
    #7758,#7759,#7760,#7761,#7762,#7763,#7764,#7765,#7766,#7767,#7768,
    #7769,#7770,#7771,#7772,#7773,#7774,#7775,#7776,#7777,#7778,#7779,
    #7780,#7781,#7782,#7783,#7784,#7785,#7786,#7787,#7788,#7789,#7790,
    #7791,#7792),.UNSPECIFIED.,.F.,.F.,(9,7,7,7,7,7,7,7,7,7,7,7,7,7,7,7,
    7,7,7,7,7,7,7,7,7,7,7,7,7,7,7,7,7,7,7,7,7,7,7,7,7,7,7,7,7,7,7,7,7,7,
    7,9),(0.,3.408237715675E-02,6.04754119683E-02,8.443118553337E-02,
    9.799083494423E-02,0.11270383537,0.131486558703,0.145706328701,
    0.166809544435,0.187560166581,0.208064970224,0.223030279369,
    0.235274622785,0.252920408526,0.271847130391,0.290712665457,
    0.308188224952,0.324303624371,0.339076071692,0.352505573391,
    0.365935073333,0.391438577473,0.414241609181,0.433013887366,
    0.450442635206,0.465023882241,0.49183939908,0.511956660066,
    0.526711831963,0.549522129639,0.573692209878,0.604611461752,
    0.631539326844,0.65446673731,0.674733312093,0.692331091323,
    0.724922051287,0.749478690062,0.767293571267,0.781027520532,
    0.803085885097,0.825352989286,0.847915851608,0.859350278496,
    0.872284634334,0.88953041224,0.902464764612,0.912686968548,
    0.928416654927,0.944111258291,0.969029720752,1.),.UNSPECIFIED.);
#7434 = CARTESIAN_POINT('',(49.109353124344,300.));
#7435 = CARTESIAN_POINT('',(49.109353124344,297.39628474528));
#7436 = CARTESIAN_POINT('',(49.208291164201,294.79178650631));
#7437 = CARTESIAN_POINT('',(49.406272031898,292.20218201938));
#7438 = CARTESIAN_POINT('',(49.700569978129,289.6402613566));
#7439 = CARTESIAN_POINT('',(50.086600605605,287.11631050148));
#7440 = CARTESIAN_POINT('',(50.558631735488,284.63846330164));
#7441 = CARTESIAN_POINT('',(51.110307519462,282.21298536929));
#7442 = CARTESIAN_POINT('',(52.218861874385,278.01028553017));
#7443 = CARTESIAN_POINT('',(52.746699938294,276.20945505118));
#7444 = CARTESIAN_POINT('',(53.31584837984,274.44315569537));
#7445 = CARTESIAN_POINT('',(53.923641374047,272.71202995048));
#7446 = CARTESIAN_POINT('',(54.567556290324,271.01628444357));
#7447 = CARTESIAN_POINT('',(55.245270667342,269.3557592912));
#7448 = CARTESIAN_POINT('',(55.954707010803,267.7299708477));
#7449 = CARTESIAN_POINT('',(57.365174552488,264.69332216776));
#7450 = CARTESIAN_POINT('',(58.060868203332,263.27661314752));
#7451 = CARTESIAN_POINT('',(58.779795303318,261.88749984591));
#7452 = CARTESIAN_POINT('',(59.520685979084,260.52541670028));
#7453 = CARTESIAN_POINT('',(60.282370654578,259.18979479411));
#7454 = CARTESIAN_POINT('',(61.063792541859,257.88003969239));
#7455 = CARTESIAN_POINT('',(61.863993336044,256.59552789427));
#7456 = CARTESIAN_POINT('',(63.145223218338,254.6224617049));
#7457 = CARTESIAN_POINT('',(63.614051455287,253.91720615451));
#7458 = CARTESIAN_POINT('',(64.088459527744,253.21973568839));
#7459 = CARTESIAN_POINT('',(64.568295941713,252.52994331386));
#7460 = CARTESIAN_POINT('',(65.053415822965,251.84772339526));
#7461 = CARTESIAN_POINT('',(65.543680917034,251.17297165397));
#7462 = CARTESIAN_POINT('',(66.038959589218,250.50558516837));
#7463 = CARTESIAN_POINT('',(67.081837076412,249.12919112952));
#7464 = CARTESIAN_POINT('',(67.626724628759,248.42619464527));
#7465 = CARTESIAN_POINT('',(68.173750957218,247.73581119761));
#7466 = CARTESIAN_POINT('',(68.722884603085,247.05744802534));
#7467 = CARTESIAN_POINT('',(69.274097227709,246.39057299658));
#7468 = CARTESIAN_POINT('',(69.827360239806,245.73470763337));
#7469 = CARTESIAN_POINT('',(70.382641995748,245.08942149376));
#7470 = CARTESIAN_POINT('',(71.651312307601,243.64356282572));
#7471 = CARTESIAN_POINT('',(72.370121251148,242.84465432043));
#7472 = CARTESIAN_POINT('',(73.096095740239,242.05739386928));
#7473 = CARTESIAN_POINT('',(73.829009700514,241.28158165135));
#7474 = CARTESIAN_POINT('',(74.568647090709,240.51702659303));
#7475 = CARTESIAN_POINT('',(75.314801630805,239.7635456548));
#7476 = CARTESIAN_POINT('',(76.067276814093,239.02096236277));
#7477 = CARTESIAN_POINT('',(77.400203933295,237.73503960269));
#7478 = CARTESIAN_POINT('',(77.976285977246,237.18881174287));
#7479 = CARTESIAN_POINT('',(78.554102101703,236.65019568958));
#7480 = CARTESIAN_POINT('',(79.133623259212,236.11898288331));
#7481 = CARTESIAN_POINT('',(79.714822524087,235.5949775966));
#7482 = CARTESIAN_POINT('',(80.297674938872,235.07799503962));
#7483 = CARTESIAN_POINT('',(80.882156271346,234.56786149563));
#7484 = CARTESIAN_POINT('',(82.338034339775,233.31726595997));
#7485 = CARTESIAN_POINT('',(83.214336065242,232.58228889563));
#7486 = CARTESIAN_POINT('',(84.096936090823,231.85928025879));
#7487 = CARTESIAN_POINT('',(84.985617795602,231.14805361999));
#7488 = CARTESIAN_POINT('',(85.880204587985,230.44841030644));
#7489 = CARTESIAN_POINT('',(86.780478912089,229.76018854417));
#7490 = CARTESIAN_POINT('',(87.686275660245,229.08320504063));
#7491 = CARTESIAN_POINT('',(89.493342915817,227.76250351298));
#7492 = CARTESIAN_POINT('',(90.39443449798,227.11841979068));
#7493 = CARTESIAN_POINT('',(91.300533883993,226.48487841982));
#7494 = CARTESIAN_POINT('',(92.211479607707,225.86172467057));
#7495 = CARTESIAN_POINT('',(93.127121063363,225.24880830108));
#7496 = CARTESIAN_POINT('',(94.047310626732,224.64598407351));
#7497 = CARTESIAN_POINT('',(94.971898906611,224.05311195608));
#7498 = CARTESIAN_POINT('',(96.818606733517,222.89390267768));
#7499 = CARTESIAN_POINT('',(97.740624797516,222.32733495123));
#7500 = CARTESIAN_POINT('',(98.666679722695,221.77021769572));
#7501 = CARTESIAN_POINT('',(99.596645897281,221.22242208489));
#7502 = CARTESIAN_POINT('',(100.53040116339,220.68382300168));
#7503 = CARTESIAN_POINT('',(101.46782683271,220.15429867887));
#7504 = CARTESIAN_POINT('',(102.40880770218,219.63373033958));
#7505 = CARTESIAN_POINT('',(104.04251458457,218.74851983037));
#7506 = CARTESIAN_POINT('',(104.73301093327,218.38008235804));
#7507 = CARTESIAN_POINT('',(105.42469791502,218.01661649271));
#7508 = CARTESIAN_POINT('',(106.11755287595,217.65805222727));
#7509 = CARTESIAN_POINT('',(106.81155347806,217.30432226314));
#7510 = CARTESIAN_POINT('',(107.5066774684,216.95536179784));
#7511 = CARTESIAN_POINT('',(108.20290244811,216.61110831248));
#7512 = CARTESIAN_POINT('',(109.47072641623,215.99364113478));
#7513 = CARTESIAN_POINT('',(110.04196902455,215.718891336));
#7514 = CARTESIAN_POINT('',(110.61392131597,215.44721901168));
#7515 = CARTESIAN_POINT('',(111.18657090087,215.17859200321));
#7516 = CARTESIAN_POINT('',(111.75990531417,214.91297898021));
#7517 = CARTESIAN_POINT('',(112.33391217903,214.65034947593));
#7518 = CARTESIAN_POINT('',(112.90857937039,214.39067392275));
#7519 = CARTESIAN_POINT('',(114.31300451853,213.7639112268));
#7520 = CARTESIAN_POINT('',(115.14405159989,213.39971110436));
#7521 = CARTESIAN_POINT('',(115.9769838329,213.04126350098));
#7522 = CARTESIAN_POINT('',(116.81174965213,212.68850952399));
#7523 = CARTESIAN_POINT('',(117.64829851669,212.34139120744));
#7524 = CARTESIAN_POINT('',(118.48658091013,211.99985151201));
#7525 = CARTESIAN_POINT('',(119.32654834053,211.66383432507));
#7526 = CARTESIAN_POINT('',(121.07085180833,210.978739447));
#7527 = CARTESIAN_POINT('',(121.97543416336,210.63048445671));
#7528 = CARTESIAN_POINT('',(122.88184207905,210.28845121046));
#7529 = CARTESIAN_POINT('',(123.79001452247,209.95257038641));
#7530 = CARTESIAN_POINT('',(124.69990201669,209.62278077748));
#7531 = CARTESIAN_POINT('',(125.61145662385,209.2990223535));
#7532 = CARTESIAN_POINT('',(126.52462267416,208.98122997758));
#7533 = CARTESIAN_POINT('',(128.35112669218,208.35846734493));
#7534 = CARTESIAN_POINT('',(129.26445420093,208.05345908087));
#7535 = CARTESIAN_POINT('',(130.17928469422,207.75425749185));
#7536 = CARTESIAN_POINT('',(131.09557505929,207.46080794028));
#7537 = CARTESIAN_POINT('',(132.01327352035,207.17304761638));
#7538 = CARTESIAN_POINT('',(132.93233120703,206.89091647501));
#7539 = CARTESIAN_POINT('',(133.85271230868,206.61436673287));
#7540 = CARTESIAN_POINT('',(135.62812789623,206.09228732617));
#7541 = CARTESIAN_POINT('',(136.48298091286,205.84597368764));
#7542 = CARTESIAN_POINT('',(137.33889930667,205.60435952024));
#7543 = CARTESIAN_POINT('',(138.19585069796,205.36740295777));
#7544 = CARTESIAN_POINT('',(139.05380325454,205.13506260498));
#7545 = CARTESIAN_POINT('',(139.91272569176,204.90729753763));
#7546 = CARTESIAN_POINT('',(140.77258727249,204.6840673024));
#7547 = CARTESIAN_POINT('',(142.42713273475,204.26362117325));
#7548 = CARTESIAN_POINT('',(143.22148908037,204.0657810958));
#7549 = CARTESIAN_POINT('',(144.01641083446,203.87177598681));
#7550 = CARTESIAN_POINT('',(144.81188329241,203.68157231417));
#7551 = CARTESIAN_POINT('',(145.60789183158,203.49513725212));
#7552 = CARTESIAN_POINT('',(146.40442139713,203.3124380496));
#7553 = CARTESIAN_POINT('',(147.20145669648,203.13344222627));
#7554 = CARTESIAN_POINT('',(148.73004886863,202.79740529247));
#7555 = CARTESIAN_POINT('',(149.46152745515,202.63977758895));
#7556 = CARTESIAN_POINT('',(150.19340692503,202.48521096338));
#7557 = CARTESIAN_POINT('',(150.9256759791,202.33368198763));
#7558 = CARTESIAN_POINT('',(151.65832306077,202.18516703036));
#7559 = CARTESIAN_POINT('',(152.39133631859,202.03964220111));
#7560 = CARTESIAN_POINT('',(153.12470442665,201.89708453619));
#7561 = CARTESIAN_POINT('',(154.5254310467,201.63055610546));
#7562 = CARTESIAN_POINT('',(155.19272979801,201.50607343575));
#7563 = CARTESIAN_POINT('',(155.8603072298,201.38401054355));
#7564 = CARTESIAN_POINT('',(156.5281560551,201.2643517463));
#7565 = CARTESIAN_POINT('',(157.1962689871,201.14708155239));
#7566 = CARTESIAN_POINT('',(157.86463873907,201.03218466123));
#7567 = CARTESIAN_POINT('',(158.53325802439,200.9196459632));
#7568 = CARTESIAN_POINT('',(159.87098100128,200.69925513055));
#7569 = CARTESIAN_POINT('',(160.54008480421,200.59140281259));
#7570 = CARTESIAN_POINT('',(161.20942370766,200.48587911603));
#7571 = CARTESIAN_POINT('',(161.87899021143,200.38266908973));
#7572 = CARTESIAN_POINT('',(162.54877683094,200.28175776319));
#7573 = CARTESIAN_POINT('',(163.21877635557,200.18313060872));
#7574 = CARTESIAN_POINT('',(163.8889821068,200.08677400353));
#7575 = CARTESIAN_POINT('',(165.83253347785,199.81397680566));
#7576 = CARTESIAN_POINT('',(167.10660824269,199.64339221476));
#7577 = CARTESIAN_POINT('',(168.38155632516,199.48084159751));
#7578 = CARTESIAN_POINT('',(169.65731990984,199.32623928201));
#7579 = CARTESIAN_POINT('',(170.93384596237,199.17950900001));
#7580 = CARTESIAN_POINT('',(172.21108141658,199.04057295234));
#7581 = CARTESIAN_POINT('',(173.48897019887,198.90934495815));
#7582 = CARTESIAN_POINT('',(175.91058500285,198.67525618884));
#7583 = CARTESIAN_POINT('',(177.0541894978,198.57086320822));
#7584 = CARTESIAN_POINT('',(178.19824438556,198.47252890283));
#7585 = CARTESIAN_POINT('',(179.34271595557,198.38020419252));
#7586 = CARTESIAN_POINT('',(180.48757105651,198.2938405326));
#7587 = CARTESIAN_POINT('',(181.6327770963,198.21338991377));
#7588 = CARTESIAN_POINT('',(182.77830204209,198.13880486219));
#7589 = CARTESIAN_POINT('',(184.86738849833,198.01342743991));
#7590 = CARTESIAN_POINT('',(185.81085720832,197.96075939831));
#7591 = CARTESIAN_POINT('',(186.75450327443,197.91200897538));
#7592 = CARTESIAN_POINT('',(187.69831066148,197.86715380441));
#7593 = CARTESIAN_POINT('',(188.64226359623,197.82617189583));
#7594 = CARTESIAN_POINT('',(189.58634615625,197.78904053994));
#7595 = CARTESIAN_POINT('',(190.53054242638,197.75573670773));
#7596 = CARTESIAN_POINT('',(192.35154892131,197.69885234395));
#7597 = CARTESIAN_POINT('',(193.22834549793,197.67474652142));
#7598 = CARTESIAN_POINT('',(194.10521429708,197.65390276472));
#7599 = CARTESIAN_POINT('',(194.98214395245,197.6363064017));
#7600 = CARTESIAN_POINT('',(195.85912140922,197.62193670067));
#7601 = CARTESIAN_POINT('',(196.73613438413,197.61077539473));
#7602 = CARTESIAN_POINT('',(197.61317324213,197.60281308374));
#7603 = CARTESIAN_POINT('',(199.22398677561,197.59403344827));
#7604 = CARTESIAN_POINT('',(199.95775725746,197.59226159797));
#7605 = CARTESIAN_POINT('',(200.6915312434,197.59270865329));
#7606 = CARTESIAN_POINT('',(201.42530231325,197.59536612477));
#7607 = CARTESIAN_POINT('',(202.15906409781,197.60022559193));
#7608 = CARTESIAN_POINT('',(202.89281027878,197.60727870327));
#7609 = CARTESIAN_POINT('',(203.62653458884,197.6165171763));
#7610 = CARTESIAN_POINT('',(205.70952853407,197.64892659745));
#7611 = CARTESIAN_POINT('',(207.05873127144,197.67728407291));
#7612 = CARTESIAN_POINT('',(208.40780062679,197.7129536629));
#7613 = CARTESIAN_POINT('',(209.75669580397,197.75587488254));
#7614 = CARTESIAN_POINT('',(211.10538839594,197.80603921243));
#7615 = CARTESIAN_POINT('',(212.45383627822,197.86337674461));
#7616 = CARTESIAN_POINT('',(213.80200808352,197.92786314395));
#7617 = CARTESIAN_POINT('',(216.16104569797,198.05316254413));
#7618 = CARTESIAN_POINT('',(217.17204780098,198.11086954321));
#7619 = CARTESIAN_POINT('',(218.18286015196,198.17256104541));
#7620 = CARTESIAN_POINT('',(219.19346729347,198.23821405649));
#7621 = CARTESIAN_POINT('',(220.20385563803,198.30781839439));
#7622 = CARTESIAN_POINT('',(221.21401200901,198.38136618435));
#7623 = CARTESIAN_POINT('',(222.22392195154,198.4588399012));
#7624 = CARTESIAN_POINT('',(223.9741084628,198.59992562402));
#7625 = CARTESIAN_POINT('',(224.71453489115,198.66173047557));
#7626 = CARTESIAN_POINT('',(225.45484726562,198.72563980633));
#7627 = CARTESIAN_POINT('',(226.19504141563,198.79164931204));
#7628 = CARTESIAN_POINT('',(226.9351131706,198.85975477547));
#7629 = CARTESIAN_POINT('',(227.67505835993,198.9299520664));
#7630 = CARTESIAN_POINT('',(228.41487281303,199.00223714165));
#7631 = CARTESIAN_POINT('',(230.298036878,199.19157433118));
#7632 = CARTESIAN_POINT('',(231.44111052717,199.31151337414));
#7633 = CARTESIAN_POINT('',(232.58375410783,199.43641131126));
#7634 = CARTESIAN_POINT('',(233.72594848676,199.56625671579));
#7635 = CARTESIAN_POINT('',(234.86767459642,199.70103859697));
#7636 = CARTESIAN_POINT('',(236.00891343503,199.84074639995));
#7637 = CARTESIAN_POINT('',(237.14964606649,199.98537000586));
#7638 = CARTESIAN_POINT('',(239.49803198185,200.29334332269));
#7639 = CARTESIAN_POINT('',(240.70562073689,200.45729555593));
#7640 = CARTESIAN_POINT('',(241.91259761586,200.62674541067));
#7641 = CARTESIAN_POINT('',(243.11893992215,200.80167302752));
#7642 = CARTESIAN_POINT('',(244.32462548207,200.9820973686));
#7643 = CARTESIAN_POINT('',(245.52963164038,201.16799327271));
#7644 = CARTESIAN_POINT('',(246.73393613036,201.35936789159));
#7645 = CARTESIAN_POINT('',(249.47718044912,201.80802817185));
#7646 = CARTESIAN_POINT('',(251.01565933589,202.06879546955));
#7647 = CARTESIAN_POINT('',(252.55290522169,202.33852403263));
#7648 = CARTESIAN_POINT('',(254.08887450736,202.6171621547));
#7649 = CARTESIAN_POINT('',(255.62351384015,202.90478077594));
#7650 = CARTESIAN_POINT('',(257.15677821626,203.20134921357));
#7651 = CARTESIAN_POINT('',(258.68861729705,203.50689614208));
#7652 = CARTESIAN_POINT('',(261.55179176774,204.09536307788));
#7653 = CARTESIAN_POINT('',(262.88348286602,204.37611227908));
#7654 = CARTESIAN_POINT('',(264.21402291637,204.66369247783));
#7655 = CARTESIAN_POINT('',(265.54338179138,204.95809278038));
#7656 = CARTESIAN_POINT('',(266.87151967449,205.25937385886));
#7657 = CARTESIAN_POINT('',(268.19840644714,205.56752297889));
#7658 = CARTESIAN_POINT('',(269.52400492768,205.88257902849));
#7659 = CARTESIAN_POINT('',(271.97581896524,206.4787079874));
#7660 = CARTESIAN_POINT('',(273.10239831341,206.75787600693));
#7661 = CARTESIAN_POINT('',(274.22799594692,207.04208271233));
#7662 = CARTESIAN_POINT('',(275.35259168093,207.33133401509));
#7663 = CARTESIAN_POINT('',(276.47616125109,207.62565465088));
#7664 = CARTESIAN_POINT('',(277.59867948089,207.92507325752));
#7665 = CARTESIAN_POINT('',(278.72012384272,208.22960537098));
#7666 = CARTESIAN_POINT('',(280.83079324202,208.81301190572));
#7667 = CARTESIAN_POINT('',(281.82025838535,209.09076233612));
#7668 = CARTESIAN_POINT('',(282.80884855375,209.37254354948));
#7669 = CARTESIAN_POINT('',(283.79654505573,209.65837812085));
#7670 = CARTESIAN_POINT('',(284.78333181,209.94827932164));
#7671 = CARTESIAN_POINT('',(285.76919198699,210.24226270382));
#7672 = CARTESIAN_POINT('',(286.75410490307,210.54035692436));
#7673 = CARTESIAN_POINT('',(288.59242831288,211.10501187476));
#7674 = CARTESIAN_POINT('',(289.44607634199,211.37055604186));
#7675 = CARTESIAN_POINT('',(290.29898344359,211.63923154218));
#7676 = CARTESIAN_POINT('',(291.15113682252,211.91105422193));
#7677 = CARTESIAN_POINT('',(292.00252347012,212.18604043668));
#7678 = CARTESIAN_POINT('',(292.85313016431,212.46420705138));
#7679 = CARTESIAN_POINT('',(293.70294346952,212.74557144035));
#7680 = CARTESIAN_POINT('',(296.12430320829,213.55719167765));
#7681 = CARTESIAN_POINT('',(297.69388777603,214.09526234795));
#7682 = CARTESIAN_POINT('',(299.26062215368,214.64446374666));
#7683 = CARTESIAN_POINT('',(300.82439616151,215.20497371695));
#7684 = CARTESIAN_POINT('',(302.38512897077,215.77688716401));
#7685 = CARTESIAN_POINT('',(303.94270261575,216.36039644666));
#7686 = CARTESIAN_POINT('',(305.49702146911,216.9556345123));
#7687 = CARTESIAN_POINT('',(308.21657908867,218.02026006346));
#7688 = CARTESIAN_POINT('',(309.38327399193,218.4844987498));
#7689 = CARTESIAN_POINT('',(310.54800478013,218.95558049382));
#7690 = CARTESIAN_POINT('',(311.71071955853,219.4335882805));
#7691 = CARTESIAN_POINT('',(312.87136457204,219.91860860486));
#7692 = CARTESIAN_POINT('',(314.02988414909,220.41073184721));
#7693 = CARTESIAN_POINT('',(315.18622064548,220.91005264827));
#7694 = CARTESIAN_POINT('',(317.17756427073,221.78420156939));
#7695 = CARTESIAN_POINT('',(318.01363390145,222.15557261128));
#7696 = CARTESIAN_POINT('',(318.84849982197,222.53082262933));
#7697 = CARTESIAN_POINT('',(319.68213688263,222.90999418029));
#7698 = CARTESIAN_POINT('',(320.51451913373,223.29313128063));
#7699 = CARTESIAN_POINT('',(321.34562018998,223.68027868739));
#7700 = CARTESIAN_POINT('',(322.17541306824,224.07148233755));
#7701 = CARTESIAN_POINT('',(323.64254782867,224.77154450058));
#7702 = CARTESIAN_POINT('',(324.28076332658,225.07889592604));
#7703 = CARTESIAN_POINT('',(324.9185113397,225.38887581798));
#7704 = CARTESIAN_POINT('',(325.55578669735,225.7015168824));
#7705 = CARTESIAN_POINT('',(326.19258453707,226.01685245385));
#7706 = CARTESIAN_POINT('',(326.82890038392,226.33491638995));
#7707 = CARTESIAN_POINT('',(327.46472948259,226.6557443424));
#7708 = CARTESIAN_POINT('',(329.12049079875,227.49916818997));
#7709 = CARTESIAN_POINT('',(330.13863316145,228.02567786943));
#7710 = CARTESIAN_POINT('',(331.15442795572,228.55901851042));
#7711 = CARTESIAN_POINT('',(332.16780751053,229.09930783935));
#7712 = CARTESIAN_POINT('',(333.17870086624,229.64666891076));
#7713 = CARTESIAN_POINT('',(334.18703364229,230.20123077666));
#7714 = CARTESIAN_POINT('',(335.19272790489,230.76312915581));
#7715 = CARTESIAN_POINT('',(337.20816736885,231.90727310802));
#7716 = CARTESIAN_POINT('',(338.21786019612,232.48966002269));
#7717 = CARTESIAN_POINT('',(339.22469713843,233.07981463182));
#7718 = CARTESIAN_POINT('',(340.22858093165,233.67790551105));
#7719 = CARTESIAN_POINT('',(341.22941358607,234.28410127506));
#7720 = CARTESIAN_POINT('',(342.22709273692,234.89857749646));
#7721 = CARTESIAN_POINT('',(343.2215059342,235.52152716246));
#7722 = CARTESIAN_POINT('',(345.21673247869,236.7931613016));
#7723 = CARTESIAN_POINT('',(346.21745388958,237.44207581406));
#7724 = CARTESIAN_POINT('',(347.21457595817,238.10011151527));
#7725 = CARTESIAN_POINT('',(348.20799134406,238.7674553479));
#7726 = CARTESIAN_POINT('',(349.19751885319,239.44440256658));
#7727 = CARTESIAN_POINT('',(350.18303044563,240.13116980909));
#7728 = CARTESIAN_POINT('',(351.16434807948,240.82804860858));
#7729 = CARTESIAN_POINT('',(352.63639851025,241.89376093157));
#7730 = CARTESIAN_POINT('',(353.13037617224,242.25486640292));
#7731 = CARTESIAN_POINT('',(353.62320860639,242.61868027031));
#7732 = CARTESIAN_POINT('',(354.11487173446,242.98524159491));
#7733 = CARTESIAN_POINT('',(354.60534043285,243.35459083087));
#7734 = CARTESIAN_POINT('',(355.09458853258,243.72676982522));
#7735 = CARTESIAN_POINT('',(355.58258881926,244.10182181795));
#7736 = CARTESIAN_POINT('',(356.61988406216,244.90734182655));
#7737 = CARTESIAN_POINT('',(357.16986371429,245.33943524071));
#7738 = CARTESIAN_POINT('',(357.71924380693,245.77619796524));
#7739 = CARTESIAN_POINT('',(358.26801683123,246.21776451278));
#7740 = CARTESIAN_POINT('',(358.81617560819,246.66427856758));
#7741 = CARTESIAN_POINT('',(359.36371294474,247.11589392519));
#7742 = CARTESIAN_POINT('',(359.91062128975,247.57277543224));
#7743 = CARTESIAN_POINT('',(361.18525259541,248.65153151676));
#7744 = CARTESIAN_POINT('',(361.9124855492,249.27764360566));
#7745 = CARTESIAN_POINT('',(362.63856444614,249.9138554008));
#7746 = CARTESIAN_POINT('',(363.36348075937,250.56061714238));
#7747 = CARTESIAN_POINT('',(364.08719883175,251.2184638323));
#7748 = CARTESIAN_POINT('',(364.80973154454,251.88793418681));
#7749 = CARTESIAN_POINT('',(365.53103945643,252.56968811722));
#7750 = CARTESIAN_POINT('',(366.79114015999,253.78550793584));
#7751 = CARTESIAN_POINT('',(367.33048618845,254.31389241904));
#7752 = CARTESIAN_POINT('',(367.86912103349,254.84989999904));
#7753 = CARTESIAN_POINT('',(368.40703525918,255.39386515524));
#7754 = CARTESIAN_POINT('',(368.94422145846,255.94615687505));
#7755 = CARTESIAN_POINT('',(369.48067211658,256.50718336874));
#7756 = CARTESIAN_POINT('',(370.01637747465,257.07739678428));
#7757 = CARTESIAN_POINT('',(370.97409881433,258.11560209724));
#7758 = CARTESIAN_POINT('',(371.39464253307,258.5780534964));
#7759 = CARTESIAN_POINT('',(371.81288586039,259.04473563597));
#7760 = CARTESIAN_POINT('',(372.22875502814,259.51573541223));
#7761 = CARTESIAN_POINT('',(372.64217118893,259.9911431014));
#7762 = CARTESIAN_POINT('',(373.05305041619,260.47105235959));
#7763 = CARTESIAN_POINT('',(373.4613037041,260.95556022288));
#7764 = CARTESIAN_POINT('',(374.49086199107,262.19754712554));
#7765 = CARTESIAN_POINT('',(375.10843704946,262.961445984));
#7766 = CARTESIAN_POINT('',(375.71922383613,263.73684237207));
#7767 = CARTESIAN_POINT('',(376.32284261643,264.52412468799));
#7768 = CARTESIAN_POINT('',(376.91887130623,265.32369340975));
#7769 = CARTESIAN_POINT('',(377.50684376698,266.13596482413));
#7770 = CARTESIAN_POINT('',(378.0862473175,266.96137611389));
#7771 = CARTESIAN_POINT('',(379.22551968915,268.63753617692));
#7772 = CARTESIAN_POINT('',(379.76886968531,269.46386147429));
#7773 = CARTESIAN_POINT('',(380.28784107917,270.27977785947));
#7774 = CARTESIAN_POINT('',(380.78360374105,271.08569257737));
#7775 = CARTESIAN_POINT('',(381.25724140457,271.88199458652));
#7776 = CARTESIAN_POINT('',(381.70974810166,272.66905559799));
#7777 = CARTESIAN_POINT('',(382.14202757688,273.4472288137));
#7778 = CARTESIAN_POINT('',(383.2104674309,275.4387240535));
#7779 = CARTESIAN_POINT('',(383.84344105105,276.68803043507));
#7780 = CARTESIAN_POINT('',(384.4518826701,277.96588579775));
#7781 = CARTESIAN_POINT('',(385.03344105248,279.27316926369));
#7782 = CARTESIAN_POINT('',(385.5854080001,280.61046538313));
#7783 = CARTESIAN_POINT('',(386.10476089685,281.97802369367));
#7784 = CARTESIAN_POINT('',(386.58822973857,283.37569032655));
#7785 = CARTESIAN_POINT('',(387.58446336369,286.57648292301));
#7786 = CARTESIAN_POINT('',(388.0762030285,288.39684933278));
#7787 = CARTESIAN_POINT('',(388.50032428246,290.26071677591));
#7788 = CARTESIAN_POINT('',(388.84955299866,292.16336462522));
#7789 = CARTESIAN_POINT('',(389.11716026269,294.09832794575));
#7790 = CARTESIAN_POINT('',(389.29769080288,296.05712433162));
#7791 = CARTESIAN_POINT('',(389.38790065305,298.02890112767));
#7792 = CARTESIAN_POINT('',(389.38790065305,300.));
#7793 = ( GEOMETRIC_REPRESENTATION_CONTEXT(2) 
PARAMETRIC_REPRESENTATION_CONTEXT() REPRESENTATION_CONTEXT('2D SPACE',''
  ) );
#7794 = PCURVE('',#5920,#7795);
#7795 = DEFINITIONAL_REPRESENTATION('',(#7796),#8156);
#7796 = B_SPLINE_CURVE_WITH_KNOTS('',8,(#7797,#7798,#7799,#7800,#7801,
    #7802,#7803,#7804,#7805,#7806,#7807,#7808,#7809,#7810,#7811,#7812,
    #7813,#7814,#7815,#7816,#7817,#7818,#7819,#7820,#7821,#7822,#7823,
    #7824,#7825,#7826,#7827,#7828,#7829,#7830,#7831,#7832,#7833,#7834,
    #7835,#7836,#7837,#7838,#7839,#7840,#7841,#7842,#7843,#7844,#7845,
    #7846,#7847,#7848,#7849,#7850,#7851,#7852,#7853,#7854,#7855,#7856,
    #7857,#7858,#7859,#7860,#7861,#7862,#7863,#7864,#7865,#7866,#7867,
    #7868,#7869,#7870,#7871,#7872,#7873,#7874,#7875,#7876,#7877,#7878,
    #7879,#7880,#7881,#7882,#7883,#7884,#7885,#7886,#7887,#7888,#7889,
    #7890,#7891,#7892,#7893,#7894,#7895,#7896,#7897,#7898,#7899,#7900,
    #7901,#7902,#7903,#7904,#7905,#7906,#7907,#7908,#7909,#7910,#7911,
    #7912,#7913,#7914,#7915,#7916,#7917,#7918,#7919,#7920,#7921,#7922,
    #7923,#7924,#7925,#7926,#7927,#7928,#7929,#7930,#7931,#7932,#7933,
    #7934,#7935,#7936,#7937,#7938,#7939,#7940,#7941,#7942,#7943,#7944,
    #7945,#7946,#7947,#7948,#7949,#7950,#7951,#7952,#7953,#7954,#7955,
    #7956,#7957,#7958,#7959,#7960,#7961,#7962,#7963,#7964,#7965,#7966,
    #7967,#7968,#7969,#7970,#7971,#7972,#7973,#7974,#7975,#7976,#7977,
    #7978,#7979,#7980,#7981,#7982,#7983,#7984,#7985,#7986,#7987,#7988,
    #7989,#7990,#7991,#7992,#7993,#7994,#7995,#7996,#7997,#7998,#7999,
    #8000,#8001,#8002,#8003,#8004,#8005,#8006,#8007,#8008,#8009,#8010,
    #8011,#8012,#8013,#8014,#8015,#8016,#8017,#8018,#8019,#8020,#8021,
    #8022,#8023,#8024,#8025,#8026,#8027,#8028,#8029,#8030,#8031,#8032,
    #8033,#8034,#8035,#8036,#8037,#8038,#8039,#8040,#8041,#8042,#8043,
    #8044,#8045,#8046,#8047,#8048,#8049,#8050,#8051,#8052,#8053,#8054,
    #8055,#8056,#8057,#8058,#8059,#8060,#8061,#8062,#8063,#8064,#8065,
    #8066,#8067,#8068,#8069,#8070,#8071,#8072,#8073,#8074,#8075,#8076,
    #8077,#8078,#8079,#8080,#8081,#8082,#8083,#8084,#8085,#8086,#8087,
    #8088,#8089,#8090,#8091,#8092,#8093,#8094,#8095,#8096,#8097,#8098,
    #8099,#8100,#8101,#8102,#8103,#8104,#8105,#8106,#8107,#8108,#8109,
    #8110,#8111,#8112,#8113,#8114,#8115,#8116,#8117,#8118,#8119,#8120,
    #8121,#8122,#8123,#8124,#8125,#8126,#8127,#8128,#8129,#8130,#8131,
    #8132,#8133,#8134,#8135,#8136,#8137,#8138,#8139,#8140,#8141,#8142,
    #8143,#8144,#8145,#8146,#8147,#8148,#8149,#8150,#8151,#8152,#8153,
    #8154,#8155),.UNSPECIFIED.,.F.,.F.,(9,7,7,7,7,7,7,7,7,7,7,7,7,7,7,7,
    7,7,7,7,7,7,7,7,7,7,7,7,7,7,7,7,7,7,7,7,7,7,7,7,7,7,7,7,7,7,7,7,7,7,
    7,9),(0.,3.408237715675E-02,6.04754119683E-02,8.443118553337E-02,
    9.799083494423E-02,0.11270383537,0.131486558703,0.145706328701,
    0.166809544435,0.187560166581,0.208064970224,0.223030279369,
    0.235274622785,0.252920408526,0.271847130391,0.290712665457,
    0.308188224952,0.324303624371,0.339076071692,0.352505573391,
    0.365935073333,0.391438577473,0.414241609181,0.433013887366,
    0.450442635206,0.465023882241,0.49183939908,0.511956660066,
    0.526711831963,0.549522129639,0.573692209878,0.604611461752,
    0.631539326844,0.65446673731,0.674733312093,0.692331091323,
    0.724922051287,0.749478690062,0.767293571267,0.781027520532,
    0.803085885097,0.825352989286,0.847915851608,0.859350278496,
    0.872284634334,0.88953041224,0.902464764612,0.912686968548,
    0.928416654927,0.944111258291,0.969029720752,1.),.UNSPECIFIED.);
#7797 = CARTESIAN_POINT('',(6.28318530718,82.297162538544));
#7798 = CARTESIAN_POINT('',(6.240790856881,82.297162538544));
#7799 = CARTESIAN_POINT('',(6.199364395403,82.440915704741));
#7800 = CARTESIAN_POINT('',(6.159241588691,82.728577208358));
#7801 = CARTESIAN_POINT('',(6.120665511618,83.155194831688));
#7802 = CARTESIAN_POINT('',(6.083789089788,83.712139424712));
#7803 = CARTESIAN_POINT('',(6.048690178258,84.388602506864));
#7804 = CARTESIAN_POINT('',(6.015390666384,85.172881425901));
#7805 = CARTESIAN_POINT('',(5.959462497973,86.734860634541));
#7806 = CARTESIAN_POINT('',(5.936110524685,87.474426582835));
#7807 = CARTESIAN_POINT('',(5.91379458048,88.266840836953));
#7808 = CARTESIAN_POINT('',(5.892481730562,89.107219134215));
#7809 = CARTESIAN_POINT('',(5.872131383999,89.991002726283));
#7810 = CARTESIAN_POINT('',(5.852698507852,90.914060356636));
#7811 = CARTESIAN_POINT('',(5.834135721821,91.872744255973));
#7812 = CARTESIAN_POINT('',(5.800292010085,93.763589559574));
#7813 = CARTESIAN_POINT('',(5.78486781877,94.689938411888));
#7814 = CARTESIAN_POINT('',(5.770086521708,95.640612177039));
#7815 = CARTESIAN_POINT('',(5.755913490496,96.613449514843));
#7816 = CARTESIAN_POINT('',(5.742315834073,97.606515695651));
#7817 = CARTESIAN_POINT('',(5.729262212501,98.618109098746));
#7818 = CARTESIAN_POINT('',(5.716722856395,99.646721480554));
#7819 = CARTESIAN_POINT('',(5.697847068893,101.2821864945));
#7820 = CARTESIAN_POINT('',(5.691180422047,101.87833827998));
#7821 = CARTESIAN_POINT('',(5.684664613218,102.47927595601));
#7822 = CARTESIAN_POINT('',(5.678294807142,103.08477258126));
#7823 = CARTESIAN_POINT('',(5.672066350766,103.69461442682));
#7824 = CARTESIAN_POINT('',(5.665974773241,104.30860097621));
#7825 = CARTESIAN_POINT('',(5.660015785928,104.92654492532));
#7826 = CARTESIAN_POINT('',(5.647858850324,106.22288205788));
#7827 = CARTESIAN_POINT('',(5.641725395232,106.89749840618));
#7828 = CARTESIAN_POINT('',(5.635773209543,107.57211184492));
#7829 = CARTESIAN_POINT('',(5.629991851455,108.2467219474));
#7830 = CARTESIAN_POINT('',(5.624371956675,108.92133209406));
#7831 = CARTESIAN_POINT('',(5.618905082938,109.59594522791));
#7832 = CARTESIAN_POINT('',(5.613583587313,110.27056051401));
#7833 = CARTESIAN_POINT('',(5.601783815698,111.80638343129));
#7834 = CARTESIAN_POINT('',(5.5953539197,112.67264010047));
#7835 = CARTESIAN_POINT('',(5.589103132633,113.54364779522));
#7836 = CARTESIAN_POINT('',(5.583024207347,114.41913379992));
#7837 = CARTESIAN_POINT('',(5.577110332208,115.29884665606));
#7838 = CARTESIAN_POINT('',(5.571355095665,116.18255589376));
#7839 = CARTESIAN_POINT('',(5.565752448388,117.07005063741));
#7840 = CARTESIAN_POINT('',(5.556166270833,118.63574875474));
#7841 = CARTESIAN_POINT('',(5.552132649395,119.31036169698));
#7842 = CARTESIAN_POINT('',(5.54819178186,119.98497330469));
#7843 = CARTESIAN_POINT('',(5.544339954465,120.6595848307));
#7844 = CARTESIAN_POINT('',(5.540573707115,121.33419723877));
#7845 = CARTESIAN_POINT('',(5.536889801478,122.00880974577));
#7846 = CARTESIAN_POINT('',(5.533285206582,122.68342105559));
#7847 = CARTESIAN_POINT('',(5.524521127335,124.35920893038));
#7848 = CARTESIAN_POINT('',(5.519435694991,125.36381335903));
#7849 = CARTESIAN_POINT('',(5.514494605805,126.37164425716));
#7850 = CARTESIAN_POINT('',(5.509692124752,127.38253322135));
#7851 = CARTESIAN_POINT('',(5.505022745687,128.39628489596));
#7852 = CARTESIAN_POINT('',(5.500481485657,129.41277967311));
#7853 = CARTESIAN_POINT('',(5.496063476054,130.43185401554));
#7854 = CARTESIAN_POINT('',(5.487536724275,132.45783200187));
#7855 = CARTESIAN_POINT('',(5.483424055286,133.46465279793));
#7856 = CARTESIAN_POINT('',(5.479421857562,134.47370978328));
#7857 = CARTESIAN_POINT('',(5.475526078095,135.4848875659));
#7858 = CARTESIAN_POINT('',(5.47173289503,136.49807380401));
#7859 = CARTESIAN_POINT('',(5.468038703139,137.51316668211));
#7860 = CARTESIAN_POINT('',(5.464440099802,138.53007935841));
#7861 = CARTESIAN_POINT('',(5.457469139217,140.55529326094));
#7862 = CARTESIAN_POINT('',(5.454094609938,141.5635527399));
#7863 = CARTESIAN_POINT('',(5.450807147204,142.57341134989));
#7864 = CARTESIAN_POINT('',(5.447603807863,143.58478822194));
#7865 = CARTESIAN_POINT('',(5.444481809235,144.59760837553));
#7866 = CARTESIAN_POINT('',(5.441438516342,145.61180250878));
#7867 = CARTESIAN_POINT('',(5.438471429139,146.6273067885));
#7868 = CARTESIAN_POINT('',(5.433466541552,148.38613585962));
#7869 = CARTESIAN_POINT('',(5.431396138052,149.12820879635));
#7870 = CARTESIAN_POINT('',(5.429365838425,149.870281778));
#7871 = CARTESIAN_POINT('',(5.427374576422,150.61235488133));
#7872 = CARTESIAN_POINT('',(5.425421336616,151.35442803861));
#7873 = CARTESIAN_POINT('',(5.42350515066,152.0965011438));
#7874 = CARTESIAN_POINT('',(5.421625093544,152.8385741587));
#7875 = CARTESIAN_POINT('',(5.418270886883,154.18779788363));
#7876 = CARTESIAN_POINT('',(5.416785086321,154.79494867319));
#7877 = CARTESIAN_POINT('',(5.415322394231,155.40209934875));
#7878 = CARTESIAN_POINT('',(5.413882343798,156.00924993265));
#7879 = CARTESIAN_POINT('',(5.412464484841,156.61640056196));
#7880 = CARTESIAN_POINT('',(5.411068383315,157.22355134189));
#7881 = CARTESIAN_POINT('',(5.409693620818,157.83070219911));
#7882 = CARTESIAN_POINT('',(5.406388743287,159.31284030332));
#7883 = CARTESIAN_POINT('',(5.404479783586,160.18844956481));
#7884 = CARTESIAN_POINT('',(5.402611877514,161.0646547162));
#7885 = CARTESIAN_POINT('',(5.400784025918,161.9414313898));
#7886 = CARTESIAN_POINT('',(5.398995267976,162.81875665365));
#7887 = CARTESIAN_POINT('',(5.397244681201,163.69660901149));
#7888 = CARTESIAN_POINT('',(5.395531381437,164.57496840274));
#7889 = CARTESIAN_POINT('',(5.392055938409,166.3964609854));
#7890 = CARTESIAN_POINT('',(5.390299276079,167.33966729984));
#7891 = CARTESIAN_POINT('',(5.38858348594,168.28341216764));
#7892 = CARTESIAN_POINT('',(5.386907552649,169.22767637428));
#7893 = CARTESIAN_POINT('',(5.385270537646,170.17243515829));
#7894 = CARTESIAN_POINT('',(5.383671541991,171.11766495171));
#7895 = CARTESIAN_POINT('',(5.38210967304,172.06334955305));
#7896 = CARTESIAN_POINT('',(5.379063455243,173.95253003618));
#7897 = CARTESIAN_POINT('',(5.377578872618,174.89602288578));
#7898 = CARTESIAN_POINT('',(5.37612950777,175.83993111137));
#7899 = CARTESIAN_POINT('',(5.374714584038,176.78423437472));
#7900 = CARTESIAN_POINT('',(5.373333313636,177.72892014308));
#7901 = CARTESIAN_POINT('',(5.371984948189,178.67397558113));
#7902 = CARTESIAN_POINT('',(5.370668822286,179.61938048353));
#7903 = CARTESIAN_POINT('',(5.368194333101,181.44118311644));
#7904 = CARTESIAN_POINT('',(5.36703149125,182.31753274733));
#7905 = CARTESIAN_POINT('',(5.365895199905,183.19415926803));
#7906 = CARTESIAN_POINT('',(5.364784946289,184.07105173103));
#7907 = CARTESIAN_POINT('',(5.363700234906,184.94819985429));
#7908 = CARTESIAN_POINT('',(5.362640587538,185.82559402117));
#7909 = CARTESIAN_POINT('',(5.361605543248,186.70322528048));
#7910 = CARTESIAN_POINT('',(5.359662452839,188.39061969075));
#7911 = CARTESIAN_POINT('',(5.358751014711,189.20015369919));
#7912 = CARTESIAN_POINT('',(5.357859972351,190.00968798698));
#7913 = CARTESIAN_POINT('',(5.356988974303,190.81922235245));
#7914 = CARTESIAN_POINT('',(5.356137681984,191.62875656307));
#7915 = CARTESIAN_POINT('',(5.355305766251,192.43829068493));
#7916 = CARTESIAN_POINT('',(5.354492907823,193.24782495555));
#7917 = CARTESIAN_POINT('',(5.352970870995,194.79943214967));
#7918 = CARTESIAN_POINT('',(5.352258697153,195.54150527796));
#7919 = CARTESIAN_POINT('',(5.3515620428,196.28357849494));
#7920 = CARTESIAN_POINT('',(5.350880681346,197.02565147445));
#7921 = CARTESIAN_POINT('',(5.350214390861,197.76772425777));
#7922 = CARTESIAN_POINT('',(5.349562953575,198.50979726881));
#7923 = CARTESIAN_POINT('',(5.3489261609,199.25187074101));
#7924 = CARTESIAN_POINT('',(5.347738062952,200.66855541335));
#7925 = CARTESIAN_POINT('',(5.347184247164,201.34316727146));
#7926 = CARTESIAN_POINT('',(5.346642229856,202.01777912976));
#7927 = CARTESIAN_POINT('',(5.346111868121,202.69239098796));
#7928 = CARTESIAN_POINT('',(5.345593022899,203.3670028459));
#7929 = CARTESIAN_POINT('',(5.345085558973,204.04161470352));
#7930 = CARTESIAN_POINT('',(5.344589344972,204.71622656087));
#7931 = CARTESIAN_POINT('',(5.343619161828,206.06545018713));
#7932 = CARTESIAN_POINT('',(5.343145191766,206.74006220777));
#7933 = CARTESIAN_POINT('',(5.342682217371,207.41467409355));
#7934 = CARTESIAN_POINT('',(5.342230113512,208.08928582969));
#7935 = CARTESIAN_POINT('',(5.341788757646,208.76389758177));
#7936 = CARTESIAN_POINT('',(5.341358031728,209.43850950431));
#7937 = CARTESIAN_POINT('',(5.340937824114,210.11312154939));
#7938 = CARTESIAN_POINT('',(5.339749808263,212.06886533661));
#7939 = CARTESIAN_POINT('',(5.339009014918,213.35020542433));
#7940 = CARTESIAN_POINT('',(5.338304960367,214.63173737713));
#7941 = CARTESIAN_POINT('',(5.337636960556,215.91344866621));
#7942 = CARTESIAN_POINT('',(5.337004399679,217.19532490239));
#7943 = CARTESIAN_POINT('',(5.336406681598,218.47735378946));
#7944 = CARTESIAN_POINT('',(5.335843198932,219.75952763028));
#7945 = CARTESIAN_POINT('',(5.334839789104,222.18836069457));
#7946 = CARTESIAN_POINT('',(5.334393096899,223.33499333389));
#7947 = CARTESIAN_POINT('',(5.333973005754,224.48172266625));
#7948 = CARTESIAN_POINT('',(5.333579166267,225.62854053383));
#7949 = CARTESIAN_POINT('',(5.333211244561,226.77543936539));
#7950 = CARTESIAN_POINT('',(5.33286892228,227.92241217626));
#7951 = CARTESIAN_POINT('',(5.332551896591,229.06945256837));
#7952 = CARTESIAN_POINT('',(5.332019481741,231.16089060466));
#7953 = CARTESIAN_POINT('',(5.331796030265,232.10526845618));
#7954 = CARTESIAN_POINT('',(5.331589368365,233.04968475127));
#7955 = CARTESIAN_POINT('',(5.331399356727,233.9941353562));
#7956 = CARTESIAN_POINT('',(5.331225862885,234.93861629712));
#7957 = CARTESIAN_POINT('',(5.331068756381,235.8831240827));
#7958 = CARTESIAN_POINT('',(5.330927910295,236.82765558929));
#7959 = CARTESIAN_POINT('',(5.330687432871,238.64915792804));
#7960 = CARTESIAN_POINT('',(5.330585573302,239.52612590217));
#7961 = CARTESIAN_POINT('',(5.330497531481,240.40310920112));
#7962 = CARTESIAN_POINT('',(5.33042322903,241.28010472679));
#7963 = CARTESIAN_POINT('',(5.330362565424,242.15711114296));
#7964 = CARTESIAN_POINT('',(5.330315453857,243.0341266091));
#7965 = CARTESIAN_POINT('',(5.330281848165,243.91114710071));
#7966 = CARTESIAN_POINT('',(5.330244794461,245.52190676954));
#7967 = CARTESIAN_POINT('',(5.330237317496,246.25564488651));
#7968 = CARTESIAN_POINT('',(5.330239204307,246.98938370072));
#7969 = CARTESIAN_POINT('',(5.330250418643,247.72312181335));
#7970 = CARTESIAN_POINT('',(5.33027092603,248.45685787635));
#7971 = CARTESIAN_POINT('',(5.330300693769,249.1905905924));
#7972 = CARTESIAN_POINT('',(5.330339690936,249.92431871494));
#7973 = CARTESIAN_POINT('',(5.330476525484,252.00738678897));
#7974 = CARTESIAN_POINT('',(5.330596280202,253.35671278048));
#7975 = CARTESIAN_POINT('',(5.330746968939,254.70601205458));
#7976 = CARTESIAN_POINT('',(5.330928386641,256.05527957463));
#7977 = CARTESIAN_POINT('',(5.33114056381,257.40449995414));
#7978 = CARTESIAN_POINT('',(5.331383287238,258.75367161043));
#7979 = CARTESIAN_POINT('',(5.331656551555,260.10278385285));
#7980 = CARTESIAN_POINT('',(5.332188144694,262.46389876633));
#7981 = CARTESIAN_POINT('',(5.332433154118,263.47592992418));
#7982 = CARTESIAN_POINT('',(5.332695298681,264.48792081565));
#7983 = CARTESIAN_POINT('',(5.332974533352,265.49986987917));
#7984 = CARTESIAN_POINT('',(5.333270872313,266.5117731767));
#7985 = CARTESIAN_POINT('',(5.333584344351,267.52362647387));
#7986 = CARTESIAN_POINT('',(5.333914942043,268.53542758309));
#7987 = CARTESIAN_POINT('',(5.334517757463,270.28924600223));
#7988 = CARTESIAN_POINT('',(5.334782058161,271.03131904129));
#7989 = CARTESIAN_POINT('',(5.335055606898,271.77339208032));
#7990 = CARTESIAN_POINT('',(5.335338415147,272.51546511932));
#7991 = CARTESIAN_POINT('',(5.335630496153,273.25753815829));
#7992 = CARTESIAN_POINT('',(5.335931864934,273.99961119723));
#7993 = CARTESIAN_POINT('',(5.33624253828,274.74168423611));
#7994 = CARTESIAN_POINT('',(5.337057223309,276.63094193876));
#7995 = CARTESIAN_POINT('',(5.337574152949,277.77803795582));
#7996 = CARTESIAN_POINT('',(5.338113403656,278.92504037726));
#7997 = CARTESIAN_POINT('',(5.338675065652,280.0719442991));
#7998 = CARTESIAN_POINT('',(5.339259239395,281.21874486215));
#7999 = CARTESIAN_POINT('',(5.33986603558,282.36543725211));
#8000 = CARTESIAN_POINT('',(5.340495575134,283.51201669948));
#8001 = CARTESIAN_POINT('',(5.341839295452,285.87328389824));
#8002 = CARTESIAN_POINT('',(5.342556285533,287.08795712262));
#8003 = CARTESIAN_POINT('',(5.343299118155,288.30249265408));
#8004 = CARTESIAN_POINT('',(5.344067923628,289.51688575508));
#8005 = CARTESIAN_POINT('',(5.344863014153,290.73112721619));
#8006 = CARTESIAN_POINT('',(5.345684520272,291.94521312176));
#8007 = CARTESIAN_POINT('',(5.346532726119,293.15913579904));
#8008 = CARTESIAN_POINT('',(5.348527381828,295.9255669136));
#8009 = CARTESIAN_POINT('',(5.349690970202,297.47796749728));
#8010 = CARTESIAN_POINT('',(5.350899223182,299.03007610321));
#8011 = CARTESIAN_POINT('',(5.352152498511,300.58188377999));
#8012 = CARTESIAN_POINT('',(5.353451736647,302.1333683892));
#8013 = CARTESIAN_POINT('',(5.354797464025,303.68451887528));
#8014 = CARTESIAN_POINT('',(5.356190509949,305.23531713817));
#8015 = CARTESIAN_POINT('',(5.358886776052,308.13603128789));
#8016 = CARTESIAN_POINT('',(5.360178377614,309.48603578816));
#8017 = CARTESIAN_POINT('',(5.361507020048,310.83574972043));
#8018 = CARTESIAN_POINT('',(5.362873166494,312.18516280331));
#8019 = CARTESIAN_POINT('',(5.364277636845,313.53426017655));
#8020 = CARTESIAN_POINT('',(5.365720940259,314.88303103229));
#8021 = CARTESIAN_POINT('',(5.367203852697,316.23146111072));
#8022 = CARTESIAN_POINT('',(5.370024028359,318.72733991985));
#8023 = CARTESIAN_POINT('',(5.371350200543,319.87488595211));
#8024 = CARTESIAN_POINT('',(5.372706076003,321.02216637449));
#8025 = CARTESIAN_POINT('',(5.374092083984,322.1691726022));
#8026 = CARTESIAN_POINT('',(5.375508760852,323.31589501089));
#8027 = CARTESIAN_POINT('',(5.376956680282,324.46232350023));
#8028 = CARTESIAN_POINT('',(5.378436373206,325.60844809451));
#8029 = CARTESIAN_POINT('',(5.38128503644,327.76709121875));
#8030 = CARTESIAN_POINT('',(5.382646927039,328.77967841995));
#8031 = CARTESIAN_POINT('',(5.384034514801,329.79201231931));
#8032 = CARTESIAN_POINT('',(5.385448251117,330.80408510914));
#8033 = CARTESIAN_POINT('',(5.386888554082,331.81588885885));
#8034 = CARTESIAN_POINT('',(5.388355866863,332.82741525446));
#8035 = CARTESIAN_POINT('',(5.38985071273,333.83865537722));
#8036 = CARTESIAN_POINT('',(5.392695940607,335.72741917601));
#8037 = CARTESIAN_POINT('',(5.39403942569,336.60501544193));
#8038 = CARTESIAN_POINT('',(5.39540438731,337.48238302621));
#8039 = CARTESIAN_POINT('',(5.396791173233,338.35951569424));
#8040 = CARTESIAN_POINT('',(5.398200143786,339.23640695145));
#8041 = CARTESIAN_POINT('',(5.399631671851,340.11305004336));
#8042 = CARTESIAN_POINT('',(5.401086142871,340.98943795557));
#8043 = CARTESIAN_POINT('',(5.40530085194,343.48814143089));
#8044 = CARTESIAN_POINT('',(5.408117813637,345.10981883124));
#8045 = CARTESIAN_POINT('',(5.411017303677,346.73054968162));
#8046 = CARTESIAN_POINT('',(5.414002322471,348.35028467996));
#8047 = CARTESIAN_POINT('',(5.417075580113,349.96896915788));
#8048 = CARTESIAN_POINT('',(5.420240460776,351.58654501647));
#8049 = CARTESIAN_POINT('',(5.423500207222,353.20294835009));
#8050 = CARTESIAN_POINT('',(5.429388958224,356.03510355567));
#8051 = CARTESIAN_POINT('',(5.43197535369,357.25139138618));
#8052 = CARTESIAN_POINT('',(5.434619312452,358.46694508514));
#8053 = CARTESIAN_POINT('',(5.437322511742,359.68173325331));
#8054 = CARTESIAN_POINT('',(5.440086717811,360.89572222561));
#8055 = CARTESIAN_POINT('',(5.442913794367,362.10887597492));
#8056 = CARTESIAN_POINT('',(5.445805711012,363.32115601579));
#8057 = CARTESIAN_POINT('',(5.450911074903,365.41131946048));
#8058 = CARTESIAN_POINT('',(5.453092816894,366.28963603035));
#8059 = CARTESIAN_POINT('',(5.455310581089,367.16745535579));
#8060 = CARTESIAN_POINT('',(5.457565215471,368.04476098828));
#8061 = CARTESIAN_POINT('',(5.459857603197,368.92153556093));
#8062 = CARTESIAN_POINT('',(5.462188660164,369.7977607162));
#8063 = CARTESIAN_POINT('',(5.464559339558,370.67341709353));
#8064 = CARTESIAN_POINT('',(5.468829579348,372.22309620992));
#8065 = CARTESIAN_POINT('',(5.470713624453,372.89770804885));
#8066 = CARTESIAN_POINT('',(5.472623304986,373.57231986163));
#8067 = CARTESIAN_POINT('',(5.474559173989,374.2469316777));
#8068 = CARTESIAN_POINT('',(5.476521802575,374.9215435156));
#8069 = CARTESIAN_POINT('',(5.478511780172,375.59615535826));
#8070 = CARTESIAN_POINT('',(5.480529723662,376.27076717584));
#8071 = CARTESIAN_POINT('',(5.48586333434,378.02888623681));
#8072 = CARTESIAN_POINT('',(5.489220962209,379.11131985689));
#8073 = CARTESIAN_POINT('',(5.492651492052,380.19263197004));
#8074 = CARTESIAN_POINT('',(5.496157360283,381.27277081047));
#8075 = CARTESIAN_POINT('',(5.49974114153,382.35168051711));
#8076 = CARTESIAN_POINT('',(5.503405563461,383.42930091761));
#8077 = CARTESIAN_POINT('',(5.507153521614,384.50556731247));
#8078 = CARTESIAN_POINT('',(5.514858953625,386.66542450893));
#8079 = CARTESIAN_POINT('',(5.518818069025,387.74898725648));
#8080 = CARTESIAN_POINT('',(5.522868604842,388.83102730699));
#8081 = CARTESIAN_POINT('',(5.527014015304,389.91146777685));
#8082 = CARTESIAN_POINT('',(5.531257912226,390.99022452625));
#8083 = CARTESIAN_POINT('',(5.535604127289,392.06720616759));
#8084 = CARTESIAN_POINT('',(5.540056801194,393.14231413182));
#8085 = CARTESIAN_POINT('',(5.549244477122,395.30282200228));
#8086 = CARTESIAN_POINT('',(5.553982429514,396.3881668133));
#8087 = CARTESIAN_POINT('',(5.558838846522,397.47136584119));
#8088 = CARTESIAN_POINT('',(5.563818369275,398.55229608296));
#8089 = CARTESIAN_POINT('',(5.568926679842,399.6308256433));
#8090 = CARTESIAN_POINT('',(5.574169161531,400.70680700499));
#8091 = CARTESIAN_POINT('',(5.579552049698,401.78008078558));
#8092 = CARTESIAN_POINT('',(5.587884321414,403.39292555906));
#8093 = CARTESIAN_POINT('',(5.59072448882,403.93463840825));
#8094 = CARTESIAN_POINT('',(5.593603253596,404.47558755148));
#8095 = CARTESIAN_POINT('',(5.596521503832,405.01574883993));
#8096 = CARTESIAN_POINT('',(5.599480163732,405.5550968216));
#8097 = CARTESIAN_POINT('',(5.602480193613,406.09360474132));
#8098 = CARTESIAN_POINT('',(5.605522589904,406.63124454078));
#8099 = CARTESIAN_POINT('',(5.612098964436,407.77513719481));
#8100 = CARTESIAN_POINT('',(5.615651687724,408.38228804861));
#8101 = CARTESIAN_POINT('',(5.619268724975,408.98943863356));
#8102 = CARTESIAN_POINT('',(5.622952384766,409.59658890918));
#8103 = CARTESIAN_POINT('',(5.626705132694,410.20373919985));
#8104 = CARTESIAN_POINT('',(5.630529609784,410.81088981392));
#8105 = CARTESIAN_POINT('',(5.634428650894,411.4180406627));
#8106 = CARTESIAN_POINT('',(5.643707496917,412.83472309956));
#8107 = CARTESIAN_POINT('',(5.649147701406,413.64426006295));
#8108 = CARTESIAN_POINT('',(5.654733146447,414.4537945609));
#8109 = CARTESIAN_POINT('',(5.66047167124,415.26332673561));
#8110 = CARTESIAN_POINT('',(5.666372277866,416.07285772464));
#8111 = CARTESIAN_POINT('',(5.672444460479,416.882393126));
#8112 = CARTESIAN_POINT('',(5.678699373087,417.6919308911));
#8113 = CARTESIAN_POINT('',(5.68998689221,419.1086110429));
#8114 = CARTESIAN_POINT('',(5.69493419815,419.71576341816));
#8115 = CARTESIAN_POINT('',(5.699996546626,420.32291409823));
#8116 = CARTESIAN_POINT('',(5.705179663994,420.93006286202));
#8117 = CARTESIAN_POINT('',(5.710489848872,421.53721177822));
#8118 = CARTESIAN_POINT('',(5.715934066885,422.14436279038));
#8119 = CARTESIAN_POINT('',(5.721520045401,422.75151530199));
#8120 = CARTESIAN_POINT('',(5.731789866408,423.83850188516));
#8121 = CARTESIAN_POINT('',(5.736398444054,424.31634310609));
#8122 = CARTESIAN_POINT('',(5.741084220007,424.79210658325));
#8123 = CARTESIAN_POINT('',(5.745849416519,425.26570515344));
#8124 = CARTESIAN_POINT('',(5.750696359298,425.73704533133));
#8125 = CARTESIAN_POINT('',(5.755627477514,426.20602730944));
#8126 = CARTESIAN_POINT('',(5.760645303794,426.67254495819));
#8127 = CARTESIAN_POINT('',(5.773611267655,427.8503870933));
#8128 = CARTESIAN_POINT('',(5.781681543641,428.55817700242));
#8129 = CARTESIAN_POINT('',(5.789973068878,429.25945193466));
#8130 = CARTESIAN_POINT('',(5.798496153591,429.95375578676));
#8131 = CARTESIAN_POINT('',(5.807261703312,430.64057804357));
#8132 = CARTESIAN_POINT('',(5.81628129233,431.31935093525));
#8133 = CARTESIAN_POINT('',(5.825567258804,431.98944567878));
#8134 = CARTESIAN_POINT('',(5.844677049534,433.30941627426));
#8135 = CARTESIAN_POINT('',(5.854221868935,433.94014803918));
#8136 = CARTESIAN_POINT('',(5.863767200982,434.54367058294));
#8137 = CARTESIAN_POINT('',(5.873313195157,435.12119529063));
#8138 = CARTESIAN_POINT('',(5.882860043237,435.67384383767));
#8139 = CARTESIAN_POINT('',(5.892407981099,436.20265031623));
#8140 = CARTESIAN_POINT('',(5.901957249475,436.7085645349));
#8141 = CARTESIAN_POINT('',(5.926671255513,437.96075015824));
#8142 = CARTESIAN_POINT('',(5.942446320604,438.70436287401));
#8143 = CARTESIAN_POINT('',(5.958869470281,439.42084146171));
#8144 = CARTESIAN_POINT('',(5.975975674708,440.10723196978));
#8145 = CARTESIAN_POINT('',(5.99379735384,440.76012337284));
#8146 = CARTESIAN_POINT('',(6.012362981717,441.37569487102));
#8147 = CARTESIAN_POINT('',(6.031694874742,441.9497997335));
#8148 = CARTESIAN_POINT('',(6.076800766398,443.13473538517));
#8149 = CARTESIAN_POINT('',(6.103016082004,443.7210708742));
#8150 = CARTESIAN_POINT('',(6.130450910405,444.22790980247));
#8151 = CARTESIAN_POINT('',(6.159073857348,444.64602725803));
#8152 = CARTESIAN_POINT('',(6.188813867768,444.96684457193));
#8153 = CARTESIAN_POINT('',(6.219548313811,445.18341127271));
#8154 = CARTESIAN_POINT('',(6.251091301115,445.29162761748));
#8155 = CARTESIAN_POINT('',(6.28318530718,445.29162761748));
#8156 = ( GEOMETRIC_REPRESENTATION_CONTEXT(2) 
PARAMETRIC_REPRESENTATION_CONTEXT() REPRESENTATION_CONTEXT('2D SPACE',''
  ) );
#8157 = ORIENTED_EDGE('',*,*,#8158,.F.);
#8158 = EDGE_CURVE('',#8159,#7068,#8161,.T.);
#8159 = VERTEX_POINT('',#8160);
#8160 = CARTESIAN_POINT('',(306.1,-78.65,-50.5));
#8161 = SURFACE_CURVE('',#8162,(#8167,#8174),.PCURVE_S1.);
#8162 = CIRCLE('',#8163,3.);
#8163 = AXIS2_PLACEMENT_3D('',#8164,#8165,#8166);
#8164 = CARTESIAN_POINT('',(303.1,-78.65,-50.5));
#8165 = DIRECTION('',(0.,0.,1.));
#8166 = DIRECTION('',(1.,0.,0.));
#8167 = PCURVE('',#2335,#8168);
#8168 = DEFINITIONAL_REPRESENTATION('',(#8169),#8173);
#8169 = CIRCLE('',#8170,3.);
#8170 = AXIS2_PLACEMENT_2D('',#8171,#8172);
#8171 = CARTESIAN_POINT('',(313.1,221.35));
#8172 = DIRECTION('',(1.,0.));
#8173 = ( GEOMETRIC_REPRESENTATION_CONTEXT(2) 
PARAMETRIC_REPRESENTATION_CONTEXT() REPRESENTATION_CONTEXT('2D SPACE',''
  ) );
#8174 = PCURVE('',#8175,#8180);
#8175 = CYLINDRICAL_SURFACE('',#8176,3.);
#8176 = AXIS2_PLACEMENT_3D('',#8177,#8178,#8179);
#8177 = CARTESIAN_POINT('',(303.1,-78.65,-50.5));
#8178 = DIRECTION('',(-0.,-0.,-1.));
#8179 = DIRECTION('',(1.,0.,0.));
#8180 = DEFINITIONAL_REPRESENTATION('',(#8181),#8185);
#8181 = LINE('',#8182,#8183);
#8182 = CARTESIAN_POINT('',(-0.,0.));
#8183 = VECTOR('',#8184,1.);
#8184 = DIRECTION('',(-1.,0.));
#8185 = ( GEOMETRIC_REPRESENTATION_CONTEXT(2) 
PARAMETRIC_REPRESENTATION_CONTEXT() REPRESENTATION_CONTEXT('2D SPACE',''
  ) );
#8186 = ORIENTED_EDGE('',*,*,#8187,.F.);
#8187 = EDGE_CURVE('',#8188,#8159,#8190,.T.);
#8188 = VERTEX_POINT('',#8189);
#8189 = CARTESIAN_POINT('',(306.09974941456,-78.6887743455,-50.5));
#8190 = SURFACE_CURVE('',#8191,(#8196,#8203),.PCURVE_S1.);
#8191 = CIRCLE('',#8192,3.);
#8192 = AXIS2_PLACEMENT_3D('',#8193,#8194,#8195);
#8193 = CARTESIAN_POINT('',(303.1,-78.65,-50.5));
#8194 = DIRECTION('',(0.,0.,1.));
#8195 = DIRECTION('',(1.,0.,0.));
#8196 = PCURVE('',#2335,#8197);
#8197 = DEFINITIONAL_REPRESENTATION('',(#8198),#8202);
#8198 = CIRCLE('',#8199,3.);
#8199 = AXIS2_PLACEMENT_2D('',#8200,#8201);
#8200 = CARTESIAN_POINT('',(313.1,221.35));
#8201 = DIRECTION('',(1.,0.));
#8202 = ( GEOMETRIC_REPRESENTATION_CONTEXT(2) 
PARAMETRIC_REPRESENTATION_CONTEXT() REPRESENTATION_CONTEXT('2D SPACE',''
  ) );
#8203 = PCURVE('',#8175,#8204);
#8204 = DEFINITIONAL_REPRESENTATION('',(#8205),#8209);
#8205 = LINE('',#8206,#8207);
#8206 = CARTESIAN_POINT('',(-0.,0.));
#8207 = VECTOR('',#8208,1.);
#8208 = DIRECTION('',(-1.,0.));
#8209 = ( GEOMETRIC_REPRESENTATION_CONTEXT(2) 
PARAMETRIC_REPRESENTATION_CONTEXT() REPRESENTATION_CONTEXT('2D SPACE',''
  ) );
#8210 = ORIENTED_EDGE('',*,*,#8211,.T.);
#8211 = EDGE_CURVE('',#8188,#6749,#8212,.T.);
#8212 = SURFACE_CURVE('',#8213,(#8573,#8936),.PCURVE_S1.);
#8213 = B_SPLINE_CURVE_WITH_KNOTS('',8,(#8214,#8215,#8216,#8217,#8218,
    #8219,#8220,#8221,#8222,#8223,#8224,#8225,#8226,#8227,#8228,#8229,
    #8230,#8231,#8232,#8233,#8234,#8235,#8236,#8237,#8238,#8239,#8240,
    #8241,#8242,#8243,#8244,#8245,#8246,#8247,#8248,#8249,#8250,#8251,
    #8252,#8253,#8254,#8255,#8256,#8257,#8258,#8259,#8260,#8261,#8262,
    #8263,#8264,#8265,#8266,#8267,#8268,#8269,#8270,#8271,#8272,#8273,
    #8274,#8275,#8276,#8277,#8278,#8279,#8280,#8281,#8282,#8283,#8284,
    #8285,#8286,#8287,#8288,#8289,#8290,#8291,#8292,#8293,#8294,#8295,
    #8296,#8297,#8298,#8299,#8300,#8301,#8302,#8303,#8304,#8305,#8306,
    #8307,#8308,#8309,#8310,#8311,#8312,#8313,#8314,#8315,#8316,#8317,
    #8318,#8319,#8320,#8321,#8322,#8323,#8324,#8325,#8326,#8327,#8328,
    #8329,#8330,#8331,#8332,#8333,#8334,#8335,#8336,#8337,#8338,#8339,
    #8340,#8341,#8342,#8343,#8344,#8345,#8346,#8347,#8348,#8349,#8350,
    #8351,#8352,#8353,#8354,#8355,#8356,#8357,#8358,#8359,#8360,#8361,
    #8362,#8363,#8364,#8365,#8366,#8367,#8368,#8369,#8370,#8371,#8372,
    #8373,#8374,#8375,#8376,#8377,#8378,#8379,#8380,#8381,#8382,#8383,
    #8384,#8385,#8386,#8387,#8388,#8389,#8390,#8391,#8392,#8393,#8394,
    #8395,#8396,#8397,#8398,#8399,#8400,#8401,#8402,#8403,#8404,#8405,
    #8406,#8407,#8408,#8409,#8410,#8411,#8412,#8413,#8414,#8415,#8416,
    #8417,#8418,#8419,#8420,#8421,#8422,#8423,#8424,#8425,#8426,#8427,
    #8428,#8429,#8430,#8431,#8432,#8433,#8434,#8435,#8436,#8437,#8438,
    #8439,#8440,#8441,#8442,#8443,#8444,#8445,#8446,#8447,#8448,#8449,
    #8450,#8451,#8452,#8453,#8454,#8455,#8456,#8457,#8458,#8459,#8460,
    #8461,#8462,#8463,#8464,#8465,#8466,#8467,#8468,#8469,#8470,#8471,
    #8472,#8473,#8474,#8475,#8476,#8477,#8478,#8479,#8480,#8481,#8482,
    #8483,#8484,#8485,#8486,#8487,#8488,#8489,#8490,#8491,#8492,#8493,
    #8494,#8495,#8496,#8497,#8498,#8499,#8500,#8501,#8502,#8503,#8504,
    #8505,#8506,#8507,#8508,#8509,#8510,#8511,#8512,#8513,#8514,#8515,
    #8516,#8517,#8518,#8519,#8520,#8521,#8522,#8523,#8524,#8525,#8526,
    #8527,#8528,#8529,#8530,#8531,#8532,#8533,#8534,#8535,#8536,#8537,
    #8538,#8539,#8540,#8541,#8542,#8543,#8544,#8545,#8546,#8547,#8548,
    #8549,#8550,#8551,#8552,#8553,#8554,#8555,#8556,#8557,#8558,#8559,
    #8560,#8561,#8562,#8563,#8564,#8565,#8566,#8567,#8568,#8569,#8570,
    #8571,#8572),.UNSPECIFIED.,.F.,.F.,(9,7,7,7,7,7,7,7,7,7,7,7,7,7,7,7,
    7,7,7,7,7,7,7,7,7,7,7,7,7,7,7,7,7,7,7,7,7,7,7,7,7,7,7,7,7,7,7,7,7,7,
    7,9),(0.,3.408237715675E-02,6.04754119683E-02,8.443118553337E-02,
    9.799083494423E-02,0.11270383537,0.131486558703,0.145706328701,
    0.166809544435,0.187560166581,0.208064970224,0.223030279369,
    0.235274622785,0.252920408526,0.271847130391,0.290712665457,
    0.308188224952,0.324303624371,0.339076071692,0.352505573391,
    0.365935073333,0.391438577473,0.414241609181,0.433013887366,
    0.450442635206,0.465023882241,0.49183939908,0.511956660066,
    0.526711831963,0.549522129639,0.573692209878,0.604611461752,
    0.631539326844,0.65446673731,0.674733312093,0.692331091323,
    0.724922051287,0.749478690062,0.767293571267,0.781027520532,
    0.803085885097,0.825352989286,0.847915851608,0.859350278496,
    0.872284634334,0.88953041224,0.902464764612,0.912686968548,
    0.928416654927,0.944111258291,0.969029720752,1.),.UNSPECIFIED.);
#8214 = CARTESIAN_POINT('',(39.109353124344,0.,-50.5));
#8215 = CARTESIAN_POINT('',(39.109353124344,-2.603715254718,-50.5));
#8216 = CARTESIAN_POINT('',(39.208291164201,-5.208213493685,-50.5));
#8217 = CARTESIAN_POINT('',(39.406272031898,-7.797817980613,-50.5));
#8218 = CARTESIAN_POINT('',(39.700569978129,-10.35973864339,-50.5));
#8219 = CARTESIAN_POINT('',(40.086600605605,-12.88368949851,-50.5));
#8220 = CARTESIAN_POINT('',(40.558631735488,-15.36153669835,-50.5));
#8221 = CARTESIAN_POINT('',(41.110307519462,-17.7870146307,-50.5));
#8222 = CARTESIAN_POINT('',(42.218861874385,-21.98971446983,-50.5));
#8223 = CARTESIAN_POINT('',(42.746699938294,-23.79054494881,-50.5));
#8224 = CARTESIAN_POINT('',(43.31584837984,-25.55684430462,-50.5));
#8225 = CARTESIAN_POINT('',(43.923641374047,-27.28797004951,-50.5));
#8226 = CARTESIAN_POINT('',(44.567556290324,-28.98371555642,-50.5));
#8227 = CARTESIAN_POINT('',(45.245270667342,-30.64424070879,-50.5));
#8228 = CARTESIAN_POINT('',(45.954707010803,-32.27002915229,-50.5));
#8229 = CARTESIAN_POINT('',(47.365174552488,-35.30667783224,-50.5));
#8230 = CARTESIAN_POINT('',(48.060868203332,-36.72338685247,-50.5));
#8231 = CARTESIAN_POINT('',(48.779795303318,-38.11250015408,-50.5));
#8232 = CARTESIAN_POINT('',(49.520685979084,-39.47458329971,-50.5));
#8233 = CARTESIAN_POINT('',(50.282370654578,-40.81020520588,-50.5));
#8234 = CARTESIAN_POINT('',(51.063792541859,-42.1199603076,-50.5));
#8235 = CARTESIAN_POINT('',(51.863993336044,-43.40447210572,-50.5));
#8236 = CARTESIAN_POINT('',(53.145223218338,-45.37753829509,-50.5));
#8237 = CARTESIAN_POINT('',(53.614051455287,-46.08279384548,-50.5));
#8238 = CARTESIAN_POINT('',(54.088459527744,-46.7802643116,-50.5));
#8239 = CARTESIAN_POINT('',(54.568295941713,-47.47005668614,-50.5));
#8240 = CARTESIAN_POINT('',(55.053415822965,-48.15227660473,-50.5));
#8241 = CARTESIAN_POINT('',(55.543680917034,-48.82702834602,-50.5));
#8242 = CARTESIAN_POINT('',(56.038959589218,-49.49441483162,-50.5));
#8243 = CARTESIAN_POINT('',(57.081837076412,-50.87080887047,-50.5));
#8244 = CARTESIAN_POINT('',(57.626724628759,-51.57380535472,-50.5));
#8245 = CARTESIAN_POINT('',(58.173750957218,-52.26418880238,-50.5));
#8246 = CARTESIAN_POINT('',(58.722884603085,-52.94255197465,-50.5));
#8247 = CARTESIAN_POINT('',(59.274097227709,-53.60942700341,-50.5));
#8248 = CARTESIAN_POINT('',(59.827360239806,-54.26529236662,-50.5));
#8249 = CARTESIAN_POINT('',(60.382641995748,-54.91057850623,-50.5));
#8250 = CARTESIAN_POINT('',(61.651312307601,-56.35643717427,-50.5));
#8251 = CARTESIAN_POINT('',(62.370121251148,-57.15534567957,-50.5));
#8252 = CARTESIAN_POINT('',(63.096095740239,-57.94260613071,-50.5));
#8253 = CARTESIAN_POINT('',(63.829009700514,-58.71841834864,-50.5));
#8254 = CARTESIAN_POINT('',(64.568647090709,-59.48297340696,-50.5));
#8255 = CARTESIAN_POINT('',(65.314801630805,-60.23645434519,-50.5));
#8256 = CARTESIAN_POINT('',(66.067276814093,-60.97903763722,-50.5));
#8257 = CARTESIAN_POINT('',(67.400203933295,-62.2649603973,-50.5));
#8258 = CARTESIAN_POINT('',(67.976285977246,-62.81118825712,-50.5));
#8259 = CARTESIAN_POINT('',(68.554102101703,-63.34980431041,-50.5));
#8260 = CARTESIAN_POINT('',(69.133623259212,-63.88101711668,-50.5));
#8261 = CARTESIAN_POINT('',(69.714822524087,-64.40502240339,-50.5));
#8262 = CARTESIAN_POINT('',(70.297674938872,-64.92200496037,-50.5));
#8263 = CARTESIAN_POINT('',(70.882156271346,-65.43213850436,-50.5));
#8264 = CARTESIAN_POINT('',(72.338034339775,-66.68273404002,-50.5));
#8265 = CARTESIAN_POINT('',(73.214336065242,-67.41771110436,-50.5));
#8266 = CARTESIAN_POINT('',(74.096936090823,-68.1407197412,-50.5));
#8267 = CARTESIAN_POINT('',(74.985617795602,-68.85194638,-50.5));
#8268 = CARTESIAN_POINT('',(75.880204587985,-69.55158969355,-50.5));
#8269 = CARTESIAN_POINT('',(76.780478912089,-70.23981145582,-50.5));
#8270 = CARTESIAN_POINT('',(77.686275660245,-70.91679495936,-50.5));
#8271 = CARTESIAN_POINT('',(79.493342915817,-72.23749648701,-50.5));
#8272 = CARTESIAN_POINT('',(80.39443449798,-72.88158020931,-50.5));
#8273 = CARTESIAN_POINT('',(81.300533883993,-73.51512158017,-50.5));
#8274 = CARTESIAN_POINT('',(82.211479607707,-74.13827532942,-50.5));
#8275 = CARTESIAN_POINT('',(83.127121063363,-74.75119169891,-50.5));
#8276 = CARTESIAN_POINT('',(84.047310626732,-75.35401592648,-50.5));
#8277 = CARTESIAN_POINT('',(84.971898906611,-75.94688804391,-50.5));
#8278 = CARTESIAN_POINT('',(86.818606733517,-77.10609732231,-50.5));
#8279 = CARTESIAN_POINT('',(87.740624797516,-77.67266504876,-50.5));
#8280 = CARTESIAN_POINT('',(88.666679722695,-78.22978230427,-50.5));
#8281 = CARTESIAN_POINT('',(89.596645897281,-78.7775779151,-50.5));
#8282 = CARTESIAN_POINT('',(90.530401163392,-79.31617699831,-50.5));
#8283 = CARTESIAN_POINT('',(91.467826832715,-79.84570132112,-50.5));
#8284 = CARTESIAN_POINT('',(92.408807702181,-80.36626966041,-50.5));
#8285 = CARTESIAN_POINT('',(94.042514584576,-81.25148016962,-50.5));
#8286 = CARTESIAN_POINT('',(94.733010933272,-81.61991764195,-50.5));
#8287 = CARTESIAN_POINT('',(95.424697915029,-81.98338350728,-50.5));
#8288 = CARTESIAN_POINT('',(96.117552875954,-82.34194777272,-50.5));
#8289 = CARTESIAN_POINT('',(96.811553478065,-82.69567773685,-50.5));
#8290 = CARTESIAN_POINT('',(97.5066774684,-83.04463820215,-50.5));
#8291 = CARTESIAN_POINT('',(98.202902448113,-83.38889168751,-50.5));
#8292 = CARTESIAN_POINT('',(99.470726416231,-84.00635886522,-50.5));
#8293 = CARTESIAN_POINT('',(100.04196902455,-84.28110866399,-50.5));
#8294 = CARTESIAN_POINT('',(100.61392131597,-84.55278098831,-50.5));
#8295 = CARTESIAN_POINT('',(101.18657090087,-84.82140799678,-50.5));
#8296 = CARTESIAN_POINT('',(101.75990531417,-85.08702101978,-50.5));
#8297 = CARTESIAN_POINT('',(102.33391217903,-85.34965052407,-50.5));
#8298 = CARTESIAN_POINT('',(102.90857937039,-85.60932607725,-50.5));
#8299 = CARTESIAN_POINT('',(104.31300451853,-86.23608877319,-50.5));
#8300 = CARTESIAN_POINT('',(105.14405159989,-86.60028889563,-50.5));
#8301 = CARTESIAN_POINT('',(105.9769838329,-86.95873649902,-50.5));
#8302 = CARTESIAN_POINT('',(106.81174965213,-87.311490476,-50.5));
#8303 = CARTESIAN_POINT('',(107.64829851669,-87.65860879255,-50.5));
#8304 = CARTESIAN_POINT('',(108.48658091013,-88.00014848798,-50.5));
#8305 = CARTESIAN_POINT('',(109.32654834053,-88.33616567492,-50.5));
#8306 = CARTESIAN_POINT('',(111.07085180833,-89.02126055299,-50.5));
#8307 = CARTESIAN_POINT('',(111.97543416336,-89.36951554328,-50.5));
#8308 = CARTESIAN_POINT('',(112.88184207905,-89.71154878953,-50.5));
#8309 = CARTESIAN_POINT('',(113.79001452247,-90.04742961358,-50.5));
#8310 = CARTESIAN_POINT('',(114.69990201669,-90.37721922251,-50.5));
#8311 = CARTESIAN_POINT('',(115.61145662385,-90.70097764649,-50.5));
#8312 = CARTESIAN_POINT('',(116.52462267416,-91.01877002241,-50.5));
#8313 = CARTESIAN_POINT('',(118.35112669218,-91.64153265506,-50.5));
#8314 = CARTESIAN_POINT('',(119.26445420093,-91.94654091912,-50.5));
#8315 = CARTESIAN_POINT('',(120.17928469422,-92.24574250814,-50.5));
#8316 = CARTESIAN_POINT('',(121.09557505929,-92.53919205971,-50.5));
#8317 = CARTESIAN_POINT('',(122.01327352035,-92.82695238361,-50.5));
#8318 = CARTESIAN_POINT('',(122.93233120703,-93.10908352498,-50.5));
#8319 = CARTESIAN_POINT('',(123.85271230868,-93.38563326712,-50.5));
#8320 = CARTESIAN_POINT('',(125.62812789623,-93.90771267382,-50.5));
#8321 = CARTESIAN_POINT('',(126.48298091286,-94.15402631235,-50.5));
#8322 = CARTESIAN_POINT('',(127.33889930667,-94.39564047975,-50.5));
#8323 = CARTESIAN_POINT('',(128.19585069796,-94.63259704222,-50.5));
#8324 = CARTESIAN_POINT('',(129.05380325454,-94.86493739501,-50.5));
#8325 = CARTESIAN_POINT('',(129.91272569176,-95.09270246236,-50.5));
#8326 = CARTESIAN_POINT('',(130.77258727249,-95.31593269759,-50.5));
#8327 = CARTESIAN_POINT('',(132.42713273475,-95.73637882674,-50.5));
#8328 = CARTESIAN_POINT('',(133.22148908037,-95.93421890419,-50.5));
#8329 = CARTESIAN_POINT('',(134.01641083446,-96.12822401318,-50.5));
#8330 = CARTESIAN_POINT('',(134.81188329241,-96.31842768583,-50.5));
#8331 = CARTESIAN_POINT('',(135.60789183158,-96.50486274787,-50.5));
#8332 = CARTESIAN_POINT('',(136.40442139713,-96.68756195039,-50.5));
#8333 = CARTESIAN_POINT('',(137.20145669648,-96.86655777372,-50.5));
#8334 = CARTESIAN_POINT('',(138.73004886863,-97.20259470752,-50.5));
#8335 = CARTESIAN_POINT('',(139.46152745515,-97.36022241104,-50.5));
#8336 = CARTESIAN_POINT('',(140.19340692503,-97.51478903661,-50.5));
#8337 = CARTESIAN_POINT('',(140.9256759791,-97.66631801236,-50.5));
#8338 = CARTESIAN_POINT('',(141.65832306077,-97.81483296963,-50.5));
#8339 = CARTESIAN_POINT('',(142.39133631859,-97.96035779888,-50.5));
#8340 = CARTESIAN_POINT('',(143.12470442665,-98.1029154638,-50.5));
#8341 = CARTESIAN_POINT('',(144.5254310467,-98.36944389453,-50.5));
#8342 = CARTESIAN_POINT('',(145.19272979801,-98.49392656424,-50.5));
#8343 = CARTESIAN_POINT('',(145.8603072298,-98.61598945644,-50.5));
#8344 = CARTESIAN_POINT('',(146.5281560551,-98.73564825369,-50.5));
#8345 = CARTESIAN_POINT('',(147.1962689871,-98.8529184476,-50.5));
#8346 = CARTESIAN_POINT('',(147.86463873907,-98.96781533876,-50.5));
#8347 = CARTESIAN_POINT('',(148.53325802439,-99.0803540368,-50.5));
#8348 = CARTESIAN_POINT('',(149.87098100128,-99.30074486944,-50.5));
#8349 = CARTESIAN_POINT('',(150.54008480421,-99.4085971874,-50.5));
#8350 = CARTESIAN_POINT('',(151.20942370766,-99.51412088396,-50.5));
#8351 = CARTESIAN_POINT('',(151.87899021143,-99.61733091026,-50.5));
#8352 = CARTESIAN_POINT('',(152.54877683094,-99.71824223681,-50.5));
#8353 = CARTESIAN_POINT('',(153.21877635557,-99.81686939128,-50.5));
#8354 = CARTESIAN_POINT('',(153.8889821068,-99.91322599646,-50.5));
#8355 = CARTESIAN_POINT('',(155.83253347785,-100.1860231943,-50.5));
#8356 = CARTESIAN_POINT('',(157.10660824269,-100.3566077852,-50.5));
#8357 = CARTESIAN_POINT('',(158.38155632516,-100.5191584024,-50.5));
#8358 = CARTESIAN_POINT('',(159.65731990984,-100.6737607179,-50.5));
#8359 = CARTESIAN_POINT('',(160.93384596237,-100.8204909999,-50.5));
#8360 = CARTESIAN_POINT('',(162.21108141658,-100.9594270476,-50.5));
#8361 = CARTESIAN_POINT('',(163.48897019887,-101.0906550418,-50.5));
#8362 = CARTESIAN_POINT('',(165.91058500285,-101.3247438111,-50.5));
#8363 = CARTESIAN_POINT('',(167.0541894978,-101.4291367917,-50.5));
#8364 = CARTESIAN_POINT('',(168.19824438556,-101.5274710971,-50.5));
#8365 = CARTESIAN_POINT('',(169.34271595557,-101.6197958074,-50.5));
#8366 = CARTESIAN_POINT('',(170.48757105651,-101.7061594673,-50.5));
#8367 = CARTESIAN_POINT('',(171.6327770963,-101.7866100862,-50.5));
#8368 = CARTESIAN_POINT('',(172.77830204209,-101.8611951378,-50.5));
#8369 = CARTESIAN_POINT('',(174.86738849833,-101.98657256,-50.5));
#8370 = CARTESIAN_POINT('',(175.81085720832,-102.0392406016,-50.5));
#8371 = CARTESIAN_POINT('',(176.75450327443,-102.0879910246,-50.5));
#8372 = CARTESIAN_POINT('',(177.69831066148,-102.1328461955,-50.5));
#8373 = CARTESIAN_POINT('',(178.64226359623,-102.1738281041,-50.5));
#8374 = CARTESIAN_POINT('',(179.58634615625,-102.21095946,-50.5));
#8375 = CARTESIAN_POINT('',(180.53054242638,-102.2442632922,-50.5));
#8376 = CARTESIAN_POINT('',(182.35154892131,-102.301147656,-50.5));
#8377 = CARTESIAN_POINT('',(183.22834549793,-102.3252534785,-50.5));
#8378 = CARTESIAN_POINT('',(184.10521429708,-102.3460972352,-50.5));
#8379 = CARTESIAN_POINT('',(184.98214395245,-102.3636935983,-50.5));
#8380 = CARTESIAN_POINT('',(185.85912140922,-102.3780632993,-50.5));
#8381 = CARTESIAN_POINT('',(186.73613438413,-102.3892246052,-50.5));
#8382 = CARTESIAN_POINT('',(187.61317324213,-102.3971869162,-50.5));
#8383 = CARTESIAN_POINT('',(189.22398677561,-102.4059665517,-50.5));
#8384 = CARTESIAN_POINT('',(189.95775725746,-102.407738402,-50.5));
#8385 = CARTESIAN_POINT('',(190.6915312434,-102.4072913467,-50.5));
#8386 = CARTESIAN_POINT('',(191.42530231325,-102.4046338752,-50.5));
#8387 = CARTESIAN_POINT('',(192.15906409781,-102.399774408,-50.5));
#8388 = CARTESIAN_POINT('',(192.89281027878,-102.3927212967,-50.5));
#8389 = CARTESIAN_POINT('',(193.62653458884,-102.3834828236,-50.5));
#8390 = CARTESIAN_POINT('',(195.70952853407,-102.3510734025,-50.5));
#8391 = CARTESIAN_POINT('',(197.05873127144,-102.322715927,-50.5));
#8392 = CARTESIAN_POINT('',(198.40780062679,-102.287046337,-50.5));
#8393 = CARTESIAN_POINT('',(199.75669580397,-102.2441251174,-50.5));
#8394 = CARTESIAN_POINT('',(201.10538839594,-102.1939607875,-50.5));
#8395 = CARTESIAN_POINT('',(202.45383627822,-102.1366232553,-50.5));
#8396 = CARTESIAN_POINT('',(203.80200808352,-102.072136856,-50.5));
#8397 = CARTESIAN_POINT('',(206.16104569797,-101.9468374558,-50.5));
#8398 = CARTESIAN_POINT('',(207.17204780098,-101.8891304567,-50.5));
#8399 = CARTESIAN_POINT('',(208.18286015196,-101.8274389545,-50.5));
#8400 = CARTESIAN_POINT('',(209.19346729347,-101.7617859435,-50.5));
#8401 = CARTESIAN_POINT('',(210.20385563803,-101.6921816056,-50.5));
#8402 = CARTESIAN_POINT('',(211.21401200901,-101.6186338156,-50.5));
#8403 = CARTESIAN_POINT('',(212.22392195154,-101.5411600987,-50.5));
#8404 = CARTESIAN_POINT('',(213.9741084628,-101.4000743759,-50.5));
#8405 = CARTESIAN_POINT('',(214.71453489115,-101.3382695244,-50.5));
#8406 = CARTESIAN_POINT('',(215.45484726562,-101.2743601936,-50.5));
#8407 = CARTESIAN_POINT('',(216.19504141563,-101.2083506879,-50.5));
#8408 = CARTESIAN_POINT('',(216.9351131706,-101.1402452245,-50.5));
#8409 = CARTESIAN_POINT('',(217.67505835993,-101.0700479335,-50.5));
#8410 = CARTESIAN_POINT('',(218.41487281303,-100.9977628583,-50.5));
#8411 = CARTESIAN_POINT('',(220.298036878,-100.8084256688,-50.5));
#8412 = CARTESIAN_POINT('',(221.44111052717,-100.6884866258,-50.5));
#8413 = CARTESIAN_POINT('',(222.58375410783,-100.5635886887,-50.5));
#8414 = CARTESIAN_POINT('',(223.72594848676,-100.4337432842,-50.5));
#8415 = CARTESIAN_POINT('',(224.86767459642,-100.298961403,-50.5));
#8416 = CARTESIAN_POINT('',(226.00891343503,-100.1592536,-50.5));
#8417 = CARTESIAN_POINT('',(227.14964606649,-100.0146299941,-50.5));
#8418 = CARTESIAN_POINT('',(229.49803198185,-99.7066566773,-50.5));
#8419 = CARTESIAN_POINT('',(230.70562073689,-99.54270444406,-50.5));
#8420 = CARTESIAN_POINT('',(231.91259761586,-99.37325458932,-50.5));
#8421 = CARTESIAN_POINT('',(233.11893992215,-99.19832697247,-50.5));
#8422 = CARTESIAN_POINT('',(234.32462548207,-99.01790263139,-50.5));
#8423 = CARTESIAN_POINT('',(235.52963164038,-98.83200672728,-50.5));
#8424 = CARTESIAN_POINT('',(236.73393613036,-98.6406321084,-50.5));
#8425 = CARTESIAN_POINT('',(239.47718044912,-98.19197182814,-50.5));
#8426 = CARTESIAN_POINT('',(241.01565933589,-97.93120453044,-50.5));
#8427 = CARTESIAN_POINT('',(242.55290522169,-97.66147596736,-50.5));
#8428 = CARTESIAN_POINT('',(244.08887450736,-97.38283784529,-50.5));
#8429 = CARTESIAN_POINT('',(245.62351384015,-97.09521922405,-50.5));
#8430 = CARTESIAN_POINT('',(247.15677821626,-96.79865078642,-50.5));
#8431 = CARTESIAN_POINT('',(248.68861729705,-96.49310385791,-50.5));
#8432 = CARTESIAN_POINT('',(251.55179176774,-95.90463692211,-50.5));
#8433 = CARTESIAN_POINT('',(252.88348286602,-95.62388772091,-50.5));
#8434 = CARTESIAN_POINT('',(254.21402291637,-95.33630752216,-50.5));
#8435 = CARTESIAN_POINT('',(255.54338179138,-95.04190721962,-50.5));
#8436 = CARTESIAN_POINT('',(256.87151967449,-94.74062614113,-50.5));
#8437 = CARTESIAN_POINT('',(258.19840644714,-94.4324770211,-50.5));
#8438 = CARTESIAN_POINT('',(259.52400492768,-94.1174209715,-50.5));
#8439 = CARTESIAN_POINT('',(261.97581896524,-93.52129201259,-50.5));
#8440 = CARTESIAN_POINT('',(263.10239831341,-93.24212399306,-50.5));
#8441 = CARTESIAN_POINT('',(264.22799594692,-92.95791728766,-50.5));
#8442 = CARTESIAN_POINT('',(265.35259168093,-92.6686659849,-50.5));
#8443 = CARTESIAN_POINT('',(266.47616125109,-92.37434534911,-50.5));
#8444 = CARTESIAN_POINT('',(267.59867948089,-92.07492674247,-50.5));
#8445 = CARTESIAN_POINT('',(268.72012384272,-91.77039462901,-50.5));
#8446 = CARTESIAN_POINT('',(270.83079324202,-91.18698809427,-50.5));
#8447 = CARTESIAN_POINT('',(271.82025838535,-90.90923766388,-50.5));
#8448 = CARTESIAN_POINT('',(272.80884855375,-90.62745645052,-50.5));
#8449 = CARTESIAN_POINT('',(273.79654505573,-90.34162187914,-50.5));
#8450 = CARTESIAN_POINT('',(274.78333181,-90.05172067835,-50.5));
#8451 = CARTESIAN_POINT('',(275.76919198699,-89.75773729617,-50.5));
#8452 = CARTESIAN_POINT('',(276.75410490307,-89.45964307563,-50.5));
#8453 = CARTESIAN_POINT('',(278.59242831288,-88.89498812523,-50.5));
#8454 = CARTESIAN_POINT('',(279.44607634199,-88.62944395813,-50.5));
#8455 = CARTESIAN_POINT('',(280.29898344359,-88.36076845781,-50.5));
#8456 = CARTESIAN_POINT('',(281.15113682252,-88.08894577806,-50.5));
#8457 = CARTESIAN_POINT('',(282.00252347012,-87.81395956331,-50.5));
#8458 = CARTESIAN_POINT('',(282.85313016431,-87.53579294861,-50.5));
#8459 = CARTESIAN_POINT('',(283.70294346952,-87.25442855965,-50.5));
#8460 = CARTESIAN_POINT('',(286.12430320829,-86.44280832234,-50.5));
#8461 = CARTESIAN_POINT('',(287.69388777603,-85.90473765204,-50.5));
#8462 = CARTESIAN_POINT('',(289.26062215368,-85.35553625333,-50.5));
#8463 = CARTESIAN_POINT('',(290.82439616151,-84.79502628304,-50.5));
#8464 = CARTESIAN_POINT('',(292.38512897077,-84.22311283598,-50.5));
#8465 = CARTESIAN_POINT('',(293.94270261575,-83.63960355333,-50.5));
#8466 = CARTESIAN_POINT('',(295.49702146911,-83.04436548769,-50.5));
#8467 = CARTESIAN_POINT('',(298.21657908867,-81.97973993653,-50.5));
#8468 = CARTESIAN_POINT('',(299.38327399193,-81.51550125019,-50.5));
#8469 = CARTESIAN_POINT('',(300.54800478013,-81.04441950617,-50.5));
#8470 = CARTESIAN_POINT('',(301.71071955853,-80.56641171949,-50.5));
#8471 = CARTESIAN_POINT('',(302.87136457204,-80.08139139513,-50.5));
#8472 = CARTESIAN_POINT('',(304.02988414909,-79.58926815278,-50.5));
#8473 = CARTESIAN_POINT('',(305.18622064548,-79.08994735172,-50.5));
#8474 = CARTESIAN_POINT('',(307.17756427073,-78.2157984306,-50.5));
#8475 = CARTESIAN_POINT('',(308.01363390145,-77.84442738872,-50.5));
#8476 = CARTESIAN_POINT('',(308.84849982197,-77.46917737066,-50.5));
#8477 = CARTESIAN_POINT('',(309.68213688263,-77.0900058197,-50.5));
#8478 = CARTESIAN_POINT('',(310.51451913373,-76.70686871936,-50.5));
#8479 = CARTESIAN_POINT('',(311.34562018998,-76.3197213126,-50.5));
#8480 = CARTESIAN_POINT('',(312.17541306824,-75.92851766244,-50.5));
#8481 = CARTESIAN_POINT('',(313.64254782867,-75.22845549941,-50.5));
#8482 = CARTESIAN_POINT('',(314.28076332658,-74.92110407395,-50.5));
#8483 = CARTESIAN_POINT('',(314.9185113397,-74.61112418201,-50.5));
#8484 = CARTESIAN_POINT('',(315.55578669735,-74.29848311759,-50.5));
#8485 = CARTESIAN_POINT('',(316.19258453707,-73.98314754614,-50.5));
#8486 = CARTESIAN_POINT('',(316.82890038392,-73.66508361005,-50.5));
#8487 = CARTESIAN_POINT('',(317.46472948259,-73.34425565759,-50.5));
#8488 = CARTESIAN_POINT('',(319.12049079875,-72.50083181002,-50.5));
#8489 = CARTESIAN_POINT('',(320.13863316145,-71.97432213056,-50.5));
#8490 = CARTESIAN_POINT('',(321.15442795572,-71.44098148957,-50.5));
#8491 = CARTESIAN_POINT('',(322.16780751053,-70.90069216064,-50.5));
#8492 = CARTESIAN_POINT('',(323.17870086624,-70.35333108923,-50.5));
#8493 = CARTESIAN_POINT('',(324.18703364229,-69.79876922334,-50.5));
#8494 = CARTESIAN_POINT('',(325.19272790489,-69.23687084418,-50.5));
#8495 = CARTESIAN_POINT('',(327.20816736885,-68.09272689197,-50.5));
#8496 = CARTESIAN_POINT('',(328.21786019612,-67.5103399773,-50.5));
#8497 = CARTESIAN_POINT('',(329.22469713843,-66.92018536817,-50.5));
#8498 = CARTESIAN_POINT('',(330.22858093165,-66.32209448895,-50.5));
#8499 = CARTESIAN_POINT('',(331.22941358607,-65.71589872494,-50.5));
#8500 = CARTESIAN_POINT('',(332.22709273692,-65.10142250353,-50.5));
#8501 = CARTESIAN_POINT('',(333.2215059342,-64.47847283753,-50.5));
#8502 = CARTESIAN_POINT('',(335.21673247869,-63.2068386984,-50.5));
#8503 = CARTESIAN_POINT('',(336.21745388958,-62.55792418593,-50.5));
#8504 = CARTESIAN_POINT('',(337.21457595817,-61.89988848472,-50.5));
#8505 = CARTESIAN_POINT('',(338.20799134406,-61.23254465209,-50.5));
#8506 = CARTESIAN_POINT('',(339.19751885319,-60.55559743341,-50.5));
#8507 = CARTESIAN_POINT('',(340.18303044563,-59.8688301909,-50.5));
#8508 = CARTESIAN_POINT('',(341.16434807948,-59.17195139141,-50.5));
#8509 = CARTESIAN_POINT('',(342.63639851025,-58.10623906843,-50.5));
#8510 = CARTESIAN_POINT('',(343.13037617224,-57.74513359707,-50.5));
#8511 = CARTESIAN_POINT('',(343.62320860639,-57.38131972968,-50.5));
#8512 = CARTESIAN_POINT('',(344.11487173446,-57.01475840508,-50.5));
#8513 = CARTESIAN_POINT('',(344.60534043285,-56.64540916912,-50.5));
#8514 = CARTESIAN_POINT('',(345.09458853258,-56.27323017477,-50.5));
#8515 = CARTESIAN_POINT('',(345.58258881926,-55.89817818204,-50.5));
#8516 = CARTESIAN_POINT('',(346.61988406216,-55.09265817344,-50.5));
#8517 = CARTESIAN_POINT('',(347.16986371429,-54.66056475928,-50.5));
#8518 = CARTESIAN_POINT('',(347.71924380693,-54.22380203476,-50.5));
#8519 = CARTESIAN_POINT('',(348.26801683123,-53.78223548721,-50.5));
#8520 = CARTESIAN_POINT('',(348.81617560819,-53.33572143241,-50.5));
#8521 = CARTESIAN_POINT('',(349.36371294474,-52.8841060748,-50.5));
#8522 = CARTESIAN_POINT('',(349.91062128975,-52.42722456775,-50.5));
#8523 = CARTESIAN_POINT('',(351.18525259541,-51.34846848323,-50.5));
#8524 = CARTESIAN_POINT('',(351.9124855492,-50.72235639433,-50.5));
#8525 = CARTESIAN_POINT('',(352.63856444614,-50.08614459919,-50.5));
#8526 = CARTESIAN_POINT('',(353.36348075937,-49.43938285762,-50.5));
#8527 = CARTESIAN_POINT('',(354.08719883175,-48.7815361677,-50.5));
#8528 = CARTESIAN_POINT('',(354.80973154454,-48.11206581318,-50.5));
#8529 = CARTESIAN_POINT('',(355.53103945643,-47.43031188277,-50.5));
#8530 = CARTESIAN_POINT('',(356.79114015999,-46.21449206415,-50.5));
#8531 = CARTESIAN_POINT('',(357.33048618845,-45.68610758095,-50.5));
#8532 = CARTESIAN_POINT('',(357.86912103349,-45.15010000095,-50.5));
#8533 = CARTESIAN_POINT('',(358.40703525918,-44.60613484475,-50.5));
#8534 = CARTESIAN_POINT('',(358.94422145846,-44.05384312494,-50.5));
#8535 = CARTESIAN_POINT('',(359.48067211658,-43.49281663125,-50.5));
#8536 = CARTESIAN_POINT('',(360.01637747465,-42.92260321571,-50.5));
#8537 = CARTESIAN_POINT('',(360.97409881433,-41.88439790275,-50.5));
#8538 = CARTESIAN_POINT('',(361.39464253307,-41.42194650359,-50.5));
#8539 = CARTESIAN_POINT('',(361.81288586039,-40.95526436402,-50.5));
#8540 = CARTESIAN_POINT('',(362.22875502814,-40.48426458776,-50.5));
#8541 = CARTESIAN_POINT('',(362.64217118893,-40.00885689859,-50.5));
#8542 = CARTESIAN_POINT('',(363.05305041619,-39.5289476404,-50.5));
#8543 = CARTESIAN_POINT('',(363.4613037041,-39.04443977711,-50.5));
#8544 = CARTESIAN_POINT('',(364.49086199107,-37.80245287445,-50.5));
#8545 = CARTESIAN_POINT('',(365.10843704946,-37.03855401599,-50.5));
#8546 = CARTESIAN_POINT('',(365.71922383613,-36.26315762792,-50.5));
#8547 = CARTESIAN_POINT('',(366.32284261643,-35.475875312,-50.5));
#8548 = CARTESIAN_POINT('',(366.91887130623,-34.67630659025,-50.5));
#8549 = CARTESIAN_POINT('',(367.50684376698,-33.86403517586,-50.5));
#8550 = CARTESIAN_POINT('',(368.0862473175,-33.0386238861,-50.5));
#8551 = CARTESIAN_POINT('',(369.22551968915,-31.36246382307,-50.5));
#8552 = CARTESIAN_POINT('',(369.76886968531,-30.5361385257,-50.5));
#8553 = CARTESIAN_POINT('',(370.28784107917,-29.72022214053,-50.5));
#8554 = CARTESIAN_POINT('',(370.78360374105,-28.91430742262,-50.5));
#8555 = CARTESIAN_POINT('',(371.25724140457,-28.11800541347,-50.5));
#8556 = CARTESIAN_POINT('',(371.70974810166,-27.330944402,-50.5));
#8557 = CARTESIAN_POINT('',(372.14202757688,-26.55277118629,-50.5));
#8558 = CARTESIAN_POINT('',(373.2104674309,-24.5612759465,-50.5));
#8559 = CARTESIAN_POINT('',(373.84344105105,-23.31196956492,-50.5));
#8560 = CARTESIAN_POINT('',(374.4518826701,-22.03411420224,-50.5));
#8561 = CARTESIAN_POINT('',(375.03344105248,-20.7268307363,-50.5));
#8562 = CARTESIAN_POINT('',(375.5854080001,-19.38953461686,-50.5));
#8563 = CARTESIAN_POINT('',(376.10476089685,-18.02197630633,-50.5));
#8564 = CARTESIAN_POINT('',(376.58822973857,-16.62430967345,-50.5));
#8565 = CARTESIAN_POINT('',(377.58446336369,-13.42351707698,-50.5));
#8566 = CARTESIAN_POINT('',(378.0762030285,-11.60315066721,-50.5));
#8567 = CARTESIAN_POINT('',(378.50032428246,-9.739283224086,-50.5));
#8568 = CARTESIAN_POINT('',(378.84955299866,-7.836635374773,-50.5));
#8569 = CARTESIAN_POINT('',(379.11716026269,-5.901672054248,-50.5));
#8570 = CARTESIAN_POINT('',(379.29769080288,-3.942875668375,-50.5));
#8571 = CARTESIAN_POINT('',(379.38790065305,-1.97109887233,-50.5));
#8572 = CARTESIAN_POINT('',(379.38790065305,0.,-50.5));
#8573 = PCURVE('',#2335,#8574);
#8574 = DEFINITIONAL_REPRESENTATION('',(#8575),#8935);
#8575 = B_SPLINE_CURVE_WITH_KNOTS('',8,(#8576,#8577,#8578,#8579,#8580,
    #8581,#8582,#8583,#8584,#8585,#8586,#8587,#8588,#8589,#8590,#8591,
    #8592,#8593,#8594,#8595,#8596,#8597,#8598,#8599,#8600,#8601,#8602,
    #8603,#8604,#8605,#8606,#8607,#8608,#8609,#8610,#8611,#8612,#8613,
    #8614,#8615,#8616,#8617,#8618,#8619,#8620,#8621,#8622,#8623,#8624,
    #8625,#8626,#8627,#8628,#8629,#8630,#8631,#8632,#8633,#8634,#8635,
    #8636,#8637,#8638,#8639,#8640,#8641,#8642,#8643,#8644,#8645,#8646,
    #8647,#8648,#8649,#8650,#8651,#8652,#8653,#8654,#8655,#8656,#8657,
    #8658,#8659,#8660,#8661,#8662,#8663,#8664,#8665,#8666,#8667,#8668,
    #8669,#8670,#8671,#8672,#8673,#8674,#8675,#8676,#8677,#8678,#8679,
    #8680,#8681,#8682,#8683,#8684,#8685,#8686,#8687,#8688,#8689,#8690,
    #8691,#8692,#8693,#8694,#8695,#8696,#8697,#8698,#8699,#8700,#8701,
    #8702,#8703,#8704,#8705,#8706,#8707,#8708,#8709,#8710,#8711,#8712,
    #8713,#8714,#8715,#8716,#8717,#8718,#8719,#8720,#8721,#8722,#8723,
    #8724,#8725,#8726,#8727,#8728,#8729,#8730,#8731,#8732,#8733,#8734,
    #8735,#8736,#8737,#8738,#8739,#8740,#8741,#8742,#8743,#8744,#8745,
    #8746,#8747,#8748,#8749,#8750,#8751,#8752,#8753,#8754,#8755,#8756,
    #8757,#8758,#8759,#8760,#8761,#8762,#8763,#8764,#8765,#8766,#8767,
    #8768,#8769,#8770,#8771,#8772,#8773,#8774,#8775,#8776,#8777,#8778,
    #8779,#8780,#8781,#8782,#8783,#8784,#8785,#8786,#8787,#8788,#8789,
    #8790,#8791,#8792,#8793,#8794,#8795,#8796,#8797,#8798,#8799,#8800,
    #8801,#8802,#8803,#8804,#8805,#8806,#8807,#8808,#8809,#8810,#8811,
    #8812,#8813,#8814,#8815,#8816,#8817,#8818,#8819,#8820,#8821,#8822,
    #8823,#8824,#8825,#8826,#8827,#8828,#8829,#8830,#8831,#8832,#8833,
    #8834,#8835,#8836,#8837,#8838,#8839,#8840,#8841,#8842,#8843,#8844,
    #8845,#8846,#8847,#8848,#8849,#8850,#8851,#8852,#8853,#8854,#8855,
    #8856,#8857,#8858,#8859,#8860,#8861,#8862,#8863,#8864,#8865,#8866,
    #8867,#8868,#8869,#8870,#8871,#8872,#8873,#8874,#8875,#8876,#8877,
    #8878,#8879,#8880,#8881,#8882,#8883,#8884,#8885,#8886,#8887,#8888,
    #8889,#8890,#8891,#8892,#8893,#8894,#8895,#8896,#8897,#8898,#8899,
    #8900,#8901,#8902,#8903,#8904,#8905,#8906,#8907,#8908,#8909,#8910,
    #8911,#8912,#8913,#8914,#8915,#8916,#8917,#8918,#8919,#8920,#8921,
    #8922,#8923,#8924,#8925,#8926,#8927,#8928,#8929,#8930,#8931,#8932,
    #8933,#8934),.UNSPECIFIED.,.F.,.F.,(9,7,7,7,7,7,7,7,7,7,7,7,7,7,7,7,
    7,7,7,7,7,7,7,7,7,7,7,7,7,7,7,7,7,7,7,7,7,7,7,7,7,7,7,7,7,7,7,7,7,7,
    7,9),(0.,3.408237715675E-02,6.04754119683E-02,8.443118553337E-02,
    9.799083494423E-02,0.11270383537,0.131486558703,0.145706328701,
    0.166809544435,0.187560166581,0.208064970224,0.223030279369,
    0.235274622785,0.252920408526,0.271847130391,0.290712665457,
    0.308188224952,0.324303624371,0.339076071692,0.352505573391,
    0.365935073333,0.391438577473,0.414241609181,0.433013887366,
    0.450442635206,0.465023882241,0.49183939908,0.511956660066,
    0.526711831963,0.549522129639,0.573692209878,0.604611461752,
    0.631539326844,0.65446673731,0.674733312093,0.692331091323,
    0.724922051287,0.749478690062,0.767293571267,0.781027520532,
    0.803085885097,0.825352989286,0.847915851608,0.859350278496,
    0.872284634334,0.88953041224,0.902464764612,0.912686968548,
    0.928416654927,0.944111258291,0.969029720752,1.),.UNSPECIFIED.);
#8576 = CARTESIAN_POINT('',(49.109353124344,300.));
#8577 = CARTESIAN_POINT('',(49.109353124344,297.39628474528));
#8578 = CARTESIAN_POINT('',(49.208291164201,294.79178650631));
#8579 = CARTESIAN_POINT('',(49.406272031898,292.20218201938));
#8580 = CARTESIAN_POINT('',(49.700569978129,289.6402613566));
#8581 = CARTESIAN_POINT('',(50.086600605605,287.11631050148));
#8582 = CARTESIAN_POINT('',(50.558631735488,284.63846330164));
#8583 = CARTESIAN_POINT('',(51.110307519462,282.21298536929));
#8584 = CARTESIAN_POINT('',(52.218861874385,278.01028553017));
#8585 = CARTESIAN_POINT('',(52.746699938294,276.20945505118));
#8586 = CARTESIAN_POINT('',(53.31584837984,274.44315569537));
#8587 = CARTESIAN_POINT('',(53.923641374047,272.71202995048));
#8588 = CARTESIAN_POINT('',(54.567556290324,271.01628444357));
#8589 = CARTESIAN_POINT('',(55.245270667342,269.3557592912));
#8590 = CARTESIAN_POINT('',(55.954707010803,267.7299708477));
#8591 = CARTESIAN_POINT('',(57.365174552488,264.69332216776));
#8592 = CARTESIAN_POINT('',(58.060868203332,263.27661314752));
#8593 = CARTESIAN_POINT('',(58.779795303318,261.88749984591));
#8594 = CARTESIAN_POINT('',(59.520685979084,260.52541670028));
#8595 = CARTESIAN_POINT('',(60.282370654578,259.18979479411));
#8596 = CARTESIAN_POINT('',(61.063792541859,257.88003969239));
#8597 = CARTESIAN_POINT('',(61.863993336044,256.59552789427));
#8598 = CARTESIAN_POINT('',(63.145223218338,254.6224617049));
#8599 = CARTESIAN_POINT('',(63.614051455287,253.91720615451));
#8600 = CARTESIAN_POINT('',(64.088459527744,253.21973568839));
#8601 = CARTESIAN_POINT('',(64.568295941713,252.52994331386));
#8602 = CARTESIAN_POINT('',(65.053415822965,251.84772339526));
#8603 = CARTESIAN_POINT('',(65.543680917034,251.17297165397));
#8604 = CARTESIAN_POINT('',(66.038959589218,250.50558516837));
#8605 = CARTESIAN_POINT('',(67.081837076412,249.12919112952));
#8606 = CARTESIAN_POINT('',(67.626724628759,248.42619464527));
#8607 = CARTESIAN_POINT('',(68.173750957218,247.73581119761));
#8608 = CARTESIAN_POINT('',(68.722884603085,247.05744802534));
#8609 = CARTESIAN_POINT('',(69.274097227709,246.39057299658));
#8610 = CARTESIAN_POINT('',(69.827360239806,245.73470763337));
#8611 = CARTESIAN_POINT('',(70.382641995748,245.08942149376));
#8612 = CARTESIAN_POINT('',(71.651312307601,243.64356282572));
#8613 = CARTESIAN_POINT('',(72.370121251148,242.84465432043));
#8614 = CARTESIAN_POINT('',(73.096095740239,242.05739386928));
#8615 = CARTESIAN_POINT('',(73.829009700514,241.28158165135));
#8616 = CARTESIAN_POINT('',(74.568647090709,240.51702659303));
#8617 = CARTESIAN_POINT('',(75.314801630805,239.7635456548));
#8618 = CARTESIAN_POINT('',(76.067276814093,239.02096236277));
#8619 = CARTESIAN_POINT('',(77.400203933295,237.73503960269));
#8620 = CARTESIAN_POINT('',(77.976285977246,237.18881174287));
#8621 = CARTESIAN_POINT('',(78.554102101703,236.65019568958));
#8622 = CARTESIAN_POINT('',(79.133623259212,236.11898288331));
#8623 = CARTESIAN_POINT('',(79.714822524087,235.5949775966));
#8624 = CARTESIAN_POINT('',(80.297674938872,235.07799503962));
#8625 = CARTESIAN_POINT('',(80.882156271346,234.56786149563));
#8626 = CARTESIAN_POINT('',(82.338034339775,233.31726595997));
#8627 = CARTESIAN_POINT('',(83.214336065242,232.58228889563));
#8628 = CARTESIAN_POINT('',(84.096936090823,231.85928025879));
#8629 = CARTESIAN_POINT('',(84.985617795602,231.14805361999));
#8630 = CARTESIAN_POINT('',(85.880204587985,230.44841030644));
#8631 = CARTESIAN_POINT('',(86.780478912089,229.76018854417));
#8632 = CARTESIAN_POINT('',(87.686275660245,229.08320504063));
#8633 = CARTESIAN_POINT('',(89.493342915817,227.76250351298));
#8634 = CARTESIAN_POINT('',(90.39443449798,227.11841979068));
#8635 = CARTESIAN_POINT('',(91.300533883993,226.48487841982));
#8636 = CARTESIAN_POINT('',(92.211479607707,225.86172467057));
#8637 = CARTESIAN_POINT('',(93.127121063363,225.24880830108));
#8638 = CARTESIAN_POINT('',(94.047310626732,224.64598407351));
#8639 = CARTESIAN_POINT('',(94.971898906611,224.05311195608));
#8640 = CARTESIAN_POINT('',(96.818606733517,222.89390267768));
#8641 = CARTESIAN_POINT('',(97.740624797516,222.32733495123));
#8642 = CARTESIAN_POINT('',(98.666679722695,221.77021769572));
#8643 = CARTESIAN_POINT('',(99.596645897281,221.22242208489));
#8644 = CARTESIAN_POINT('',(100.53040116339,220.68382300168));
#8645 = CARTESIAN_POINT('',(101.46782683271,220.15429867887));
#8646 = CARTESIAN_POINT('',(102.40880770218,219.63373033958));
#8647 = CARTESIAN_POINT('',(104.04251458457,218.74851983037));
#8648 = CARTESIAN_POINT('',(104.73301093327,218.38008235804));
#8649 = CARTESIAN_POINT('',(105.42469791502,218.01661649271));
#8650 = CARTESIAN_POINT('',(106.11755287595,217.65805222727));
#8651 = CARTESIAN_POINT('',(106.81155347806,217.30432226314));
#8652 = CARTESIAN_POINT('',(107.5066774684,216.95536179784));
#8653 = CARTESIAN_POINT('',(108.20290244811,216.61110831248));
#8654 = CARTESIAN_POINT('',(109.47072641623,215.99364113478));
#8655 = CARTESIAN_POINT('',(110.04196902455,215.718891336));
#8656 = CARTESIAN_POINT('',(110.61392131597,215.44721901168));
#8657 = CARTESIAN_POINT('',(111.18657090087,215.17859200321));
#8658 = CARTESIAN_POINT('',(111.75990531417,214.91297898021));
#8659 = CARTESIAN_POINT('',(112.33391217903,214.65034947593));
#8660 = CARTESIAN_POINT('',(112.90857937039,214.39067392275));
#8661 = CARTESIAN_POINT('',(114.31300451853,213.7639112268));
#8662 = CARTESIAN_POINT('',(115.14405159989,213.39971110436));
#8663 = CARTESIAN_POINT('',(115.9769838329,213.04126350098));
#8664 = CARTESIAN_POINT('',(116.81174965213,212.68850952399));
#8665 = CARTESIAN_POINT('',(117.64829851669,212.34139120744));
#8666 = CARTESIAN_POINT('',(118.48658091013,211.99985151201));
#8667 = CARTESIAN_POINT('',(119.32654834053,211.66383432507));
#8668 = CARTESIAN_POINT('',(121.07085180833,210.978739447));
#8669 = CARTESIAN_POINT('',(121.97543416336,210.63048445671));
#8670 = CARTESIAN_POINT('',(122.88184207905,210.28845121046));
#8671 = CARTESIAN_POINT('',(123.79001452247,209.95257038641));
#8672 = CARTESIAN_POINT('',(124.69990201669,209.62278077748));
#8673 = CARTESIAN_POINT('',(125.61145662385,209.2990223535));
#8674 = CARTESIAN_POINT('',(126.52462267416,208.98122997758));
#8675 = CARTESIAN_POINT('',(128.35112669218,208.35846734493));
#8676 = CARTESIAN_POINT('',(129.26445420093,208.05345908087));
#8677 = CARTESIAN_POINT('',(130.17928469422,207.75425749185));
#8678 = CARTESIAN_POINT('',(131.09557505929,207.46080794028));
#8679 = CARTESIAN_POINT('',(132.01327352035,207.17304761638));
#8680 = CARTESIAN_POINT('',(132.93233120703,206.89091647501));
#8681 = CARTESIAN_POINT('',(133.85271230868,206.61436673287));
#8682 = CARTESIAN_POINT('',(135.62812789623,206.09228732617));
#8683 = CARTESIAN_POINT('',(136.48298091286,205.84597368764));
#8684 = CARTESIAN_POINT('',(137.33889930667,205.60435952024));
#8685 = CARTESIAN_POINT('',(138.19585069796,205.36740295777));
#8686 = CARTESIAN_POINT('',(139.05380325454,205.13506260498));
#8687 = CARTESIAN_POINT('',(139.91272569176,204.90729753763));
#8688 = CARTESIAN_POINT('',(140.77258727249,204.6840673024));
#8689 = CARTESIAN_POINT('',(142.42713273475,204.26362117325));
#8690 = CARTESIAN_POINT('',(143.22148908037,204.0657810958));
#8691 = CARTESIAN_POINT('',(144.01641083446,203.87177598681));
#8692 = CARTESIAN_POINT('',(144.81188329241,203.68157231417));
#8693 = CARTESIAN_POINT('',(145.60789183158,203.49513725212));
#8694 = CARTESIAN_POINT('',(146.40442139713,203.3124380496));
#8695 = CARTESIAN_POINT('',(147.20145669648,203.13344222627));
#8696 = CARTESIAN_POINT('',(148.73004886863,202.79740529247));
#8697 = CARTESIAN_POINT('',(149.46152745515,202.63977758895));
#8698 = CARTESIAN_POINT('',(150.19340692503,202.48521096338));
#8699 = CARTESIAN_POINT('',(150.9256759791,202.33368198763));
#8700 = CARTESIAN_POINT('',(151.65832306077,202.18516703036));
#8701 = CARTESIAN_POINT('',(152.39133631859,202.03964220111));
#8702 = CARTESIAN_POINT('',(153.12470442665,201.89708453619));
#8703 = CARTESIAN_POINT('',(154.5254310467,201.63055610546));
#8704 = CARTESIAN_POINT('',(155.19272979801,201.50607343575));
#8705 = CARTESIAN_POINT('',(155.8603072298,201.38401054355));
#8706 = CARTESIAN_POINT('',(156.5281560551,201.2643517463));
#8707 = CARTESIAN_POINT('',(157.1962689871,201.14708155239));
#8708 = CARTESIAN_POINT('',(157.86463873907,201.03218466123));
#8709 = CARTESIAN_POINT('',(158.53325802439,200.9196459632));
#8710 = CARTESIAN_POINT('',(159.87098100128,200.69925513055));
#8711 = CARTESIAN_POINT('',(160.54008480421,200.59140281259));
#8712 = CARTESIAN_POINT('',(161.20942370766,200.48587911603));
#8713 = CARTESIAN_POINT('',(161.87899021143,200.38266908973));
#8714 = CARTESIAN_POINT('',(162.54877683094,200.28175776319));
#8715 = CARTESIAN_POINT('',(163.21877635557,200.18313060872));
#8716 = CARTESIAN_POINT('',(163.8889821068,200.08677400353));
#8717 = CARTESIAN_POINT('',(165.83253347785,199.81397680566));
#8718 = CARTESIAN_POINT('',(167.10660824269,199.64339221476));
#8719 = CARTESIAN_POINT('',(168.38155632516,199.48084159751));
#8720 = CARTESIAN_POINT('',(169.65731990984,199.32623928201));
#8721 = CARTESIAN_POINT('',(170.93384596237,199.17950900001));
#8722 = CARTESIAN_POINT('',(172.21108141658,199.04057295234));
#8723 = CARTESIAN_POINT('',(173.48897019887,198.90934495815));
#8724 = CARTESIAN_POINT('',(175.91058500285,198.67525618884));
#8725 = CARTESIAN_POINT('',(177.0541894978,198.57086320822));
#8726 = CARTESIAN_POINT('',(178.19824438556,198.47252890283));
#8727 = CARTESIAN_POINT('',(179.34271595557,198.38020419252));
#8728 = CARTESIAN_POINT('',(180.48757105651,198.2938405326));
#8729 = CARTESIAN_POINT('',(181.6327770963,198.21338991377));
#8730 = CARTESIAN_POINT('',(182.77830204209,198.13880486219));
#8731 = CARTESIAN_POINT('',(184.86738849833,198.01342743991));
#8732 = CARTESIAN_POINT('',(185.81085720832,197.96075939831));
#8733 = CARTESIAN_POINT('',(186.75450327443,197.91200897538));
#8734 = CARTESIAN_POINT('',(187.69831066148,197.86715380441));
#8735 = CARTESIAN_POINT('',(188.64226359623,197.82617189583));
#8736 = CARTESIAN_POINT('',(189.58634615625,197.78904053994));
#8737 = CARTESIAN_POINT('',(190.53054242638,197.75573670773));
#8738 = CARTESIAN_POINT('',(192.35154892131,197.69885234395));
#8739 = CARTESIAN_POINT('',(193.22834549793,197.67474652142));
#8740 = CARTESIAN_POINT('',(194.10521429708,197.65390276472));
#8741 = CARTESIAN_POINT('',(194.98214395245,197.6363064017));
#8742 = CARTESIAN_POINT('',(195.85912140922,197.62193670067));
#8743 = CARTESIAN_POINT('',(196.73613438413,197.61077539473));
#8744 = CARTESIAN_POINT('',(197.61317324213,197.60281308374));
#8745 = CARTESIAN_POINT('',(199.22398677561,197.59403344827));
#8746 = CARTESIAN_POINT('',(199.95775725746,197.59226159797));
#8747 = CARTESIAN_POINT('',(200.6915312434,197.59270865329));
#8748 = CARTESIAN_POINT('',(201.42530231325,197.59536612477));
#8749 = CARTESIAN_POINT('',(202.15906409781,197.60022559193));
#8750 = CARTESIAN_POINT('',(202.89281027878,197.60727870327));
#8751 = CARTESIAN_POINT('',(203.62653458884,197.6165171763));
#8752 = CARTESIAN_POINT('',(205.70952853407,197.64892659745));
#8753 = CARTESIAN_POINT('',(207.05873127144,197.67728407291));
#8754 = CARTESIAN_POINT('',(208.40780062679,197.7129536629));
#8755 = CARTESIAN_POINT('',(209.75669580397,197.75587488254));
#8756 = CARTESIAN_POINT('',(211.10538839594,197.80603921243));
#8757 = CARTESIAN_POINT('',(212.45383627822,197.86337674461));
#8758 = CARTESIAN_POINT('',(213.80200808352,197.92786314395));
#8759 = CARTESIAN_POINT('',(216.16104569797,198.05316254413));
#8760 = CARTESIAN_POINT('',(217.17204780098,198.11086954321));
#8761 = CARTESIAN_POINT('',(218.18286015196,198.17256104541));
#8762 = CARTESIAN_POINT('',(219.19346729347,198.23821405649));
#8763 = CARTESIAN_POINT('',(220.20385563803,198.30781839439));
#8764 = CARTESIAN_POINT('',(221.21401200901,198.38136618435));
#8765 = CARTESIAN_POINT('',(222.22392195154,198.4588399012));
#8766 = CARTESIAN_POINT('',(223.9741084628,198.59992562402));
#8767 = CARTESIAN_POINT('',(224.71453489115,198.66173047557));
#8768 = CARTESIAN_POINT('',(225.45484726562,198.72563980633));
#8769 = CARTESIAN_POINT('',(226.19504141563,198.79164931204));
#8770 = CARTESIAN_POINT('',(226.9351131706,198.85975477547));
#8771 = CARTESIAN_POINT('',(227.67505835993,198.9299520664));
#8772 = CARTESIAN_POINT('',(228.41487281303,199.00223714165));
#8773 = CARTESIAN_POINT('',(230.298036878,199.19157433118));
#8774 = CARTESIAN_POINT('',(231.44111052717,199.31151337414));
#8775 = CARTESIAN_POINT('',(232.58375410783,199.43641131126));
#8776 = CARTESIAN_POINT('',(233.72594848676,199.56625671579));
#8777 = CARTESIAN_POINT('',(234.86767459642,199.70103859697));
#8778 = CARTESIAN_POINT('',(236.00891343503,199.84074639995));
#8779 = CARTESIAN_POINT('',(237.14964606649,199.98537000586));
#8780 = CARTESIAN_POINT('',(239.49803198185,200.29334332269));
#8781 = CARTESIAN_POINT('',(240.70562073689,200.45729555593));
#8782 = CARTESIAN_POINT('',(241.91259761586,200.62674541067));
#8783 = CARTESIAN_POINT('',(243.11893992215,200.80167302752));
#8784 = CARTESIAN_POINT('',(244.32462548207,200.9820973686));
#8785 = CARTESIAN_POINT('',(245.52963164038,201.16799327271));
#8786 = CARTESIAN_POINT('',(246.73393613036,201.35936789159));
#8787 = CARTESIAN_POINT('',(249.47718044912,201.80802817185));
#8788 = CARTESIAN_POINT('',(251.01565933589,202.06879546955));
#8789 = CARTESIAN_POINT('',(252.55290522169,202.33852403263));
#8790 = CARTESIAN_POINT('',(254.08887450736,202.6171621547));
#8791 = CARTESIAN_POINT('',(255.62351384015,202.90478077594));
#8792 = CARTESIAN_POINT('',(257.15677821626,203.20134921357));
#8793 = CARTESIAN_POINT('',(258.68861729705,203.50689614208));
#8794 = CARTESIAN_POINT('',(261.55179176774,204.09536307788));
#8795 = CARTESIAN_POINT('',(262.88348286602,204.37611227908));
#8796 = CARTESIAN_POINT('',(264.21402291637,204.66369247783));
#8797 = CARTESIAN_POINT('',(265.54338179138,204.95809278038));
#8798 = CARTESIAN_POINT('',(266.87151967449,205.25937385886));
#8799 = CARTESIAN_POINT('',(268.19840644714,205.56752297889));
#8800 = CARTESIAN_POINT('',(269.52400492768,205.88257902849));
#8801 = CARTESIAN_POINT('',(271.97581896524,206.4787079874));
#8802 = CARTESIAN_POINT('',(273.10239831341,206.75787600693));
#8803 = CARTESIAN_POINT('',(274.22799594692,207.04208271233));
#8804 = CARTESIAN_POINT('',(275.35259168093,207.33133401509));
#8805 = CARTESIAN_POINT('',(276.47616125109,207.62565465088));
#8806 = CARTESIAN_POINT('',(277.59867948089,207.92507325752));
#8807 = CARTESIAN_POINT('',(278.72012384272,208.22960537098));
#8808 = CARTESIAN_POINT('',(280.83079324202,208.81301190572));
#8809 = CARTESIAN_POINT('',(281.82025838535,209.09076233612));
#8810 = CARTESIAN_POINT('',(282.80884855375,209.37254354948));
#8811 = CARTESIAN_POINT('',(283.79654505573,209.65837812085));
#8812 = CARTESIAN_POINT('',(284.78333181,209.94827932164));
#8813 = CARTESIAN_POINT('',(285.76919198699,210.24226270382));
#8814 = CARTESIAN_POINT('',(286.75410490307,210.54035692436));
#8815 = CARTESIAN_POINT('',(288.59242831288,211.10501187476));
#8816 = CARTESIAN_POINT('',(289.44607634199,211.37055604186));
#8817 = CARTESIAN_POINT('',(290.29898344359,211.63923154218));
#8818 = CARTESIAN_POINT('',(291.15113682252,211.91105422193));
#8819 = CARTESIAN_POINT('',(292.00252347012,212.18604043668));
#8820 = CARTESIAN_POINT('',(292.85313016431,212.46420705138));
#8821 = CARTESIAN_POINT('',(293.70294346952,212.74557144035));
#8822 = CARTESIAN_POINT('',(296.12430320829,213.55719167765));
#8823 = CARTESIAN_POINT('',(297.69388777603,214.09526234795));
#8824 = CARTESIAN_POINT('',(299.26062215368,214.64446374666));
#8825 = CARTESIAN_POINT('',(300.82439616151,215.20497371695));
#8826 = CARTESIAN_POINT('',(302.38512897077,215.77688716401));
#8827 = CARTESIAN_POINT('',(303.94270261575,216.36039644666));
#8828 = CARTESIAN_POINT('',(305.49702146911,216.9556345123));
#8829 = CARTESIAN_POINT('',(308.21657908867,218.02026006346));
#8830 = CARTESIAN_POINT('',(309.38327399193,218.4844987498));
#8831 = CARTESIAN_POINT('',(310.54800478013,218.95558049382));
#8832 = CARTESIAN_POINT('',(311.71071955853,219.4335882805));
#8833 = CARTESIAN_POINT('',(312.87136457204,219.91860860486));
#8834 = CARTESIAN_POINT('',(314.02988414909,220.41073184721));
#8835 = CARTESIAN_POINT('',(315.18622064548,220.91005264827));
#8836 = CARTESIAN_POINT('',(317.17756427073,221.78420156939));
#8837 = CARTESIAN_POINT('',(318.01363390145,222.15557261128));
#8838 = CARTESIAN_POINT('',(318.84849982197,222.53082262933));
#8839 = CARTESIAN_POINT('',(319.68213688263,222.90999418029));
#8840 = CARTESIAN_POINT('',(320.51451913373,223.29313128063));
#8841 = CARTESIAN_POINT('',(321.34562018998,223.68027868739));
#8842 = CARTESIAN_POINT('',(322.17541306824,224.07148233755));
#8843 = CARTESIAN_POINT('',(323.64254782867,224.77154450058));
#8844 = CARTESIAN_POINT('',(324.28076332658,225.07889592604));
#8845 = CARTESIAN_POINT('',(324.9185113397,225.38887581798));
#8846 = CARTESIAN_POINT('',(325.55578669735,225.7015168824));
#8847 = CARTESIAN_POINT('',(326.19258453707,226.01685245385));
#8848 = CARTESIAN_POINT('',(326.82890038392,226.33491638995));
#8849 = CARTESIAN_POINT('',(327.46472948259,226.6557443424));
#8850 = CARTESIAN_POINT('',(329.12049079875,227.49916818997));
#8851 = CARTESIAN_POINT('',(330.13863316145,228.02567786943));
#8852 = CARTESIAN_POINT('',(331.15442795572,228.55901851042));
#8853 = CARTESIAN_POINT('',(332.16780751053,229.09930783935));
#8854 = CARTESIAN_POINT('',(333.17870086624,229.64666891076));
#8855 = CARTESIAN_POINT('',(334.18703364229,230.20123077666));
#8856 = CARTESIAN_POINT('',(335.19272790489,230.76312915581));
#8857 = CARTESIAN_POINT('',(337.20816736885,231.90727310802));
#8858 = CARTESIAN_POINT('',(338.21786019612,232.48966002269));
#8859 = CARTESIAN_POINT('',(339.22469713843,233.07981463182));
#8860 = CARTESIAN_POINT('',(340.22858093165,233.67790551105));
#8861 = CARTESIAN_POINT('',(341.22941358607,234.28410127506));
#8862 = CARTESIAN_POINT('',(342.22709273692,234.89857749646));
#8863 = CARTESIAN_POINT('',(343.2215059342,235.52152716246));
#8864 = CARTESIAN_POINT('',(345.21673247869,236.7931613016));
#8865 = CARTESIAN_POINT('',(346.21745388958,237.44207581406));
#8866 = CARTESIAN_POINT('',(347.21457595817,238.10011151527));
#8867 = CARTESIAN_POINT('',(348.20799134406,238.7674553479));
#8868 = CARTESIAN_POINT('',(349.19751885319,239.44440256658));
#8869 = CARTESIAN_POINT('',(350.18303044563,240.13116980909));
#8870 = CARTESIAN_POINT('',(351.16434807948,240.82804860858));
#8871 = CARTESIAN_POINT('',(352.63639851025,241.89376093157));
#8872 = CARTESIAN_POINT('',(353.13037617224,242.25486640292));
#8873 = CARTESIAN_POINT('',(353.62320860639,242.61868027031));
#8874 = CARTESIAN_POINT('',(354.11487173446,242.98524159491));
#8875 = CARTESIAN_POINT('',(354.60534043285,243.35459083087));
#8876 = CARTESIAN_POINT('',(355.09458853258,243.72676982522));
#8877 = CARTESIAN_POINT('',(355.58258881926,244.10182181795));
#8878 = CARTESIAN_POINT('',(356.61988406216,244.90734182655));
#8879 = CARTESIAN_POINT('',(357.16986371429,245.33943524071));
#8880 = CARTESIAN_POINT('',(357.71924380693,245.77619796524));
#8881 = CARTESIAN_POINT('',(358.26801683123,246.21776451278));
#8882 = CARTESIAN_POINT('',(358.81617560819,246.66427856758));
#8883 = CARTESIAN_POINT('',(359.36371294474,247.11589392519));
#8884 = CARTESIAN_POINT('',(359.91062128975,247.57277543224));
#8885 = CARTESIAN_POINT('',(361.18525259541,248.65153151676));
#8886 = CARTESIAN_POINT('',(361.9124855492,249.27764360566));
#8887 = CARTESIAN_POINT('',(362.63856444614,249.9138554008));
#8888 = CARTESIAN_POINT('',(363.36348075937,250.56061714238));
#8889 = CARTESIAN_POINT('',(364.08719883175,251.2184638323));
#8890 = CARTESIAN_POINT('',(364.80973154454,251.88793418681));
#8891 = CARTESIAN_POINT('',(365.53103945643,252.56968811722));
#8892 = CARTESIAN_POINT('',(366.79114015999,253.78550793584));
#8893 = CARTESIAN_POINT('',(367.33048618845,254.31389241904));
#8894 = CARTESIAN_POINT('',(367.86912103349,254.84989999904));
#8895 = CARTESIAN_POINT('',(368.40703525918,255.39386515524));
#8896 = CARTESIAN_POINT('',(368.94422145846,255.94615687505));
#8897 = CARTESIAN_POINT('',(369.48067211658,256.50718336874));
#8898 = CARTESIAN_POINT('',(370.01637747465,257.07739678428));
#8899 = CARTESIAN_POINT('',(370.97409881433,258.11560209724));
#8900 = CARTESIAN_POINT('',(371.39464253307,258.5780534964));
#8901 = CARTESIAN_POINT('',(371.81288586039,259.04473563597));
#8902 = CARTESIAN_POINT('',(372.22875502814,259.51573541223));
#8903 = CARTESIAN_POINT('',(372.64217118893,259.9911431014));
#8904 = CARTESIAN_POINT('',(373.05305041619,260.47105235959));
#8905 = CARTESIAN_POINT('',(373.4613037041,260.95556022288));
#8906 = CARTESIAN_POINT('',(374.49086199107,262.19754712554));
#8907 = CARTESIAN_POINT('',(375.10843704946,262.961445984));
#8908 = CARTESIAN_POINT('',(375.71922383613,263.73684237207));
#8909 = CARTESIAN_POINT('',(376.32284261643,264.52412468799));
#8910 = CARTESIAN_POINT('',(376.91887130623,265.32369340975));
#8911 = CARTESIAN_POINT('',(377.50684376698,266.13596482413));
#8912 = CARTESIAN_POINT('',(378.0862473175,266.96137611389));
#8913 = CARTESIAN_POINT('',(379.22551968915,268.63753617692));
#8914 = CARTESIAN_POINT('',(379.76886968531,269.46386147429));
#8915 = CARTESIAN_POINT('',(380.28784107917,270.27977785947));
#8916 = CARTESIAN_POINT('',(380.78360374105,271.08569257737));
#8917 = CARTESIAN_POINT('',(381.25724140457,271.88199458652));
#8918 = CARTESIAN_POINT('',(381.70974810166,272.66905559799));
#8919 = CARTESIAN_POINT('',(382.14202757688,273.4472288137));
#8920 = CARTESIAN_POINT('',(383.2104674309,275.4387240535));
#8921 = CARTESIAN_POINT('',(383.84344105105,276.68803043507));
#8922 = CARTESIAN_POINT('',(384.4518826701,277.96588579775));
#8923 = CARTESIAN_POINT('',(385.03344105248,279.27316926369));
#8924 = CARTESIAN_POINT('',(385.5854080001,280.61046538313));
#8925 = CARTESIAN_POINT('',(386.10476089685,281.97802369367));
#8926 = CARTESIAN_POINT('',(386.58822973857,283.37569032655));
#8927 = CARTESIAN_POINT('',(387.58446336369,286.57648292301));
#8928 = CARTESIAN_POINT('',(388.0762030285,288.39684933278));
#8929 = CARTESIAN_POINT('',(388.50032428246,290.26071677591));
#8930 = CARTESIAN_POINT('',(388.84955299866,292.16336462522));
#8931 = CARTESIAN_POINT('',(389.11716026269,294.09832794575));
#8932 = CARTESIAN_POINT('',(389.29769080288,296.05712433162));
#8933 = CARTESIAN_POINT('',(389.38790065305,298.02890112767));
#8934 = CARTESIAN_POINT('',(389.38790065305,300.));
#8935 = ( GEOMETRIC_REPRESENTATION_CONTEXT(2) 
PARAMETRIC_REPRESENTATION_CONTEXT() REPRESENTATION_CONTEXT('2D SPACE',''
  ) );
#8936 = PCURVE('',#5920,#8937);
#8937 = DEFINITIONAL_REPRESENTATION('',(#8938),#9298);
#8938 = B_SPLINE_CURVE_WITH_KNOTS('',8,(#8939,#8940,#8941,#8942,#8943,
    #8944,#8945,#8946,#8947,#8948,#8949,#8950,#8951,#8952,#8953,#8954,
    #8955,#8956,#8957,#8958,#8959,#8960,#8961,#8962,#8963,#8964,#8965,
    #8966,#8967,#8968,#8969,#8970,#8971,#8972,#8973,#8974,#8975,#8976,
    #8977,#8978,#8979,#8980,#8981,#8982,#8983,#8984,#8985,#8986,#8987,
    #8988,#8989,#8990,#8991,#8992,#8993,#8994,#8995,#8996,#8997,#8998,
    #8999,#9000,#9001,#9002,#9003,#9004,#9005,#9006,#9007,#9008,#9009,
    #9010,#9011,#9012,#9013,#9014,#9015,#9016,#9017,#9018,#9019,#9020,
    #9021,#9022,#9023,#9024,#9025,#9026,#9027,#9028,#9029,#9030,#9031,
    #9032,#9033,#9034,#9035,#9036,#9037,#9038,#9039,#9040,#9041,#9042,
    #9043,#9044,#9045,#9046,#9047,#9048,#9049,#9050,#9051,#9052,#9053,
    #9054,#9055,#9056,#9057,#9058,#9059,#9060,#9061,#9062,#9063,#9064,
    #9065,#9066,#9067,#9068,#9069,#9070,#9071,#9072,#9073,#9074,#9075,
    #9076,#9077,#9078,#9079,#9080,#9081,#9082,#9083,#9084,#9085,#9086,
    #9087,#9088,#9089,#9090,#9091,#9092,#9093,#9094,#9095,#9096,#9097,
    #9098,#9099,#9100,#9101,#9102,#9103,#9104,#9105,#9106,#9107,#9108,
    #9109,#9110,#9111,#9112,#9113,#9114,#9115,#9116,#9117,#9118,#9119,
    #9120,#9121,#9122,#9123,#9124,#9125,#9126,#9127,#9128,#9129,#9130,
    #9131,#9132,#9133,#9134,#9135,#9136,#9137,#9138,#9139,#9140,#9141,
    #9142,#9143,#9144,#9145,#9146,#9147,#9148,#9149,#9150,#9151,#9152,
    #9153,#9154,#9155,#9156,#9157,#9158,#9159,#9160,#9161,#9162,#9163,
    #9164,#9165,#9166,#9167,#9168,#9169,#9170,#9171,#9172,#9173,#9174,
    #9175,#9176,#9177,#9178,#9179,#9180,#9181,#9182,#9183,#9184,#9185,
    #9186,#9187,#9188,#9189,#9190,#9191,#9192,#9193,#9194,#9195,#9196,
    #9197,#9198,#9199,#9200,#9201,#9202,#9203,#9204,#9205,#9206,#9207,
    #9208,#9209,#9210,#9211,#9212,#9213,#9214,#9215,#9216,#9217,#9218,
    #9219,#9220,#9221,#9222,#9223,#9224,#9225,#9226,#9227,#9228,#9229,
    #9230,#9231,#9232,#9233,#9234,#9235,#9236,#9237,#9238,#9239,#9240,
    #9241,#9242,#9243,#9244,#9245,#9246,#9247,#9248,#9249,#9250,#9251,
    #9252,#9253,#9254,#9255,#9256,#9257,#9258,#9259,#9260,#9261,#9262,
    #9263,#9264,#9265,#9266,#9267,#9268,#9269,#9270,#9271,#9272,#9273,
    #9274,#9275,#9276,#9277,#9278,#9279,#9280,#9281,#9282,#9283,#9284,
    #9285,#9286,#9287,#9288,#9289,#9290,#9291,#9292,#9293,#9294,#9295,
    #9296,#9297),.UNSPECIFIED.,.F.,.F.,(9,7,7,7,7,7,7,7,7,7,7,7,7,7,7,7,
    7,7,7,7,7,7,7,7,7,7,7,7,7,7,7,7,7,7,7,7,7,7,7,7,7,7,7,7,7,7,7,7,7,7,
    7,9),(0.,3.408237715675E-02,6.04754119683E-02,8.443118553337E-02,
    9.799083494423E-02,0.11270383537,0.131486558703,0.145706328701,
    0.166809544435,0.187560166581,0.208064970224,0.223030279369,
    0.235274622785,0.252920408526,0.271847130391,0.290712665457,
    0.308188224952,0.324303624371,0.339076071692,0.352505573391,
    0.365935073333,0.391438577473,0.414241609181,0.433013887366,
    0.450442635206,0.465023882241,0.49183939908,0.511956660066,
    0.526711831963,0.549522129639,0.573692209878,0.604611461752,
    0.631539326844,0.65446673731,0.674733312093,0.692331091323,
    0.724922051287,0.749478690062,0.767293571267,0.781027520532,
    0.803085885097,0.825352989286,0.847915851608,0.859350278496,
    0.872284634334,0.88953041224,0.902464764612,0.912686968548,
    0.928416654927,0.944111258291,0.969029720752,1.),.UNSPECIFIED.);
#8939 = CARTESIAN_POINT('',(6.28318530718,82.297162538544));
#8940 = CARTESIAN_POINT('',(6.240790856881,82.297162538544));
#8941 = CARTESIAN_POINT('',(6.199364395403,82.440915704741));
#8942 = CARTESIAN_POINT('',(6.159241588691,82.728577208358));
#8943 = CARTESIAN_POINT('',(6.120665511618,83.155194831688));
#8944 = CARTESIAN_POINT('',(6.083789089788,83.712139424712));
#8945 = CARTESIAN_POINT('',(6.048690178258,84.388602506864));
#8946 = CARTESIAN_POINT('',(6.015390666384,85.172881425901));
#8947 = CARTESIAN_POINT('',(5.959462497973,86.734860634541));
#8948 = CARTESIAN_POINT('',(5.936110524685,87.474426582835));
#8949 = CARTESIAN_POINT('',(5.91379458048,88.266840836953));
#8950 = CARTESIAN_POINT('',(5.892481730562,89.107219134215));
#8951 = CARTESIAN_POINT('',(5.872131383999,89.991002726283));
#8952 = CARTESIAN_POINT('',(5.852698507852,90.914060356636));
#8953 = CARTESIAN_POINT('',(5.834135721821,91.872744255973));
#8954 = CARTESIAN_POINT('',(5.800292010085,93.763589559574));
#8955 = CARTESIAN_POINT('',(5.78486781877,94.689938411888));
#8956 = CARTESIAN_POINT('',(5.770086521708,95.640612177039));
#8957 = CARTESIAN_POINT('',(5.755913490496,96.613449514843));
#8958 = CARTESIAN_POINT('',(5.742315834073,97.606515695651));
#8959 = CARTESIAN_POINT('',(5.729262212501,98.618109098746));
#8960 = CARTESIAN_POINT('',(5.716722856395,99.646721480554));
#8961 = CARTESIAN_POINT('',(5.697847068893,101.2821864945));
#8962 = CARTESIAN_POINT('',(5.691180422047,101.87833827998));
#8963 = CARTESIAN_POINT('',(5.684664613218,102.47927595601));
#8964 = CARTESIAN_POINT('',(5.678294807142,103.08477258126));
#8965 = CARTESIAN_POINT('',(5.672066350766,103.69461442682));
#8966 = CARTESIAN_POINT('',(5.665974773241,104.30860097621));
#8967 = CARTESIAN_POINT('',(5.660015785928,104.92654492532));
#8968 = CARTESIAN_POINT('',(5.647858850324,106.22288205788));
#8969 = CARTESIAN_POINT('',(5.641725395232,106.89749840618));
#8970 = CARTESIAN_POINT('',(5.635773209543,107.57211184492));
#8971 = CARTESIAN_POINT('',(5.629991851455,108.2467219474));
#8972 = CARTESIAN_POINT('',(5.624371956675,108.92133209406));
#8973 = CARTESIAN_POINT('',(5.618905082938,109.59594522791));
#8974 = CARTESIAN_POINT('',(5.613583587313,110.27056051401));
#8975 = CARTESIAN_POINT('',(5.601783815698,111.80638343129));
#8976 = CARTESIAN_POINT('',(5.5953539197,112.67264010047));
#8977 = CARTESIAN_POINT('',(5.589103132633,113.54364779522));
#8978 = CARTESIAN_POINT('',(5.583024207347,114.41913379992));
#8979 = CARTESIAN_POINT('',(5.577110332208,115.29884665606));
#8980 = CARTESIAN_POINT('',(5.571355095665,116.18255589376));
#8981 = CARTESIAN_POINT('',(5.565752448388,117.07005063741));
#8982 = CARTESIAN_POINT('',(5.556166270833,118.63574875474));
#8983 = CARTESIAN_POINT('',(5.552132649395,119.31036169698));
#8984 = CARTESIAN_POINT('',(5.54819178186,119.98497330469));
#8985 = CARTESIAN_POINT('',(5.544339954465,120.6595848307));
#8986 = CARTESIAN_POINT('',(5.540573707115,121.33419723877));
#8987 = CARTESIAN_POINT('',(5.536889801478,122.00880974577));
#8988 = CARTESIAN_POINT('',(5.533285206582,122.68342105559));
#8989 = CARTESIAN_POINT('',(5.524521127335,124.35920893038));
#8990 = CARTESIAN_POINT('',(5.519435694991,125.36381335903));
#8991 = CARTESIAN_POINT('',(5.514494605805,126.37164425716));
#8992 = CARTESIAN_POINT('',(5.509692124752,127.38253322135));
#8993 = CARTESIAN_POINT('',(5.505022745687,128.39628489596));
#8994 = CARTESIAN_POINT('',(5.500481485657,129.41277967311));
#8995 = CARTESIAN_POINT('',(5.496063476054,130.43185401554));
#8996 = CARTESIAN_POINT('',(5.487536724275,132.45783200187));
#8997 = CARTESIAN_POINT('',(5.483424055286,133.46465279793));
#8998 = CARTESIAN_POINT('',(5.479421857562,134.47370978328));
#8999 = CARTESIAN_POINT('',(5.475526078095,135.4848875659));
#9000 = CARTESIAN_POINT('',(5.47173289503,136.49807380401));
#9001 = CARTESIAN_POINT('',(5.468038703139,137.51316668211));
#9002 = CARTESIAN_POINT('',(5.464440099802,138.53007935841));
#9003 = CARTESIAN_POINT('',(5.457469139217,140.55529326094));
#9004 = CARTESIAN_POINT('',(5.454094609938,141.5635527399));
#9005 = CARTESIAN_POINT('',(5.450807147204,142.57341134989));
#9006 = CARTESIAN_POINT('',(5.447603807863,143.58478822194));
#9007 = CARTESIAN_POINT('',(5.444481809235,144.59760837553));
#9008 = CARTESIAN_POINT('',(5.441438516342,145.61180250878));
#9009 = CARTESIAN_POINT('',(5.438471429139,146.6273067885));
#9010 = CARTESIAN_POINT('',(5.433466541552,148.38613585962));
#9011 = CARTESIAN_POINT('',(5.431396138052,149.12820879635));
#9012 = CARTESIAN_POINT('',(5.429365838425,149.870281778));
#9013 = CARTESIAN_POINT('',(5.427374576422,150.61235488133));
#9014 = CARTESIAN_POINT('',(5.425421336616,151.35442803861));
#9015 = CARTESIAN_POINT('',(5.42350515066,152.0965011438));
#9016 = CARTESIAN_POINT('',(5.421625093544,152.8385741587));
#9017 = CARTESIAN_POINT('',(5.418270886883,154.18779788363));
#9018 = CARTESIAN_POINT('',(5.416785086321,154.79494867319));
#9019 = CARTESIAN_POINT('',(5.415322394231,155.40209934875));
#9020 = CARTESIAN_POINT('',(5.413882343798,156.00924993265));
#9021 = CARTESIAN_POINT('',(5.412464484841,156.61640056196));
#9022 = CARTESIAN_POINT('',(5.411068383315,157.22355134189));
#9023 = CARTESIAN_POINT('',(5.409693620818,157.83070219911));
#9024 = CARTESIAN_POINT('',(5.406388743287,159.31284030332));
#9025 = CARTESIAN_POINT('',(5.404479783586,160.18844956481));
#9026 = CARTESIAN_POINT('',(5.402611877514,161.0646547162));
#9027 = CARTESIAN_POINT('',(5.400784025918,161.9414313898));
#9028 = CARTESIAN_POINT('',(5.398995267976,162.81875665365));
#9029 = CARTESIAN_POINT('',(5.397244681201,163.69660901149));
#9030 = CARTESIAN_POINT('',(5.395531381437,164.57496840274));
#9031 = CARTESIAN_POINT('',(5.392055938409,166.3964609854));
#9032 = CARTESIAN_POINT('',(5.390299276079,167.33966729984));
#9033 = CARTESIAN_POINT('',(5.38858348594,168.28341216764));
#9034 = CARTESIAN_POINT('',(5.386907552649,169.22767637428));
#9035 = CARTESIAN_POINT('',(5.385270537646,170.17243515829));
#9036 = CARTESIAN_POINT('',(5.383671541991,171.11766495171));
#9037 = CARTESIAN_POINT('',(5.38210967304,172.06334955305));
#9038 = CARTESIAN_POINT('',(5.379063455243,173.95253003618));
#9039 = CARTESIAN_POINT('',(5.377578872618,174.89602288578));
#9040 = CARTESIAN_POINT('',(5.37612950777,175.83993111137));
#9041 = CARTESIAN_POINT('',(5.374714584038,176.78423437472));
#9042 = CARTESIAN_POINT('',(5.373333313636,177.72892014308));
#9043 = CARTESIAN_POINT('',(5.371984948189,178.67397558113));
#9044 = CARTESIAN_POINT('',(5.370668822286,179.61938048353));
#9045 = CARTESIAN_POINT('',(5.368194333101,181.44118311644));
#9046 = CARTESIAN_POINT('',(5.36703149125,182.31753274733));
#9047 = CARTESIAN_POINT('',(5.365895199905,183.19415926803));
#9048 = CARTESIAN_POINT('',(5.364784946289,184.07105173103));
#9049 = CARTESIAN_POINT('',(5.363700234906,184.94819985429));
#9050 = CARTESIAN_POINT('',(5.362640587538,185.82559402117));
#9051 = CARTESIAN_POINT('',(5.361605543248,186.70322528048));
#9052 = CARTESIAN_POINT('',(5.359662452839,188.39061969075));
#9053 = CARTESIAN_POINT('',(5.358751014711,189.20015369919));
#9054 = CARTESIAN_POINT('',(5.357859972351,190.00968798698));
#9055 = CARTESIAN_POINT('',(5.356988974303,190.81922235245));
#9056 = CARTESIAN_POINT('',(5.356137681984,191.62875656307));
#9057 = CARTESIAN_POINT('',(5.355305766251,192.43829068493));
#9058 = CARTESIAN_POINT('',(5.354492907823,193.24782495555));
#9059 = CARTESIAN_POINT('',(5.352970870995,194.79943214967));
#9060 = CARTESIAN_POINT('',(5.352258697153,195.54150527796));
#9061 = CARTESIAN_POINT('',(5.3515620428,196.28357849494));
#9062 = CARTESIAN_POINT('',(5.350880681346,197.02565147445));
#9063 = CARTESIAN_POINT('',(5.350214390861,197.76772425777));
#9064 = CARTESIAN_POINT('',(5.349562953575,198.50979726881));
#9065 = CARTESIAN_POINT('',(5.3489261609,199.25187074101));
#9066 = CARTESIAN_POINT('',(5.347738062952,200.66855541335));
#9067 = CARTESIAN_POINT('',(5.347184247164,201.34316727146));
#9068 = CARTESIAN_POINT('',(5.346642229856,202.01777912976));
#9069 = CARTESIAN_POINT('',(5.346111868121,202.69239098796));
#9070 = CARTESIAN_POINT('',(5.345593022899,203.3670028459));
#9071 = CARTESIAN_POINT('',(5.345085558973,204.04161470352));
#9072 = CARTESIAN_POINT('',(5.344589344972,204.71622656087));
#9073 = CARTESIAN_POINT('',(5.343619161828,206.06545018713));
#9074 = CARTESIAN_POINT('',(5.343145191766,206.74006220777));
#9075 = CARTESIAN_POINT('',(5.342682217371,207.41467409355));
#9076 = CARTESIAN_POINT('',(5.342230113512,208.08928582969));
#9077 = CARTESIAN_POINT('',(5.341788757646,208.76389758177));
#9078 = CARTESIAN_POINT('',(5.341358031728,209.43850950431));
#9079 = CARTESIAN_POINT('',(5.340937824114,210.11312154939));
#9080 = CARTESIAN_POINT('',(5.339749808263,212.06886533661));
#9081 = CARTESIAN_POINT('',(5.339009014918,213.35020542433));
#9082 = CARTESIAN_POINT('',(5.338304960367,214.63173737713));
#9083 = CARTESIAN_POINT('',(5.337636960556,215.91344866621));
#9084 = CARTESIAN_POINT('',(5.337004399679,217.19532490239));
#9085 = CARTESIAN_POINT('',(5.336406681598,218.47735378946));
#9086 = CARTESIAN_POINT('',(5.335843198932,219.75952763028));
#9087 = CARTESIAN_POINT('',(5.334839789104,222.18836069457));
#9088 = CARTESIAN_POINT('',(5.334393096899,223.33499333389));
#9089 = CARTESIAN_POINT('',(5.333973005754,224.48172266625));
#9090 = CARTESIAN_POINT('',(5.333579166267,225.62854053383));
#9091 = CARTESIAN_POINT('',(5.333211244561,226.77543936539));
#9092 = CARTESIAN_POINT('',(5.33286892228,227.92241217626));
#9093 = CARTESIAN_POINT('',(5.332551896591,229.06945256837));
#9094 = CARTESIAN_POINT('',(5.332019481741,231.16089060466));
#9095 = CARTESIAN_POINT('',(5.331796030265,232.10526845618));
#9096 = CARTESIAN_POINT('',(5.331589368365,233.04968475127));
#9097 = CARTESIAN_POINT('',(5.331399356727,233.9941353562));
#9098 = CARTESIAN_POINT('',(5.331225862885,234.93861629712));
#9099 = CARTESIAN_POINT('',(5.331068756381,235.8831240827));
#9100 = CARTESIAN_POINT('',(5.330927910295,236.82765558929));
#9101 = CARTESIAN_POINT('',(5.330687432871,238.64915792804));
#9102 = CARTESIAN_POINT('',(5.330585573302,239.52612590217));
#9103 = CARTESIAN_POINT('',(5.330497531481,240.40310920112));
#9104 = CARTESIAN_POINT('',(5.33042322903,241.28010472679));
#9105 = CARTESIAN_POINT('',(5.330362565424,242.15711114296));
#9106 = CARTESIAN_POINT('',(5.330315453857,243.0341266091));
#9107 = CARTESIAN_POINT('',(5.330281848165,243.91114710071));
#9108 = CARTESIAN_POINT('',(5.330244794461,245.52190676954));
#9109 = CARTESIAN_POINT('',(5.330237317496,246.25564488651));
#9110 = CARTESIAN_POINT('',(5.330239204307,246.98938370072));
#9111 = CARTESIAN_POINT('',(5.330250418643,247.72312181335));
#9112 = CARTESIAN_POINT('',(5.33027092603,248.45685787635));
#9113 = CARTESIAN_POINT('',(5.330300693769,249.1905905924));
#9114 = CARTESIAN_POINT('',(5.330339690936,249.92431871494));
#9115 = CARTESIAN_POINT('',(5.330476525484,252.00738678897));
#9116 = CARTESIAN_POINT('',(5.330596280202,253.35671278048));
#9117 = CARTESIAN_POINT('',(5.330746968939,254.70601205458));
#9118 = CARTESIAN_POINT('',(5.330928386641,256.05527957463));
#9119 = CARTESIAN_POINT('',(5.33114056381,257.40449995414));
#9120 = CARTESIAN_POINT('',(5.331383287238,258.75367161043));
#9121 = CARTESIAN_POINT('',(5.331656551555,260.10278385285));
#9122 = CARTESIAN_POINT('',(5.332188144694,262.46389876633));
#9123 = CARTESIAN_POINT('',(5.332433154118,263.47592992418));
#9124 = CARTESIAN_POINT('',(5.332695298681,264.48792081565));
#9125 = CARTESIAN_POINT('',(5.332974533352,265.49986987917));
#9126 = CARTESIAN_POINT('',(5.333270872313,266.5117731767));
#9127 = CARTESIAN_POINT('',(5.333584344351,267.52362647387));
#9128 = CARTESIAN_POINT('',(5.333914942043,268.53542758309));
#9129 = CARTESIAN_POINT('',(5.334517757463,270.28924600223));
#9130 = CARTESIAN_POINT('',(5.334782058161,271.03131904129));
#9131 = CARTESIAN_POINT('',(5.335055606898,271.77339208032));
#9132 = CARTESIAN_POINT('',(5.335338415147,272.51546511932));
#9133 = CARTESIAN_POINT('',(5.335630496153,273.25753815829));
#9134 = CARTESIAN_POINT('',(5.335931864934,273.99961119723));
#9135 = CARTESIAN_POINT('',(5.33624253828,274.74168423611));
#9136 = CARTESIAN_POINT('',(5.337057223309,276.63094193876));
#9137 = CARTESIAN_POINT('',(5.337574152949,277.77803795582));
#9138 = CARTESIAN_POINT('',(5.338113403656,278.92504037726));
#9139 = CARTESIAN_POINT('',(5.338675065652,280.0719442991));
#9140 = CARTESIAN_POINT('',(5.339259239395,281.21874486215));
#9141 = CARTESIAN_POINT('',(5.33986603558,282.36543725211));
#9142 = CARTESIAN_POINT('',(5.340495575134,283.51201669948));
#9143 = CARTESIAN_POINT('',(5.341839295452,285.87328389824));
#9144 = CARTESIAN_POINT('',(5.342556285533,287.08795712262));
#9145 = CARTESIAN_POINT('',(5.343299118155,288.30249265408));
#9146 = CARTESIAN_POINT('',(5.344067923628,289.51688575508));
#9147 = CARTESIAN_POINT('',(5.344863014153,290.73112721619));
#9148 = CARTESIAN_POINT('',(5.345684520272,291.94521312176));
#9149 = CARTESIAN_POINT('',(5.346532726119,293.15913579904));
#9150 = CARTESIAN_POINT('',(5.348527381828,295.9255669136));
#9151 = CARTESIAN_POINT('',(5.349690970202,297.47796749728));
#9152 = CARTESIAN_POINT('',(5.350899223182,299.03007610321));
#9153 = CARTESIAN_POINT('',(5.352152498511,300.58188377999));
#9154 = CARTESIAN_POINT('',(5.353451736647,302.1333683892));
#9155 = CARTESIAN_POINT('',(5.354797464025,303.68451887528));
#9156 = CARTESIAN_POINT('',(5.356190509949,305.23531713817));
#9157 = CARTESIAN_POINT('',(5.358886776052,308.13603128789));
#9158 = CARTESIAN_POINT('',(5.360178377614,309.48603578816));
#9159 = CARTESIAN_POINT('',(5.361507020048,310.83574972043));
#9160 = CARTESIAN_POINT('',(5.362873166494,312.18516280331));
#9161 = CARTESIAN_POINT('',(5.364277636845,313.53426017655));
#9162 = CARTESIAN_POINT('',(5.365720940259,314.88303103229));
#9163 = CARTESIAN_POINT('',(5.367203852697,316.23146111072));
#9164 = CARTESIAN_POINT('',(5.370024028359,318.72733991985));
#9165 = CARTESIAN_POINT('',(5.371350200543,319.87488595211));
#9166 = CARTESIAN_POINT('',(5.372706076003,321.02216637449));
#9167 = CARTESIAN_POINT('',(5.374092083984,322.1691726022));
#9168 = CARTESIAN_POINT('',(5.375508760852,323.31589501089));
#9169 = CARTESIAN_POINT('',(5.376956680282,324.46232350023));
#9170 = CARTESIAN_POINT('',(5.378436373206,325.60844809451));
#9171 = CARTESIAN_POINT('',(5.38128503644,327.76709121875));
#9172 = CARTESIAN_POINT('',(5.382646927039,328.77967841995));
#9173 = CARTESIAN_POINT('',(5.384034514801,329.79201231931));
#9174 = CARTESIAN_POINT('',(5.385448251117,330.80408510914));
#9175 = CARTESIAN_POINT('',(5.386888554082,331.81588885885));
#9176 = CARTESIAN_POINT('',(5.388355866863,332.82741525446));
#9177 = CARTESIAN_POINT('',(5.38985071273,333.83865537722));
#9178 = CARTESIAN_POINT('',(5.392695940607,335.72741917601));
#9179 = CARTESIAN_POINT('',(5.39403942569,336.60501544193));
#9180 = CARTESIAN_POINT('',(5.39540438731,337.48238302621));
#9181 = CARTESIAN_POINT('',(5.396791173233,338.35951569424));
#9182 = CARTESIAN_POINT('',(5.398200143786,339.23640695145));
#9183 = CARTESIAN_POINT('',(5.399631671851,340.11305004336));
#9184 = CARTESIAN_POINT('',(5.401086142871,340.98943795557));
#9185 = CARTESIAN_POINT('',(5.40530085194,343.48814143089));
#9186 = CARTESIAN_POINT('',(5.408117813637,345.10981883124));
#9187 = CARTESIAN_POINT('',(5.411017303677,346.73054968162));
#9188 = CARTESIAN_POINT('',(5.414002322471,348.35028467996));
#9189 = CARTESIAN_POINT('',(5.417075580113,349.96896915788));
#9190 = CARTESIAN_POINT('',(5.420240460776,351.58654501647));
#9191 = CARTESIAN_POINT('',(5.423500207222,353.20294835009));
#9192 = CARTESIAN_POINT('',(5.429388958224,356.03510355567));
#9193 = CARTESIAN_POINT('',(5.43197535369,357.25139138618));
#9194 = CARTESIAN_POINT('',(5.434619312452,358.46694508514));
#9195 = CARTESIAN_POINT('',(5.437322511742,359.68173325331));
#9196 = CARTESIAN_POINT('',(5.440086717811,360.89572222561));
#9197 = CARTESIAN_POINT('',(5.442913794367,362.10887597492));
#9198 = CARTESIAN_POINT('',(5.445805711012,363.32115601579));
#9199 = CARTESIAN_POINT('',(5.450911074903,365.41131946048));
#9200 = CARTESIAN_POINT('',(5.453092816894,366.28963603035));
#9201 = CARTESIAN_POINT('',(5.455310581089,367.16745535579));
#9202 = CARTESIAN_POINT('',(5.457565215471,368.04476098828));
#9203 = CARTESIAN_POINT('',(5.459857603197,368.92153556093));
#9204 = CARTESIAN_POINT('',(5.462188660164,369.7977607162));
#9205 = CARTESIAN_POINT('',(5.464559339558,370.67341709353));
#9206 = CARTESIAN_POINT('',(5.468829579348,372.22309620992));
#9207 = CARTESIAN_POINT('',(5.470713624453,372.89770804885));
#9208 = CARTESIAN_POINT('',(5.472623304986,373.57231986163));
#9209 = CARTESIAN_POINT('',(5.474559173989,374.2469316777));
#9210 = CARTESIAN_POINT('',(5.476521802575,374.9215435156));
#9211 = CARTESIAN_POINT('',(5.478511780172,375.59615535826));
#9212 = CARTESIAN_POINT('',(5.480529723662,376.27076717584));
#9213 = CARTESIAN_POINT('',(5.48586333434,378.02888623681));
#9214 = CARTESIAN_POINT('',(5.489220962209,379.11131985689));
#9215 = CARTESIAN_POINT('',(5.492651492052,380.19263197004));
#9216 = CARTESIAN_POINT('',(5.496157360283,381.27277081047));
#9217 = CARTESIAN_POINT('',(5.49974114153,382.35168051711));
#9218 = CARTESIAN_POINT('',(5.503405563461,383.42930091761));
#9219 = CARTESIAN_POINT('',(5.507153521614,384.50556731247));
#9220 = CARTESIAN_POINT('',(5.514858953625,386.66542450893));
#9221 = CARTESIAN_POINT('',(5.518818069025,387.74898725648));
#9222 = CARTESIAN_POINT('',(5.522868604842,388.83102730699));
#9223 = CARTESIAN_POINT('',(5.527014015304,389.91146777685));
#9224 = CARTESIAN_POINT('',(5.531257912226,390.99022452625));
#9225 = CARTESIAN_POINT('',(5.535604127289,392.06720616759));
#9226 = CARTESIAN_POINT('',(5.540056801194,393.14231413182));
#9227 = CARTESIAN_POINT('',(5.549244477122,395.30282200228));
#9228 = CARTESIAN_POINT('',(5.553982429514,396.3881668133));
#9229 = CARTESIAN_POINT('',(5.558838846522,397.47136584119));
#9230 = CARTESIAN_POINT('',(5.563818369275,398.55229608296));
#9231 = CARTESIAN_POINT('',(5.568926679842,399.6308256433));
#9232 = CARTESIAN_POINT('',(5.574169161531,400.70680700499));
#9233 = CARTESIAN_POINT('',(5.579552049698,401.78008078558));
#9234 = CARTESIAN_POINT('',(5.587884321414,403.39292555906));
#9235 = CARTESIAN_POINT('',(5.59072448882,403.93463840825));
#9236 = CARTESIAN_POINT('',(5.593603253596,404.47558755148));
#9237 = CARTESIAN_POINT('',(5.596521503832,405.01574883993));
#9238 = CARTESIAN_POINT('',(5.599480163732,405.5550968216));
#9239 = CARTESIAN_POINT('',(5.602480193613,406.09360474132));
#9240 = CARTESIAN_POINT('',(5.605522589904,406.63124454078));
#9241 = CARTESIAN_POINT('',(5.612098964436,407.77513719481));
#9242 = CARTESIAN_POINT('',(5.615651687724,408.38228804861));
#9243 = CARTESIAN_POINT('',(5.619268724975,408.98943863356));
#9244 = CARTESIAN_POINT('',(5.622952384766,409.59658890918));
#9245 = CARTESIAN_POINT('',(5.626705132694,410.20373919985));
#9246 = CARTESIAN_POINT('',(5.630529609784,410.81088981392));
#9247 = CARTESIAN_POINT('',(5.634428650894,411.4180406627));
#9248 = CARTESIAN_POINT('',(5.643707496917,412.83472309956));
#9249 = CARTESIAN_POINT('',(5.649147701406,413.64426006295));
#9250 = CARTESIAN_POINT('',(5.654733146447,414.4537945609));
#9251 = CARTESIAN_POINT('',(5.66047167124,415.26332673561));
#9252 = CARTESIAN_POINT('',(5.666372277866,416.07285772464));
#9253 = CARTESIAN_POINT('',(5.672444460479,416.882393126));
#9254 = CARTESIAN_POINT('',(5.678699373087,417.6919308911));
#9255 = CARTESIAN_POINT('',(5.68998689221,419.1086110429));
#9256 = CARTESIAN_POINT('',(5.69493419815,419.71576341816));
#9257 = CARTESIAN_POINT('',(5.699996546626,420.32291409823));
#9258 = CARTESIAN_POINT('',(5.705179663994,420.93006286202));
#9259 = CARTESIAN_POINT('',(5.710489848872,421.53721177822));
#9260 = CARTESIAN_POINT('',(5.715934066885,422.14436279038));
#9261 = CARTESIAN_POINT('',(5.721520045401,422.75151530199));
#9262 = CARTESIAN_POINT('',(5.731789866408,423.83850188516));
#9263 = CARTESIAN_POINT('',(5.736398444054,424.31634310609));
#9264 = CARTESIAN_POINT('',(5.741084220007,424.79210658325));
#9265 = CARTESIAN_POINT('',(5.745849416519,425.26570515344));
#9266 = CARTESIAN_POINT('',(5.750696359298,425.73704533133));
#9267 = CARTESIAN_POINT('',(5.755627477514,426.20602730944));
#9268 = CARTESIAN_POINT('',(5.760645303794,426.67254495819));
#9269 = CARTESIAN_POINT('',(5.773611267655,427.8503870933));
#9270 = CARTESIAN_POINT('',(5.781681543641,428.55817700242));
#9271 = CARTESIAN_POINT('',(5.789973068878,429.25945193466));
#9272 = CARTESIAN_POINT('',(5.798496153591,429.95375578676));
#9273 = CARTESIAN_POINT('',(5.807261703312,430.64057804357));
#9274 = CARTESIAN_POINT('',(5.81628129233,431.31935093525));
#9275 = CARTESIAN_POINT('',(5.825567258804,431.98944567878));
#9276 = CARTESIAN_POINT('',(5.844677049534,433.30941627426));
#9277 = CARTESIAN_POINT('',(5.854221868935,433.94014803918));
#9278 = CARTESIAN_POINT('',(5.863767200982,434.54367058294));
#9279 = CARTESIAN_POINT('',(5.873313195157,435.12119529063));
#9280 = CARTESIAN_POINT('',(5.882860043237,435.67384383767));
#9281 = CARTESIAN_POINT('',(5.892407981099,436.20265031623));
#9282 = CARTESIAN_POINT('',(5.901957249475,436.7085645349));
#9283 = CARTESIAN_POINT('',(5.926671255513,437.96075015824));
#9284 = CARTESIAN_POINT('',(5.942446320604,438.70436287401));
#9285 = CARTESIAN_POINT('',(5.958869470281,439.42084146171));
#9286 = CARTESIAN_POINT('',(5.975975674708,440.10723196978));
#9287 = CARTESIAN_POINT('',(5.99379735384,440.76012337284));
#9288 = CARTESIAN_POINT('',(6.012362981717,441.37569487102));
#9289 = CARTESIAN_POINT('',(6.031694874742,441.9497997335));
#9290 = CARTESIAN_POINT('',(6.076800766398,443.13473538517));
#9291 = CARTESIAN_POINT('',(6.103016082004,443.7210708742));
#9292 = CARTESIAN_POINT('',(6.130450910405,444.22790980247));
#9293 = CARTESIAN_POINT('',(6.159073857348,444.64602725803));
#9294 = CARTESIAN_POINT('',(6.188813867768,444.96684457193));
#9295 = CARTESIAN_POINT('',(6.219548313811,445.18341127271));
#9296 = CARTESIAN_POINT('',(6.251091301115,445.29162761748));
#9297 = CARTESIAN_POINT('',(6.28318530718,445.29162761748));
#9298 = ( GEOMETRIC_REPRESENTATION_CONTEXT(2) 
PARAMETRIC_REPRESENTATION_CONTEXT() REPRESENTATION_CONTEXT('2D SPACE',''
  ) );
#9299 = ORIENTED_EDGE('',*,*,#6748,.T.);
#9300 = ORIENTED_EDGE('',*,*,#3799,.F.);
#9301 = ORIENTED_EDGE('',*,*,#9302,.F.);
#9302 = EDGE_CURVE('',#1608,#2704,#9303,.T.);
#9303 = SURFACE_CURVE('',#9304,(#9309,#9316),.PCURVE_S1.);
#9304 = CIRCLE('',#9305,3.);
#9305 = AXIS2_PLACEMENT_3D('',#9306,#9307,#9308);
#9306 = CARTESIAN_POINT('',(303.1,78.83,-50.5));
#9307 = DIRECTION('',(0.,0.,1.));
#9308 = DIRECTION('',(1.,0.,0.));
#9309 = PCURVE('',#2335,#9310);
#9310 = DEFINITIONAL_REPRESENTATION('',(#9311),#9315);
#9311 = CIRCLE('',#9312,3.);
#9312 = AXIS2_PLACEMENT_2D('',#9313,#9314);
#9313 = CARTESIAN_POINT('',(313.1,378.83));
#9314 = DIRECTION('',(1.,0.));
#9315 = ( GEOMETRIC_REPRESENTATION_CONTEXT(2) 
PARAMETRIC_REPRESENTATION_CONTEXT() REPRESENTATION_CONTEXT('2D SPACE',''
  ) );
#9316 = PCURVE('',#9317,#9322);
#9317 = CYLINDRICAL_SURFACE('',#9318,3.);
#9318 = AXIS2_PLACEMENT_3D('',#9319,#9320,#9321);
#9319 = CARTESIAN_POINT('',(303.1,78.83,-50.5));
#9320 = DIRECTION('',(-0.,-0.,-1.));
#9321 = DIRECTION('',(1.,0.,0.));
#9322 = DEFINITIONAL_REPRESENTATION('',(#9323),#9327);
#9323 = LINE('',#9324,#9325);
#9324 = CARTESIAN_POINT('',(-0.,0.));
#9325 = VECTOR('',#9326,1.);
#9326 = DIRECTION('',(-1.,0.));
#9327 = ( GEOMETRIC_REPRESENTATION_CONTEXT(2) 
PARAMETRIC_REPRESENTATION_CONTEXT() REPRESENTATION_CONTEXT('2D SPACE',''
  ) );
#9328 = FACE_BOUND('',#9329,.T.);
#9329 = EDGE_LOOP('',(#9330));
#9330 = ORIENTED_EDGE('',*,*,#9331,.F.);
#9331 = EDGE_CURVE('',#9332,#9332,#9334,.T.);
#9332 = VERTEX_POINT('',#9333);
#9333 = CARTESIAN_POINT('',(151.16,-78.65,-50.5));
#9334 = SURFACE_CURVE('',#9335,(#9340,#9347),.PCURVE_S1.);
#9335 = CIRCLE('',#9336,3.);
#9336 = AXIS2_PLACEMENT_3D('',#9337,#9338,#9339);
#9337 = CARTESIAN_POINT('',(148.16,-78.65,-50.5));
#9338 = DIRECTION('',(0.,0.,1.));
#9339 = DIRECTION('',(1.,0.,0.));
#9340 = PCURVE('',#2335,#9341);
#9341 = DEFINITIONAL_REPRESENTATION('',(#9342),#9346);
#9342 = CIRCLE('',#9343,3.);
#9343 = AXIS2_PLACEMENT_2D('',#9344,#9345);
#9344 = CARTESIAN_POINT('',(158.16,221.35));
#9345 = DIRECTION('',(1.,0.));
#9346 = ( GEOMETRIC_REPRESENTATION_CONTEXT(2) 
PARAMETRIC_REPRESENTATION_CONTEXT() REPRESENTATION_CONTEXT('2D SPACE',''
  ) );
#9347 = PCURVE('',#9348,#9353);
#9348 = CYLINDRICAL_SURFACE('',#9349,3.);
#9349 = AXIS2_PLACEMENT_3D('',#9350,#9351,#9352);
#9350 = CARTESIAN_POINT('',(148.16,-78.65,-50.5));
#9351 = DIRECTION('',(-0.,-0.,-1.));
#9352 = DIRECTION('',(1.,0.,0.));
#9353 = DEFINITIONAL_REPRESENTATION('',(#9354),#9358);
#9354 = LINE('',#9355,#9356);
#9355 = CARTESIAN_POINT('',(-0.,0.));
#9356 = VECTOR('',#9357,1.);
#9357 = DIRECTION('',(-1.,0.));
#9358 = ( GEOMETRIC_REPRESENTATION_CONTEXT(2) 
PARAMETRIC_REPRESENTATION_CONTEXT() REPRESENTATION_CONTEXT('2D SPACE',''
  ) );
#9359 = FACE_BOUND('',#9360,.T.);
#9360 = EDGE_LOOP('',(#9361));
#9361 = ORIENTED_EDGE('',*,*,#9362,.F.);
#9362 = EDGE_CURVE('',#9363,#9363,#9365,.T.);
#9363 = VERTEX_POINT('',#9364);
#9364 = CARTESIAN_POINT('',(151.16,78.83,-50.5));
#9365 = SURFACE_CURVE('',#9366,(#9371,#9378),.PCURVE_S1.);
#9366 = CIRCLE('',#9367,3.);
#9367 = AXIS2_PLACEMENT_3D('',#9368,#9369,#9370);
#9368 = CARTESIAN_POINT('',(148.16,78.83,-50.5));
#9369 = DIRECTION('',(0.,0.,1.));
#9370 = DIRECTION('',(1.,0.,0.));
#9371 = PCURVE('',#2335,#9372);
#9372 = DEFINITIONAL_REPRESENTATION('',(#9373),#9377);
#9373 = CIRCLE('',#9374,3.);
#9374 = AXIS2_PLACEMENT_2D('',#9375,#9376);
#9375 = CARTESIAN_POINT('',(158.16,378.83));
#9376 = DIRECTION('',(1.,0.));
#9377 = ( GEOMETRIC_REPRESENTATION_CONTEXT(2) 
PARAMETRIC_REPRESENTATION_CONTEXT() REPRESENTATION_CONTEXT('2D SPACE',''
  ) );
#9378 = PCURVE('',#9379,#9384);
#9379 = CYLINDRICAL_SURFACE('',#9380,3.);
#9380 = AXIS2_PLACEMENT_3D('',#9381,#9382,#9383);
#9381 = CARTESIAN_POINT('',(148.16,78.83,-50.5));
#9382 = DIRECTION('',(-0.,-0.,-1.));
#9383 = DIRECTION('',(1.,0.,0.));
#9384 = DEFINITIONAL_REPRESENTATION('',(#9385),#9389);
#9385 = LINE('',#9386,#9387);
#9386 = CARTESIAN_POINT('',(-0.,0.));
#9387 = VECTOR('',#9388,1.);
#9388 = DIRECTION('',(-1.,0.));
#9389 = ( GEOMETRIC_REPRESENTATION_CONTEXT(2) 
PARAMETRIC_REPRESENTATION_CONTEXT() REPRESENTATION_CONTEXT('2D SPACE',''
  ) );
#9390 = ADVANCED_FACE('',(#9391),#3431,.F.);
#9391 = FACE_BOUND('',#9392,.F.);
#9392 = EDGE_LOOP('',(#9393,#9417,#9439));
#9393 = ORIENTED_EDGE('',*,*,#9394,.T.);
#9394 = EDGE_CURVE('',#2704,#9395,#9397,.T.);
#9395 = VERTEX_POINT('',#9396);
#9396 = CARTESIAN_POINT('',(306.1,78.83,-50.5));
#9397 = SURFACE_CURVE('',#9398,(#9403,#9410),.PCURVE_S1.);
#9398 = CIRCLE('',#9399,3.);
#9399 = AXIS2_PLACEMENT_3D('',#9400,#9401,#9402);
#9400 = CARTESIAN_POINT('',(303.1,78.83,-50.5));
#9401 = DIRECTION('',(0.,0.,1.));
#9402 = DIRECTION('',(1.,0.,0.));
#9403 = PCURVE('',#3431,#9404);
#9404 = DEFINITIONAL_REPRESENTATION('',(#9405),#9409);
#9405 = CIRCLE('',#9406,3.);
#9406 = AXIS2_PLACEMENT_2D('',#9407,#9408);
#9407 = CARTESIAN_POINT('',(0.,0.));
#9408 = DIRECTION('',(1.,0.));
#9409 = ( GEOMETRIC_REPRESENTATION_CONTEXT(2) 
PARAMETRIC_REPRESENTATION_CONTEXT() REPRESENTATION_CONTEXT('2D SPACE',''
  ) );
#9410 = PCURVE('',#9317,#9411);
#9411 = DEFINITIONAL_REPRESENTATION('',(#9412),#9416);
#9412 = LINE('',#9413,#9414);
#9413 = CARTESIAN_POINT('',(-0.,0.));
#9414 = VECTOR('',#9415,1.);
#9415 = DIRECTION('',(-1.,0.));
#9416 = ( GEOMETRIC_REPRESENTATION_CONTEXT(2) 
PARAMETRIC_REPRESENTATION_CONTEXT() REPRESENTATION_CONTEXT('2D SPACE',''
  ) );
#9417 = ORIENTED_EDGE('',*,*,#9418,.T.);
#9418 = EDGE_CURVE('',#9395,#1608,#9419,.T.);
#9419 = SURFACE_CURVE('',#9420,(#9425,#9432),.PCURVE_S1.);
#9420 = CIRCLE('',#9421,3.);
#9421 = AXIS2_PLACEMENT_3D('',#9422,#9423,#9424);
#9422 = CARTESIAN_POINT('',(303.1,78.83,-50.5));
#9423 = DIRECTION('',(0.,0.,1.));
#9424 = DIRECTION('',(1.,0.,0.));
#9425 = PCURVE('',#3431,#9426);
#9426 = DEFINITIONAL_REPRESENTATION('',(#9427),#9431);
#9427 = CIRCLE('',#9428,3.);
#9428 = AXIS2_PLACEMENT_2D('',#9429,#9430);
#9429 = CARTESIAN_POINT('',(0.,0.));
#9430 = DIRECTION('',(1.,0.));
#9431 = ( GEOMETRIC_REPRESENTATION_CONTEXT(2) 
PARAMETRIC_REPRESENTATION_CONTEXT() REPRESENTATION_CONTEXT('2D SPACE',''
  ) );
#9432 = PCURVE('',#9317,#9433);
#9433 = DEFINITIONAL_REPRESENTATION('',(#9434),#9438);
#9434 = LINE('',#9435,#9436);
#9435 = CARTESIAN_POINT('',(-0.,0.));
#9436 = VECTOR('',#9437,1.);
#9437 = DIRECTION('',(-1.,0.));
#9438 = ( GEOMETRIC_REPRESENTATION_CONTEXT(2) 
PARAMETRIC_REPRESENTATION_CONTEXT() REPRESENTATION_CONTEXT('2D SPACE',''
  ) );
#9439 = ORIENTED_EDGE('',*,*,#2703,.T.);
#9440 = ADVANCED_FACE('',(#9441,#9673,#9698),#1575,.F.);
#9441 = FACE_BOUND('',#9442,.F.);
#9442 = EDGE_LOOP('',(#9443,#9444,#9445,#9468,#9496,#9517,#9518,#9599,
    #9600,#9623,#9651,#9672));
#9443 = ORIENTED_EDGE('',*,*,#1519,.F.);
#9444 = ORIENTED_EDGE('',*,*,#6855,.F.);
#9445 = ORIENTED_EDGE('',*,*,#9446,.T.);
#9446 = EDGE_CURVE('',#6856,#9447,#9449,.T.);
#9447 = VERTEX_POINT('',#9448);
#9448 = CARTESIAN_POINT('',(133.,64.,62.));
#9449 = SURFACE_CURVE('',#9450,(#9454,#9461),.PCURVE_S1.);
#9450 = LINE('',#9451,#9452);
#9451 = CARTESIAN_POINT('',(133.,64.,-62.));
#9452 = VECTOR('',#9453,1.);
#9453 = DIRECTION('',(0.,0.,1.));
#9454 = PCURVE('',#1575,#9455);
#9455 = DEFINITIONAL_REPRESENTATION('',(#9456),#9460);
#9456 = LINE('',#9457,#9458);
#9457 = CARTESIAN_POINT('',(238.,-364.));
#9458 = VECTOR('',#9459,1.);
#9459 = DIRECTION('',(1.,0.));
#9460 = ( GEOMETRIC_REPRESENTATION_CONTEXT(2) 
PARAMETRIC_REPRESENTATION_CONTEXT() REPRESENTATION_CONTEXT('2D SPACE',''
  ) );
#9461 = PCURVE('',#6892,#9462);
#9462 = DEFINITIONAL_REPRESENTATION('',(#9463),#9467);
#9463 = LINE('',#9464,#9465);
#9464 = CARTESIAN_POINT('',(0.,0.));
#9465 = VECTOR('',#9466,1.);
#9466 = DIRECTION('',(1.,0.));
#9467 = ( GEOMETRIC_REPRESENTATION_CONTEXT(2) 
PARAMETRIC_REPRESENTATION_CONTEXT() REPRESENTATION_CONTEXT('2D SPACE',''
  ) );
#9468 = ORIENTED_EDGE('',*,*,#9469,.F.);
#9469 = EDGE_CURVE('',#9470,#9447,#9472,.T.);
#9470 = VERTEX_POINT('',#9471);
#9471 = CARTESIAN_POINT('',(133.,-64.,62.));
#9472 = SURFACE_CURVE('',#9473,(#9477,#9484),.PCURVE_S1.);
#9473 = LINE('',#9474,#9475);
#9474 = CARTESIAN_POINT('',(133.,-64.,62.));
#9475 = VECTOR('',#9476,1.);
#9476 = DIRECTION('',(0.,1.,0.));
#9477 = PCURVE('',#1575,#9478);
#9478 = DEFINITIONAL_REPRESENTATION('',(#9479),#9483);
#9479 = LINE('',#9480,#9481);
#9480 = CARTESIAN_POINT('',(362.,-236.));
#9481 = VECTOR('',#9482,1.);
#9482 = DIRECTION('',(0.,-1.));
#9483 = ( GEOMETRIC_REPRESENTATION_CONTEXT(2) 
PARAMETRIC_REPRESENTATION_CONTEXT() REPRESENTATION_CONTEXT('2D SPACE',''
  ) );
#9484 = PCURVE('',#9485,#9490);
#9485 = PLANE('',#9486);
#9486 = AXIS2_PLACEMENT_3D('',#9487,#9488,#9489);
#9487 = CARTESIAN_POINT('',(133.,-64.,62.));
#9488 = DIRECTION('',(0.,0.,1.));
#9489 = DIRECTION('',(1.,0.,0.));
#9490 = DEFINITIONAL_REPRESENTATION('',(#9491),#9495);
#9491 = LINE('',#9492,#9493);
#9492 = CARTESIAN_POINT('',(0.,0.));
#9493 = VECTOR('',#9494,1.);
#9494 = DIRECTION('',(0.,1.));
#9495 = ( GEOMETRIC_REPRESENTATION_CONTEXT(2) 
PARAMETRIC_REPRESENTATION_CONTEXT() REPRESENTATION_CONTEXT('2D SPACE',''
  ) );
#9496 = ORIENTED_EDGE('',*,*,#9497,.F.);
#9497 = EDGE_CURVE('',#7020,#9470,#9498,.T.);
#9498 = SURFACE_CURVE('',#9499,(#9503,#9510),.PCURVE_S1.);
#9499 = LINE('',#9500,#9501);
#9500 = CARTESIAN_POINT('',(133.,-64.,-62.));
#9501 = VECTOR('',#9502,1.);
#9502 = DIRECTION('',(0.,0.,1.));
#9503 = PCURVE('',#1575,#9504);
#9504 = DEFINITIONAL_REPRESENTATION('',(#9505),#9509);
#9505 = LINE('',#9506,#9507);
#9506 = CARTESIAN_POINT('',(238.,-236.));
#9507 = VECTOR('',#9508,1.);
#9508 = DIRECTION('',(1.,0.));
#9509 = ( GEOMETRIC_REPRESENTATION_CONTEXT(2) 
PARAMETRIC_REPRESENTATION_CONTEXT() REPRESENTATION_CONTEXT('2D SPACE',''
  ) );
#9510 = PCURVE('',#7034,#9511);
#9511 = DEFINITIONAL_REPRESENTATION('',(#9512),#9516);
#9512 = LINE('',#9513,#9514);
#9513 = CARTESIAN_POINT('',(0.,0.));
#9514 = VECTOR('',#9515,1.);
#9515 = DIRECTION('',(1.,0.));
#9516 = ( GEOMETRIC_REPRESENTATION_CONTEXT(2) 
PARAMETRIC_REPRESENTATION_CONTEXT() REPRESENTATION_CONTEXT('2D SPACE',''
  ) );
#9517 = ORIENTED_EDGE('',*,*,#7045,.F.);
#9518 = ORIENTED_EDGE('',*,*,#9519,.F.);
#9519 = EDGE_CURVE('',#5171,#7046,#9520,.T.);
#9520 = SURFACE_CURVE('',#9521,(#9545,#9572),.PCURVE_S1.);
#9521 = B_SPLINE_CURVE_WITH_KNOTS('',8,(#9522,#9523,#9524,#9525,#9526,
    #9527,#9528,#9529,#9530,#9531,#9532,#9533,#9534,#9535,#9536,#9537,
    #9538,#9539,#9540,#9541,#9542,#9543,#9544),.UNSPECIFIED.,.F.,.F.,(9,
    7,7,9),(0.,0.369331958363,0.764626253633,1.),.UNSPECIFIED.);
#9522 = CARTESIAN_POINT('',(133.,0.,-82.46693234793));
#9523 = CARTESIAN_POINT('',(133.,-4.906791887709,-82.46693234793));
#9524 = CARTESIAN_POINT('',(133.,-9.813293834774,-82.31264704241));
#9525 = CARTESIAN_POINT('',(133.,-14.71427014461,-82.00410693203));
#9526 = CARTESIAN_POINT('',(133.,-19.60410435655,-81.54065320217));
#9527 = CARTESIAN_POINT('',(133.,-24.47680441631,-80.92102910014));
#9528 = CARTESIAN_POINT('',(133.,-29.32600257457,-80.14340483134));
#9529 = CARTESIAN_POINT('',(133.,-34.14494322717,-79.20529893544));
#9530 = CARTESIAN_POINT('',(133.,-44.04407864742,-76.92395797318));
#9531 = CARTESIAN_POINT('',(133.,-49.1174548834,-75.55719526856));
#9532 = CARTESIAN_POINT('',(133.,-54.13862990313,-73.99895036129));
#9533 = CARTESIAN_POINT('',(133.,-59.09731012391,-72.2441982265));
#9534 = CARTESIAN_POINT('',(133.,-63.98094168968,-70.28725063064));
#9535 = CARTESIAN_POINT('',(133.,-68.77468689711,-68.1217406988));
#9536 = CARTESIAN_POINT('',(133.,-73.46138991659,-65.74056236014));
#9537 = CARTESIAN_POINT('',(133.,-80.73628285324,-61.58349494865));
#9538 = CARTESIAN_POINT('',(133.,-83.40584605067,-59.95275982342));
#9539 = CARTESIAN_POINT('',(133.,-86.02563392172,-58.24102283164));
#9540 = CARTESIAN_POINT('',(133.,-88.59062014755,-56.44660983654));
#9541 = CARTESIAN_POINT('',(133.,-91.09504079086,-54.56796442541));
#9542 = CARTESIAN_POINT('',(133.,-93.53242224536,-52.60368728938));
#9543 = CARTESIAN_POINT('',(133.,-95.89559963526,-50.55256300948));
#9544 = CARTESIAN_POINT('',(133.,-98.17672566466,-48.41357424876));
#9545 = PCURVE('',#1575,#9546);
#9546 = DEFINITIONAL_REPRESENTATION('',(#9547),#9571);
#9547 = B_SPLINE_CURVE_WITH_KNOTS('',8,(#9548,#9549,#9550,#9551,#9552,
    #9553,#9554,#9555,#9556,#9557,#9558,#9559,#9560,#9561,#9562,#9563,
    #9564,#9565,#9566,#9567,#9568,#9569,#9570),.UNSPECIFIED.,.F.,.F.,(9,
    7,7,9),(0.,0.369331958363,0.764626253633,1.),.UNSPECIFIED.);
#9548 = CARTESIAN_POINT('',(217.53306765206,-300.));
#9549 = CARTESIAN_POINT('',(217.53306765206,-295.0932081122));
#9550 = CARTESIAN_POINT('',(217.68735295758,-290.1867061652));
#9551 = CARTESIAN_POINT('',(217.99589306797,-285.2857298553));
#9552 = CARTESIAN_POINT('',(218.45934679782,-280.3958956434));
#9553 = CARTESIAN_POINT('',(219.07897089985,-275.5231955836));
#9554 = CARTESIAN_POINT('',(219.85659516865,-270.6739974254));
#9555 = CARTESIAN_POINT('',(220.79470106455,-265.8550567728));
#9556 = CARTESIAN_POINT('',(223.07604202681,-255.9559213525));
#9557 = CARTESIAN_POINT('',(224.44280473144,-250.8825451165));
#9558 = CARTESIAN_POINT('',(226.0010496387,-245.8613700968));
#9559 = CARTESIAN_POINT('',(227.7558017735,-240.902689876));
#9560 = CARTESIAN_POINT('',(229.71274936935,-236.0190583103));
#9561 = CARTESIAN_POINT('',(231.87825930119,-231.2253131028));
#9562 = CARTESIAN_POINT('',(234.25943763985,-226.5386100834));
#9563 = CARTESIAN_POINT('',(238.41650505134,-219.2637171467));
#9564 = CARTESIAN_POINT('',(240.04724017657,-216.5941539493));
#9565 = CARTESIAN_POINT('',(241.75897716835,-213.9743660782));
#9566 = CARTESIAN_POINT('',(243.55339016345,-211.4093798524));
#9567 = CARTESIAN_POINT('',(245.43203557458,-208.9049592091));
#9568 = CARTESIAN_POINT('',(247.39631271061,-206.4675777546));
#9569 = CARTESIAN_POINT('',(249.44743699051,-204.1044003647));
#9570 = CARTESIAN_POINT('',(251.58642575123,-201.8232743353));
#9571 = ( GEOMETRIC_REPRESENTATION_CONTEXT(2) 
PARAMETRIC_REPRESENTATION_CONTEXT() REPRESENTATION_CONTEXT('2D SPACE',''
  ) );
#9572 = PCURVE('',#5920,#9573);
#9573 = DEFINITIONAL_REPRESENTATION('',(#9574),#9598);
#9574 = B_SPLINE_CURVE_WITH_KNOTS('',8,(#9575,#9576,#9577,#9578,#9579,
    #9580,#9581,#9582,#9583,#9584,#9585,#9586,#9587,#9588,#9589,#9590,
    #9591,#9592,#9593,#9594,#9595,#9596,#9597),.UNSPECIFIED.,.F.,.F.,(9,
    7,7,9),(0.,0.369331958363,0.764626253633,1.),.UNSPECIFIED.);
#9575 = CARTESIAN_POINT('',(6.28318530718,188.97410110403));
#9576 = CARTESIAN_POINT('',(6.234260998474,188.97410110403));
#9577 = CARTESIAN_POINT('',(6.186645696948,188.97410110403));
#9578 = CARTESIAN_POINT('',(6.140147270407,188.97410110403));
#9579 = CARTESIAN_POINT('',(6.094601555407,188.97410110403));
#9580 = CARTESIAN_POINT('',(6.049862184516,188.97410110403));
#9581 = CARTESIAN_POINT('',(6.005794237604,188.97410110403));
#9582 = CARTESIAN_POINT('',(5.962269258094,188.97410110403));
#9583 = CARTESIAN_POINT('',(5.873018651719,188.97410110403));
#9584 = CARTESIAN_POINT('',(5.827365765082,188.97410110403));
#9585 = CARTESIAN_POINT('',(5.782035819099,188.97410110403));
#9586 = CARTESIAN_POINT('',(5.736881320246,188.97410110403));
#9587 = CARTESIAN_POINT('',(5.691761761488,188.97410110403));
#9588 = CARTESIAN_POINT('',(5.646535333761,188.97410110403));
#9589 = CARTESIAN_POINT('',(5.601051392027,188.97410110403));
#9590 = CARTESIAN_POINT('',(5.527791454903,188.97410110403));
#9591 = CARTESIAN_POINT('',(5.500301206825,188.97410110403));
#9592 = CARTESIAN_POINT('',(5.472625995528,188.97410110403));
#9593 = CARTESIAN_POINT('',(5.444730749455,188.97410110403));
#9594 = CARTESIAN_POINT('',(5.416580717952,188.97410110403));
#9595 = CARTESIAN_POINT('',(5.3881404614,188.97410110403));
#9596 = CARTESIAN_POINT('',(5.359372742329,188.97410110403));
#9597 = CARTESIAN_POINT('',(5.330237317496,188.97410110403));
#9598 = ( GEOMETRIC_REPRESENTATION_CONTEXT(2) 
PARAMETRIC_REPRESENTATION_CONTEXT() REPRESENTATION_CONTEXT('2D SPACE',''
  ) );
#9599 = ORIENTED_EDGE('',*,*,#5170,.T.);
#9600 = ORIENTED_EDGE('',*,*,#9601,.F.);
#9601 = EDGE_CURVE('',#9602,#5145,#9604,.T.);
#9602 = VERTEX_POINT('',#9603);
#9603 = CARTESIAN_POINT('',(133.,-64.,-62.));
#9604 = SURFACE_CURVE('',#9605,(#9609,#9616),.PCURVE_S1.);
#9605 = LINE('',#9606,#9607);
#9606 = CARTESIAN_POINT('',(133.,-64.,-62.));
#9607 = VECTOR('',#9608,1.);
#9608 = DIRECTION('',(0.,0.,1.));
#9609 = PCURVE('',#1575,#9610);
#9610 = DEFINITIONAL_REPRESENTATION('',(#9611),#9615);
#9611 = LINE('',#9612,#9613);
#9612 = CARTESIAN_POINT('',(238.,-236.));
#9613 = VECTOR('',#9614,1.);
#9614 = DIRECTION('',(1.,0.));
#9615 = ( GEOMETRIC_REPRESENTATION_CONTEXT(2) 
PARAMETRIC_REPRESENTATION_CONTEXT() REPRESENTATION_CONTEXT('2D SPACE',''
  ) );
#9616 = PCURVE('',#5159,#9617);
#9617 = DEFINITIONAL_REPRESENTATION('',(#9618),#9622);
#9618 = LINE('',#9619,#9620);
#9619 = CARTESIAN_POINT('',(0.,0.));
#9620 = VECTOR('',#9621,1.);
#9621 = DIRECTION('',(1.,0.));
#9622 = ( GEOMETRIC_REPRESENTATION_CONTEXT(2) 
PARAMETRIC_REPRESENTATION_CONTEXT() REPRESENTATION_CONTEXT('2D SPACE',''
  ) );
#9623 = ORIENTED_EDGE('',*,*,#9624,.T.);
#9624 = EDGE_CURVE('',#9602,#9625,#9627,.T.);
#9625 = VERTEX_POINT('',#9626);
#9626 = CARTESIAN_POINT('',(133.,64.,-62.));
#9627 = SURFACE_CURVE('',#9628,(#9632,#9639),.PCURVE_S1.);
#9628 = LINE('',#9629,#9630);
#9629 = CARTESIAN_POINT('',(133.,-64.,-62.));
#9630 = VECTOR('',#9631,1.);
#9631 = DIRECTION('',(0.,1.,0.));
#9632 = PCURVE('',#1575,#9633);
#9633 = DEFINITIONAL_REPRESENTATION('',(#9634),#9638);
#9634 = LINE('',#9635,#9636);
#9635 = CARTESIAN_POINT('',(238.,-236.));
#9636 = VECTOR('',#9637,1.);
#9637 = DIRECTION('',(0.,-1.));
#9638 = ( GEOMETRIC_REPRESENTATION_CONTEXT(2) 
PARAMETRIC_REPRESENTATION_CONTEXT() REPRESENTATION_CONTEXT('2D SPACE',''
  ) );
#9639 = PCURVE('',#9640,#9645);
#9640 = PLANE('',#9641);
#9641 = AXIS2_PLACEMENT_3D('',#9642,#9643,#9644);
#9642 = CARTESIAN_POINT('',(133.,-64.,-62.));
#9643 = DIRECTION('',(0.,0.,1.));
#9644 = DIRECTION('',(1.,0.,0.));
#9645 = DEFINITIONAL_REPRESENTATION('',(#9646),#9650);
#9646 = LINE('',#9647,#9648);
#9647 = CARTESIAN_POINT('',(0.,0.));
#9648 = VECTOR('',#9649,1.);
#9649 = DIRECTION('',(0.,1.));
#9650 = ( GEOMETRIC_REPRESENTATION_CONTEXT(2) 
PARAMETRIC_REPRESENTATION_CONTEXT() REPRESENTATION_CONTEXT('2D SPACE',''
  ) );
#9651 = ORIENTED_EDGE('',*,*,#9652,.T.);
#9652 = EDGE_CURVE('',#9625,#4981,#9653,.T.);
#9653 = SURFACE_CURVE('',#9654,(#9658,#9665),.PCURVE_S1.);
#9654 = LINE('',#9655,#9656);
#9655 = CARTESIAN_POINT('',(133.,64.,-62.));
#9656 = VECTOR('',#9657,1.);
#9657 = DIRECTION('',(0.,0.,1.));
#9658 = PCURVE('',#1575,#9659);
#9659 = DEFINITIONAL_REPRESENTATION('',(#9660),#9664);
#9660 = LINE('',#9661,#9662);
#9661 = CARTESIAN_POINT('',(238.,-364.));
#9662 = VECTOR('',#9663,1.);
#9663 = DIRECTION('',(1.,0.));
#9664 = ( GEOMETRIC_REPRESENTATION_CONTEXT(2) 
PARAMETRIC_REPRESENTATION_CONTEXT() REPRESENTATION_CONTEXT('2D SPACE',''
  ) );
#9665 = PCURVE('',#5017,#9666);
#9666 = DEFINITIONAL_REPRESENTATION('',(#9667),#9671);
#9667 = LINE('',#9668,#9669);
#9668 = CARTESIAN_POINT('',(0.,0.));
#9669 = VECTOR('',#9670,1.);
#9670 = DIRECTION('',(1.,0.));
#9671 = ( GEOMETRIC_REPRESENTATION_CONTEXT(2) 
PARAMETRIC_REPRESENTATION_CONTEXT() REPRESENTATION_CONTEXT('2D SPACE',''
  ) );
#9672 = ORIENTED_EDGE('',*,*,#4980,.T.);
#9673 = FACE_BOUND('',#9674,.F.);
#9674 = EDGE_LOOP('',(#9675,#9697));
#9675 = ORIENTED_EDGE('',*,*,#9676,.F.);
#9676 = EDGE_CURVE('',#6930,#6956,#9677,.T.);
#9677 = SURFACE_CURVE('',#9678,(#9683,#9690),.PCURVE_S1.);
#9678 = CIRCLE('',#9679,58.);
#9679 = AXIS2_PLACEMENT_3D('',#9680,#9681,#9682);
#9680 = CARTESIAN_POINT('',(133.,0.,0.));
#9681 = DIRECTION('',(1.,-0.,0.));
#9682 = DIRECTION('',(0.,0.491832821572,-0.870689655172));
#9683 = PCURVE('',#1575,#9684);
#9684 = DEFINITIONAL_REPRESENTATION('',(#9685),#9689);
#9685 = CIRCLE('',#9686,58.);
#9686 = AXIS2_PLACEMENT_2D('',#9687,#9688);
#9687 = CARTESIAN_POINT('',(300.,-300.));
#9688 = DIRECTION('',(-0.870689655172,-0.491832821572));
#9689 = ( GEOMETRIC_REPRESENTATION_CONTEXT(2) 
PARAMETRIC_REPRESENTATION_CONTEXT() REPRESENTATION_CONTEXT('2D SPACE',''
  ) );
#9690 = PCURVE('',#6944,#9691);
#9691 = DEFINITIONAL_REPRESENTATION('',(#9692),#9696);
#9692 = LINE('',#9693,#9694);
#9693 = CARTESIAN_POINT('',(-5.226582507631,-1.));
#9694 = VECTOR('',#9695,1.);
#9695 = DIRECTION('',(-1.,-0.));
#9696 = ( GEOMETRIC_REPRESENTATION_CONTEXT(2) 
PARAMETRIC_REPRESENTATION_CONTEXT() REPRESENTATION_CONTEXT('2D SPACE',''
  ) );
#9697 = ORIENTED_EDGE('',*,*,#6955,.F.);
#9698 = FACE_BOUND('',#9699,.F.);
#9699 = EDGE_LOOP('',(#9700,#9726));
#9700 = ORIENTED_EDGE('',*,*,#9701,.T.);
#9701 = EDGE_CURVE('',#5055,#5081,#9702,.T.);
#9702 = SURFACE_CURVE('',#9703,(#9708,#9719),.PCURVE_S1.);
#9703 = CIRCLE('',#9704,58.);
#9704 = AXIS2_PLACEMENT_3D('',#9705,#9706,#9707);
#9705 = CARTESIAN_POINT('',(133.,0.,0.));
#9706 = DIRECTION('',(-1.,0.,0.));
#9707 = DIRECTION('',(0.,1.,0.));
#9708 = PCURVE('',#1575,#9709);
#9709 = DEFINITIONAL_REPRESENTATION('',(#9710),#9718);
#9710 = ( BOUNDED_CURVE() B_SPLINE_CURVE(2,(#9711,#9712,#9713,#9714,
#9715,#9716,#9717),.UNSPECIFIED.,.T.,.F.) B_SPLINE_CURVE_WITH_KNOTS((1,2
    ,2,2,2,1),(-2.094395102393,0.,2.094395102393,4.188790204786,
6.28318530718,8.377580409573),.UNSPECIFIED.) CURVE() 
GEOMETRIC_REPRESENTATION_ITEM() RATIONAL_B_SPLINE_CURVE((1.,0.5,1.,0.5,
1.,0.5,1.)) REPRESENTATION_ITEM('') );
#9711 = CARTESIAN_POINT('',(300.,-358.));
#9712 = CARTESIAN_POINT('',(199.541053161,-358.));
#9713 = CARTESIAN_POINT('',(249.7705265805,-271.));
#9714 = CARTESIAN_POINT('',(300.,-184.));
#9715 = CARTESIAN_POINT('',(350.22947341949,-271.));
#9716 = CARTESIAN_POINT('',(400.45894683899,-358.));
#9717 = CARTESIAN_POINT('',(300.,-358.));
#9718 = ( GEOMETRIC_REPRESENTATION_CONTEXT(2) 
PARAMETRIC_REPRESENTATION_CONTEXT() REPRESENTATION_CONTEXT('2D SPACE',''
  ) );
#9719 = PCURVE('',#5069,#9720);
#9720 = DEFINITIONAL_REPRESENTATION('',(#9721),#9725);
#9721 = LINE('',#9722,#9723);
#9722 = CARTESIAN_POINT('',(-6.28318530718,-1.));
#9723 = VECTOR('',#9724,1.);
#9724 = DIRECTION('',(1.,-0.));
#9725 = ( GEOMETRIC_REPRESENTATION_CONTEXT(2) 
PARAMETRIC_REPRESENTATION_CONTEXT() REPRESENTATION_CONTEXT('2D SPACE',''
  ) );
#9726 = ORIENTED_EDGE('',*,*,#5080,.T.);
#9727 = ADVANCED_FACE('',(#9728),#5920,.T.);
#9728 = FACE_BOUND('',#9729,.T.);
#9729 = EDGE_LOOP('',(#9730,#9731,#9732,#9733,#9734,#9735));
#9730 = ORIENTED_EDGE('',*,*,#7067,.F.);
#9731 = ORIENTED_EDGE('',*,*,#9519,.F.);
#9732 = ORIENTED_EDGE('',*,*,#5192,.T.);
#9733 = ORIENTED_EDGE('',*,*,#6769,.T.);
#9734 = ORIENTED_EDGE('',*,*,#8211,.F.);
#9735 = ORIENTED_EDGE('',*,*,#9736,.F.);
#9736 = EDGE_CURVE('',#7068,#8188,#9737,.T.);
#9737 = SURFACE_CURVE('',#9738,(#10098,#10461),.PCURVE_S1.);
#9738 = B_SPLINE_CURVE_WITH_KNOTS('',8,(#9739,#9740,#9741,#9742,#9743,
    #9744,#9745,#9746,#9747,#9748,#9749,#9750,#9751,#9752,#9753,#9754,
    #9755,#9756,#9757,#9758,#9759,#9760,#9761,#9762,#9763,#9764,#9765,
    #9766,#9767,#9768,#9769,#9770,#9771,#9772,#9773,#9774,#9775,#9776,
    #9777,#9778,#9779,#9780,#9781,#9782,#9783,#9784,#9785,#9786,#9787,
    #9788,#9789,#9790,#9791,#9792,#9793,#9794,#9795,#9796,#9797,#9798,
    #9799,#9800,#9801,#9802,#9803,#9804,#9805,#9806,#9807,#9808,#9809,
    #9810,#9811,#9812,#9813,#9814,#9815,#9816,#9817,#9818,#9819,#9820,
    #9821,#9822,#9823,#9824,#9825,#9826,#9827,#9828,#9829,#9830,#9831,
    #9832,#9833,#9834,#9835,#9836,#9837,#9838,#9839,#9840,#9841,#9842,
    #9843,#9844,#9845,#9846,#9847,#9848,#9849,#9850,#9851,#9852,#9853,
    #9854,#9855,#9856,#9857,#9858,#9859,#9860,#9861,#9862,#9863,#9864,
    #9865,#9866,#9867,#9868,#9869,#9870,#9871,#9872,#9873,#9874,#9875,
    #9876,#9877,#9878,#9879,#9880,#9881,#9882,#9883,#9884,#9885,#9886,
    #9887,#9888,#9889,#9890,#9891,#9892,#9893,#9894,#9895,#9896,#9897,
    #9898,#9899,#9900,#9901,#9902,#9903,#9904,#9905,#9906,#9907,#9908,
    #9909,#9910,#9911,#9912,#9913,#9914,#9915,#9916,#9917,#9918,#9919,
    #9920,#9921,#9922,#9923,#9924,#9925,#9926,#9927,#9928,#9929,#9930,
    #9931,#9932,#9933,#9934,#9935,#9936,#9937,#9938,#9939,#9940,#9941,
    #9942,#9943,#9944,#9945,#9946,#9947,#9948,#9949,#9950,#9951,#9952,
    #9953,#9954,#9955,#9956,#9957,#9958,#9959,#9960,#9961,#9962,#9963,
    #9964,#9965,#9966,#9967,#9968,#9969,#9970,#9971,#9972,#9973,#9974,
    #9975,#9976,#9977,#9978,#9979,#9980,#9981,#9982,#9983,#9984,#9985,
    #9986,#9987,#9988,#9989,#9990,#9991,#9992,#9993,#9994,#9995,#9996,
    #9997,#9998,#9999,#10000,#10001,#10002,#10003,#10004,#10005,#10006,
    #10007,#10008,#10009,#10010,#10011,#10012,#10013,#10014,#10015,
    #10016,#10017,#10018,#10019,#10020,#10021,#10022,#10023,#10024,
    #10025,#10026,#10027,#10028,#10029,#10030,#10031,#10032,#10033,
    #10034,#10035,#10036,#10037,#10038,#10039,#10040,#10041,#10042,
    #10043,#10044,#10045,#10046,#10047,#10048,#10049,#10050,#10051,
    #10052,#10053,#10054,#10055,#10056,#10057,#10058,#10059,#10060,
    #10061,#10062,#10063,#10064,#10065,#10066,#10067,#10068,#10069,
    #10070,#10071,#10072,#10073,#10074,#10075,#10076,#10077,#10078,
    #10079,#10080,#10081,#10082,#10083,#10084,#10085,#10086,#10087,
    #10088,#10089,#10090,#10091,#10092,#10093,#10094,#10095,#10096,
    #10097),.UNSPECIFIED.,.F.,.F.,(9,7,7,7,7,7,7,7,7,7,7,7,7,7,7,7,7,7,7
    ,7,7,7,7,7,7,7,7,7,7,7,7,7,7,7,7,7,7,7,7,7,7,7,7,7,7,7,7,7,7,7,7,9),
  (0.,3.408237715675E-02,6.04754119683E-02,8.443118553337E-02,
    9.799083494423E-02,0.11270383537,0.131486558703,0.145706328701,
    0.166809544435,0.187560166581,0.208064970224,0.223030279369,
    0.235274622785,0.252920408526,0.271847130391,0.290712665457,
    0.308188224952,0.324303624371,0.339076071692,0.352505573391,
    0.365935073333,0.391438577473,0.414241609181,0.433013887366,
    0.450442635206,0.465023882241,0.49183939908,0.511956660066,
    0.526711831963,0.549522129639,0.573692209878,0.604611461752,
    0.631539326844,0.65446673731,0.674733312093,0.692331091323,
    0.724922051287,0.749478690062,0.767293571267,0.781027520532,
    0.803085885097,0.825352989286,0.847915851608,0.859350278496,
    0.872284634334,0.88953041224,0.902464764612,0.912686968548,
    0.928416654927,0.944111258291,0.969029720752,1.),.UNSPECIFIED.);
#9739 = CARTESIAN_POINT('',(39.109353124344,0.,-50.5));
#9740 = CARTESIAN_POINT('',(39.109353124344,-2.603715254718,-50.5));
#9741 = CARTESIAN_POINT('',(39.208291164201,-5.208213493685,-50.5));
#9742 = CARTESIAN_POINT('',(39.406272031898,-7.797817980613,-50.5));
#9743 = CARTESIAN_POINT('',(39.700569978129,-10.35973864339,-50.5));
#9744 = CARTESIAN_POINT('',(40.086600605605,-12.88368949851,-50.5));
#9745 = CARTESIAN_POINT('',(40.558631735488,-15.36153669835,-50.5));
#9746 = CARTESIAN_POINT('',(41.110307519462,-17.7870146307,-50.5));
#9747 = CARTESIAN_POINT('',(42.218861874385,-21.98971446983,-50.5));
#9748 = CARTESIAN_POINT('',(42.746699938294,-23.79054494881,-50.5));
#9749 = CARTESIAN_POINT('',(43.31584837984,-25.55684430462,-50.5));
#9750 = CARTESIAN_POINT('',(43.923641374047,-27.28797004951,-50.5));
#9751 = CARTESIAN_POINT('',(44.567556290324,-28.98371555642,-50.5));
#9752 = CARTESIAN_POINT('',(45.245270667342,-30.64424070879,-50.5));
#9753 = CARTESIAN_POINT('',(45.954707010803,-32.27002915229,-50.5));
#9754 = CARTESIAN_POINT('',(47.365174552488,-35.30667783224,-50.5));
#9755 = CARTESIAN_POINT('',(48.060868203332,-36.72338685247,-50.5));
#9756 = CARTESIAN_POINT('',(48.779795303318,-38.11250015408,-50.5));
#9757 = CARTESIAN_POINT('',(49.520685979084,-39.47458329971,-50.5));
#9758 = CARTESIAN_POINT('',(50.282370654578,-40.81020520588,-50.5));
#9759 = CARTESIAN_POINT('',(51.063792541859,-42.1199603076,-50.5));
#9760 = CARTESIAN_POINT('',(51.863993336044,-43.40447210572,-50.5));
#9761 = CARTESIAN_POINT('',(53.145223218338,-45.37753829509,-50.5));
#9762 = CARTESIAN_POINT('',(53.614051455287,-46.08279384548,-50.5));
#9763 = CARTESIAN_POINT('',(54.088459527744,-46.7802643116,-50.5));
#9764 = CARTESIAN_POINT('',(54.568295941713,-47.47005668614,-50.5));
#9765 = CARTESIAN_POINT('',(55.053415822965,-48.15227660473,-50.5));
#9766 = CARTESIAN_POINT('',(55.543680917034,-48.82702834602,-50.5));
#9767 = CARTESIAN_POINT('',(56.038959589218,-49.49441483162,-50.5));
#9768 = CARTESIAN_POINT('',(57.081837076412,-50.87080887047,-50.5));
#9769 = CARTESIAN_POINT('',(57.626724628759,-51.57380535472,-50.5));
#9770 = CARTESIAN_POINT('',(58.173750957218,-52.26418880238,-50.5));
#9771 = CARTESIAN_POINT('',(58.722884603085,-52.94255197465,-50.5));
#9772 = CARTESIAN_POINT('',(59.274097227709,-53.60942700341,-50.5));
#9773 = CARTESIAN_POINT('',(59.827360239806,-54.26529236662,-50.5));
#9774 = CARTESIAN_POINT('',(60.382641995748,-54.91057850623,-50.5));
#9775 = CARTESIAN_POINT('',(61.651312307601,-56.35643717427,-50.5));
#9776 = CARTESIAN_POINT('',(62.370121251148,-57.15534567957,-50.5));
#9777 = CARTESIAN_POINT('',(63.096095740239,-57.94260613071,-50.5));
#9778 = CARTESIAN_POINT('',(63.829009700514,-58.71841834864,-50.5));
#9779 = CARTESIAN_POINT('',(64.568647090709,-59.48297340696,-50.5));
#9780 = CARTESIAN_POINT('',(65.314801630805,-60.23645434519,-50.5));
#9781 = CARTESIAN_POINT('',(66.067276814093,-60.97903763722,-50.5));
#9782 = CARTESIAN_POINT('',(67.400203933295,-62.2649603973,-50.5));
#9783 = CARTESIAN_POINT('',(67.976285977246,-62.81118825712,-50.5));
#9784 = CARTESIAN_POINT('',(68.554102101703,-63.34980431041,-50.5));
#9785 = CARTESIAN_POINT('',(69.133623259212,-63.88101711668,-50.5));
#9786 = CARTESIAN_POINT('',(69.714822524087,-64.40502240339,-50.5));
#9787 = CARTESIAN_POINT('',(70.297674938872,-64.92200496037,-50.5));
#9788 = CARTESIAN_POINT('',(70.882156271346,-65.43213850436,-50.5));
#9789 = CARTESIAN_POINT('',(72.338034339775,-66.68273404002,-50.5));
#9790 = CARTESIAN_POINT('',(73.214336065242,-67.41771110436,-50.5));
#9791 = CARTESIAN_POINT('',(74.096936090823,-68.1407197412,-50.5));
#9792 = CARTESIAN_POINT('',(74.985617795602,-68.85194638,-50.5));
#9793 = CARTESIAN_POINT('',(75.880204587985,-69.55158969355,-50.5));
#9794 = CARTESIAN_POINT('',(76.780478912089,-70.23981145582,-50.5));
#9795 = CARTESIAN_POINT('',(77.686275660245,-70.91679495936,-50.5));
#9796 = CARTESIAN_POINT('',(79.493342915817,-72.23749648701,-50.5));
#9797 = CARTESIAN_POINT('',(80.39443449798,-72.88158020931,-50.5));
#9798 = CARTESIAN_POINT('',(81.300533883993,-73.51512158017,-50.5));
#9799 = CARTESIAN_POINT('',(82.211479607707,-74.13827532942,-50.5));
#9800 = CARTESIAN_POINT('',(83.127121063363,-74.75119169891,-50.5));
#9801 = CARTESIAN_POINT('',(84.047310626732,-75.35401592648,-50.5));
#9802 = CARTESIAN_POINT('',(84.971898906611,-75.94688804391,-50.5));
#9803 = CARTESIAN_POINT('',(86.818606733517,-77.10609732231,-50.5));
#9804 = CARTESIAN_POINT('',(87.740624797516,-77.67266504876,-50.5));
#9805 = CARTESIAN_POINT('',(88.666679722695,-78.22978230427,-50.5));
#9806 = CARTESIAN_POINT('',(89.596645897281,-78.7775779151,-50.5));
#9807 = CARTESIAN_POINT('',(90.530401163392,-79.31617699831,-50.5));
#9808 = CARTESIAN_POINT('',(91.467826832715,-79.84570132112,-50.5));
#9809 = CARTESIAN_POINT('',(92.408807702181,-80.36626966041,-50.5));
#9810 = CARTESIAN_POINT('',(94.042514584576,-81.25148016962,-50.5));
#9811 = CARTESIAN_POINT('',(94.733010933272,-81.61991764195,-50.5));
#9812 = CARTESIAN_POINT('',(95.424697915029,-81.98338350728,-50.5));
#9813 = CARTESIAN_POINT('',(96.117552875954,-82.34194777272,-50.5));
#9814 = CARTESIAN_POINT('',(96.811553478065,-82.69567773685,-50.5));
#9815 = CARTESIAN_POINT('',(97.5066774684,-83.04463820215,-50.5));
#9816 = CARTESIAN_POINT('',(98.202902448113,-83.38889168751,-50.5));
#9817 = CARTESIAN_POINT('',(99.470726416231,-84.00635886522,-50.5));
#9818 = CARTESIAN_POINT('',(100.04196902455,-84.28110866399,-50.5));
#9819 = CARTESIAN_POINT('',(100.61392131597,-84.55278098831,-50.5));
#9820 = CARTESIAN_POINT('',(101.18657090087,-84.82140799678,-50.5));
#9821 = CARTESIAN_POINT('',(101.75990531417,-85.08702101978,-50.5));
#9822 = CARTESIAN_POINT('',(102.33391217903,-85.34965052407,-50.5));
#9823 = CARTESIAN_POINT('',(102.90857937039,-85.60932607725,-50.5));
#9824 = CARTESIAN_POINT('',(104.31300451853,-86.23608877319,-50.5));
#9825 = CARTESIAN_POINT('',(105.14405159989,-86.60028889563,-50.5));
#9826 = CARTESIAN_POINT('',(105.9769838329,-86.95873649902,-50.5));
#9827 = CARTESIAN_POINT('',(106.81174965213,-87.311490476,-50.5));
#9828 = CARTESIAN_POINT('',(107.64829851669,-87.65860879255,-50.5));
#9829 = CARTESIAN_POINT('',(108.48658091013,-88.00014848798,-50.5));
#9830 = CARTESIAN_POINT('',(109.32654834053,-88.33616567492,-50.5));
#9831 = CARTESIAN_POINT('',(111.07085180833,-89.02126055299,-50.5));
#9832 = CARTESIAN_POINT('',(111.97543416336,-89.36951554328,-50.5));
#9833 = CARTESIAN_POINT('',(112.88184207905,-89.71154878953,-50.5));
#9834 = CARTESIAN_POINT('',(113.79001452247,-90.04742961358,-50.5));
#9835 = CARTESIAN_POINT('',(114.69990201669,-90.37721922251,-50.5));
#9836 = CARTESIAN_POINT('',(115.61145662385,-90.70097764649,-50.5));
#9837 = CARTESIAN_POINT('',(116.52462267416,-91.01877002241,-50.5));
#9838 = CARTESIAN_POINT('',(118.35112669218,-91.64153265506,-50.5));
#9839 = CARTESIAN_POINT('',(119.26445420093,-91.94654091912,-50.5));
#9840 = CARTESIAN_POINT('',(120.17928469422,-92.24574250814,-50.5));
#9841 = CARTESIAN_POINT('',(121.09557505929,-92.53919205971,-50.5));
#9842 = CARTESIAN_POINT('',(122.01327352035,-92.82695238361,-50.5));
#9843 = CARTESIAN_POINT('',(122.93233120703,-93.10908352498,-50.5));
#9844 = CARTESIAN_POINT('',(123.85271230868,-93.38563326712,-50.5));
#9845 = CARTESIAN_POINT('',(125.62812789623,-93.90771267382,-50.5));
#9846 = CARTESIAN_POINT('',(126.48298091286,-94.15402631235,-50.5));
#9847 = CARTESIAN_POINT('',(127.33889930667,-94.39564047975,-50.5));
#9848 = CARTESIAN_POINT('',(128.19585069796,-94.63259704222,-50.5));
#9849 = CARTESIAN_POINT('',(129.05380325454,-94.86493739501,-50.5));
#9850 = CARTESIAN_POINT('',(129.91272569176,-95.09270246236,-50.5));
#9851 = CARTESIAN_POINT('',(130.77258727249,-95.31593269759,-50.5));
#9852 = CARTESIAN_POINT('',(132.42713273475,-95.73637882674,-50.5));
#9853 = CARTESIAN_POINT('',(133.22148908037,-95.93421890419,-50.5));
#9854 = CARTESIAN_POINT('',(134.01641083446,-96.12822401318,-50.5));
#9855 = CARTESIAN_POINT('',(134.81188329241,-96.31842768583,-50.5));
#9856 = CARTESIAN_POINT('',(135.60789183158,-96.50486274787,-50.5));
#9857 = CARTESIAN_POINT('',(136.40442139713,-96.68756195039,-50.5));
#9858 = CARTESIAN_POINT('',(137.20145669648,-96.86655777372,-50.5));
#9859 = CARTESIAN_POINT('',(138.73004886863,-97.20259470752,-50.5));
#9860 = CARTESIAN_POINT('',(139.46152745515,-97.36022241104,-50.5));
#9861 = CARTESIAN_POINT('',(140.19340692503,-97.51478903661,-50.5));
#9862 = CARTESIAN_POINT('',(140.9256759791,-97.66631801236,-50.5));
#9863 = CARTESIAN_POINT('',(141.65832306077,-97.81483296963,-50.5));
#9864 = CARTESIAN_POINT('',(142.39133631859,-97.96035779888,-50.5));
#9865 = CARTESIAN_POINT('',(143.12470442665,-98.1029154638,-50.5));
#9866 = CARTESIAN_POINT('',(144.5254310467,-98.36944389453,-50.5));
#9867 = CARTESIAN_POINT('',(145.19272979801,-98.49392656424,-50.5));
#9868 = CARTESIAN_POINT('',(145.8603072298,-98.61598945644,-50.5));
#9869 = CARTESIAN_POINT('',(146.5281560551,-98.73564825369,-50.5));
#9870 = CARTESIAN_POINT('',(147.1962689871,-98.8529184476,-50.5));
#9871 = CARTESIAN_POINT('',(147.86463873907,-98.96781533876,-50.5));
#9872 = CARTESIAN_POINT('',(148.53325802439,-99.0803540368,-50.5));
#9873 = CARTESIAN_POINT('',(149.87098100128,-99.30074486944,-50.5));
#9874 = CARTESIAN_POINT('',(150.54008480421,-99.4085971874,-50.5));
#9875 = CARTESIAN_POINT('',(151.20942370766,-99.51412088396,-50.5));
#9876 = CARTESIAN_POINT('',(151.87899021143,-99.61733091026,-50.5));
#9877 = CARTESIAN_POINT('',(152.54877683094,-99.71824223681,-50.5));
#9878 = CARTESIAN_POINT('',(153.21877635557,-99.81686939128,-50.5));
#9879 = CARTESIAN_POINT('',(153.8889821068,-99.91322599646,-50.5));
#9880 = CARTESIAN_POINT('',(155.83253347785,-100.1860231943,-50.5));
#9881 = CARTESIAN_POINT('',(157.10660824269,-100.3566077852,-50.5));
#9882 = CARTESIAN_POINT('',(158.38155632516,-100.5191584024,-50.5));
#9883 = CARTESIAN_POINT('',(159.65731990984,-100.6737607179,-50.5));
#9884 = CARTESIAN_POINT('',(160.93384596237,-100.8204909999,-50.5));
#9885 = CARTESIAN_POINT('',(162.21108141658,-100.9594270476,-50.5));
#9886 = CARTESIAN_POINT('',(163.48897019887,-101.0906550418,-50.5));
#9887 = CARTESIAN_POINT('',(165.91058500285,-101.3247438111,-50.5));
#9888 = CARTESIAN_POINT('',(167.0541894978,-101.4291367917,-50.5));
#9889 = CARTESIAN_POINT('',(168.19824438556,-101.5274710971,-50.5));
#9890 = CARTESIAN_POINT('',(169.34271595557,-101.6197958074,-50.5));
#9891 = CARTESIAN_POINT('',(170.48757105651,-101.7061594673,-50.5));
#9892 = CARTESIAN_POINT('',(171.6327770963,-101.7866100862,-50.5));
#9893 = CARTESIAN_POINT('',(172.77830204209,-101.8611951378,-50.5));
#9894 = CARTESIAN_POINT('',(174.86738849833,-101.98657256,-50.5));
#9895 = CARTESIAN_POINT('',(175.81085720832,-102.0392406016,-50.5));
#9896 = CARTESIAN_POINT('',(176.75450327443,-102.0879910246,-50.5));
#9897 = CARTESIAN_POINT('',(177.69831066148,-102.1328461955,-50.5));
#9898 = CARTESIAN_POINT('',(178.64226359623,-102.1738281041,-50.5));
#9899 = CARTESIAN_POINT('',(179.58634615625,-102.21095946,-50.5));
#9900 = CARTESIAN_POINT('',(180.53054242638,-102.2442632922,-50.5));
#9901 = CARTESIAN_POINT('',(182.35154892131,-102.301147656,-50.5));
#9902 = CARTESIAN_POINT('',(183.22834549793,-102.3252534785,-50.5));
#9903 = CARTESIAN_POINT('',(184.10521429708,-102.3460972352,-50.5));
#9904 = CARTESIAN_POINT('',(184.98214395245,-102.3636935983,-50.5));
#9905 = CARTESIAN_POINT('',(185.85912140922,-102.3780632993,-50.5));
#9906 = CARTESIAN_POINT('',(186.73613438413,-102.3892246052,-50.5));
#9907 = CARTESIAN_POINT('',(187.61317324213,-102.3971869162,-50.5));
#9908 = CARTESIAN_POINT('',(189.22398677561,-102.4059665517,-50.5));
#9909 = CARTESIAN_POINT('',(189.95775725746,-102.407738402,-50.5));
#9910 = CARTESIAN_POINT('',(190.6915312434,-102.4072913467,-50.5));
#9911 = CARTESIAN_POINT('',(191.42530231325,-102.4046338752,-50.5));
#9912 = CARTESIAN_POINT('',(192.15906409781,-102.399774408,-50.5));
#9913 = CARTESIAN_POINT('',(192.89281027878,-102.3927212967,-50.5));
#9914 = CARTESIAN_POINT('',(193.62653458884,-102.3834828236,-50.5));
#9915 = CARTESIAN_POINT('',(195.70952853407,-102.3510734025,-50.5));
#9916 = CARTESIAN_POINT('',(197.05873127144,-102.322715927,-50.5));
#9917 = CARTESIAN_POINT('',(198.40780062679,-102.287046337,-50.5));
#9918 = CARTESIAN_POINT('',(199.75669580397,-102.2441251174,-50.5));
#9919 = CARTESIAN_POINT('',(201.10538839594,-102.1939607875,-50.5));
#9920 = CARTESIAN_POINT('',(202.45383627822,-102.1366232553,-50.5));
#9921 = CARTESIAN_POINT('',(203.80200808352,-102.072136856,-50.5));
#9922 = CARTESIAN_POINT('',(206.16104569797,-101.9468374558,-50.5));
#9923 = CARTESIAN_POINT('',(207.17204780098,-101.8891304567,-50.5));
#9924 = CARTESIAN_POINT('',(208.18286015196,-101.8274389545,-50.5));
#9925 = CARTESIAN_POINT('',(209.19346729347,-101.7617859435,-50.5));
#9926 = CARTESIAN_POINT('',(210.20385563803,-101.6921816056,-50.5));
#9927 = CARTESIAN_POINT('',(211.21401200901,-101.6186338156,-50.5));
#9928 = CARTESIAN_POINT('',(212.22392195154,-101.5411600987,-50.5));
#9929 = CARTESIAN_POINT('',(213.9741084628,-101.4000743759,-50.5));
#9930 = CARTESIAN_POINT('',(214.71453489115,-101.3382695244,-50.5));
#9931 = CARTESIAN_POINT('',(215.45484726562,-101.2743601936,-50.5));
#9932 = CARTESIAN_POINT('',(216.19504141563,-101.2083506879,-50.5));
#9933 = CARTESIAN_POINT('',(216.9351131706,-101.1402452245,-50.5));
#9934 = CARTESIAN_POINT('',(217.67505835993,-101.0700479335,-50.5));
#9935 = CARTESIAN_POINT('',(218.41487281303,-100.9977628583,-50.5));
#9936 = CARTESIAN_POINT('',(220.298036878,-100.8084256688,-50.5));
#9937 = CARTESIAN_POINT('',(221.44111052717,-100.6884866258,-50.5));
#9938 = CARTESIAN_POINT('',(222.58375410783,-100.5635886887,-50.5));
#9939 = CARTESIAN_POINT('',(223.72594848676,-100.4337432842,-50.5));
#9940 = CARTESIAN_POINT('',(224.86767459642,-100.298961403,-50.5));
#9941 = CARTESIAN_POINT('',(226.00891343503,-100.1592536,-50.5));
#9942 = CARTESIAN_POINT('',(227.14964606649,-100.0146299941,-50.5));
#9943 = CARTESIAN_POINT('',(229.49803198185,-99.7066566773,-50.5));
#9944 = CARTESIAN_POINT('',(230.70562073689,-99.54270444406,-50.5));
#9945 = CARTESIAN_POINT('',(231.91259761586,-99.37325458932,-50.5));
#9946 = CARTESIAN_POINT('',(233.11893992215,-99.19832697247,-50.5));
#9947 = CARTESIAN_POINT('',(234.32462548207,-99.01790263139,-50.5));
#9948 = CARTESIAN_POINT('',(235.52963164038,-98.83200672728,-50.5));
#9949 = CARTESIAN_POINT('',(236.73393613036,-98.6406321084,-50.5));
#9950 = CARTESIAN_POINT('',(239.47718044912,-98.19197182814,-50.5));
#9951 = CARTESIAN_POINT('',(241.01565933589,-97.93120453044,-50.5));
#9952 = CARTESIAN_POINT('',(242.55290522169,-97.66147596736,-50.5));
#9953 = CARTESIAN_POINT('',(244.08887450736,-97.38283784529,-50.5));
#9954 = CARTESIAN_POINT('',(245.62351384015,-97.09521922405,-50.5));
#9955 = CARTESIAN_POINT('',(247.15677821626,-96.79865078642,-50.5));
#9956 = CARTESIAN_POINT('',(248.68861729705,-96.49310385791,-50.5));
#9957 = CARTESIAN_POINT('',(251.55179176774,-95.90463692211,-50.5));
#9958 = CARTESIAN_POINT('',(252.88348286602,-95.62388772091,-50.5));
#9959 = CARTESIAN_POINT('',(254.21402291637,-95.33630752216,-50.5));
#9960 = CARTESIAN_POINT('',(255.54338179138,-95.04190721962,-50.5));
#9961 = CARTESIAN_POINT('',(256.87151967449,-94.74062614113,-50.5));
#9962 = CARTESIAN_POINT('',(258.19840644714,-94.4324770211,-50.5));
#9963 = CARTESIAN_POINT('',(259.52400492768,-94.1174209715,-50.5));
#9964 = CARTESIAN_POINT('',(261.97581896524,-93.52129201259,-50.5));
#9965 = CARTESIAN_POINT('',(263.10239831341,-93.24212399306,-50.5));
#9966 = CARTESIAN_POINT('',(264.22799594692,-92.95791728766,-50.5));
#9967 = CARTESIAN_POINT('',(265.35259168093,-92.6686659849,-50.5));
#9968 = CARTESIAN_POINT('',(266.47616125109,-92.37434534911,-50.5));
#9969 = CARTESIAN_POINT('',(267.59867948089,-92.07492674247,-50.5));
#9970 = CARTESIAN_POINT('',(268.72012384272,-91.77039462901,-50.5));
#9971 = CARTESIAN_POINT('',(270.83079324202,-91.18698809427,-50.5));
#9972 = CARTESIAN_POINT('',(271.82025838535,-90.90923766388,-50.5));
#9973 = CARTESIAN_POINT('',(272.80884855375,-90.62745645052,-50.5));
#9974 = CARTESIAN_POINT('',(273.79654505573,-90.34162187914,-50.5));
#9975 = CARTESIAN_POINT('',(274.78333181,-90.05172067835,-50.5));
#9976 = CARTESIAN_POINT('',(275.76919198699,-89.75773729617,-50.5));
#9977 = CARTESIAN_POINT('',(276.75410490307,-89.45964307563,-50.5));
#9978 = CARTESIAN_POINT('',(278.59242831288,-88.89498812523,-50.5));
#9979 = CARTESIAN_POINT('',(279.44607634199,-88.62944395813,-50.5));
#9980 = CARTESIAN_POINT('',(280.29898344359,-88.36076845781,-50.5));
#9981 = CARTESIAN_POINT('',(281.15113682252,-88.08894577806,-50.5));
#9982 = CARTESIAN_POINT('',(282.00252347012,-87.81395956331,-50.5));
#9983 = CARTESIAN_POINT('',(282.85313016431,-87.53579294861,-50.5));
#9984 = CARTESIAN_POINT('',(283.70294346952,-87.25442855965,-50.5));
#9985 = CARTESIAN_POINT('',(286.12430320829,-86.44280832234,-50.5));
#9986 = CARTESIAN_POINT('',(287.69388777603,-85.90473765204,-50.5));
#9987 = CARTESIAN_POINT('',(289.26062215368,-85.35553625333,-50.5));
#9988 = CARTESIAN_POINT('',(290.82439616151,-84.79502628304,-50.5));
#9989 = CARTESIAN_POINT('',(292.38512897077,-84.22311283598,-50.5));
#9990 = CARTESIAN_POINT('',(293.94270261575,-83.63960355333,-50.5));
#9991 = CARTESIAN_POINT('',(295.49702146911,-83.04436548769,-50.5));
#9992 = CARTESIAN_POINT('',(298.21657908867,-81.97973993653,-50.5));
#9993 = CARTESIAN_POINT('',(299.38327399193,-81.51550125019,-50.5));
#9994 = CARTESIAN_POINT('',(300.54800478013,-81.04441950617,-50.5));
#9995 = CARTESIAN_POINT('',(301.71071955853,-80.56641171949,-50.5));
#9996 = CARTESIAN_POINT('',(302.87136457204,-80.08139139513,-50.5));
#9997 = CARTESIAN_POINT('',(304.02988414909,-79.58926815278,-50.5));
#9998 = CARTESIAN_POINT('',(305.18622064548,-79.08994735172,-50.5));
#9999 = CARTESIAN_POINT('',(307.17756427073,-78.2157984306,-50.5));
#10000 = CARTESIAN_POINT('',(308.01363390145,-77.84442738872,-50.5));
#10001 = CARTESIAN_POINT('',(308.84849982197,-77.46917737066,-50.5));
#10002 = CARTESIAN_POINT('',(309.68213688263,-77.0900058197,-50.5));
#10003 = CARTESIAN_POINT('',(310.51451913373,-76.70686871936,-50.5));
#10004 = CARTESIAN_POINT('',(311.34562018998,-76.3197213126,-50.5));
#10005 = CARTESIAN_POINT('',(312.17541306824,-75.92851766244,-50.5));
#10006 = CARTESIAN_POINT('',(313.64254782867,-75.22845549941,-50.5));
#10007 = CARTESIAN_POINT('',(314.28076332658,-74.92110407395,-50.5));
#10008 = CARTESIAN_POINT('',(314.9185113397,-74.61112418201,-50.5));
#10009 = CARTESIAN_POINT('',(315.55578669735,-74.29848311759,-50.5));
#10010 = CARTESIAN_POINT('',(316.19258453707,-73.98314754614,-50.5));
#10011 = CARTESIAN_POINT('',(316.82890038392,-73.66508361005,-50.5));
#10012 = CARTESIAN_POINT('',(317.46472948259,-73.34425565759,-50.5));
#10013 = CARTESIAN_POINT('',(319.12049079875,-72.50083181002,-50.5));
#10014 = CARTESIAN_POINT('',(320.13863316145,-71.97432213056,-50.5));
#10015 = CARTESIAN_POINT('',(321.15442795572,-71.44098148957,-50.5));
#10016 = CARTESIAN_POINT('',(322.16780751053,-70.90069216064,-50.5));
#10017 = CARTESIAN_POINT('',(323.17870086624,-70.35333108923,-50.5));
#10018 = CARTESIAN_POINT('',(324.18703364229,-69.79876922334,-50.5));
#10019 = CARTESIAN_POINT('',(325.19272790489,-69.23687084418,-50.5));
#10020 = CARTESIAN_POINT('',(327.20816736885,-68.09272689197,-50.5));
#10021 = CARTESIAN_POINT('',(328.21786019612,-67.5103399773,-50.5));
#10022 = CARTESIAN_POINT('',(329.22469713843,-66.92018536817,-50.5));
#10023 = CARTESIAN_POINT('',(330.22858093165,-66.32209448895,-50.5));
#10024 = CARTESIAN_POINT('',(331.22941358607,-65.71589872494,-50.5));
#10025 = CARTESIAN_POINT('',(332.22709273692,-65.10142250353,-50.5));
#10026 = CARTESIAN_POINT('',(333.2215059342,-64.47847283753,-50.5));
#10027 = CARTESIAN_POINT('',(335.21673247869,-63.2068386984,-50.5));
#10028 = CARTESIAN_POINT('',(336.21745388958,-62.55792418593,-50.5));
#10029 = CARTESIAN_POINT('',(337.21457595817,-61.89988848472,-50.5));
#10030 = CARTESIAN_POINT('',(338.20799134406,-61.23254465209,-50.5));
#10031 = CARTESIAN_POINT('',(339.19751885319,-60.55559743341,-50.5));
#10032 = CARTESIAN_POINT('',(340.18303044563,-59.8688301909,-50.5));
#10033 = CARTESIAN_POINT('',(341.16434807948,-59.17195139141,-50.5));
#10034 = CARTESIAN_POINT('',(342.63639851025,-58.10623906843,-50.5));
#10035 = CARTESIAN_POINT('',(343.13037617224,-57.74513359707,-50.5));
#10036 = CARTESIAN_POINT('',(343.62320860639,-57.38131972968,-50.5));
#10037 = CARTESIAN_POINT('',(344.11487173446,-57.01475840508,-50.5));
#10038 = CARTESIAN_POINT('',(344.60534043285,-56.64540916912,-50.5));
#10039 = CARTESIAN_POINT('',(345.09458853258,-56.27323017477,-50.5));
#10040 = CARTESIAN_POINT('',(345.58258881926,-55.89817818204,-50.5));
#10041 = CARTESIAN_POINT('',(346.61988406216,-55.09265817344,-50.5));
#10042 = CARTESIAN_POINT('',(347.16986371429,-54.66056475928,-50.5));
#10043 = CARTESIAN_POINT('',(347.71924380693,-54.22380203476,-50.5));
#10044 = CARTESIAN_POINT('',(348.26801683123,-53.78223548721,-50.5));
#10045 = CARTESIAN_POINT('',(348.81617560819,-53.33572143241,-50.5));
#10046 = CARTESIAN_POINT('',(349.36371294474,-52.8841060748,-50.5));
#10047 = CARTESIAN_POINT('',(349.91062128975,-52.42722456775,-50.5));
#10048 = CARTESIAN_POINT('',(351.18525259541,-51.34846848323,-50.5));
#10049 = CARTESIAN_POINT('',(351.9124855492,-50.72235639433,-50.5));
#10050 = CARTESIAN_POINT('',(352.63856444614,-50.08614459919,-50.5));
#10051 = CARTESIAN_POINT('',(353.36348075937,-49.43938285762,-50.5));
#10052 = CARTESIAN_POINT('',(354.08719883175,-48.7815361677,-50.5));
#10053 = CARTESIAN_POINT('',(354.80973154454,-48.11206581318,-50.5));
#10054 = CARTESIAN_POINT('',(355.53103945643,-47.43031188277,-50.5));
#10055 = CARTESIAN_POINT('',(356.79114015999,-46.21449206415,-50.5));
#10056 = CARTESIAN_POINT('',(357.33048618845,-45.68610758095,-50.5));
#10057 = CARTESIAN_POINT('',(357.86912103349,-45.15010000095,-50.5));
#10058 = CARTESIAN_POINT('',(358.40703525918,-44.60613484475,-50.5));
#10059 = CARTESIAN_POINT('',(358.94422145846,-44.05384312494,-50.5));
#10060 = CARTESIAN_POINT('',(359.48067211658,-43.49281663125,-50.5));
#10061 = CARTESIAN_POINT('',(360.01637747465,-42.92260321571,-50.5));
#10062 = CARTESIAN_POINT('',(360.97409881433,-41.88439790275,-50.5));
#10063 = CARTESIAN_POINT('',(361.39464253307,-41.42194650359,-50.5));
#10064 = CARTESIAN_POINT('',(361.81288586039,-40.95526436402,-50.5));
#10065 = CARTESIAN_POINT('',(362.22875502814,-40.48426458776,-50.5));
#10066 = CARTESIAN_POINT('',(362.64217118893,-40.00885689859,-50.5));
#10067 = CARTESIAN_POINT('',(363.05305041619,-39.5289476404,-50.5));
#10068 = CARTESIAN_POINT('',(363.4613037041,-39.04443977711,-50.5));
#10069 = CARTESIAN_POINT('',(364.49086199107,-37.80245287445,-50.5));
#10070 = CARTESIAN_POINT('',(365.10843704946,-37.03855401599,-50.5));
#10071 = CARTESIAN_POINT('',(365.71922383613,-36.26315762792,-50.5));
#10072 = CARTESIAN_POINT('',(366.32284261643,-35.475875312,-50.5));
#10073 = CARTESIAN_POINT('',(366.91887130623,-34.67630659025,-50.5));
#10074 = CARTESIAN_POINT('',(367.50684376698,-33.86403517586,-50.5));
#10075 = CARTESIAN_POINT('',(368.0862473175,-33.0386238861,-50.5));
#10076 = CARTESIAN_POINT('',(369.22551968915,-31.36246382307,-50.5));
#10077 = CARTESIAN_POINT('',(369.76886968531,-30.5361385257,-50.5));
#10078 = CARTESIAN_POINT('',(370.28784107917,-29.72022214053,-50.5));
#10079 = CARTESIAN_POINT('',(370.78360374105,-28.91430742262,-50.5));
#10080 = CARTESIAN_POINT('',(371.25724140457,-28.11800541347,-50.5));
#10081 = CARTESIAN_POINT('',(371.70974810166,-27.330944402,-50.5));
#10082 = CARTESIAN_POINT('',(372.14202757688,-26.55277118629,-50.5));
#10083 = CARTESIAN_POINT('',(373.2104674309,-24.5612759465,-50.5));
#10084 = CARTESIAN_POINT('',(373.84344105105,-23.31196956492,-50.5));
#10085 = CARTESIAN_POINT('',(374.4518826701,-22.03411420224,-50.5));
#10086 = CARTESIAN_POINT('',(375.03344105248,-20.7268307363,-50.5));
#10087 = CARTESIAN_POINT('',(375.5854080001,-19.38953461686,-50.5));
#10088 = CARTESIAN_POINT('',(376.10476089685,-18.02197630633,-50.5));
#10089 = CARTESIAN_POINT('',(376.58822973857,-16.62430967345,-50.5));
#10090 = CARTESIAN_POINT('',(377.58446336369,-13.42351707698,-50.5));
#10091 = CARTESIAN_POINT('',(378.0762030285,-11.60315066721,-50.5));
#10092 = CARTESIAN_POINT('',(378.50032428246,-9.739283224086,-50.5));
#10093 = CARTESIAN_POINT('',(378.84955299866,-7.836635374773,-50.5));
#10094 = CARTESIAN_POINT('',(379.11716026269,-5.901672054248,-50.5));
#10095 = CARTESIAN_POINT('',(379.29769080288,-3.942875668375,-50.5));
#10096 = CARTESIAN_POINT('',(379.38790065305,-1.97109887233,-50.5));
#10097 = CARTESIAN_POINT('',(379.38790065305,0.,-50.5));
#10098 = PCURVE('',#5920,#10099);
#10099 = DEFINITIONAL_REPRESENTATION('',(#10100),#10460);
#10100 = B_SPLINE_CURVE_WITH_KNOTS('',8,(#10101,#10102,#10103,#10104,
    #10105,#10106,#10107,#10108,#10109,#10110,#10111,#10112,#10113,
    #10114,#10115,#10116,#10117,#10118,#10119,#10120,#10121,#10122,
    #10123,#10124,#10125,#10126,#10127,#10128,#10129,#10130,#10131,
    #10132,#10133,#10134,#10135,#10136,#10137,#10138,#10139,#10140,
    #10141,#10142,#10143,#10144,#10145,#10146,#10147,#10148,#10149,
    #10150,#10151,#10152,#10153,#10154,#10155,#10156,#10157,#10158,
    #10159,#10160,#10161,#10162,#10163,#10164,#10165,#10166,#10167,
    #10168,#10169,#10170,#10171,#10172,#10173,#10174,#10175,#10176,
    #10177,#10178,#10179,#10180,#10181,#10182,#10183,#10184,#10185,
    #10186,#10187,#10188,#10189,#10190,#10191,#10192,#10193,#10194,
    #10195,#10196,#10197,#10198,#10199,#10200,#10201,#10202,#10203,
    #10204,#10205,#10206,#10207,#10208,#10209,#10210,#10211,#10212,
    #10213,#10214,#10215,#10216,#10217,#10218,#10219,#10220,#10221,
    #10222,#10223,#10224,#10225,#10226,#10227,#10228,#10229,#10230,
    #10231,#10232,#10233,#10234,#10235,#10236,#10237,#10238,#10239,
    #10240,#10241,#10242,#10243,#10244,#10245,#10246,#10247,#10248,
    #10249,#10250,#10251,#10252,#10253,#10254,#10255,#10256,#10257,
    #10258,#10259,#10260,#10261,#10262,#10263,#10264,#10265,#10266,
    #10267,#10268,#10269,#10270,#10271,#10272,#10273,#10274,#10275,
    #10276,#10277,#10278,#10279,#10280,#10281,#10282,#10283,#10284,
    #10285,#10286,#10287,#10288,#10289,#10290,#10291,#10292,#10293,
    #10294,#10295,#10296,#10297,#10298,#10299,#10300,#10301,#10302,
    #10303,#10304,#10305,#10306,#10307,#10308,#10309,#10310,#10311,
    #10312,#10313,#10314,#10315,#10316,#10317,#10318,#10319,#10320,
    #10321,#10322,#10323,#10324,#10325,#10326,#10327,#10328,#10329,
    #10330,#10331,#10332,#10333,#10334,#10335,#10336,#10337,#10338,
    #10339,#10340,#10341,#10342,#10343,#10344,#10345,#10346,#10347,
    #10348,#10349,#10350,#10351,#10352,#10353,#10354,#10355,#10356,
    #10357,#10358,#10359,#10360,#10361,#10362,#10363,#10364,#10365,
    #10366,#10367,#10368,#10369,#10370,#10371,#10372,#10373,#10374,
    #10375,#10376,#10377,#10378,#10379,#10380,#10381,#10382,#10383,
    #10384,#10385,#10386,#10387,#10388,#10389,#10390,#10391,#10392,
    #10393,#10394,#10395,#10396,#10397,#10398,#10399,#10400,#10401,
    #10402,#10403,#10404,#10405,#10406,#10407,#10408,#10409,#10410,
    #10411,#10412,#10413,#10414,#10415,#10416,#10417,#10418,#10419,
    #10420,#10421,#10422,#10423,#10424,#10425,#10426,#10427,#10428,
    #10429,#10430,#10431,#10432,#10433,#10434,#10435,#10436,#10437,
    #10438,#10439,#10440,#10441,#10442,#10443,#10444,#10445,#10446,
    #10447,#10448,#10449,#10450,#10451,#10452,#10453,#10454,#10455,
    #10456,#10457,#10458,#10459),.UNSPECIFIED.,.F.,.F.,(9,7,7,7,7,7,7,7,
    7,7,7,7,7,7,7,7,7,7,7,7,7,7,7,7,7,7,7,7,7,7,7,7,7,7,7,7,7,7,7,7,7,7,
    7,7,7,7,7,7,7,7,7,9),(0.,3.408237715675E-02,6.04754119683E-02,
    8.443118553337E-02,9.799083494423E-02,0.11270383537,0.131486558703,
    0.145706328701,0.166809544435,0.187560166581,0.208064970224,
    0.223030279369,0.235274622785,0.252920408526,0.271847130391,
    0.290712665457,0.308188224952,0.324303624371,0.339076071692,
    0.352505573391,0.365935073333,0.391438577473,0.414241609181,
    0.433013887366,0.450442635206,0.465023882241,0.49183939908,
    0.511956660066,0.526711831963,0.549522129639,0.573692209878,
    0.604611461752,0.631539326844,0.65446673731,0.674733312093,
    0.692331091323,0.724922051287,0.749478690062,0.767293571267,
    0.781027520532,0.803085885097,0.825352989286,0.847915851608,
    0.859350278496,0.872284634334,0.88953041224,0.902464764612,
    0.912686968548,0.928416654927,0.944111258291,0.969029720752,1.),
  .UNSPECIFIED.);
#10101 = CARTESIAN_POINT('',(6.28318530718,82.297162538544));
#10102 = CARTESIAN_POINT('',(6.240790856881,82.297162538544));
#10103 = CARTESIAN_POINT('',(6.199364395403,82.440915704741));
#10104 = CARTESIAN_POINT('',(6.159241588691,82.728577208358));
#10105 = CARTESIAN_POINT('',(6.120665511618,83.155194831688));
#10106 = CARTESIAN_POINT('',(6.083789089788,83.712139424712));
#10107 = CARTESIAN_POINT('',(6.048690178258,84.388602506864));
#10108 = CARTESIAN_POINT('',(6.015390666384,85.172881425901));
#10109 = CARTESIAN_POINT('',(5.959462497973,86.734860634541));
#10110 = CARTESIAN_POINT('',(5.936110524685,87.474426582835));
#10111 = CARTESIAN_POINT('',(5.91379458048,88.266840836953));
#10112 = CARTESIAN_POINT('',(5.892481730562,89.107219134215));
#10113 = CARTESIAN_POINT('',(5.872131383999,89.991002726283));
#10114 = CARTESIAN_POINT('',(5.852698507852,90.914060356636));
#10115 = CARTESIAN_POINT('',(5.834135721821,91.872744255973));
#10116 = CARTESIAN_POINT('',(5.800292010085,93.763589559574));
#10117 = CARTESIAN_POINT('',(5.78486781877,94.689938411888));
#10118 = CARTESIAN_POINT('',(5.770086521708,95.640612177039));
#10119 = CARTESIAN_POINT('',(5.755913490496,96.613449514843));
#10120 = CARTESIAN_POINT('',(5.742315834073,97.606515695651));
#10121 = CARTESIAN_POINT('',(5.729262212501,98.618109098746));
#10122 = CARTESIAN_POINT('',(5.716722856395,99.646721480554));
#10123 = CARTESIAN_POINT('',(5.697847068893,101.2821864945));
#10124 = CARTESIAN_POINT('',(5.691180422047,101.87833827998));
#10125 = CARTESIAN_POINT('',(5.684664613218,102.47927595601));
#10126 = CARTESIAN_POINT('',(5.678294807142,103.08477258126));
#10127 = CARTESIAN_POINT('',(5.672066350766,103.69461442682));
#10128 = CARTESIAN_POINT('',(5.665974773241,104.30860097621));
#10129 = CARTESIAN_POINT('',(5.660015785928,104.92654492532));
#10130 = CARTESIAN_POINT('',(5.647858850324,106.22288205788));
#10131 = CARTESIAN_POINT('',(5.641725395232,106.89749840618));
#10132 = CARTESIAN_POINT('',(5.635773209543,107.57211184492));
#10133 = CARTESIAN_POINT('',(5.629991851455,108.2467219474));
#10134 = CARTESIAN_POINT('',(5.624371956675,108.92133209406));
#10135 = CARTESIAN_POINT('',(5.618905082938,109.59594522791));
#10136 = CARTESIAN_POINT('',(5.613583587313,110.27056051401));
#10137 = CARTESIAN_POINT('',(5.601783815698,111.80638343129));
#10138 = CARTESIAN_POINT('',(5.5953539197,112.67264010047));
#10139 = CARTESIAN_POINT('',(5.589103132633,113.54364779522));
#10140 = CARTESIAN_POINT('',(5.583024207347,114.41913379992));
#10141 = CARTESIAN_POINT('',(5.577110332208,115.29884665606));
#10142 = CARTESIAN_POINT('',(5.571355095665,116.18255589376));
#10143 = CARTESIAN_POINT('',(5.565752448388,117.07005063741));
#10144 = CARTESIAN_POINT('',(5.556166270833,118.63574875474));
#10145 = CARTESIAN_POINT('',(5.552132649395,119.31036169698));
#10146 = CARTESIAN_POINT('',(5.54819178186,119.98497330469));
#10147 = CARTESIAN_POINT('',(5.544339954465,120.6595848307));
#10148 = CARTESIAN_POINT('',(5.540573707115,121.33419723877));
#10149 = CARTESIAN_POINT('',(5.536889801478,122.00880974577));
#10150 = CARTESIAN_POINT('',(5.533285206582,122.68342105559));
#10151 = CARTESIAN_POINT('',(5.524521127335,124.35920893038));
#10152 = CARTESIAN_POINT('',(5.519435694991,125.36381335903));
#10153 = CARTESIAN_POINT('',(5.514494605805,126.37164425716));
#10154 = CARTESIAN_POINT('',(5.509692124752,127.38253322135));
#10155 = CARTESIAN_POINT('',(5.505022745687,128.39628489596));
#10156 = CARTESIAN_POINT('',(5.500481485657,129.41277967311));
#10157 = CARTESIAN_POINT('',(5.496063476054,130.43185401554));
#10158 = CARTESIAN_POINT('',(5.487536724275,132.45783200187));
#10159 = CARTESIAN_POINT('',(5.483424055286,133.46465279793));
#10160 = CARTESIAN_POINT('',(5.479421857562,134.47370978328));
#10161 = CARTESIAN_POINT('',(5.475526078095,135.4848875659));
#10162 = CARTESIAN_POINT('',(5.47173289503,136.49807380401));
#10163 = CARTESIAN_POINT('',(5.468038703139,137.51316668211));
#10164 = CARTESIAN_POINT('',(5.464440099802,138.53007935841));
#10165 = CARTESIAN_POINT('',(5.457469139217,140.55529326094));
#10166 = CARTESIAN_POINT('',(5.454094609938,141.5635527399));
#10167 = CARTESIAN_POINT('',(5.450807147204,142.57341134989));
#10168 = CARTESIAN_POINT('',(5.447603807863,143.58478822194));
#10169 = CARTESIAN_POINT('',(5.444481809235,144.59760837553));
#10170 = CARTESIAN_POINT('',(5.441438516342,145.61180250878));
#10171 = CARTESIAN_POINT('',(5.438471429139,146.6273067885));
#10172 = CARTESIAN_POINT('',(5.433466541552,148.38613585962));
#10173 = CARTESIAN_POINT('',(5.431396138052,149.12820879635));
#10174 = CARTESIAN_POINT('',(5.429365838425,149.870281778));
#10175 = CARTESIAN_POINT('',(5.427374576422,150.61235488133));
#10176 = CARTESIAN_POINT('',(5.425421336616,151.35442803861));
#10177 = CARTESIAN_POINT('',(5.42350515066,152.0965011438));
#10178 = CARTESIAN_POINT('',(5.421625093544,152.8385741587));
#10179 = CARTESIAN_POINT('',(5.418270886883,154.18779788363));
#10180 = CARTESIAN_POINT('',(5.416785086321,154.79494867319));
#10181 = CARTESIAN_POINT('',(5.415322394231,155.40209934875));
#10182 = CARTESIAN_POINT('',(5.413882343798,156.00924993265));
#10183 = CARTESIAN_POINT('',(5.412464484841,156.61640056196));
#10184 = CARTESIAN_POINT('',(5.411068383315,157.22355134189));
#10185 = CARTESIAN_POINT('',(5.409693620818,157.83070219911));
#10186 = CARTESIAN_POINT('',(5.406388743287,159.31284030332));
#10187 = CARTESIAN_POINT('',(5.404479783586,160.18844956481));
#10188 = CARTESIAN_POINT('',(5.402611877514,161.0646547162));
#10189 = CARTESIAN_POINT('',(5.400784025918,161.9414313898));
#10190 = CARTESIAN_POINT('',(5.398995267976,162.81875665365));
#10191 = CARTESIAN_POINT('',(5.397244681201,163.69660901149));
#10192 = CARTESIAN_POINT('',(5.395531381437,164.57496840274));
#10193 = CARTESIAN_POINT('',(5.392055938409,166.3964609854));
#10194 = CARTESIAN_POINT('',(5.390299276079,167.33966729984));
#10195 = CARTESIAN_POINT('',(5.38858348594,168.28341216764));
#10196 = CARTESIAN_POINT('',(5.386907552649,169.22767637428));
#10197 = CARTESIAN_POINT('',(5.385270537646,170.17243515829));
#10198 = CARTESIAN_POINT('',(5.383671541991,171.11766495171));
#10199 = CARTESIAN_POINT('',(5.38210967304,172.06334955305));
#10200 = CARTESIAN_POINT('',(5.379063455243,173.95253003618));
#10201 = CARTESIAN_POINT('',(5.377578872618,174.89602288578));
#10202 = CARTESIAN_POINT('',(5.37612950777,175.83993111137));
#10203 = CARTESIAN_POINT('',(5.374714584038,176.78423437472));
#10204 = CARTESIAN_POINT('',(5.373333313636,177.72892014308));
#10205 = CARTESIAN_POINT('',(5.371984948189,178.67397558113));
#10206 = CARTESIAN_POINT('',(5.370668822286,179.61938048353));
#10207 = CARTESIAN_POINT('',(5.368194333101,181.44118311644));
#10208 = CARTESIAN_POINT('',(5.36703149125,182.31753274733));
#10209 = CARTESIAN_POINT('',(5.365895199905,183.19415926803));
#10210 = CARTESIAN_POINT('',(5.364784946289,184.07105173103));
#10211 = CARTESIAN_POINT('',(5.363700234906,184.94819985429));
#10212 = CARTESIAN_POINT('',(5.362640587538,185.82559402117));
#10213 = CARTESIAN_POINT('',(5.361605543248,186.70322528048));
#10214 = CARTESIAN_POINT('',(5.359662452839,188.39061969075));
#10215 = CARTESIAN_POINT('',(5.358751014711,189.20015369919));
#10216 = CARTESIAN_POINT('',(5.357859972351,190.00968798698));
#10217 = CARTESIAN_POINT('',(5.356988974303,190.81922235245));
#10218 = CARTESIAN_POINT('',(5.356137681984,191.62875656307));
#10219 = CARTESIAN_POINT('',(5.355305766251,192.43829068493));
#10220 = CARTESIAN_POINT('',(5.354492907823,193.24782495555));
#10221 = CARTESIAN_POINT('',(5.352970870995,194.79943214967));
#10222 = CARTESIAN_POINT('',(5.352258697153,195.54150527796));
#10223 = CARTESIAN_POINT('',(5.3515620428,196.28357849494));
#10224 = CARTESIAN_POINT('',(5.350880681346,197.02565147445));
#10225 = CARTESIAN_POINT('',(5.350214390861,197.76772425777));
#10226 = CARTESIAN_POINT('',(5.349562953575,198.50979726881));
#10227 = CARTESIAN_POINT('',(5.3489261609,199.25187074101));
#10228 = CARTESIAN_POINT('',(5.347738062952,200.66855541335));
#10229 = CARTESIAN_POINT('',(5.347184247164,201.34316727146));
#10230 = CARTESIAN_POINT('',(5.346642229856,202.01777912976));
#10231 = CARTESIAN_POINT('',(5.346111868121,202.69239098796));
#10232 = CARTESIAN_POINT('',(5.345593022899,203.3670028459));
#10233 = CARTESIAN_POINT('',(5.345085558973,204.04161470352));
#10234 = CARTESIAN_POINT('',(5.344589344972,204.71622656087));
#10235 = CARTESIAN_POINT('',(5.343619161828,206.06545018713));
#10236 = CARTESIAN_POINT('',(5.343145191766,206.74006220777));
#10237 = CARTESIAN_POINT('',(5.342682217371,207.41467409355));
#10238 = CARTESIAN_POINT('',(5.342230113512,208.08928582969));
#10239 = CARTESIAN_POINT('',(5.341788757646,208.76389758177));
#10240 = CARTESIAN_POINT('',(5.341358031728,209.43850950431));
#10241 = CARTESIAN_POINT('',(5.340937824114,210.11312154939));
#10242 = CARTESIAN_POINT('',(5.339749808263,212.06886533661));
#10243 = CARTESIAN_POINT('',(5.339009014918,213.35020542433));
#10244 = CARTESIAN_POINT('',(5.338304960367,214.63173737713));
#10245 = CARTESIAN_POINT('',(5.337636960556,215.91344866621));
#10246 = CARTESIAN_POINT('',(5.337004399679,217.19532490239));
#10247 = CARTESIAN_POINT('',(5.336406681598,218.47735378946));
#10248 = CARTESIAN_POINT('',(5.335843198932,219.75952763028));
#10249 = CARTESIAN_POINT('',(5.334839789104,222.18836069457));
#10250 = CARTESIAN_POINT('',(5.334393096899,223.33499333389));
#10251 = CARTESIAN_POINT('',(5.333973005754,224.48172266625));
#10252 = CARTESIAN_POINT('',(5.333579166267,225.62854053383));
#10253 = CARTESIAN_POINT('',(5.333211244561,226.77543936539));
#10254 = CARTESIAN_POINT('',(5.33286892228,227.92241217626));
#10255 = CARTESIAN_POINT('',(5.332551896591,229.06945256837));
#10256 = CARTESIAN_POINT('',(5.332019481741,231.16089060466));
#10257 = CARTESIAN_POINT('',(5.331796030265,232.10526845618));
#10258 = CARTESIAN_POINT('',(5.331589368365,233.04968475127));
#10259 = CARTESIAN_POINT('',(5.331399356727,233.9941353562));
#10260 = CARTESIAN_POINT('',(5.331225862885,234.93861629712));
#10261 = CARTESIAN_POINT('',(5.331068756381,235.8831240827));
#10262 = CARTESIAN_POINT('',(5.330927910295,236.82765558929));
#10263 = CARTESIAN_POINT('',(5.330687432871,238.64915792804));
#10264 = CARTESIAN_POINT('',(5.330585573302,239.52612590217));
#10265 = CARTESIAN_POINT('',(5.330497531481,240.40310920112));
#10266 = CARTESIAN_POINT('',(5.33042322903,241.28010472679));
#10267 = CARTESIAN_POINT('',(5.330362565424,242.15711114296));
#10268 = CARTESIAN_POINT('',(5.330315453857,243.0341266091));
#10269 = CARTESIAN_POINT('',(5.330281848165,243.91114710071));
#10270 = CARTESIAN_POINT('',(5.330244794461,245.52190676954));
#10271 = CARTESIAN_POINT('',(5.330237317496,246.25564488651));
#10272 = CARTESIAN_POINT('',(5.330239204307,246.98938370072));
#10273 = CARTESIAN_POINT('',(5.330250418643,247.72312181335));
#10274 = CARTESIAN_POINT('',(5.33027092603,248.45685787635));
#10275 = CARTESIAN_POINT('',(5.330300693769,249.1905905924));
#10276 = CARTESIAN_POINT('',(5.330339690936,249.92431871494));
#10277 = CARTESIAN_POINT('',(5.330476525484,252.00738678897));
#10278 = CARTESIAN_POINT('',(5.330596280202,253.35671278048));
#10279 = CARTESIAN_POINT('',(5.330746968939,254.70601205458));
#10280 = CARTESIAN_POINT('',(5.330928386641,256.05527957463));
#10281 = CARTESIAN_POINT('',(5.33114056381,257.40449995414));
#10282 = CARTESIAN_POINT('',(5.331383287238,258.75367161043));
#10283 = CARTESIAN_POINT('',(5.331656551555,260.10278385285));
#10284 = CARTESIAN_POINT('',(5.332188144694,262.46389876633));
#10285 = CARTESIAN_POINT('',(5.332433154118,263.47592992418));
#10286 = CARTESIAN_POINT('',(5.332695298681,264.48792081565));
#10287 = CARTESIAN_POINT('',(5.332974533352,265.49986987917));
#10288 = CARTESIAN_POINT('',(5.333270872313,266.5117731767));
#10289 = CARTESIAN_POINT('',(5.333584344351,267.52362647387));
#10290 = CARTESIAN_POINT('',(5.333914942043,268.53542758309));
#10291 = CARTESIAN_POINT('',(5.334517757463,270.28924600223));
#10292 = CARTESIAN_POINT('',(5.334782058161,271.03131904129));
#10293 = CARTESIAN_POINT('',(5.335055606898,271.77339208032));
#10294 = CARTESIAN_POINT('',(5.335338415147,272.51546511932));
#10295 = CARTESIAN_POINT('',(5.335630496153,273.25753815829));
#10296 = CARTESIAN_POINT('',(5.335931864934,273.99961119723));
#10297 = CARTESIAN_POINT('',(5.33624253828,274.74168423611));
#10298 = CARTESIAN_POINT('',(5.337057223309,276.63094193876));
#10299 = CARTESIAN_POINT('',(5.337574152949,277.77803795582));
#10300 = CARTESIAN_POINT('',(5.338113403656,278.92504037726));
#10301 = CARTESIAN_POINT('',(5.338675065652,280.0719442991));
#10302 = CARTESIAN_POINT('',(5.339259239395,281.21874486215));
#10303 = CARTESIAN_POINT('',(5.33986603558,282.36543725211));
#10304 = CARTESIAN_POINT('',(5.340495575134,283.51201669948));
#10305 = CARTESIAN_POINT('',(5.341839295452,285.87328389824));
#10306 = CARTESIAN_POINT('',(5.342556285533,287.08795712262));
#10307 = CARTESIAN_POINT('',(5.343299118155,288.30249265408));
#10308 = CARTESIAN_POINT('',(5.344067923628,289.51688575508));
#10309 = CARTESIAN_POINT('',(5.344863014153,290.73112721619));
#10310 = CARTESIAN_POINT('',(5.345684520272,291.94521312176));
#10311 = CARTESIAN_POINT('',(5.346532726119,293.15913579904));
#10312 = CARTESIAN_POINT('',(5.348527381828,295.9255669136));
#10313 = CARTESIAN_POINT('',(5.349690970202,297.47796749728));
#10314 = CARTESIAN_POINT('',(5.350899223182,299.03007610321));
#10315 = CARTESIAN_POINT('',(5.352152498511,300.58188377999));
#10316 = CARTESIAN_POINT('',(5.353451736647,302.1333683892));
#10317 = CARTESIAN_POINT('',(5.354797464025,303.68451887528));
#10318 = CARTESIAN_POINT('',(5.356190509949,305.23531713817));
#10319 = CARTESIAN_POINT('',(5.358886776052,308.13603128789));
#10320 = CARTESIAN_POINT('',(5.360178377614,309.48603578816));
#10321 = CARTESIAN_POINT('',(5.361507020048,310.83574972043));
#10322 = CARTESIAN_POINT('',(5.362873166494,312.18516280331));
#10323 = CARTESIAN_POINT('',(5.364277636845,313.53426017655));
#10324 = CARTESIAN_POINT('',(5.365720940259,314.88303103229));
#10325 = CARTESIAN_POINT('',(5.367203852697,316.23146111072));
#10326 = CARTESIAN_POINT('',(5.370024028359,318.72733991985));
#10327 = CARTESIAN_POINT('',(5.371350200543,319.87488595211));
#10328 = CARTESIAN_POINT('',(5.372706076003,321.02216637449));
#10329 = CARTESIAN_POINT('',(5.374092083984,322.1691726022));
#10330 = CARTESIAN_POINT('',(5.375508760852,323.31589501089));
#10331 = CARTESIAN_POINT('',(5.376956680282,324.46232350023));
#10332 = CARTESIAN_POINT('',(5.378436373206,325.60844809451));
#10333 = CARTESIAN_POINT('',(5.38128503644,327.76709121875));
#10334 = CARTESIAN_POINT('',(5.382646927039,328.77967841995));
#10335 = CARTESIAN_POINT('',(5.384034514801,329.79201231931));
#10336 = CARTESIAN_POINT('',(5.385448251117,330.80408510914));
#10337 = CARTESIAN_POINT('',(5.386888554082,331.81588885885));
#10338 = CARTESIAN_POINT('',(5.388355866863,332.82741525446));
#10339 = CARTESIAN_POINT('',(5.38985071273,333.83865537722));
#10340 = CARTESIAN_POINT('',(5.392695940607,335.72741917601));
#10341 = CARTESIAN_POINT('',(5.39403942569,336.60501544193));
#10342 = CARTESIAN_POINT('',(5.39540438731,337.48238302621));
#10343 = CARTESIAN_POINT('',(5.396791173233,338.35951569424));
#10344 = CARTESIAN_POINT('',(5.398200143786,339.23640695145));
#10345 = CARTESIAN_POINT('',(5.399631671851,340.11305004336));
#10346 = CARTESIAN_POINT('',(5.401086142871,340.98943795557));
#10347 = CARTESIAN_POINT('',(5.40530085194,343.48814143089));
#10348 = CARTESIAN_POINT('',(5.408117813637,345.10981883124));
#10349 = CARTESIAN_POINT('',(5.411017303677,346.73054968162));
#10350 = CARTESIAN_POINT('',(5.414002322471,348.35028467996));
#10351 = CARTESIAN_POINT('',(5.417075580113,349.96896915788));
#10352 = CARTESIAN_POINT('',(5.420240460776,351.58654501647));
#10353 = CARTESIAN_POINT('',(5.423500207222,353.20294835009));
#10354 = CARTESIAN_POINT('',(5.429388958224,356.03510355567));
#10355 = CARTESIAN_POINT('',(5.43197535369,357.25139138618));
#10356 = CARTESIAN_POINT('',(5.434619312452,358.46694508514));
#10357 = CARTESIAN_POINT('',(5.437322511742,359.68173325331));
#10358 = CARTESIAN_POINT('',(5.440086717811,360.89572222561));
#10359 = CARTESIAN_POINT('',(5.442913794367,362.10887597492));
#10360 = CARTESIAN_POINT('',(5.445805711012,363.32115601579));
#10361 = CARTESIAN_POINT('',(5.450911074903,365.41131946048));
#10362 = CARTESIAN_POINT('',(5.453092816894,366.28963603035));
#10363 = CARTESIAN_POINT('',(5.455310581089,367.16745535579));
#10364 = CARTESIAN_POINT('',(5.457565215471,368.04476098828));
#10365 = CARTESIAN_POINT('',(5.459857603197,368.92153556093));
#10366 = CARTESIAN_POINT('',(5.462188660164,369.7977607162));
#10367 = CARTESIAN_POINT('',(5.464559339558,370.67341709353));
#10368 = CARTESIAN_POINT('',(5.468829579348,372.22309620992));
#10369 = CARTESIAN_POINT('',(5.470713624453,372.89770804885));
#10370 = CARTESIAN_POINT('',(5.472623304986,373.57231986163));
#10371 = CARTESIAN_POINT('',(5.474559173989,374.2469316777));
#10372 = CARTESIAN_POINT('',(5.476521802575,374.9215435156));
#10373 = CARTESIAN_POINT('',(5.478511780172,375.59615535826));
#10374 = CARTESIAN_POINT('',(5.480529723662,376.27076717584));
#10375 = CARTESIAN_POINT('',(5.48586333434,378.02888623681));
#10376 = CARTESIAN_POINT('',(5.489220962209,379.11131985689));
#10377 = CARTESIAN_POINT('',(5.492651492052,380.19263197004));
#10378 = CARTESIAN_POINT('',(5.496157360283,381.27277081047));
#10379 = CARTESIAN_POINT('',(5.49974114153,382.35168051711));
#10380 = CARTESIAN_POINT('',(5.503405563461,383.42930091761));
#10381 = CARTESIAN_POINT('',(5.507153521614,384.50556731247));
#10382 = CARTESIAN_POINT('',(5.514858953625,386.66542450893));
#10383 = CARTESIAN_POINT('',(5.518818069025,387.74898725648));
#10384 = CARTESIAN_POINT('',(5.522868604842,388.83102730699));
#10385 = CARTESIAN_POINT('',(5.527014015304,389.91146777685));
#10386 = CARTESIAN_POINT('',(5.531257912226,390.99022452625));
#10387 = CARTESIAN_POINT('',(5.535604127289,392.06720616759));
#10388 = CARTESIAN_POINT('',(5.540056801194,393.14231413182));
#10389 = CARTESIAN_POINT('',(5.549244477122,395.30282200228));
#10390 = CARTESIAN_POINT('',(5.553982429514,396.3881668133));
#10391 = CARTESIAN_POINT('',(5.558838846522,397.47136584119));
#10392 = CARTESIAN_POINT('',(5.563818369275,398.55229608296));
#10393 = CARTESIAN_POINT('',(5.568926679842,399.6308256433));
#10394 = CARTESIAN_POINT('',(5.574169161531,400.70680700499));
#10395 = CARTESIAN_POINT('',(5.579552049698,401.78008078558));
#10396 = CARTESIAN_POINT('',(5.587884321414,403.39292555906));
#10397 = CARTESIAN_POINT('',(5.59072448882,403.93463840825));
#10398 = CARTESIAN_POINT('',(5.593603253596,404.47558755148));
#10399 = CARTESIAN_POINT('',(5.596521503832,405.01574883993));
#10400 = CARTESIAN_POINT('',(5.599480163732,405.5550968216));
#10401 = CARTESIAN_POINT('',(5.602480193613,406.09360474132));
#10402 = CARTESIAN_POINT('',(5.605522589904,406.63124454078));
#10403 = CARTESIAN_POINT('',(5.612098964436,407.77513719481));
#10404 = CARTESIAN_POINT('',(5.615651687724,408.38228804861));
#10405 = CARTESIAN_POINT('',(5.619268724975,408.98943863356));
#10406 = CARTESIAN_POINT('',(5.622952384766,409.59658890918));
#10407 = CARTESIAN_POINT('',(5.626705132694,410.20373919985));
#10408 = CARTESIAN_POINT('',(5.630529609784,410.81088981392));
#10409 = CARTESIAN_POINT('',(5.634428650894,411.4180406627));
#10410 = CARTESIAN_POINT('',(5.643707496917,412.83472309956));
#10411 = CARTESIAN_POINT('',(5.649147701406,413.64426006295));
#10412 = CARTESIAN_POINT('',(5.654733146447,414.4537945609));
#10413 = CARTESIAN_POINT('',(5.66047167124,415.26332673561));
#10414 = CARTESIAN_POINT('',(5.666372277866,416.07285772464));
#10415 = CARTESIAN_POINT('',(5.672444460479,416.882393126));
#10416 = CARTESIAN_POINT('',(5.678699373087,417.6919308911));
#10417 = CARTESIAN_POINT('',(5.68998689221,419.1086110429));
#10418 = CARTESIAN_POINT('',(5.69493419815,419.71576341816));
#10419 = CARTESIAN_POINT('',(5.699996546626,420.32291409823));
#10420 = CARTESIAN_POINT('',(5.705179663994,420.93006286202));
#10421 = CARTESIAN_POINT('',(5.710489848872,421.53721177822));
#10422 = CARTESIAN_POINT('',(5.715934066885,422.14436279038));
#10423 = CARTESIAN_POINT('',(5.721520045401,422.75151530199));
#10424 = CARTESIAN_POINT('',(5.731789866408,423.83850188516));
#10425 = CARTESIAN_POINT('',(5.736398444054,424.31634310609));
#10426 = CARTESIAN_POINT('',(5.741084220007,424.79210658325));
#10427 = CARTESIAN_POINT('',(5.745849416519,425.26570515344));
#10428 = CARTESIAN_POINT('',(5.750696359298,425.73704533133));
#10429 = CARTESIAN_POINT('',(5.755627477514,426.20602730944));
#10430 = CARTESIAN_POINT('',(5.760645303794,426.67254495819));
#10431 = CARTESIAN_POINT('',(5.773611267655,427.8503870933));
#10432 = CARTESIAN_POINT('',(5.781681543641,428.55817700242));
#10433 = CARTESIAN_POINT('',(5.789973068878,429.25945193466));
#10434 = CARTESIAN_POINT('',(5.798496153591,429.95375578676));
#10435 = CARTESIAN_POINT('',(5.807261703312,430.64057804357));
#10436 = CARTESIAN_POINT('',(5.81628129233,431.31935093525));
#10437 = CARTESIAN_POINT('',(5.825567258804,431.98944567878));
#10438 = CARTESIAN_POINT('',(5.844677049534,433.30941627426));
#10439 = CARTESIAN_POINT('',(5.854221868935,433.94014803918));
#10440 = CARTESIAN_POINT('',(5.863767200982,434.54367058294));
#10441 = CARTESIAN_POINT('',(5.873313195157,435.12119529063));
#10442 = CARTESIAN_POINT('',(5.882860043237,435.67384383767));
#10443 = CARTESIAN_POINT('',(5.892407981099,436.20265031623));
#10444 = CARTESIAN_POINT('',(5.901957249475,436.7085645349));
#10445 = CARTESIAN_POINT('',(5.926671255513,437.96075015824));
#10446 = CARTESIAN_POINT('',(5.942446320604,438.70436287401));
#10447 = CARTESIAN_POINT('',(5.958869470281,439.42084146171));
#10448 = CARTESIAN_POINT('',(5.975975674708,440.10723196978));
#10449 = CARTESIAN_POINT('',(5.99379735384,440.76012337284));
#10450 = CARTESIAN_POINT('',(6.012362981717,441.37569487102));
#10451 = CARTESIAN_POINT('',(6.031694874742,441.9497997335));
#10452 = CARTESIAN_POINT('',(6.076800766398,443.13473538517));
#10453 = CARTESIAN_POINT('',(6.103016082004,443.7210708742));
#10454 = CARTESIAN_POINT('',(6.130450910405,444.22790980247));
#10455 = CARTESIAN_POINT('',(6.159073857348,444.64602725803));
#10456 = CARTESIAN_POINT('',(6.188813867768,444.96684457193));
#10457 = CARTESIAN_POINT('',(6.219548313811,445.18341127271));
#10458 = CARTESIAN_POINT('',(6.251091301115,445.29162761748));
#10459 = CARTESIAN_POINT('',(6.28318530718,445.29162761748));
#10460 = ( GEOMETRIC_REPRESENTATION_CONTEXT(2) 
PARAMETRIC_REPRESENTATION_CONTEXT() REPRESENTATION_CONTEXT('2D SPACE',''
  ) );
#10461 = PCURVE('',#10462,#10467);
#10462 = PLANE('',#10463);
#10463 = AXIS2_PLACEMENT_3D('',#10464,#10465,#10466);
#10464 = CARTESIAN_POINT('',(303.1,-78.65,-50.5));
#10465 = DIRECTION('',(0.,0.,1.));
#10466 = DIRECTION('',(1.,0.,-0.));
#10467 = DEFINITIONAL_REPRESENTATION('',(#10468),#10828);
#10468 = B_SPLINE_CURVE_WITH_KNOTS('',8,(#10469,#10470,#10471,#10472,
    #10473,#10474,#10475,#10476,#10477,#10478,#10479,#10480,#10481,
    #10482,#10483,#10484,#10485,#10486,#10487,#10488,#10489,#10490,
    #10491,#10492,#10493,#10494,#10495,#10496,#10497,#10498,#10499,
    #10500,#10501,#10502,#10503,#10504,#10505,#10506,#10507,#10508,
    #10509,#10510,#10511,#10512,#10513,#10514,#10515,#10516,#10517,
    #10518,#10519,#10520,#10521,#10522,#10523,#10524,#10525,#10526,
    #10527,#10528,#10529,#10530,#10531,#10532,#10533,#10534,#10535,
    #10536,#10537,#10538,#10539,#10540,#10541,#10542,#10543,#10544,
    #10545,#10546,#10547,#10548,#10549,#10550,#10551,#10552,#10553,
    #10554,#10555,#10556,#10557,#10558,#10559,#10560,#10561,#10562,
    #10563,#10564,#10565,#10566,#10567,#10568,#10569,#10570,#10571,
    #10572,#10573,#10574,#10575,#10576,#10577,#10578,#10579,#10580,
    #10581,#10582,#10583,#10584,#10585,#10586,#10587,#10588,#10589,
    #10590,#10591,#10592,#10593,#10594,#10595,#10596,#10597,#10598,
    #10599,#10600,#10601,#10602,#10603,#10604,#10605,#10606,#10607,
    #10608,#10609,#10610,#10611,#10612,#10613,#10614,#10615,#10616,
    #10617,#10618,#10619,#10620,#10621,#10622,#10623,#10624,#10625,
    #10626,#10627,#10628,#10629,#10630,#10631,#10632,#10633,#10634,
    #10635,#10636,#10637,#10638,#10639,#10640,#10641,#10642,#10643,
    #10644,#10645,#10646,#10647,#10648,#10649,#10650,#10651,#10652,
    #10653,#10654,#10655,#10656,#10657,#10658,#10659,#10660,#10661,
    #10662,#10663,#10664,#10665,#10666,#10667,#10668,#10669,#10670,
    #10671,#10672,#10673,#10674,#10675,#10676,#10677,#10678,#10679,
    #10680,#10681,#10682,#10683,#10684,#10685,#10686,#10687,#10688,
    #10689,#10690,#10691,#10692,#10693,#10694,#10695,#10696,#10697,
    #10698,#10699,#10700,#10701,#10702,#10703,#10704,#10705,#10706,
    #10707,#10708,#10709,#10710,#10711,#10712,#10713,#10714,#10715,
    #10716,#10717,#10718,#10719,#10720,#10721,#10722,#10723,#10724,
    #10725,#10726,#10727,#10728,#10729,#10730,#10731,#10732,#10733,
    #10734,#10735,#10736,#10737,#10738,#10739,#10740,#10741,#10742,
    #10743,#10744,#10745,#10746,#10747,#10748,#10749,#10750,#10751,
    #10752,#10753,#10754,#10755,#10756,#10757,#10758,#10759,#10760,
    #10761,#10762,#10763,#10764,#10765,#10766,#10767,#10768,#10769,
    #10770,#10771,#10772,#10773,#10774,#10775,#10776,#10777,#10778,
    #10779,#10780,#10781,#10782,#10783,#10784,#10785,#10786,#10787,
    #10788,#10789,#10790,#10791,#10792,#10793,#10794,#10795,#10796,
    #10797,#10798,#10799,#10800,#10801,#10802,#10803,#10804,#10805,
    #10806,#10807,#10808,#10809,#10810,#10811,#10812,#10813,#10814,
    #10815,#10816,#10817,#10818,#10819,#10820,#10821,#10822,#10823,
    #10824,#10825,#10826,#10827),.UNSPECIFIED.,.F.,.F.,(9,7,7,7,7,7,7,7,
    7,7,7,7,7,7,7,7,7,7,7,7,7,7,7,7,7,7,7,7,7,7,7,7,7,7,7,7,7,7,7,7,7,7,
    7,7,7,7,7,7,7,7,7,9),(0.,3.408237715675E-02,6.04754119683E-02,
    8.443118553337E-02,9.799083494423E-02,0.11270383537,0.131486558703,
    0.145706328701,0.166809544435,0.187560166581,0.208064970224,
    0.223030279369,0.235274622785,0.252920408526,0.271847130391,
    0.290712665457,0.308188224952,0.324303624371,0.339076071692,
    0.352505573391,0.365935073333,0.391438577473,0.414241609181,
    0.433013887366,0.450442635206,0.465023882241,0.49183939908,
    0.511956660066,0.526711831963,0.549522129639,0.573692209878,
    0.604611461752,0.631539326844,0.65446673731,0.674733312093,
    0.692331091323,0.724922051287,0.749478690062,0.767293571267,
    0.781027520532,0.803085885097,0.825352989286,0.847915851608,
    0.859350278496,0.872284634334,0.88953041224,0.902464764612,
    0.912686968548,0.928416654927,0.944111258291,0.969029720752,1.),
  .UNSPECIFIED.);
#10469 = CARTESIAN_POINT('',(-263.9906468756,78.65));
#10470 = CARTESIAN_POINT('',(-263.9906468756,76.046284745282));
#10471 = CARTESIAN_POINT('',(-263.8917088357,73.441786506315));
#10472 = CARTESIAN_POINT('',(-263.6937279681,70.852182019387));
#10473 = CARTESIAN_POINT('',(-263.3994300218,68.290261356603));
#10474 = CARTESIAN_POINT('',(-263.0133993943,65.766310501489));
#10475 = CARTESIAN_POINT('',(-262.5413682645,63.288463301644));
#10476 = CARTESIAN_POINT('',(-261.9896924805,60.862985369295));
#10477 = CARTESIAN_POINT('',(-260.8811381256,56.66028553017));
#10478 = CARTESIAN_POINT('',(-260.3533000617,54.859455051187));
#10479 = CARTESIAN_POINT('',(-259.7841516201,53.093155695379));
#10480 = CARTESIAN_POINT('',(-259.1763586259,51.362029950483));
#10481 = CARTESIAN_POINT('',(-258.5324437096,49.666284443572));
#10482 = CARTESIAN_POINT('',(-257.8547293326,48.005759291203));
#10483 = CARTESIAN_POINT('',(-257.1452929891,46.379970847706));
#10484 = CARTESIAN_POINT('',(-255.7348254475,43.34332216776));
#10485 = CARTESIAN_POINT('',(-255.0391317966,41.926613147525));
#10486 = CARTESIAN_POINT('',(-254.3202046966,40.537499845917));
#10487 = CARTESIAN_POINT('',(-253.5793140209,39.175416700285));
#10488 = CARTESIAN_POINT('',(-252.8176293454,37.839794794115));
#10489 = CARTESIAN_POINT('',(-252.0362074581,36.530039692398));
#10490 = CARTESIAN_POINT('',(-251.2360066639,35.245527894275));
#10491 = CARTESIAN_POINT('',(-249.9547767816,33.272461704905));
#10492 = CARTESIAN_POINT('',(-249.4859485447,32.567206154519));
#10493 = CARTESIAN_POINT('',(-249.0115404722,31.869735688394));
#10494 = CARTESIAN_POINT('',(-248.5317040582,31.17994331386));
#10495 = CARTESIAN_POINT('',(-248.046584177,30.497723395265));
#10496 = CARTESIAN_POINT('',(-247.5563190829,29.822971653975));
#10497 = CARTESIAN_POINT('',(-247.0610404107,29.155585168375));
#10498 = CARTESIAN_POINT('',(-246.0181629235,27.779191129527));
#10499 = CARTESIAN_POINT('',(-245.4732753712,27.076194645271));
#10500 = CARTESIAN_POINT('',(-244.9262490427,26.385811197618));
#10501 = CARTESIAN_POINT('',(-244.3771153969,25.707448025347));
#10502 = CARTESIAN_POINT('',(-243.8259027722,25.040572996582));
#10503 = CARTESIAN_POINT('',(-243.2726397601,24.384707633376));
#10504 = CARTESIAN_POINT('',(-242.7173580042,23.739421493769));
#10505 = CARTESIAN_POINT('',(-241.4486876923,22.293562825724));
#10506 = CARTESIAN_POINT('',(-240.7298787488,21.49465432043));
#10507 = CARTESIAN_POINT('',(-240.0039042597,20.707393869281));
#10508 = CARTESIAN_POINT('',(-239.2709902994,19.931581651355));
#10509 = CARTESIAN_POINT('',(-238.5313529092,19.167026593037));
#10510 = CARTESIAN_POINT('',(-237.7851983691,18.413545654805));
#10511 = CARTESIAN_POINT('',(-237.0327231859,17.670962362777));
#10512 = CARTESIAN_POINT('',(-235.6997960667,16.385039602694));
#10513 = CARTESIAN_POINT('',(-235.1237140227,15.838811742876));
#10514 = CARTESIAN_POINT('',(-234.5458978982,15.300195689589));
#10515 = CARTESIAN_POINT('',(-233.9663767407,14.768982883315));
#10516 = CARTESIAN_POINT('',(-233.3851774759,14.244977596602));
#10517 = CARTESIAN_POINT('',(-232.8023250611,13.727995039621));
#10518 = CARTESIAN_POINT('',(-232.2178437286,13.217861495637));
#10519 = CARTESIAN_POINT('',(-230.7619656602,11.967265959978));
#10520 = CARTESIAN_POINT('',(-229.8856639347,11.232288895634));
#10521 = CARTESIAN_POINT('',(-229.0030639091,10.509280258797));
#10522 = CARTESIAN_POINT('',(-228.1143822043,9.798053619993));
#10523 = CARTESIAN_POINT('',(-227.219795412,9.098410306446));
#10524 = CARTESIAN_POINT('',(-226.3195210879,8.410188544175));
#10525 = CARTESIAN_POINT('',(-225.4137243397,7.733205040637));
#10526 = CARTESIAN_POINT('',(-223.6066570841,6.412503512983));
#10527 = CARTESIAN_POINT('',(-222.705565502,5.768419790687));
#10528 = CARTESIAN_POINT('',(-221.799466116,5.134878419828));
#10529 = CARTESIAN_POINT('',(-220.8885203922,4.511724670571));
#10530 = CARTESIAN_POINT('',(-219.9728789366,3.898808301088));
#10531 = CARTESIAN_POINT('',(-219.0526893732,3.295984073519));
#10532 = CARTESIAN_POINT('',(-218.1281010933,2.703111956084));
#10533 = CARTESIAN_POINT('',(-216.2813932664,1.543902677687));
#10534 = CARTESIAN_POINT('',(-215.3593752024,0.977334951234));
#10535 = CARTESIAN_POINT('',(-214.4333202773,0.420217695728));
#10536 = CARTESIAN_POINT('',(-213.5033541027,-0.127577915108));
#10537 = CARTESIAN_POINT('',(-212.5695988366,-0.666176998312));
#10538 = CARTESIAN_POINT('',(-211.6321731672,-1.195701321121));
#10539 = CARTESIAN_POINT('',(-210.6911922978,-1.716269660417));
#10540 = CARTESIAN_POINT('',(-209.0574854154,-2.601480169625));
#10541 = CARTESIAN_POINT('',(-208.3669890667,-2.969917641959));
#10542 = CARTESIAN_POINT('',(-207.6753020849,-3.333383507287));
#10543 = CARTESIAN_POINT('',(-206.982447124,-3.691947772724));
#10544 = CARTESIAN_POINT('',(-206.2884465219,-4.045677736851));
#10545 = CARTESIAN_POINT('',(-205.5933225316,-4.394638202159));
#10546 = CARTESIAN_POINT('',(-204.8970975518,-4.738891687515));
#10547 = CARTESIAN_POINT('',(-203.6292735837,-5.35635886522));
#10548 = CARTESIAN_POINT('',(-203.0580309754,-5.631108663997));
#10549 = CARTESIAN_POINT('',(-202.486078684,-5.902780988315));
#10550 = CARTESIAN_POINT('',(-201.9134290991,-6.171407996782));
#10551 = CARTESIAN_POINT('',(-201.3400946858,-6.437021019789));
#10552 = CARTESIAN_POINT('',(-200.7660878209,-6.69965052407));
#10553 = CARTESIAN_POINT('',(-200.1914206296,-6.95932607725));
#10554 = CARTESIAN_POINT('',(-198.7869954814,-7.586088773195));
#10555 = CARTESIAN_POINT('',(-197.9559484001,-7.950288895632));
#10556 = CARTESIAN_POINT('',(-197.123016167,-8.30873649902));
#10557 = CARTESIAN_POINT('',(-196.2882503478,-8.661490476004));
#10558 = CARTESIAN_POINT('',(-195.4517014833,-9.008608792557));
#10559 = CARTESIAN_POINT('',(-194.6134190898,-9.350148487986));
#10560 = CARTESIAN_POINT('',(-193.7734516594,-9.686165674928));
#10561 = CARTESIAN_POINT('',(-192.0291481916,-10.37126055299));
#10562 = CARTESIAN_POINT('',(-191.1245658366,-10.71951554328));
#10563 = CARTESIAN_POINT('',(-190.2181579209,-11.06154878953));
#10564 = CARTESIAN_POINT('',(-189.3099854775,-11.39742961358));
#10565 = CARTESIAN_POINT('',(-188.4000979833,-11.72721922251));
#10566 = CARTESIAN_POINT('',(-187.4885433761,-12.05097764649));
#10567 = CARTESIAN_POINT('',(-186.5753773258,-12.36877002241));
#10568 = CARTESIAN_POINT('',(-184.7488733078,-12.99153265506));
#10569 = CARTESIAN_POINT('',(-183.835545799,-13.29654091912));
#10570 = CARTESIAN_POINT('',(-182.9207153057,-13.59574250814));
#10571 = CARTESIAN_POINT('',(-182.0044249407,-13.88919205971));
#10572 = CARTESIAN_POINT('',(-181.0867264796,-14.17695238361));
#10573 = CARTESIAN_POINT('',(-180.1676687929,-14.45908352498));
#10574 = CARTESIAN_POINT('',(-179.2472876913,-14.73563326712));
#10575 = CARTESIAN_POINT('',(-177.4718721037,-15.25771267382));
#10576 = CARTESIAN_POINT('',(-176.6170190871,-15.50402631235));
#10577 = CARTESIAN_POINT('',(-175.7611006933,-15.74564047975));
#10578 = CARTESIAN_POINT('',(-174.904149302,-15.98259704222));
#10579 = CARTESIAN_POINT('',(-174.0461967454,-16.21493739501));
#10580 = CARTESIAN_POINT('',(-173.1872743082,-16.44270246236));
#10581 = CARTESIAN_POINT('',(-172.3274127275,-16.66593269759));
#10582 = CARTESIAN_POINT('',(-170.6728672652,-17.08637882674));
#10583 = CARTESIAN_POINT('',(-169.8785109196,-17.28421890419));
#10584 = CARTESIAN_POINT('',(-169.0835891655,-17.47822401318));
#10585 = CARTESIAN_POINT('',(-168.2881167075,-17.66842768583));
#10586 = CARTESIAN_POINT('',(-167.4921081684,-17.85486274787));
#10587 = CARTESIAN_POINT('',(-166.6955786028,-18.03756195039));
#10588 = CARTESIAN_POINT('',(-165.8985433035,-18.21655777372));
#10589 = CARTESIAN_POINT('',(-164.3699511313,-18.55259470752));
#10590 = CARTESIAN_POINT('',(-163.6384725448,-18.71022241104));
#10591 = CARTESIAN_POINT('',(-162.9065930749,-18.86478903661));
#10592 = CARTESIAN_POINT('',(-162.1743240208,-19.01631801236));
#10593 = CARTESIAN_POINT('',(-161.4416769392,-19.16483296963));
#10594 = CARTESIAN_POINT('',(-160.7086636814,-19.31035779888));
#10595 = CARTESIAN_POINT('',(-159.9752955733,-19.4529154638));
#10596 = CARTESIAN_POINT('',(-158.5745689532,-19.71944389453));
#10597 = CARTESIAN_POINT('',(-157.9072702019,-19.84392656424));
#10598 = CARTESIAN_POINT('',(-157.2396927702,-19.96598945644));
#10599 = CARTESIAN_POINT('',(-156.5718439448,-20.08564825369));
#10600 = CARTESIAN_POINT('',(-155.9037310128,-20.2029184476));
#10601 = CARTESIAN_POINT('',(-155.2353612609,-20.31781533876));
#10602 = CARTESIAN_POINT('',(-154.5667419756,-20.4303540368));
#10603 = CARTESIAN_POINT('',(-153.2290189987,-20.65074486944));
#10604 = CARTESIAN_POINT('',(-152.5599151957,-20.7585971874));
#10605 = CARTESIAN_POINT('',(-151.8905762923,-20.86412088396));
#10606 = CARTESIAN_POINT('',(-151.2210097885,-20.96733091026));
#10607 = CARTESIAN_POINT('',(-150.551223169,-21.06824223681));
#10608 = CARTESIAN_POINT('',(-149.8812236444,-21.16686939128));
#10609 = CARTESIAN_POINT('',(-149.2110178931,-21.26322599646));
#10610 = CARTESIAN_POINT('',(-147.2674665221,-21.53602319433));
#10611 = CARTESIAN_POINT('',(-145.9933917573,-21.70660778523));
#10612 = CARTESIAN_POINT('',(-144.7184436748,-21.86915840248));
#10613 = CARTESIAN_POINT('',(-143.4426800901,-22.02376071798));
#10614 = CARTESIAN_POINT('',(-142.1661540376,-22.17049099998));
#10615 = CARTESIAN_POINT('',(-140.8889185834,-22.30942704765));
#10616 = CARTESIAN_POINT('',(-139.6110298011,-22.44065504184));
#10617 = CARTESIAN_POINT('',(-137.1894149971,-22.67474381115));
#10618 = CARTESIAN_POINT('',(-136.0458105021,-22.77913679177));
#10619 = CARTESIAN_POINT('',(-134.9017556144,-22.87747109716));
#10620 = CARTESIAN_POINT('',(-133.7572840444,-22.96979580747));
#10621 = CARTESIAN_POINT('',(-132.6124289434,-23.05615946739));
#10622 = CARTESIAN_POINT('',(-131.4672229037,-23.13661008622));
#10623 = CARTESIAN_POINT('',(-130.3216979579,-23.2111951378));
#10624 = CARTESIAN_POINT('',(-128.2326115016,-23.33657256008));
#10625 = CARTESIAN_POINT('',(-127.2891427916,-23.38924060168));
#10626 = CARTESIAN_POINT('',(-126.3454967255,-23.43799102461));
#10627 = CARTESIAN_POINT('',(-125.4016893385,-23.48284619559));
#10628 = CARTESIAN_POINT('',(-124.4577364037,-23.52382810416));
#10629 = CARTESIAN_POINT('',(-123.5136538437,-23.56095946005));
#10630 = CARTESIAN_POINT('',(-122.5694575736,-23.59426329226));
#10631 = CARTESIAN_POINT('',(-120.7484510786,-23.65114765604));
#10632 = CARTESIAN_POINT('',(-119.871654502,-23.67525347857));
#10633 = CARTESIAN_POINT('',(-118.9947857029,-23.69609723527));
#10634 = CARTESIAN_POINT('',(-118.1178560475,-23.7136935983));
#10635 = CARTESIAN_POINT('',(-117.2408785907,-23.72806329932));
#10636 = CARTESIAN_POINT('',(-116.3638656158,-23.73922460526));
#10637 = CARTESIAN_POINT('',(-115.4868267578,-23.74718691625));
#10638 = CARTESIAN_POINT('',(-113.8760132243,-23.75596655172));
#10639 = CARTESIAN_POINT('',(-113.1422427425,-23.75773840203));
#10640 = CARTESIAN_POINT('',(-112.4084687565,-23.7572913467));
#10641 = CARTESIAN_POINT('',(-111.6746976867,-23.75463387522));
#10642 = CARTESIAN_POINT('',(-110.9409359021,-23.74977440806));
#10643 = CARTESIAN_POINT('',(-110.2071897212,-23.74272129672));
#10644 = CARTESIAN_POINT('',(-109.4734654111,-23.73348282369));
#10645 = CARTESIAN_POINT('',(-107.3904714659,-23.70107340254));
#10646 = CARTESIAN_POINT('',(-106.0412687285,-23.67271592708));
#10647 = CARTESIAN_POINT('',(-104.6921993732,-23.63704633709));
#10648 = CARTESIAN_POINT('',(-103.343304196,-23.59412511745));
#10649 = CARTESIAN_POINT('',(-101.994611604,-23.54396078756));
#10650 = CARTESIAN_POINT('',(-100.6461637217,-23.48662325538));
#10651 = CARTESIAN_POINT('',(-99.29799191647,-23.42213685604));
#10652 = CARTESIAN_POINT('',(-96.93895430203,-23.29683745586));
#10653 = CARTESIAN_POINT('',(-95.92795219901,-23.23913045678));
#10654 = CARTESIAN_POINT('',(-94.91713984804,-23.17743895458));
#10655 = CARTESIAN_POINT('',(-93.90653270652,-23.1117859435));
#10656 = CARTESIAN_POINT('',(-92.89614436196,-23.0421816056));
#10657 = CARTESIAN_POINT('',(-91.88598799099,-22.96863381564));
#10658 = CARTESIAN_POINT('',(-90.87607804845,-22.89116009879));
#10659 = CARTESIAN_POINT('',(-89.12589153719,-22.75007437597));
#10660 = CARTESIAN_POINT('',(-88.38546510884,-22.68826952442));
#10661 = CARTESIAN_POINT('',(-87.64515273437,-22.62436019366));
#10662 = CARTESIAN_POINT('',(-86.90495858436,-22.55835068795));
#10663 = CARTESIAN_POINT('',(-86.16488682939,-22.49024522452));
#10664 = CARTESIAN_POINT('',(-85.42494164006,-22.42004793359));
#10665 = CARTESIAN_POINT('',(-84.68512718696,-22.34776285834));
#10666 = CARTESIAN_POINT('',(-82.80196312199,-22.15842566881));
#10667 = CARTESIAN_POINT('',(-81.65888947282,-22.03848662585));
#10668 = CARTESIAN_POINT('',(-80.51624589216,-21.91358868873));
#10669 = CARTESIAN_POINT('',(-79.37405151323,-21.7837432842));
#10670 = CARTESIAN_POINT('',(-78.23232540357,-21.64896140302));
#10671 = CARTESIAN_POINT('',(-77.09108656497,-21.50925360005));
#10672 = CARTESIAN_POINT('',(-75.9503539335,-21.36462999414));
#10673 = CARTESIAN_POINT('',(-73.60196801814,-21.0566566773));
#10674 = CARTESIAN_POINT('',(-72.3943792631,-20.89270444406));
#10675 = CARTESIAN_POINT('',(-71.18740238413,-20.72325458932));
#10676 = CARTESIAN_POINT('',(-69.98106007784,-20.54832697247));
#10677 = CARTESIAN_POINT('',(-68.77537451792,-20.36790263139));
#10678 = CARTESIAN_POINT('',(-67.57036835961,-20.18200672728));
#10679 = CARTESIAN_POINT('',(-66.36606386963,-19.9906321084));
#10680 = CARTESIAN_POINT('',(-63.62281955087,-19.54197182814));
#10681 = CARTESIAN_POINT('',(-62.0843406641,-19.28120453044));
#10682 = CARTESIAN_POINT('',(-60.54709477831,-19.01147596736));
#10683 = CARTESIAN_POINT('',(-59.01112549263,-18.73283784529));
#10684 = CARTESIAN_POINT('',(-57.47648615984,-18.44521922405));
#10685 = CARTESIAN_POINT('',(-55.94322178373,-18.14865078642));
#10686 = CARTESIAN_POINT('',(-54.41138270295,-17.84310385791));
#10687 = CARTESIAN_POINT('',(-51.54820823225,-17.25463692211));
#10688 = CARTESIAN_POINT('',(-50.21651713397,-16.97388772091));
#10689 = CARTESIAN_POINT('',(-48.88597708362,-16.68630752216));
#10690 = CARTESIAN_POINT('',(-47.55661820861,-16.39190721962));
#10691 = CARTESIAN_POINT('',(-46.2284803255,-16.09062614113));
#10692 = CARTESIAN_POINT('',(-44.90159355285,-15.7824770211));
#10693 = CARTESIAN_POINT('',(-43.57599507231,-15.4674209715));
#10694 = CARTESIAN_POINT('',(-41.12418103475,-14.87129201259));
#10695 = CARTESIAN_POINT('',(-39.99760168658,-14.59212399306));
#10696 = CARTESIAN_POINT('',(-38.87200405307,-14.30791728766));
#10697 = CARTESIAN_POINT('',(-37.74740831906,-14.0186659849));
#10698 = CARTESIAN_POINT('',(-36.62383874891,-13.72434534911));
#10699 = CARTESIAN_POINT('',(-35.50132051911,-13.42492674247));
#10700 = CARTESIAN_POINT('',(-34.37987615727,-13.12039462901));
#10701 = CARTESIAN_POINT('',(-32.26920675797,-12.53698809427));
#10702 = CARTESIAN_POINT('',(-31.27974161464,-12.25923766388));
#10703 = CARTESIAN_POINT('',(-30.29115144625,-11.97745645052));
#10704 = CARTESIAN_POINT('',(-29.30345494426,-11.69162187914));
#10705 = CARTESIAN_POINT('',(-28.31666819,-11.40172067835));
#10706 = CARTESIAN_POINT('',(-27.330808013,-11.10773729617));
#10707 = CARTESIAN_POINT('',(-26.34589509692,-10.80964307563));
#10708 = CARTESIAN_POINT('',(-24.50757168711,-10.24498812523));
#10709 = CARTESIAN_POINT('',(-23.65392365801,-9.979443958137));
#10710 = CARTESIAN_POINT('',(-22.8010165564,-9.710768457815));
#10711 = CARTESIAN_POINT('',(-21.94886317747,-9.438945778065));
#10712 = CARTESIAN_POINT('',(-21.09747652987,-9.163959563314));
#10713 = CARTESIAN_POINT('',(-20.24686983568,-8.885792948615));
#10714 = CARTESIAN_POINT('',(-19.39705653047,-8.60442855965));
#10715 = CARTESIAN_POINT('',(-16.9756967917,-7.792808322343));
#10716 = CARTESIAN_POINT('',(-15.40611222396,-7.254737652047));
#10717 = CARTESIAN_POINT('',(-13.83937784631,-6.705536253331));
#10718 = CARTESIAN_POINT('',(-12.27560383848,-6.145026283049));
#10719 = CARTESIAN_POINT('',(-10.71487102922,-5.573112835982));
#10720 = CARTESIAN_POINT('',(-9.157297384249,-4.989603553335));
#10721 = CARTESIAN_POINT('',(-7.602978530885,-4.394365487699));
#10722 = CARTESIAN_POINT('',(-4.883420911331,-3.329739936532));
#10723 = CARTESIAN_POINT('',(-3.716726008063,-2.865501250198));
#10724 = CARTESIAN_POINT('',(-2.551995219867,-2.394419506175));
#10725 = CARTESIAN_POINT('',(-1.389280441469,-1.916411719498));
#10726 = CARTESIAN_POINT('',(-0.228635427955,-1.431391395131));
#10727 = CARTESIAN_POINT('',(0.929884149095,-0.939268152781));
#10728 = CARTESIAN_POINT('',(2.086220645485,-0.439947351722));
#10729 = CARTESIAN_POINT('',(4.077564270731,0.434201569395));
#10730 = CARTESIAN_POINT('',(4.913633901453,0.80557261128));
#10731 = CARTESIAN_POINT('',(5.748499821977,1.180822629334));
#10732 = CARTESIAN_POINT('',(6.582136882634,1.559994180293));
#10733 = CARTESIAN_POINT('',(7.414519133731,1.943131280633));
#10734 = CARTESIAN_POINT('',(8.245620189984,2.330278687392));
#10735 = CARTESIAN_POINT('',(9.075413068243,2.721482337555));
#10736 = CARTESIAN_POINT('',(10.542547828678,3.421544500581));
#10737 = CARTESIAN_POINT('',(11.180763326589,3.728895926048));
#10738 = CARTESIAN_POINT('',(11.818511339707,4.038875817984));
#10739 = CARTESIAN_POINT('',(12.45578669735,4.351516882406));
#10740 = CARTESIAN_POINT('',(13.092584537071,4.666852453855));
#10741 = CARTESIAN_POINT('',(13.728900383928,4.98491638995));
#10742 = CARTESIAN_POINT('',(14.364729482599,5.305744342404));
#10743 = CARTESIAN_POINT('',(16.020490798757,6.149168189976));
#10744 = CARTESIAN_POINT('',(17.038633161453,6.675677869431));
#10745 = CARTESIAN_POINT('',(18.054427955723,7.209018510427));
#10746 = CARTESIAN_POINT('',(19.067807510538,7.749307839359));
#10747 = CARTESIAN_POINT('',(20.078700866249,8.296668910769));
#10748 = CARTESIAN_POINT('',(21.087033642293,8.85123077666));
#10749 = CARTESIAN_POINT('',(22.092727904891,9.413129155813));
#10750 = CARTESIAN_POINT('',(24.108167368857,10.557273108021));
#10751 = CARTESIAN_POINT('',(25.117860196126,11.139660022698));
#10752 = CARTESIAN_POINT('',(26.124697138432,11.729814631824));
#10753 = CARTESIAN_POINT('',(27.128580931652,12.32790551105));
#10754 = CARTESIAN_POINT('',(28.129413586079,12.93410127506));
#10755 = CARTESIAN_POINT('',(29.12709273692,13.548577496465));
#10756 = CARTESIAN_POINT('',(30.1215059342,14.171527162469));
#10757 = CARTESIAN_POINT('',(32.116732478694,15.4431613016));
#10758 = CARTESIAN_POINT('',(33.117453889584,16.092075814063));
#10759 = CARTESIAN_POINT('',(34.11457595817,16.750111515277));
#10760 = CARTESIAN_POINT('',(35.107991344067,17.417455347901));
#10761 = CARTESIAN_POINT('',(36.097518853191,18.094402566582));
#10762 = CARTESIAN_POINT('',(37.083030445633,18.781169809094));
#10763 = CARTESIAN_POINT('',(38.064348079482,19.478048608581));
#10764 = CARTESIAN_POINT('',(39.536398510255,20.54376093157));
#10765 = CARTESIAN_POINT('',(40.030376172246,20.904866402927));
#10766 = CARTESIAN_POINT('',(40.52320860639,21.268680270312));
#10767 = CARTESIAN_POINT('',(41.014871734463,21.635241594919));
#10768 = CARTESIAN_POINT('',(41.505340432857,22.004590830871));
#10769 = CARTESIAN_POINT('',(41.994588532581,22.376769825221));
#10770 = CARTESIAN_POINT('',(42.482588819263,22.751821817951));
#10771 = CARTESIAN_POINT('',(43.51988406216,23.557341826558));
#10772 = CARTESIAN_POINT('',(44.069863714299,23.989435240712));
#10773 = CARTESIAN_POINT('',(44.619243806937,24.42619796524));
#10774 = CARTESIAN_POINT('',(45.168016831233,24.867764512788));
#10775 = CARTESIAN_POINT('',(45.716175608197,25.314278567587));
#10776 = CARTESIAN_POINT('',(46.263712944745,25.765893925195));
#10777 = CARTESIAN_POINT('',(46.810621289759,26.222775432245));
#10778 = CARTESIAN_POINT('',(48.085252595414,27.301531516765));
#10779 = CARTESIAN_POINT('',(48.8124855492,27.927643605661));
#10780 = CARTESIAN_POINT('',(49.538564446144,28.563855400807));
#10781 = CARTESIAN_POINT('',(50.263480759379,29.21061714238));
#10782 = CARTESIAN_POINT('',(50.987198831755,29.8684638323));
#10783 = CARTESIAN_POINT('',(51.709731544542,30.537934186813));
#10784 = CARTESIAN_POINT('',(52.431039456432,31.219688117221));
#10785 = CARTESIAN_POINT('',(53.691140159993,32.435507935842));
#10786 = CARTESIAN_POINT('',(54.230486188457,32.963892419043));
#10787 = CARTESIAN_POINT('',(54.769121033493,33.499899999044));
#10788 = CARTESIAN_POINT('',(55.307035259185,34.043865155244));
#10789 = CARTESIAN_POINT('',(55.844221458462,34.596156875056));
#10790 = CARTESIAN_POINT('',(56.380672116588,35.157183368749));
#10791 = CARTESIAN_POINT('',(56.916377474656,35.727396784288));
#10792 = CARTESIAN_POINT('',(57.87409881433,36.765602097248));
#10793 = CARTESIAN_POINT('',(58.294642533078,37.228053496402));
#10794 = CARTESIAN_POINT('',(58.712885860397,37.694735635974));
#10795 = CARTESIAN_POINT('',(59.128755028141,38.165735412239));
#10796 = CARTESIAN_POINT('',(59.542171188939,38.641143101401));
#10797 = CARTESIAN_POINT('',(59.953050416198,39.121052359595));
#10798 = CARTESIAN_POINT('',(60.361303704101,39.605560222886));
#10799 = CARTESIAN_POINT('',(61.390861991078,40.847547125545));
#10800 = CARTESIAN_POINT('',(62.008437049462,41.611445984005));
#10801 = CARTESIAN_POINT('',(62.619223836134,42.386842372075));
#10802 = CARTESIAN_POINT('',(63.222842616439,43.174124687993));
#10803 = CARTESIAN_POINT('',(63.81887130623,43.97369340975));
#10804 = CARTESIAN_POINT('',(64.406843766986,44.785964824137));
#10805 = CARTESIAN_POINT('',(64.9862473175,45.611376113892));
#10806 = CARTESIAN_POINT('',(66.125519689156,47.287536176929));
#10807 = CARTESIAN_POINT('',(66.668869685315,48.113861474295));
#10808 = CARTESIAN_POINT('',(67.187841079177,48.92977785947));
#10809 = CARTESIAN_POINT('',(67.683603741052,49.735692577371));
#10810 = CARTESIAN_POINT('',(68.157241404575,50.531994586523));
#10811 = CARTESIAN_POINT('',(68.609748101666,51.319055597999));
#10812 = CARTESIAN_POINT('',(69.042027576888,52.097228813707));
#10813 = CARTESIAN_POINT('',(70.110467430907,54.0887240535));
#10814 = CARTESIAN_POINT('',(70.743441051056,55.338030435072));
#10815 = CARTESIAN_POINT('',(71.3518826701,56.615885797752));
#10816 = CARTESIAN_POINT('',(71.933441052488,57.923169263694));
#10817 = CARTESIAN_POINT('',(72.485408000101,59.260465383139));
#10818 = CARTESIAN_POINT('',(73.004760896854,60.62802369367));
#10819 = CARTESIAN_POINT('',(73.48822973857,62.02569032655));
#10820 = CARTESIAN_POINT('',(74.484463363697,65.226482923017));
#10821 = CARTESIAN_POINT('',(74.976203028507,67.046849332786));
#10822 = CARTESIAN_POINT('',(75.400324282464,68.910716775914));
#10823 = CARTESIAN_POINT('',(75.749552998666,70.813364625227));
#10824 = CARTESIAN_POINT('',(76.017160262693,72.748327945752));
#10825 = CARTESIAN_POINT('',(76.197690802885,74.707124331625));
#10826 = CARTESIAN_POINT('',(76.287900653056,76.67890112767));
#10827 = CARTESIAN_POINT('',(76.287900653056,78.65));
#10828 = ( GEOMETRIC_REPRESENTATION_CONTEXT(2) 
PARAMETRIC_REPRESENTATION_CONTEXT() REPRESENTATION_CONTEXT('2D SPACE',''
  ) );
#10829 = ADVANCED_FACE('',(#10830),#5159,.F.);
#10830 = FACE_BOUND('',#10831,.F.);
#10831 = EDGE_LOOP('',(#10832,#10855,#10876,#10877));
#10832 = ORIENTED_EDGE('',*,*,#10833,.F.);
#10833 = EDGE_CURVE('',#10834,#5124,#10836,.T.);
#10834 = VERTEX_POINT('',#10835);
#10835 = CARTESIAN_POINT('',(134.5,-64.,-62.));
#10836 = SURFACE_CURVE('',#10837,(#10841,#10848),.PCURVE_S1.);
#10837 = LINE('',#10838,#10839);
#10838 = CARTESIAN_POINT('',(134.5,-64.,-62.));
#10839 = VECTOR('',#10840,1.);
#10840 = DIRECTION('',(0.,0.,1.));
#10841 = PCURVE('',#5159,#10842);
#10842 = DEFINITIONAL_REPRESENTATION('',(#10843),#10847);
#10843 = LINE('',#10844,#10845);
#10844 = CARTESIAN_POINT('',(0.,1.5));
#10845 = VECTOR('',#10846,1.);
#10846 = DIRECTION('',(1.,0.));
#10847 = ( GEOMETRIC_REPRESENTATION_CONTEXT(2) 
PARAMETRIC_REPRESENTATION_CONTEXT() REPRESENTATION_CONTEXT('2D SPACE',''
  ) );
#10848 = PCURVE('',#5043,#10849);
#10849 = DEFINITIONAL_REPRESENTATION('',(#10850),#10854);
#10850 = LINE('',#10851,#10852);
#10851 = CARTESIAN_POINT('',(0.,0.));
#10852 = VECTOR('',#10853,1.);
#10853 = DIRECTION('',(1.,0.));
#10854 = ( GEOMETRIC_REPRESENTATION_CONTEXT(2) 
PARAMETRIC_REPRESENTATION_CONTEXT() REPRESENTATION_CONTEXT('2D SPACE',''
  ) );
#10855 = ORIENTED_EDGE('',*,*,#10856,.F.);
#10856 = EDGE_CURVE('',#9602,#10834,#10857,.T.);
#10857 = SURFACE_CURVE('',#10858,(#10862,#10869),.PCURVE_S1.);
#10858 = LINE('',#10859,#10860);
#10859 = CARTESIAN_POINT('',(133.,-64.,-62.));
#10860 = VECTOR('',#10861,1.);
#10861 = DIRECTION('',(1.,0.,0.));
#10862 = PCURVE('',#5159,#10863);
#10863 = DEFINITIONAL_REPRESENTATION('',(#10864),#10868);
#10864 = LINE('',#10865,#10866);
#10865 = CARTESIAN_POINT('',(0.,0.));
#10866 = VECTOR('',#10867,1.);
#10867 = DIRECTION('',(0.,1.));
#10868 = ( GEOMETRIC_REPRESENTATION_CONTEXT(2) 
PARAMETRIC_REPRESENTATION_CONTEXT() REPRESENTATION_CONTEXT('2D SPACE',''
  ) );
#10869 = PCURVE('',#9640,#10870);
#10870 = DEFINITIONAL_REPRESENTATION('',(#10871),#10875);
#10871 = LINE('',#10872,#10873);
#10872 = CARTESIAN_POINT('',(0.,0.));
#10873 = VECTOR('',#10874,1.);
#10874 = DIRECTION('',(1.,0.));
#10875 = ( GEOMETRIC_REPRESENTATION_CONTEXT(2) 
PARAMETRIC_REPRESENTATION_CONTEXT() REPRESENTATION_CONTEXT('2D SPACE',''
  ) );
#10876 = ORIENTED_EDGE('',*,*,#9601,.T.);
#10877 = ORIENTED_EDGE('',*,*,#5144,.F.);
#10878 = ADVANCED_FACE('',(#10879),#5043,.T.);
#10879 = FACE_BOUND('',#10880,.T.);
#10880 = EDGE_LOOP('',(#10881,#10882,#10905,#10926,#10927,#10953));
#10881 = ORIENTED_EDGE('',*,*,#10833,.F.);
#10882 = ORIENTED_EDGE('',*,*,#10883,.T.);
#10883 = EDGE_CURVE('',#10834,#10884,#10886,.T.);
#10884 = VERTEX_POINT('',#10885);
#10885 = CARTESIAN_POINT('',(134.5,64.,-62.));
#10886 = SURFACE_CURVE('',#10887,(#10891,#10898),.PCURVE_S1.);
#10887 = LINE('',#10888,#10889);
#10888 = CARTESIAN_POINT('',(134.5,-64.,-62.));
#10889 = VECTOR('',#10890,1.);
#10890 = DIRECTION('',(0.,1.,0.));
#10891 = PCURVE('',#5043,#10892);
#10892 = DEFINITIONAL_REPRESENTATION('',(#10893),#10897);
#10893 = LINE('',#10894,#10895);
#10894 = CARTESIAN_POINT('',(0.,0.));
#10895 = VECTOR('',#10896,1.);
#10896 = DIRECTION('',(0.,-1.));
#10897 = ( GEOMETRIC_REPRESENTATION_CONTEXT(2) 
PARAMETRIC_REPRESENTATION_CONTEXT() REPRESENTATION_CONTEXT('2D SPACE',''
  ) );
#10898 = PCURVE('',#9640,#10899);
#10899 = DEFINITIONAL_REPRESENTATION('',(#10900),#10904);
#10900 = LINE('',#10901,#10902);
#10901 = CARTESIAN_POINT('',(1.5,0.));
#10902 = VECTOR('',#10903,1.);
#10903 = DIRECTION('',(0.,1.));
#10904 = ( GEOMETRIC_REPRESENTATION_CONTEXT(2) 
PARAMETRIC_REPRESENTATION_CONTEXT() REPRESENTATION_CONTEXT('2D SPACE',''
  ) );
#10905 = ORIENTED_EDGE('',*,*,#10906,.T.);
#10906 = EDGE_CURVE('',#10884,#5003,#10907,.T.);
#10907 = SURFACE_CURVE('',#10908,(#10912,#10919),.PCURVE_S1.);
#10908 = LINE('',#10909,#10910);
#10909 = CARTESIAN_POINT('',(134.5,64.,-62.));
#10910 = VECTOR('',#10911,1.);
#10911 = DIRECTION('',(0.,0.,1.));
#10912 = PCURVE('',#5043,#10913);
#10913 = DEFINITIONAL_REPRESENTATION('',(#10914),#10918);
#10914 = LINE('',#10915,#10916);
#10915 = CARTESIAN_POINT('',(0.,-128.));
#10916 = VECTOR('',#10917,1.);
#10917 = DIRECTION('',(1.,0.));
#10918 = ( GEOMETRIC_REPRESENTATION_CONTEXT(2) 
PARAMETRIC_REPRESENTATION_CONTEXT() REPRESENTATION_CONTEXT('2D SPACE',''
  ) );
#10919 = PCURVE('',#5017,#10920);
#10920 = DEFINITIONAL_REPRESENTATION('',(#10921),#10925);
#10921 = LINE('',#10922,#10923);
#10922 = CARTESIAN_POINT('',(0.,1.5));
#10923 = VECTOR('',#10924,1.);
#10924 = DIRECTION('',(1.,0.));
#10925 = ( GEOMETRIC_REPRESENTATION_CONTEXT(2) 
PARAMETRIC_REPRESENTATION_CONTEXT() REPRESENTATION_CONTEXT('2D SPACE',''
  ) );
#10926 = ORIENTED_EDGE('',*,*,#5028,.F.);
#10927 = ORIENTED_EDGE('',*,*,#10928,.T.);
#10928 = EDGE_CURVE('',#5029,#5103,#10929,.T.);
#10929 = SURFACE_CURVE('',#10930,(#10935,#10946),.PCURVE_S1.);
#10930 = CIRCLE('',#10931,58.);
#10931 = AXIS2_PLACEMENT_3D('',#10932,#10933,#10934);
#10932 = CARTESIAN_POINT('',(134.5,0.,0.));
#10933 = DIRECTION('',(-1.,0.,0.));
#10934 = DIRECTION('',(0.,1.,0.));
#10935 = PCURVE('',#5043,#10936);
#10936 = DEFINITIONAL_REPRESENTATION('',(#10937),#10945);
#10937 = ( BOUNDED_CURVE() B_SPLINE_CURVE(2,(#10938,#10939,#10940,#10941
    ,#10942,#10943,#10944),.UNSPECIFIED.,.T.,.F.) 
B_SPLINE_CURVE_WITH_KNOTS((1,2,2,2,2,1),(-2.094395102393,0.,
    2.094395102393,4.188790204786,6.28318530718,8.377580409573),
.UNSPECIFIED.) CURVE() GEOMETRIC_REPRESENTATION_ITEM() 
RATIONAL_B_SPLINE_CURVE((1.,0.5,1.,0.5,1.,0.5,1.)) REPRESENTATION_ITEM(
  '') );
#10938 = CARTESIAN_POINT('',(62.,-122.));
#10939 = CARTESIAN_POINT('',(-38.45894683899,-122.));
#10940 = CARTESIAN_POINT('',(11.770526580503,-35.));
#10941 = CARTESIAN_POINT('',(62.,52.));
#10942 = CARTESIAN_POINT('',(112.22947341949,-35.));
#10943 = CARTESIAN_POINT('',(162.45894683899,-122.));
#10944 = CARTESIAN_POINT('',(62.,-122.));
#10945 = ( GEOMETRIC_REPRESENTATION_CONTEXT(2) 
PARAMETRIC_REPRESENTATION_CONTEXT() REPRESENTATION_CONTEXT('2D SPACE',''
  ) );
#10946 = PCURVE('',#5069,#10947);
#10947 = DEFINITIONAL_REPRESENTATION('',(#10948),#10952);
#10948 = LINE('',#10949,#10950);
#10949 = CARTESIAN_POINT('',(-6.28318530718,-2.5));
#10950 = VECTOR('',#10951,1.);
#10951 = DIRECTION('',(1.,-0.));
#10952 = ( GEOMETRIC_REPRESENTATION_CONTEXT(2) 
PARAMETRIC_REPRESENTATION_CONTEXT() REPRESENTATION_CONTEXT('2D SPACE',''
  ) );
#10953 = ORIENTED_EDGE('',*,*,#5123,.F.);
#10954 = ADVANCED_FACE('',(#10955),#5069,.F.);
#10955 = FACE_BOUND('',#10956,.T.);
#10956 = EDGE_LOOP('',(#10957,#10958,#10959,#10960));
#10957 = ORIENTED_EDGE('',*,*,#5054,.T.);
#10958 = ORIENTED_EDGE('',*,*,#9701,.T.);
#10959 = ORIENTED_EDGE('',*,*,#5102,.F.);
#10960 = ORIENTED_EDGE('',*,*,#10928,.F.);
#10961 = ADVANCED_FACE('',(#10962),#5017,.T.);
#10962 = FACE_BOUND('',#10963,.T.);
#10963 = EDGE_LOOP('',(#10964,#10965,#10986,#10987));
#10964 = ORIENTED_EDGE('',*,*,#10906,.F.);
#10965 = ORIENTED_EDGE('',*,*,#10966,.F.);
#10966 = EDGE_CURVE('',#9625,#10884,#10967,.T.);
#10967 = SURFACE_CURVE('',#10968,(#10972,#10979),.PCURVE_S1.);
#10968 = LINE('',#10969,#10970);
#10969 = CARTESIAN_POINT('',(133.,64.,-62.));
#10970 = VECTOR('',#10971,1.);
#10971 = DIRECTION('',(1.,0.,0.));
#10972 = PCURVE('',#5017,#10973);
#10973 = DEFINITIONAL_REPRESENTATION('',(#10974),#10978);
#10974 = LINE('',#10975,#10976);
#10975 = CARTESIAN_POINT('',(0.,0.));
#10976 = VECTOR('',#10977,1.);
#10977 = DIRECTION('',(0.,1.));
#10978 = ( GEOMETRIC_REPRESENTATION_CONTEXT(2) 
PARAMETRIC_REPRESENTATION_CONTEXT() REPRESENTATION_CONTEXT('2D SPACE',''
  ) );
#10979 = PCURVE('',#9640,#10980);
#10980 = DEFINITIONAL_REPRESENTATION('',(#10981),#10985);
#10981 = LINE('',#10982,#10983);
#10982 = CARTESIAN_POINT('',(0.,128.));
#10983 = VECTOR('',#10984,1.);
#10984 = DIRECTION('',(1.,0.));
#10985 = ( GEOMETRIC_REPRESENTATION_CONTEXT(2) 
PARAMETRIC_REPRESENTATION_CONTEXT() REPRESENTATION_CONTEXT('2D SPACE',''
  ) );
#10986 = ORIENTED_EDGE('',*,*,#9652,.T.);
#10987 = ORIENTED_EDGE('',*,*,#5002,.F.);
#10988 = ADVANCED_FACE('',(#10989),#9317,.T.);
#10989 = FACE_BOUND('',#10990,.F.);
#10990 = EDGE_LOOP('',(#10991,#10992,#11015,#11042,#11043,#11044));
#10991 = ORIENTED_EDGE('',*,*,#9418,.F.);
#10992 = ORIENTED_EDGE('',*,*,#10993,.T.);
#10993 = EDGE_CURVE('',#9395,#10994,#10996,.T.);
#10994 = VERTEX_POINT('',#10995);
#10995 = CARTESIAN_POINT('',(306.1,78.83,-41.6));
#10996 = SEAM_CURVE('',#10997,(#11001,#11008),.PCURVE_S1.);
#10997 = LINE('',#10998,#10999);
#10998 = CARTESIAN_POINT('',(306.1,78.83,-50.5));
#10999 = VECTOR('',#11000,1.);
#11000 = DIRECTION('',(0.,0.,1.));
#11001 = PCURVE('',#9317,#11002);
#11002 = DEFINITIONAL_REPRESENTATION('',(#11003),#11007);
#11003 = LINE('',#11004,#11005);
#11004 = CARTESIAN_POINT('',(-6.28318530718,0.));
#11005 = VECTOR('',#11006,1.);
#11006 = DIRECTION('',(-0.,-1.));
#11007 = ( GEOMETRIC_REPRESENTATION_CONTEXT(2) 
PARAMETRIC_REPRESENTATION_CONTEXT() REPRESENTATION_CONTEXT('2D SPACE',''
  ) );
#11008 = PCURVE('',#9317,#11009);
#11009 = DEFINITIONAL_REPRESENTATION('',(#11010),#11014);
#11010 = LINE('',#11011,#11012);
#11011 = CARTESIAN_POINT('',(-0.,0.));
#11012 = VECTOR('',#11013,1.);
#11013 = DIRECTION('',(-0.,-1.));
#11014 = ( GEOMETRIC_REPRESENTATION_CONTEXT(2) 
PARAMETRIC_REPRESENTATION_CONTEXT() REPRESENTATION_CONTEXT('2D SPACE',''
  ) );
#11015 = ORIENTED_EDGE('',*,*,#11016,.T.);
#11016 = EDGE_CURVE('',#10994,#10994,#11017,.T.);
#11017 = SURFACE_CURVE('',#11018,(#11023,#11030),.PCURVE_S1.);
#11018 = CIRCLE('',#11019,3.);
#11019 = AXIS2_PLACEMENT_3D('',#11020,#11021,#11022);
#11020 = CARTESIAN_POINT('',(303.1,78.83,-41.6));
#11021 = DIRECTION('',(0.,0.,1.));
#11022 = DIRECTION('',(1.,0.,0.));
#11023 = PCURVE('',#9317,#11024);
#11024 = DEFINITIONAL_REPRESENTATION('',(#11025),#11029);
#11025 = LINE('',#11026,#11027);
#11026 = CARTESIAN_POINT('',(-0.,-8.9));
#11027 = VECTOR('',#11028,1.);
#11028 = DIRECTION('',(-1.,0.));
#11029 = ( GEOMETRIC_REPRESENTATION_CONTEXT(2) 
PARAMETRIC_REPRESENTATION_CONTEXT() REPRESENTATION_CONTEXT('2D SPACE',''
  ) );
#11030 = PCURVE('',#11031,#11036);
#11031 = PLANE('',#11032);
#11032 = AXIS2_PLACEMENT_3D('',#11033,#11034,#11035);
#11033 = CARTESIAN_POINT('',(303.1,78.83,-41.6));
#11034 = DIRECTION('',(0.,0.,1.));
#11035 = DIRECTION('',(1.,0.,-0.));
#11036 = DEFINITIONAL_REPRESENTATION('',(#11037),#11041);
#11037 = CIRCLE('',#11038,3.);
#11038 = AXIS2_PLACEMENT_2D('',#11039,#11040);
#11039 = CARTESIAN_POINT('',(0.,0.));
#11040 = DIRECTION('',(1.,0.));
#11041 = ( GEOMETRIC_REPRESENTATION_CONTEXT(2) 
PARAMETRIC_REPRESENTATION_CONTEXT() REPRESENTATION_CONTEXT('2D SPACE',''
  ) );
#11042 = ORIENTED_EDGE('',*,*,#10993,.F.);
#11043 = ORIENTED_EDGE('',*,*,#9394,.F.);
#11044 = ORIENTED_EDGE('',*,*,#9302,.F.);
#11045 = ADVANCED_FACE('',(#11046),#8175,.T.);
#11046 = FACE_BOUND('',#11047,.F.);
#11047 = EDGE_LOOP('',(#11048,#11049,#11072,#11099,#11100,#11101));
#11048 = ORIENTED_EDGE('',*,*,#8158,.F.);
#11049 = ORIENTED_EDGE('',*,*,#11050,.T.);
#11050 = EDGE_CURVE('',#8159,#11051,#11053,.T.);
#11051 = VERTEX_POINT('',#11052);
#11052 = CARTESIAN_POINT('',(306.1,-78.65,-41.6));
#11053 = SEAM_CURVE('',#11054,(#11058,#11065),.PCURVE_S1.);
#11054 = LINE('',#11055,#11056);
#11055 = CARTESIAN_POINT('',(306.1,-78.65,-50.5));
#11056 = VECTOR('',#11057,1.);
#11057 = DIRECTION('',(0.,0.,1.));
#11058 = PCURVE('',#8175,#11059);
#11059 = DEFINITIONAL_REPRESENTATION('',(#11060),#11064);
#11060 = LINE('',#11061,#11062);
#11061 = CARTESIAN_POINT('',(-6.28318530718,0.));
#11062 = VECTOR('',#11063,1.);
#11063 = DIRECTION('',(-0.,-1.));
#11064 = ( GEOMETRIC_REPRESENTATION_CONTEXT(2) 
PARAMETRIC_REPRESENTATION_CONTEXT() REPRESENTATION_CONTEXT('2D SPACE',''
  ) );
#11065 = PCURVE('',#8175,#11066);
#11066 = DEFINITIONAL_REPRESENTATION('',(#11067),#11071);
#11067 = LINE('',#11068,#11069);
#11068 = CARTESIAN_POINT('',(-0.,0.));
#11069 = VECTOR('',#11070,1.);
#11070 = DIRECTION('',(-0.,-1.));
#11071 = ( GEOMETRIC_REPRESENTATION_CONTEXT(2) 
PARAMETRIC_REPRESENTATION_CONTEXT() REPRESENTATION_CONTEXT('2D SPACE',''
  ) );
#11072 = ORIENTED_EDGE('',*,*,#11073,.T.);
#11073 = EDGE_CURVE('',#11051,#11051,#11074,.T.);
#11074 = SURFACE_CURVE('',#11075,(#11080,#11087),.PCURVE_S1.);
#11075 = CIRCLE('',#11076,3.);
#11076 = AXIS2_PLACEMENT_3D('',#11077,#11078,#11079);
#11077 = CARTESIAN_POINT('',(303.1,-78.65,-41.6));
#11078 = DIRECTION('',(0.,0.,1.));
#11079 = DIRECTION('',(1.,0.,0.));
#11080 = PCURVE('',#8175,#11081);
#11081 = DEFINITIONAL_REPRESENTATION('',(#11082),#11086);
#11082 = LINE('',#11083,#11084);
#11083 = CARTESIAN_POINT('',(-0.,-8.9));
#11084 = VECTOR('',#11085,1.);
#11085 = DIRECTION('',(-1.,0.));
#11086 = ( GEOMETRIC_REPRESENTATION_CONTEXT(2) 
PARAMETRIC_REPRESENTATION_CONTEXT() REPRESENTATION_CONTEXT('2D SPACE',''
  ) );
#11087 = PCURVE('',#11088,#11093);
#11088 = PLANE('',#11089);
#11089 = AXIS2_PLACEMENT_3D('',#11090,#11091,#11092);
#11090 = CARTESIAN_POINT('',(303.1,-78.65,-41.6));
#11091 = DIRECTION('',(0.,0.,1.));
#11092 = DIRECTION('',(1.,0.,-0.));
#11093 = DEFINITIONAL_REPRESENTATION('',(#11094),#11098);
#11094 = CIRCLE('',#11095,3.);
#11095 = AXIS2_PLACEMENT_2D('',#11096,#11097);
#11096 = CARTESIAN_POINT('',(0.,0.));
#11097 = DIRECTION('',(1.,0.));
#11098 = ( GEOMETRIC_REPRESENTATION_CONTEXT(2) 
PARAMETRIC_REPRESENTATION_CONTEXT() REPRESENTATION_CONTEXT('2D SPACE',''
  ) );
#11099 = ORIENTED_EDGE('',*,*,#11050,.F.);
#11100 = ORIENTED_EDGE('',*,*,#8187,.F.);
#11101 = ORIENTED_EDGE('',*,*,#11102,.F.);
#11102 = EDGE_CURVE('',#7068,#8188,#11103,.T.);
#11103 = SURFACE_CURVE('',#11104,(#11109,#11116),.PCURVE_S1.);
#11104 = CIRCLE('',#11105,3.);
#11105 = AXIS2_PLACEMENT_3D('',#11106,#11107,#11108);
#11106 = CARTESIAN_POINT('',(303.1,-78.65,-50.5));
#11107 = DIRECTION('',(0.,0.,1.));
#11108 = DIRECTION('',(1.,0.,0.));
#11109 = PCURVE('',#8175,#11110);
#11110 = DEFINITIONAL_REPRESENTATION('',(#11111),#11115);
#11111 = LINE('',#11112,#11113);
#11112 = CARTESIAN_POINT('',(-0.,0.));
#11113 = VECTOR('',#11114,1.);
#11114 = DIRECTION('',(-1.,0.));
#11115 = ( GEOMETRIC_REPRESENTATION_CONTEXT(2) 
PARAMETRIC_REPRESENTATION_CONTEXT() REPRESENTATION_CONTEXT('2D SPACE',''
  ) );
#11116 = PCURVE('',#10462,#11117);
#11117 = DEFINITIONAL_REPRESENTATION('',(#11118),#11122);
#11118 = CIRCLE('',#11119,3.);
#11119 = AXIS2_PLACEMENT_2D('',#11120,#11121);
#11120 = CARTESIAN_POINT('',(0.,0.));
#11121 = DIRECTION('',(1.,0.));
#11122 = ( GEOMETRIC_REPRESENTATION_CONTEXT(2) 
PARAMETRIC_REPRESENTATION_CONTEXT() REPRESENTATION_CONTEXT('2D SPACE',''
  ) );
#11123 = ADVANCED_FACE('',(#11124),#7034,.F.);
#11124 = FACE_BOUND('',#11125,.F.);
#11125 = EDGE_LOOP('',(#11126,#11149,#11150,#11151));
#11126 = ORIENTED_EDGE('',*,*,#11127,.F.);
#11127 = EDGE_CURVE('',#6999,#11128,#11130,.T.);
#11128 = VERTEX_POINT('',#11129);
#11129 = CARTESIAN_POINT('',(134.5,-64.,62.));
#11130 = SURFACE_CURVE('',#11131,(#11135,#11142),.PCURVE_S1.);
#11131 = LINE('',#11132,#11133);
#11132 = CARTESIAN_POINT('',(134.5,-64.,-62.));
#11133 = VECTOR('',#11134,1.);
#11134 = DIRECTION('',(0.,0.,1.));
#11135 = PCURVE('',#7034,#11136);
#11136 = DEFINITIONAL_REPRESENTATION('',(#11137),#11141);
#11137 = LINE('',#11138,#11139);
#11138 = CARTESIAN_POINT('',(0.,1.5));
#11139 = VECTOR('',#11140,1.);
#11140 = DIRECTION('',(1.,0.));
#11141 = ( GEOMETRIC_REPRESENTATION_CONTEXT(2) 
PARAMETRIC_REPRESENTATION_CONTEXT() REPRESENTATION_CONTEXT('2D SPACE',''
  ) );
#11142 = PCURVE('',#6918,#11143);
#11143 = DEFINITIONAL_REPRESENTATION('',(#11144),#11148);
#11144 = LINE('',#11145,#11146);
#11145 = CARTESIAN_POINT('',(0.,0.));
#11146 = VECTOR('',#11147,1.);
#11147 = DIRECTION('',(1.,0.));
#11148 = ( GEOMETRIC_REPRESENTATION_CONTEXT(2) 
PARAMETRIC_REPRESENTATION_CONTEXT() REPRESENTATION_CONTEXT('2D SPACE',''
  ) );
#11149 = ORIENTED_EDGE('',*,*,#7019,.T.);
#11150 = ORIENTED_EDGE('',*,*,#9497,.T.);
#11151 = ORIENTED_EDGE('',*,*,#11152,.T.);
#11152 = EDGE_CURVE('',#9470,#11128,#11153,.T.);
#11153 = SURFACE_CURVE('',#11154,(#11158,#11165),.PCURVE_S1.);
#11154 = LINE('',#11155,#11156);
#11155 = CARTESIAN_POINT('',(133.,-64.,62.));
#11156 = VECTOR('',#11157,1.);
#11157 = DIRECTION('',(1.,0.,0.));
#11158 = PCURVE('',#7034,#11159);
#11159 = DEFINITIONAL_REPRESENTATION('',(#11160),#11164);
#11160 = LINE('',#11161,#11162);
#11161 = CARTESIAN_POINT('',(124.,0.));
#11162 = VECTOR('',#11163,1.);
#11163 = DIRECTION('',(0.,1.));
#11164 = ( GEOMETRIC_REPRESENTATION_CONTEXT(2) 
PARAMETRIC_REPRESENTATION_CONTEXT() REPRESENTATION_CONTEXT('2D SPACE',''
  ) );
#11165 = PCURVE('',#9485,#11166);
#11166 = DEFINITIONAL_REPRESENTATION('',(#11167),#11171);
#11167 = LINE('',#11168,#11169);
#11168 = CARTESIAN_POINT('',(0.,0.));
#11169 = VECTOR('',#11170,1.);
#11170 = DIRECTION('',(1.,0.));
#11171 = ( GEOMETRIC_REPRESENTATION_CONTEXT(2) 
PARAMETRIC_REPRESENTATION_CONTEXT() REPRESENTATION_CONTEXT('2D SPACE',''
  ) );
#11172 = ADVANCED_FACE('',(#11173),#6918,.T.);
#11173 = FACE_BOUND('',#11174,.T.);
#11174 = EDGE_LOOP('',(#11175,#11176,#11177,#11203,#11204,#11227));
#11175 = ORIENTED_EDGE('',*,*,#11127,.F.);
#11176 = ORIENTED_EDGE('',*,*,#6998,.T.);
#11177 = ORIENTED_EDGE('',*,*,#11178,.T.);
#11178 = EDGE_CURVE('',#6978,#6904,#11179,.T.);
#11179 = SURFACE_CURVE('',#11180,(#11185,#11196),.PCURVE_S1.);
#11180 = CIRCLE('',#11181,58.);
#11181 = AXIS2_PLACEMENT_3D('',#11182,#11183,#11184);
#11182 = CARTESIAN_POINT('',(134.5,0.,0.));
#11183 = DIRECTION('',(-1.,-0.,0.));
#11184 = DIRECTION('',(0.,-0.491832821572,-0.870689655172));
#11185 = PCURVE('',#6918,#11186);
#11186 = DEFINITIONAL_REPRESENTATION('',(#11187),#11195);
#11187 = ( BOUNDED_CURVE() B_SPLINE_CURVE(2,(#11188,#11189,#11190,#11191
    ,#11192,#11193,#11194),.UNSPECIFIED.,.T.,.F.) 
B_SPLINE_CURVE_WITH_KNOTS((1,2,2,2,2,1),(-2.094395102393,0.,
    2.094395102393,4.188790204786,6.28318530718,8.377580409573),
.UNSPECIFIED.) CURVE() GEOMETRIC_REPRESENTATION_ITEM() 
RATIONAL_B_SPLINE_CURVE((1.,0.5,1.,0.5,1.,0.5,1.)) REPRESENTATION_ITEM(
  '') );
#11188 = CARTESIAN_POINT('',(11.5,-35.4736963488));
#11189 = CARTESIAN_POINT('',(60.909007276002,51.99486943342));
#11190 = CARTESIAN_POINT('',(111.954503638,-34.52886893448));
#11191 = CARTESIAN_POINT('',(163.,-121.0526073023));
#11192 = CARTESIAN_POINT('',(62.545496361999,-121.9974347167));
#11193 = CARTESIAN_POINT('',(-37.909007276,-122.942262131));
#11194 = CARTESIAN_POINT('',(11.5,-35.4736963488));
#11195 = ( GEOMETRIC_REPRESENTATION_CONTEXT(2) 
PARAMETRIC_REPRESENTATION_CONTEXT() REPRESENTATION_CONTEXT('2D SPACE',''
  ) );
#11196 = PCURVE('',#6944,#11197);
#11197 = DEFINITIONAL_REPRESENTATION('',(#11198),#11202);
#11198 = LINE('',#11199,#11200);
#11199 = CARTESIAN_POINT('',(-10.48138076031,-2.5));
#11200 = VECTOR('',#11201,1.);
#11201 = DIRECTION('',(1.,-0.));
#11202 = ( GEOMETRIC_REPRESENTATION_CONTEXT(2) 
PARAMETRIC_REPRESENTATION_CONTEXT() REPRESENTATION_CONTEXT('2D SPACE',''
  ) );
#11203 = ORIENTED_EDGE('',*,*,#6903,.T.);
#11204 = ORIENTED_EDGE('',*,*,#11205,.T.);
#11205 = EDGE_CURVE('',#6878,#11206,#11208,.T.);
#11206 = VERTEX_POINT('',#11207);
#11207 = CARTESIAN_POINT('',(134.5,64.,62.));
#11208 = SURFACE_CURVE('',#11209,(#11213,#11220),.PCURVE_S1.);
#11209 = LINE('',#11210,#11211);
#11210 = CARTESIAN_POINT('',(134.5,64.,-62.));
#11211 = VECTOR('',#11212,1.);
#11212 = DIRECTION('',(0.,0.,1.));
#11213 = PCURVE('',#6918,#11214);
#11214 = DEFINITIONAL_REPRESENTATION('',(#11215),#11219);
#11215 = LINE('',#11216,#11217);
#11216 = CARTESIAN_POINT('',(0.,-128.));
#11217 = VECTOR('',#11218,1.);
#11218 = DIRECTION('',(1.,0.));
#11219 = ( GEOMETRIC_REPRESENTATION_CONTEXT(2) 
PARAMETRIC_REPRESENTATION_CONTEXT() REPRESENTATION_CONTEXT('2D SPACE',''
  ) );
#11220 = PCURVE('',#6892,#11221);
#11221 = DEFINITIONAL_REPRESENTATION('',(#11222),#11226);
#11222 = LINE('',#11223,#11224);
#11223 = CARTESIAN_POINT('',(0.,1.5));
#11224 = VECTOR('',#11225,1.);
#11225 = DIRECTION('',(1.,0.));
#11226 = ( GEOMETRIC_REPRESENTATION_CONTEXT(2) 
PARAMETRIC_REPRESENTATION_CONTEXT() REPRESENTATION_CONTEXT('2D SPACE',''
  ) );
#11227 = ORIENTED_EDGE('',*,*,#11228,.F.);
#11228 = EDGE_CURVE('',#11128,#11206,#11229,.T.);
#11229 = SURFACE_CURVE('',#11230,(#11234,#11241),.PCURVE_S1.);
#11230 = LINE('',#11231,#11232);
#11231 = CARTESIAN_POINT('',(134.5,-64.,62.));
#11232 = VECTOR('',#11233,1.);
#11233 = DIRECTION('',(0.,1.,0.));
#11234 = PCURVE('',#6918,#11235);
#11235 = DEFINITIONAL_REPRESENTATION('',(#11236),#11240);
#11236 = LINE('',#11237,#11238);
#11237 = CARTESIAN_POINT('',(124.,0.));
#11238 = VECTOR('',#11239,1.);
#11239 = DIRECTION('',(0.,-1.));
#11240 = ( GEOMETRIC_REPRESENTATION_CONTEXT(2) 
PARAMETRIC_REPRESENTATION_CONTEXT() REPRESENTATION_CONTEXT('2D SPACE',''
  ) );
#11241 = PCURVE('',#9485,#11242);
#11242 = DEFINITIONAL_REPRESENTATION('',(#11243),#11247);
#11243 = LINE('',#11244,#11245);
#11244 = CARTESIAN_POINT('',(1.5,0.));
#11245 = VECTOR('',#11246,1.);
#11246 = DIRECTION('',(0.,1.));
#11247 = ( GEOMETRIC_REPRESENTATION_CONTEXT(2) 
PARAMETRIC_REPRESENTATION_CONTEXT() REPRESENTATION_CONTEXT('2D SPACE',''
  ) );
#11248 = ADVANCED_FACE('',(#11249),#6944,.F.);
#11249 = FACE_BOUND('',#11250,.T.);
#11250 = EDGE_LOOP('',(#11251,#11252,#11253,#11254));
#11251 = ORIENTED_EDGE('',*,*,#9676,.F.);
#11252 = ORIENTED_EDGE('',*,*,#6929,.F.);
#11253 = ORIENTED_EDGE('',*,*,#11178,.F.);
#11254 = ORIENTED_EDGE('',*,*,#6977,.T.);
#11255 = ADVANCED_FACE('',(#11256),#6892,.T.);
#11256 = FACE_BOUND('',#11257,.T.);
#11257 = EDGE_LOOP('',(#11258,#11259,#11260,#11261));
#11258 = ORIENTED_EDGE('',*,*,#11205,.F.);
#11259 = ORIENTED_EDGE('',*,*,#6877,.T.);
#11260 = ORIENTED_EDGE('',*,*,#9446,.T.);
#11261 = ORIENTED_EDGE('',*,*,#11262,.T.);
#11262 = EDGE_CURVE('',#9447,#11206,#11263,.T.);
#11263 = SURFACE_CURVE('',#11264,(#11268,#11275),.PCURVE_S1.);
#11264 = LINE('',#11265,#11266);
#11265 = CARTESIAN_POINT('',(133.,64.,62.));
#11266 = VECTOR('',#11267,1.);
#11267 = DIRECTION('',(1.,0.,0.));
#11268 = PCURVE('',#6892,#11269);
#11269 = DEFINITIONAL_REPRESENTATION('',(#11270),#11274);
#11270 = LINE('',#11271,#11272);
#11271 = CARTESIAN_POINT('',(124.,0.));
#11272 = VECTOR('',#11273,1.);
#11273 = DIRECTION('',(0.,1.));
#11274 = ( GEOMETRIC_REPRESENTATION_CONTEXT(2) 
PARAMETRIC_REPRESENTATION_CONTEXT() REPRESENTATION_CONTEXT('2D SPACE',''
  ) );
#11275 = PCURVE('',#9485,#11276);
#11276 = DEFINITIONAL_REPRESENTATION('',(#11277),#11281);
#11277 = LINE('',#11278,#11279);
#11278 = CARTESIAN_POINT('',(0.,128.));
#11279 = VECTOR('',#11280,1.);
#11280 = DIRECTION('',(1.,0.));
#11281 = ( GEOMETRIC_REPRESENTATION_CONTEXT(2) 
PARAMETRIC_REPRESENTATION_CONTEXT() REPRESENTATION_CONTEXT('2D SPACE',''
  ) );
#11282 = ADVANCED_FACE('',(#11283),#9348,.T.);
#11283 = FACE_BOUND('',#11284,.F.);
#11284 = EDGE_LOOP('',(#11285,#11308,#11335,#11336));
#11285 = ORIENTED_EDGE('',*,*,#11286,.T.);
#11286 = EDGE_CURVE('',#9332,#11287,#11289,.T.);
#11287 = VERTEX_POINT('',#11288);
#11288 = CARTESIAN_POINT('',(151.16,-78.65,-41.6));
#11289 = SEAM_CURVE('',#11290,(#11294,#11301),.PCURVE_S1.);
#11290 = LINE('',#11291,#11292);
#11291 = CARTESIAN_POINT('',(151.16,-78.65,-50.5));
#11292 = VECTOR('',#11293,1.);
#11293 = DIRECTION('',(0.,0.,1.));
#11294 = PCURVE('',#9348,#11295);
#11295 = DEFINITIONAL_REPRESENTATION('',(#11296),#11300);
#11296 = LINE('',#11297,#11298);
#11297 = CARTESIAN_POINT('',(-0.,0.));
#11298 = VECTOR('',#11299,1.);
#11299 = DIRECTION('',(-0.,-1.));
#11300 = ( GEOMETRIC_REPRESENTATION_CONTEXT(2) 
PARAMETRIC_REPRESENTATION_CONTEXT() REPRESENTATION_CONTEXT('2D SPACE',''
  ) );
#11301 = PCURVE('',#9348,#11302);
#11302 = DEFINITIONAL_REPRESENTATION('',(#11303),#11307);
#11303 = LINE('',#11304,#11305);
#11304 = CARTESIAN_POINT('',(-6.28318530718,0.));
#11305 = VECTOR('',#11306,1.);
#11306 = DIRECTION('',(-0.,-1.));
#11307 = ( GEOMETRIC_REPRESENTATION_CONTEXT(2) 
PARAMETRIC_REPRESENTATION_CONTEXT() REPRESENTATION_CONTEXT('2D SPACE',''
  ) );
#11308 = ORIENTED_EDGE('',*,*,#11309,.T.);
#11309 = EDGE_CURVE('',#11287,#11287,#11310,.T.);
#11310 = SURFACE_CURVE('',#11311,(#11316,#11323),.PCURVE_S1.);
#11311 = CIRCLE('',#11312,3.);
#11312 = AXIS2_PLACEMENT_3D('',#11313,#11314,#11315);
#11313 = CARTESIAN_POINT('',(148.16,-78.65,-41.6));
#11314 = DIRECTION('',(0.,0.,1.));
#11315 = DIRECTION('',(1.,0.,0.));
#11316 = PCURVE('',#9348,#11317);
#11317 = DEFINITIONAL_REPRESENTATION('',(#11318),#11322);
#11318 = LINE('',#11319,#11320);
#11319 = CARTESIAN_POINT('',(-0.,-8.9));
#11320 = VECTOR('',#11321,1.);
#11321 = DIRECTION('',(-1.,0.));
#11322 = ( GEOMETRIC_REPRESENTATION_CONTEXT(2) 
PARAMETRIC_REPRESENTATION_CONTEXT() REPRESENTATION_CONTEXT('2D SPACE',''
  ) );
#11323 = PCURVE('',#11324,#11329);
#11324 = PLANE('',#11325);
#11325 = AXIS2_PLACEMENT_3D('',#11326,#11327,#11328);
#11326 = CARTESIAN_POINT('',(148.16,-78.65,-41.6));
#11327 = DIRECTION('',(0.,0.,1.));
#11328 = DIRECTION('',(1.,0.,-0.));
#11329 = DEFINITIONAL_REPRESENTATION('',(#11330),#11334);
#11330 = CIRCLE('',#11331,3.);
#11331 = AXIS2_PLACEMENT_2D('',#11332,#11333);
#11332 = CARTESIAN_POINT('',(0.,0.));
#11333 = DIRECTION('',(1.,0.));
#11334 = ( GEOMETRIC_REPRESENTATION_CONTEXT(2) 
PARAMETRIC_REPRESENTATION_CONTEXT() REPRESENTATION_CONTEXT('2D SPACE',''
  ) );
#11335 = ORIENTED_EDGE('',*,*,#11286,.F.);
#11336 = ORIENTED_EDGE('',*,*,#9331,.F.);
#11337 = ADVANCED_FACE('',(#11338),#9379,.T.);
#11338 = FACE_BOUND('',#11339,.F.);
#11339 = EDGE_LOOP('',(#11340,#11363,#11390,#11391));
#11340 = ORIENTED_EDGE('',*,*,#11341,.T.);
#11341 = EDGE_CURVE('',#9363,#11342,#11344,.T.);
#11342 = VERTEX_POINT('',#11343);
#11343 = CARTESIAN_POINT('',(151.16,78.83,-41.6));
#11344 = SEAM_CURVE('',#11345,(#11349,#11356),.PCURVE_S1.);
#11345 = LINE('',#11346,#11347);
#11346 = CARTESIAN_POINT('',(151.16,78.83,-50.5));
#11347 = VECTOR('',#11348,1.);
#11348 = DIRECTION('',(0.,0.,1.));
#11349 = PCURVE('',#9379,#11350);
#11350 = DEFINITIONAL_REPRESENTATION('',(#11351),#11355);
#11351 = LINE('',#11352,#11353);
#11352 = CARTESIAN_POINT('',(-0.,0.));
#11353 = VECTOR('',#11354,1.);
#11354 = DIRECTION('',(-0.,-1.));
#11355 = ( GEOMETRIC_REPRESENTATION_CONTEXT(2) 
PARAMETRIC_REPRESENTATION_CONTEXT() REPRESENTATION_CONTEXT('2D SPACE',''
  ) );
#11356 = PCURVE('',#9379,#11357);
#11357 = DEFINITIONAL_REPRESENTATION('',(#11358),#11362);
#11358 = LINE('',#11359,#11360);
#11359 = CARTESIAN_POINT('',(-6.28318530718,0.));
#11360 = VECTOR('',#11361,1.);
#11361 = DIRECTION('',(-0.,-1.));
#11362 = ( GEOMETRIC_REPRESENTATION_CONTEXT(2) 
PARAMETRIC_REPRESENTATION_CONTEXT() REPRESENTATION_CONTEXT('2D SPACE',''
  ) );
#11363 = ORIENTED_EDGE('',*,*,#11364,.T.);
#11364 = EDGE_CURVE('',#11342,#11342,#11365,.T.);
#11365 = SURFACE_CURVE('',#11366,(#11371,#11378),.PCURVE_S1.);
#11366 = CIRCLE('',#11367,3.);
#11367 = AXIS2_PLACEMENT_3D('',#11368,#11369,#11370);
#11368 = CARTESIAN_POINT('',(148.16,78.83,-41.6));
#11369 = DIRECTION('',(0.,0.,1.));
#11370 = DIRECTION('',(1.,0.,0.));
#11371 = PCURVE('',#9379,#11372);
#11372 = DEFINITIONAL_REPRESENTATION('',(#11373),#11377);
#11373 = LINE('',#11374,#11375);
#11374 = CARTESIAN_POINT('',(-0.,-8.9));
#11375 = VECTOR('',#11376,1.);
#11376 = DIRECTION('',(-1.,0.));
#11377 = ( GEOMETRIC_REPRESENTATION_CONTEXT(2) 
PARAMETRIC_REPRESENTATION_CONTEXT() REPRESENTATION_CONTEXT('2D SPACE',''
  ) );
#11378 = PCURVE('',#11379,#11384);
#11379 = PLANE('',#11380);
#11380 = AXIS2_PLACEMENT_3D('',#11381,#11382,#11383);
#11381 = CARTESIAN_POINT('',(148.16,78.83,-41.6));
#11382 = DIRECTION('',(0.,0.,1.));
#11383 = DIRECTION('',(1.,0.,-0.));
#11384 = DEFINITIONAL_REPRESENTATION('',(#11385),#11389);
#11385 = CIRCLE('',#11386,3.);
#11386 = AXIS2_PLACEMENT_2D('',#11387,#11388);
#11387 = CARTESIAN_POINT('',(0.,0.));
#11388 = DIRECTION('',(1.,0.));
#11389 = ( GEOMETRIC_REPRESENTATION_CONTEXT(2) 
PARAMETRIC_REPRESENTATION_CONTEXT() REPRESENTATION_CONTEXT('2D SPACE',''
  ) );
#11390 = ORIENTED_EDGE('',*,*,#11341,.F.);
#11391 = ORIENTED_EDGE('',*,*,#9362,.F.);
#11392 = ADVANCED_FACE('',(#11393),#9485,.T.);
#11393 = FACE_BOUND('',#11394,.T.);
#11394 = EDGE_LOOP('',(#11395,#11396,#11397,#11398));
#11395 = ORIENTED_EDGE('',*,*,#9469,.F.);
#11396 = ORIENTED_EDGE('',*,*,#11152,.T.);
#11397 = ORIENTED_EDGE('',*,*,#11228,.T.);
#11398 = ORIENTED_EDGE('',*,*,#11262,.F.);
#11399 = ADVANCED_FACE('',(#11400),#9640,.F.);
#11400 = FACE_BOUND('',#11401,.F.);
#11401 = EDGE_LOOP('',(#11402,#11403,#11404,#11405));
#11402 = ORIENTED_EDGE('',*,*,#9624,.F.);
#11403 = ORIENTED_EDGE('',*,*,#10856,.T.);
#11404 = ORIENTED_EDGE('',*,*,#10883,.T.);
#11405 = ORIENTED_EDGE('',*,*,#10966,.F.);
#11406 = ADVANCED_FACE('',(#11407),#10462,.F.);
#11407 = FACE_BOUND('',#11408,.F.);
#11408 = EDGE_LOOP('',(#11409,#11410));
#11409 = ORIENTED_EDGE('',*,*,#9736,.F.);
#11410 = ORIENTED_EDGE('',*,*,#11102,.T.);
#11411 = ADVANCED_FACE('',(#11412),#11031,.T.);
#11412 = FACE_BOUND('',#11413,.T.);
#11413 = EDGE_LOOP('',(#11414));
#11414 = ORIENTED_EDGE('',*,*,#11016,.T.);
#11415 = ADVANCED_FACE('',(#11416),#11088,.T.);
#11416 = FACE_BOUND('',#11417,.T.);
#11417 = EDGE_LOOP('',(#11418));
#11418 = ORIENTED_EDGE('',*,*,#11073,.T.);
#11419 = ADVANCED_FACE('',(#11420),#11324,.T.);
#11420 = FACE_BOUND('',#11421,.T.);
#11421 = EDGE_LOOP('',(#11422));
#11422 = ORIENTED_EDGE('',*,*,#11309,.T.);
#11423 = ADVANCED_FACE('',(#11424),#11379,.T.);
#11424 = FACE_BOUND('',#11425,.T.);
#11425 = EDGE_LOOP('',(#11426));
#11426 = ORIENTED_EDGE('',*,*,#11364,.T.);
#11427 = ( GEOMETRIC_REPRESENTATION_CONTEXT(3) 
GLOBAL_UNCERTAINTY_ASSIGNED_CONTEXT((#11431)) 
GLOBAL_UNIT_ASSIGNED_CONTEXT((#11428,#11429,#11430)) 
REPRESENTATION_CONTEXT('Context #1',
  '3D Context with UNIT and UNCERTAINTY') );
#11428 = ( LENGTH_UNIT() NAMED_UNIT(*) SI_UNIT(.MILLI.,.METRE.) );
#11429 = ( NAMED_UNIT(*) PLANE_ANGLE_UNIT() SI_UNIT($,.RADIAN.) );
#11430 = ( NAMED_UNIT(*) SI_UNIT($,.STERADIAN.) SOLID_ANGLE_UNIT() );
#11431 = UNCERTAINTY_MEASURE_WITH_UNIT(LENGTH_MEASURE(1.E-06),#11428,
  'distance_accuracy_value','confusion accuracy');
#11432 = PRODUCT_RELATED_PRODUCT_CATEGORY('part',$,(#7));
ENDSEC;
END-ISO-10303-21;
